it,rel_l1err,rc,rt_solve,rt_log,rel_l1err_ualoop,rel_l1err_u_ualoop
0,0.6919645071029663,0.3930838704109192,1.6664400100708008,1.5132076740264893,0.7137122750282288,0.6613053679466248
1,0.436868816614151,,2.0563340187072754,1.5908379554748535,,
2,1.1724973917007446,,2.445329427719116,1.6684284210205078,,
3,0.8213872909545898,,2.833496570587158,1.7460317611694336,,
4,0.8272159099578857,,3.2243850231170654,1.8236563205718994,,
5,0.45339974761009216,,3.6131784915924072,1.9013190269470215,,
6,0.939521312713623,,3.9932920932769775,1.9788949489593506,,
7,0.5243934988975525,,4.383134365081787,2.0564653873443604,,
8,0.8458921313285828,,4.771178722381592,2.1340203285217285,,
9,0.7843684554100037,,5.161296606063843,2.2115836143493652,,
10,0.9872926473617554,,5.5509302616119385,2.289355993270874,,
11,1.460736870765686,,5.938997507095337,2.366950511932373,,
12,0.8536944389343262,,6.319315671920776,2.4445462226867676,,
13,0.8868126273155212,,6.707198143005371,2.5221614837646484,,
14,0.6822625994682312,,7.095677137374878,2.5997185707092285,,
15,0.82965487241745,,7.483149290084839,2.6772873401641846,,
16,1.0070521831512451,,7.870967388153076,2.7548444271087646,,
17,1.2364604473114014,,8.26045823097229,2.832434892654419,,
18,0.727658748626709,,8.640224695205688,2.90998911857605,,
19,0.8509714007377625,,9.029115200042725,2.9875478744506836,,
20,0.8666617274284363,,9.424545049667358,3.065077304840088,,
21,1.0673363208770752,,9.804960012435913,3.1426851749420166,,
22,1.0022493600845337,,10.193284749984741,3.2202534675598145,,
23,0.7705302238464355,,10.573466300964355,3.297773838043213,,
24,0.935692548751831,,10.954525232315063,3.3753037452697754,,
25,0.6428461670875549,,11.335317373275757,3.4528446197509766,,
26,0.6352019309997559,,11.72358751296997,3.53041410446167,,
27,0.9657137989997864,,12.11235785484314,3.6079561710357666,,
28,0.8614746928215027,,12.49375581741333,3.685725450515747,,
29,0.9140505790710449,,12.880807399749756,3.7632548809051514,,
30,1.0003429651260376,,13.260918378829956,3.8407938480377197,,
31,0.7721195220947266,,13.648574829101562,3.918311357498169,,
32,0.7249806523323059,,14.029366970062256,3.9958243370056152,,
33,0.7786127328872681,,14.410289764404297,4.073395729064941,,
34,1.1796852350234985,,14.79869294166565,4.150925159454346,,
35,1.0359177589416504,,15.184968709945679,4.228464603424072,,
36,0.783379852771759,,15.573517084121704,4.306006908416748,,
37,0.8725564479827881,,15.954342126846313,4.383562803268433,,
38,0.9016063809394836,,16.3432514667511,4.461077928543091,,
39,1.0123332738876343,,16.72338056564331,4.538609743118286,,
40,1.0465482473373413,,17.10416269302368,4.616102933883667,,
41,0.7196384072303772,,17.48430585861206,4.693586111068726,,
42,0.9233515858650208,,17.8719584941864,4.7711358070373535,,
43,1.0246102809906006,,18.252644062042236,4.8486487865448,,
44,1.1246743202209473,,18.643996953964233,4.926181077957153,,
45,0.9698035717010498,,19.024494886398315,5.003729581832886,,
46,0.9634845852851868,,19.405328035354614,5.0812554359436035,,
47,1.1371580362319946,,19.793453693389893,5.158749103546143,,
48,0.992764949798584,,20.173870086669922,5.2362306118011475,,
49,0.9390477538108826,,20.554733514785767,5.313748359680176,,
50,1.2053635120391846,,21.02877378463745,5.3913373947143555,,
51,1.1468830108642578,,21.50238037109375,5.468928098678589,,
52,1.0456045866012573,,21.890822887420654,5.54652738571167,,
53,1.0700833797454834,,22.509509325027466,5.624061584472656,,
54,1.0902236700057983,,22.891246795654297,5.701655864715576,,
55,0.9922301769256592,,23.27287006378174,5.7792510986328125,,
56,0.8486112952232361,,23.653550624847412,5.856830835342407,,
57,0.4731074273586273,,24.034603595733643,5.934422969818115,,
58,1.2025889158248901,,24.416207551956177,6.011998176574707,,
59,1.2777891159057617,,24.79688787460327,6.089577913284302,,
60,1.342666745185852,,25.185201406478882,6.167168617248535,,
61,1.4409708976745605,,25.573652505874634,6.2447450160980225,,
62,0.9973047375679016,,25.953935861587524,6.322275161743164,,
63,1.031630516052246,,26.336323022842407,6.399918556213379,,
64,0.9800878167152405,,26.71792769432068,6.4775519371032715,,
65,0.9904698133468628,,27.09842300415039,6.555176258087158,,
66,0.6656004190444946,,27.479121446609497,6.632727861404419,,
67,0.7718849182128906,,27.86827278137207,6.710283041000366,,
68,0.9631357789039612,,28.24912118911743,6.787846565246582,,
69,0.9432774186134338,,28.630080461502075,6.86544394493103,,
70,1.3345972299575806,,29.01118803024292,6.942962408065796,,
71,1.2049462795257568,,29.391940355300903,7.0205395221710205,,
72,1.1696720123291016,,29.772711038589478,7.098137617111206,,
73,1.0509308576583862,,30.154066801071167,7.175675630569458,,
74,1.0602736473083496,,30.543473482131958,7.253193616867065,,
75,0.9049829244613647,,30.924198865890503,7.330806493759155,,
76,0.8563015460968018,,31.305169582366943,7.408377170562744,,
77,0.7235670685768127,,31.685863494873047,7.485915184020996,,
78,0.679164469242096,,32.066547870635986,7.5634377002716064,,
79,1.1209328174591064,,32.44787573814392,7.640985012054443,,
80,1.1370201110839844,,32.82856225967407,7.71851658821106,,
81,1.4940025806427002,,33.20956087112427,7.796112775802612,,
82,1.0012304782867432,,33.591026306152344,7.87368106842041,,
83,1.238630771636963,,33.971659898757935,7.95122504234314,,
84,1.180396318435669,,34.35260272026062,8.028797388076782,,
85,1.197219729423523,,34.73391509056091,8.106401205062866,,
86,1.0728563070297241,,35.114558935165405,8.18396258354187,,
87,1.0848767757415771,,35.49605345726013,8.26148796081543,,
88,1.338853120803833,,35.87737202644348,8.339071035385132,,
89,1.2640297412872314,,36.25844430923462,8.416649580001831,,
90,1.4098032712936401,,36.63927602767944,8.494262456893921,,
91,1.416537880897522,,37.02067852020264,8.571985960006714,,
92,1.6505600214004517,,37.402668476104736,8.649489164352417,,
93,0.9045279622077942,,37.78351426124573,8.727077722549438,,
94,0.9435285925865173,,38.16543126106262,8.804686069488525,,
95,0.9773153066635132,,38.54627323150635,8.882261753082275,,
96,1.084816813468933,,38.92706561088562,8.95985198020935,,
97,1.1953233480453491,,39.30859184265137,9.0374116897583,,
98,1.250783920288086,,39.68966245651245,9.11499309539795,,
99,1.3999475240707397,,40.07054948806763,9.192561626434326,,
100,0.7824240922927856,,40.45194387435913,9.27013611793518,,
101,0.9111190438270569,,40.83292245864868,9.3477303981781,,
102,0.9015743732452393,,41.214319467544556,9.425302505493164,,
103,0.999079167842865,,41.59555387496948,9.50286078453064,,
104,0.9758430123329163,,41.976624965667725,9.580452919006348,,
105,1.2763102054595947,,42.357261657714844,9.658041954040527,,
106,1.4109019041061401,,42.967106342315674,9.735645532608032,,
107,0.6801941394805908,,43.35546684265137,9.81324028968811,,
108,0.7926925420761108,,43.744669914245605,9.89079475402832,,
109,0.908162534236908,,44.12564468383789,9.96835708618164,,
110,0.8560604453086853,,44.51640725135803,10.045920610427856,,
111,0.6937441229820251,,44.89869928359985,10.123517751693726,,
112,0.4716567099094391,,45.27964472770691,10.20111083984375,,
113,1.2717689275741577,,45.66774916648865,10.278677463531494,,
114,1.3297451734542847,,46.05097842216492,10.356284141540527,,
115,0.666888952255249,,46.43270206451416,10.433929681777954,,
116,1.4286950826644897,,46.81362056732178,10.511461973190308,,
117,1.4056785106658936,,47.195204734802246,10.589117050170898,,
118,0.7217591404914856,,47.57631039619446,10.666707992553711,,
119,1.3632969856262207,,47.95795297622681,10.744246244430542,,
120,1.1846765279769897,,48.33964920043945,10.821800231933594,,
121,1.3151158094406128,,48.72056245803833,10.899383306503296,,
122,1.4087061882019043,,49.10181951522827,10.976964235305786,,
123,0.3345048129558563,,49.48320817947388,11.054539203643799,,
124,0.7334975600242615,,49.864259481430054,11.132195234298706,,
125,0.9166129231452942,,50.2524950504303,11.209778785705566,,
126,1.137202262878418,,50.636226177215576,11.287356615066528,,
127,0.7930291891098022,,51.01746678352356,11.364901304244995,,
128,0.8496885895729065,,51.40492868423462,11.442478656768799,,
129,1.132103443145752,,51.7865526676178,11.520023345947266,,
130,1.4030003547668457,,52.16771054267883,11.597591161727905,,
131,1.1487188339233398,,52.548288106918335,11.675172090530396,,
132,1.1793317794799805,,52.93758153915405,11.75271463394165,,
133,1.192978858947754,,53.31861472129822,11.830348491668701,,
134,1.2691365480422974,,53.69957208633423,11.907878398895264,,
135,0.44011637568473816,,54.08132767677307,11.985426664352417,,
136,0.9606663584709167,,54.46246385574341,12.063010692596436,,
137,1.0348976850509644,,54.84372639656067,12.140490531921387,,
138,1.1586929559707642,,55.22533559799194,12.218022108078003,,
139,1.3957796096801758,,55.60626173019409,12.29563045501709,,
140,0.7444654703140259,,55.98708963394165,12.373175144195557,,
141,0.7561151385307312,,56.369168281555176,12.450757265090942,,
142,0.4265400171279907,,56.750486850738525,12.528419494628906,,
143,0.796183705329895,,57.13181018829346,12.60598611831665,,
144,1.1118009090423584,,57.51371216773987,12.683572769165039,,
145,0.3899637758731842,,57.89480996131897,12.76109790802002,,
146,0.7360641956329346,,58.27652907371521,12.838618755340576,,
147,0.45274317264556885,,58.657785177230835,12.916203737258911,,
148,0.24542182683944702,,59.04544377326965,12.993779420852661,,
149,1.3088401556015015,,59.42612290382385,13.071293830871582,,
150,0.5209554433822632,,59.809303283691406,13.148828983306885,,
151,0.44091102480888367,,60.19013452529907,13.226359367370605,,
152,0.7221400141716003,,60.571133852005005,13.303894996643066,,
153,0.4428938925266266,,60.959736585617065,13.381431341171265,,
154,0.6792582869529724,,61.340293407440186,13.458947658538818,,
155,0.25210410356521606,,61.72138237953186,13.536604166030884,,
156,1.0703405141830444,,62.10298991203308,13.614107370376587,,
157,1.112763524055481,,62.49192547798157,13.691632509231567,,
158,1.35845148563385,,62.872562408447266,13.769096374511719,,
159,1.6266840696334839,,63.481666803359985,13.846574544906616,,
160,1.5885376930236816,,63.862080335617065,13.924017190933228,,
161,0.7422956824302673,,64.24318814277649,14.001484870910645,,
162,0.7186575531959534,,64.62364864349365,14.079098463058472,,
163,0.5482698082923889,,65.00407552719116,14.156543016433716,,
164,0.5436420440673828,,65.38501596450806,14.233997821807861,,
165,0.6046519875526428,,65.76532411575317,14.311461687088013,,
166,0.541654646396637,,66.14627647399902,14.388911247253418,,
167,0.24909259378910065,,66.52708673477173,14.466383457183838,,
168,0.6341917514801025,,66.90756797790527,14.54383897781372,,
169,0.8834720849990845,,67.28792452812195,14.62126111984253,,
170,1.0172754526138306,,67.66890168190002,14.69872784614563,,
171,0.9382553100585938,,68.04912066459656,14.776164054870605,,
172,0.526200532913208,,68.4298038482666,14.853697538375854,,
173,0.2387249767780304,,68.81076884269714,14.931177139282227,,
174,0.8361159563064575,,69.1908597946167,15.008679151535034,,
175,0.5487002730369568,,69.57124972343445,15.086163520812988,,
176,0.3764471411705017,,69.95348811149597,15.16362476348877,,
177,1.112388014793396,,70.33414697647095,15.241105556488037,,
178,1.3226646184921265,,70.71457386016846,15.318585634231567,,
179,1.444840669631958,,71.09559082984924,15.396026611328125,,
180,1.1028718948364258,,71.47614192962646,15.473496198654175,,
181,1.3882906436920166,,71.85665607452393,15.55097222328186,,
182,0.5105770230293274,,72.23761630058289,15.628466367721558,,
183,0.7187760472297668,,72.6181869506836,15.705931901931763,,
184,0.3333345055580139,,72.99874520301819,15.783399820327759,,
185,0.22821539640426636,,73.3798577785492,15.860895156860352,,
186,0.6451224684715271,,73.76049613952637,15.938363313674927,,
187,1.3018214702606201,,74.14112949371338,16.015812873840332,,
188,0.18421012163162231,,74.52206778526306,16.093287229537964,,
189,0.9141964912414551,,74.90238380432129,16.170791149139404,,
190,0.7993385195732117,,75.28269863128662,16.248252391815186,,
191,0.9679805040359497,,75.66353058815002,16.325777292251587,,
192,1.4542930126190186,,76.04401874542236,16.403205394744873,,
193,0.4480361342430115,,76.42420268058777,16.480642557144165,,
194,0.5724967122077942,,76.80499196052551,16.558070182800293,,
195,0.7881435751914978,,77.19329357147217,16.63547992706299,,
196,0.8286858201026917,,77.5737099647522,16.71294355392456,,
197,1.2790274620056152,,77.95484447479248,16.79035258293152,,
198,0.5293629765510559,,78.33496975898743,16.86776041984558,,
199,0.5506064295768738,,78.72279191017151,16.945205688476562,,
200,0.31361183524131775,,79.10364365577698,17.022642374038696,,
201,0.4759831428527832,,79.48389148712158,17.100082635879517,,
202,0.6226009130477905,,79.86425805091858,17.177493810653687,,
203,0.5229750871658325,,80.24515271186829,17.25494122505188,,
204,1.510903000831604,,80.62563371658325,17.332409858703613,,
205,0.7305144667625427,,81.00637936592102,17.409892559051514,,
206,0.5283008813858032,,81.38750839233398,17.48733353614807,,
207,0.19331598281860352,,81.76804971694946,17.564840078353882,,
208,0.6226085424423218,,82.14868021011353,17.64231252670288,,
209,0.559455156326294,,82.52990555763245,17.719785928726196,,
210,0.2670012414455414,,82.91050624847412,17.797213077545166,,
211,0.21858952939510345,,83.29148983955383,17.874714612960815,,
212,0.5684229135513306,,83.9005982875824,17.952173233032227,,
213,0.4203603267669678,,84.28128719329834,18.029669523239136,,
214,0.3646671175956726,,84.66251111030579,18.107065677642822,,
215,0.19942839443683624,,85.04298543930054,18.184505701065063,,
216,0.183012455701828,,85.42347884178162,18.261964797973633,,
217,0.45995450019836426,,85.80488538742065,18.339452266693115,,
218,0.3818745017051697,,86.1854338645935,18.416898488998413,,
219,0.19089020788669586,,86.5659294128418,18.494442224502563,,
220,0.49246811866760254,,86.9473524093628,18.57193422317505,,
221,0.7093125581741333,,87.32795095443726,18.649401426315308,,
222,0.9828692674636841,,87.7085874080658,18.726852655410767,,
223,0.8667868971824646,,88.08977341651917,18.804322242736816,,
224,1.186396598815918,,88.47075247764587,18.88176465034485,,
225,1.2415478229522705,,88.85124707221985,18.95923686027527,,
226,0.4397702217102051,,89.23223114013672,19.036664247512817,,
227,0.9356688261032104,,89.61287760734558,19.11413025856018,,
228,0.9779776930809021,,89.99338603019714,19.191562175750732,,
229,1.121907353401184,,90.37458872795105,19.26901125907898,,
230,1.1814873218536377,,90.75600671768188,19.346468448638916,,
231,0.9710811376571655,,91.13664269447327,19.423895120620728,,
232,0.8838223814964294,,91.51762747764587,19.50134253501892,,
233,0.8497955203056335,,91.89817523956299,19.578803539276123,,
234,1.131123423576355,,92.27983474731445,19.65622353553772,,
235,0.25635114312171936,,92.66043424606323,19.733635187149048,,
236,0.17905552685260773,,93.04076647758484,19.81102728843689,,
237,0.361684650182724,,93.4209086894989,19.88847327232361,,
238,0.35025110840797424,,93.80180382728577,19.965906381607056,,
239,0.45039239525794983,,94.18249559402466,20.04346752166748,,
240,0.32626715302467346,,94.56268978118896,20.120895862579346,,
241,0.33223238587379456,,94.9429247379303,20.19830584526062,,
242,0.2062162458896637,,95.32339072227478,20.275784730911255,,
243,0.1579008251428604,,95.70369553565979,20.35321307182312,,
244,0.8884996771812439,,96.08466148376465,20.430670738220215,,
245,0.49425050616264343,,96.46546959877014,20.508137702941895,,
246,0.5870406627655029,,96.8463487625122,20.58558988571167,,
247,0.38587039709091187,,97.2274878025055,20.66304898262024,,
248,1.0384100675582886,,97.60779786109924,20.740446090698242,,
249,0.4912443161010742,,97.98821187019348,20.817912340164185,,
250,0.6499143838882446,,98.36901521682739,20.895336866378784,,
251,0.4986535608768463,,98.7495629787445,20.97278070449829,,
252,0.42597496509552,,99.13042378425598,21.05022644996643,,
253,0.30028995871543884,,99.51149725914001,21.127662181854248,,
254,1.370537281036377,,99.8918309211731,21.20508885383606,,
255,0.6679472923278809,,100.27241063117981,21.28257155418396,,
256,0.326914519071579,,100.65403819084167,21.36002516746521,,
257,1.0268754959106445,,101.03497099876404,21.437472105026245,,
258,1.0495295524597168,,101.41557621955872,21.51487636566162,,
259,1.0979806184768677,,101.79646801948547,21.592285633087158,,
260,1.2239644527435303,,102.17728471755981,21.669713497161865,,
261,1.060989260673523,,102.55770778656006,21.747125387191772,,
262,0.920583963394165,,102.9386830329895,21.824592113494873,,
263,0.9641351103782654,,103.31946754455566,21.902052879333496,,
264,1.237483263015747,,103.6998872756958,21.979477405548096,,
265,1.1814813613891602,,104.30923104286194,22.056899785995483,,
266,0.7731164693832397,,104.68969225883484,22.134351015090942,,
267,0.6838874220848083,,105.0806097984314,22.211792707443237,,
268,0.5909795165061951,,105.46144223213196,22.289239406585693,,
269,0.9467332363128662,,105.84196901321411,22.3667094707489,,
270,0.8958783149719238,,106.22298550605774,22.444164276123047,,
271,0.979668378829956,,106.6035304069519,22.52159571647644,,
272,0.9064404368400574,,106.98406910896301,22.599012851715088,,
273,0.8697462677955627,,107.36505365371704,22.676430463790894,,
274,0.8578112125396729,,107.74553966522217,22.753849983215332,,
275,0.8860957622528076,,108.12607431411743,22.83124089241028,,
276,0.7009319067001343,,108.50685453414917,22.908660650253296,,
277,0.490980863571167,,108.88736152648926,22.986058950424194,,
278,0.15163487195968628,,109.26810622215271,23.063418865203857,,
279,0.3605363070964813,,109.64957475662231,23.140873432159424,,
280,0.6002762913703918,,110.0303430557251,23.218319416046143,,
281,0.3095075488090515,,110.41140627861023,23.295734882354736,,
282,0.25495073199272156,,110.7922670841217,23.373151540756226,,
283,0.1571989506483078,,111.1727499961853,23.450584650039673,,
284,0.13413946330547333,,111.5532796382904,23.528027057647705,,
285,0.349613755941391,,111.93417382240295,23.605414867401123,,
286,0.5467004179954529,,112.31428337097168,23.68285369873047,,
287,0.6616311073303223,,112.6946291923523,23.760270833969116,,
288,0.6121731996536255,,113.07549476623535,23.837690591812134,,
289,1.2054065465927124,,113.45601511001587,23.915167093276978,,
290,0.4737262427806854,,113.83645439147949,23.99254298210144,,
291,0.5528192520141602,,114.21732926368713,24.06991219520569,,
292,0.49560490250587463,,114.59779262542725,24.147300958633423,,
293,0.28613558411598206,,114.97844672203064,24.224743127822876,,
294,0.44877299666404724,,115.35897755622864,24.30213475227356,,
295,0.46779707074165344,,115.73929190635681,24.37954831123352,,
296,0.44777199625968933,,116.11955857276917,24.45699167251587,,
297,0.43189358711242676,,116.50042748451233,24.534433364868164,,
298,0.7140005230903625,,116.88070893287659,24.61181879043579,,
299,0.6067669987678528,,117.26108717918396,24.68920922279358,,
300,0.5569543242454529,,117.64209699630737,24.766594886779785,,
301,0.5050688982009888,,118.02243161201477,24.84401559829712,,
302,0.8135124444961548,,118.40343523025513,24.921425342559814,,
303,0.574256420135498,,118.78419327735901,24.998895168304443,,
304,0.44026368856430054,,119.16454648971558,25.076276779174805,,
305,0.5529303550720215,,119.54483246803284,25.153691053390503,,
306,0.5981839299201965,,119.92592883110046,25.231130361557007,,
307,0.528357744216919,,120.3064820766449,25.308531522750854,,
308,0.44024673104286194,,120.68662786483765,25.385947942733765,,
309,0.44950535893440247,,121.06753468513489,25.463404417037964,,
310,0.45170900225639343,,121.44782257080078,25.54082703590393,,
311,0.4989089071750641,,121.83507037162781,25.61824059486389,,
312,0.43005263805389404,,122.21552538871765,25.695664405822754,,
313,0.42268073558807373,,122.5957624912262,25.77307963371277,,
314,0.6321792602539062,,122.97609949111938,25.850513219833374,,
315,0.8175938129425049,,123.35713577270508,25.927929162979126,,
316,0.698033332824707,,123.73744320869446,26.005364179611206,,
317,0.6626733541488647,,124.11779832839966,26.082738161087036,,
318,0.7696207761764526,,124.72638249397278,26.16011381149292,,
319,0.4882623851299286,,125.1068069934845,26.237504959106445,,
320,0.4280042052268982,,125.48759078979492,26.314901113510132,,
321,0.5049179792404175,,125.86818146705627,26.39231586456299,,
322,0.5561456680297852,,126.24855422973633,26.469738483428955,,
323,0.5910999178886414,,126.62994122505188,26.547114849090576,,
324,0.8194856643676758,,127.01018571853638,26.624504566192627,,
325,0.6984714865684509,,127.3905885219574,26.70190453529358,,
326,0.8795055747032166,,127.7715961933136,26.779311895370483,,
327,0.5656288266181946,,128.15236520767212,26.856723308563232,,
328,0.2891421914100647,,128.53261804580688,26.934091806411743,,
329,0.5500522255897522,,128.91328072547913,27.01147222518921,,
330,0.29109373688697815,,129.29369449615479,27.088911294937134,,
331,0.7868337035179138,,129.6743142604828,27.16628670692444,,
332,0.46156954765319824,,130.0554895401001,27.2436683177948,,
333,0.5873732566833496,,130.43567657470703,27.321046590805054,,
334,0.5128477811813354,,130.81602215766907,27.398420810699463,,
335,0.767227828502655,,131.1968069076538,27.47582221031189,,
336,0.4941934645175934,,131.57720398902893,27.553268432617188,,
337,0.4214240312576294,,131.9579336643219,27.630686283111572,,
338,0.5252985954284668,,132.33888006210327,27.708123445510864,,
339,0.6003947854042053,,132.7191982269287,27.785507678985596,,
340,0.8963651061058044,,133.09966349601746,27.862916469573975,,
341,0.4147760570049286,,133.48047757148743,27.940296173095703,,
342,0.3447277247905731,,133.86955761909485,28.017759323120117,,
343,0.12951445579528809,,134.2502212524414,28.095173597335815,,
344,0.6534087657928467,,134.631516456604,28.17256474494934,,
345,0.5161945223808289,,135.01196455955505,28.249956130981445,,
346,0.5550192594528198,,135.39255833625793,28.327342748641968,,
347,0.5644981265068054,,135.7732379436493,28.404754638671875,,
348,0.6858288645744324,,136.1536087989807,28.48216152191162,,
349,0.5760980248451233,,136.53379678726196,28.559568881988525,,
350,0.9548314213752747,,136.9147961139679,28.63693857192993,,
351,0.5108963251113892,,137.29535460472107,28.71431541442871,,
352,0.2892908751964569,,137.67530274391174,28.791672706604004,,
353,0.6242035627365112,,138.05583715438843,28.869043827056885,,
354,0.5866328477859497,,138.4365439414978,28.946430444717407,,
355,0.7380933165550232,,138.81684756278992,29.02383327484131,,
356,0.4043496251106262,,139.19895362854004,29.101247549057007,,
357,0.5347046256065369,,139.57957553863525,29.178630828857422,,
358,0.49508556723594666,,139.96015763282776,29.25601577758789,,
359,0.6861123442649841,,140.34069871902466,29.33340835571289,,
360,0.5778214335441589,,140.721914768219,29.41080403327942,,
361,0.6680846214294434,,141.1023542881012,29.488211393356323,,
362,0.5863003730773926,,141.48295497894287,29.56562852859497,,
363,0.4360232651233673,,141.8632447719574,29.643115758895874,,
364,0.3844865560531616,,142.24372625350952,29.72054648399353,,
365,0.36513713002204895,,142.6249485015869,29.797972917556763,,
366,0.3492278754711151,,143.01354932785034,29.875413417816162,,
367,0.5542266964912415,,143.39433550834656,29.952786207199097,,
368,0.6372346878051758,,143.775230884552,30.030226469039917,,
369,0.5288395285606384,,144.15564584732056,30.107616424560547,,
370,0.4081662595272064,,144.5357744693756,30.18503737449646,,
371,0.7580640912055969,,145.144615650177,30.262528657913208,,
372,0.4686680734157562,,145.5249319076538,30.33992028236389,,
373,0.1769733428955078,,145.9058485031128,30.417313814163208,,
374,0.45824989676475525,,146.28621912002563,30.494704961776733,,
375,0.4110220670700073,,146.66659283638,30.572160005569458,,
376,0.36531302332878113,,147.04760670661926,30.649607181549072,,
377,0.34575268626213074,,147.42812538146973,30.727035522460938,,
378,0.305829256772995,,147.80853247642517,30.804431915283203,,
379,0.28338104486465454,,148.18940830230713,30.881884336471558,,
380,0.28079473972320557,,148.57000946998596,30.95930242538452,,
381,0.26411885023117065,,148.9504201412201,31.036744356155396,,
382,0.3375288248062134,,149.33131432533264,31.114119052886963,,
383,0.37407299876213074,,149.71167159080505,31.191524267196655,,
384,0.5473912358283997,,150.09230089187622,31.26895523071289,,
385,0.1415475606918335,,150.47334575653076,31.34638023376465,,
386,0.12323110550642014,,150.8541295528412,31.423748254776,,
387,0.24531260132789612,,151.23430228233337,31.50114607810974,,
388,0.3619130551815033,,151.61544036865234,31.57853388786316,,
389,0.27711427211761475,,151.9956715106964,31.65588140487671,,
390,0.35130801796913147,,152.37570881843567,31.733239889144897,,
391,0.4073163866996765,,152.75659132003784,31.810625791549683,,
392,0.6280568242073059,,153.13682746887207,31.887983083724976,,
393,0.1350371539592743,,153.51719450950623,31.965362548828125,,
394,0.28940606117248535,,153.89826679229736,32.042757749557495,,
395,0.3513135612010956,,154.27848148345947,32.12015223503113,,
396,0.6056244969367981,,154.65869879722595,32.197532176971436,,
397,0.469784677028656,,155.03961873054504,32.27490210533142,,
398,0.47282809019088745,,155.42008996009827,32.35227727890015,,
399,0.5994106531143188,,155.80105638504028,32.42963171005249,,
400,0.45286616683006287,,156.19013595581055,32.506990909576416,,
401,0.4309857487678528,,156.5706763267517,32.584349155426025,,
402,0.5168595910072327,,156.95094799995422,32.661733865737915,,
403,0.5057104825973511,,157.33174443244934,32.73914074897766,,
404,0.6421207189559937,,157.71226501464844,32.81649589538574,,
405,0.3714703917503357,,158.09239745140076,32.89384388923645,,
406,0.3331039249897003,,158.47332000732422,32.97121071815491,,
407,0.20750372111797333,,158.85410618782043,33.048593521118164,,
408,0.29626303911209106,,159.23425841331482,33.12591814994812,,
409,0.25496190786361694,,159.61502838134766,33.203288316726685,,
410,0.2769097685813904,,159.99507522583008,33.28062725067139,,
411,0.1885582059621811,,160.37541484832764,33.357980728149414,,
412,0.1491754949092865,,160.75632333755493,33.43530631065369,,
413,0.14711062610149384,,161.13679933547974,33.51266312599182,,
414,0.15754470229148865,,161.5172836780548,33.59002876281738,,
415,0.12495648115873337,,161.8982436656952,33.66740298271179,,
416,0.3180825412273407,,162.2792043685913,33.744773626327515,,
417,0.09821022301912308,,162.66013431549072,33.8221595287323,,
418,0.15677809715270996,,163.04116582870483,33.89959168434143,,
419,0.11755584180355072,,163.4214129447937,33.97695708274841,,
420,0.35723060369491577,,163.80190896987915,34.054389238357544,,
421,0.32237693667411804,,164.18397784233093,34.13192057609558,,
422,0.6779414415359497,,164.5647747516632,34.20932078361511,,
423,0.15599343180656433,,164.94558143615723,34.28671216964722,,
424,0.25649067759513855,,165.55533051490784,34.36407685279846,,
425,0.3716908395290375,,165.9360809326172,34.441468954086304,,
426,0.46536439657211304,,166.31688714027405,34.518866539001465,,
427,0.5252652764320374,,166.6975133419037,34.596293926239014,,
428,0.46812883019447327,,167.07832098007202,34.67371344566345,,
429,0.4576975107192993,,167.45909214019775,34.75104784965515,,
430,0.6115115284919739,,167.8397536277771,34.828415393829346,,
431,0.3051591217517853,,168.2201247215271,34.90583252906799,,
432,0.34660613536834717,,168.6012647151947,34.983192443847656,,
433,0.35564127564430237,,168.9817967414856,35.06058478355408,,
434,0.2761806845664978,,169.36257147789001,35.13792157173157,,
435,0.20363833010196686,,169.7436442375183,35.21528625488281,,
436,0.13130012154579163,,170.12430047988892,35.2927610874176,,
437,0.5389605760574341,,170.50509119033813,35.37015199661255,,
438,0.31584039330482483,,170.8864448070526,35.447508811950684,,
439,0.3661806583404541,,171.26708674430847,35.52485918998718,,
440,0.30702027678489685,,171.64795994758606,35.60226917266846,,
441,0.2981216013431549,,172.0294394493103,35.679686546325684,,
442,0.4265487790107727,,172.4101104736328,35.75713276863098,,
443,0.4526813328266144,,172.79071760177612,35.8345148563385,,
444,0.41980743408203125,,173.17156982421875,35.9119758605957,,
445,0.5642521977424622,,173.55180954933167,35.989360094070435,,
446,0.3888307809829712,,173.93224358558655,36.06679177284241,,
447,0.3072250783443451,,174.31297636032104,36.14419913291931,,
448,0.1955752819776535,,174.69342279434204,36.2216374874115,,
449,0.13001807034015656,,175.0739288330078,36.29904365539551,,
450,0.14669470489025116,,175.45448184013367,36.37644910812378,,
451,0.24916191399097443,,175.83490633964539,36.45385932922363,,
452,0.1275193840265274,,176.21530890464783,36.531264781951904,,
453,0.17361749708652496,,176.59668445587158,36.608726501464844,,
454,0.16771717369556427,,176.97710537910461,36.68613529205322,,
455,0.1673121601343155,,177.35741901397705,36.76352906227112,,
456,0.2761402130126953,,177.73834705352783,36.84097337722778,,
457,0.3292806148529053,,178.11911702156067,36.91839075088501,,
458,0.2756716012954712,,178.4994444847107,36.99578547477722,,
459,0.201438769698143,,178.88013553619385,37.073155879974365,,
460,0.3424275815486908,,179.26052713394165,37.15057969093323,,
461,0.5581847429275513,,179.6491858959198,37.228012800216675,,
462,0.3585745692253113,,180.0300989151001,37.305405378341675,,
463,0.5005191564559937,,180.4103124141693,37.38283848762512,,
464,0.44953083992004395,,180.7905957698822,37.460243225097656,,
465,0.48463553190231323,,181.171293258667,37.53762459754944,,
466,0.282252699136734,,181.55155539512634,37.61502146720886,,
467,0.2146722376346588,,181.93191623687744,37.69243788719177,,
468,0.2520020008087158,,182.31306529045105,37.76984643936157,,
469,0.2900303304195404,,182.69364595413208,37.84731388092041,,
470,0.513078510761261,,183.07484197616577,37.92471146583557,,
471,0.5105755925178528,,183.4558608531952,38.00209188461304,,
472,0.38853245973587036,,183.84304308891296,38.07950043678284,,
473,0.12853775918483734,,184.22364497184753,38.15686345100403,,
474,0.1883160024881363,,184.6046290397644,38.23428153991699,,
475,0.22253938019275665,,184.98496317863464,38.31167387962341,,
476,0.5277301073074341,,185.36550211906433,38.38913083076477,,
477,0.3362773656845093,,185.97436618804932,38.46655869483948,,
478,0.4182221293449402,,186.35468697547913,38.543976068496704,,
479,0.5040396451950073,,186.73527669906616,38.621389865875244,,
480,0.4273588955402374,,187.11540174484253,38.69884157180786,,
481,0.38371607661247253,,187.49569249153137,38.77620315551758,,
482,0.3462660312652588,,187.8764226436615,38.85364818572998,,
483,0.33282914757728577,,188.25684332847595,38.93106031417847,,
484,0.3571796119213104,,188.63707566261292,39.008469104766846,,
485,0.3677082359790802,,189.0177538394928,39.085963010787964,,
486,0.3803950548171997,,189.39851331710815,39.16347813606262,,
487,0.47999870777130127,,189.7793939113617,39.24091410636902,,
488,0.3659921884536743,,190.16023635864258,39.318321228027344,,
489,0.30075764656066895,,190.54018020629883,39.395750522613525,,
490,0.1987709254026413,,190.92111659049988,39.47319173812866,,
491,0.18708698451519012,,191.30236721038818,39.55064678192139,,
492,0.20162035524845123,,191.6824610233307,39.628055572509766,,
493,0.22107462584972382,,192.0629177093506,39.70548415184021,,
494,0.2658207416534424,,192.4445297718048,39.78291630744934,,
495,0.2728104293346405,,192.82505011558533,39.86039853096008,,
496,0.4742874801158905,,193.20549392700195,39.93786001205444,,
497,0.3685398995876312,,193.58652544021606,40.01529383659363,,
498,0.30397242307662964,,193.9666724205017,40.09272360801697,,
499,0.13926565647125244,,194.3471097946167,40.17017316818237,,
500,0.15412750840187073,0.16283202171325684,194.72792506217957,41.661080837249756,0.16398078203201294,0.3971205949783325
501,0.16735422611236572,,195.10893750190735,41.738503217697144,,
502,0.1251615583896637,,195.48909878730774,41.81586933135986,,
503,0.12901033461093903,,195.8694305419922,41.89323854446411,,
504,0.105671226978302,,196.2499737739563,41.97063589096069,,
505,0.23912599682807922,,196.63030409812927,42.04808068275452,,
506,0.12107973545789719,,197.0108323097229,42.125489950180054,,
507,0.16767309606075287,,197.39172673225403,42.20293736457825,,
508,0.16376489400863647,,197.7720067501068,42.28034853935242,,
509,0.23443660140037537,,198.15243530273438,42.35772657394409,,
510,0.4253523349761963,,198.533273935318,42.43518948554993,,
511,0.10904698073863983,,198.91377925872803,42.51256728172302,,
512,0.1455959975719452,,199.2943983078003,42.58996534347534,,
513,0.14568877220153809,,199.6753990650177,42.667389154434204,,
514,0.0802173838019371,,200.05598521232605,42.74479341506958,,
515,0.27118995785713196,,200.43626141548157,42.82217264175415,,
516,0.22770021855831146,,200.81708788871765,42.89959502220154,,
517,0.256356418132782,,201.19710040092468,42.97703289985657,,
518,0.46063047647476196,,201.57748985290527,43.05439853668213,,
519,0.367160439491272,,201.95829057693481,43.13184905052185,,
520,0.4224083125591278,,202.33870697021484,43.209298610687256,,
521,0.30257582664489746,,202.7191686630249,43.286710023880005,,
522,0.32227617502212524,,203.0999734401703,43.36412477493286,,
523,0.2743857800960541,,203.4804184436798,43.44152021408081,,
524,0.26370537281036377,,203.8613748550415,43.51896357536316,,
525,0.30617284774780273,,204.2422230243683,43.59642195701599,,
526,0.6048908233642578,,204.62229895591736,43.67379021644592,,
527,0.5533796548843384,,205.00258827209473,43.751168966293335,,
528,0.3692416548728943,,205.38336181640625,43.82855486869812,,
529,0.5042513608932495,,205.76368641853333,43.90590763092041,,
530,0.2981211543083191,,206.37212753295898,43.983299255371094,,
531,0.27068108320236206,,206.75294828414917,44.0606689453125,,
532,0.25503745675086975,,207.133056640625,44.13808751106262,,
533,0.2583407759666443,,207.5137550830841,44.21545958518982,,
534,0.2314964085817337,,207.89465260505676,44.2928364276886,,
535,0.2715108096599579,,208.2749171257019,44.3701958656311,,
536,0.38074520230293274,,208.66445994377136,44.4476044178009,,
537,0.48537683486938477,,209.0452709197998,44.52507758140564,,
538,0.3262699842453003,,209.42543029785156,44.60248613357544,,
539,0.2129790037870407,,209.80567288398743,44.67992162704468,,
540,0.10480909794569016,,210.1866261959076,44.757309675216675,,
541,0.09852850437164307,,210.5668842792511,44.83472299575806,,
542,0.08322737365961075,,210.9470694065094,44.912208557128906,,
543,0.17587314546108246,,211.3278090953827,44.98961639404297,,
544,0.12111099809408188,,211.70801401138306,45.067023277282715,,
545,0.20254456996917725,,212.08834791183472,45.14440131187439,,
546,0.3966743052005768,,212.46933436393738,45.221835136413574,,
547,0.40641331672668457,,212.84950065612793,45.299230098724365,,
548,0.37521469593048096,,213.22990918159485,45.37660837173462,,
549,0.38954389095306396,,213.6108148097992,45.45398473739624,,
550,0.35639649629592896,,213.99130392074585,45.53143501281738,,
551,0.23990674316883087,,214.37231373786926,45.608920097351074,,
552,0.30804184079170227,,214.753662109375,45.686315059661865,,
553,0.29414764046669006,,215.13392996788025,45.76377725601196,,
554,0.24242976307868958,,215.51472306251526,45.841163873672485,,
555,0.22299791872501373,,215.89550805091858,45.918570041656494,,
556,0.3434912860393524,,216.27586960792542,45.99601697921753,,
557,0.36034607887268066,,216.6559841632843,46.073450565338135,,
558,0.3327082097530365,,217.03683495521545,46.15088987350464,,
559,0.28917625546455383,,217.41707944869995,46.22829079627991,,
560,0.3237096667289734,,217.79756927490234,46.305743932724,,
561,0.47256454825401306,,218.1781086921692,46.383116245269775,,
562,0.2988375723361969,,218.558438539505,46.46050262451172,,
563,0.2569991946220398,,218.938823223114,46.53788757324219,,
564,0.20843015611171722,,219.31963849067688,46.61529088020325,,
565,0.11511654406785965,,219.69967079162598,46.69264578819275,,
566,0.12684577703475952,,220.0800039768219,46.77009296417236,,
567,0.6044949889183044,,220.46088695526123,46.84751224517822,,
568,0.18891970813274384,,220.84137654304504,46.92493200302124,,
569,0.18962721526622772,,221.22228026390076,47.002328395843506,,
570,0.16634273529052734,,221.60313272476196,47.07974863052368,,
571,0.15295292437076569,,221.9836664199829,47.15713715553284,,
572,0.08555018156766891,,222.3642063140869,47.23454666137695,,
573,0.3696778416633606,,222.7449870109558,47.31197643280029,,
574,0.13989359140396118,,223.13562297821045,47.38942551612854,,
575,0.2344294786453247,,223.51618885993958,47.46681022644043,,
576,0.22784779965877533,,223.89679861068726,47.54420018196106,,
577,0.1736813485622406,,224.27728033065796,47.62158751487732,,
578,0.12895987927913666,,224.65761518478394,47.69895124435425,,
579,0.15573234856128693,,225.03858613967896,47.77633261680603,,
580,0.1889031082391739,,225.41875767707825,47.85367131233215,,
581,0.25255703926086426,,225.79887294769287,47.9310827255249,,
582,0.3731258511543274,,226.17985844612122,48.008474588394165,,
583,0.4245988726615906,,226.78816628456116,48.08589315414429,,
584,0.21860098838806152,,227.16881251335144,48.16328144073486,,
585,0.17641304433345795,,227.54882979393005,48.24061393737793,,
586,0.11402267217636108,,227.92966413497925,48.31802821159363,,
587,0.10845399647951126,,228.31823229789734,48.39585542678833,,
588,0.4931049346923828,,228.69839882850647,48.473233222961426,,
589,0.16090402007102966,,229.07836174964905,48.550616979599,,
590,0.13698464632034302,,229.4596130847931,48.62802696228027,,
591,0.08780334889888763,,229.83996534347534,48.705392360687256,,
592,0.08193835616111755,,230.22021985054016,48.782806158065796,,
593,0.2111995369195938,,230.60094594955444,48.86018919944763,,
594,0.2612915337085724,,230.98096418380737,48.93762493133545,,
595,0.2463802844285965,,231.36119866371155,49.0150306224823,,
596,0.23086191713809967,,231.74217557907104,49.09247827529907,,
597,0.3700387179851532,,232.12245917320251,49.16985750198364,,
598,0.3307105302810669,,232.50259160995483,49.24720358848572,,
599,0.2838882505893707,,232.8832769393921,49.32461905479431,,
600,0.17049844563007355,,233.2632577419281,49.40199303627014,,
601,0.14666154980659485,,233.64363503456116,49.47936177253723,,
602,0.14815112948417664,,234.02419352531433,49.55672597885132,,
603,0.12985339760780334,,234.4046812057495,49.634119749069214,,
604,0.14410798251628876,,234.7848298549652,49.71148872375488,,
605,0.18355108797550201,,235.16558074951172,49.78881764411926,,
606,0.1690567433834076,,235.5460488796234,49.86619567871094,,
607,0.1817219853401184,,235.92647171020508,49.94359517097473,,
608,0.3113344609737396,,236.30731534957886,50.02099537849426,,
609,0.40526342391967773,,236.68731784820557,50.09841179847717,,
610,0.5999676585197449,,237.06759476661682,50.17579650878906,,
611,0.2509846091270447,,237.44841980934143,50.25322246551514,,
612,0.21541117131710052,,237.82865571975708,50.33065056800842,,
613,0.17120110988616943,,238.2087185382843,50.40802216529846,,
614,0.19484089314937592,,238.58966875076294,50.48584842681885,,
615,0.33566656708717346,,238.96975350379944,50.56324577331543,,
616,0.2057529240846634,,239.3499653339386,50.641053676605225,,
617,0.23041671514511108,,239.73079824447632,50.718401193618774,,
618,0.264236718416214,,240.11102533340454,50.79578685760498,,
619,0.21674524247646332,,240.4910867214203,50.87323760986328,,
620,0.23197171092033386,,240.87176728248596,50.950642824172974,,
621,0.3040393590927124,,241.2528784275055,51.02849364280701,,
622,0.3411635756492615,,241.63256454467773,51.10587191581726,,
623,0.5142081379890442,,242.01309061050415,51.183244705200195,,
624,0.38834723830223083,,242.39334440231323,51.26060724258423,,
625,0.5541298389434814,,242.77405381202698,51.33839511871338,,
626,0.24999800324440002,,243.1545922756195,51.41574811935425,,
627,0.175286665558815,,243.5346553325653,51.493107080459595,,
628,0.09608478099107742,,243.91508173942566,51.57048225402832,,
629,0.09360990673303604,,244.2957727909088,51.64787554740906,,
630,0.19671408832073212,,244.67585253715515,51.725666522979736,,
631,0.15310393273830414,,245.05573725700378,51.803037881851196,,
632,0.1688997447490692,,245.43639659881592,51.88081979751587,,
633,0.2748948335647583,,245.81641483306885,51.95820641517639,,
634,0.23398877680301666,,246.1967384815216,52.03558349609375,,
635,0.13232427835464478,,246.57741832733154,52.11295938491821,,
636,0.1272575855255127,,247.1850025653839,52.19034433364868,,
637,0.1438911259174347,,247.56561923027039,52.26818895339966,,
638,0.1541525274515152,,247.94591188430786,52.345619678497314,,
639,0.17884275317192078,,248.32577776908875,52.42297410964966,,
640,0.16995622217655182,,248.70644521713257,52.50035071372986,,
641,0.2690405249595642,,249.08670830726624,52.577775716781616,,
642,0.2944040596485138,,249.4668483734131,52.65518832206726,,
643,0.35326793789863586,,249.84752583503723,52.73253273963928,,
644,0.3472597002983093,,250.2276360988617,52.80989193916321,,
645,0.2775323987007141,,250.60778212547302,52.88731145858765,,
646,0.20807747542858124,,250.98836946487427,52.964659214019775,,
647,0.14521107077598572,,251.36844158172607,53.04201364517212,,
648,0.07811980694532394,,251.74870204925537,53.11938214302063,,
649,0.23307442665100098,,252.12912106513977,53.1967658996582,,
650,0.2382315993309021,,252.50926446914673,53.274155139923096,,
651,0.5017023086547852,,252.88943338394165,53.35151219367981,,
652,0.14122682809829712,,253.26999640464783,53.4289186000824,,
653,0.22949865460395813,,253.65037035942078,53.506285667419434,,
654,0.2940366864204407,,254.03047490119934,53.5836341381073,,
655,0.21743029356002808,,254.41129088401794,53.661014556884766,,
656,0.15797390043735504,,254.79139161109924,53.738375186920166,,
657,0.19883261620998383,,255.1714894771576,53.815736293792725,,
658,0.14200180768966675,,255.55255818367004,53.89310598373413,,
659,0.10753034800291061,,255.93293237686157,53.97044110298157,,
660,0.1404140293598175,,256.3131833076477,54.04780578613281,,
661,0.08423837274312973,,256.69392013549805,54.12518239021301,,
662,0.07231205701828003,,257.0739004611969,54.20257067680359,,
663,0.10737419873476028,,257.4537844657898,54.27993297576904,,
664,0.12063656747341156,,257.83438634872437,54.357304096221924,,
665,0.1690022498369217,,258.2144196033478,54.434656858444214,,
666,0.15994127094745636,,258.5943286418915,54.51201391220093,,
667,0.14393950998783112,,258.9746630191803,54.58939170837402,,
668,0.13395759463310242,,259.354700088501,54.666789293289185,,
669,0.15096625685691833,,259.73476791381836,54.744144916534424,,
670,0.2206905037164688,,260.11548829078674,54.821518421173096,,
671,0.48937687277793884,,260.4956750869751,54.89889407157898,,
672,0.16074635088443756,,260.8760688304901,54.976258993148804,,
673,0.12249967455863953,,261.25677967071533,55.053622245788574,,
674,0.07562024891376495,,261.6369469165802,55.13098621368408,,
675,0.12291956692934036,,262.01699471473694,55.2083899974823,,
676,0.39697954058647156,,262.39741683006287,55.28572201728821,,
677,0.10738199949264526,,262.7777099609375,55.36305642127991,,
678,0.28188982605934143,,263.1579120159149,55.440425634384155,,
679,0.3198752701282501,,263.5386357307434,55.51782965660095,,
680,0.35964250564575195,,263.9189245700836,55.59519171714783,,
681,0.20327015221118927,,264.299033164978,55.672542095184326,,
682,0.2941702604293823,,264.6798024177551,55.74995398521423,,
683,0.30719539523124695,,265.05984592437744,55.827303886413574,,
684,0.15953339636325836,,265.4398295879364,55.90465044975281,,
685,0.14098824560642242,,265.8206934928894,55.98201251029968,,
686,0.1696765124797821,,266.2009062767029,56.05938124656677,,
687,0.15332037210464478,,266.58112716674805,56.13669681549072,,
688,0.2194237858057022,,266.9618203639984,56.21407151222229,,
689,0.26532289385795593,,267.5699362754822,56.291500091552734,,
690,0.25704425573349,,267.9510307312012,56.368926763534546,,
691,0.21490490436553955,,268.3312451839447,56.44634699821472,,
692,0.11572301387786865,,268.71108865737915,56.523768186569214,,
693,0.09788103401660919,,269.09210777282715,56.601115226745605,,
694,0.6339251399040222,,269.4719543457031,56.67849040031433,,
695,0.15498438477516174,,269.8520393371582,56.75584101676941,,
696,0.16839782893657684,,270.2331666946411,56.833192586898804,,
697,0.1467650979757309,,270.6132535934448,56.91055989265442,,
698,0.11984003335237503,,270.99333357810974,56.98793053627014,,
699,0.08484181016683578,,271.3740305900574,57.065343141555786,,
700,0.16832998394966125,,271.75376772880554,57.14269995689392,,
701,0.28866153955459595,,272.1342296600342,57.220052003860474,,
702,0.17710471153259277,,272.51500964164734,57.29744243621826,,
703,0.10136104375123978,,272.89522433280945,57.37477517127991,,
704,0.07462026178836823,,273.27528524398804,57.452136516571045,,
705,0.07987958937883377,,273.6558804512024,57.52948880195618,,
706,0.13656289875507355,,274.0360007286072,57.60690665245056,,
707,0.09387044608592987,,274.4157705307007,57.68429660797119,,
708,0.08054563403129578,,274.79624581336975,57.761645555496216,,
709,0.16459180414676666,,275.1763381958008,57.839003562927246,,
710,0.08261200785636902,,275.5564408302307,57.916382789611816,,
711,0.14989107847213745,,275.9372386932373,57.993778228759766,,
712,0.5346888303756714,,276.3172867298126,58.071146726608276,,
713,0.24088910222053528,,276.6975450515747,58.14853024482727,,
714,0.2631571590900421,,277.0781490802765,58.225892066955566,,
715,0.3007841110229492,,277.4583179950714,58.30323600769043,,
716,0.4487532675266266,,277.8383786678314,58.380597829818726,,
717,0.20700035989284515,,278.21900963783264,58.45795440673828,,
718,0.14528174698352814,,278.5993392467499,58.53531193733215,,
719,0.13629372417926788,,278.97944021224976,58.6126708984375,,
720,0.10638677328824997,,279.3599410057068,58.69006824493408,,
721,0.10844777524471283,,279.73980498313904,58.76744079589844,,
722,0.0851239264011383,,280.1202871799469,58.844826459884644,,
723,0.10435835272073746,,280.5008680820465,58.92220187187195,,
724,0.08583152294158936,,280.88205790519714,58.99958157539368,,
725,0.11901788413524628,,281.2623438835144,59.076935052871704,,
726,0.08345463871955872,,281.642884016037,59.15428709983826,,
727,0.0903456062078476,,282.0229742527008,59.231656074523926,,
728,0.09458129853010178,,282.4033055305481,59.309051275253296,,
729,0.11911066621541977,,282.78397846221924,59.38642978668213,,
730,0.1502274125814438,,283.1639177799225,59.46381425857544,,
731,0.20379218459129333,,283.54403162002563,59.54117393493652,,
732,0.18157096207141876,,283.9245707988739,59.618536710739136,,
733,0.15815068781375885,,284.30461835861206,59.695932388305664,,
734,0.13781574368476868,,284.6848256587982,59.7732892036438,,
735,0.08386996388435364,,285.0653576850891,59.850666522979736,,
736,0.0977654978632927,,285.44529962539673,59.92804288864136,,
737,0.4025050401687622,,285.8258023262024,60.00541877746582,,
738,0.2911197245121002,,286.2067174911499,60.08280396461487,,
739,0.1054910272359848,,286.58678245544434,60.160197257995605,,
740,0.17219217121601105,,286.9669179916382,60.23757529258728,,
741,0.3598232865333557,,287.34745478630066,60.31495237350464,,
742,0.3483108878135681,,287.9553952217102,60.3923659324646,,
743,0.1796395629644394,,288.3361654281616,60.469735860824585,,
744,0.15172025561332703,,288.71627974510193,60.547104358673096,,
745,0.17585472762584686,,289.09658432006836,60.62446713447571,,
746,0.23001857101917267,,289.47722935676575,60.70185589790344,,
747,0.35138019919395447,,289.85746812820435,60.77924156188965,,
748,0.30695876479148865,,290.23752784729004,60.856616735458374,,
749,0.31584858894348145,,290.61820125579834,60.93396711349487,,
750,0.3920567035675049,,290.9982750415802,61.01131772994995,,
751,0.21158938109874725,,291.3784730434418,61.08865976333618,,
752,0.142473042011261,,291.75895285606384,61.16603422164917,,
753,0.07806050777435303,,292.13889241218567,61.24340796470642,,
754,0.35590898990631104,,292.51910400390625,61.320757150650024,,
755,0.18983931839466095,,292.89964294433594,61.39810538291931,,
756,0.15534724295139313,,293.28070616722107,61.47546863555908,,
757,0.14070074260234833,,293.6606168746948,61.55283856391907,,
758,0.1530948281288147,,294.04201793670654,61.630462646484375,,
759,0.17155010998249054,,294.4222357273102,61.70782160758972,,
760,0.20470601320266724,,294.8022303581238,61.785237312316895,,
761,0.36237913370132446,,295.18278408050537,61.86265301704407,,
762,0.1970527619123459,,295.5630621910095,61.94005084037781,,
763,0.19340230524539948,,295.9435496330261,62.01743745803833,,
764,0.268469899892807,,296.32444739341736,62.09479284286499,,
765,0.1752719134092331,,296.7044312953949,62.17215371131897,,
766,0.08689888566732407,,297.08446192741394,62.24952816963196,,
767,0.0818781778216362,,297.46492981910706,62.32689571380615,,
768,0.08608908951282501,,297.845041513443,62.40424418449402,,
769,0.15086184442043304,,298.22498416900635,62.481611490249634,,
770,0.12131190299987793,,298.6055021286011,62.558985233306885,,
771,0.07102671265602112,,298.98551964759827,62.636361837387085,,
772,0.07866393029689789,,299.3656177520752,62.713722467422485,,
773,0.08908532559871674,,299.74618196487427,62.791096687316895,,
774,0.0757562518119812,,300.12650775909424,62.86848568916321,,
775,0.08237762004137039,,300.5064308643341,62.945881843566895,,
776,0.0790901631116867,,300.8872711658478,63.02327489852905,,
777,0.10219421237707138,,301.27574729919434,63.100653409957886,,
778,0.15170474350452423,,301.6558561325073,63.17799186706543,,
779,0.21647121012210846,,302.036500453949,63.25534796714783,,
780,0.12753932178020477,,302.4170114994049,63.332693576812744,,
781,0.0971825048327446,,302.7969505786896,63.41009497642517,,
782,0.11299385875463486,,303.17761278152466,63.487459897994995,,
783,0.2204841524362564,,303.5576751232147,63.56483817100525,,
784,0.24612699449062347,,303.9389383792877,63.642218351364136,,
785,0.09000837802886963,,304.31956911087036,63.719566106796265,,
786,0.0886676162481308,,304.69961810112,63.79692316055298,,
787,0.07864400744438171,,305.0796983242035,63.87429451942444,,
788,0.08215557783842087,,305.4600577354431,63.95166087150574,,
789,0.10599830001592636,,305.84010791778564,64.0290744304657,,
790,0.15707910060882568,,306.2205171585083,64.1064703464508,,
791,0.09896133095026016,,306.6012079715729,64.183833360672,,
792,0.07573117315769196,,306.9815402030945,64.26125502586365,,
793,0.10889098793268204,,307.3618814945221,64.33869552612305,,
794,0.20243927836418152,,307.7428743839264,64.41609573364258,,
795,0.15764373540878296,,308.351131439209,64.49349212646484,,
796,0.17013585567474365,,308.73186135292053,64.57093906402588,,
797,0.28008025884628296,,309.11243653297424,64.64835476875305,,
798,0.4365324378013611,,309.49271965026855,64.72573924064636,,
799,0.2019096314907074,,309.8736186027527,64.80313324928284,,
800,0.2903172969818115,,310.25393319129944,64.88052725791931,,
801,0.2631995379924774,,310.6340870857239,64.95796847343445,,
802,0.09197927266359329,,311.01446866989136,65.03535532951355,,
803,0.08040180802345276,,311.3949148654938,65.11275601387024,,
804,0.15824998915195465,,311.77490615844727,65.1901376247406,,
805,0.25764912366867065,,312.1557869911194,65.26757144927979,,
806,0.2648835778236389,,312.5362994670868,65.34496736526489,,
807,0.07342983782291412,,312.9165506362915,65.42240452766418,,
808,0.07990247011184692,,313.2976608276367,65.49982023239136,,
809,0.0807696282863617,,313.67828011512756,65.57719707489014,,
810,0.07555730640888214,,314.0585091114044,65.65460181236267,,
811,0.07049612700939178,,314.43906021118164,65.73195123672485,,
812,0.1009080559015274,,314.81944942474365,65.80935716629028,,
813,0.14090688526630402,,315.1996555328369,65.88676929473877,,
814,0.36206725239753723,,315.58076310157776,65.9641125202179,,
815,0.3899228572845459,,315.9615912437439,66.04151749610901,,
816,0.10326474905014038,,316.3419830799103,66.1188895702362,,
817,0.1113635003566742,,316.7228763103485,66.1963119506836,,
818,0.14043864607810974,,317.1033957004547,66.27371191978455,,
819,0.16826149821281433,,317.4837558269501,66.35109663009644,,
820,0.12495050579309464,,317.86433267593384,66.42853736877441,,
821,0.07647494226694107,,318.244371175766,66.50593495368958,,
822,0.07258868962526321,,318.6248059272766,66.58332872390747,,
823,0.0747598260641098,,319.00540018081665,66.66066765785217,,
824,0.11127457767724991,,319.3857729434967,66.7380793094635,,
825,0.4084469974040985,,319.7658107280731,66.81548810005188,,
826,0.07472841441631317,,320.14649963378906,66.89288544654846,,
827,0.06677233427762985,,320.53425788879395,66.97036480903625,,
828,0.0741228386759758,,320.91460490226746,67.047780752182,,
829,0.11248121410608292,,321.29544138908386,67.12517976760864,,
830,0.09664756059646606,,321.67545437812805,67.20260381698608,,
831,0.07662852108478546,,322.05563735961914,67.27997159957886,,
832,0.13126079738140106,,322.4365174770355,67.35738062858582,,
833,0.28604230284690857,,322.81688928604126,67.43478012084961,,
834,0.13035577535629272,,323.1969645023346,67.5121374130249,,
835,0.2729281485080719,,323.57796907424927,67.58959150314331,,
836,0.20266059041023254,,323.95840883255005,67.66702318191528,,
837,0.08871539682149887,,324.3382339477539,67.74439287185669,,
838,0.09457746148109436,,324.7192051410675,67.82177686691284,,
839,0.1255061775445938,,325.10008454322815,67.89911818504333,,
840,0.19640301167964935,,325.4804801940918,67.97652006149292,,
841,0.10974399745464325,,325.8614807128906,68.05389189720154,,
842,0.32348549365997314,,326.2417254447937,68.13131141662598,,
843,0.09165818989276886,,326.622216463089,68.20869970321655,,
844,0.07699368894100189,,327.00263023376465,68.28608441352844,,
845,0.1388736069202423,,327.38324546813965,68.36347579956055,,
846,0.13867290318012238,,327.76359009742737,68.4408917427063,,
847,0.11514217406511307,,328.1444821357727,68.51828503608704,,
848,0.089229054749012,,328.7529675960541,68.59565615653992,,
849,0.14053678512573242,,329.13383650779724,68.67300581932068,,
850,0.23149000108242035,,329.51423144340515,68.75035333633423,,
851,0.27535173296928406,,329.894490480423,68.82773232460022,,
852,0.13479368388652802,,330.275141954422,68.90506553649902,,
853,0.15972048044204712,,330.6554343700409,68.98247241973877,,
854,0.11432632803916931,,331.03560853004456,69.0598533153534,,
855,0.1349623203277588,,331.416321516037,69.13719415664673,,
856,0.18076276779174805,,331.79698181152344,69.214524269104,,
857,0.19061359763145447,,332.17734003067017,69.29195213317871,,
858,0.07712271809577942,,332.558144569397,69.36929559707642,,
859,0.12323703616857529,,332.9383957386017,69.44665503501892,,
860,0.13109365105628967,,333.31908893585205,69.52405166625977,,
861,0.43709611892700195,,333.6999535560608,69.60149693489075,,
862,0.304767370223999,,334.0814950466156,69.67887234687805,,
863,0.12457650154829025,,334.46183681488037,69.7562530040741,,
864,0.23176465928554535,,334.84273767471313,69.83365058898926,,
865,0.18333463370800018,,335.2229883670807,69.91098928451538,,
866,0.1393207460641861,,335.60413122177124,69.98835229873657,,
867,0.258031964302063,,335.9848575592041,70.06573915481567,,
868,0.29088684916496277,,336.3651168346405,70.14308476448059,,
869,0.28929147124290466,,336.7456421852112,70.22044444084167,,
870,0.0973205417394638,,337.12638092041016,70.29781889915466,,
871,0.10457660257816315,,337.5066165924072,70.37525844573975,,
872,0.06745675206184387,,337.8866491317749,70.45264053344727,,
873,0.06776702404022217,,338.2675802707672,70.53003358840942,,
874,0.08567839860916138,,338.64780473709106,70.60745239257812,,
875,0.08151747286319733,,339.02817368507385,70.68484807014465,,
876,0.12624195218086243,,339.40929198265076,70.76222562789917,,
877,0.07663632929325104,,339.7895212173462,70.83960175514221,,
878,0.08282262086868286,,340.1701602935791,70.91697263717651,,
879,0.10912050306797028,,340.5513515472412,70.99440717697144,,
880,0.12531957030296326,,340.93170976638794,71.07174587249756,,
881,0.2361338585615158,,341.3119146823883,71.14911723136902,,
882,0.09836875647306442,,341.6926803588867,71.22653794288635,,
883,0.07400217652320862,,342.0729932785034,71.30390954017639,,
884,0.09154648333787918,,342.4535949230194,71.38129568099976,,
885,0.092716284096241,,342.8342294692993,71.45867323875427,,
886,0.10504357516765594,,343.2140953540802,71.53604245185852,,
887,0.09413878619670868,,343.59437918663025,71.61343717575073,,
888,0.11269690841436386,,343.9747290611267,71.69083404541016,,
889,0.09238091111183167,,344.3552734851837,71.76826190948486,,
890,0.08256048709154129,,344.73568415641785,71.8456654548645,,
891,0.08298660814762115,,345.11624813079834,71.92304110527039,,
892,0.1323939561843872,,345.49669218063354,72.00038695335388,,
893,0.12932758033275604,,345.87702655792236,72.07782340049744,,
894,0.07192825525999069,,346.2574806213379,72.15530180931091,,
895,0.09026915580034256,,346.6474173069,72.23269081115723,,
896,0.073101706802845,,347.0279047489166,72.31015253067017,,
897,0.08779097348451614,,347.4091191291809,72.3875322341919,,
898,0.10208147764205933,,347.78925251960754,72.46495819091797,,
899,0.1813085526227951,,348.1698269844055,72.54238820075989,,
900,0.08054935932159424,,348.55069971084595,72.6198320388794,,
901,0.07199560105800629,,349.1592311859131,72.69728541374207,,
902,0.1283341348171234,,349.53983664512634,72.77469277381897,,
903,0.27027779817581177,,349.9201021194458,72.85209846496582,,
904,0.131405308842659,,350.3004126548767,72.92952990531921,,
905,0.08773460984230042,,350.68140506744385,73.00694918632507,,
906,0.08773429691791534,,351.0617763996124,73.08433437347412,,
907,0.08653125911951065,,351.44212460517883,73.16169166564941,,
908,0.6412361860275269,,351.8227961063385,73.23916363716125,,
909,0.49725472927093506,,352.20334100723267,73.3165032863617,,
910,0.20525982975959778,,352.5837185382843,73.39386582374573,,
911,0.1007547676563263,,352.96465158462524,73.47127914428711,,
912,0.09055984765291214,,353.34487748146057,73.54869604110718,,
913,0.11856185644865036,,353.72526955604553,73.62620282173157,,
914,0.08990660309791565,,354.106388092041,73.70364761352539,,
915,0.0924234613776207,,354.4866797924042,73.78102493286133,,
916,0.21787774562835693,,354.8666396141052,73.85843133926392,,
917,0.1952485889196396,,355.24698877334595,73.93581032752991,,
918,0.20737171173095703,,355.6272156238556,74.01319932937622,,
919,0.15960435569286346,,356.0073952674866,74.0906023979187,,
920,0.2356671839952469,,356.38817739486694,74.16799330711365,,
921,0.21820175647735596,,356.7684659957886,74.24536895751953,,
922,0.16569378972053528,,357.14873790740967,74.3227128982544,,
923,0.12851321697235107,,357.52974343299866,74.40007781982422,,
924,0.13787323236465454,,357.9099774360657,74.47744297981262,,
925,0.13020388782024384,,358.2902431488037,74.55484914779663,,
926,0.08395452797412872,,358.67088890075684,74.6322603225708,,
927,0.0867251455783844,,359.0511431694031,74.70967745780945,,
928,0.08662064373493195,,359.431617975235,74.78702402114868,,
929,0.10296525806188583,,359.8123824596405,74.86445116996765,,
930,0.10734958946704865,,360.20239543914795,74.9418637752533,,
931,0.1230999305844307,,360.5830054283142,75.01930022239685,,
932,0.1001102402806282,,360.96430015563965,75.09676194190979,,
933,0.19312477111816406,,361.3448052406311,75.17418479919434,,
934,0.09995254129171371,,361.7249050140381,75.2515664100647,,
935,0.11820784211158752,,362.10593724250793,75.32898259162903,,
936,0.22853127121925354,,362.4862937927246,75.40633296966553,,
937,0.24776998162269592,,362.86655378341675,75.48375749588013,,
938,0.3355945646762848,,363.2473554611206,75.56119966506958,,
939,0.249690979719162,,363.6276607513428,75.63859868049622,,
940,0.190073624253273,,364.00802183151245,75.7160153388977,,
941,0.07576905936002731,,364.3887073993683,75.79343771934509,,
942,0.08832620829343796,,364.7689127922058,75.87090587615967,,
943,0.07564110308885574,,365.14917039871216,75.94836115837097,,
944,0.22587357461452484,,365.5298593044281,76.02578115463257,,
945,0.19404888153076172,,365.9102449417114,76.10323810577393,,
946,0.0985797792673111,,366.29043555259705,76.1806492805481,,
947,0.0654258206486702,,366.67063069343567,76.25801038742065,,
948,0.08888857811689377,,367.050984621048,76.33545160293579,,
949,0.09577514231204987,,367.43150997161865,76.41289186477661,,
950,0.08079590648412704,,367.8121860027313,76.49030113220215,,
951,0.123842254281044,,368.1925187110901,76.56772899627686,,
952,0.10799235105514526,,368.5727610588074,76.64516401290894,,
953,0.07111009210348129,,368.95391631126404,76.72257423400879,,
954,0.07465390861034393,,369.5619258880615,76.80003476142883,,
955,0.19456957280635834,,369.9426791667938,76.87738513946533,,
956,0.8496761918067932,,370.32303738594055,76.95476245880127,,
957,0.3190787434577942,,370.70345306396484,77.0321524143219,,
958,0.15758617222309113,,371.0842373371124,77.10949850082397,,
959,0.16400305926799774,,371.46425104141235,77.18689346313477,,
960,0.23543232679367065,,371.8443570137024,77.26427698135376,,
961,0.17864184081554413,,372.2251670360565,77.34165740013123,,
962,0.17921555042266846,,372.60568141937256,77.41901803016663,,
963,0.13702398538589478,,372.9859838485718,77.49642777442932,,
964,0.13805580139160156,,373.3668568134308,77.57388401031494,,
965,0.12673136591911316,,373.74747109413147,77.65129375457764,,
966,0.13619865477085114,,374.1283416748047,77.72868752479553,,
967,0.21672558784484863,,374.5097894668579,77.80610394477844,,
968,0.44189661741256714,,374.89013147354126,77.88345742225647,,
969,0.1516331136226654,,375.27067828178406,77.9608588218689,,
970,0.08629263937473297,,375.65150570869446,78.03828930854797,,
971,0.08993680775165558,,376.0318284034729,78.11571431159973,,
972,0.16168826818466187,,376.4120635986328,78.19307541847229,,
973,0.10538680106401443,,376.7929005622864,78.27050852775574,,
974,0.0688575878739357,,377.1735167503357,78.34788584709167,,
975,0.08850684762001038,,377.5534589290619,78.42533540725708,,
976,0.12728896737098694,,377.9342112541199,78.50274848937988,,
977,0.1652502864599228,,378.3143937587738,78.5801694393158,,
978,0.10331184417009354,,378.6945712566376,78.65756845474243,,
979,0.13421382009983063,,379.0753085613251,78.7349648475647,,
980,0.1877090036869049,,379.4550750255585,78.81233191490173,,
981,0.3055833578109741,,379.8354992866516,78.88975143432617,,
982,0.1295723021030426,,380.21625781059265,78.96716165542603,,
983,0.10956328362226486,,380.59666562080383,79.04457449913025,,
984,0.11101804673671722,,380.9768888950348,79.12201261520386,,
985,0.0959058627486229,,381.3576326370239,79.1993978023529,,
986,0.0997585579752922,,381.73847699165344,79.27680253982544,,
987,0.11265634000301361,,382.1188199520111,79.35416221618652,,
988,0.12559883296489716,,382.4996178150177,79.43159341812134,,
989,0.2800363302230835,,382.8799307346344,79.50896549224854,,
990,0.17968055605888367,,383.2600893974304,79.5863516330719,,
991,0.1669427901506424,,383.6409103870392,79.6637372970581,,
992,0.15348094701766968,,384.0214397907257,79.74113082885742,,
993,0.1446009874343872,,384.4019024372101,79.81851530075073,,
994,0.16518409550189972,,384.7824776172638,79.89596176147461,,
995,0.11612503975629807,,385.16303277015686,79.97330832481384,,
996,0.09588947892189026,,385.54346466064453,80.0507161617279,,
997,0.09018614888191223,,385.9241623878479,80.12806963920593,,
998,0.08731691539287567,,386.30450797080994,80.20548605918884,,
999,0.0822424367070198,,386.6845700740814,80.28286170959473,,
1000,0.07896992564201355,0.04227443039417267,387.0660147666931,81.77449464797974,0.10493016242980957,0.25311172008514404
1001,0.08972959220409393,,387.4468207359314,81.8518738746643,,
1002,0.13889186084270477,,387.82734203338623,81.92925429344177,,
1003,0.24946969747543335,,388.20754504203796,82.0066785812378,,
1004,0.18963012099266052,,388.5883843898773,82.0840814113617,,
1005,0.09251276403665543,,388.96856451034546,82.16146779060364,,
1006,0.1645020842552185,,389.34891295433044,82.23885226249695,,
1007,0.20462748408317566,,389.95771193504333,82.31627011299133,,
1008,0.1638440489768982,,390.33799719810486,82.39362859725952,,
1009,0.15915431082248688,,390.7188096046448,82.47107577323914,,
1010,0.17188353836536407,,391.09897541999817,82.54845905303955,,
1011,0.10717352479696274,,391.47917318344116,82.62581610679626,,
1012,0.08824386447668076,,391.8597810268402,82.70321273803711,,
1013,0.12080030888319016,,392.24077439308167,82.78064513206482,,
1014,0.10913000255823135,,392.6209852695465,82.85800290107727,,
1015,0.2255113422870636,,393.0017433166504,82.93541765213013,,
1016,0.10620249062776566,,393.3820447921753,83.01282215118408,,
1017,0.36027371883392334,,393.76306772232056,83.09016704559326,,
1018,0.988775372505188,,394.1436278820038,83.16755247116089,,
1019,0.5989746451377869,,394.52384328842163,83.24490666389465,,
1020,0.3259391784667969,,394.90391993522644,83.32222652435303,,
1021,0.13908933103084564,,395.2849609851837,83.39965486526489,,
1022,0.15027454495429993,,395.6650400161743,83.4770176410675,,
1023,0.21177220344543457,,396.045428276062,83.55436301231384,,
1024,0.1592225730419159,,396.4259123802185,83.63176250457764,,
1025,0.1369030475616455,,396.8061318397522,83.70913910865784,,
1026,0.26451098918914795,,397.1863763332367,83.78655648231506,,
1027,0.14693471789360046,,397.5672495365143,83.86394548416138,,
1028,0.11621644347906113,,397.9474105834961,83.9413526058197,,
1029,0.10724544525146484,,398.32748460769653,84.01875710487366,,
1030,0.4115738272666931,,398.70856833457947,84.09613513946533,,
1031,0.14408503472805023,,399.08991503715515,84.17358684539795,,
1032,0.10535813122987747,,399.4702911376953,84.25097846984863,,
1033,0.09879199415445328,,399.8511371612549,84.32836890220642,,
1034,0.09624224156141281,,400.2314941883087,84.40572762489319,,
1035,0.09549771249294281,,400.6120855808258,84.48308062553406,,
1036,0.1433003842830658,,400.99331998825073,84.56047034263611,,
1037,0.15817326307296753,,401.3783369064331,84.63790130615234,,
1038,0.11160502582788467,,401.75864601135254,84.7152373790741,,
1039,0.09710361063480377,,402.139541387558,84.7926094532013,,
1040,0.10121793299913406,,402.519314289093,84.86996269226074,,
1041,0.12631697952747345,,402.8990626335144,84.94727873802185,,
1042,0.143175408244133,,403.28004240989685,85.02473616600037,,
1043,0.23248617351055145,,403.66055607795715,85.1021294593811,,
1044,0.2470797449350357,,404.0409002304077,85.17951893806458,,
1045,0.2471749633550644,,404.4219880104065,85.25686931610107,,
1046,0.15067212283611298,,404.80241203308105,85.33425545692444,,
1047,0.09613856673240662,,405.1826605796814,85.41161060333252,,
1048,0.1258918195962906,,405.5638015270233,85.48905968666077,,
1049,0.1146298348903656,,405.94415855407715,85.56646203994751,,
1050,0.1580110788345337,,406.32470202445984,85.64388465881348,,
1051,0.11528528481721878,,406.70596742630005,85.72125172615051,,
1052,0.10944142937660217,,407.0862777233124,85.79861640930176,,
1053,0.12326882779598236,,407.4666802883148,85.87602210044861,,
1054,0.10816542059183121,,407.8473014831543,85.95340847969055,,
1055,0.11158522963523865,,408.22796750068665,86.03086042404175,,
1056,0.1057748794555664,,408.60824155807495,86.10825896263123,,
1057,0.11843068897724152,,408.98923897743225,86.18562245368958,,
1058,0.1959368735551834,,409.3697009086609,86.26307487487793,,
1059,0.20851515233516693,,409.75006556510925,86.34049797058105,,
1060,0.22975027561187744,,410.35921692848206,86.41786026954651,,
1061,0.10972241312265396,,410.7394480705261,86.49521803855896,,
1062,0.08553241193294525,,411.12011528015137,86.5726523399353,,
1063,0.18246990442276,,411.5003192424774,86.65004968643188,,
1064,0.10723583400249481,,411.88053369522095,86.72743010520935,,
1065,0.2590126693248749,,412.26141595840454,86.80483841896057,,
1066,0.11971268802881241,,412.64194440841675,86.88218307495117,,
1067,0.11072657257318497,,413.0224463939667,86.95956659317017,,
1068,0.1198422983288765,,413.40311908721924,87.03692579269409,,
1069,0.12592509388923645,,413.7833466529846,87.11431670188904,,
1070,0.11900105327367783,,414.1638734340668,87.19166493415833,,
1071,0.1060376986861229,,414.544508934021,87.26901340484619,,
1072,0.1415545493364334,,414.92502450942993,87.34638094902039,,
1073,0.17531949281692505,,415.3052451610565,87.42370676994324,,
1074,0.20643894374370575,,415.6862258911133,87.50103211402893,,
1075,0.20553460717201233,,416.06645941734314,87.57842016220093,,
1076,0.24391911923885345,,416.4468433856964,87.65587425231934,,
1077,0.12974996864795685,,416.82764077186584,87.73325991630554,,
1078,0.14953170716762543,,417.2101893424988,87.81067991256714,,
1079,0.09892250597476959,,417.5909824371338,87.88799834251404,,
1080,0.07355013489723206,,417.97211241722107,87.96535539627075,,
1081,0.09572553634643555,,418.3521308898926,88.0427258014679,,
1082,0.11543716490268707,,418.7323524951935,88.12007784843445,,
1083,0.11151362955570221,,419.1125946044922,88.19745349884033,,
1084,0.08572840690612793,,419.49266266822815,88.27478861808777,,
1085,0.08767927438020706,,419.87325167655945,88.35216021537781,,
1086,0.1166372001171112,,420.253737449646,88.42953872680664,,
1087,0.1748906821012497,,420.6342477798462,88.50690937042236,,
1088,0.0836520865559578,,421.0143938064575,88.58428430557251,,
1089,0.07879947870969772,,421.39494609832764,88.66162467002869,,
1090,0.0821470245718956,,421.77493715286255,88.73894667625427,,
1091,0.2629963159561157,,422.15498781204224,88.8162887096405,,
1092,0.43913885951042175,,422.53560638427734,88.893634557724,,
1093,0.13707029819488525,,422.9157860279083,88.97100067138672,,
1094,0.16494932770729065,,423.29590368270874,89.04834008216858,,
1095,0.13996881246566772,,423.67669439315796,89.12569427490234,,
1096,0.11118245124816895,,424.0568759441376,89.20304417610168,,
1097,0.08079960197210312,,424.4370045661926,89.28038239479065,,
1098,0.09662801027297974,,424.81766080856323,89.35774755477905,,
1099,0.17309293150901794,,425.197714805603,89.43511748313904,,
1100,0.18054525554180145,,425.57866644859314,89.51245450973511,,
1101,0.2651006877422333,,425.9594430923462,89.58984184265137,,
1102,0.1098756417632103,,426.34018540382385,89.66719794273376,,
1103,0.07763601094484329,,426.72070360183716,89.74457931518555,,
1104,0.09190555661916733,,427.10145449638367,89.82191705703735,,
1105,0.09671664983034134,,427.4814999103546,89.89924597740173,,
1106,0.11459794640541077,,427.8616602420807,89.97658920288086,,
1107,0.17442390322685242,,428.2425146102905,90.05391502380371,,
1108,0.1689566969871521,,428.6228737831116,90.13127160072327,,
1109,0.2777620255947113,,429.002897977829,90.20860767364502,,
1110,0.29570499062538147,,429.3837378025055,90.28596520423889,,
1111,0.2132762372493744,,429.76404094696045,90.36334252357483,,
1112,0.1385267823934555,,430.14396715164185,90.44066143035889,,
1113,0.09683413058519363,,430.75250911712646,90.51801919937134,,
1114,0.094361312687397,,431.13284945487976,90.59538054466248,,
1115,0.09766538441181183,,431.5134770870209,90.67272853851318,,
1116,0.10269685834646225,,431.8939120769501,90.75007963180542,,
1117,0.13258543610572815,,432.27438950538635,90.82746386528015,,
1118,0.10092020779848099,,432.65473651885986,90.90486240386963,,
1119,0.10259459167718887,,433.0351629257202,90.98220634460449,,
1120,0.08783964812755585,,433.41595435142517,91.05957412719727,,
1121,0.11158934235572815,,433.7973048686981,91.13689541816711,,
1122,0.08519917726516724,,434.1774015426636,91.21468877792358,,
1123,0.09054355323314667,,434.5573229789734,91.29204487800598,,
1124,0.08212291449308395,,434.93787384033203,91.36939930915833,,
1125,0.08204571902751923,,435.31816124916077,91.44673895835876,,
1126,0.07140935957431793,,435.69847345352173,91.52408790588379,,
1127,0.11122605949640274,,436.07907247543335,91.60145783424377,,
1128,0.15377116203308105,,436.45940613746643,91.67880511283875,,
1129,0.15580692887306213,,436.83962082862854,91.75617098808289,,
1130,0.29951760172843933,,437.2203345298767,91.83354425430298,,
1131,0.11295762658119202,,437.60099244117737,91.91092228889465,,
1132,0.09333835542201996,,437.98086810112,91.98829078674316,,
1133,0.10757243633270264,,438.36163878440857,92.0656840801239,,
1134,0.11790186911821365,,438.7429323196411,92.14308142662048,,
1135,0.08621520549058914,,439.1231436729431,92.22045016288757,,
1136,0.08974836021661758,,439.50373005867004,92.29780912399292,,
1137,0.07703620195388794,,439.8838713169098,92.37518262863159,,
1138,0.09396502375602722,,440.2653305530548,92.45252323150635,,
1139,0.08898613601922989,,440.64594888687134,92.52988743782043,,
1140,0.08905061334371567,,441.03406262397766,92.60727024078369,,
1141,0.0915495976805687,,441.4141924381256,92.68467497825623,,
1142,0.07436331361532211,,441.79484701156616,92.76207566261292,,
1143,0.09830570220947266,,442.1749007701874,92.83945751190186,,
1144,0.10497814416885376,,442.55507254600525,92.9168028831482,,
1145,0.1564641296863556,,442.9355399608612,92.99418926239014,,
1146,0.11464986950159073,,443.31549978256226,93.0715684890747,,
1147,0.06952984631061554,,443.6952998638153,93.1489098072052,,
1148,0.113935686647892,,444.0758128166199,93.2262613773346,,
1149,0.23925885558128357,,444.455691576004,93.30358648300171,,
1150,0.22784143686294556,,444.8357744216919,93.38096570968628,,
1151,0.1599338799715042,,445.2166996002197,93.45849680900574,,
1152,0.14559265971183777,,445.5966966152191,93.53585505485535,,
1153,0.12112116068601608,,445.9768373966217,93.61321115493774,,
1154,0.14394637942314148,,446.3572998046875,93.69057393074036,,
1155,0.12474241107702255,,446.73747539520264,93.76795434951782,,
1156,0.21232834458351135,,447.117858171463,93.84532046318054,,
1157,0.31344345211982727,,447.49865555763245,93.92270684242249,,
1158,0.18208672106266022,,447.87882232666016,94.00012111663818,,
1159,0.13250479102134705,,448.25884437561035,94.07747650146484,,
1160,0.07914318144321442,,448.6395037174225,94.15483117103577,,
1161,0.07658237218856812,,449.01987767219543,94.23218655586243,,
1162,0.09050585329532623,,449.39985752105713,94.3095531463623,,
1163,0.08586515486240387,,449.7812807559967,94.3869400024414,,
1164,0.11088227480649948,,450.16129422187805,94.46428513526917,,
1165,0.07556536793708801,,450.5418574810028,94.54164099693298,,
1166,0.0705237090587616,,451.15012431144714,94.61899089813232,,
1167,0.11380865424871445,,451.53010630607605,94.69635343551636,,
1168,0.19601038098335266,,451.9117569923401,94.77378177642822,,
1169,0.408094584941864,,452.29186964035034,94.85117220878601,,
1170,0.07477864623069763,,452.6719241142273,94.92855095863342,,
1171,0.12980149686336517,,453.05251908302307,95.00593042373657,,
1172,0.18160535395145416,,453.43370294570923,95.08330345153809,,
1173,0.1688816100358963,,453.8139081001282,95.16069340705872,,
1174,0.23055556416511536,,454.1944580078125,95.23805475234985,,
1175,0.1545795351266861,,454.5745301246643,95.31539034843445,,
1176,0.11508411914110184,,454.95481753349304,95.39274501800537,,
1177,0.13819962739944458,,455.3353319168091,95.47013664245605,,
1178,0.06807421147823334,,455.7154059410095,95.54751920700073,,
1179,0.07082448899745941,,456.09552240371704,95.62489867210388,,
1180,0.08881073445081711,,456.47632789611816,95.70226764678955,,
1181,0.07825545221567154,,456.8564519882202,95.77961039543152,,
1182,0.07140795141458511,,457.2366716861725,95.85697388648987,,
1183,0.11695240437984467,,457.6172161102295,95.93432641029358,,
1184,0.14554551243782043,,457.99777364730835,96.01167869567871,,
1185,0.10893462598323822,,458.37793135643005,96.0890748500824,,
1186,0.2029820680618286,,458.75926327705383,96.16646838188171,,
1187,0.21814168989658356,,459.1394875049591,96.24380302429199,,
1188,0.148107647895813,,459.51989555358887,96.32118344306946,,
1189,0.11297740042209625,,459.9004945755005,96.39854025840759,,
1190,0.19483919441699982,,460.28084111213684,96.47589826583862,,
1191,0.12324777990579605,,460.66106724739075,96.55325055122375,,
1192,0.17670531570911407,,461.0434100627899,96.63062930107117,,
1193,0.12650369107723236,,461.4235157966614,96.70800423622131,,
1194,0.0838085263967514,,461.8036916255951,96.78535509109497,,
1195,0.1242385059595108,,462.18430399894714,96.86272549629211,,
1196,0.14761681854724884,,462.56418108940125,96.9400486946106,,
1197,0.1876884400844574,,462.9444200992584,97.01739501953125,,
1198,0.19205498695373535,,463.3250062465668,97.09474086761475,,
1199,0.10583922266960144,,463.7051742076874,97.17215132713318,,
1200,0.11210336536169052,,464.08553528785706,97.24955153465271,,
1201,0.10382848978042603,,464.4660370349884,97.32735252380371,,
1202,0.08633580803871155,,464.8463251590729,97.40472936630249,,
1203,0.11682672798633575,,465.22660875320435,97.4820990562439,,
1204,0.16689689457416534,,465.60731387138367,97.5594630241394,,
1205,0.19976161420345306,,465.98784160614014,97.63682007789612,,
1206,0.1878977119922638,,466.36778688430786,97.71417164802551,,
1207,0.15190958976745605,,466.7485795021057,97.79152178764343,,
1208,0.17189642786979675,,467.1286292076111,97.86887860298157,,
1209,0.15914887189865112,,467.5087673664093,97.94622945785522,,
1210,0.12357167899608612,,467.88944959640503,98.02361702919006,,
1211,0.14286737143993378,,468.269526720047,98.10100317001343,,
1212,0.21577034890651703,,468.64964842796326,98.17837738990784,,
1213,0.283968985080719,,469.03021240234375,98.2557384967804,,
1214,0.11944915354251862,,469.4103045463562,98.3330590724945,,
1215,0.09852246940135956,,469.790479183197,98.41043591499329,,
1216,0.07701877504587173,,470.17143177986145,98.48777675628662,,
1217,0.06733118742704391,,470.55155634880066,98.56511640548706,,
1218,0.09099645167589188,,470.93125104904175,98.64246606826782,,
1219,0.12554924190044403,,471.53975200653076,98.71984219551086,,
1220,0.08295994997024536,,471.91990852355957,98.79720067977905,,
1221,0.07418752461671829,,472.300448179245,98.87455773353577,,
1222,0.06374718993902206,,472.68055987358093,98.95191788673401,,
1223,0.13454081118106842,,473.06066489219666,99.02927207946777,,
1224,0.24236196279525757,,473.4413414001465,99.1070704460144,,
1225,0.23170146346092224,,473.8214359283447,99.18441796302795,,
1226,0.10456377267837524,,474.2018573284149,99.26176118850708,,
1227,0.06524072587490082,,474.5828287601471,99.33913207054138,,
1228,0.08718252927064896,,474.96345353126526,99.41648054122925,,
1229,0.10457435995340347,,475.34364008903503,99.49381041526794,,
1230,0.34268131852149963,,475.7243900299072,99.57117676734924,,
1231,0.24097275733947754,,476.1045169830322,99.64854454994202,,
1232,0.07392504811286926,,476.4846303462982,99.72592258453369,,
1233,0.08979317545890808,,476.8653848171234,99.80327343940735,,
1234,0.12363015115261078,,477.24534845352173,99.88058185577393,,
1235,0.1046949177980423,,477.62545132637024,99.95831274986267,,
1236,0.11555349826812744,,478.00602984428406,100.03565859794617,,
1237,0.14544740319252014,,478.38630080223083,100.11308121681213,,
1238,0.2753506302833557,,478.7736883163452,100.1908905506134,,
1239,0.276045560836792,,479.15439677238464,100.26824903488159,,
1240,0.2194686233997345,,479.53492403030396,100.34607529640198,,
1241,0.22144939005374908,,479.91537380218506,100.4234848022461,,
1242,0.1311265230178833,,480.2960617542267,100.50088787078857,,
1243,0.10021831840276718,,480.67626905441284,100.57824349403381,,
1244,0.11278786510229111,,481.0567538738251,100.65560674667358,,
1245,0.09589474648237228,,481.43761348724365,100.7329683303833,,
1246,0.13368386030197144,,481.8175513744354,100.81028485298157,,
1247,0.1127578392624855,,482.19795775413513,100.88765549659729,,
1248,0.09137023240327835,,482.57868814468384,100.96503162384033,,
1249,0.08482985198497772,,482.95959210395813,101.04239845275879,,
1250,0.11083810776472092,,483.3398895263672,101.11974501609802,,
1251,0.20908844470977783,,483.720388174057,101.19753432273865,,
1252,0.24478384852409363,,484.10026502609253,101.27488613128662,,
1253,0.10714352130889893,,484.48066878318787,101.35225057601929,,
1254,0.0810953825712204,,484.8610985279083,101.42961072921753,,
1255,0.07390718162059784,,485.2416801452637,101.50696897506714,,
1256,0.07414642721414566,,485.62183570861816,101.58432579040527,,
1257,0.08400505036115646,,486.00288820266724,101.66167545318604,,
1258,0.08569349348545074,,486.38308572769165,101.73904371261597,,
1259,0.21918712556362152,,486.7632682323456,101.8163640499115,,
1260,0.14775533974170685,,487.1441617012024,101.89371824264526,,
1261,0.13922607898712158,,487.52427911758423,101.97108745574951,,
1262,0.07445238530635834,,487.90442299842834,102.04843401908875,,
1263,0.07795163989067078,,488.28522062301636,102.12579679489136,,
1264,0.07514690607786179,,488.66529273986816,102.20314884185791,,
1265,0.24115362763404846,,489.0456347465515,102.28053522109985,,
1266,0.36635375022888184,,489.4261658191681,102.3578929901123,,
1267,0.07792811840772629,,489.8063893318176,102.43525195121765,,
1268,0.09400347620248795,,490.1867754459381,102.5126268863678,,
1269,0.11377997696399689,,490.5675473213196,102.5901792049408,,
1270,0.14239229261875153,,490.9480164051056,102.66751074790955,,
1271,0.12621751427650452,,491.3285245895386,102.74484634399414,,
1272,0.0958724170923233,,491.93766498565674,102.82223224639893,,
1273,0.12089763581752777,,492.317839384079,102.89958024024963,,
1274,0.11416561901569366,,492.6985020637512,102.97693204879761,,
1275,0.07521318644285202,,493.07891035079956,103.05430936813354,,
1276,0.07040354609489441,,493.4693772792816,103.13164925575256,,
1277,0.06709899753332138,,493.850035905838,103.20900344848633,,
1278,0.07632111012935638,,494.230504989624,103.28637027740479,,
1279,0.12104842066764832,,494.61060976982117,103.36372423171997,,
1280,0.2292250692844391,,494.99920535087585,103.441073179245,,
1281,0.09776996076107025,,495.3794136047363,103.51845788955688,,
1282,0.1364137977361679,,495.75942397117615,103.5958023071289,,
1283,0.07670055329799652,,496.13993740081787,103.67314195632935,,
1284,0.10913069546222687,,496.52002453804016,103.75052785873413,,
1285,0.14446789026260376,,496.90759468078613,103.82787418365479,,
1286,0.15989340841770172,,497.28817796707153,103.90524983406067,,
1287,0.26895871758461,,497.6690516471863,103.98259425163269,,
1288,0.15666531026363373,,498.04919934272766,104.05997824668884,,
1289,0.07304026931524277,,498.43010449409485,104.13736057281494,,
1290,0.16458596289157867,,498.8102972507477,104.21472525596619,,
1291,0.09890776872634888,,499.1905608177185,104.29208612442017,,
1292,0.05467461049556732,,499.5715403556824,104.36939644813538,,
1293,0.06034820154309273,,499.9518895149231,104.44679141044617,,
1294,0.056325312703847885,,500.33219861984253,104.52411770820618,,
1295,0.06738314777612686,,500.71320939064026,104.60146498680115,,
1296,0.07092179358005524,,501.0935139656067,104.67881608009338,,
1297,0.07154600322246552,,501.4736659526825,104.75615811347961,,
1298,0.08388038724660873,,501.85447573661804,104.83349418640137,,
1299,0.12875398993492126,,502.2348937988281,104.91083693504333,,
1300,0.2298157960176468,,502.6148886680603,104.98818445205688,,
1301,0.18293550610542297,,502.9954116344452,105.06553268432617,,
1302,0.2908518314361572,,503.3754143714905,105.14285922050476,,
1303,0.23740507662296295,,503.7559759616852,105.22022199630737,,
1304,0.12447202950716019,,504.13661098480225,105.29756307601929,,
1305,0.0549810491502285,,504.51703238487244,105.37491297721863,,
1306,0.08211498707532883,,504.897522687912,105.45228743553162,,
1307,0.12339409440755844,,505.2788004875183,105.52967143058777,,
1308,0.10609162598848343,,505.6590828895569,105.6070122718811,,
1309,0.11322641372680664,,506.0394117832184,105.68436908721924,,
1310,0.06541266292333603,,506.42108607292175,105.76172995567322,,
1311,0.06270202249288559,,506.8013036251068,105.83908343315125,,
1312,0.07011304050683975,,507.1815857887268,105.9163966178894,,
1313,0.11458945274353027,,507.5623652935028,105.99369978904724,,
1314,0.06212300807237625,,507.9425413608551,106.07105255126953,,
1315,0.07755652815103531,,508.32301115989685,106.14841604232788,,
1316,0.07197236269712448,,508.70384216308594,106.225741147995,,
1317,0.060331813991069794,,509.08411860466003,106.30308032035828,,
1318,0.09948146343231201,,509.464515209198,106.38041615486145,,
1319,0.08028479665517807,,509.84524154663086,106.45778894424438,,
1320,0.10176286101341248,,510.22550678253174,106.53507471084595,,
1321,0.10227508097887039,,510.6057894229889,106.61243033409119,,
1322,0.1528235673904419,,510.9865050315857,106.68975019454956,,
1323,0.1648705154657364,,511.3668165206909,106.76713109016418,,
1324,0.26295459270477295,,511.74719405174255,106.84448313713074,,
1325,0.15673013031482697,,512.3556115627289,106.92183351516724,,
1326,0.17996792495250702,,512.735595703125,106.99919581413269,,
1327,0.11873847246170044,,513.116795539856,107.07656621932983,,
1328,0.221924290060997,,513.4968996047974,107.15392184257507,,
1329,0.13790440559387207,,513.8774933815002,107.23126149177551,,
1330,0.09243214130401611,,514.2580933570862,107.30859971046448,,
1331,0.0662737786769867,,514.6385271549225,107.38594651222229,,
1332,0.17892876267433167,,515.018735408783,107.46332383155823,,
1333,0.16643884778022766,,515.3996875286102,107.54067540168762,,
1334,0.10136926919221878,,515.7799589633942,107.61805891990662,,
1335,0.1185847669839859,,516.1600706577301,107.69540238380432,,
1336,0.11147565394639969,,516.5405995845795,107.77278685569763,,
1337,0.09984149038791656,,516.9210870265961,107.85015988349915,,
1338,0.10975389182567596,,517.3012783527374,107.92754006385803,,
1339,0.07649601250886917,,517.6820487976074,108.00489044189453,,
1340,0.07305449992418289,,518.0618977546692,108.08228278160095,,
1341,0.09283597022294998,,518.4420156478882,108.1596097946167,,
1342,0.20558370649814606,,518.8227486610413,108.23700547218323,,
1343,0.2887871265411377,,519.2027268409729,108.31434035301208,,
1344,0.18151383101940155,,519.5830516815186,108.39168214797974,,
1345,0.06671171635389328,,519.9640157222748,108.4690146446228,,
1346,0.1547785848379135,,520.344161272049,108.54639887809753,,
1347,0.11057984083890915,,520.7243978977203,108.62373995780945,,
1348,0.05239524692296982,,521.1049871444702,108.70109486579895,,
1349,0.05746787413954735,,521.4853901863098,108.77841639518738,,
1350,0.07393563538789749,,521.8656628131866,108.85577416419983,,
1351,0.11308319121599197,,522.2461171150208,108.93311715126038,,
1352,0.15515588223934174,,522.6264691352844,109.01047086715698,,
1353,0.05598314851522446,,523.0067932605743,109.0878496170044,,
1354,0.05463951826095581,,523.3879144191742,109.165198802948,,
1355,0.0824924111366272,,523.7682032585144,109.24257016181946,,
1356,0.07338601350784302,,524.1485619544983,109.3199450969696,,
1357,0.08135535567998886,,524.529305934906,109.39733242988586,,
1358,0.07720036804676056,,524.9096083641052,109.47472381591797,,
1359,0.07763006538152695,,525.2899212837219,109.55206418037415,,
1360,0.10060440748929977,,525.6705939769745,109.62942361831665,,
1361,0.11684996634721756,,526.0508117675781,109.7067768573761,,
1362,0.19889232516288757,,526.4309916496277,109.78410339355469,,
1363,0.2570052146911621,,526.8116939067841,109.86142683029175,,
1364,0.2004990428686142,,527.1920824050903,109.93879246711731,,
1365,0.12528754770755768,,527.5724003314972,110.01654624938965,,
1366,0.16813628375530243,,527.9528069496155,110.09391188621521,,
1367,0.09695415943861008,,528.3329901695251,110.17122268676758,,
1368,0.07599674165248871,,528.713125705719,110.24855399131775,,
1369,0.08936916291713715,,529.0938951969147,110.32589983940125,,
1370,0.07818765193223953,,529.474093914032,110.40330410003662,,
1371,0.07582684606313705,,529.8541836738586,110.48066544532776,,
1372,0.08604746311903,,530.2349853515625,110.55848288536072,,
1373,0.12439747154712677,,530.6152997016907,110.63586068153381,,
1374,0.13714741170406342,,530.9954597949982,110.71364855766296,,
1375,0.24433016777038574,,531.376335144043,110.7909996509552,,
1376,0.20929741859436035,,531.7567193508148,110.86832857131958,,
1377,0.23159047961235046,,532.1376755237579,110.94567036628723,,
1378,0.23524843156337738,,532.7465391159058,111.02307891845703,,
1379,0.14165398478507996,,533.1271657943726,111.10040473937988,,
1380,0.11591299623250961,,533.5077681541443,111.17776036262512,,
1381,0.1251853108406067,,533.8881101608276,111.25509452819824,,
1382,0.17132797837257385,,534.2682268619537,111.33244013786316,,
1383,0.17015716433525085,,534.6492910385132,111.40979290008545,,
1384,0.24241067469120026,,535.0295343399048,111.48713636398315,,
1385,0.17279085516929626,,535.409729719162,111.56448459625244,,
1386,0.12639762461185455,,535.7902479171753,111.64185881614685,,
1387,0.15532445907592773,,536.1703851222992,111.7192177772522,,
1388,0.10835210978984833,,536.5507872104645,111.79656481742859,,
1389,0.11651358753442764,,536.9314639568329,111.87392091751099,,
1390,0.08548537641763687,,537.3118817806244,111.95126223564148,,
1391,0.13026905059814453,,537.6919803619385,112.02860689163208,,
1392,0.13452225923538208,,538.0727803707123,112.10597014427185,,
1393,0.1628500074148178,,538.4531922340393,112.18337392807007,,
1394,0.1054564118385315,,538.8333694934845,112.26073551177979,,
1395,0.08387883752584457,,539.2140665054321,112.33811616897583,,
1396,0.0951286032795906,,539.5944671630859,112.41545724868774,,
1397,0.08086247742176056,,539.9744889736176,112.49278998374939,,
1398,0.06897614151239395,,540.3550171852112,112.5701470375061,,
1399,0.05936839431524277,,540.7348330020905,112.64752864837646,,
1400,0.07001974433660507,,541.1150350570679,112.72488594055176,,
1401,0.06279593706130981,,541.4957361221313,112.80225038528442,,
1402,0.09557892382144928,,541.8757796287537,112.87961411476135,,
1403,0.22094900906085968,,542.2557001113892,112.95695233345032,,
1404,0.2079862803220749,,542.6364779472351,113.03434991836548,,
1405,0.16773845255374908,,543.016411781311,113.11171507835388,,
1406,0.11646697670221329,,543.3965055942535,113.18905854225159,,
1407,0.09072458744049072,,543.7772064208984,113.26642966270447,,
1408,0.08297073841094971,,544.1573753356934,113.34378719329834,,
1409,0.1357431560754776,,544.537912607193,113.42114472389221,,
1410,0.23811399936676025,,544.919091463089,113.49849796295166,,
1411,0.14068906009197235,,545.2993838787079,113.57585191726685,,
1412,0.11231547594070435,,545.6793718338013,113.65322756767273,,
1413,0.07893723994493484,,546.0601608753204,113.73062062263489,,
1414,0.06722857803106308,,546.4406518936157,113.80800080299377,,
1415,0.08404695242643356,,546.8213493824005,113.8853747844696,,
1416,0.13462881743907928,,547.2020139694214,113.96275472640991,,
1417,0.12998630106449127,,547.5823187828064,114.04012155532837,,
1418,0.16461609303951263,,547.9627370834351,114.1174829006195,,
1419,0.1629728227853775,,548.3432836532593,114.19486689567566,,
1420,0.16924995183944702,,548.7234325408936,114.27226901054382,,
1421,0.264568954706192,,549.1036024093628,114.34965372085571,,
1422,0.14432914555072784,,549.4843919277191,114.42703032493591,,
1423,0.19398033618927002,,549.8643424510956,114.50439763069153,,
1424,0.10486792773008347,,550.244745016098,114.58175706863403,,
1425,0.07786118239164352,,550.6256649494171,114.6591248512268,,
1426,0.060385726392269135,,551.0066120624542,114.73650574684143,,
1427,0.070554718375206,,551.386777639389,114.81389999389648,,
1428,0.13004085421562195,,551.7675125598907,114.89127087593079,,
1429,0.1380101889371872,,552.1475620269775,114.96862936019897,,
1430,0.21310803294181824,,552.5276708602905,115.04600167274475,,
1431,0.07022283971309662,,553.1362051963806,115.12338256835938,,
1432,0.19093769788742065,,553.516450881958,115.20077323913574,,
1433,0.08497906476259232,,553.897130727768,115.2781183719635,,
1434,0.053522370755672455,,554.2769978046417,115.35548233985901,,
1435,0.06236693635582924,,554.6572690010071,115.43284821510315,,
1436,0.061800405383110046,,555.0384559631348,115.51023054122925,,
1437,0.06712224334478378,,555.4187514781952,115.58760643005371,,
1438,0.10526908934116364,,555.7990944385529,115.664963722229,,
1439,0.19790928065776825,,556.1796898841858,115.7422993183136,,
1440,0.1416337639093399,,556.5596120357513,115.81965231895447,,
1441,0.2807922959327698,,556.9396963119507,115.89698934555054,,
1442,0.08128978312015533,,557.3202390670776,115.97437334060669,,
1443,0.07317741215229034,,557.7003786563873,116.05170154571533,,
1444,0.15590693056583405,,558.0806000232697,116.12911057472229,,
1445,0.14473961293697357,,558.4610970020294,116.20648527145386,,
1446,0.113172747194767,,558.8413777351379,116.28387546539307,,
1447,0.08441083133220673,,559.2235977649689,116.36126518249512,,
1448,0.18362535536289215,,559.6043388843536,116.43863368034363,,
1449,0.1486053764820099,,559.9847934246063,116.51599407196045,,
1450,0.10672220587730408,,560.3650715351105,116.59331512451172,,
1451,0.11274399608373642,,560.7458379268646,116.67067360877991,,
1452,0.07664298266172409,,561.1279723644257,116.74800944328308,,
1453,0.0608711913228035,,561.5083594322205,116.82536506652832,,
1454,0.07528403401374817,,561.8891704082489,116.90269684791565,,
1455,0.08698228001594543,,562.2695350646973,116.98004746437073,,
1456,0.12397576123476028,,562.6496822834015,117.05742263793945,,
1457,0.15154828131198883,,563.0305912494659,117.13476705551147,,
1458,0.13251417875289917,,563.4109687805176,117.21216988563538,,
1459,0.2440405935049057,,563.7914917469025,117.28955411911011,,
1460,0.1269393116235733,,564.1720194816589,117.36691951751709,,
1461,0.05854214355349541,,564.5523376464844,117.44430875778198,,
1462,0.05203624814748764,,564.9326822757721,117.52170419692993,,
1463,0.05495857819914818,,565.3130083084106,117.59904479980469,,
1464,0.08276250213384628,,565.6935408115387,117.67641758918762,,
1465,0.0673428401350975,,566.0737001895905,117.75378346443176,,
1466,0.05942484363913536,,566.4542279243469,117.83115911483765,,
1467,0.06292858719825745,,566.8345816135406,117.90851712226868,,
1468,0.09935550391674042,,567.2147905826569,117.98593997955322,,
1469,0.161906436085701,,567.5954873561859,118.06335806846619,,
1470,0.3214787244796753,,567.9757902622223,118.14073657989502,,
1471,0.103605717420578,,568.3557856082916,118.21813011169434,,
1472,0.10165540874004364,,568.7364809513092,118.29551863670349,,
1473,0.0961923897266388,,569.1171267032623,118.37290549278259,,
1474,0.12896057963371277,,569.4974348545074,118.45028614997864,,
1475,0.16775354743003845,,569.8782470226288,118.52766370773315,,
1476,0.1647837907075882,,570.2607665061951,118.60500979423523,,
1477,0.11579834669828415,,570.6409721374512,118.68237066268921,,
1478,0.06098080053925514,,571.0218045711517,118.75975179672241,,
1479,0.12050081044435501,,571.401965379715,118.83711743354797,,
1480,0.05579838901758194,,571.7822539806366,118.9144914150238,,
1481,0.0859961062669754,,572.1630825996399,118.9918737411499,,
1482,0.0610378161072731,,572.5433361530304,119.06926798820496,,
1483,0.21582499146461487,,572.9239702224731,119.14665412902832,,
1484,0.11148300021886826,,573.5322859287262,119.22401332855225,,
1485,0.05307045578956604,,573.9123895168304,119.30142450332642,,
1486,0.059404052793979645,,574.293025970459,119.37879586219788,,
1487,0.0671893060207367,,574.6734297275543,119.45618200302124,,
1488,0.06414375454187393,,575.0537769794464,119.53355646133423,,
1489,0.08531602472066879,,575.4343566894531,119.61096835136414,,
1490,0.0850672721862793,,575.8141174316406,119.68836498260498,,
1491,0.09831423312425613,,576.1944360733032,119.76573276519775,,
1492,0.10009563714265823,,576.5750107765198,119.84311366081238,,
1493,0.12062860280275345,,576.9549822807312,119.92050671577454,,
1494,0.12040475755929947,,577.335382938385,119.99788808822632,,
1495,0.13850454986095428,,577.7180614471436,120.07528901100159,,
1496,0.1563858985900879,,578.0984606742859,120.15266036987305,,
1497,0.1041848435997963,,578.4789199829102,120.23006939888,,
1498,0.06602287292480469,,578.8595924377441,120.30745506286621,,
1499,0.06944815814495087,,579.2402601242065,120.38483667373657,,
1500,0.0770813524723053,0.01949560083448887,579.6206731796265,121.87290501594543,0.07039641588926315,0.12888169288635254
1501,0.10428745299577713,,580.0027163028717,121.95023894309998,,
1502,0.10888875275850296,,580.3828384876251,122.02756524085999,,
1503,0.10321204364299774,,580.7633304595947,122.10492253303528,,
1504,0.09155773371458054,,581.1440649032593,122.18228077888489,,
1505,0.1194332167506218,,581.5244116783142,122.25966882705688,,
1506,0.19017376005649567,,581.9044983386993,122.3370521068573,,
1507,0.1814601570367813,,582.2854042053223,122.41440844535828,,
1508,0.08837685734033585,,582.6658139228821,122.49179816246033,,
1509,0.07195389270782471,,583.0460612773895,122.56915187835693,,
1510,0.06374022364616394,,583.4271173477173,122.64650678634644,,
1511,0.06439099460840225,,583.8075797557831,122.72389459609985,,
1512,0.06716588139533997,,584.1879444122314,122.80122780799866,,
1513,0.06402899324893951,,584.5692703723907,122.87866044044495,,
1514,0.06272418051958084,,584.9496290683746,122.95605230331421,,
1515,0.06120605394244194,,585.3300597667694,123.0334141254425,,
1516,0.06566384434700012,,585.7107818126678,123.11078071594238,,
1517,0.09710460156202316,,586.0911872386932,123.18814420700073,,
1518,0.13730618357658386,,586.4712791442871,123.26551151275635,,
1519,0.1766839325428009,,586.8522553443909,123.34286117553711,,
1520,0.08287603408098221,,587.232771396637,123.42019367218018,,
1521,0.07935206592082977,,587.6133637428284,123.49754810333252,,
1522,0.07953129708766937,,587.994204044342,123.57487893104553,,
1523,0.12577767670154572,,588.3743808269501,123.6522605419159,,
1524,0.13899801671504974,,588.7547314167023,123.72961688041687,,
1525,0.1572275608778,,589.1356067657471,123.80698728561401,,
1526,0.4009724259376526,,589.5160412788391,123.88436841964722,,
1527,0.3505231440067291,,589.8967401981354,123.96175813674927,,
1528,0.17985054850578308,,590.2773931026459,124.03913259506226,,
1529,0.09222069382667542,,590.6663303375244,124.11654138565063,,
1530,0.09420249611139297,,591.0462372303009,124.19394111633301,,
1531,0.06530426442623138,,591.4273645877838,124.27133107185364,,
1532,0.06956545263528824,,591.8076002597809,124.3487160205841,,
1533,0.08240334689617157,,592.1876785755157,124.4261302947998,,
1534,0.0770561471581459,,592.5685751438141,124.50351762771606,,
1535,0.08950430899858475,,592.9485728740692,124.58092284202576,,
1536,0.059289880096912384,,593.3290264606476,124.65828275680542,,
1537,0.062479760497808456,,593.937169790268,124.735684633255,,
1538,0.07385357469320297,,594.3174488544464,124.81309700012207,,
1539,0.08492987602949142,,594.6982820034027,124.89048361778259,,
1540,0.07542584836483002,,595.0784187316895,124.96786975860596,,
1541,0.10897619277238846,,595.4589524269104,125.04523992538452,,
1542,0.08375028520822525,,595.839706659317,125.12266874313354,,
1543,0.09170833975076675,,596.2201511859894,125.2000663280487,,
1544,0.0963326245546341,,596.6015179157257,125.2774646282196,,
1545,0.08201425522565842,,596.982213973999,125.3548481464386,,
1546,0.06395817548036575,,597.3624196052551,125.43223595619202,,
1547,0.0684097558259964,,597.7427854537964,125.50959157943726,,
1548,0.06355500966310501,,598.1241250038147,125.58699202537537,,
1549,0.06907875090837479,,598.5043110847473,125.66435599327087,,
1550,0.0744461938738823,,598.8843131065369,125.74172115325928,,
1551,0.07151162624359131,,599.265204668045,125.8190655708313,,
1552,0.10404358804225922,,599.6452791690826,125.896409034729,,
1553,0.1281910240650177,,600.0254690647125,125.97377872467041,,
1554,0.10870542377233505,,600.4060645103455,126.05118370056152,,
1555,0.09390609711408615,,600.7864980697632,126.12857103347778,,
1556,0.081679567694664,,601.1666324138641,126.20591449737549,,
1557,0.0740046352148056,,601.5472929477692,126.2832899093628,,
1558,0.12042303383350372,,601.9279253482819,126.36066174507141,,
1559,0.38731497526168823,,602.3084709644318,126.43803787231445,,
1560,0.08729121088981628,,602.689092874527,126.5154197216034,,
1561,0.08973858505487442,,603.0696074962616,126.5928738117218,,
1562,0.06138509139418602,,603.4502506256104,126.67023539543152,,
1563,0.056927796453237534,,603.8316462039948,126.74756217002869,,
1564,0.054269153624773026,,604.2119512557983,126.82496333122253,,
1565,0.06448323279619217,,604.5922589302063,126.90233492851257,,
1566,0.06414929777383804,,604.9729449748993,126.97970819473267,,
1567,0.08804664760828018,,605.3535571098328,127.05708289146423,,
1568,0.14022432267665863,,605.733939409256,127.13449764251709,,
1569,0.2503911852836609,,606.1151044368744,127.2119038105011,,
1570,0.20100709795951843,,606.4951305389404,127.28928589820862,,
1571,0.07076789438724518,,606.8754684925079,127.36665201187134,,
1572,0.10171804577112198,,607.2565205097198,127.4440348148346,,
1573,0.11789160966873169,,607.6369001865387,127.52140831947327,,
1574,0.11914775520563126,,608.017235994339,127.59884071350098,,
1575,0.12100350856781006,,608.3978061676025,127.67621326446533,,
1576,0.11501084268093109,,608.7777180671692,127.75356698036194,,
1577,0.07955942302942276,,609.1579887866974,127.83090353012085,,
1578,0.07118308544158936,,609.5395321846008,127.90825581550598,,
1579,0.08338777720928192,,609.9202044010162,127.98560738563538,,
1580,0.06887070089578629,,610.3006639480591,128.06302523612976,,
1581,0.06347179412841797,,610.6814184188843,128.14039158821106,,
1582,0.06649257242679596,,611.0623400211334,128.21774673461914,,
1583,0.08178165555000305,,611.4428629875183,128.29511213302612,,
1584,0.11832406371831894,,611.8239154815674,128.3724913597107,,
1585,0.09174741804599762,,612.2047698497772,128.4498541355133,,
1586,0.1551959216594696,,612.5848710536957,128.52723002433777,,
1587,0.12083202600479126,,612.9654896259308,128.6045892238617,,
1588,0.07785138487815857,,613.3455994129181,128.6819441318512,,
1589,0.06457816809415817,,613.7256898880005,128.75929808616638,,
1590,0.06388681381940842,,614.3345177173615,128.8366677761078,,
1591,0.09937237948179245,,614.7145915031433,128.91401839256287,,
1592,0.12483249604701996,,615.0954217910767,128.9913911819458,,
1593,0.1434980034828186,,615.4761452674866,129.06874895095825,,
1594,0.07390572875738144,,615.8561940193176,129.14612340927124,,
1595,0.0727887973189354,,616.2370238304138,129.22347784042358,,
1596,0.12280447781085968,,616.6173174381256,129.30129146575928,,
1597,0.1484478861093521,,616.9975907802582,129.3786599636078,,
1598,0.15529190003871918,,617.3796322345734,129.45646023750305,,
1599,0.18054386973381042,,617.7598147392273,129.53383874893188,,
1600,0.2019069641828537,,618.1403291225433,129.61123776435852,,
1601,0.13317327201366425,,618.5209450721741,129.68862390518188,,
1602,0.06725582480430603,,618.9012076854706,129.7659957408905,,
1603,0.0626220777630806,,619.2815866470337,129.84340047836304,,
1604,0.06010720133781433,,619.6623742580414,129.92078042030334,,
1605,0.0725448951125145,,620.0425066947937,129.99816465377808,,
1606,0.07069867104291916,,620.4227540493011,130.07552337646484,,
1607,0.08420413732528687,,620.8036472797394,130.15289664268494,,
1608,0.21072989702224731,,621.1837706565857,130.23029470443726,,
1609,0.17400623857975006,,621.5638697147369,130.3076615333557,,
1610,0.06987232714891434,,621.9445605278015,130.38503193855286,,
1611,0.05612875893712044,,622.3247494697571,130.46240234375,,
1612,0.19683432579040527,,622.7053692340851,130.53979110717773,,
1613,0.126728355884552,,623.0863089561462,130.61715459823608,,
1614,0.10221541672945023,,623.4666085243225,130.69452834129333,,
1615,0.11779791861772537,,623.8467524051666,130.77189564704895,,
1616,0.09196502715349197,,624.2273700237274,130.84923124313354,,
1617,0.10774801671504974,,624.6077208518982,130.92656326293945,,
1618,0.07676070928573608,,624.9879989624023,131.003888130188,,
1619,0.07038094103336334,,625.36869597435,131.08125495910645,,
1620,0.07115934044122696,,625.7491834163666,131.15862393379211,,
1621,0.06738833338022232,,626.1292440891266,131.23598527908325,,
1622,0.06930793076753616,,626.5098905563354,131.31331515312195,,
1623,0.06866688281297684,,626.8914113044739,131.39065551757812,,
1624,0.06924866139888763,,627.2716948986053,131.4680335521698,,
1625,0.07290352135896683,,627.6526267528534,131.54537916183472,,
1626,0.07541125267744064,,628.0327160358429,131.6227102279663,,
1627,0.07894045114517212,,628.4129068851471,131.7000606060028,,
1628,0.07356095314025879,,628.7973020076752,131.77740621566772,,
1629,0.06884489208459854,,629.177729845047,131.85474967956543,,
1630,0.10350742936134338,,629.5580358505249,131.93209671974182,,
1631,0.11471318453550339,,629.9388484954834,132.00944232940674,,
1632,0.1335606724023819,,630.3191864490509,132.0867841243744,,
1633,0.0949636772274971,,630.6994354724884,132.16412043571472,,
1634,0.09530005604028702,,631.080071926117,132.2415008544922,,
1635,0.06444285809993744,,631.460198879242,132.31887030601501,,
1636,0.06088279187679291,,631.8401212692261,132.3962278366089,,
1637,0.07149296253919601,,632.2208797931671,132.4735836982727,,
1638,0.0945931226015091,,632.6008901596069,132.5509159564972,,
1639,0.12153159081935883,,632.9808735847473,132.62824702262878,,
1640,0.08154290169477463,,633.3614778518677,132.70562291145325,,
1641,0.07717445492744446,,633.7415626049042,132.78298330307007,,
1642,0.06479626148939133,,634.1220798492432,132.8604040145874,,
1643,0.06895396113395691,,634.7309250831604,132.93778657913208,,
1644,0.06289830803871155,,635.111260175705,133.01516103744507,,
1645,0.05979970097541809,,635.4919798374176,133.0925498008728,,
1646,0.09864827245473862,,635.8732845783234,133.1699001789093,,
1647,0.5035061240196228,,636.2536661624908,133.24732851982117,,
1648,0.5294820666313171,,636.634777545929,133.32470512390137,,
1649,0.29667478799819946,,637.0150187015533,133.40202474594116,,
1650,0.11211053282022476,,637.3952615261078,133.47983026504517,,
1651,0.09185013920068741,,637.7763743400574,133.55724167823792,,
1652,0.08242430537939072,,638.1569013595581,133.63461995124817,,
1653,0.09626971185207367,,638.537091255188,133.71197175979614,,
1654,0.12509243190288544,,638.9179406166077,133.7893364429474,,
1655,0.1200316995382309,,639.298267364502,133.86669611930847,,
1656,0.10368311405181885,,639.6787352561951,133.9440734386444,,
1657,0.15548262000083923,,640.0597052574158,134.0214536190033,,
1658,0.22535976767539978,,640.4401969909668,134.09882926940918,,
1659,0.12397874891757965,,640.8204329013824,134.17621445655823,,
1660,0.10549075156450272,,641.2016212940216,134.2536108493805,,
1661,0.10415054112672806,,641.5818021297455,134.33096575737,,
1662,0.11701223254203796,,641.9616475105286,134.4083399772644,,
1663,0.13371601700782776,,642.3423771858215,134.48567128181458,,
1664,0.14518141746520996,,642.7228844165802,134.56345915794373,,
1665,0.1117282286286354,,643.1033856868744,134.6408553123474,,
1666,0.09829749166965485,,643.4838106632233,134.71828055381775,,
1667,0.09731203317642212,,643.8644306659698,134.79584002494812,,
1668,0.08648410439491272,,644.2448670864105,134.87320113182068,,
1669,0.0793495699763298,,644.6257538795471,134.9505808353424,,
1670,0.07777678966522217,,645.0059947967529,135.02793908119202,,
1671,0.10674911737442017,,645.3861389160156,135.105304479599,,
1672,0.099410280585289,,645.7668845653534,135.18269419670105,,
1673,0.13859356939792633,,646.1477284431458,135.26006603240967,,
1674,0.1051090806722641,,646.5278685092926,135.33749079704285,,
1675,0.0755734071135521,,646.908759355545,135.41484689712524,,
1676,0.08597423881292343,,647.2908346652985,135.49222922325134,,
1677,0.09499352425336838,,647.6709749698639,135.56957268714905,,
1678,0.07905580848455429,,648.0516953468323,135.64694833755493,,
1679,0.10270030051469803,,648.4321377277374,135.72432589530945,,
1680,0.06581927835941315,,648.8126001358032,135.80168986320496,,
1681,0.09681057184934616,,649.1935362815857,135.87908673286438,,
1682,0.1204078420996666,,649.5742790699005,135.95649242401123,,
1683,0.13610230386257172,,649.9545686244965,136.03382444381714,,
1684,0.2868497669696808,,650.3352565765381,136.11116766929626,,
1685,0.0770634263753891,,650.7157411575317,136.18852853775024,,
1686,0.06693153828382492,,651.0959830284119,136.26588940620422,,
1687,0.06016986072063446,,651.4768059253693,136.3432469367981,,
1688,0.0626959577202797,,651.8573842048645,136.42060923576355,,
1689,0.08628349006175995,,652.2377605438232,136.49795293807983,,
1690,0.10739955306053162,,652.6184582710266,136.575297832489,,
1691,0.08762694895267487,,652.9988405704498,136.65267062187195,,
1692,0.08695638924837112,,653.3790397644043,136.7300205230713,,
1693,0.07264488190412521,,653.7601189613342,136.80741715431213,,
1694,0.07124526798725128,,654.1402726173401,136.88478255271912,,
1695,0.07264126092195511,,654.5207705497742,136.96215915679932,,
1696,0.07669787108898163,,655.1293113231659,137.03953289985657,,
1697,0.12421244382858276,,655.509644985199,137.11691451072693,,
1698,0.3687559962272644,,655.8904769420624,137.19425559043884,,
1699,0.16630105674266815,,656.2708716392517,137.27163124084473,,
1700,0.13105592131614685,,656.6510813236237,137.34900951385498,,
1701,0.11830754578113556,,657.0318465232849,137.4263732433319,,
1702,0.08666578680276871,,657.4121751785278,137.50371980667114,,
1703,0.08397262543439865,,657.7923429012299,137.5810968875885,,
1704,0.078590989112854,,658.1730256080627,137.65846252441406,,
1705,0.07900562137365341,,658.5533590316772,137.7362380027771,,
1706,0.08093688637018204,,658.9332365989685,137.81361413002014,,
1707,0.07715994119644165,,659.3139894008636,137.8910014629364,,
1708,0.07426168769598007,,659.6945509910583,137.96833205223083,,
1709,0.07318101823329926,,660.0749170780182,138.04568529129028,,
1710,0.07598288357257843,,660.4554772377014,138.12304759025574,,
1711,0.07464698702096939,,660.8359243869781,138.20039820671082,,
1712,0.08467653393745422,,661.2159013748169,138.2777919769287,,
1713,0.0988142192363739,,661.5965292453766,138.355206489563,,
1714,0.09972697496414185,,661.9767451286316,138.4325704574585,,
1715,0.07109899073839188,,662.3568134307861,138.50998425483704,,
1716,0.06931671500205994,,662.7378675937653,138.5873966217041,,
1717,0.06733470410108566,,663.118575334549,138.66478776931763,,
1718,0.07218632102012634,,663.4988226890564,138.74214124679565,,
1719,0.06797987222671509,,663.8801975250244,138.81949543952942,,
1720,0.07449842244386673,,664.2608995437622,138.8968563079834,,
1721,0.06813342124223709,,664.641031742096,138.97425723075867,,
1722,0.06287280470132828,,665.0218274593353,139.05164885520935,,
1723,0.059257328510284424,,665.4024937152863,139.12904024124146,,
1724,0.061090659350156784,,665.7829089164734,139.20643520355225,,
1725,0.08793658018112183,,666.1640214920044,139.28375840187073,,
1726,0.1642463356256485,,666.544323682785,139.36112713813782,,
1727,0.0875069871544838,,666.9246919155121,139.4384925365448,,
1728,0.06005570665001869,,667.3054895401001,139.5158405303955,,
1729,0.09969761967658997,,667.6859354972839,139.59320855140686,,
1730,0.08755683898925781,,668.0666136741638,139.67055201530457,,
1731,0.07837699353694916,,668.4473600387573,139.74794363975525,,
1732,0.08580918610095978,,668.827775478363,139.82530784606934,,
1733,0.10571898519992828,,669.2082195281982,139.9026801586151,,
1734,0.10256480425596237,,669.5890421867371,139.98006796836853,,
1735,0.07060590386390686,,669.9686753749847,140.0574493408203,,
1736,0.06482149660587311,,670.3489248752594,140.1348249912262,,
1737,0.06061016768217087,,670.7296042442322,140.21218466758728,,
1738,0.07039894163608551,,671.1096172332764,140.28955554962158,,
1739,0.10597295314073563,,671.4897673130035,140.3668830394745,,
1740,0.10648564994335175,,671.8706121444702,140.44427704811096,,
1741,0.09420750290155411,,672.2506065368652,140.52163434028625,,
1742,0.12382957339286804,,672.6309010982513,140.5990755558014,,
1743,0.11417186260223389,,673.0115737915039,140.67641472816467,,
1744,0.22668501734733582,,673.3920290470123,140.7537796497345,,
1745,0.20346160233020782,,673.7721705436707,140.8311469554901,,
1746,0.06018076464533806,,674.1531846523285,140.90854716300964,,
1747,0.06378690898418427,,674.5333869457245,140.98591494560242,,
1748,0.0723676085472107,,674.9136974811554,141.06327366828918,,
1749,0.0693628340959549,,675.5220110416412,141.1406536102295,,
1750,0.06970711052417755,,675.9022417068481,141.21806454658508,,
1751,0.06659012287855148,,676.283319234848,141.29544949531555,,
1752,0.06751400232315063,,676.663435459137,141.37283062934875,,
1753,0.07558788359165192,,677.043683052063,141.4501826763153,,
1754,0.07519405335187912,,677.4243159294128,141.52757358551025,,
1755,0.0947345644235611,,677.8045074939728,141.60497570037842,,
1756,0.10780200362205505,,678.1846878528595,141.682386636734,,
1757,0.0971953272819519,,678.5654540061951,141.75976634025574,,
1758,0.09209699183702469,,678.9460616111755,141.83716797828674,,
1759,0.0910787358880043,,679.330001115799,141.91453862190247,,
1760,0.0720830038189888,,679.710508108139,141.9919376373291,,
1761,0.07361975312232971,,680.0904431343079,142.06929421424866,,
1762,0.05887855589389801,,680.470650434494,142.14667224884033,,
1763,0.10342314094305038,,680.8513250350952,142.2240493297577,,
1764,0.1371069997549057,,681.2315258979797,142.3014395236969,,
1765,0.14640328288078308,,681.6116082668304,142.37882018089294,,
1766,0.13476777076721191,,681.9922206401825,142.45621275901794,,
1767,0.05895761772990227,,682.3720908164978,142.53361248970032,,
1768,0.07002508640289307,,682.7523436546326,142.61101269721985,,
1769,0.09109371155500412,,683.133086681366,142.68841409683228,,
1770,0.09028106927871704,,683.5136897563934,142.7657825946808,,
1771,0.14746370911598206,,683.8938834667206,142.84314560890198,,
1772,0.2196805477142334,,684.274950504303,142.92052054405212,,
1773,0.11862682551145554,,684.6551442146301,142.99787974357605,,
1774,0.10504427552223206,,685.0354669094086,143.07520985603333,,
1775,0.05731634050607681,,685.4161503314972,143.1525592803955,,
1776,0.08493635803461075,,685.7963275909424,143.2299611568451,,
1777,0.11611514538526535,,686.1765177249908,143.30732583999634,,
1778,0.10747238248586655,,686.5572021007538,143.38468146324158,,
1779,0.05831419304013252,,686.9375066757202,143.46202397346497,,
1780,0.055752839893102646,,687.3176305294037,143.5393931865692,,
1781,0.0637383684515953,,687.6982984542847,143.61676669120789,,
1782,0.07400181144475937,,688.0784106254578,143.6941306591034,,
1783,0.08657882362604141,,688.4586713314056,143.771479845047,,
1784,0.07844248414039612,,688.8393521308899,143.84883046150208,,
1785,0.07900366187095642,,689.2204308509827,143.92620420455933,,
1786,0.08666139841079712,,689.6013600826263,144.00356674194336,,
1787,0.10185238718986511,,689.9821670055389,144.0809199810028,,
1788,0.11396993696689606,,690.3622200489044,144.1582841873169,,
1789,0.0762396827340126,,690.7431614398956,144.23569440841675,,
1790,0.06515280902385712,,691.1241776943207,144.31309247016907,,
1791,0.06583902984857559,,691.5042595863342,144.3904812335968,,
1792,0.07075317949056625,,691.8846836090088,144.46784901618958,,
1793,0.18496792018413544,,692.2657039165497,144.5452139377594,,
1794,0.2809864282608032,,692.6458685398102,144.62257075309753,,
1795,0.045917656272649765,,693.0261902809143,144.6999328136444,,
1796,0.12753735482692719,,693.4071815013885,144.7773036956787,,
1797,0.13055561482906342,,693.7873384952545,144.85465145111084,,
1798,0.083380326628685,,694.168071269989,144.93200087547302,,
1799,0.16486883163452148,,694.5487377643585,145.0093400478363,,
1800,0.11305835098028183,,694.9290444850922,145.08712649345398,,
1801,0.0821395143866539,,695.3090279102325,145.16448760032654,,
1802,0.06574750691652298,,695.917409658432,145.24184250831604,,
1803,0.08085981756448746,,696.2977092266083,145.31922793388367,,
1804,0.10393159091472626,,696.6783576011658,145.3965883255005,,
1805,0.10683566331863403,,697.0586843490601,145.4739773273468,,
1806,0.12314905226230621,,697.4390926361084,145.5513195991516,,
1807,0.066840760409832,,697.8197107315063,145.6286962032318,,
1808,0.05680769309401512,,698.2000679969788,145.706063747406,,
1809,0.08535583317279816,,698.5805263519287,145.7834165096283,,
1810,0.08373989164829254,,698.9610483646393,145.86074376106262,,
1811,0.1614471822977066,,699.3413093090057,145.93809056282043,,
1812,0.051919370889663696,,699.7214977741241,146.01544761657715,,
1813,0.04958523437380791,,700.1024265289307,146.09282064437866,,
1814,0.05614364147186279,,700.4829976558685,146.17018723487854,,
1815,0.07347218692302704,,700.86332654953,146.247576713562,,
1816,0.07976249605417252,,701.2440066337585,146.32492780685425,,
1817,0.11512632668018341,,701.6244449615479,146.40232825279236,,
1818,0.16298024356365204,,702.0046255588531,146.47972130775452,,
1819,0.28826746344566345,,702.3855855464935,146.55709981918335,,
1820,0.11324471980333328,,702.7662220001221,146.6344871520996,,
1821,0.09814590960741043,,703.1463513374329,146.71184706687927,,
1822,0.1081114187836647,,703.5270192623138,146.78924942016602,,
1823,0.10017476230859756,,703.9077112674713,146.8665828704834,,
1824,0.07737159729003906,,704.2878205776215,146.94397163391113,,
1825,0.08519384264945984,,704.6685311794281,147.02136421203613,,
1826,0.11247967183589935,,705.0486931800842,147.09872579574585,,
1827,0.10765139758586884,,705.4289305210114,147.1760950088501,,
1828,0.1629786640405655,,705.8097264766693,147.25347638130188,,
1829,0.1393452137708664,,706.1897854804993,147.3308618068695,,
1830,0.09326338768005371,,706.5735943317413,147.40824246406555,,
1831,0.05485003814101219,,706.9547171592712,147.48563838005066,,
1832,0.08400993049144745,,707.3348431587219,147.56301736831665,,
1833,0.057692065834999084,,707.7148611545563,147.64036965370178,,
1834,0.0925430953502655,,708.0955333709717,147.71775007247925,,
1835,0.059762030839920044,,708.4760158061981,147.79514360427856,,
1836,0.070976622402668,,708.8560521602631,147.87254691123962,,
1837,0.07504331320524216,,709.2368774414062,147.95007491111755,,
1838,0.12702500820159912,,709.6169676780701,148.02746176719666,,
1839,0.182973712682724,,709.9971766471863,148.10481762886047,,
1840,0.09953588992357254,,710.3780188560486,148.18216800689697,,
1841,0.0703519955277443,,710.7582743167877,148.25953316688538,,
1842,0.0890936404466629,,711.138409614563,148.3369619846344,,
1843,0.06856587529182434,,711.5191226005554,148.41435766220093,,
1844,0.07214619964361191,,711.8994164466858,148.4917504787445,,
1845,0.11467830091714859,,712.2792835235596,148.56912970542908,,
1846,0.10120084881782532,,712.6598954200745,148.64651083946228,,
1847,0.11020547151565552,,713.0402104854584,148.72389912605286,,
1848,0.09750817716121674,,713.4204504489899,148.80130171775818,,
1849,0.060144368559122086,,713.8010437488556,148.87870717048645,,
1850,0.06312818080186844,,714.1812195777893,148.9560649394989,,
1851,0.05667240545153618,,714.5612206459045,149.03344321250916,,
1852,0.11033717542886734,,714.9414656162262,149.11079907417297,,
1853,0.12859995663166046,,715.3216671943665,149.1881821155548,,
1854,0.14785385131835938,,715.7025451660156,149.2655291557312,,
1855,0.19706116616725922,,716.3112833499908,149.34290981292725,,
1856,0.1076989620923996,,716.6916110515594,149.42028284072876,,
1857,0.06489402800798416,,717.0724635124207,149.49761629104614,,
1858,0.0511896088719368,,717.453042268753,149.57497930526733,,
1859,0.09900342673063278,,717.8332636356354,149.65234565734863,,
1860,0.105812668800354,,718.2138822078705,149.72969841957092,,
1861,0.09521732479333878,,718.5939099788666,149.80707907676697,,
1862,0.06731574237346649,,718.9745771884918,149.88446855545044,,
1863,0.06058955937623978,,719.3553280830383,149.9618194103241,,
1864,0.07346764951944351,,719.7354197502136,150.03918170928955,,
1865,0.0655863955616951,,720.1159377098083,150.11654996871948,,
1866,0.07956790179014206,,720.4965243339539,150.1939182281494,,
1867,0.1767953485250473,,720.8771302700043,150.27127313613892,,
1868,0.15936510264873505,,721.2572367191315,150.34866046905518,,
1869,0.10031933337450027,,721.638120174408,150.42597341537476,,
1870,0.05411675199866295,,722.0185856819153,150.5033438205719,,
1871,0.05509058013558388,,722.3995776176453,150.5807545185089,,
1872,0.05726770684123039,,722.780515909195,150.65813446044922,,
1873,0.057639896869659424,,723.1609098911285,150.73591208457947,,
1874,0.04990718886256218,,723.5411148071289,150.81328415870667,,
1875,0.053467363119125366,,723.9219317436218,150.89062523841858,,
1876,0.05393063277006149,,724.3024804592133,150.9679696559906,,
1877,0.05127265676856041,,724.6831486225128,151.04534721374512,,
1878,0.06500755250453949,,725.0636794567108,151.12272357940674,,
1879,0.08377765119075775,,725.444126367569,151.20008087158203,,
1880,0.09681791812181473,,725.8246083259583,151.27789425849915,,
1881,0.11114933341741562,,726.2054378986359,151.35524010658264,,
1882,0.08421745896339417,,726.5856971740723,151.43260502815247,,
1883,0.11916985362768173,,726.9662308692932,151.5099675655365,,
1884,0.11082334816455841,,727.3471465110779,151.58733677864075,,
1885,0.10764475166797638,,727.7276179790497,151.66465711593628,,
1886,0.15073999762535095,,728.1080701351166,151.7420094013214,,
1887,0.0671955943107605,,728.4887642860413,151.81935954093933,,
1888,0.055954460054636,,728.8690938949585,151.89675068855286,,
1889,0.08486445993185043,,729.2495198249817,151.97456073760986,,
1890,0.09599614143371582,,729.6298055648804,152.05195999145508,,
1891,0.15412820875644684,,730.0103549957275,152.12932443618774,,
1892,0.0991356372833252,,730.3907129764557,152.20669388771057,,
1893,0.046524740755558014,,730.7714650630951,152.28408575057983,,
1894,0.051705729216337204,,731.1518561840057,152.36147618293762,,
1895,0.06759630888700485,,731.5323398113251,152.4388496875763,,
1896,0.10465352982282639,,731.9129750728607,152.5162410736084,,
1897,0.09447389841079712,,732.2931518554688,152.5936233997345,,
1898,0.14510029554367065,,732.6735787391663,152.67100858688354,,
1899,0.21640634536743164,,733.0544898509979,152.74840998649597,,
1900,0.11698438972234726,,733.4349112510681,152.82615971565247,,
1901,0.055542659014463425,,733.8151326179504,152.9035255908966,,
1902,0.04734905809164047,,734.1960244178772,152.98087239265442,,
1903,0.049424801021814346,,734.5763947963715,153.05825281143188,,
1904,0.046306587755680084,,734.9563164710999,153.1356384754181,,
1905,0.05519357696175575,,735.3370296955109,153.21343326568604,,
1906,0.046688880771398544,,735.7174122333527,153.29084658622742,,
1907,0.060957133769989014,,736.0978112220764,153.36863613128662,,
1908,0.07725515216588974,,736.7062270641327,153.44602918624878,,
1909,0.061035871505737305,,737.0867736339569,153.52338647842407,,
1910,0.044720377773046494,,737.4675076007843,153.60074281692505,,
1911,0.06502168625593185,,737.8509230613708,153.67820191383362,,
1912,0.08288981020450592,,738.2310879230499,153.75555753707886,,
1913,0.06632032245397568,,738.6118400096893,153.83288979530334,,
1914,0.052025482058525085,,738.9922561645508,153.91025066375732,,
1915,0.05036910995841026,,739.372686624527,153.98762917518616,,
1916,0.056705769151449203,,739.7535812854767,154.0649983882904,,
1917,0.0751291960477829,,740.133998632431,154.14237570762634,,
1918,0.0718807578086853,,740.5142502784729,154.21977591514587,,
1919,0.05199391394853592,,740.895265340805,154.29716563224792,,
1920,0.04621860012412071,,741.2756643295288,154.37452459335327,,
1921,0.05890866369009018,,741.6561996936798,154.45187973976135,,
1922,0.10020681470632553,,742.0372605323792,154.52924799919128,,
1923,0.20312458276748657,,742.4213609695435,154.6066873073578,,
1924,0.09338882565498352,,742.8015513420105,154.68404984474182,,
1925,0.05397392064332962,,743.1820938587189,154.7614185810089,,
1926,0.051120128482580185,,743.5626938343048,154.83876299858093,,
1927,0.11829587072134018,,743.9432229995728,154.91610050201416,,
1928,0.3544028699398041,,744.3242752552032,154.99347972869873,,
1929,0.05372607335448265,,744.7067878246307,155.07089924812317,,
1930,0.04865831881761551,,745.0872204303741,155.14824438095093,,
1931,0.05667352303862572,,745.46790599823,155.22563409805298,,
1932,0.05357507988810539,,745.8481521606445,155.30301666259766,,
1933,0.05171392858028412,,746.2283461093903,155.38038420677185,,
1934,0.061170510947704315,,746.6089153289795,155.45775365829468,,
1935,0.05197035148739815,,746.9892547130585,155.53510522842407,,
1936,0.05055932328104973,,747.3696119785309,155.6124782562256,,
1937,0.09627949446439743,,747.7504351139069,155.68988585472107,,
1938,0.07484443485736847,,748.1310150623322,155.76726698875427,,
1939,0.07991892844438553,,748.5110490322113,155.8445918560028,,
1940,0.056350331753492355,,748.8924188613892,155.92196106910706,,
1941,0.05839056521654129,,749.272604227066,155.99932622909546,,
1942,0.10221298038959503,,749.6530146598816,156.07674598693848,,
1943,0.2682957947254181,,750.033608675003,156.15408205986023,,
1944,0.10682020336389542,,750.413987159729,156.2314419746399,,
1945,0.04929223656654358,,750.7943847179413,156.30877327919006,,
1946,0.07928586006164551,,751.1751804351807,156.38612055778503,,
1947,0.12365218251943588,,751.556973695755,156.4634711742401,,
1948,0.10531096160411835,,751.9373528957367,156.54079747200012,,
1949,0.06961852312088013,,752.3179848194122,156.6181604862213,,
1950,0.05184682086110115,,752.6981797218323,156.69551753997803,,
1951,0.05871252343058586,,753.0780470371246,156.77288627624512,,
1952,0.04761441424489021,,753.458765745163,156.85024666786194,,
1953,0.13355356454849243,,753.8389134407043,156.9276101589203,,
1954,0.17671789228916168,,754.2187855243683,157.00497388839722,,
1955,0.051299087703228,,754.5994362831116,157.08234858512878,,
1956,0.06681999564170837,,754.9797689914703,157.15972113609314,,
1957,0.10253328084945679,,755.3604500293732,157.2370743751526,,
1958,0.18447847664356232,,755.7426173686981,157.31446599960327,,
1959,0.1396060734987259,,756.12291431427,157.39185619354248,,
1960,0.08904466032981873,,756.5031645298004,157.46922945976257,,
1961,0.08135689795017242,,757.1132047176361,157.54658842086792,,
1962,0.05716651305556297,,757.4936006069183,157.6239619255066,,
1963,0.05011247098445892,,757.8744747638702,157.70128965377808,,
1964,0.046059172600507736,,758.254784822464,157.77863359451294,,
1965,0.06218079477548599,,758.6346716880798,157.8559911251068,,
1966,0.052001528441905975,,759.0154228210449,157.93333458900452,,
1967,0.05866385996341705,,759.3954882621765,158.01069736480713,,
1968,0.051173336803913116,,759.7756078243256,158.08804607391357,,
1969,0.060981202870607376,,760.156290769577,158.165376663208,,
1970,0.06784161180257797,,760.5365552902222,158.24273324012756,,
1971,0.061407797038555145,,760.9170410633087,158.32008743286133,,
1972,0.10291069746017456,,761.2977299690247,158.39738845825195,,
1973,0.06711634248495102,,761.6780216693878,158.47470092773438,,
1974,0.11602044105529785,,762.0583081245422,158.55202555656433,,
1975,0.15952830016613007,,762.4391963481903,158.629390001297,,
1976,0.23559823632240295,,762.8193690776825,158.70674300193787,,
1977,0.18212203681468964,,763.1997864246368,158.78406739234924,,
1978,0.06421346962451935,,763.5806539058685,158.86138939857483,,
1979,0.05482815206050873,,763.9610357284546,158.93873119354248,,
1980,0.04685428366065025,,764.3414709568024,159.01608967781067,,
1981,0.05473272129893303,,764.7227411270142,159.0934522151947,,
1982,0.051537688821554184,,765.1032290458679,159.17080450057983,,
1983,0.05426843836903572,,765.4837753772736,159.24813890457153,,
1984,0.1240074634552002,,765.8646223545074,159.32551455497742,,
1985,0.0922473892569542,,766.2451071739197,159.40284848213196,,
1986,0.07550374418497086,,766.6252729892731,159.48023343086243,,
1987,0.08034351468086243,,767.0064098834991,159.55758786201477,,
1988,0.09332111477851868,,767.3865025043488,159.6349539756775,,
1989,0.08469986915588379,,767.7666890621185,159.7122929096222,,
1990,0.057944897562265396,,768.1472699642181,159.78964591026306,,
1991,0.047346629202365875,,768.527782201767,159.86702466011047,,
1992,0.05301246419548988,,768.9079716205597,159.94453883171082,,
1993,0.053335875272750854,,769.2891483306885,160.02188968658447,,
1994,0.046545419842004776,,769.6693124771118,160.0992293357849,,
1995,0.052204679697752,,770.0499806404114,160.17658734321594,,
1996,0.10384318977594376,,770.4310507774353,160.25394105911255,,
1997,0.11025586724281311,,770.811181306839,160.3312909603119,,
1998,0.1742604374885559,,771.1915907859802,160.4086480140686,,
1999,0.12039542943239212,,771.5723631381989,160.48600912094116,,
2000,0.04436607286334038,0.03946639597415924,771.953152179718,161.97415375709534,0.06095965579152107,0.2089071422815323
2001,0.04529926925897598,,772.3340475559235,162.05155563354492,,
2002,0.04679116979241371,,772.7141532897949,162.12897181510925,,
2003,0.0863317996263504,,773.0948040485382,162.20634126663208,,
2004,0.08508501201868057,,773.4755771160126,162.28370213508606,,
2005,0.08044598251581192,,773.8560817241669,162.36104130744934,,
2006,0.13973814249038696,,774.2361881732941,162.4384171962738,,
2007,0.08566485345363617,,774.6170446872711,162.5157434940338,,
2008,0.10054793208837509,,774.9974746704102,162.59353756904602,,
2009,0.07247012853622437,,775.3778228759766,162.6708960533142,,
2010,0.07212020456790924,,775.7586534023285,162.748286485672,,
2011,0.05007375404238701,,776.1389608383179,162.82561707496643,,
2012,0.06234235316514969,,776.5193030834198,162.90299701690674,,
2013,0.10320080816745758,,776.8999760150909,162.98031949996948,,
2014,0.08386357128620148,,777.5079076290131,163.05765342712402,,
2015,0.10195782780647278,,777.892496585846,163.13500809669495,,
2016,0.08403953909873962,,778.2726125717163,163.21234774589539,,
2017,0.11916627734899521,,778.6535024642944,163.28970217704773,,
2018,0.09569356590509415,,779.0343308448792,163.36707258224487,,
2019,0.05962110683321953,,779.4147279262543,163.44440293312073,,
2020,0.05012984201312065,,779.7948431968689,163.52174735069275,,
2021,0.05589038133621216,,780.1756794452667,163.59910774230957,,
2022,0.04986828938126564,,780.5559396743774,163.67646837234497,,
2023,0.07714620977640152,,780.9365651607513,163.75383138656616,,
2024,0.23325972259044647,,781.3175799846649,163.83118295669556,,
2025,0.24222970008850098,,781.6979007720947,163.90856289863586,,
2026,0.07821285724639893,,782.0783636569977,163.98592329025269,,
2027,0.10154852271080017,,782.4594285488129,164.06326055526733,,
2028,0.1273576021194458,,782.8398449420929,164.1405749320984,,
2029,0.11457803845405579,,783.2203538417816,164.21794772148132,,
2030,0.06784569472074509,,783.6014025211334,164.2952766418457,,
2031,0.05819562450051308,,783.9818105697632,164.37259697914124,,
2032,0.05554389953613281,,784.3736062049866,164.44995951652527,,
2033,0.059985123574733734,,784.754531621933,164.52732682228088,,
2034,0.04987227916717529,,785.135023355484,164.60466933250427,,
2035,0.054291632026433945,,785.5155603885651,164.68202209472656,,
2036,0.055517710745334625,,785.8968484401703,164.75937032699585,,
2037,0.07247835397720337,,786.276957988739,164.83673739433289,,
2038,0.08730626106262207,,786.6573903560638,164.91408920288086,,
2039,0.11127129942178726,,787.0417718887329,164.99146556854248,,
2040,0.0775543749332428,,787.421902179718,165.06886768341064,,
2041,0.050430092960596085,,787.8024170398712,165.14621424674988,,
2042,0.06184929236769676,,788.1830079555511,165.22364020347595,,
2043,0.07968901842832565,,788.5634934902191,165.30098748207092,,
2044,0.07861805707216263,,788.9437534809113,165.37834787368774,,
2045,0.0885125920176506,,789.3248925209045,165.45568346977234,,
2046,0.12192651629447937,,789.7048783302307,165.53301286697388,,
2047,0.19097740948200226,,790.0856750011444,165.61033129692078,,
2048,0.15000654757022858,,790.4663350582123,165.68770289421082,,
2049,0.17117372155189514,,790.8461122512817,165.76503705978394,,
2050,0.0757371261715889,,791.2262625694275,165.8423924446106,,
2051,0.04466686025261879,,791.6071629524231,165.91973519325256,,
2052,0.04252345860004425,,791.9875741004944,165.99706983566284,,
2053,0.1098882257938385,,792.3681554794312,166.0744285583496,,
2054,0.1071547195315361,,792.7488956451416,166.15177130699158,,
2055,0.049201298505067825,,793.129400730133,166.22913098335266,,
2056,0.047670792788267136,,793.5099997520447,166.30647945404053,,
2057,0.057818520814180374,,793.8915288448334,166.3838188648224,,
2058,0.0746476873755455,,794.2724339962006,166.46114563941956,,
2059,0.0834718719124794,,794.6529116630554,166.53847074508667,,
2060,0.11692673712968826,,795.0338079929352,166.6158323287964,,
2061,0.11023546010255814,,795.4150576591492,166.69318461418152,,
2062,0.08417900651693344,,795.7953836917877,166.77052068710327,,
2063,0.0763121098279953,,796.1766920089722,166.84792494773865,,
2064,0.049171190708875656,,796.5573768615723,166.92530417442322,,
2065,0.04580828920006752,,796.9382476806641,167.00263333320618,,
2066,0.047608088701963425,,797.319986820221,167.07997822761536,,
2067,0.04681195691227913,,797.9278044700623,167.15732979774475,,
2068,0.056299757212400436,,798.3087153434753,167.2351152896881,,
2069,0.049449171870946884,,798.6887032985687,167.31245183944702,,
2070,0.052440643310546875,,799.0690577030182,167.38982915878296,,
2071,0.06511957943439484,,799.4497475624084,167.46716976165771,,
2072,0.07156427204608917,,799.8299300670624,167.54453253746033,,
2073,0.08877892047166824,,800.2100780010223,167.62189102172852,,
2074,0.22012080252170563,,800.590975522995,167.69925689697266,,
2075,0.13144072890281677,,800.9718713760376,167.77661037445068,,
2076,0.04560494050383568,,801.3521494865417,167.85396671295166,,
2077,0.04275623336434364,,801.7330491542816,167.93133091926575,,
2078,0.047555118799209595,,802.1135716438293,168.0086531639099,,
2079,0.10370204597711563,,802.4944927692413,168.08598065376282,,
2080,0.12267538905143738,,802.8773393630981,168.16331219673157,,
2081,0.09749069064855576,,803.2578580379486,168.241069316864,,
2082,0.08319523185491562,,803.6383273601532,168.31840109825134,,
2083,0.05207805335521698,,804.0194516181946,168.3957486152649,,
2084,0.07230941206216812,,804.3997700214386,168.4731092453003,,
2085,0.04304716736078262,,804.7804396152496,168.55048656463623,,
2086,0.06181487441062927,,805.1613030433655,168.62784337997437,,
2087,0.14466704428195953,,805.54230427742,168.70521092414856,,
2088,0.20577412843704224,,805.92258477211,168.78300619125366,,
2089,0.08887773752212524,,806.3035705089569,168.8603858947754,,
2090,0.1255306452512741,,806.6839399337769,168.93771290779114,,
2091,0.07268059998750687,,807.0648548603058,169.01505970954895,,
2092,0.05805327370762825,,807.445937871933,169.0924472808838,,
2093,0.06835102289915085,,807.8262193202972,169.16978406906128,,
2094,0.06826059520244598,,808.2064762115479,169.2471640110016,,
2095,0.05474213510751724,,808.5960757732391,169.32452726364136,,
2096,0.045903392136096954,,808.9763174057007,169.40186429023743,,
2097,0.0648820623755455,,809.3565590381622,169.47922611236572,,
2098,0.05040547996759415,,809.7373316287994,169.55657243728638,,
2099,0.04927847906947136,,810.1174941062927,169.63390588760376,,
2100,0.07627894729375839,,810.4979269504547,169.71127486228943,,
2101,0.2089800238609314,,810.8789341449738,169.78862714767456,,
2102,0.13074825704097748,,811.2591016292572,169.86595559120178,,
2103,0.06150771677494049,,811.639496088028,169.94328212738037,,
2104,0.04833632707595825,,812.0204205513,170.0206537246704,,
2105,0.046856340020895004,,812.4007685184479,170.09802985191345,,
2106,0.04824895039200783,,812.7812073230743,170.17538905143738,,
2107,0.05114612355828285,,813.1623334884644,170.25276565551758,,
2108,0.13107290863990784,,813.5427107810974,170.33013272285461,,
2109,0.07609008997678757,,813.9230015277863,170.407550573349,,
2110,0.07692627608776093,,814.3043768405914,170.48493361473083,,
2111,0.09107562154531479,,814.6846394538879,170.56273484230042,,
2112,0.04545941948890686,,815.0649290084839,170.64010643959045,,
2113,0.05016767233610153,,815.4458680152893,170.71789646148682,,
2114,0.04594810679554939,,815.8258697986603,170.79527187347412,,
2115,0.04580235108733177,,816.2063271999359,170.87263560295105,,
2116,0.04440570995211601,,816.587278842926,170.9499921798706,,
2117,0.04918155074119568,,816.9675099849701,171.02736949920654,,
2118,0.06576362997293472,,817.3475999832153,171.10474729537964,,
2119,0.05926552787423134,,817.7284634113312,171.18211483955383,,
2120,0.10891349613666534,,818.3363795280457,171.25945687294006,,
2121,0.10652952641248703,,818.7172846794128,171.33680748939514,,
2122,0.058931849896907806,,819.0975203514099,171.41416239738464,,
2123,0.04872541502118111,,819.4776935577393,171.49153113365173,,
2124,0.04728807136416435,,819.8586747646332,171.56888794898987,,
2125,0.05842744931578636,,820.239236831665,171.64623999595642,,
2126,0.061278700828552246,,820.6197810173035,171.72379899024963,,
2127,0.04550350084900856,,821.0010166168213,171.80116510391235,,
2128,0.07452353090047836,,821.3813102245331,171.878559589386,,
2129,0.19690078496932983,,821.7621545791626,171.95593285560608,,
2130,0.15097087621688843,,822.1430370807648,172.0332818031311,,
2131,0.077939972281456,,822.5237197875977,172.11064457893372,,
2132,0.045651815831661224,,822.90358710289,172.1879756450653,,
2133,0.050476063042879105,,823.2844247817993,172.2653033733368,,
2134,0.04820956289768219,,823.665290594101,172.34263396263123,,
2135,0.06692973524332047,,824.045437335968,172.4199733734131,,
2136,0.054544441401958466,,824.4263603687286,172.49730014801025,,
2137,0.16308769583702087,,824.8064770698547,172.57465243339539,,
2138,0.13555462658405304,,825.1869184970856,172.65198421478271,,
2139,0.04253285378217697,,825.5679693222046,172.72934317588806,,
2140,0.05712464079260826,,825.9478187561035,172.80669283866882,,
2141,0.08692962676286697,,826.3281409740448,172.88404655456543,,
2142,0.06757248193025589,,826.708728313446,172.96141862869263,,
2143,0.07163748890161514,,827.0891001224518,173.0387327671051,,
2144,0.09472620487213135,,827.4694888591766,173.11607432365417,,
2145,0.05237257108092308,,827.8503615856171,173.19342756271362,,
2146,0.05494149774312973,,828.2301514148712,173.27076363563538,,
2147,0.05443121865391731,,828.6108469963074,173.34812688827515,,
2148,0.05100167542695999,,828.9916088581085,173.42550039291382,,
2149,0.0435996875166893,,829.3719079494476,173.5028555393219,,
2150,0.06378740072250366,,829.7525663375854,173.5801899433136,,
2151,0.15756860375404358,,830.1412396430969,173.65753865242004,,
2152,0.08115426450967789,,830.5219373703003,173.73488354682922,,
2153,0.08392464369535446,,830.9023382663727,173.81226062774658,,
2154,0.07094483077526093,,831.2830376625061,173.88959217071533,,
2155,0.08949191123247147,,831.6633970737457,173.96690845489502,,
2156,0.09915543347597122,,832.0440497398376,174.04424905776978,,
2157,0.04790164902806282,,832.4250955581665,174.1215841770172,,
2158,0.049133699387311935,,832.8055112361908,174.19892287254333,,
2159,0.10796839743852615,,833.1857776641846,174.27628326416016,,
2160,0.1240992322564125,,833.56654047966,174.3536398410797,,
2161,0.09893917292356491,,833.9471275806427,174.43098616600037,,
2162,0.1313474029302597,,834.3281545639038,174.50835061073303,,
2163,0.07522953301668167,,834.7092304229736,174.58571648597717,,
2164,0.11226779222488403,,835.0896210670471,174.6630527973175,,
2165,0.19879235327243805,,835.4700493812561,174.7404134273529,,
2166,0.08862266689538956,,835.850804567337,174.81774830818176,,
2167,0.04845549538731575,,836.2310411930084,174.89507007598877,,
2168,0.039539825171232224,,836.6113932132721,174.9724304676056,,
2169,0.046297986060380936,,836.9925818443298,175.04979968070984,,
2170,0.04422206059098244,,837.3730025291443,175.1271517276764,,
2171,0.04499015957117081,,837.7535653114319,175.2044768333435,,
2172,0.045535825192928314,,838.1344604492188,175.28175354003906,,
2173,0.04777689650654793,,838.7426600456238,175.35906314849854,,
2174,0.04495259374380112,,839.1234068870544,175.43638062477112,,
2175,0.04970887675881386,,839.5037801265717,175.5137002468109,,
2176,0.05023583024740219,,839.8841063976288,175.59106135368347,,
2177,0.12197570502758026,,840.2648410797119,175.66837334632874,,
2178,0.07819106429815292,,840.6451785564423,175.74571228027344,,
2179,0.05887801572680473,,841.0255148410797,175.82305359840393,,
2180,0.03663209080696106,,841.4063909053802,175.9003870487213,,
2181,0.04432199150323868,,841.7868177890778,175.97774505615234,,
2182,0.05463719367980957,,842.1672792434692,176.05508041381836,,
2183,0.0499362014234066,,842.5479669570923,176.1324074268341,,
2184,0.05739382281899452,,842.928243637085,176.20976281166077,,
2185,0.09583723545074463,,843.3085820674896,176.28713417053223,,
2186,0.14077620208263397,,843.689347743988,176.36455869674683,,
2187,0.23068886995315552,,844.0702812671661,176.44189190864563,,
2188,0.18606500327587128,,844.4505648612976,176.51924872398376,,
2189,0.060441818088293076,,844.8313434123993,176.59661102294922,,
2190,0.03858398646116257,,845.2116858959198,176.67398738861084,,
2191,0.04320530965924263,,845.5922603607178,176.75179433822632,,
2192,0.07251784205436707,,845.9730706214905,176.82912683486938,,
2193,0.06501840800046921,,846.3540461063385,176.9064543247223,,
2194,0.224462628364563,,846.7348608970642,176.98381233215332,,
2195,0.08592942357063293,,847.1155934333801,177.06125831604004,,
2196,0.04809931665658951,,847.4963929653168,177.13859677314758,,
2197,0.07144425809383392,,847.8768701553345,177.21594834327698,,
2198,0.06449869275093079,,848.2580173015594,177.29373860359192,,
2199,0.06873219460248947,,848.6382660865784,177.37110877037048,,
2200,0.048344437032938004,,849.0189089775085,177.44844770431519,,
2201,0.12290208041667938,,849.399911403656,177.52582693099976,,
2202,0.21913793683052063,,849.7802829742432,177.60322165489197,,
2203,0.04670330882072449,,850.1605162620544,177.6805760860443,,
2204,0.04785219579935074,,850.5414986610413,177.75794458389282,,
2205,0.04229876026511192,,850.9218368530273,177.83529257774353,,
2206,0.04243067651987076,,851.3020966053009,177.9126489162445,,
2207,0.051303930580616,,851.6830244064331,177.9900188446045,,
2208,0.04709253087639809,,852.0633990764618,178.0673611164093,,
2209,0.053177982568740845,,852.4440515041351,178.1446771621704,,
2210,0.046602122485637665,,852.8246414661407,178.22204875946045,,
2211,0.044682156294584274,,853.2048420906067,178.2994134426117,,
2212,0.04746457189321518,,853.5853848457336,178.37675070762634,,
2213,0.0467003770172596,,853.9664151668549,178.45407605171204,,
2214,0.07860492169857025,,854.3466460704803,178.5314290523529,,
2215,0.04302341863512993,,854.7275686264038,178.6087727546692,,
2216,0.04854688048362732,,855.1087331771851,178.6861047744751,,
2217,0.04253861680626869,,855.4892213344574,178.76347851753235,,
2218,0.08050630986690521,,855.8695001602173,178.8412618637085,,
2219,0.04988047853112221,,856.2501254081726,178.91858887672424,,
2220,0.06489933282136917,,856.6303510665894,178.99590301513672,,
2221,0.04522310569882393,,857.0105888843536,179.07323837280273,,
2222,0.04680917412042618,,857.391325712204,179.15058398246765,,
2223,0.047287940979003906,,857.7717113494873,179.22790217399597,,
2224,0.07927876710891724,,858.1514420509338,179.30521726608276,,
2225,0.07933612167835236,,858.532243013382,179.3825569152832,,
2226,0.12133810669183731,,859.1402077674866,179.45989322662354,,
2227,0.10174912959337234,,859.5210225582123,179.53722548484802,,
2228,0.07754580676555634,,859.9013307094574,179.61497831344604,,
2229,0.0408209003508091,,860.2827560901642,179.69230484962463,,
2230,0.09844779968261719,,860.6640157699585,179.76966047286987,,
2231,0.06865009665489197,,861.0445420742035,179.84699153900146,,
2232,0.085190050303936,,861.4244327545166,179.92430067062378,,
2233,0.17855679988861084,,861.8057339191437,180.00164413452148,,
2234,0.06677477806806564,,862.1864068508148,180.0789475440979,,
2235,0.037328798323869705,,862.5670232772827,180.15630197525024,,
2236,0.0443611741065979,,862.9480328559875,180.2336311340332,,
2237,0.07195619493722916,,863.3287627696991,180.3109769821167,,
2238,0.1066424772143364,,863.7092978954315,180.38834977149963,,
2239,0.198776975274086,,864.0902192592621,180.4661295413971,,
2240,0.0874362662434578,,864.4702894687653,180.54345512390137,,
2241,0.038620226085186005,,864.8531985282898,180.6212456226349,,
2242,0.03854849562048912,,865.2341494560242,180.69859957695007,,
2243,0.056106407195329666,,865.6145465373993,180.77594137191772,,
2244,0.24073576927185059,,865.9947941303253,180.8532898426056,,
2245,0.10173860192298889,,866.3754398822784,180.93063855171204,,
2246,0.046864934265613556,,866.7560129165649,181.00800728797913,,
2247,0.04297754168510437,,867.1363663673401,181.08534741401672,,
2248,0.04347240552306175,,867.5173003673553,181.16269707679749,,
2249,0.0437454991042614,,867.8976459503174,181.24002623558044,,
2250,0.04267502203583717,,868.2783954143524,181.31736373901367,,
2251,0.06644171476364136,,868.6591527462006,181.39471745491028,,
2252,0.05630486458539963,,869.0394802093506,181.47206735610962,,
2253,0.05680568143725395,,869.4197931289673,181.54940056800842,,
2254,0.046059779822826385,,869.8006353378296,181.62672972679138,,
2255,0.04731040447950363,,870.181099653244,181.7040979862213,,
2256,0.0757383182644844,,870.5614120960236,181.7814657688141,,
2257,0.07218843698501587,,870.9423432350159,181.85926961898804,,
2258,0.05318116396665573,,871.3224983215332,181.9366238117218,,
2259,0.04558856040239334,,871.7028875350952,182.013986825943,,
2260,0.045555129647254944,,872.0838441848755,182.0913393497467,,
2261,0.07959626615047455,,872.4640846252441,182.16873288154602,,
2262,0.040318410843610764,,872.8443613052368,182.24604868888855,,
2263,0.0405619777739048,,873.2255210876465,182.3234086036682,,
2264,0.041787438094615936,,873.6065008640289,182.40076351165771,,
2265,0.042760249227285385,,873.9878644943237,182.4781527519226,,
2266,0.0450575165450573,,874.3688988685608,182.55555081367493,,
2267,0.07653509080410004,,874.7500352859497,182.63292479515076,,
2268,0.1205262690782547,,875.1304378509521,182.71028065681458,,
2269,0.11050602793693542,,875.5115332603455,182.7876467704773,,
2270,0.043281398713588715,,875.8920168876648,182.8650188446045,,
2271,0.0412796325981617,,876.2722735404968,182.94236588478088,,
2272,0.050863008946180344,,876.6530857086182,183.01970958709717,,
2273,0.11722167581319809,,877.0336136817932,183.09709787368774,,
2274,0.24910993874073029,,877.4142081737518,183.17444825172424,,
2275,0.05125544220209122,,877.7949256896973,183.2518184185028,,
2276,0.06320863962173462,,878.1754891872406,183.32920122146606,,
2277,0.07799383997917175,,878.5557720661163,183.40656971931458,,
2278,0.045509714633226395,,878.936760187149,183.4839494228363,,
2279,0.0468815416097641,,879.5446786880493,183.56133151054382,,
2280,0.055777695029973984,,879.9255185127258,183.63867855072021,,
2281,0.04958755895495415,,880.3060221672058,183.71608591079712,,
2282,0.08157393336296082,,880.6867644786835,183.79346299171448,,
2283,0.044819287955760956,,881.0675888061523,183.87081003189087,,
2284,0.06602241098880768,,881.4482197761536,183.9481749534607,,
2285,0.08861265331506729,,881.828521490097,184.02551460266113,,
2286,0.13981510698795319,,882.2097697257996,184.1028552055359,,
2287,0.07869747281074524,,882.5901460647583,184.18019008636475,,
2288,0.09021828323602676,,882.9705412387848,184.25754594802856,,
2289,0.13689196109771729,,883.3514034748077,184.33490753173828,,
2290,0.09829074889421463,,883.7317833900452,184.41221928596497,,
2291,0.046066898852586746,,884.112146615982,184.48959374427795,,
2292,0.13407190144062042,,884.4929392337799,184.56698751449585,,
2293,0.07846453040838242,,884.8733768463135,184.6443510055542,,
2294,0.11930456012487411,,885.2536787986755,184.7216739654541,,
2295,0.08824922889471054,,885.6347053050995,184.7990140914917,,
2296,0.0478944405913353,,886.0152480602264,184.87633538246155,,
2297,0.053992267698049545,,886.4048662185669,184.95367240905762,,
2298,0.04232623428106308,,886.78577876091,185.03103375434875,,
2299,0.040460601449012756,,887.16659283638,185.10839438438416,,
2300,0.055674958974123,,887.5472407341003,185.18571066856384,,
2301,0.05215325951576233,,887.9280829429626,185.26306295394897,,
2302,0.04834369197487831,,888.3087666034698,185.3404037952423,,
2303,0.045540835708379745,,888.6890285015106,185.41774225234985,,
2304,0.05499299243092537,,889.0698928833008,185.4950897693634,,
2305,0.07139293849468231,,889.4503364562988,185.57288098335266,,
2306,0.040806595236063004,,889.8304324150085,185.65024375915527,,
2307,0.039858799427747726,,890.2113621234894,185.72757601737976,,
2308,0.05648323521018028,,890.5916042327881,185.8048996925354,,
2309,0.04425942897796631,,890.9717690944672,185.8822362422943,,
2310,0.05766739323735237,,891.3525104522705,185.95958948135376,,
2311,0.042557697743177414,,891.732714176178,186.03692746162415,,
2312,0.041913799941539764,,892.1130447387695,186.11429929733276,,
2313,0.042448192834854126,,892.4937326908112,186.19166469573975,,
2314,0.04828718677163124,,892.8739230632782,186.2690305709839,,
2315,0.060051675885915756,,893.2543239593506,186.3463864326477,,
2316,0.0663905069231987,,893.6352293491364,186.42377829551697,,
2317,0.04443119466304779,,894.0156228542328,186.50112962722778,,
2318,0.0415683351457119,,894.3960101604462,186.57852745056152,,
2319,0.04700339585542679,,894.7767989635468,186.65588474273682,,
2320,0.05341310426592827,,895.1572320461273,186.7332284450531,,
2321,0.07225395739078522,,895.537878036499,186.8105754852295,,
2322,0.08878324180841446,,895.9186899662018,186.88797783851624,,
2323,0.11193837970495224,,896.2989046573639,186.96536374092102,,
2324,0.06633565574884415,,896.6790566444397,187.04278588294983,,
2325,0.10097254812717438,,897.0599074363708,187.12012720108032,,
2326,0.23077049851417542,,897.4398891925812,187.19751572608948,,
2327,0.1585322469472885,,897.8202962875366,187.2748577594757,,
2328,0.06988200545310974,,898.2010824680328,187.35224986076355,,
2329,0.043532755225896835,,898.5815508365631,187.42962002754211,,
2330,0.039077892899513245,,898.9618282318115,187.50700545310974,,
2331,0.04085390642285347,,899.3425772190094,187.58436059951782,,
2332,0.04423888400197029,,899.950924873352,187.66173219680786,,
2333,0.054915376007556915,,900.3317258358002,187.73908686637878,,
2334,0.06664174050092697,,900.7122957706451,187.81646418571472,,
2335,0.08457247167825699,,901.0967614650726,187.89384174346924,,
2336,0.142179936170578,,901.4775671958923,187.9712209701538,,
2337,0.1356106698513031,,901.8577964305878,188.04858374595642,,
2338,0.03489556163549423,,902.2385473251343,188.12598252296448,,
2339,0.04406403750181198,,902.6199719905853,188.20335483551025,,
2340,0.04264631122350693,,903.0004742145538,188.28079199790955,,
2341,0.05170635133981705,,903.3809235095978,188.35814666748047,,
2342,0.043813981115818024,,903.7619762420654,188.43553733825684,,
2343,0.04130144044756889,,904.1422691345215,188.51288270950317,,
2344,0.06444727629423141,,904.5226237773895,188.5902578830719,,
2345,0.08852697163820267,,904.9034101963043,188.6676425933838,,
2346,0.09627967327833176,,905.2837626934052,188.7449631690979,,
2347,0.1817220151424408,,905.6645426750183,188.82233262062073,,
2348,0.09436069428920746,,906.0451819896698,188.8996844291687,,
2349,0.045200832188129425,,906.4258525371552,188.9770724773407,,
2350,0.04791850596666336,,906.8063764572144,189.05450892448425,,
2351,0.04141737520694733,,907.1873304843903,189.1318700313568,,
2352,0.03921552747488022,,907.5677514076233,189.20925664901733,,
2353,0.06303208321332932,,907.9487025737762,189.28662061691284,,
2354,0.09034571796655655,,908.3297135829926,189.36399388313293,,
2355,0.18280379474163055,,908.7102391719818,189.44136333465576,,
2356,0.08704477548599243,,909.090494632721,189.5187132358551,,
2357,0.05372251942753792,,909.4715437889099,189.59607982635498,,
2358,0.04360222443938255,,909.8519942760468,189.67347931861877,,
2359,0.042209893465042114,,910.2332880496979,189.7508225440979,,
2360,0.04295199364423752,,910.6143269538879,189.8281672000885,,
2361,0.045194726437330246,,910.9948673248291,189.9055416584015,,
2362,0.03886580839753151,,911.37548995018,189.98289012908936,,
2363,0.047370363026857376,,911.7566227912903,190.06025338172913,,
2364,0.042451437562704086,,912.1369543075562,190.13762879371643,,
2365,0.0386483334004879,,912.5175819396973,190.21503138542175,,
2366,0.05498775094747543,,912.8982779979706,190.29238843917847,,
2367,0.05228426679968834,,913.2787661552429,190.36973595619202,,
2368,0.03844597935676575,,913.6602897644043,190.4471035003662,,
2369,0.04783213138580322,,914.0412089824677,190.52488541603088,,
2370,0.05281688645482063,,914.4215364456177,190.6022665500641,,
2371,0.07539568841457367,,914.8023478984833,190.68007397651672,,
2372,0.11861502379179001,,915.1830463409424,190.75743198394775,,
2373,0.1879841834306717,,915.5632829666138,190.83477640151978,,
2374,0.13947947323322296,,915.9439706802368,190.91213369369507,,
2375,0.06237274035811424,,916.3247051239014,190.98947548866272,,
2376,0.03905138000845909,,916.704981803894,191.06686210632324,,
2377,0.05900323763489723,,917.0850794315338,191.14421892166138,,
2378,0.07291322946548462,,917.4658095836639,191.22156834602356,,
2379,0.04134884476661682,,917.8463323116302,191.2989284992218,,
2380,0.04125327616930008,,918.226836681366,191.37629675865173,,
2381,0.06570564955472946,,918.6078774929047,191.4536635875702,,
2382,0.053776632994413376,,918.9880199432373,191.53103113174438,,
2383,0.03845049440860748,,919.3684389591217,191.6083574295044,,
2384,0.04449767619371414,,919.749431848526,191.68567848205566,,
2385,0.0948655754327774,,920.357578754425,191.7630479335785,,
2386,0.2078869789838791,,920.7386190891266,191.84041905403137,,
2387,0.08821947872638702,,921.1200444698334,191.9177691936493,,
2388,0.08168555796146393,,921.5005567073822,191.99512386322021,,
2389,0.06831859797239304,,921.8813979625702,192.07246923446655,,
2390,0.05917874351143837,,922.2620496749878,192.1502411365509,,
2391,0.036038417369127274,,922.642217874527,192.22754907608032,,
2392,0.04214722663164139,,923.0230684280396,192.30531477928162,,
2393,0.04484736919403076,,923.4030704498291,192.38264346122742,,
2394,0.04026467353105545,,923.7830729484558,192.45999097824097,,
2395,0.03822925314307213,,924.1642258167267,192.53736233711243,,
2396,0.04798443615436554,,924.5446417331696,192.61470341682434,,
2397,0.07082697749137878,,924.9249365329742,192.69205594062805,,
2398,0.04588240385055542,,925.3065991401672,192.76940894126892,,
2399,0.051682356745004654,,925.6871101856232,192.84673523902893,,
2400,0.04378155246376991,,926.0674650669098,192.92408633232117,,
2401,0.06086349859833717,,926.4486103057861,193.0014295578003,,
2402,0.06725684553384781,,926.8295123577118,193.07881140708923,,
2403,0.10542410612106323,,927.209908246994,193.15615916252136,,
2404,0.11926852911710739,,927.5910098552704,193.233544588089,,
2405,0.08806677907705307,,927.9719731807709,193.31091284751892,,
2406,0.05557702109217644,,928.352216720581,193.38827109336853,,
2407,0.09461339563131332,,928.7330870628357,193.4656102657318,,
2408,0.11144732683897018,,929.1136775016785,193.5433804988861,,
2409,0.07005826383829117,,929.4945681095123,193.62072610855103,,
2410,0.03840874135494232,,929.8753046989441,193.69851303100586,,
2411,0.05131852626800537,,930.255588054657,193.7758297920227,,
2412,0.041671495884656906,,930.6358604431152,193.85316824913025,,
2413,0.055556826293468475,,931.0165991783142,193.93047857284546,,
2414,0.04490160197019577,,931.3970036506653,194.00784277915955,,
2415,0.04276800528168678,,931.7776591777802,194.08562898635864,,
2416,0.050859421491622925,,932.1581778526306,194.16299653053284,,
2417,0.06108572334051132,,932.538666009903,194.24077105522156,,
2418,0.08431105315685272,,932.9188153743744,194.31812000274658,,
2419,0.13035708665847778,,933.299765586853,194.39544367790222,,
2420,0.048575811088085175,,933.6803548336029,194.47280097007751,,
2421,0.04602169618010521,,934.0607841014862,194.55014157295227,,
2422,0.04593499377369881,,934.4416191577911,194.62748408317566,,
2423,0.08881589770317078,,934.8223264217377,194.7048201560974,,
2424,0.053336892277002335,,935.202552318573,194.78220057487488,,
2425,0.04464096203446388,,935.5836050510406,194.8595039844513,,
2426,0.04515928030014038,,935.9640550613403,194.93727469444275,,
2427,0.047782640904188156,,936.345016002655,195.01461696624756,,
2428,0.059239231050014496,,936.7257494926453,195.09241032600403,,
2429,0.09686653316020966,,937.1060984134674,195.16972589492798,,
2430,0.05686439946293831,,937.4863171577454,195.24747252464294,,
2431,0.03822462633252144,,937.867095708847,195.32518601417542,,
2432,0.04821900278329849,,938.2469334602356,195.40252709388733,,
2433,0.05658387765288353,,938.6272389888763,195.47987627983093,,
2434,0.06978200376033783,,939.0079250335693,195.557226896286,,
2435,0.04635925590991974,,939.3881750106812,195.6345648765564,,
2436,0.04564006254076958,,939.7686293125153,195.71191501617432,,
2437,0.07273376733064651,,940.1496725082397,195.78925156593323,,
2438,0.04443829879164696,,940.7576415538788,195.86657238006592,,
2439,0.07253384590148926,,941.1386821269989,195.94395399093628,,
2440,0.0666729137301445,,941.5191588401794,196.02129578590393,,
2441,0.19109107553958893,,941.89950299263,196.09860920906067,,
2442,0.05991002917289734,,942.2805864810944,196.17600893974304,,
2443,0.0693463534116745,,942.6610445976257,196.25335264205933,,
2444,0.0486462265253067,,943.0420372486115,196.33069157600403,,
2445,0.0702567994594574,,943.4228448867798,196.40801882743835,,
2446,0.04055436700582504,,943.8032908439636,196.48530316352844,,
2447,0.03819932043552399,,944.1836149692535,196.5626244544983,,
2448,0.08216345310211182,,944.564457654953,196.63995480537415,,
2449,0.07563638687133789,,944.9446723461151,196.71771383285522,,
2450,0.15150082111358643,,945.3249871730804,196.79503083229065,,
2451,0.06598394364118576,,945.7060194015503,196.87278008460999,,
2452,0.04054471477866173,,946.0862255096436,196.95016288757324,,
2453,0.04944051429629326,,946.4665005207062,197.02750492095947,,
2454,0.036322735249996185,,946.8478062152863,197.10484266281128,,
2455,0.044017091393470764,,947.2285206317902,197.18215799331665,,
2456,0.040495190769433975,,947.6088511943817,197.25952863693237,,
2457,0.0534319244325161,,947.9898228645325,197.33690071105957,,
2458,0.038370825350284576,,948.3704330921173,197.41421937942505,,
2459,0.03942059725522995,,948.7507789134979,197.4915473461151,,
2460,0.043434642255306244,,949.1316142082214,197.56886506080627,,
2461,0.05548325926065445,,949.5118961334229,197.64617562294006,,
2462,0.045767202973365784,,949.8924148082733,197.72351098060608,,
2463,0.05118944123387337,,950.2732827663422,197.8008406162262,,
2464,0.20609000325202942,,950.6538982391357,197.87818455696106,,
2465,0.054524797946214676,,951.0347018241882,197.9555070400238,,
2466,0.06866924464702606,,951.4158670902252,198.03285098075867,,
2467,0.08090325444936752,,951.7961676120758,198.1102192401886,,
2468,0.039639391005039215,,952.1765403747559,198.18755102157593,,
2469,0.03462504595518112,,952.5573971271515,198.26487255096436,,
2470,0.0474981963634491,,952.9384818077087,198.34219217300415,,
2471,0.05555744841694832,,953.3192145824432,198.4195420742035,,
2472,0.040759842842817307,,953.7002649307251,198.4968864917755,,
2473,0.03907199949026108,,954.0804798603058,198.57421278953552,,
2474,0.0367434024810791,,954.4608929157257,198.65157961845398,,
2475,0.04509421065449715,,954.8420403003693,198.72891545295715,,
2476,0.04092690348625183,,955.2224855422974,198.80666875839233,,
2477,0.04315892234444618,,955.6029126644135,198.88405108451843,,
2478,0.07163138687610626,,955.9839923381805,198.96187329292297,,
2479,0.04477335512638092,,956.3646638393402,199.039213180542,,
2480,0.04822114482522011,,956.7449650764465,199.11658883094788,,
2481,0.0718064159154892,,957.1261782646179,199.19394373893738,,
2482,0.06964040547609329,,957.5062539577484,199.27130436897278,,
2483,0.06810411810874939,,957.8862369060516,199.34865045547485,,
2484,0.08492580056190491,,958.2670114040375,199.4259955883026,,
2485,0.10274282097816467,,958.6473236083984,199.50378465652466,,
2486,0.12095038592815399,,959.0279755592346,199.58114075660706,,
2487,0.054011087864637375,,959.4087138175964,199.6584975719452,,
2488,0.035271596163511276,,959.7891159057617,199.73583674430847,,
2489,0.053982485085725784,,960.1697099208832,199.81316351890564,,
2490,0.07042669504880905,,960.5506682395935,199.89048409461975,,
2491,0.07852468639612198,,961.1589303016663,199.9678237438202,,
2492,0.06978929042816162,,961.539783000946,200.04515051841736,,
2493,0.060443319380283356,,961.9201061725616,200.12251019477844,,
2494,0.05088091269135475,,962.3009507656097,200.19983434677124,,
2495,0.045711811631917953,,962.6820294857025,200.27713322639465,,
2496,0.04894396662712097,,963.062887430191,200.35448956489563,,
2497,0.06982143223285675,,963.4432709217072,200.43226408958435,,
2498,0.14820517599582672,,963.8242130279541,200.50962471961975,,
2499,0.09041596949100494,,964.2045156955719,200.5874195098877,,
2500,0.12415773421525955,0.011201847344636917,964.5848863124847,202.0755913257599,0.11661285161972046,0.15344810485839844
2501,0.08453898876905441,,964.9660756587982,202.15334677696228,,
2502,0.05525403469800949,,965.3473343849182,202.23071217536926,,
2503,0.04306993633508682,,965.7277429103851,202.30806708335876,,
2504,0.03806238994002342,,966.1086337566376,202.38539934158325,,
2505,0.03616572916507721,,966.4897947311401,202.4627125263214,,
2506,0.04041699692606926,,966.8703582286835,202.54050970077515,,
2507,0.03840817138552666,,967.2512950897217,202.61786079406738,,
2508,0.04963322728872299,,967.631530046463,202.69566345214844,,
2509,0.047924406826496124,,968.0120980739594,202.77299904823303,,
2510,0.04375843331217766,,968.3928952217102,202.8503394126892,,
2511,0.0408981554210186,,968.7733571529388,202.92767000198364,,
2512,0.06890097260475159,,969.1535315513611,203.0050187110901,,
2513,0.06402761489152908,,969.5344059467316,203.082355260849,,
2514,0.041274044662714005,,969.9146826267242,203.15969491004944,,
2515,0.05070381611585617,,970.2947797775269,203.2374768257141,,
2516,0.05604299157857895,,970.6754007339478,203.3148272037506,,
2517,0.0444515161216259,,971.0558319091797,203.39217448234558,,
2518,0.042654965072870255,,971.4364635944366,203.4695143699646,,
2519,0.04397601634263992,,971.8174595832825,203.54690098762512,,
2520,0.07597506046295166,,972.1977009773254,203.62424612045288,,
2521,0.195606991648674,,972.5778696537018,203.70162153244019,,
2522,0.17431648075580597,,972.9587168693542,203.7789969444275,,
2523,0.06178318336606026,,973.3392882347107,203.85635089874268,,
2524,0.04311280697584152,,973.7195248603821,203.93371438980103,,
2525,0.0475722998380661,,974.1004271507263,204.01108479499817,,
2526,0.0719958171248436,,974.4806740283966,204.088445186615,,
2527,0.0622086301445961,,974.861013174057,204.16578602790833,,
2528,0.03756082430481911,,975.2420794963837,204.24311923980713,,
2529,0.040383320301771164,,975.622317314148,204.32051348686218,,
2530,0.04926786199212074,,976.0024642944336,204.3978681564331,,
2531,0.04237126559019089,,976.3832671642303,204.47523713111877,,
2532,0.039344947785139084,,976.7638146877289,204.55257320404053,,
2533,0.039271365851163864,,977.1441793441772,204.62992334365845,,
2534,0.04580935090780258,,977.5248122215271,204.70727825164795,,
2535,0.07071526348590851,,977.9050328731537,204.78461718559265,,
2536,0.1128428503870964,,978.285516500473,204.8619794845581,,
2537,0.04775669053196907,,978.666953086853,204.93931365013123,,
2538,0.04833488166332245,,979.0470767021179,205.0166711807251,,
2539,0.04039295017719269,,979.4277906417847,205.0940124988556,,
2540,0.138061061501503,,979.8085474967957,205.1713845729828,,
2541,0.1307721734046936,,980.188393831253,205.2487564086914,,
2542,0.04170187562704086,,980.5686647891998,205.32618403434753,,
2543,0.058523982763290405,,980.9497766494751,205.40350794792175,,
2544,0.07009859383106232,,981.557612657547,205.48085165023804,,
2545,0.08679977804422379,,981.9384183883667,205.55818939208984,,
2546,0.07582987844944,,982.3186476230621,205.6355264186859,,
2547,0.055091261863708496,,982.6991145610809,205.71288466453552,,
2548,0.03602324426174164,,983.0798106193542,205.79022812843323,,
2549,0.04608295485377312,,983.4606840610504,205.86754775047302,,
2550,0.08228151500225067,,983.8410773277283,205.94490098953247,,
2551,0.046952180564403534,,984.2221219539642,206.0222454071045,,
2552,0.08955757319927216,,984.6024270057678,206.09958910942078,,
2553,0.051415637135505676,,984.9829154014587,206.1769757270813,,
2554,0.0454302653670311,,985.3638029098511,206.25433349609375,,
2555,0.03716064617037773,,985.7440388202667,206.3316571712494,,
2556,0.07746272534132004,,986.12446641922,206.40942311286926,,
2557,0.07887689769268036,,986.5051572322845,206.48675870895386,,
2558,0.07876918464899063,,986.8855562210083,206.56410360336304,,
2559,0.0705755203962326,,987.2657325267792,206.64144563674927,,
2560,0.11546307057142258,,987.6463735103607,206.71876120567322,,
2561,0.0776972770690918,,988.0271384716034,206.79610109329224,,
2562,0.22144468128681183,,988.4071242809296,206.87344765663147,,
2563,0.12718534469604492,,988.7877161502838,206.95077800750732,,
2564,0.036474235355854034,,989.1678738594055,207.02811646461487,,
2565,0.037278540432453156,,989.5481626987457,207.105877161026,,
2566,0.04386230930685997,,989.9288563728333,207.1832151412964,,
2567,0.04319584369659424,,990.3089456558228,207.26057052612305,,
2568,0.035589929670095444,,990.6892664432526,207.33792352676392,,
2569,0.04788961634039879,,991.0700688362122,207.41527652740479,,
2570,0.044005103409290314,,991.4508323669434,207.49261331558228,,
2571,0.05740461125969887,,991.8313908576965,207.56998825073242,,
2572,0.037013836205005646,,992.212760925293,207.64736461639404,,
2573,0.0667223110795021,,992.5936136245728,207.72474837303162,,
2574,0.14451885223388672,,992.9741487503052,207.80209636688232,,
2575,0.06517291814088821,,993.3551931381226,207.87946677207947,,
2576,0.05740205943584442,,993.7355251312256,207.9568111896515,,
2577,0.05393031984567642,,994.1158232688904,208.03417491912842,,
2578,0.05817442014813423,,994.4967129230499,208.11152601242065,,
2579,0.04754925146698952,,994.8769414424896,208.18890285491943,,
2580,0.040420398116111755,,995.2572996616364,208.2662365436554,,
2581,0.06417317688465118,,995.6382114887238,208.3436107635498,,
2582,0.046789348125457764,,996.0186338424683,208.42096829414368,,
2583,0.044802192598581314,,996.3990595340729,208.49831676483154,,
2584,0.03725145012140274,,996.7796931266785,208.5756778717041,,
2585,0.04202870652079582,,997.1599338054657,208.65304279327393,,
2586,0.04093395173549652,,997.5400719642639,208.7303991317749,,
2587,0.06070287153124809,,997.9208607673645,208.80776000022888,,
2588,0.11771103739738464,,998.301379442215,208.88511872291565,,
2589,0.03561319038271904,,998.681547164917,208.96244740486145,,
2590,0.04087918996810913,,999.0622997283936,209.03980207443237,,
2591,0.03769196569919586,,999.4429535865784,209.1171600818634,,
2592,0.03810139372944832,,999.8230016231537,209.19451332092285,,
2593,0.033979613333940506,,1000.2042219638824,209.27186369895935,,
2594,0.03463781997561455,,1000.5845048427582,209.34922862052917,,
2595,0.1361253708600998,,1000.9649159908295,209.42659211158752,,
2596,0.128346249461174,,1001.345511674881,209.5039656162262,,
2597,0.05982139706611633,,1001.9531569480896,209.58129167556763,,
2598,0.0446428544819355,,1002.3340134620667,209.65862345695496,,
2599,0.03714040294289589,,1002.7142066955566,209.73597621917725,,
2600,0.033210378140211105,,1003.0945272445679,209.81334280967712,,
2601,0.040458548814058304,,1003.4753220081329,209.89069318771362,,
2602,0.049331773072481155,,1003.8555700778961,209.96804547309875,,
2603,0.049052391201257706,,1004.2356915473938,210.04536604881287,,
2604,0.0367177352309227,,1004.6166944503784,210.12271571159363,,
2605,0.0359601229429245,,1004.9972653388977,210.20010495185852,,
2606,0.03841423988342285,,1005.3776364326477,210.2774567604065,,
2607,0.0388779416680336,,1005.7585515975952,210.3548219203949,,
2608,0.055747997015714645,,1006.1394460201263,210.43218278884888,,
2609,0.07828772068023682,,1006.5200834274292,210.50955748558044,,
2610,0.14371739327907562,,1006.9010515213013,210.58694791793823,,
2611,0.06631678342819214,,1007.2819929122925,210.6643054485321,,
2612,0.056800227612257004,,1007.6629755496979,210.74167704582214,,
2613,0.06259707361459732,,1008.0443179607391,210.81909370422363,,
2614,0.04780324921011925,,1008.4251141548157,210.8964946269989,,
2615,0.04767303541302681,,1008.8061945438385,210.97381472587585,,
2616,0.03863416612148285,,1009.187548160553,211.05120658874512,,
2617,0.03763202950358391,,1009.568507194519,211.12857818603516,,
2618,0.03493229299783707,,1009.9488575458527,211.20602130889893,,
2619,0.03595726191997528,,1010.3297951221466,211.28338289260864,,
2620,0.039502616971731186,,1010.7147235870361,211.36076593399048,,
2621,0.0432063490152359,,1011.0959248542786,211.4381456375122,,
2622,0.06762760877609253,,1011.4770722389221,211.51554107666016,,
2623,0.047169603407382965,,1011.8586711883545,211.59294486045837,,
2624,0.04370321333408356,,1012.2394380569458,211.67034196853638,,
2625,0.05246088281273842,,1012.6206185817719,211.74772477149963,,
2626,0.0333486869931221,,1013.0015258789062,211.82511234283447,,
2627,0.031217435374855995,,1013.3819468021393,211.90246438980103,,
2628,0.0378817617893219,,1013.7633543014526,211.97982501983643,,
2629,0.040127333253622055,,1014.1439764499664,212.0571892261505,,
2630,0.04192022979259491,,1014.5247309207916,212.1345934867859,,
2631,0.03934936597943306,,1014.9060204029083,212.2119653224945,,
2632,0.036709364503622055,,1015.2866184711456,212.28931641578674,,
2633,0.05389847978949547,,1015.6676807403564,212.3666684627533,,
2634,0.05996113270521164,,1016.0487225055695,212.44401264190674,,
2635,0.03958635777235031,,1016.4293904304504,212.52142667770386,,
2636,0.0832696259021759,,1016.8097302913666,212.59887385368347,,
2637,0.08000122755765915,,1017.190824508667,212.67626667022705,,
2638,0.056719549000263214,,1017.5713632106781,212.7536027431488,,
2639,0.0556379035115242,,1017.9522643089294,212.83096647262573,,
2640,0.19148313999176025,,1018.3337261676788,212.90832614898682,,
2641,0.047383662313222885,,1018.7146458625793,212.98571228981018,,
2642,0.033538222312927246,,1019.0953712463379,213.0631492137909,,
2643,0.03744165599346161,,1019.4772670269012,213.1406955718994,,
2644,0.03325392305850983,,1019.8578424453735,213.21807980537415,,
2645,0.04339095950126648,,1020.238911151886,213.29540634155273,,
2646,0.050165120512247086,,1020.6200144290924,213.37278389930725,,
2647,0.11332356184720993,,1021.0007421970367,213.45017862319946,,
2648,0.1556330919265747,,1021.3812203407288,213.5275318622589,,
2649,0.12656237185001373,,1021.7628974914551,213.60487937927246,,
2650,0.05051349103450775,,1022.371374130249,213.6822099685669,,
2651,0.03983019292354584,,1022.7524240016937,213.75956916809082,,
2652,0.04417261481285095,,1023.132798910141,213.8368730545044,,
2653,0.04914071410894394,,1023.5133905410767,213.91421246528625,,
2654,0.06235932558774948,,1023.8951139450073,213.99164366722107,,
2655,0.03785164654254913,,1024.2757387161255,214.06903958320618,,
2656,0.03790879622101784,,1024.656512260437,214.14641571044922,,
2657,0.03788843750953674,,1025.0378715991974,214.22375679016113,,
2658,0.052880335599184036,,1025.4186973571777,214.3010652065277,,
2659,0.06487394124269485,,1025.7995851039886,214.37844610214233,,
2660,0.04646578058600426,,1026.180745124817,214.4558069705963,,
2661,0.03492216765880585,,1026.5612564086914,214.53313374519348,,
2662,0.03911147266626358,,1026.9419531822205,214.61046171188354,,
2663,0.0591573528945446,,1027.3229196071625,214.68786668777466,,
2664,0.04958774894475937,,1027.7036528587341,214.76520705223083,,
2665,0.046449098736047745,,1028.0842070579529,214.84257435798645,,
2666,0.12010177224874496,,1028.4653904438019,214.91996240615845,,
2667,0.0792030394077301,,1028.845870256424,214.9973509311676,,
2668,0.033582255244255066,,1029.2262563705444,215.074716091156,,
2669,0.0467030294239521,,1029.607464313507,215.15207409858704,,
2670,0.05364301800727844,,1029.9879443645477,215.22944045066833,,
2671,0.08482470363378525,,1030.368646621704,215.30677938461304,,
2672,0.09438811242580414,,1030.7497720718384,215.38415598869324,,
2673,0.0912708267569542,,1031.1307578086853,215.46151328086853,,
2674,0.06480368971824646,,1031.5118026733398,215.53893375396729,,
2675,0.04157932475209236,,1031.8936488628387,215.61633777618408,,
2676,0.06536278873682022,,1032.2743957042694,215.6937005519867,,
2677,0.0958242267370224,,1032.6553750038147,215.7709994316101,,
2678,0.11130369454622269,,1033.0364718437195,215.8483910560608,,
2679,0.06746532022953033,,1033.4170351028442,215.92576456069946,,
2680,0.05019750818610191,,1033.7976033687592,216.00313234329224,,
2681,0.03223387897014618,,1034.1786732673645,216.08047103881836,,
2682,0.03567730262875557,,1034.5593225955963,216.15782356262207,,
2683,0.07037551701068878,,1034.9401812553406,216.23521447181702,,
2684,0.054309677332639694,,1035.3215200901031,216.31256747245789,,
2685,0.11503255367279053,,1035.70205950737,216.38993501663208,,
2686,0.09672313928604126,,1036.0827462673187,216.4673149585724,,
2687,0.03497875854372978,,1036.4636998176575,216.5446789264679,,
2688,0.03502452373504639,,1036.8443949222565,216.6220588684082,,
2689,0.06368596106767654,,1037.2249450683594,216.69941878318787,,
2690,0.08599594235420227,,1037.6061282157898,216.77678537368774,,
2691,0.10165657848119736,,1037.986896276474,216.85421442985535,,
2692,0.13143481314182281,,1038.3676240444183,216.93157696723938,,
2693,0.11251654475927353,,1038.7488400936127,217.0089716911316,,
2694,0.0906766951084137,,1039.1295220851898,217.08630967140198,,
2695,0.048068419098854065,,1039.5102376937866,217.16367650032043,,
2696,0.05429305136203766,,1039.8918733596802,217.24105072021484,,
2697,0.04549465328454971,,1040.27303481102,217.31843614578247,,
2698,0.047313228249549866,,1040.653959274292,217.3958079814911,,
2699,0.046906229108572006,,1041.0348734855652,217.47315549850464,,
2700,0.061934955418109894,,1041.4155151844025,217.55055212974548,,
2701,0.05875386670231819,,1041.79621052742,217.62787771224976,,
2702,0.03661714121699333,,1042.1772022247314,217.70524907112122,,
2703,0.037603236734867096,,1042.7858140468597,217.78266286849976,,
2704,0.035784125328063965,,1043.1668474674225,217.86010479927063,,
2705,0.035164035856723785,,1043.5476462841034,217.9374556541443,,
2706,0.033199381083250046,,1043.9283831119537,218.01482224464417,,
2707,0.07453973591327667,,1044.3092494010925,218.09214162826538,,
2708,0.06574656814336777,,1044.6898341178894,218.16951537132263,,
2709,0.035362645983695984,,1045.070648908615,218.2469174861908,,
2710,0.038854558020830154,,1045.451898574829,218.32432627677917,,
2711,0.04445484280586243,,1045.8326449394226,218.4016809463501,,
2712,0.046092499047517776,,1046.2134354114532,218.47899842262268,,
2713,0.06323163211345673,,1046.5946292877197,218.55637216567993,,
2714,0.060932956635951996,,1046.9753420352936,218.63377118110657,,
2715,0.11948525160551071,,1047.355987071991,218.71109676361084,,
2716,0.0790054053068161,,1047.7372679710388,218.78850936889648,,
2717,0.08713667839765549,,1048.118456363678,218.8659348487854,,
2718,0.07644450664520264,,1048.498867034912,218.94333934783936,,
2719,0.037389565259218216,,1048.8800945281982,219.02068567276,,
2720,0.030735312029719353,,1049.2608408927917,219.09806060791016,,
2721,0.05224554240703583,,1049.641429901123,219.17537808418274,,
2722,0.13056880235671997,,1050.0223684310913,219.25272297859192,,
2723,0.04779328033328056,,1050.402975320816,219.3300597667694,,
2724,0.08156707137823105,,1050.783539533615,219.40740537643433,,
2725,0.04115445166826248,,1051.1646327972412,219.48475646972656,,
2726,0.03472965955734253,,1051.5451111793518,219.56214380264282,,
2727,0.0324334055185318,,1051.9256620407104,219.63950562477112,,
2728,0.03195946291089058,,1052.3065729141235,219.71684217453003,,
2729,0.052334848791360855,,1052.687091588974,219.79416680335999,,
2730,0.034647535532712936,,1053.0680840015411,219.87154912948608,,
2731,0.040448613464832306,,1053.449499130249,219.94893431663513,,
2732,0.05813928321003914,,1053.830044746399,220.02632689476013,,
2733,0.03669312223792076,,1054.2105498313904,220.10370326042175,,
2734,0.04473332315683365,,1054.5917882919312,220.18105745315552,,
2735,0.03884994238615036,,1054.9727313518524,220.25844311714172,,
2736,0.03433680534362793,,1055.3533940315247,220.33583974838257,,
2737,0.040627796202898026,,1055.7345118522644,220.413250207901,,
2738,0.036377858370542526,,1056.1155133247375,220.49064898490906,,
2739,0.04206688329577446,,1056.4960601329803,220.56796979904175,,
2740,0.03908038139343262,,1056.8774328231812,220.6453185081482,,
2741,0.05317198857665062,,1057.2579970359802,220.7231228351593,,
2742,0.04989781230688095,,1057.6391506195068,220.8005256652832,,
2743,0.08808580040931702,,1058.0201797485352,220.87796306610107,,
2744,0.07487016171216965,,1058.4011118412018,220.9553611278534,,
2745,0.08306081593036652,,1058.7814133167267,221.03275394439697,,
2746,0.06046746298670769,,1059.1628239154816,221.11012244224548,,
2747,0.03115815296769142,,1059.5436589717865,221.18747925758362,,
2748,0.031121423467993736,,1059.9242804050446,221.2652735710144,,
2749,0.035098813474178314,,1060.3051919937134,221.34264039993286,,
2750,0.03546064719557762,,1060.6861605644226,221.42003345489502,,
2751,0.044066302478313446,,1061.0669121742249,221.49742698669434,,
2752,0.057978030294179916,,1061.4483797550201,221.57480478286743,,
2753,0.10939980298280716,,1061.829029083252,221.65213131904602,,
2754,0.1454794704914093,,1062.2095754146576,221.72949171066284,,
2755,0.09083373099565506,,1062.5908317565918,221.8068253993988,,
2756,0.12891317903995514,,1063.1994111537933,221.8841428756714,,
2757,0.10049867630004883,,1063.5804743766785,221.96149349212646,,
2758,0.09570826590061188,,1063.9611148834229,222.03882312774658,,
2759,0.03937063738703728,,1064.3422973155975,222.1161961555481,,
2760,0.049372509121894836,,1064.7233057022095,222.19358730316162,,
2761,0.03567546606063843,,1065.1042366027832,222.27093505859375,,
2762,0.039744094014167786,,1065.4849817752838,222.34828066825867,,
2763,0.036387864500284195,,1065.866142988205,222.42563343048096,,
2764,0.13276296854019165,,1066.2466359138489,222.50298595428467,,
2765,0.22496703267097473,,1066.6270651817322,222.58031105995178,,
2766,0.09262149780988693,,1067.0082612037659,222.65765404701233,,
2767,0.04020648077130318,,1067.3888638019562,222.73500752449036,,
2768,0.043742720037698746,,1067.7694447040558,222.81231212615967,,
2769,0.05347887799143791,,1068.1504771709442,222.88964748382568,,
2770,0.06882688403129578,,1068.5311033725739,222.96698427200317,,
2771,0.15365172922611237,,1068.9116187095642,223.044367313385,,
2772,0.08201947063207626,,1069.2926604747772,223.12167978286743,,
2773,0.042712945491075516,,1069.6731894016266,223.19900274276733,,
2774,0.0446181446313858,,1070.0536913871765,223.27629828453064,,
2775,0.0773288831114769,,1070.4350955486298,223.35363292694092,,
2776,0.03493894264101982,,1070.8160254955292,223.43106746673584,,
2777,0.03288176283240318,,1071.1966578960419,223.5084011554718,,
2778,0.04269785061478615,,1071.5783133506775,223.58576011657715,,
2779,0.06871458142995834,,1071.9587965011597,223.6630880832672,,
2780,0.05257730931043625,,1072.3397285938263,223.7404658794403,,
2781,0.03582683205604553,,1072.7207367420197,223.81791400909424,,
2782,0.09267479926347733,,1073.1015646457672,223.89529252052307,,
2783,0.06583855301141739,,1073.482176065445,223.97268414497375,,
2784,0.04033488780260086,,1073.863422870636,224.050048828125,,
2785,0.03434564545750618,,1074.2441475391388,224.12736558914185,,
2786,0.04871423915028572,,1074.6246452331543,224.20472168922424,,
2787,0.04687608405947685,,1075.0059115886688,224.28208017349243,,
2788,0.07459093630313873,,1075.386569261551,224.35943818092346,,
2789,0.0510040745139122,,1075.7673771381378,224.4367551803589,,
2790,0.04347480461001396,,1076.1486365795135,224.51408624649048,,
2791,0.03674441576004028,,1076.5292320251465,224.5914442539215,,
2792,0.03680829331278801,,1076.9098162651062,224.66877341270447,,
2793,0.0356227308511734,,1077.2907736301422,224.74611020088196,,
2794,0.03459521010518074,,1077.6720342636108,224.8234097957611,,
2795,0.030536839738488197,,1078.0528447628021,224.90078902244568,,
2796,0.031120050698518753,,1078.4339768886566,224.97807002067566,,
2797,0.03631550446152687,,1078.814644575119,225.05539178848267,,
2798,0.03251136466860771,,1079.1953585147858,225.13269448280334,,
2799,0.04503077268600464,,1079.5770008563995,225.2100579738617,,
2800,0.0541902557015419,,1079.9575793743134,225.28743171691895,,
2801,0.1110849604010582,,1080.3382577896118,225.36478781700134,,
2802,0.03752836957573891,,1080.7192442417145,225.44213271141052,,
2803,0.03643995150923729,,1081.1000266075134,225.5194616317749,,
2804,0.033719420433044434,,1081.4803841114044,225.59674739837646,,
2805,0.06428796052932739,,1081.861334323883,225.67412877082825,,
2806,0.07702871412038803,,1082.241638660431,225.75143766403198,,
2807,0.07558188587427139,,1082.6223058700562,225.82880210876465,,
2808,0.08419890701770782,,1083.0034675598145,225.90611934661865,,
2809,0.09099102765321732,,1083.6116693019867,225.9834394454956,,
2810,0.11741689592599869,,1083.9974510669708,226.06081676483154,,
2811,0.0990011990070343,,1084.3783521652222,226.1382074356079,,
2812,0.13728265464305878,,1084.7596354484558,226.21559715270996,,
2813,0.10541371256113052,,1085.140857219696,226.2930245399475,,
2814,0.06447821110486984,,1085.521563053131,226.37043499946594,,
2815,0.04470498487353325,,1085.9023077487946,226.4477891921997,,
2816,0.03342467546463013,,1086.2833886146545,226.52515697479248,,
2817,0.037534426897764206,,1086.6638526916504,226.60252737998962,,
2818,0.03730015456676483,,1087.0445275306702,226.67992973327637,,
2819,0.0384117066860199,,1087.4257521629333,226.7577142715454,,
2820,0.03744107857346535,,1087.8055696487427,226.83505749702454,,
2821,0.038589321076869965,,1088.1861310005188,226.9124550819397,,
2822,0.0458727590739727,,1088.5673928260803,226.98980498313904,,
2823,0.04531123489141464,,1088.9480595588684,227.06713199615479,,
2824,0.039927005767822266,,1089.3289177417755,227.1445186138153,,
2825,0.05331404507160187,,1089.7099394798279,227.22187280654907,,
2826,0.03388460353016853,,1090.0906512737274,227.29920840263367,,
2827,0.03252723067998886,,1090.4712355136871,227.3765299320221,,
2828,0.035756178200244904,,1090.8526501655579,227.45392298698425,,
2829,0.04269447922706604,,1091.2333250045776,227.53128170967102,,
2830,0.03393132984638214,,1091.6139426231384,227.60864639282227,,
2831,0.03669805824756622,,1091.9949328899384,227.68600225448608,,
2832,0.061433520168066025,,1092.3761610984802,227.76340770721436,,
2833,0.08771021664142609,,1092.7568044662476,227.84076261520386,,
2834,0.11168080568313599,,1093.1378984451294,227.91809344291687,,
2835,0.07961811125278473,,1093.5184724330902,227.99542784690857,,
2836,0.04267972707748413,,1093.899100780487,228.07284927368164,,
2837,0.04350312426686287,,1094.2802910804749,228.15020322799683,,
2838,0.04645289480686188,,1094.660749912262,228.22752714157104,,
2839,0.04420650005340576,,1095.0416676998138,228.3049397468567,,
2840,0.14256203174591064,,1095.4227087497711,228.38229250907898,,
2841,0.054957278072834015,,1095.80331158638,228.45959424972534,,
2842,0.050524767488241196,,1096.1839807033539,228.536963224411,,
2843,0.032664913684129715,,1096.565533876419,228.61427402496338,,
2844,0.03819967061281204,,1096.9464049339294,228.69162154197693,,
2845,0.05127430334687233,,1097.3269412517548,228.7690031528473,,
2846,0.06808146089315414,,1097.7096073627472,228.84633231163025,,
2847,0.09824644029140472,,1098.0901856422424,228.92368841171265,,
2848,0.11090710014104843,,1098.4710063934326,229.0010485649109,,
2849,0.10911322385072708,,1098.852238893509,229.0784204006195,,
2850,0.0542619526386261,,1099.2328917980194,229.15578269958496,,
2851,0.03394860029220581,,1099.6135058403015,229.2331395149231,,
2852,0.040699854493141174,,1099.99471950531,229.31049251556396,,
2853,0.029868649318814278,,1100.3753480911255,229.38789200782776,,
2854,0.03582986444234848,,1100.755847454071,229.46521639823914,,
2855,0.03961274400353432,,1101.1370282173157,229.54257774353027,,
2856,0.034670352935791016,,1101.5177657604218,229.61993288993835,,
2857,0.035780169069767,,1101.8985409736633,229.69724249839783,,
2858,0.03745230659842491,,1102.2797555923462,229.7745954990387,,
2859,0.03870783746242523,,1102.6603133678436,229.85192131996155,,
2860,0.038114894181489944,,1103.041107416153,229.92924976348877,,
2861,0.03964472934603691,,1103.4221136569977,230.00659108161926,,
2862,0.11160898953676224,,1104.0310609340668,230.08400416374207,,
2863,0.059405166655778885,,1104.4121749401093,230.16136932373047,,
2864,0.045529257506132126,,1104.7931063175201,230.23875784873962,,
2865,0.10354530811309814,,1105.173418521881,230.31613492965698,,
2866,0.18037289381027222,,1105.5546381473541,230.3934519290924,,
2867,0.07317923754453659,,1105.935233592987,230.47081971168518,,
2868,0.047753848135471344,,1106.3159234523773,230.54817295074463,,
2869,0.06706094741821289,,1106.6971373558044,230.62559938430786,,
2870,0.04199777543544769,,1107.077942609787,230.70293188095093,,
2871,0.04236450046300888,,1107.458519935608,230.78031063079834,,
2872,0.039266541600227356,,1107.8398342132568,230.85765480995178,,
2873,0.03704075142741203,,1108.220576286316,230.93500065803528,,
2874,0.04245072230696678,,1108.600822687149,231.01279950141907,,
2875,0.04094141349196434,,1108.9818150997162,231.0901575088501,,
2876,0.03486461937427521,,1109.3625304698944,231.16794991493225,,
2877,0.04248374328017235,,1109.742935180664,231.24530577659607,,
2878,0.03738189488649368,,1110.1242215633392,231.32266497612,,
2879,0.040636900812387466,,1110.5095911026,231.40002584457397,,
2880,0.03210943937301636,,1110.8904676437378,231.47742009162903,,
2881,0.03459342569112778,,1111.271953344345,231.55483198165894,,
2882,0.03655208274722099,,1111.6527826786041,231.63221311569214,,
2883,0.04859548062086105,,1112.03355717659,231.71003437042236,,
2884,0.050221942365169525,,1112.414818763733,231.78736686706543,,
2885,0.03699498996138573,,1112.7958354949951,231.8647334575653,,
2886,0.035229701548814774,,1113.176638841629,231.94257426261902,,
2887,0.04972347617149353,,1113.5578572750092,232.01992321014404,,
2888,0.056929200887680054,,1113.938588142395,232.09771084785461,,
2889,0.04336918145418167,,1114.319248199463,232.17504405975342,,
2890,0.05373365432024002,,1114.7004897594452,232.25287342071533,,
2891,0.05238087475299835,,1115.0810976028442,232.3302185535431,,
2892,0.036482054740190506,,1115.4617326259613,232.40760350227356,,
2893,0.03496096655726433,,1115.843061208725,232.48493003845215,,
2894,0.03483809158205986,,1116.2240335941315,232.56229066848755,,
2895,0.03480632230639458,,1116.6046051979065,232.63972067832947,,
2896,0.04723789170384407,,1116.985737323761,232.71716618537903,,
2897,0.05892793461680412,,1117.3666594028473,232.7949960231781,,
2898,0.06965715438127518,,1117.7473530769348,232.87245082855225,,
2899,0.056272558867931366,,1118.128291130066,232.94981002807617,,
2900,0.13230718672275543,,1118.509090423584,233.02714037895203,,
2901,0.034715671092271805,,1118.8900434970856,233.1045310497284,,
2902,0.04127781093120575,,1119.271303653717,233.18185448646545,,
2903,0.03560178726911545,,1119.6525812149048,233.25918197631836,,
2904,0.04921567812561989,,1120.0330848693848,233.33697700500488,,
2905,0.038717299699783325,,1120.4140257835388,233.4143476486206,,
2906,0.049415577203035355,,1120.7952382564545,233.4917414188385,,
2907,0.0829404816031456,,1121.176203250885,233.5690894126892,,
2908,0.17390112578868866,,1121.5575559139252,233.64686107635498,,
2909,0.08209739625453949,,1121.938185930252,233.72427248954773,,
2910,0.046599309891462326,,1122.3189051151276,233.80164074897766,,
2911,0.032579801976680756,,1122.6996009349823,233.8790032863617,,
2912,0.03403833881020546,,1123.0800185203552,233.95639324188232,,
2913,0.046109143644571304,,1123.460679769516,234.03419518470764,,
2914,0.04470633715391159,,1123.8417265415192,234.11158800125122,,
2915,0.05971469730138779,,1124.4515829086304,234.18899989128113,,
2916,0.03353423625230789,,1124.832776069641,234.2668011188507,,
2917,0.029830560088157654,,1125.2130324840546,234.34413194656372,,
2918,0.034057438373565674,,1125.5940799713135,234.42191362380981,,
2919,0.05290985852479935,,1125.9747822284698,234.49925875663757,,
2920,0.04482126608490944,,1126.3553352355957,234.5770719051361,,
2921,0.0750822126865387,,1126.7359929084778,234.65477514266968,,
2922,0.10607700794935226,,1127.1169049739838,234.73218536376953,,
2923,0.04222109541296959,,1127.4974164962769,234.80956768989563,,
2924,0.029916342347860336,,1127.8779196739197,234.88699579238892,,
2925,0.039852190762758255,,1128.259080171585,234.96494245529175,,
2926,0.03243141248822212,,1128.6393585205078,235.04232144355774,,
2927,0.0666130855679512,,1129.0205640792847,235.12012553215027,,
2928,0.05995523929595947,,1129.4015107154846,235.19748520851135,,
2929,0.030310411006212234,,1129.7824082374573,235.27521800994873,,
2930,0.029984042048454285,,1130.1627826690674,235.35296988487244,,
2931,0.030466526746749878,,1130.5438256263733,235.43037819862366,,
2932,0.04013512656092644,,1130.9245209693909,235.5077199935913,,
2933,0.043214842677116394,,1131.3053984642029,235.58519053459167,,
2934,0.03977302461862564,,1131.6864824295044,235.66296696662903,,
2935,0.04575753211975098,,1132.0672261714935,235.74035239219666,,
2936,0.04309513047337532,,1132.4477043151855,235.8181962966919,,
2937,0.049302633851766586,,1132.8287513256073,235.89555191993713,,
2938,0.0401885099709034,,1133.2093827724457,235.97294783592224,,
2939,0.03518832102417946,,1133.5902774333954,236.05030131340027,,
2940,0.03151904419064522,,1133.9714770317078,236.12769985198975,,
2941,0.05723435431718826,,1134.3522815704346,236.20505213737488,,
2942,0.05485941469669342,,1134.7329971790314,236.28242826461792,,
2943,0.06315252184867859,,1135.1141896247864,236.36023879051208,,
2944,0.08607988804578781,,1135.4947595596313,236.43763184547424,,
2945,0.052072688937187195,,1135.8752686977386,236.51538681983948,,
2946,0.028144240379333496,,1136.255957365036,236.59271264076233,,
2947,0.04417920112609863,,1136.6363525390625,236.67005562782288,,
2948,0.09952757507562637,,1137.0173494815826,236.74745678901672,,
2949,0.13414694368839264,,1137.3990242481232,236.82485580444336,,
2950,0.08527368307113647,,1137.7800643444061,236.9027111530304,,
2951,0.033320046961307526,,1138.1606242656708,236.9800844192505,,
2952,0.03101683035492897,,1138.5420184135437,237.05751538276672,,
2953,0.02892579697072506,,1138.9231486320496,237.13492894172668,,
2954,0.03472531586885452,,1139.3036811351776,237.2123577594757,,
2955,0.03187619149684906,,1139.684716463089,237.28973770141602,,
2956,0.03958062455058098,,1140.0651404857635,237.36709856987,,
2957,0.028088387101888657,,1140.4462332725525,237.4444842338562,,
2958,0.033870674669742584,,1140.8272368907928,237.52188396453857,,
2959,0.02955998107790947,,1141.208030462265,237.59966826438904,,
2960,0.029449839144945145,,1141.5882325172424,237.6770224571228,,
2961,0.029771752655506134,,1141.9694337844849,237.75480341911316,,
2962,0.05365375801920891,,1142.3499338626862,237.83221673965454,,
2963,0.03102986142039299,,1142.7304093837738,237.909592628479,,
2964,0.028593558818101883,,1143.1117334365845,237.9870686531067,,
2965,0.03040103055536747,,1143.4925904273987,238.06480503082275,,
2966,0.03147134929895401,,1143.8729536533356,238.1425817012787,,
2967,0.0694282203912735,,1144.2543635368347,238.22001385688782,,
2968,0.0871683657169342,,1144.863056898117,238.29779887199402,,
2969,0.12191985547542572,,1145.24454331398,238.37522649765015,,
2970,0.03150679171085358,,1145.625206708908,238.45265102386475,,
2971,0.03106139972805977,,1146.0059275627136,238.53048944473267,,
2972,0.07707568258047104,,1146.3871161937714,238.6078588962555,,
2973,0.05132710561156273,,1146.7679789066315,238.68567395210266,,
2974,0.03783460706472397,,1147.1487057209015,238.76300835609436,,
2975,0.03362908959388733,,1147.5297577381134,238.8408317565918,,
2976,0.04600904881954193,,1147.9105110168457,238.9185013771057,,
2977,0.07196928560733795,,1148.290947675705,238.9963138103485,,
2978,0.034936800599098206,,1148.6719937324524,239.07373929023743,,
2979,0.04081707447767258,,1149.0522572994232,239.1511013507843,,
2980,0.05403224378824234,,1149.4331424236298,239.22894716262817,,
2981,0.10968906432390213,,1149.8145837783813,239.30632948875427,,
2982,0.14779043197631836,,1150.195538520813,239.3841209411621,,
2983,0.07656671851873398,,1150.5760748386383,239.46146082878113,,
2984,0.05183557793498039,,1150.9574646949768,239.53922057151794,,
2985,0.03255036845803261,,1151.3381507396698,239.61695218086243,,
2986,0.04644480720162392,,1151.718610048294,239.69467091560364,,
2987,0.06165860593318939,,1152.0998947620392,239.77245545387268,,
2988,0.09279727935791016,,1152.4804372787476,239.84987378120422,,
2989,0.046601369976997375,,1152.8612401485443,239.92765045166016,,
2990,0.029699569568037987,,1153.2425162792206,240.00503540039062,,
2991,0.03174712136387825,,1153.6232936382294,240.08286046981812,,
2992,0.038692865520715714,,1154.0039069652557,240.16023755073547,,
2993,0.03424041345715523,,1154.3847630023956,240.2379686832428,,
2994,0.03850522264838219,,1154.7650911808014,240.31536722183228,,
2995,0.03344731032848358,,1155.1456060409546,240.3927137851715,,
2996,0.04677364602684975,,1155.5270273685455,240.47054028511047,,
2997,0.038365550339221954,,1155.907884836197,240.54789018630981,,
2998,0.04163176566362381,,1156.2886278629303,240.62570977210999,,
2999,0.03256983682513237,,1156.6695828437805,240.70315408706665,,
3000,0.03509856387972832,0.012693849392235279,1157.0503313541412,242.19482111930847,0.03181133046746254,0.06445717811584473
3001,0.035224549472332,,1157.4319379329681,242.27222800254822,,
3002,0.034337785094976425,,1157.8124706745148,242.3499276638031,,
3003,0.03874928504228592,,1158.1931591033936,242.42734336853027,,
3004,0.030931470915675163,,1158.5745697021484,242.50468039512634,,
3005,0.04931570217013359,,1158.9551711082458,242.5824728012085,,
3006,0.11322715133428574,,1159.335595369339,242.6598720550537,,
3007,0.06532732397317886,,1159.716759443283,242.7376959323883,,
3008,0.07642531394958496,,1160.0974428653717,242.81509923934937,,
3009,0.03014761209487915,,1160.4782524108887,242.89284563064575,,
3010,0.033668890595436096,,1160.8594386577606,242.97018098831177,,
3011,0.032633282244205475,,1161.240391254425,243.04753279685974,,
3012,0.05134808272123337,,1161.6214001178741,243.12530875205994,,
3013,0.07813893258571625,,1162.0024452209473,243.2026822566986,,
3014,0.07560249418020248,,1162.3829436302185,243.28052473068237,,
3015,0.10778363049030304,,1162.763465642929,243.35800409317017,,
3016,0.08948194235563278,,1163.1447539329529,243.43582034111023,,
3017,0.042290277779102325,,1163.5254793167114,243.51316022872925,,
3018,0.02734457701444626,,1163.9066405296326,243.5905613899231,,
3019,0.025880781933665276,,1164.28795170784,243.66826391220093,,
3020,0.031100044026970863,,1164.6681096553802,243.7456772327423,,
3021,0.07934275269508362,,1165.2769725322723,243.8234360218048,,
3022,0.10729166865348816,,1165.6582527160645,243.90116810798645,,
3023,0.07096471637487411,,1166.038907289505,243.97859072685242,,
3024,0.03731989115476608,,1166.4197070598602,244.0559947490692,,
3025,0.05768026411533356,,1166.8006644248962,244.1333668231964,,
3026,0.04365522041916847,,1167.1813945770264,244.21115398406982,,
3027,0.05757392942905426,,1167.562480688095,244.2885274887085,,
3028,0.10352801531553268,,1167.9437947273254,244.36631655693054,,
3029,0.08669192343950272,,1168.3243806362152,244.44373226165771,,
3030,0.031401555985212326,,1168.7049593925476,244.52111721038818,,
3031,0.04703202098608017,,1169.086369752884,244.5985243320465,,
3032,0.0313471220433712,,1169.4674172401428,244.67591738700867,,
3033,0.0403142012655735,,1169.8480441570282,244.7532935142517,,
3034,0.039363402873277664,,1170.2293128967285,244.8305959701538,,
3035,0.08740169554948807,,1170.610384941101,244.9084393978119,,
3036,0.16745807230472565,,1170.9904963970184,244.9857656955719,,
3037,0.09663192927837372,,1171.3714632987976,245.06314325332642,,
3038,0.043995294719934464,,1171.7519159317017,245.14047932624817,,
3039,0.04737477749586105,,1172.1325397491455,245.21782183647156,,
3040,0.03378073126077652,,1172.5135343074799,245.29514503479004,,
3041,0.05565473437309265,,1172.8943393230438,245.3725461959839,,
3042,0.04013042524456978,,1173.275146484375,245.4503893852234,,
3043,0.0309065580368042,,1173.6561920642853,245.52777361869812,,
3044,0.03297378122806549,,1174.0371100902557,245.6051321029663,,
3045,0.05186866596341133,,1174.4176986217499,245.68252968788147,,
3046,0.08183756470680237,,1174.7988543510437,245.75996470451355,,
3047,0.04621691256761551,,1175.1792933940887,245.8373818397522,,
3048,0.041117697954177856,,1175.5601074695587,245.91484427452087,,
3049,0.03289709985256195,,1175.9413516521454,245.9922547340393,,
3050,0.03181076422333717,,1176.3229739665985,246.06967186927795,,
3051,0.046277981251478195,,1176.7036504745483,246.1470491886139,,
3052,0.03468789905309677,,1177.0850324630737,246.2245032787323,,
3053,0.03328448161482811,,1177.4663026332855,246.301913022995,,
3054,0.03639304265379906,,1177.8468899726868,246.37933778762817,,
3055,0.04975775629281998,,1178.228219985962,246.45672249794006,,
3056,0.027626993134617805,,1178.608803510666,246.5341579914093,,
3057,0.07092470675706863,,1178.989413022995,246.6114718914032,,
3058,0.04485493525862694,,1179.3708205223083,246.6888234615326,,
3059,0.08142967522144318,,1179.7513544559479,246.7661998271942,,
3060,0.09157304465770721,,1180.1320848464966,246.84358668327332,,
3061,0.03734716400504112,,1180.5130887031555,246.92095041275024,,
3062,0.028796890750527382,,1180.8938448429108,246.9983160495758,,
3063,0.031206389889121056,,1181.2746999263763,247.0756676197052,,
3064,0.03984466567635536,,1181.6556820869446,247.15298581123352,,
3065,0.037301912903785706,,1182.036319732666,247.23036766052246,,
3066,0.05555601045489311,,1182.4170517921448,247.30772972106934,,
3067,0.10686742514371872,,1182.7984702587128,247.38508296012878,,
3068,0.07838837057352066,,1183.1790797710419,247.46243929862976,,
3069,0.03315599635243416,,1183.559805393219,247.5397617816925,,
3070,0.03551417216658592,,1183.9408962726593,247.61714482307434,,
3071,0.03417189046740532,,1184.321507692337,247.69449400901794,,
3072,0.036975160241127014,,1184.7023010253906,247.7718687057495,,
3073,0.18749654293060303,,1185.0833835601807,247.8492567539215,,
3074,0.1462935209274292,,1185.6924223899841,247.92711448669434,,
3075,0.037738602608442307,,1186.07359623909,248.00444221496582,,
3076,0.03167112544178963,,1186.4545185565948,248.08182382583618,,
3077,0.0310456994920969,,1186.835075378418,248.1591761112213,,
3078,0.033834248781204224,,1187.2162067890167,248.236483335495,,
3079,0.034309275448322296,,1187.596824169159,248.31380915641785,,
3080,0.03364643082022667,,1187.9778037071228,248.39116835594177,,
3081,0.030292242765426636,,1188.3587882518768,248.46849060058594,,
3082,0.052701495587825775,,1188.7395086288452,248.54580283164978,,
3083,0.0381607711315155,,1189.1205253601074,248.62317657470703,,
3084,0.030339684337377548,,1189.5021719932556,248.70060420036316,,
3085,0.03817455843091011,,1189.882831811905,248.77797555923462,,
3086,0.05147140473127365,,1190.2644002437592,248.85536742210388,,
3087,0.05569397285580635,,1190.6453561782837,248.93277621269226,,
3088,0.029051853343844414,,1191.0259323120117,249.0101454257965,,
3089,0.03389599174261093,,1191.4064524173737,249.0875370502472,,
3090,0.028820455074310303,,1191.7876121997833,249.1649022102356,,
3091,0.032981522381305695,,1192.1681990623474,249.2423186302185,,
3092,0.029230894520878792,,1192.548861026764,249.3197808265686,,
3093,0.034566257148981094,,1192.9298861026764,249.39713978767395,,
3094,0.13509652018547058,,1193.3105382919312,249.47450041770935,,
3095,0.06615080684423447,,1193.6917040348053,249.5518753528595,,
3096,0.04755229130387306,,1194.0727603435516,249.62926959991455,,
3097,0.1052224412560463,,1194.4531421661377,249.7066786289215,,
3098,0.06594617664813995,,1194.8334827423096,249.78404259681702,,
3099,0.04836069792509079,,1195.2145133018494,249.86138653755188,,
3100,0.05344140902161598,,1195.5955183506012,249.93879675865173,,
3101,0.03211704641580582,,1195.9767463207245,250.01619386672974,,
3102,0.02947520837187767,,1196.3579416275024,250.09353971481323,,
3103,0.029468759894371033,,1196.7384786605835,250.17097687721252,,
3104,0.033460941165685654,,1197.1192955970764,250.24833869934082,,
3105,0.038443777710199356,,1197.5002481937408,250.3257360458374,,
3106,0.035019855946302414,,1197.8807656764984,250.4031159877777,,
3107,0.029855672270059586,,1198.2615571022034,250.4804847240448,,
3108,0.04061427339911461,,1198.6426844596863,250.55789041519165,,
3109,0.035976968705654144,,1199.0234694480896,250.63529634475708,,
3110,0.0367945171892643,,1199.4039750099182,250.7126874923706,,
3111,0.02976428158581257,,1199.785148859024,250.7900869846344,,
3112,0.03230830654501915,,1200.1657977104187,250.86750197410583,,
3113,0.03140677139163017,,1200.546401500702,250.94484615325928,,
3114,0.034435003995895386,,1200.9278464317322,251.02220487594604,,
3115,0.03433581814169884,,1201.308423280716,251.09962558746338,,
3116,0.048145029693841934,,1201.689162492752,251.17700719833374,,
3117,0.037037476897239685,,1202.0703921318054,251.25435614585876,,
3118,0.03509954735636711,,1202.4512603282928,251.3317358493805,,
3119,0.03320992365479469,,1202.8319568634033,251.40914916992188,,
3120,0.038948625326156616,,1203.2129406929016,251.48653078079224,,
3121,0.031153764575719833,,1203.5936164855957,251.5638976097107,,
3122,0.03344770520925522,,1203.9740800857544,251.64124369621277,,
3123,0.04721527919173241,,1204.3551518917084,251.71866059303284,,
3124,0.03764144703745842,,1204.7357640266418,251.79648900032043,,
3125,0.03972955048084259,,1205.1160235404968,251.8738555908203,,
3126,0.0404185876250267,,1205.4971656799316,251.9516623020172,,
3127,0.09326441586017609,,1206.1058599948883,252.0290105342865,,
3128,0.07064329087734222,,1206.4870223999023,252.10642790794373,,
3129,0.037820618599653244,,1206.8677175045013,252.18426156044006,,
3130,0.03959648311138153,,1207.2482743263245,252.26163721084595,,
3131,0.04723050072789192,,1207.6294736862183,252.33939003944397,,
3132,0.06688787788152695,,1208.0101811885834,252.41679453849792,,
3133,0.11529160290956497,,1208.3908641338348,252.49414014816284,,
3134,0.0468008816242218,,1208.7722625732422,252.57199883460999,,
3135,0.049949176609516144,,1209.1526453495026,252.6493785381317,,
3136,0.03339279070496559,,1209.5332531929016,252.7271990776062,,
3137,0.03188922628760338,,1209.914662361145,252.80453753471375,,
3138,0.028292018920183182,,1210.2952280044556,252.8823583126068,,
3139,0.03285062313079834,,1210.6757183074951,252.9597225189209,,
3140,0.027034271508455276,,1211.0568137168884,253.03705978393555,,
3141,0.03309812769293785,,1211.4375882148743,253.11442971229553,,
3142,0.03528004512190819,,1211.8182482719421,253.19182968139648,,
3143,0.03313857689499855,,1212.199393749237,253.26919722557068,,
3144,0.02980331890285015,,1212.5799398422241,253.34654021263123,,
3145,0.030894409865140915,,1212.960411787033,253.4239547252655,,
3146,0.05301356688141823,,1213.3413352966309,253.5013325214386,,
3147,0.06937140226364136,,1213.7219092845917,253.5791049003601,,
3148,0.08137156069278717,,1214.1019155979156,253.65642142295837,,
3149,0.05838882178068161,,1214.4833879470825,253.7337622642517,,
3150,0.06521189212799072,,1214.8641781806946,253.81108021736145,,
3151,0.04856669530272484,,1215.2446553707123,253.88842391967773,,
3152,0.03956250473856926,,1215.62580037117,253.9662435054779,,
3153,0.029467599466443062,,1216.0068173408508,254.04362177848816,,
3154,0.05732136219739914,,1216.3875381946564,254.12103533744812,,
3155,0.07763904333114624,,1216.768557548523,254.19844555854797,,
3156,0.04223780706524849,,1217.1491203308105,254.27582836151123,,
3157,0.04318922758102417,,1217.5295524597168,254.35326218605042,,
3158,0.04710353538393974,,1217.9110066890717,254.43066143989563,,
3159,0.07581423968076706,,1218.2915227413177,254.50808238983154,,
3160,0.04114467650651932,,1218.672695159912,254.58549404144287,,
3161,0.05819370597600937,,1219.0542924404144,254.66288709640503,,
3162,0.03043227083981037,,1219.4347121715546,254.74031352996826,,
3163,0.02882750704884529,,1219.8153862953186,254.81770062446594,,
3164,0.030235400423407555,,1220.196278333664,254.8950412273407,,
3165,0.038336705416440964,,1220.5770590305328,254.97246599197388,,
3166,0.05466638505458832,,1220.9577791690826,255.049870967865,,
3167,0.03054725006222725,,1221.3388211727142,255.12719130516052,,
3168,0.03708294406533241,,1221.7193756103516,255.2045397758484,,
3169,0.03469926491379738,,1222.1000368595123,255.28185367584229,,
3170,0.08000877499580383,,1222.4814884662628,255.35977172851562,,
3171,0.13340644538402557,,1222.8625147342682,255.4370973110199,,
3172,0.08708105236291885,,1223.2431848049164,255.51489996910095,,
3173,0.05789198353886604,,1223.6244649887085,255.59229040145874,,
3174,0.06206943094730377,,1224.0049171447754,255.67002606391907,,
3175,0.03651164099574089,,1224.3855135440826,255.74739909172058,,
3176,0.056050319224596024,,1224.7669744491577,255.82475590705872,,
3177,0.060304321348667145,,1225.1475903987885,255.90256524085999,,
3178,0.09868684411048889,,1225.5282163619995,255.97992491722107,,
3179,0.06805460900068283,,1225.909710407257,256.05732560157776,,
3180,0.029634537175297737,,1226.5181624889374,256.1346309185028,,
3181,0.03175393119454384,,1226.8993558883667,256.2119972705841,,
3182,0.034747958183288574,,1227.2800974845886,256.2898054122925,,
3183,0.03875631466507912,,1227.6603436470032,256.36715960502625,,
3184,0.06501345336437225,,1228.0413961410522,256.4449317455292,,
3185,0.06110387668013573,,1228.4219307899475,256.5222532749176,,
3186,0.07918960601091385,,1228.8025650978088,256.6000642776489,,
3187,0.06283082067966461,,1229.1839365959167,256.67750120162964,,
3188,0.044526711106300354,,1229.5646102428436,256.75480794906616,,
3189,0.03570585325360298,,1229.9454307556152,256.83263421058655,,
3190,0.029656199738383293,,1230.3267133235931,256.91004157066345,,
3191,0.07194387912750244,,1230.7073731422424,256.9878640174866,,
3192,0.06986290961503983,,1231.0875825881958,257.06520676612854,,
3193,0.06322655081748962,,1231.469197511673,257.1429703235626,,
3194,0.04610045999288559,,1231.8499252796173,257.2203619480133,,
3195,0.04179086163640022,,1232.230706691742,257.2977387905121,,
3196,0.03144577145576477,,1232.6111736297607,257.3750879764557,,
3197,0.03706067427992821,,1232.9918994903564,257.4524829387665,,
3198,0.03988419473171234,,1233.3722229003906,257.5298707485199,,
3199,0.030405305325984955,,1233.7533597946167,257.60728216171265,,
3200,0.041379958391189575,,1234.1345031261444,257.6851074695587,,
3201,0.029912443831562996,,1234.5148766040802,257.7624795436859,,
3202,0.02900407649576664,,1234.895972251892,257.84029388427734,,
3203,0.028552886098623276,,1235.2762060165405,257.91770935058594,,
3204,0.038344524800777435,,1235.6567323207855,257.99506092071533,,
3205,0.04747481271624565,,1236.03790974617,258.07242226600647,,
3206,0.03339247778058052,,1236.4188911914825,258.14980721473694,,
3207,0.03573588281869888,,1236.799584388733,258.2272582054138,,
3208,0.07980610430240631,,1237.1806540489197,258.3046462535858,,
3209,0.07562534511089325,,1237.5612585544586,258.382039308548,,
3210,0.043030109256505966,,1237.9417345523834,258.45942664146423,,
3211,0.03202337399125099,,1238.3227474689484,258.53684735298157,,
3212,0.047062262892723083,,1238.7035341262817,258.6141951084137,,
3213,0.07479671388864517,,1239.0842895507812,258.69161105155945,,
3214,0.059239327907562256,,1239.4652698040009,258.7689645290375,,
3215,0.05388663709163666,,1239.845943927765,258.84635043144226,,
3216,0.044049933552742004,,1240.2263209819794,258.9241178035736,,
3217,0.04370057210326195,,1240.6073925495148,259.0015399456024,,
3218,0.06550246477127075,,1240.9879231452942,259.07890725135803,,
3219,0.09565722197294235,,1241.3684694766998,259.1562809944153,,
3220,0.15436550974845886,,1241.749668121338,259.23402643203735,,
3221,0.06492204964160919,,1242.130648136139,259.31179332733154,,
3222,0.03055635467171669,,1242.511650800705,259.3891820907593,,
3223,0.033164363354444504,,1242.893263578415,259.4670031070709,,
3224,0.04392724484205246,,1243.2743558883667,259.54444098472595,,
3225,0.04357675835490227,,1243.6552045345306,259.62229228019714,,
3226,0.0350707545876503,,1244.0362706184387,259.69964623451233,,
3227,0.0273062065243721,,1244.4168372154236,259.77700424194336,,
3228,0.04455026984214783,,1244.7976818084717,259.8543486595154,,
3229,0.036113664507865906,,1245.1787087917328,259.9316952228546,,
3230,0.07558499276638031,,1245.5593237876892,260.0090675354004,,
3231,0.07020372897386551,,1245.9400448799133,260.0864601135254,,
3232,0.0652121752500534,,1246.3212294578552,260.1642572879791,,
3233,0.03319193050265312,,1246.9298119544983,260.241601228714,,
3234,0.06205004081130028,,1247.3114430904388,260.318954706192,,
3235,0.03159147500991821,,1247.6921520233154,260.39635014533997,,
3236,0.036055728793144226,,1248.0732460021973,260.4736590385437,,
3237,0.03432968631386757,,1248.4543023109436,260.551481962204,,
3238,0.029799461364746094,,1248.834944486618,260.62884616851807,,
3239,0.030654296278953552,,1249.2156598567963,260.7066504955292,,
3240,0.03254810720682144,,1249.5966362953186,260.7839765548706,,
3241,0.03335603326559067,,1249.9778850078583,260.86133885383606,,
3242,0.03544462472200394,,1250.3588409423828,260.93876576423645,,
3243,0.029622815549373627,,1250.7399983406067,261.0160958766937,,
3244,0.03831818327307701,,1251.1207077503204,261.09344959259033,,
3245,0.035407278686761856,,1251.50128531456,261.1707875728607,,
3246,0.0653584748506546,,1251.8822429180145,261.2481756210327,,
3247,0.06159161403775215,,1252.2627370357513,261.325558423996,,
3248,0.045767612755298615,,1252.6430525779724,261.402960062027,,
3249,0.07856705039739609,,1253.02459025383,261.4803395271301,,
3250,0.027781391516327858,,1253.4051628112793,261.55774879455566,,
3251,0.046473078429698944,,1253.7858414649963,261.63517236709595,,
3252,0.03109956532716751,,1254.1668894290924,261.71258759498596,,
3253,0.04623715579509735,,1254.5472741127014,261.7904381752014,,
3254,0.033298783004283905,,1254.9282279014587,261.86776971817017,,
3255,0.034879133105278015,,1255.3096084594727,261.9451274871826,,
3256,0.03585248440504074,,1255.6902368068695,262.022483587265,,
3257,0.030555298551917076,,1256.071189880371,262.09985995292664,,
3258,0.036412354558706284,,1256.4519226551056,262.1771833896637,,
3259,0.05403747037053108,,1256.8326215744019,262.25452756881714,,
3260,0.06111173704266548,,1257.2131924629211,262.33189845085144,,
3261,0.06421076506376266,,1257.5942378044128,262.40932297706604,,
3262,0.10007236152887344,,1257.974514722824,262.48668694496155,,
3263,0.11238665133714676,,1258.3554456233978,262.564076423645,,
3264,0.07894396781921387,,1258.7364146709442,262.64147090911865,,
3265,0.02665036916732788,,1259.1170337200165,262.7188620567322,,
3266,0.04762110486626625,,1259.4975168704987,262.7966537475586,,
3267,0.04680166020989418,,1259.8785555362701,262.8740520477295,,
3268,0.02796938829123974,,1260.2589905261993,262.9515061378479,,
3269,0.03107299469411373,,1260.6393086910248,263.0288722515106,,
3270,0.027076920494437218,,1261.0205328464508,263.1062812805176,,
3271,0.03371679037809372,,1261.401159286499,263.18364429473877,,
3272,0.036904413253068924,,1261.7819473743439,263.26104974746704,,
3273,0.029233615845441818,,1262.1630320549011,263.33842492103577,,
3274,0.03513794764876366,,1262.5435137748718,263.41576385498047,,
3275,0.04363556578755379,,1262.9240143299103,263.49313259124756,,
3276,0.0612964853644371,,1263.3053212165833,263.5704870223999,,
3277,0.07052363455295563,,1263.6860065460205,263.6478490829468,,
3278,0.061969857662916183,,1264.0663678646088,263.7252388000488,,
3279,0.037073276937007904,,1264.447484254837,263.80266857147217,,
3280,0.05726020038127899,,1264.82821726799,263.88004422187805,,
3281,0.05984445661306381,,1265.2088124752045,263.957457780838,,
3282,0.06563245505094528,,1265.5899679660797,264.03489089012146,,
3283,0.03967035934329033,,1265.9708845615387,264.11220598220825,,
3284,0.037262655794620514,,1266.3517005443573,264.1895580291748,,
3285,0.052775297313928604,,1266.7329132556915,264.26693844795227,,
3286,0.03481970727443695,,1267.3416390419006,264.3443169593811,,
3287,0.03705129399895668,,1267.7227880954742,264.42174911499023,,
3288,0.042176298797130585,,1268.103658914566,264.49912548065186,,
3289,0.03699563071131706,,1268.484560251236,264.5765109062195,,
3290,0.044871535152196884,,1268.8659417629242,264.6538565158844,,
3291,0.0345536544919014,,1269.2469024658203,264.73127269744873,,
3292,0.028598297387361526,,1269.627563238144,264.80910420417786,,
3293,0.03153016045689583,,1270.0085093975067,264.8864541053772,,
3294,0.027674823999404907,,1270.3892781734467,264.9638216495514,,
3295,0.029068009927868843,,1270.7702322006226,265.04120087623596,,
3296,0.04107971861958504,,1271.1514291763306,265.11857867240906,,
3297,0.03102169558405876,,1271.5319740772247,265.1959593296051,,
3298,0.044052157551050186,,1271.9129619598389,265.27333903312683,,
3299,0.03945173695683479,,1272.2946619987488,265.3512268066406,,
3300,0.057102419435977936,,1272.675537109375,265.4286572933197,,
3301,0.11180847883224487,,1273.0564832687378,265.5060045719147,,
3302,0.1644936501979828,,1273.437836408615,265.5833783149719,,
3303,0.07145446538925171,,1273.8182382583618,265.66073846817017,,
3304,0.031190738081932068,,1274.1988279819489,265.73805046081543,,
3305,0.0318961963057518,,1274.5804269313812,265.8154356479645,,
3306,0.026077672839164734,,1274.961152791977,265.89280343055725,,
3307,0.04403025284409523,,1275.3421256542206,265.9701623916626,,
3308,0.02695622108876705,,1275.7240879535675,266.0479471683502,,
3309,0.030864469707012177,,1276.104591846466,266.1253173351288,,
3310,0.02806008607149124,,1276.486083984375,266.20312309265137,,
3311,0.030820194631814957,,1276.8670885562897,266.28047609329224,,
3312,0.03360924497246742,,1277.2476415634155,266.35825753211975,,
3313,0.03537774831056595,,1277.6282558441162,266.43561601638794,,
3314,0.032594386488199234,,1278.0095970630646,266.5130639076233,,
3315,0.058156393468379974,,1278.3900835514069,266.5904517173767,,
3316,0.05319272726774216,,1278.770527124405,266.66782116889954,,
3317,0.04391251504421234,,1279.1517975330353,266.7452380657196,,
3318,0.02758367545902729,,1279.5323462486267,266.8225905895233,,
3319,0.029644593596458435,,1279.9130754470825,266.8999443054199,,
3320,0.04843142256140709,,1280.2945611476898,266.97728204727173,,
3321,0.05169147625565529,,1280.675001859665,267.05467987060547,,
3322,0.09384758770465851,,1281.0556585788727,267.1320502758026,,
3323,0.05147162824869156,,1281.4366292953491,267.2094442844391,,
3324,0.026535242795944214,,1281.8178024291992,267.2867796421051,,
3325,0.04126888886094093,,1282.1983850002289,267.3644118309021,,
3326,0.046093616634607315,,1282.5798926353455,267.44179582595825,,
3327,0.051110100001096725,,1282.9606969356537,267.51918482780457,,
3328,0.06740495562553406,,1283.3421516418457,267.5965533256531,,
3329,0.04266895353794098,,1283.7232389450073,267.6739559173584,,
3330,0.07754198461771011,,1284.103947877884,267.7513310909271,,
3331,0.06670699268579483,,1284.4845623970032,267.82865858078003,,
3332,0.049447137862443924,,1284.86580991745,267.90602016448975,,
3333,0.031571269035339355,,1285.2464017868042,267.98338556289673,,
3334,0.044138744473457336,,1285.6272916793823,268.0606882572174,,
3335,0.03366492688655853,,1286.0084519386292,268.1381006240845,,
3336,0.04276617243885994,,1286.3889954090118,268.2154586315155,,
3337,0.04844706133008003,,1286.7694246768951,268.29286313056946,,
3338,0.07542277872562408,,1287.150505065918,268.37025022506714,,
3339,0.04658589884638786,,1287.7592644691467,268.44761538505554,,
3340,0.05697829648852348,,1288.1403472423553,268.52503633499146,,
3341,0.05704997479915619,,1288.5211999416351,268.60240840911865,,
3342,0.03513873368501663,,1288.9020881652832,268.6798794269562,,
3343,0.09857121109962463,,1289.2833037376404,268.75725960731506,,
3344,0.07409302890300751,,1289.6639993190765,268.8346655368805,,
3345,0.04467011243104935,,1290.0445992946625,268.912029504776,,
3346,0.07122936099767685,,1290.425964832306,268.98938822746277,,
3347,0.04703731834888458,,1290.8094069957733,269.06677055358887,,
3348,0.04425886273384094,,1291.1901240348816,269.1441366672516,,
3349,0.05255560576915741,,1291.5712687969208,269.2215085029602,,
3350,0.03073868714272976,,1291.9517569541931,269.2989025115967,,
3351,0.029362758621573448,,1292.3322973251343,269.3762457370758,,
3352,0.027674488723278046,,1292.7136142253876,269.4535963535309,,
3353,0.028805632144212723,,1293.0944993495941,269.5309476852417,,
3354,0.028622858226299286,,1293.475025653839,269.6087477207184,,
3355,0.03094843216240406,,1293.8563678264618,269.68615436553955,,
3356,0.025675563141703606,,1294.2369322776794,269.76351857185364,,
3357,0.02978713996708393,,1294.617641210556,269.8408713340759,,
3358,0.05749155953526497,,1294.9992518424988,269.91827416419983,,
3359,0.03135188668966293,,1295.3799560070038,269.9956738948822,,
3360,0.03179860860109329,,1295.7611830234528,270.07307839393616,,
3361,0.06309906393289566,,1296.1423342227936,270.15092372894287,,
3362,0.12309329956769943,,1296.5233612060547,270.2283182144165,,
3363,0.06490998715162277,,1296.904049396515,270.30610489845276,,
3364,0.030796155333518982,,1297.284795999527,270.3835654258728,,
3365,0.035431791096925735,,1297.665221452713,270.46095395088196,,
3366,0.027878927066922188,,1298.046142578125,270.53867506980896,,
3367,0.0296615082770586,,1298.4272253513336,270.6160969734192,,
3368,0.029853925108909607,,1298.8079679012299,270.69347643852234,,
3369,0.0450485534965992,,1299.1888604164124,270.77090406417847,,
3370,0.0452255979180336,,1299.570154428482,270.848712682724,,
3371,0.03505086898803711,,1299.950707435608,270.9262571334839,,
3372,0.06519746035337448,,1300.3312723636627,271.00410175323486,,
3373,0.05295105278491974,,1300.7125141620636,271.0817940235138,,
3374,0.03771160915493965,,1301.0927317142487,271.159548997879,,
3375,0.04130847007036209,,1301.4734151363373,271.2369456291199,,
3376,0.06912411749362946,,1301.8545036315918,271.31439328193665,,
3377,0.15360893309116364,,1302.2353310585022,271.39180731773376,,
3378,0.08403574675321579,,1302.6159949302673,271.4691889286041,,
3379,0.04091178625822067,,1302.9973611831665,271.5470185279846,,
3380,0.03161075711250305,,1303.3780834674835,271.6244180202484,,
3381,0.027510669082403183,,1303.7587399482727,271.7022614479065,,
3382,0.03673579543828964,,1304.1398253440857,271.77967262268066,,
3383,0.031328003853559494,,1304.520114183426,271.8571183681488,,
3384,0.03436046466231346,,1304.900841474533,271.93452501296997,,
3385,0.02825411781668663,,1305.2818672657013,272.01192903518677,,
3386,0.026015933603048325,,1305.662549495697,272.0897295475006,,
3387,0.05122198536992073,,1306.043296098709,272.1671552658081,,
3388,0.05508716031908989,,1306.4242227077484,272.2450544834137,,
3389,0.04217718169093132,,1306.8047823905945,272.3224697113037,,
3390,0.029161933809518814,,1307.1852893829346,272.4002947807312,,
3391,0.029860300943255424,,1307.5666263103485,272.47769689559937,,
3392,0.03844141587615013,,1308.1752455234528,272.55514669418335,,
3393,0.024365361779928207,,1308.556604385376,272.63257098197937,,
3394,0.025492584332823753,,1308.937376499176,272.70993876457214,,
3395,0.02734397165477276,,1309.3179912567139,272.7873547077179,,
3396,0.04046275466680527,,1309.6991930007935,272.8647518157959,,
3397,0.03980318456888199,,1310.079843044281,272.9421076774597,,
3398,0.07519767433404922,,1310.460815668106,273.01955127716064,,
3399,0.10971622169017792,,1310.8418409824371,273.09696412086487,,
3400,0.04026693478226662,,1311.2225725650787,273.1747827529907,,
3401,0.04625021666288376,,1311.6032919883728,273.2521405220032,,
3402,0.030960796400904655,,1311.9845955371857,273.3299376964569,,
3403,0.035240158438682556,,1312.3652575016022,273.40736389160156,,
3404,0.1242094486951828,,1312.745680809021,273.48477149009705,,
3405,0.05192464962601662,,1313.1268901824951,273.5621180534363,,
3406,0.03215378522872925,,1313.5074496269226,273.63949275016785,,
3407,0.024690959602594376,,1313.8880381584167,273.7168538570404,,
3408,0.025147613137960434,,1314.2693643569946,273.794228553772,,
3409,0.02529141679406166,,1314.6499247550964,273.872088432312,,
3410,0.0292544923722744,,1315.0307910442352,273.9494426250458,,
3411,0.0644340068101883,,1315.4120421409607,274.02722787857056,,
3412,0.09325096011161804,,1315.7925605773926,274.1046485900879,,
3413,0.06504564732313156,,1316.1730048656464,274.1820514202118,,
3414,0.06828199326992035,,1316.5543613433838,274.2598602771759,,
3415,0.027043795213103294,,1316.9348368644714,274.33728528022766,,
3416,0.03445810452103615,,1317.3155136108398,274.4151346683502,,
3417,0.03116021119058132,,1317.6966910362244,274.4925172328949,,
3418,0.033228881657123566,,1318.0776889324188,274.5703094005585,,
3419,0.03370597958564758,,1318.458381652832,274.64772868156433,,
3420,0.047592129558324814,,1318.8394482135773,274.7251579761505,,
3421,0.027052367106080055,,1319.2199301719666,274.80292677879333,,
3422,0.02833070605993271,,1319.6004526615143,274.8803095817566,,
3423,0.030412595719099045,,1319.9815430641174,274.95773220062256,,
3424,0.034023717045784,,1320.3619821071625,275.03513860702515,,
3425,0.030036410316824913,,1320.7423615455627,275.11297059059143,,
3426,0.025948135182261467,,1321.1234159469604,275.1904094219208,,
3427,0.030821502208709717,,1321.5042815208435,275.26779794692993,,
3428,0.050379350781440735,,1321.8849110603333,275.34521293640137,,
3429,0.03993619605898857,,1322.2667977809906,275.42267179489136,,
3430,0.04775130748748779,,1322.6472957134247,275.5000877380371,,
3431,0.03987359628081322,,1323.0290577411652,275.57746148109436,,
3432,0.026448750868439674,,1323.41037774086,275.65530729293823,,
3433,0.03576336055994034,,1323.7908883094788,275.7326772212982,,
3434,0.08656255155801773,,1324.1713392734528,275.810045003891,,
3435,0.1453113704919815,,1324.5569107532501,275.88746190071106,,
3436,0.10118497163057327,,1324.9377057552338,275.96526169776917,,
3437,0.09499255567789078,,1325.3183770179749,276.0426902770996,,
3438,0.053282782435417175,,1325.6999759674072,276.12010169029236,,
3439,0.05447337031364441,,1326.080632686615,276.1979079246521,,
3440,0.07194202393293381,,1326.4611377716064,276.27531266212463,,
3441,0.08106377720832825,,1326.84245967865,276.35311675071716,,
3442,0.030051417648792267,,1327.2228291034698,276.430552482605,,
3443,0.035857561975717545,,1327.6037080287933,276.50790667533875,,
3444,0.027827568352222443,,1327.9846980571747,276.585346698761,,
3445,0.0383082777261734,,1328.59339427948,276.66281747817993,,
3446,0.03469480946660042,,1328.9746227264404,276.74022483825684,,
3447,0.03344974294304848,,1329.3550720214844,276.8176374435425,,
3448,0.04323665052652359,,1329.7359557151794,276.89545726776123,,
3449,0.034805525094270706,,1330.1171391010284,276.9728162288666,,
3450,0.027275150641798973,,1330.4978804588318,277.0501871109009,,
3451,0.02687877044081688,,1330.8787343502045,277.1280047893524,,
3452,0.028201332315802574,,1331.259764432907,277.2054145336151,,
3453,0.03999318927526474,,1331.6408009529114,277.2832238674164,,
3454,0.044198647141456604,,1332.0214326381683,277.3606381416321,,
3455,0.03321323171257973,,1332.4025044441223,277.43846893310547,,
3456,0.03158876299858093,,1332.7830686569214,277.5158815383911,,
3457,0.0262217428535223,,1333.1632668972015,277.5932722091675,,
3458,0.034809380769729614,,1333.544602394104,277.67070150375366,,
3459,0.024357756599783897,,1333.925383090973,277.74809980392456,,
3460,0.03312365338206291,,1334.3059718608856,277.82545256614685,,
3461,0.028113530948758125,,1334.6873943805695,277.9028832912445,,
3462,0.03932637721300125,,1335.0679035186768,277.9803149700165,,
3463,0.03224548324942589,,1335.4488551616669,278.05777049064636,,
3464,0.0412384457886219,,1335.829941034317,278.13514733314514,,
3465,0.029903102666139603,,1336.211172580719,278.21253204345703,,
3466,0.028161173686385155,,1336.5917918682098,278.28991508483887,,
3467,0.025663789361715317,,1336.9730107784271,278.3673267364502,,
3468,0.035366058349609375,,1337.3536286354065,278.4446837902069,,
3469,0.028803106397390366,,1337.73410820961,278.52210235595703,,
3470,0.03580047935247421,,1338.115335226059,278.59952545166016,,
3471,0.060224223881959915,,1338.4961082935333,278.6773934364319,,
3472,0.05324777215719223,,1338.8763689994812,278.75479340553284,,
3473,0.1424899846315384,,1339.257691860199,278.83258080482483,,
3474,0.09936819225549698,,1339.6382026672363,278.90998458862305,,
3475,0.024810709059238434,,1340.0191299915314,278.98736357688904,,
3476,0.02746274322271347,,1340.399992465973,279.06470561027527,,
3477,0.03719297796487808,,1340.7808923721313,279.1420896053314,,
3478,0.030463024973869324,,1341.1614899635315,279.219931602478,,
3479,0.07672862708568573,,1341.5429420471191,279.2972722053528,,
3480,0.06751112639904022,,1341.923321723938,279.3747501373291,,
3481,0.024658100679516792,,1342.3037457466125,279.45208501815796,,
3482,0.025471040979027748,,1342.6850485801697,279.529447555542,,
3483,0.04876937344670296,,1343.0659523010254,279.60681343078613,,
3484,0.04212745651602745,,1343.4465672969818,279.6842215061188,,
3485,0.036836713552474976,,1343.8276138305664,279.76162028312683,,
3486,0.030603304505348206,,1344.2080767154694,279.8390643596649,,
3487,0.025157876312732697,,1344.5886204242706,279.9169361591339,,
3488,0.028971996158361435,,1344.9694576263428,279.9943497180939,,
3489,0.030503258109092712,,1345.3500800132751,280.0721619129181,,
3490,0.031531598418951035,,1345.730177640915,280.149533033371,,
3491,0.028923796489834785,,1346.1111662387848,280.2269389629364,,
3492,0.035752661526203156,,1346.4914722442627,280.3043222427368,,
3493,0.030007394030690193,,1346.8721523284912,280.38173627853394,,
3494,0.050504669547080994,,1347.2536036968231,280.4595649242401,,
3495,0.03186652809381485,,1347.634173631668,280.53691244125366,,
3496,0.026226235553622246,,1348.0153744220734,280.6146903038025,,
3497,0.026362713426351547,,1348.396108865738,280.6920416355133,,
3498,0.029088476672768593,,1349.0051279067993,280.7694561481476,,
3499,0.03529611974954605,,1349.3871166706085,280.8468277454376,,
3500,0.04948156327009201,0.021993866190314293,1349.7677013874054,282.3384597301483,0.04266223683953285,0.1815403550863266
3501,0.13106299936771393,,1350.1486251354218,282.41583800315857,,
3502,0.07281097769737244,,1350.5293426513672,282.49322843551636,,
3503,0.03719509765505791,,1350.9097352027893,282.57062005996704,,
3504,0.04537011310458183,,1351.291039466858,282.648024559021,,
3505,0.035549964755773544,,1351.6716899871826,282.72543835639954,,
3506,0.03219690918922424,,1352.0522844791412,282.8028247356415,,
3507,0.03372026979923248,,1352.4329588413239,282.88023114204407,,
3508,0.033085983246564865,,1352.8133664131165,282.9576597213745,,
3509,0.03326983377337456,,1353.1940693855286,283.03502082824707,,
3510,0.02740280143916607,,1353.5754113197327,283.1128294467926,,
3511,0.04062849283218384,,1353.9562764167786,283.1902711391449,,
3512,0.02668164297938347,,1354.3370683193207,283.26767659187317,,
3513,0.03433676064014435,,1354.7184064388275,283.34507513046265,,
3514,0.04371181130409241,,1355.0989606380463,283.4225163459778,,
3515,0.04893570765852928,,1355.480346441269,283.4999403953552,,
3516,0.03850904107093811,,1355.8615074157715,283.5773813724518,,
3517,0.02812456525862217,,1356.2420666217804,283.65480160713196,,
3518,0.03869892656803131,,1356.6224439144135,283.7322063446045,,
3519,0.03210387006402016,,1357.0035319328308,283.80997681617737,,
3520,0.057717692106962204,,1357.3839750289917,283.88733553886414,,
3521,0.061583343893289566,,1357.7647738456726,283.9647195339203,,
3522,0.044303201138973236,,1358.145831823349,284.0420768260956,,
3523,0.05284271389245987,,1358.5263147354126,284.11943459510803,,
3524,0.023795651271939278,,1358.9069695472717,284.1967658996582,,
3525,0.02610340528190136,,1359.28795337677,284.2741975784302,,
3526,0.027819527313113213,,1359.6686544418335,284.3520302772522,,
3527,0.025235788896679878,,1360.0492248535156,284.4294340610504,,
3528,0.04895966127514839,,1360.4304926395416,284.50726556777954,,
3529,0.04210132360458374,,1360.8108386993408,284.58466386795044,,
3530,0.05092034116387367,,1361.191575050354,284.66205072402954,,
3531,0.07979106158018112,,1361.5727517604828,284.7394344806671,,
3532,0.07212210446596146,,1361.9534242153168,284.8168001174927,,
3533,0.06551927328109741,,1362.3337738513947,284.8941853046417,,
3534,0.03919580578804016,,1362.714552640915,284.97155833244324,,
3535,0.06388942897319794,,1363.0953152179718,285.04937863349915,,
3536,0.05634494125843048,,1363.476155281067,285.12675976753235,,
3537,0.030151136219501495,,1363.8572645187378,285.2041828632355,,
3538,0.02655958943068981,,1364.2384555339813,285.28157091140747,,
3539,0.029194554314017296,,1364.6190173625946,285.35904836654663,,
3540,0.0279216505587101,,1364.999980211258,285.4364356994629,,
3541,0.027008283883333206,,1365.3805510997772,285.51382994651794,,
3542,0.03041737712919712,,1365.7607960700989,285.5917158126831,,
3543,0.02942385897040367,,1366.1416599750519,285.6691234111786,,
3544,0.03642021492123604,,1366.5225884914398,285.74694538116455,,
3545,0.05987398698925972,,1366.9032099246979,285.8243246078491,,
3546,0.08788829296827316,,1367.284194469452,285.9021120071411,,
3547,0.14956273138523102,,1367.6647703647614,285.97951197624207,,
3548,0.058256663382053375,,1368.045227766037,286.0569016933441,,
3549,0.025222288444638252,,1368.426394701004,286.1346845626831,,
3550,0.054399438202381134,,1368.8071014881134,286.21209192276,,
3551,0.03333892300724983,,1369.4158725738525,286.2898020744324,,
3552,0.054046981036663055,,1369.7969455718994,286.36763858795166,,
3553,0.0424773171544075,,1370.177419424057,286.4449791908264,,
3554,0.030880704522132874,,1370.5583066940308,286.52279782295227,,
3555,0.028266260400414467,,1370.9393661022186,286.6002039909363,,
3556,0.048497140407562256,,1371.3197894096375,286.67800879478455,,
3557,0.05170868709683418,,1371.700691461563,286.7553822994232,,
3558,0.11618165671825409,,1372.0818450450897,286.8332061767578,,
3559,0.04613322392106056,,1372.462525844574,286.9105749130249,,
3560,0.027281418442726135,,1372.8425693511963,286.9879729747772,,
3561,0.04049523547291756,,1373.223804473877,287.06539964675903,,
3562,0.03256586939096451,,1373.6042649745941,287.1427552700043,,
3563,0.03476260229945183,,1373.9851295948029,287.2205979824066,,
3564,0.030488649383187294,,1374.3662447929382,287.2980213165283,,
3565,0.0374896377325058,,1374.7473495006561,287.3754074573517,,
3566,0.026813123375177383,,1375.127658367157,287.4528224468231,,
3567,0.02574232406914234,,1375.5087027549744,287.5302150249481,,
3568,0.029901552945375443,,1375.889059305191,287.6079936027527,,
3569,0.03145105391740799,,1376.269719839096,287.68534231185913,,
3570,0.026702620089054108,,1376.6507239341736,287.763147354126,,
3571,0.03626009449362755,,1377.0317583084106,287.84058690071106,,
3572,0.05889836326241493,,1377.4124472141266,287.9184718132019,,
3573,0.08787045627832413,,1377.7937870025635,287.995836019516,,
3574,0.03779391944408417,,1378.1742374897003,288.0736482143402,,
3575,0.043824441730976105,,1378.5550622940063,288.15095615386963,,
3576,0.031373608857393265,,1378.9361927509308,288.2282862663269,,
3577,0.025263551622629166,,1379.3249542713165,288.3061068058014,,
3578,0.027547383680939674,,1379.706021308899,288.38352966308594,,
3579,0.03535648062825203,,1380.086791753769,288.46130990982056,,
3580,0.04748653247952461,,1380.4676446914673,288.538694858551,,
3581,0.07086244225502014,,1380.8482842445374,288.6164219379425,,
3582,0.10143028199672699,,1381.229064464569,288.6937997341156,,
3583,0.026503602042794228,,1381.6094965934753,288.7711269855499,,
3584,0.02718525193631649,,1381.9898245334625,288.848473072052,,
3585,0.03446272015571594,,1382.370629310608,288.92583417892456,,
3586,0.02869316376745701,,1382.750827550888,289.00323486328125,,
3587,0.0560309924185276,,1383.1312234401703,289.080598115921,,
3588,0.048587534576654434,,1383.5123348236084,289.1580264568329,,
3589,0.03709401935338974,,1383.8927597999573,289.23543310165405,,
3590,0.0954170823097229,,1384.2730913162231,289.31325125694275,,
3591,0.05932294949889183,,1384.6541187763214,289.39066886901855,,
3592,0.08952165395021439,,1385.034639120102,289.46806478500366,,
3593,0.0589289553463459,,1385.4155099391937,289.5458710193634,,
3594,0.0336885079741478,,1385.796443939209,289.6232657432556,,
3595,0.027055304497480392,,1386.1772334575653,289.701060295105,,
3596,0.028780480846762657,,1386.557516336441,289.7784640789032,,
3597,0.026123935356736183,,1386.9392488002777,289.85611748695374,,
3598,0.026858728379011154,,1387.320101261139,289.93357706069946,,
3599,0.03151322156190872,,1387.701200246811,290.011332988739,,
3600,0.054019734263420105,,1388.0823910236359,290.0887351036072,,
3601,0.027568669989705086,,1388.462804555893,290.16615104675293,,
3602,0.03376266360282898,,1388.8434879779816,290.2440025806427,,
3603,0.02653239294886589,,1389.2241580486298,290.32147336006165,,
3604,0.031908243894577026,,1389.832897901535,290.3988525867462,,
3605,0.030228391289711,,1390.2139077186584,290.476238489151,,
3606,0.024565523490309715,,1390.59481549263,290.5536081790924,,
3607,0.03264995291829109,,1390.97523355484,290.6310410499573,,
3608,0.027016734704375267,,1391.3559432029724,290.70843958854675,,
3609,0.02450260892510414,,1391.7364344596863,290.786230802536,,
3610,0.026810426265001297,,1392.1167364120483,290.86359548568726,,
3611,0.05041733384132385,,1392.4976580142975,290.9409849643707,,
3612,0.05158974975347519,,1392.8783550262451,291.01844477653503,,
3613,0.04853621497750282,,1393.2590606212616,291.0958397388458,,
3614,0.03025267831981182,,1393.6405053138733,291.17326283454895,,
3615,0.044877734035253525,,1394.0209336280823,291.2506694793701,,
3616,0.030071545392274857,,1394.4012846946716,291.3284785747528,,
3617,0.02891126461327076,,1394.782318353653,291.40590620040894,,
3618,0.02958836406469345,,1395.1630418300629,291.48376083374023,,
3619,0.025783022865653038,,1395.5434346199036,291.56118154525757,,
3620,0.028405552729964256,,1395.924795627594,291.63860726356506,,
3621,0.0242424625903368,,1396.3051841259003,291.7159581184387,,
3622,0.07387329638004303,,1396.685868024826,291.79331731796265,,
3623,0.09666600078344345,,1397.0673298835754,291.87113761901855,,
3624,0.033220335841178894,,1397.4475026130676,291.94859790802,,
3625,0.04385159909725189,,1397.82803940773,292.02645349502563,,
3626,0.093345046043396,,1398.2090079784393,292.10387659072876,,
3627,0.06582679599523544,,1398.5894801616669,292.1813380718231,,
3628,0.10858237743377686,,1398.9698350429535,292.25873041152954,,
3629,0.03982763737440109,,1399.3507208824158,292.3361074924469,,
3630,0.04881683364510536,,1399.7316617965698,292.41353130340576,,
3631,0.030370691791176796,,1400.1122906208038,292.49093675613403,,
3632,0.03280564397573471,,1400.4942290782928,292.56833004951477,,
3633,0.03300090506672859,,1400.8749074935913,292.64571738243103,,
3634,0.03141079097986221,,1401.256058216095,292.7235291004181,,
3635,0.027274353429675102,,1401.6366608142853,292.8009457588196,,
3636,0.03095211274921894,,1402.0172007083893,292.87834119796753,,
3637,0.029327258467674255,,1402.3979811668396,292.95577478408813,,
3638,0.03277669847011566,,1402.778915643692,293.03317856788635,,
3639,0.028982628136873245,,1403.1592798233032,293.1106162071228,,
3640,0.024941222742199898,,1403.539664030075,293.1880042552948,,
3641,0.02497035823762417,,1403.9206080436707,293.265394449234,,
3642,0.026217825710773468,,1404.3012328147888,293.34286236763,,
3643,0.02453545853495598,,1404.6818194389343,293.42024660110474,,
3644,0.026515906676650047,,1405.0628924369812,293.49763798713684,,
3645,0.024484651163220406,,1405.4434378147125,293.575003862381,,
3646,0.028950929641723633,,1405.824007987976,293.65242743492126,,
3647,0.0683341845870018,,1406.2054324150085,293.7298493385315,,
3648,0.09254865348339081,,1406.5856108665466,293.807247877121,,
3649,0.08978606760501862,,1406.9665009975433,293.88472294807434,,
3650,0.07361503690481186,,1407.3475379943848,293.9620838165283,,
3651,0.05035240948200226,,1407.7285163402557,294.0394642353058,,
3652,0.047851353883743286,,1408.1092240810394,294.116845369339,,
3653,0.03689435496926308,,1408.490201473236,294.1943118572235,,
3654,0.03770880401134491,,1408.8708326816559,294.2717397212982,,
3655,0.0318240225315094,,1409.2516026496887,294.3491516113281,,
3656,0.023526445031166077,,1409.6324524879456,294.42662811279297,,
3657,0.02527143433690071,,1410.2410297393799,294.50442266464233,,
3658,0.024808818474411964,,1410.6221189498901,294.5818350315094,,
3659,0.02223213203251362,,1411.0026819705963,294.6592195034027,,
3660,0.023953478783369064,,1411.3832111358643,294.7366383075714,,
3661,0.031063921749591827,,1411.7648463249207,294.8141129016876,,
3662,0.04138132184743881,,1412.1457786560059,294.891508102417,,
3663,0.09560292214155197,,1412.526248216629,294.9688992500305,,
3664,0.08623921126127243,,1412.9075660705566,295.0466878414154,,
3665,0.0579146146774292,,1413.2878227233887,295.1241011619568,,
3666,0.02509342133998871,,1413.6683168411255,295.2018630504608,,
3667,0.02877400442957878,,1414.0491240024567,295.2792172431946,,
3668,0.029308771714568138,,1414.4301624298096,295.35659170150757,,
3669,0.09015212953090668,,1414.8106400966644,295.4339702129364,,
3670,0.0349433608353138,,1415.1916770935059,295.5113604068756,,
3671,0.02656296268105507,,1415.5722219944,295.5887260437012,,
3672,0.02756202593445778,,1415.952742099762,295.66617584228516,,
3673,0.025914018973708153,,1416.333932876587,295.74399876594543,,
3674,0.02924244850873947,,1416.7147002220154,295.8214476108551,,
3675,0.024296296760439873,,1417.0952198505402,295.89925050735474,,
3676,0.034987494349479675,,1417.4758670330048,295.9766376018524,,
3677,0.03690679743885994,,1417.8565664291382,296.0540292263031,,
3678,0.031191349029541016,,1418.2374048233032,296.1314721107483,,
3679,0.0481976717710495,,1418.6189541816711,296.2088825702667,,
3680,0.0481448732316494,,1418.9995663166046,296.28669238090515,,
3681,0.0354556106030941,,1419.3802525997162,296.36414885520935,,
3682,0.03378984332084656,,1419.7611804008484,296.4415581226349,,
3683,0.03486059233546257,,1420.1422231197357,296.51896572113037,,
3684,0.05245819315314293,,1420.5225937366486,296.5967321395874,,
3685,0.057260990142822266,,1420.9037916660309,296.6741452217102,,
3686,0.03127129375934601,,1421.2845044136047,296.7515516281128,,
3687,0.024120980873703957,,1421.6646285057068,296.82939553260803,,
3688,0.05672967806458473,,1422.0454680919647,296.90679931640625,,
3689,0.12074548751115799,,1422.4260733127594,296.9842531681061,,
3690,0.0220386553555727,,1422.8065547943115,297.0616295337677,,
3691,0.03436972200870514,,1423.1876804828644,297.13944268226624,,
3692,0.043328508734703064,,1423.5684533119202,297.21684098243713,,
3693,0.03493185341358185,,1423.9490218162537,297.29424691200256,,
3694,0.03457504138350487,,1424.3302054405212,297.3716311454773,,
3695,0.04134954884648323,,1424.710632801056,297.44903326034546,,
3696,0.03605432063341141,,1425.091385602951,297.5268440246582,,
3697,0.05333385989069939,,1425.4724235534668,297.60424280166626,,
3698,0.032248400151729584,,1425.8530452251434,297.68215131759644,,
3699,0.028214409947395325,,1426.2336704730988,297.75961089134216,,
3700,0.050123944878578186,,1426.6145462989807,297.8374197483063,,
3701,0.028386583551764488,,1426.9955415725708,297.91511249542236,,
3702,0.026792174205183983,,1427.3759453296661,297.99288535118103,,
3703,0.03200262412428856,,1427.757107257843,298.0702660083771,,
3704,0.02558348886668682,,1428.1378984451294,298.1476857662201,,
3705,0.027699578553438187,,1428.518758058548,298.2250874042511,,
3706,0.027833374217152596,,1428.9000494480133,298.30248045921326,,
3707,0.025205126032233238,,1429.2803819179535,298.38027453422546,,
3708,0.038918767124414444,,1429.6607511043549,298.45771765708923,,
3709,0.03433183953166008,,1430.0417230129242,298.5351424217224,,
3710,0.040614787489175797,,1430.6506843566895,298.61252522468567,,
3711,0.035762570798397064,,1431.031816959381,298.6899588108063,,
3712,0.027171634137630463,,1431.412621974945,298.7677662372589,,
3713,0.033151037991046906,,1431.793167591095,298.8451669216156,,
3714,0.028534386307001114,,1432.1741189956665,298.92295026779175,,
3715,0.03912457078695297,,1432.5546050071716,299.0007092952728,,
3716,0.09882064908742905,,1432.9353795051575,299.07811999320984,,
3717,0.05418798699975014,,1433.3167130947113,299.1559615135193,,
3718,0.0710187554359436,,1433.6984000205994,299.23335456848145,,
3719,0.03025193326175213,,1434.079031944275,299.3111596107483,,
3720,0.02632746286690235,,1434.4600386619568,299.38853192329407,,
3721,0.04157322645187378,,1434.8405094146729,299.46637082099915,,
3722,0.03299831226468086,,1435.2211530208588,299.54376554489136,,
3723,0.02612570859491825,,1435.6022129058838,299.621248960495,,
3724,0.039657820016145706,,1435.982855796814,299.69866275787354,,
3725,0.03906115144491196,,1436.3636565208435,299.7760889530182,,
3726,0.029437508434057236,,1436.7446126937866,299.85390877723694,,
3727,0.037194471806287766,,1437.1250295639038,299.93128275871277,,
3728,0.027115534991025925,,1437.5056474208832,300.0091109275818,,
3729,0.027704235166311264,,1437.8866822719574,300.08649373054504,,
3730,0.02604370005428791,,1438.267207622528,300.1643364429474,,
3731,0.03666231036186218,,1438.6479790210724,300.24178814888,,
3732,0.030953824520111084,,1439.0291867256165,300.3192000389099,,
3733,0.02694532461464405,,1439.4101266860962,300.3966283798218,,
3734,0.05197703838348389,,1439.790872335434,300.474045753479,,
3735,0.06551452726125717,,1440.1722204685211,300.55187034606934,,
3736,0.04210885614156723,,1440.5526604652405,300.6293354034424,,
3737,0.034114476293325424,,1440.934094429016,300.70716381073,,
3738,0.09242220968008041,,1441.31529712677,300.7848467826843,,
3739,0.056655026972293854,,1441.6956441402435,300.86259508132935,,
3740,0.02177904173731804,,1442.0761649608612,300.9399824142456,,
3741,0.041214719414711,,1442.4573199748993,301.01738262176514,,
3742,0.02996818907558918,,1442.8378765583038,301.0952262878418,,
3743,0.026309587061405182,,1443.2180671691895,301.17268109321594,,
3744,0.026362787932157516,,1443.5990843772888,301.25051379203796,,
3745,0.05091981217265129,,1443.9796378612518,301.32789969444275,,
3746,0.03555991128087044,,1444.3602809906006,301.4057095050812,,
3747,0.025698566809296608,,1444.7412152290344,301.4831385612488,,
3748,0.02625746838748455,,1445.1217851638794,301.56093287467957,,
3749,0.025478435680270195,,1445.502200126648,301.63833808898926,,
3750,0.02969050407409668,,1445.883245229721,301.7157607078552,,
3751,0.026610735803842545,,1446.2638771533966,301.793176651001,,
3752,0.04286782443523407,,1446.6444351673126,301.8706941604614,,
3753,0.07702388614416122,,1447.0254423618317,301.9485466480255,,
3754,0.08251529932022095,,1447.4059417247772,302.0259337425232,,
3755,0.06021491810679436,,1447.7864995002747,302.10372400283813,,
3756,0.077844999730587,,1448.167561531067,302.18114590644836,,
3757,0.03213278576731682,,1448.5480301380157,302.2588984966278,,
3758,0.030065741389989853,,1448.9285399913788,302.33627581596375,,
3759,0.03170056268572807,,1449.3094415664673,302.4136953353882,,
3760,0.02762606367468834,,1449.6899852752686,302.4911036491394,,
3761,0.038951192051172256,,1450.070501089096,302.568505525589,,
3762,0.027743984013795853,,1450.451733827591,302.64632177352905,,
3763,0.04603881761431694,,1451.0598940849304,302.7237720489502,,
3764,0.05028911307454109,,1451.440597295761,302.8012282848358,,
3765,0.09301670640707016,,1451.821055650711,302.87863850593567,,
3766,0.030372250825166702,,1452.2013516426086,302.9560670852661,,
3767,0.026973050087690353,,1452.5829660892487,303.0335462093353,,
3768,0.02286595106124878,,1452.9632680416107,303.1109483242035,,
3769,0.028397386893630028,,1453.343567609787,303.1883866786957,,
3770,0.044015925377607346,,1453.724403142929,303.26579570770264,,
3771,0.078969806432724,,1454.1051938533783,303.34318113327026,,
3772,0.0287656057626009,,1454.4855914115906,303.42057609558105,,
3773,0.02958410046994686,,1454.866690158844,303.4980158805847,,
3774,0.03205442801117897,,1455.2472019195557,303.5754361152649,,
3775,0.027828318998217583,,1455.6278369426727,303.6528663635254,,
3776,0.04056127369403839,,1456.0088152885437,303.7303457260132,,
3777,0.02797192893922329,,1456.3891773223877,303.8078188896179,,
3778,0.03441210463643074,,1456.7698652744293,303.8852322101593,,
3779,0.0460955910384655,,1457.1509079933167,303.9626441001892,,
3780,0.03809068351984024,,1457.531780719757,304.0400528907776,,
3781,0.03206464275717735,,1457.9121706485748,304.11745858192444,,
3782,0.03719271346926689,,1458.2931354045868,304.1948480606079,,
3783,0.04067077115178108,,1458.6736431121826,304.27222657203674,,
3784,0.03019283153116703,,1459.0540552139282,304.3496124744415,,
3785,0.05952754244208336,,1459.4351379871368,304.42698407173157,,
3786,0.06630502641201019,,1459.8155572414398,304.50439047813416,,
3787,0.15341317653656006,,1460.1959669589996,304.5817918777466,,
3788,0.057800889015197754,,1460.577247619629,304.6591970920563,,
3789,0.024332195520401,,1460.957671880722,304.7365698814392,,
3790,0.029258690774440765,,1461.338262796402,304.81396675109863,,
3791,0.021552741527557373,,1461.7189259529114,304.89141750335693,,
3792,0.02218821458518505,,1462.0994651317596,304.96925354003906,,
3793,0.028402652591466904,,1462.4799485206604,305.0466480255127,,
3794,0.02386428602039814,,1462.8610889911652,305.1240770816803,,
3795,0.04078953340649605,,1463.2416367530823,305.2015244960785,,
3796,0.038704290986061096,,1463.6220936775208,305.2789590358734,,
3797,0.02242238260805607,,1464.0031442642212,305.35640358924866,,
3798,0.027140561491250992,,1464.383362531662,305.43381690979004,,
3799,0.03274628892540932,,1464.7639470100403,305.5112488269806,,
3800,0.0246603861451149,,1465.1447336673737,305.5886743068695,,
3801,0.031732894480228424,,1465.5250599384308,305.66656136512756,,
3802,0.02814258076250553,,1465.905518770218,305.7439799308777,,
3803,0.04534347355365753,,1466.2865266799927,305.82183384895325,,
3804,0.02772599272429943,,1466.667164325714,305.89924335479736,,
3805,0.03300831839442253,,1467.047515153885,305.9766569137573,,
3806,0.027872473001480103,,1467.4287996292114,306.05411982536316,,
3807,0.02655770443379879,,1467.8090691566467,306.131543636322,,
3808,0.0296009574085474,,1468.1894807815552,306.20893597602844,,
3809,0.040434226393699646,,1468.5707392692566,306.2863395214081,,
3810,0.03252602741122246,,1468.9510440826416,306.36417293548584,,
3811,0.03100132755935192,,1469.331617116928,306.4415581226349,,
3812,0.050981830805540085,,1469.712643146515,306.519366979599,,
3813,0.04526133090257645,,1470.0930845737457,306.59681463241577,,
3814,0.02644888125360012,,1470.4738411903381,306.67421102523804,,
3815,0.0250701941549778,,1470.8550417423248,306.75165247917175,,
3816,0.03534408286213875,,1471.4633514881134,306.82903265953064,,
3817,0.07220577448606491,,1471.8444044589996,306.9064345359802,,
3818,0.06800709664821625,,1472.2247395515442,306.9838328361511,,
3819,0.04526016488671303,,1472.605218410492,307.06123661994934,,
3820,0.06122654303908348,,1472.986212015152,307.13903880119324,,
3821,0.13498783111572266,,1473.366587638855,307.2164418697357,,
3822,0.08726600557565689,,1473.7469940185547,307.2942476272583,,
3823,0.04325501620769501,,1474.1277499198914,307.37163639068604,,
3824,0.07274890691041946,,1474.5086212158203,307.4490337371826,,
3825,0.03344790264964104,,1474.889237165451,307.5264356136322,,
3826,0.02632935158908367,,1475.2700955867767,307.60380148887634,,
3827,0.03156294673681259,,1475.6500442028046,307.6812036037445,,
3828,0.023666882887482643,,1476.0304999351501,307.7585790157318,,
3829,0.028604697436094284,,1476.4113371372223,307.8358988761902,,
3830,0.036186203360557556,,1476.7921214103699,307.91327571868896,,
3831,0.023122582584619522,,1477.1724243164062,307.9906623363495,,
3832,0.02759554795920849,,1477.5536572933197,308.0680375099182,,
3833,0.03178456798195839,,1477.9339609146118,308.145414352417,,
3834,0.027765290811657906,,1478.314278125763,308.2227647304535,,
3835,0.03301527351140976,,1478.6948125362396,308.3001775741577,,
3836,0.026688506826758385,,1479.0755038261414,308.377601146698,,
3837,0.028378335759043694,,1479.4560136795044,308.45501232147217,,
3838,0.026200097054243088,,1479.8373897075653,308.5328299999237,,
3839,0.034373968839645386,,1480.2178633213043,308.6101884841919,,
3840,0.02500656060874462,,1480.5984146595001,308.68756437301636,,
3841,0.028813526034355164,,1480.9793679714203,308.76502227783203,,
3842,0.03199119493365288,,1481.3596787452698,308.8424665927887,,
3843,0.08230075985193253,,1481.7401304244995,308.9198741912842,,
3844,0.0558474101126194,,1482.1212520599365,308.9972825050354,,
3845,0.026241792365908623,,1482.501702785492,309.0746691226959,,
3846,0.026666589081287384,,1482.8822469711304,309.15205812454224,,
3847,0.03840482607483864,,1483.263291835785,309.22948145866394,,
3848,0.06538158655166626,,1483.6439967155457,309.3069019317627,,
3849,0.11366082727909088,,1484.024521112442,309.3847908973694,,
3850,0.09291055053472519,,1484.4055287837982,309.46216917037964,,
3851,0.05584299564361572,,1484.7862286567688,309.5396053791046,,
3852,0.02335335873067379,,1485.166830778122,309.61700797080994,,
3853,0.027917824685573578,,1485.5479311943054,309.694372177124,,
3854,0.02771204151213169,,1485.928198814392,309.77172660827637,,
3855,0.025572406128048897,,1486.3081402778625,309.8490731716156,,
3856,0.024007780477404594,,1486.6895349025726,309.9268412590027,,
3857,0.02541975863277912,,1487.0700466632843,310.0042154788971,,
3858,0.02308827079832554,,1487.4504721164703,310.08201265335083,,
3859,0.0279256459325552,,1487.8313870429993,310.1594092845917,,
3860,0.02951939031481743,,1488.2117850780487,310.23676013946533,,
3861,0.02628888562321663,,1488.5922944545746,310.3141555786133,,
3862,0.02764143981039524,,1488.973487854004,310.39154171943665,,
3863,0.03297707438468933,,1489.3538646697998,310.46891379356384,,
3864,0.035394810140132904,,1489.7341845035553,310.54633831977844,,
3865,0.031963229179382324,,1490.1151239871979,310.624174118042,,
3866,0.030495265498757362,,1490.4955513477325,310.70158290863037,,
3867,0.03641144558787346,,1490.87580037117,310.77901005744934,,
3868,0.059734370559453964,,1491.2563807964325,310.8563983440399,,
3869,0.05615942180156708,,1491.8644018173218,310.93377566337585,,
3870,0.0337904691696167,,1492.2454724311829,311.01160621643066,,
3871,0.028002798557281494,,1492.6260809898376,311.08898735046387,,
3872,0.027670124545693398,,1493.0068852901459,311.1665380001068,,
3873,0.027495156973600388,,1493.3881199359894,311.24392914772034,,
3874,0.025116225704550743,,1493.7689497470856,311.32135820388794,,
3875,0.04206663370132446,,1494.149276971817,311.3987202644348,,
3876,0.02817290462553501,,1494.5300946235657,311.4761037826538,,
3877,0.024417012929916382,,1494.9104671478271,311.5534882545471,,
3878,0.027095241472125053,,1495.2907707691193,311.63090467453003,,
3879,0.032594237476587296,,1495.6716475486755,311.7083580493927,,
3880,0.03704031929373741,,1496.0521531105042,311.78574657440186,,
3881,0.027253657579421997,,1496.4325232505798,311.86353850364685,,
3882,0.064804807305336,,1496.8134739398956,311.9409284591675,,
3883,0.07565082609653473,,1497.1937534809113,312.0183296203613,,
3884,0.12837783992290497,,1497.5744342803955,312.0961158275604,,
3885,0.056317038834095,,1497.9551930427551,312.1735246181488,,
3886,0.03580304607748985,,1498.3355667591095,312.2513151168823,,
3887,0.036510318517684937,,1498.7155499458313,312.3287079334259,,
3888,0.027217183262109756,,1499.0964751243591,312.40616273880005,,
3889,0.022679967805743217,,1499.4772155284882,312.4835476875305,,
3890,0.026050178334116936,,1499.857752084732,312.56096506118774,,
3891,0.046553242951631546,,1500.2387392520905,312.63829803466797,,
3892,0.04770658165216446,,1500.6194605827332,312.71571111679077,,
3893,0.03008446842432022,,1501.0001780986786,312.7930865287781,,
3894,0.026581773534417152,,1501.3810198307037,312.870498418808,,
3895,0.02893400564789772,,1501.7616603374481,312.94829392433167,,
3896,0.0305276308208704,,1502.1420919895172,313.02563738822937,,
3897,0.03214644268155098,,1502.5229835510254,313.10345458984375,,
3898,0.025296444073319435,,1502.9031324386597,313.1808080673218,,
3899,0.03895191475749016,,1503.283947467804,313.25857067108154,,
3900,0.03952787071466446,,1503.6649935245514,313.33597326278687,,
3901,0.02256036549806595,,1504.04527759552,313.41333651542664,,
3902,0.02948462963104248,,1504.4261267185211,313.49069380760193,,
3903,0.0267795417457819,,1504.8071596622467,313.56806111335754,,
3904,0.02484695427119732,,1505.187807559967,313.645868062973,,
3905,0.03025246597826481,,1505.5680222511292,313.72323513031006,,
3906,0.028104102239012718,,1505.9492661952972,313.80061435699463,,
3907,0.05189668387174606,,1506.3299732208252,313.87821435928345,,
3908,0.03882702812552452,,1506.7105135917664,313.95562744140625,,
3909,0.041170209646224976,,1507.092135667801,314.0330412387848,,
3910,0.045655108988285065,,1507.4726855754852,314.11043310165405,,
3911,0.03319617733359337,,1507.8532786369324,314.18786096572876,,
3912,0.04159935563802719,,1508.2341976165771,314.26521372795105,,
3913,0.062407948076725006,,1508.615047454834,314.3430223464966,,
3914,0.057331252843141556,,1508.995408296585,314.4204387664795,,
3915,0.026454390957951546,,1509.3762691020966,314.4978334903717,,
3916,0.0297638438642025,,1509.7571036815643,314.5752217769623,,
3917,0.02778393030166626,,1510.1374509334564,314.6525869369507,,
3918,0.027125734835863113,,1510.5185811519623,314.7299597263336,,
3919,0.028422122821211815,,1510.8992426395416,314.8073420524597,,
3920,0.04353254660964012,,1511.2796199321747,314.8847167491913,,
3921,0.03470208868384361,,1511.6605260372162,314.9621379375458,,
3922,0.037192292511463165,,1512.2688100337982,315.03955602645874,,
3923,0.026003895327448845,,1512.64985871315,315.1169664859772,,
3924,0.03104543872177601,,1513.0302138328552,315.1943588256836,,
3925,0.025039151310920715,,1513.4109041690826,315.27217531204224,,
3926,0.04128680378198624,,1513.7916915416718,315.34954285621643,,
3927,0.022448403760790825,,1514.1723537445068,315.42693734169006,,
3928,0.02542535588145256,,1514.5528645515442,315.50431299209595,,
3929,0.0289654191583395,,1514.933759212494,315.58176851272583,,
3930,0.02590293064713478,,1515.3141911029816,315.65919065475464,,
3931,0.030956517904996872,,1515.6944932937622,315.73661065101624,,
3932,0.04615586996078491,,1516.075656414032,315.81403732299805,,
3933,0.02498103305697441,,1516.456131219864,315.8914031982422,,
3934,0.030178772285580635,,1516.8365542888641,315.96920943260193,,
3935,0.0329575277864933,,1517.217714548111,316.0466101169586,,
3936,0.06769445538520813,,1517.5981130599976,316.1243951320648,,
3937,0.05216190218925476,,1517.9785220623016,316.2017939090729,,
3938,0.04642409086227417,,1518.3592109680176,316.27955412864685,,
3939,0.060036931186914444,,1518.739366054535,316.3569269180298,,
3940,0.08977031707763672,,1519.1198692321777,316.4343054294586,,
3941,0.046910692006349564,,1519.5008034706116,316.5116958618164,,
3942,0.02332667075097561,,1519.8812818527222,316.58910727500916,,
3943,0.02666429616510868,,1520.261777639389,316.6668801307678,,
3944,0.03829864412546158,,1520.642743587494,316.7442297935486,,
3945,0.03883418068289757,,1521.023187160492,316.8215665817261,,
3946,0.02729853428900242,,1521.4038591384888,316.8989667892456,,
3947,0.030728578567504883,,1521.7846939563751,316.9763672351837,,
3948,0.024961275979876518,,1522.1652762889862,317.0537793636322,,
3949,0.030238645151257515,,1522.5458657741547,317.13112354278564,,
3950,0.05569110065698624,,1522.9267168045044,317.20851016044617,,
3951,0.04363195225596428,,1523.3069503307343,317.2858552932739,,
3952,0.06500643491744995,,1523.6875426769257,317.3636472225189,,
3953,0.1540275365114212,,1524.0683772563934,317.4410216808319,,
3954,0.09222778677940369,,1524.4487669467926,317.51882314682007,,
3955,0.026565102860331535,,1524.8291192054749,317.59617948532104,,
3956,0.027017071843147278,,1525.2102589607239,317.67353916168213,,
3957,0.02308833785355091,,1525.591010093689,317.7509367465973,,
3958,0.02815104089677334,,1525.9717669487,317.8283495903015,,
3959,0.0440375916659832,,1526.3526952266693,317.9061303138733,,
3960,0.02312471531331539,,1526.7334876060486,317.9835481643677,,
3961,0.04142071679234505,,1527.114478111267,318.06136655807495,,
3962,0.028319066390395164,,1527.4952883720398,318.13878202438354,,
3963,0.03792150318622589,,1527.8759167194366,318.2165825366974,,
3964,0.03601391613483429,,1528.2560205459595,318.29399967193604,,
3965,0.0473230704665184,,1528.6369132995605,318.37180280685425,,
3966,0.058559902012348175,,1529.017251253128,318.4492151737213,,
3967,0.03921302780508995,,1529.3977844715118,318.5266110897064,,
3968,0.038634758442640305,,1529.7789733409882,318.604040145874,,
3969,0.034489814192056656,,1530.1594214439392,318.6814124584198,,
3970,0.023719174787402153,,1530.5402257442474,318.7588834762573,,
3971,0.028063619509339333,,1530.9210212230682,318.83626914024353,,
3972,0.022722983732819557,,1531.3016922473907,318.913640499115,,
3973,0.032549865543842316,,1531.6821765899658,318.9910113811493,,
3974,0.025863025337457657,,1532.0631670951843,319.068368434906,,
3975,0.024569367989897728,,1532.6719200611115,319.146199464798,,
3976,0.023079251870512962,,1533.0529172420502,319.2235643863678,,
3977,0.023104745894670486,,1533.4335803985596,319.30095767974854,,
3978,0.025855956599116325,,1533.814432144165,319.37832045555115,,
3979,0.042943865060806274,,1534.1954762935638,319.45575737953186,,
3980,0.06923804432153702,,1534.5757837295532,319.53316736221313,,
3981,0.051353756338357925,,1534.9562990665436,319.6106071472168,,
3982,0.06052204966545105,,1535.3370928764343,319.687997341156,,
3983,0.054118841886520386,,1535.7177286148071,319.7653787136078,,
3984,0.052721112966537476,,1536.0978813171387,319.84324288368225,,
3985,0.027541426941752434,,1536.478711605072,319.9206404685974,,
3986,0.024244066327810287,,1536.8593888282776,319.9981093406677,,
3987,0.04419570416212082,,1537.240178823471,320.0754954814911,,
3988,0.03198803961277008,,1537.6213581562042,320.15283036231995,,
3989,0.03302520886063576,,1538.0019085407257,320.2302460670471,,
3990,0.04976900666952133,,1538.3825800418854,320.3076055049896,,
3991,0.03143737465143204,,1538.7637341022491,320.38542222976685,,
3992,0.02419472299516201,,1539.1439681053162,320.46286153793335,,
3993,0.028714658692479134,,1539.524700164795,320.54074120521545,,
3994,0.058315061032772064,,1539.9052608013153,320.61814188957214,,
3995,0.12446282804012299,,1540.2861309051514,320.69593334198,,
3996,0.07753375917673111,,1540.6667113304138,320.77331256866455,,
3997,0.07426078617572784,,1541.047705411911,320.85069465637207,,
3998,0.02500024624168873,,1541.4286794662476,320.9280924797058,,
3999,0.02845485508441925,,1541.8093934059143,321.0054910182953,,
4000,0.02138473279774189,0.011160347610712051,1542.1907846927643,322.4967694282532,0.017853375524282455,0.04584240913391113
4001,0.022010425105690956,,1542.5719521045685,322.57415199279785,,
4002,0.026773231104016304,,1542.952654838562,322.65156507492065,,
4003,0.02607344090938568,,1543.3335239887238,322.729012966156,,
4004,0.023467659950256348,,1543.7144849300385,322.806437253952,,
4005,0.02410050854086876,,1544.09614777565,322.88424825668335,,
4006,0.023535579442977905,,1544.4764294624329,322.9616684913635,,
4007,0.02668648585677147,,1544.8577630519867,323.0394928455353,,
4008,0.037636034190654755,,1545.2385873794556,323.11689043045044,,
4009,0.037290170788764954,,1545.619713306427,323.194708108902,,
4010,0.02478438802063465,,1546.0004909038544,323.2721016407013,,
4011,0.02603299356997013,,1546.3810589313507,323.3495366573334,,
4012,0.022018682211637497,,1546.7616493701935,323.42695569992065,,
4013,0.03456670045852661,,1547.1427886486053,323.50432658195496,,
4014,0.0276014544069767,,1547.5236060619354,323.58216762542725,,
4015,0.029657449573278427,,1547.9043176174164,323.6595721244812,,
4016,0.049846816807985306,,1548.2852840423584,323.737380027771,,
4017,0.037321943789720535,,1548.665760755539,323.81475830078125,,
4018,0.04267917573451996,,1549.0463075637817,323.8925709724426,,
4019,0.0276398453861475,,1549.427523612976,323.96998286247253,,
4020,0.03856080025434494,,1549.8081085681915,324.0474181175232,,
4021,0.02854102849960327,,1550.1888659000397,324.1252679824829,,
4022,0.029308928176760674,,1550.569658756256,324.2027072906494,,
4023,0.02685847133398056,,1550.9502086639404,324.2805531024933,,
4024,0.028087254613637924,,1551.3307056427002,324.35813188552856,,
4025,0.024324491620063782,,1551.711515903473,324.4360017776489,,
4026,0.024100523442029953,,1552.0920798778534,324.5133888721466,,
4027,0.029985876753926277,,1552.4727654457092,324.59078907966614,,
4028,0.028722386807203293,,1553.0817923545837,324.6686065196991,,
4029,0.049037400633096695,,1553.4618635177612,324.7459828853607,,
4030,0.059539955109357834,,1553.8428392410278,324.82379722595215,,
4031,0.04039450362324715,,1554.2232687473297,324.90146946907043,,
4032,0.04714818671345711,,1554.603616476059,324.9792540073395,,
4033,0.03851685672998428,,1554.9848906993866,325.05699467658997,,
4034,0.0470946803689003,,1555.365403175354,325.1343185901642,,
4035,0.09212161600589752,,1555.746567249298,325.2121272087097,,
4036,0.1575145125389099,,1556.1273696422577,325.2895007133484,,
4037,0.028554847463965416,,1556.5081024169922,325.36732053756714,,
4038,0.02997427061200142,,1556.8884546756744,325.44473791122437,,
4039,0.04381246119737625,,1557.2695677280426,325.52253890037537,,
4040,0.028702350333333015,,1557.6506617069244,325.599972486496,,
4041,0.023912174627184868,,1558.031563282013,325.67735171318054,,
4042,0.0250320453196764,,1558.4130473136902,325.754754781723,,
4043,0.02565421350300312,,1558.7940125465393,325.83215713500977,,
4044,0.02420104667544365,,1559.1744771003723,325.9095890522003,,
4045,0.02283131331205368,,1559.5556020736694,325.9870479106903,,
4046,0.031229525804519653,,1559.9362845420837,326.06489396095276,,
4047,0.023764507845044136,,1560.316848039627,326.1422789096832,,
4048,0.02652222290635109,,1560.697915315628,326.22009921073914,,
4049,0.02645636536180973,,1561.0784413814545,326.29744148254395,,
4050,0.030085716396570206,,1561.458904504776,326.37479424476624,,
4051,0.025578990578651428,,1561.8400175571442,326.45221424102783,,
4052,0.03378494083881378,,1562.2206854820251,326.52959752082825,,
4053,0.042580604553222656,,1562.6012151241302,326.6069598197937,,
4054,0.02964762970805168,,1562.9823954105377,326.684419631958,,
4055,0.03155883401632309,,1563.3630728721619,326.7622117996216,,
4056,0.02921174094080925,,1563.7435343265533,326.8398988246918,,
4057,0.024041438475251198,,1564.1246690750122,326.91772747039795,,
4058,0.029691174626350403,,1564.5051312446594,326.995484828949,,
4059,0.025974025949835777,,1564.8858292102814,327.0728952884674,,
4060,0.04590680077672005,,1565.2671270370483,327.1506657600403,,
4061,0.040181662887334824,,1565.6480810642242,327.2280468940735,,
4062,0.05878434330224991,,1566.0287640094757,327.3058748245239,,
4063,0.021210864186286926,,1566.4099197387695,327.38322710990906,,
4064,0.0260927677154541,,1566.7903726100922,327.4610333442688,,
4065,0.032532818615436554,,1567.1707825660706,327.53871297836304,,
4066,0.04034923389554024,,1567.5517122745514,327.6164195537567,,
4067,0.032187290489673615,,1567.9322090148926,327.6941566467285,,
4068,0.03244134783744812,,1568.312842130661,327.77153968811035,,
4069,0.0248712245374918,,1568.6943981647491,327.84937834739685,,
4070,0.045445144176483154,,1569.0748517513275,327.92673087120056,,
4071,0.03528030216693878,,1569.45525765419,328.0045304298401,,
4072,0.022560272365808487,,1569.836405992508,328.0819237232208,,
4073,0.028524182736873627,,1570.216858625412,328.15969610214233,,
4074,0.023228678852319717,,1570.5974462032318,328.2373945713043,,
4075,0.027254490181803703,,1570.9783051013947,328.3151955604553,,
4076,0.0293200071901083,,1571.358936548233,328.3926033973694,,
4077,0.02856181375682354,,1571.7396223545074,328.46995663642883,,
4078,0.029415175318717957,,1572.1208641529083,328.5477545261383,,
4079,0.051559846848249435,,1572.5015366077423,328.62516951560974,,
4080,0.053084198385477066,,1572.882218837738,328.70295310020447,,
4081,0.03242180868983269,,1573.4912295341492,328.78030347824097,,
4082,0.03497994318604469,,1573.8718395233154,328.8576776981354,,
4083,0.02384156733751297,,1574.2529344558716,328.9355170726776,,
4084,0.0231550931930542,,1574.6333494186401,329.01293110847473,,
4085,0.027346795424818993,,1575.0138142108917,329.0907690525055,,
4086,0.06087227165699005,,1575.394642829895,329.1681315898895,,
4087,0.05352817848324776,,1575.774964094162,329.2459251880646,,
4088,0.023433616384863853,,1576.1552748680115,329.32333874702454,,
4089,0.03326122462749481,,1576.5363245010376,329.4007406234741,,
4090,0.05751979351043701,,1576.9167487621307,329.4781174659729,,
4091,0.05780453234910965,,1577.2973017692566,329.55546045303345,,
4092,0.08332446217536926,,1577.6781206130981,329.6328616142273,,
4093,0.05344656854867935,,1578.0585782527924,329.7102608680725,,
4094,0.054049860686063766,,1578.4389474391937,329.78767943382263,,
4095,0.10331583023071289,,1578.820175409317,329.865118265152,,
4096,0.03425946459174156,,1579.200868844986,329.942494392395,,
4097,0.06305517256259918,,1579.5812544822693,330.01988697052,,
4098,0.04110250249505043,,1579.9622888565063,330.09726881980896,,
4099,0.026883067563176155,,1580.3426842689514,330.1746723651886,,
4100,0.02532622218132019,,1580.723206281662,330.25205969810486,,
4101,0.02307947725057602,,1581.104148864746,330.32946729660034,,
4102,0.02944513037800789,,1581.4847486019135,330.4068353176117,,
4103,0.02717587724328041,,1581.865440607071,330.48426055908203,,
4104,0.027620496228337288,,1582.2463641166687,330.561714887619,,
4105,0.036212626844644547,,1582.6268057823181,330.6391668319702,,
4106,0.037837665528059006,,1583.0069890022278,330.7166340351105,,
4107,0.02657366171479225,,1583.388011932373,330.7940626144409,,
4108,0.043735653162002563,,1583.7686257362366,330.8715167045593,,
4109,0.05048093944787979,,1584.1490545272827,330.94892144203186,,
4110,0.02803133986890316,,1584.5304317474365,331.0263292789459,,
4111,0.047715820372104645,,1584.9107522964478,331.1037311553955,,
4112,0.03905954957008362,,1585.2914354801178,331.1815366744995,,
4113,0.02790892869234085,,1585.6724407672882,331.25891947746277,,
4114,0.03452977538108826,,1586.0529944896698,331.3363108634949,,
4115,0.027445191517472267,,1586.433732509613,331.4137349128723,,
4116,0.02821541018784046,,1586.8145480155945,331.4911558628082,,
4117,0.03315737098455429,,1587.19486618042,331.56857562065125,,
4118,0.05274336785078049,,1587.575407743454,331.6460313796997,,
4119,0.02616984210908413,,1587.956377506256,331.7238259315491,,
4120,0.0401945523917675,,1588.3365347385406,331.80124950408936,,
4121,0.03452431038022041,,1588.717268705368,331.87905406951904,,
4122,0.03917456418275833,,1589.0987703800201,331.9565086364746,,
4123,0.06667731702327728,,1589.47953748703,332.0339152812958,,
4124,0.030958950519561768,,1589.860404253006,332.11167216300964,,
4125,0.025275927037000656,,1590.2416162490845,332.1890826225281,,
4126,0.035812389105558395,,1590.622437953949,332.2668945789337,,
4127,0.03596021607518196,,1591.0028500556946,332.34428572654724,,
4128,0.07191263139247894,,1591.384046792984,332.4221317768097,,
4129,0.02656848356127739,,1591.7648322582245,332.4994819164276,,
4130,0.025015253573656082,,1592.145043373108,332.57725524902344,,
4131,0.031292401254177094,,1592.5255041122437,332.65463972091675,,
4132,0.0239812433719635,,1592.9057335853577,332.7323706150055,,
4133,0.02541104331612587,,1593.2860491275787,332.81015038490295,,
4134,0.029961934313178062,,1593.8950867652893,332.8878400325775,,
4135,0.02826474793255329,,1594.275475025177,332.96560740470886,,
4136,0.03815571963787079,,1594.656401872635,333.04334449768066,,
4137,0.0661022737622261,,1595.0369288921356,333.12070202827454,,
4138,0.036392614245414734,,1595.4176337718964,333.1981384754181,,
4139,0.02506863884627819,,1595.7985348701477,333.2755615711212,,
4140,0.03536040335893631,,1596.178921699524,333.3534116744995,,
4141,0.02599320374429226,,1596.5597681999207,333.4308524131775,,
4142,0.027051812037825584,,1596.940687417984,333.5086979866028,,
4143,0.024393368512392044,,1597.3212671279907,333.5861008167267,,
4144,0.030201505869627,,1597.701530456543,333.66349363327026,,
4145,0.02371101826429367,,1598.0838198661804,333.7408640384674,,
4146,0.02523532509803772,,1598.4646372795105,333.81829714775085,,
4147,0.024266963824629784,,1598.8450508117676,333.8957142829895,,
4148,0.028107360005378723,,1599.225934267044,333.9731111526489,,
4149,0.05034680292010307,,1599.6062734127045,334.0505123138428,,
4150,0.0464775525033474,,1599.986878156662,334.1279435157776,,
4151,0.06938691437244415,,1600.3681604862213,334.20540404319763,,
4152,0.04520855098962784,,1600.7485980987549,334.2828221321106,,
4153,0.04345324635505676,,1601.1291191577911,334.3602237701416,,
4154,0.035117339342832565,,1601.5098910331726,334.4375853538513,,
4155,0.03925727680325508,,1601.8901789188385,334.51500153541565,,
4156,0.03169437497854233,,1602.2704937458038,334.59280467033386,,
4157,0.02255948819220066,,1602.6513872146606,334.67020750045776,,
4158,0.02684224210679531,,1603.0319375991821,334.74800753593445,,
4159,0.03571007773280144,,1603.412192583084,334.8253927230835,,
4160,0.023901017382740974,,1603.793434381485,334.90278720855713,,
4161,0.03486674651503563,,1604.1740610599518,334.9802007675171,,
4162,0.033266302198171616,,1604.5549836158752,335.0575923919678,,
4163,0.026421917602419853,,1604.9361293315887,335.13494992256165,,
4164,0.029029104858636856,,1605.3166937828064,335.2122983932495,,
4165,0.029442979022860527,,1605.6972267627716,335.28968715667725,,
4166,0.02766764909029007,,1606.0786681175232,335.3671245574951,,
4167,0.05558814853429794,,1606.4590876102448,335.4449255466461,,
4168,0.03548538684844971,,1606.8395800590515,335.5223217010498,,
4169,0.027392331510782242,,1607.2209560871124,335.59970140457153,,
4170,0.051614053547382355,,1607.6014795303345,335.6770918369293,,
4171,0.0379110649228096,,1607.9814438819885,335.7544972896576,,
4172,0.05191517993807793,,1608.3622138500214,335.83186197280884,,
4173,0.031032202765345573,,1608.7427525520325,335.9092252254486,,
4174,0.04113452509045601,,1609.1231155395508,335.98700618743896,,
4175,0.07270650565624237,,1609.50394821167,336.0643916130066,,
4176,0.042618200182914734,,1609.8844079971313,336.1421902179718,,
4177,0.029044656082987785,,1610.2651171684265,336.2195930480957,,
4178,0.02694769762456417,,1610.6460692882538,336.29734659194946,,
4179,0.022777266800403595,,1611.0270643234253,336.37478613853455,,
4180,0.045871805399656296,,1611.4076628684998,336.45216941833496,,
4181,0.055373359471559525,,1611.7888214588165,336.5296142101288,,
4182,0.07088679075241089,,1612.1694083213806,336.60706329345703,,
4183,0.07617400586605072,,1612.5498642921448,336.68487524986267,,
4184,0.030382273718714714,,1612.930776834488,336.7622594833374,,
4185,0.044849563390016556,,1613.3113226890564,336.8396677970886,,
4186,0.022778673097491264,,1613.6918745040894,336.91740703582764,,
4187,0.025657400488853455,,1614.3008229732513,336.99478912353516,,
4188,0.02913462370634079,,1614.6811890602112,337.0722086429596,,
4189,0.02618618868291378,,1615.0622856616974,337.1496262550354,,
4190,0.03151409327983856,,1615.4430112838745,337.2274532318115,,
4191,0.04217243939638138,,1615.8236441612244,337.3052110671997,,
4192,0.02823980525135994,,1616.2043242454529,337.382639169693,,
4193,0.03789026290178299,,1616.5846915245056,337.4604744911194,,
4194,0.03078138642013073,,1616.9650790691376,337.5378224849701,,
4195,0.023029301315546036,,1617.346295118332,337.6152410507202,,
4196,0.027161922305822372,,1617.726812839508,337.6926486492157,,
4197,0.028165288269519806,,1618.1074092388153,337.7700653076172,,
4198,0.023920245468616486,,1618.4884476661682,337.847496509552,,
4199,0.022359075024724007,,1618.8685488700867,337.9252829551697,,
4200,0.02921587973833084,,1619.2490935325623,338.00267457962036,,
4201,0.03761032596230507,,1619.6298394203186,338.0800693035126,,
4202,0.03744658827781677,,1620.0102725028992,338.1574685573578,,
4203,0.030769025906920433,,1620.390831708908,338.2348713874817,,
4204,0.02819966897368431,,1620.7718274593353,338.3122761249542,,
4205,0.031115001067519188,,1621.152370929718,338.3896749019623,,
4206,0.02518417499959469,,1621.532832145691,338.46708631515503,,
4207,0.02456839568912983,,1621.9136986732483,338.54444456100464,,
4208,0.11848384141921997,,1622.2946486473083,338.6218202114105,,
4209,0.024411549791693687,,1622.6751508712769,338.6992256641388,,
4210,0.025729767978191376,,1623.0562179088593,338.77661418914795,,
4211,0.047413986176252365,,1623.4371075630188,338.8540246486664,,
4212,0.03710981085896492,,1623.817681312561,338.9314363002777,,
4213,0.03572802245616913,,1624.1987001895905,339.0092422962189,,
4214,0.05350292846560478,,1624.5790357589722,339.0866439342499,,
4215,0.04549211636185646,,1624.9601082801819,339.1640524864197,,
4216,0.04618895798921585,,1625.3409688472748,339.2414643764496,,
4217,0.04567568376660347,,1625.7214713096619,339.31924200057983,,
4218,0.04049758240580559,,1626.1016805171967,339.39662528038025,,
4219,0.03202527388930321,,1626.4829692840576,339.4739947319031,,
4220,0.04999707266688347,,1626.863404750824,339.5514988899231,,
4221,0.03979828581213951,,1627.2438650131226,339.62895941734314,,
4222,0.0304680485278368,,1627.6247417926788,339.70676016807556,,
4223,0.02790897898375988,,1628.0049719810486,339.78416776657104,,
4224,0.029355604201555252,,1628.385490655899,339.8619623184204,,
4225,0.027355916798114777,,1628.7665390968323,339.93935918807983,,
4226,0.024500824511051178,,1629.1470701694489,340.01673007011414,,
4227,0.02439725585281849,,1629.5275886058807,340.0941081047058,,
4228,0.03681885078549385,,1629.9088234901428,340.17151975631714,,
4229,0.026859663426876068,,1630.2893409729004,340.2493350505829,,
4230,0.055240169167518616,,1630.6694691181183,340.32668900489807,,
4231,0.06048952415585518,,1631.0507826805115,340.40451550483704,,
4232,0.044006284326314926,,1631.4308989048004,340.48189997673035,,
4233,0.026534054428339005,,1631.8117368221283,340.5592694282532,,
4234,0.028101664036512375,,1632.1926724910736,340.63667464256287,,
4235,0.04443701356649399,,1632.5732736587524,340.7140233516693,,
4236,0.03875541314482689,,1632.9537749290466,340.7914249897003,,
4237,0.03841148689389229,,1633.3348369598389,340.86880326271057,,
4238,0.03416619077324867,,1633.715410709381,340.946631193161,,
4239,0.02651165798306465,,1634.0954883098602,341.0239911079407,,
4240,0.031259506940841675,,1634.7040543556213,341.1013345718384,,
4241,0.03788984566926956,,1635.0846590995789,341.1786983013153,,
4242,0.024920189753174782,,1635.465444803238,341.2561571598053,,
4243,0.03699183836579323,,1635.845957994461,341.3335630893707,,
4244,0.04677078500390053,,1636.2264738082886,341.41094517707825,,
4245,0.034056540578603745,,1636.6075012683868,341.4887447357178,,
4246,0.028432657942175865,,1636.9882183074951,341.56608510017395,,
4247,0.04055288806557655,,1637.3686473369598,341.64349341392517,,
4248,0.028323892503976822,,1637.7500483989716,341.72084951400757,,
4249,0.025150494650006294,,1638.130892276764,341.79820227622986,,
4250,0.028591522946953773,,1638.5119976997375,341.8755922317505,,
4251,0.059499554336071014,,1638.8929419517517,341.9529664516449,,
4252,0.08242706954479218,,1639.2736880779266,342.0307836532593,,
4253,0.04990243539214134,,1639.6540710926056,342.1081602573395,,
4254,0.03663978353142738,,1640.0352187156677,342.1855220794678,,
4255,0.039862196892499924,,1640.415629863739,342.26291012763977,,
4256,0.02768663875758648,,1640.7960257530212,342.3402943611145,,
4257,0.030596008524298668,,1641.1771099567413,342.4177038669586,,
4258,0.025440195575356483,,1641.5578734874725,342.4951055049896,,
4259,0.025229116901755333,,1641.9383294582367,342.57254338264465,,
4260,0.030005820095539093,,1642.3193938732147,342.6499660015106,,
4261,0.052861399948596954,,1642.6999320983887,342.727356672287,,
4262,0.06244582682847977,,1643.080186843872,342.8047285079956,,
4263,0.042890340089797974,,1643.461373090744,342.88212752342224,,
4264,0.0490327924489975,,1643.841803073883,342.9594986438751,,
4265,0.057636551558971405,,1644.2224106788635,343.0369277000427,,
4266,0.025850793346762657,,1644.6036221981049,343.11431860923767,,
4267,0.025235367938876152,,1644.9842329025269,343.1917152404785,,
4268,0.026590248569846153,,1645.3647453784943,343.26907086372375,,
4269,0.024587243795394897,,1645.7457151412964,343.34645414352417,,
4270,0.028827469795942307,,1646.1261229515076,343.4242935180664,,
4271,0.05712004378437996,,1646.507048368454,343.5016872882843,,
4272,0.06583083420991898,,1646.88805270195,343.5794749259949,,
4273,0.0252668559551239,,1647.2682585716248,343.65717029571533,,
4274,0.023042231798171997,,1647.6485488414764,343.73454451560974,,
4275,0.025521792471408844,,1648.0294997692108,343.81198048591614,,
4276,0.03553543984889984,,1648.4098575115204,343.8893949985504,,
4277,0.027667108923196793,,1648.78999376297,343.96677017211914,,
4278,0.02399870567023754,,1649.1710834503174,344.04413390159607,,
4279,0.030517948791384697,,1649.5512595176697,344.1219162940979,,
4280,0.03726831078529358,,1649.9313747882843,344.1993181705475,,
4281,0.03789536654949188,,1650.312311887741,344.277126789093,,
4282,0.06931579858064651,,1650.6928532123566,344.3545753955841,,
4283,0.06340280175209045,,1651.0736198425293,344.4319748878479,,
4284,0.04275811091065407,,1651.454988002777,344.50933480262756,,
4285,0.026745453476905823,,1651.835379600525,344.58671379089355,,
4286,0.02771024964749813,,1652.2157514095306,344.66412687301636,,
4287,0.03574835881590843,,1652.5965070724487,344.7415292263031,,
4288,0.0516262948513031,,1652.9771349430084,344.81933093070984,,
4289,0.0372779555618763,,1653.3574545383453,344.89668893814087,,
4290,0.025961173698306084,,1653.7385559082031,344.9745354652405,,
4291,0.029658187180757523,,1654.1189346313477,345.05227303504944,,
4292,0.03183373063802719,,1654.4994821548462,345.1296889781952,,
4293,0.028097277507185936,,1655.1090078353882,345.2074737548828,,
4294,0.03887597471475601,,1655.4894602298737,345.28489112854004,,
4295,0.02480405569076538,,1655.8703877925873,345.3622679710388,,
4296,0.036438941955566406,,1656.251024723053,345.43966794013977,,
4297,0.03189878538250923,,1656.631653547287,345.51704478263855,,
4298,0.11550408601760864,,1657.0127358436584,345.59485721588135,,
4299,0.06089826300740242,,1657.3932542800903,345.6723053455353,,
4300,0.02777532860636711,,1657.7735908031464,345.7496385574341,,
4301,0.024640697985887527,,1658.1548421382904,345.8270573616028,,
4302,0.023522596806287766,,1658.5348796844482,345.90486335754395,,
4303,0.036668866872787476,,1658.9153916835785,345.9822766780853,,
4304,0.02994709648191929,,1659.2961022853851,346.06006383895874,,
4305,0.024132924154400826,,1659.67671585083,346.1374590396881,,
4306,0.024320438504219055,,1660.057456254959,346.2147958278656,,
4307,0.03164000064134598,,1660.4389855861664,346.29261922836304,,
4308,0.030869362875819206,,1660.819316148758,346.36999344825745,,
4309,0.04309288412332535,,1661.199658870697,346.4477996826172,,
4310,0.07287569344043732,,1661.5806231498718,346.525185585022,,
4311,0.03645612671971321,,1661.96115732193,346.6029863357544,,
4312,0.0324392132461071,,1662.3416249752045,346.6803503036499,,
4313,0.03405303880572319,,1662.7230517864227,346.757687330246,,
4314,0.022850707173347473,,1663.1035556793213,346.8350775241852,,
4315,0.023204099386930466,,1663.4844176769257,346.91247367858887,,
4316,0.022190531715750694,,1663.8647572994232,346.99029874801636,,
4317,0.030246373265981674,,1664.2455749511719,347.06766533851624,,
4318,0.0287008136510849,,1664.626211643219,347.1454641819,,
4319,0.033673301339149475,,1665.0068464279175,347.22284865379333,,
4320,0.023543531075119972,,1665.3873944282532,347.3002042770386,,
4321,0.031616490334272385,,1665.767832517624,347.3775887489319,,
4322,0.030136756598949432,,1666.1487526893616,347.45504450798035,,
4323,0.022613584995269775,,1666.5292353630066,347.5324127674103,,
4324,0.04052504897117615,,1666.9095590114594,347.6097581386566,,
4325,0.03672027960419655,,1667.2906506061554,347.68716168403625,,
4326,0.03000626340508461,,1667.6708042621613,347.7645511627197,,
4327,0.02940833382308483,,1668.0512104034424,347.8423316478729,,
4328,0.041869498789310455,,1668.4320023059845,347.91972827911377,,
4329,0.036324385553598404,,1668.812596321106,347.9975609779358,,
4330,0.06562533229589462,,1669.1929490566254,348.0749862194061,,
4331,0.03068816475570202,,1669.5740485191345,348.15232968330383,,
4332,0.0320085808634758,,1669.9550256729126,348.22972655296326,,
4333,0.021197672933340073,,1670.335239648819,348.30716371536255,,
4334,0.030976228415966034,,1670.71626162529,348.3850739002228,,
4335,0.029266485944390297,,1671.0964996814728,348.4624695777893,,
4336,0.03722073510289192,,1671.4770920276642,348.5398325920105,,
4337,0.035235315561294556,,1671.858244895935,348.6172044277191,,
4338,0.059274110943078995,,1672.2386646270752,348.6950216293335,,
4339,0.0281133484095335,,1672.6189985275269,348.7724049091339,,
4340,0.02191927097737789,,1672.999775648117,348.84985065460205,,
4341,0.03309404104948044,,1673.3801219463348,348.92722964286804,,
4342,0.03588928282260895,,1673.760336637497,349.0046591758728,,
4343,0.022007137537002563,,1674.1416010856628,349.0819969177246,,
4344,0.05605539679527283,,1674.522134065628,349.1593647003174,,
4345,0.025663010776042938,,1674.90269780159,349.2372453212738,,
4346,0.024251634255051613,,1675.5113718509674,349.3150417804718,,
4347,0.02102813683450222,,1675.8917407989502,349.3924536705017,,
4348,0.023771915584802628,,1676.2727191448212,349.4703063964844,,
4349,0.025639764964580536,,1676.6532363891602,349.5477349758148,,
4350,0.034925270825624466,,1677.0337104797363,349.62517070770264,,
4351,0.041564688086509705,,1677.4149959087372,349.70257592201233,,
4352,0.05297727882862091,,1677.7955758571625,349.7803544998169,,
4353,0.04335175082087517,,1678.1762681007385,349.8577527999878,,
4354,0.09460993111133575,,1678.5577838420868,349.93515729904175,,
4355,0.0215066596865654,,1678.9390833377838,350.0130217075348,,
4356,0.022172661498188972,,1679.3192374706268,350.0903904438019,,
4357,0.038146279752254486,,1679.7004599571228,350.16819405555725,,
4358,0.023847952485084534,,1680.0807301998138,350.2455561161041,,
4359,0.04636003077030182,,1680.4610466957092,350.3233664035797,,
4360,0.02289227582514286,,1680.8421742916107,350.40072298049927,,
4361,0.024075377732515335,,1681.222769498825,350.47811484336853,,
4362,0.026493601500988007,,1681.6034138202667,350.55586767196655,,
4363,0.024188030511140823,,1681.9843003749847,350.63328981399536,,
4364,0.023778531700372696,,1682.3647425174713,350.7107470035553,,
4365,0.024347716942429543,,1682.745129585266,350.7881488800049,,
4366,0.021081339567899704,,1683.1262674331665,350.86597871780396,,
4367,0.0279430840164423,,1683.5067791938782,350.94336557388306,,
4368,0.020498523488640785,,1683.8877367973328,351.0211982727051,,
4369,0.030169744044542313,,1684.268562555313,351.0986123085022,,
4370,0.021103639155626297,,1684.6489856243134,351.1760063171387,,
4371,0.036539651453495026,,1685.029530286789,351.25343561172485,,
4372,0.02070035971701145,,1685.4101490974426,351.33084630966187,,
4373,0.022101113572716713,,1685.7906913757324,351.4086539745331,,
4374,0.05037032067775726,,1686.1710920333862,351.48607540130615,,
4375,0.024016359820961952,,1686.5519754886627,351.5639314651489,,
4376,0.02161584235727787,,1686.9327280521393,351.64130306243896,,
4377,0.04551862180233002,,1687.3131544589996,351.71911096572876,,
4378,0.05090785771608353,,1687.6942768096924,351.79650950431824,,
4379,0.029416175559163094,,1688.07466006279,351.8738822937012,,
4380,0.03882409259676933,,1688.4549593925476,351.9513130187988,,
4381,0.04428703337907791,,1688.8358972072601,352.0286750793457,,
4382,0.05040990933775902,,1689.216786623001,352.1065151691437,,
4383,0.05898944288492203,,1689.596996307373,352.1839191913605,,
4384,0.07204929739236832,,1689.9786105155945,352.26171469688416,,
4385,0.06411966681480408,,1690.3587505817413,352.3391361236572,,
4386,0.06780364364385605,,1690.7399315834045,352.41692900657654,,
4387,0.06929527968168259,,1691.1208910942078,352.4943222999573,,
4388,0.040217846632003784,,1691.5015687942505,352.5717279911041,,
4389,0.02254473604261875,,1691.8824379444122,352.6495237350464,,
4390,0.022456249222159386,,1692.2631437778473,352.7269299030304,,
4391,0.031799767166376114,,1692.6436681747437,352.80472230911255,,
4392,0.0262454841285944,,1693.0239436626434,352.8820607662201,,
4393,0.03032638132572174,,1693.4049618244171,352.95991373062134,,
4394,0.020924445241689682,,1693.7852683067322,353.03726720809937,,
4395,0.03720986470580101,,1694.1658504009247,353.11510610580444,,
4396,0.030077820643782616,,1694.546894311905,353.192519903183,,
4397,0.026156872510910034,,1694.927937746048,353.270290851593,,
4398,0.029190443456172943,,1695.308700799942,353.3477294445038,,
4399,0.0334603413939476,,1695.9181203842163,353.4251036643982,,
4400,0.03722083941102028,,1696.2987315654755,353.50290060043335,,
4401,0.05188784748315811,,1696.680106639862,353.58029341697693,,
4402,0.05211669206619263,,1697.0607540607452,353.6577033996582,,
4403,0.030577417463064194,,1697.4415202140808,353.7351539134979,,
4404,0.027924299240112305,,1697.8227212429047,353.81255769729614,,
4405,0.03721386194229126,,1698.2036037445068,353.89033102989197,,
4406,0.05418847128748894,,1698.5839183330536,353.96774077415466,,
4407,0.031512562185525894,,1698.964937210083,354.04519987106323,,
4408,0.022477680817246437,,1699.3457081317902,354.1225893497467,,
4409,0.02287578582763672,,1699.72612118721,354.20034670829773,,
4410,0.04181700199842453,,1700.1069178581238,354.27774572372437,,
4411,0.02718898095190525,,1700.4875900745392,354.35514974594116,,
4412,0.02392389625310898,,1700.8681585788727,354.43256425857544,,
4413,0.0250132754445076,,1701.2490706443787,354.51001620292664,,
4414,0.021687794476747513,,1701.6295959949493,354.58782958984375,,
4415,0.022235283628106117,,1702.0098650455475,354.6652400493622,,
4416,0.02092038467526436,,1702.390632867813,354.74305176734924,,
4417,0.020474841818213463,,1702.7711884975433,354.8204243183136,,
4418,0.02397763729095459,,1703.1523065567017,354.8981819152832,,
4419,0.020173514261841774,,1703.5332272052765,354.9759659767151,,
4420,0.021862657740712166,,1703.9139177799225,355.0533673763275,,
4421,0.021805208176374435,,1704.2943377494812,355.1311740875244,,
4422,0.02431635931134224,,1704.6753883361816,355.2085745334625,,
4423,0.03203677386045456,,1705.0561316013336,355.28593730926514,,
4424,0.06425532698631287,,1705.4365932941437,355.3633449077606,,
4425,0.05755864083766937,,1705.817589521408,355.440721988678,,
4426,0.05744314193725586,,1706.1980948448181,355.5181257724762,,
4427,0.057571109384298325,,1706.5785851478577,355.59551548957825,,
4428,0.03194636106491089,,1706.9594943523407,355.6729521751404,,
4429,0.0249943770468235,,1707.3395338058472,355.75037145614624,,
4430,0.027585264295339584,,1707.7197933197021,355.82778239250183,,
4431,0.02322632446885109,,1708.1007144451141,355.9051990509033,,
4432,0.022912999615073204,,1708.4811470508575,355.9825999736786,,
4433,0.022810254245996475,,1708.8616330623627,356.0599911212921,,
4434,0.0437445342540741,,1709.2426691055298,356.13782572746277,,
4435,0.049755558371543884,,1709.6232194900513,356.21520829200745,,
4436,0.062478240579366684,,1710.0035893917084,356.29260754585266,,
4437,0.045786891132593155,,1710.385029554367,356.3703863620758,,
4438,0.03629019111394882,,1710.7656288146973,356.4477412700653,,
4439,0.03156178817152977,,1711.1472091674805,356.52553486824036,,
4440,0.04161479324102402,,1711.5279307365417,356.6029760837555,,
4441,0.03325263038277626,,1711.9086813926697,356.6803386211395,,
4442,0.02613784559071064,,1712.2891047000885,356.75779914855957,,
4443,0.028042016550898552,,1712.670336484909,356.83562088012695,,
4444,0.04956309497356415,,1713.050853729248,356.9129819869995,,
4445,0.026061831042170525,,1713.431503534317,356.9904251098633,,
4446,0.04026530683040619,,1713.8122749328613,357.06783843040466,,
4447,0.0515054389834404,,1714.1925964355469,357.14525055885315,,
4448,0.05235861614346504,,1714.5728764533997,357.2226605415344,,
4449,0.04639018326997757,,1714.953598022461,357.30008816719055,,
4450,0.034418072551488876,,1715.3336219787598,357.37794375419617,,
4451,0.02412385493516922,,1715.7139127254486,357.45532870292664,,
4452,0.028967611491680145,,1716.3229155540466,357.53275966644287,,
4453,0.03605581820011139,,1716.703289270401,357.6105535030365,,
4454,0.029296832159161568,,1717.0841414928436,357.68810629844666,,
4455,0.022278128191828728,,1717.4647800922394,357.76557517051697,,
4456,0.025412363931536674,,1717.845692396164,357.84301352500916,,
4457,0.027072757482528687,,1718.2269072532654,357.9207673072815,,
4458,0.06254136562347412,,1718.6075625419617,357.9982087612152,,
4459,0.09967511892318726,,1718.9877166748047,358.07563638687134,,
4460,0.03580636531114578,,1719.368902683258,358.1534140110016,,
4461,0.025109851732850075,,1719.7492580413818,358.2307538986206,,
4462,0.020060837268829346,,1720.1298322677612,358.3085467815399,,
4463,0.023609070107340813,,1720.5103640556335,358.3859374523163,,
4464,0.020843463018536568,,1720.8908524513245,358.46378111839294,,
4465,0.02146461233496666,,1721.2714841365814,358.541157245636,,
4466,0.02030636928975582,,1721.652382850647,358.61854553222656,,
4467,0.027513407170772552,,1722.032921075821,358.69594168663025,,
4468,0.02898377738893032,,1722.4133126735687,358.7733473777771,,
4469,0.04893220588564873,,1722.7942254543304,358.8507788181305,,
4470,0.043174631893634796,,1723.1747634410858,358.9281761646271,,
4471,0.0393204428255558,,1723.5551552772522,359.00597763061523,,
4472,0.02594158612191677,,1723.9361951351166,359.0833640098572,,
4473,0.024040021002292633,,1724.3164451122284,359.16119742393494,,
4474,0.020717674866318703,,1724.6967463493347,359.23859763145447,,
4475,0.030562344938516617,,1725.077752828598,359.31602144241333,,
4476,0.04697800800204277,,1725.458417892456,359.39339208602905,,
4477,0.07507997006177902,,1725.838510274887,359.4708149433136,,
4478,0.04587823152542114,,1726.2196474075317,359.54816007614136,,
4479,0.03400733321905136,,1726.600081205368,359.6255524158478,,
4480,0.03810049593448639,,1726.9806134700775,359.70297741889954,,
4481,0.025522615760564804,,1727.3617761135101,359.78035712242126,,
4482,0.026098335161805153,,1727.7424137592316,359.85811948776245,,
4483,0.02227672003209591,,1728.12278008461,359.9354684352875,,
4484,0.033488109707832336,,1728.5036616325378,360.01283288002014,,
4485,0.024195773527026176,,1728.8843405246735,360.09018421173096,,
4486,0.028108708560466766,,1729.2648396492004,360.1675627231598,,
4487,0.029318515211343765,,1729.646300315857,360.24536776542664,,
4488,0.033411603420972824,,1730.0269005298615,360.3227171897888,,
4489,0.03655549883842468,,1730.4073848724365,360.40012383461,,
4490,0.0348207987844944,,1730.7885565757751,360.4775161743164,,
4491,0.05026564747095108,,1731.1692395210266,360.5552785396576,,
4492,0.05040789768099785,,1731.5493290424347,360.6326684951782,,
4493,0.04229561984539032,,1731.92991065979,360.7100167274475,,
4494,0.030703898519277573,,1732.3104581832886,360.78738141059875,,
4495,0.062389057129621506,,1732.6909246444702,360.8647859096527,,
4496,0.05803005024790764,,1733.0717904567719,360.9421787261963,,
4497,0.033681415021419525,,1733.4526274204254,361.01954913139343,,
4498,0.046305544674396515,,1733.8332769870758,361.09692645072937,,
4499,0.05948963761329651,,1734.2144989967346,361.1743018627167,,
4500,0.031555190682411194,0.02246580272912979,1734.5949864387512,362.66534328460693,0.025630619376897812,0.041425179690122604
4501,0.0359356515109539,,1734.9759049415588,362.74272990226746,,
4502,0.045363690704107285,,1735.3568572998047,362.8201484680176,,
4503,0.025595517829060555,,1735.7373354434967,362.89798641204834,,
4504,0.02241014875471592,,1736.1180486679077,362.9753909111023,,
4505,0.023950818926095963,,1736.7264544963837,363.0527546405792,,
4506,0.02404414489865303,,1737.1073668003082,363.130166053772,,
4507,0.022997211664915085,,1737.4873762130737,363.20763301849365,,
4508,0.024622049182653427,,1737.8677082061768,363.28547978401184,,
4509,0.03350837528705597,,1738.2483775615692,363.3628101348877,,
4510,0.02920329011976719,,1738.6287076473236,363.4405767917633,,
4511,0.029959049075841904,,1739.0092422962189,363.5179660320282,,
4512,0.028758477419614792,,1739.3899483680725,363.5957410335541,,
4513,0.025033313781023026,,1739.7703592777252,363.6731436252594,,
4514,0.020512985065579414,,1740.1507868766785,363.75057578086853,,
4515,0.038557328283786774,,1740.5317845344543,363.82802653312683,,
4516,0.023292679339647293,,1740.9123029708862,363.9054591655731,,
4517,0.021038880571722984,,1741.2927594184875,363.9828794002533,,
4518,0.025016184896230698,,1741.6739671230316,364.0603063106537,,
4519,0.034109871834516525,,1742.0547189712524,364.1377022266388,,
4520,0.03823750466108322,,1742.4355573654175,364.21507358551025,,
4521,0.030462898313999176,,1742.8170819282532,364.29244804382324,,
4522,0.03505928814411163,,1743.1975359916687,364.36983847618103,,
4523,0.06125536561012268,,1743.5782537460327,364.4472699165344,,
4524,0.03636009246110916,,1743.959317445755,364.5246419906616,,
4525,0.02736300602555275,,1744.339774608612,364.6020550727844,,
4526,0.022649597376585007,,1744.7203269004822,364.67939591407776,,
4527,0.023073328658938408,,1745.101449728012,364.7567808628082,,
4528,0.047192610800266266,,1745.4820597171783,364.83417320251465,,
4529,0.05415835976600647,,1745.862603187561,364.91157698631287,,
4530,0.03144758567214012,,1746.243633031845,364.9889860153198,,
4531,0.03649882599711418,,1746.6244735717773,365.06635761260986,,
4532,0.039716530591249466,,1747.0054471492767,365.14379239082336,,
4533,0.028449684381484985,,1747.3864386081696,365.2212460041046,,
4534,0.02211982198059559,,1747.7668013572693,365.29868721961975,,
4535,0.024175969883799553,,1748.1475286483765,365.3760886192322,,
4536,0.06957357376813889,,1748.5281300544739,365.453485250473,,
4537,0.0444418229162693,,1748.9088187217712,365.5308663845062,,
4538,0.02617424726486206,,1749.289433479309,365.6082899570465,,
4539,0.023338252678513527,,1749.6706247329712,365.6856737136841,,
4540,0.028348008170723915,,1750.0509231090546,365.7630343437195,,
4541,0.039482567459344864,,1750.4311501979828,365.8403911590576,,
4542,0.049224529415369034,,1750.81214761734,365.9178161621094,,
4543,0.03325963765382767,,1751.1926860809326,365.99516224861145,,
4544,0.024033112451434135,,1751.5733678340912,366.072616815567,,
4545,0.021715762093663216,,1751.9543540477753,366.15005826950073,,
4546,0.02282092720270157,,1752.3347523212433,366.22745633125305,,
4547,0.021655982360243797,,1752.7153449058533,366.3048458099365,,
4548,0.02009434439241886,,1753.0963399410248,366.3822557926178,,
4549,0.05737645551562309,,1753.477131843567,366.4597079753876,,
4550,0.0657513365149498,,1753.85755443573,366.5371148586273,,
4551,0.061279624700546265,,1754.238446712494,366.6145017147064,,
4552,0.03701558709144592,,1754.6188354492188,366.69190287590027,,
4553,0.04241916164755821,,1754.9994966983795,366.76929664611816,,
4554,0.023376988247036934,,1755.3803753852844,366.8467056751251,,
4555,0.01961066946387291,,1755.7615175247192,366.92408323287964,,
4556,0.022404376417398453,,1756.1425142288208,367.0018379688263,,
4557,0.02652084268629551,,1756.523288011551,367.0792465209961,,
4558,0.02149011194705963,,1757.1316113471985,367.15657901763916,,
4559,0.03224257752299309,,1757.5125658512115,367.2340054512024,,
4560,0.023234888911247253,,1757.8930079936981,367.3114492893219,,
4561,0.022144069895148277,,1758.2735247612,367.3888170719147,,
4562,0.026195459067821503,,1758.6547243595123,367.46619057655334,,
4563,0.020189473405480385,,1759.0352487564087,367.54402327537537,,
4564,0.02091384306550026,,1759.4157571792603,367.6214237213135,,
4565,0.021381383761763573,,1759.797091960907,367.69928431510925,,
4566,0.02582465671002865,,1760.177298784256,367.77666115760803,,
4567,0.02541896514594555,,1760.5580632686615,367.8540463447571,,
4568,0.03283791244029999,,1760.9388947486877,367.9314510822296,,
4569,0.026615869253873825,,1761.3193230628967,368.0088474750519,,
4570,0.043955203145742416,,1761.7000727653503,368.0862395763397,,
4571,0.03141716122627258,,1762.0810532569885,368.1636002063751,,
4572,0.036583464592695236,,1762.461919784546,368.24142599105835,,
4573,0.036848921328783035,,1762.8424339294434,368.31879353523254,,
4574,0.024892637506127357,,1763.2234363555908,368.3965699672699,,
4575,0.024283476173877716,,1763.6039390563965,368.4739947319031,,
4576,0.031240103766322136,,1763.984456062317,368.55176520347595,,
4577,0.038979917764663696,,1764.365648984909,368.629159450531,,
4578,0.02193748578429222,,1764.7460272312164,368.70653676986694,,
4579,0.03377778083086014,,1765.1265959739685,368.78434228897095,,
4580,0.023625314235687256,,1765.5074701309204,368.8617603778839,,
4581,0.02014302648603916,,1765.8879311084747,368.93954133987427,,
4582,0.03135962784290314,,1766.2683622837067,369.0168845653534,,
4583,0.0412261001765728,,1766.6492235660553,369.0946843624115,,
4584,0.04914677515625954,,1767.0294044017792,369.17212677001953,,
4585,0.06528720259666443,,1767.4099411964417,369.24989795684814,,
4586,0.05359559506177902,,1767.790850162506,369.32762575149536,,
4587,0.0622011236846447,,1768.171532869339,369.4050431251526,,
4588,0.03988919034600258,,1768.5522475242615,369.48243284225464,,
4589,0.02353932522237301,,1768.9337148666382,369.5598385334015,,
4590,0.023057851940393448,,1769.3146114349365,369.63765144348145,,
4591,0.021484937518835068,,1769.6950900554657,369.71504831314087,,
4592,0.02843252196907997,,1770.0763156414032,369.7928054332733,,
4593,0.02400679513812065,,1770.456881761551,369.87018609046936,,
4594,0.02730773761868477,,1770.837191104889,369.94787859916687,,
4595,0.024170583114027977,,1771.2181279659271,370.02567768096924,,
4596,0.03286926448345184,,1771.598487854004,370.10307025909424,,
4597,0.042944177985191345,,1771.979323387146,370.18086433410645,,
4598,0.05474032834172249,,1772.3603866100311,370.2582838535309,,
4599,0.03566141054034233,,1772.7410004138947,370.33613300323486,,
4600,0.029798628762364388,,1773.1214537620544,370.4135208129883,,
4601,0.0335259772837162,,1773.502420425415,370.4913110733032,,
4602,0.023815296590328217,,1773.8829085826874,370.56905484199524,,
4603,0.07645425945520401,,1774.2630863189697,370.6464743614197,,
4604,0.02455110475420952,,1774.6444821357727,370.7242901325226,,
4605,0.0303371399641037,,1775.0247585773468,370.8016595840454,,
4606,0.02424987219274044,,1775.4053077697754,370.87911891937256,,
4607,0.025238357484340668,,1775.7868251800537,370.9565370082855,,
4608,0.023192213848233223,,1776.167317390442,371.03385519981384,,
4609,0.023053757846355438,,1776.5478270053864,371.11126232147217,,
4610,0.02496984787285328,,1776.9288713932037,371.1886553764343,,
4611,0.0234184842556715,,1777.5375306606293,371.2660071849823,,
4612,0.022800438106060028,,1777.9184761047363,371.3433632850647,,
4613,0.02065395750105381,,1778.299067735672,371.4207556247711,,
4614,0.0206026341766119,,1778.6798038482666,371.4981918334961,,
4615,0.02624593861401081,,1779.0607750415802,371.57556891441345,,
4616,0.021423786878585815,,1779.4416346549988,371.65339374542236,,
4617,0.06497213244438171,,1779.821833372116,371.7308204174042,,
4618,0.05454900115728378,,1780.2026166915894,371.80872893333435,,
4619,0.03871792182326317,,1780.5829756259918,371.8861277103424,,
4620,0.03056219220161438,,1780.9631674289703,371.9639151096344,,
4621,0.03365831449627876,,1781.3437790870667,372.04126596450806,,
4622,0.030958818271756172,,1781.7244811058044,372.1186957359314,,
4623,0.027433494105935097,,1782.1049463748932,372.1961750984192,,
4624,0.03750552982091904,,1782.4859039783478,372.2735319137573,,
4625,0.023298662155866623,,1782.866709470749,372.35086965560913,,
4626,0.02678411453962326,,1783.2474586963654,372.4282190799713,,
4627,0.026285426691174507,,1783.6283967494965,372.50561571121216,,
4628,0.03669295459985733,,1784.0087559223175,372.58299946784973,,
4629,0.03431253880262375,,1784.389081478119,372.6607973575592,,
4630,0.02255743183195591,,1784.7698636054993,372.7382254600525,,
4631,0.05602411925792694,,1785.1502861976624,372.8156542778015,,
4632,0.05589693784713745,,1785.530974149704,372.893009185791,,
4633,0.03551771491765976,,1785.9119040966034,372.9704167842865,,
4634,0.022066229954361916,,1786.2922253608704,373.04779076576233,,
4635,0.020336395129561424,,1786.6729366779327,373.1251976490021,,
4636,0.020959166809916496,,1787.05375790596,373.20260858535767,,
4637,0.033299874514341354,,1787.4340462684631,373.2800290584564,,
4638,0.02402156963944435,,1787.8147795200348,373.3574061393738,,
4639,0.024577539414167404,,1788.1957697868347,373.43476366996765,,
4640,0.026075156405568123,,1788.576580286026,373.5125150680542,,
4641,0.024259451776742935,,1788.9567935466766,373.58989810943604,,
4642,0.027098821476101875,,1789.3378450870514,373.66729712486267,,
4643,0.024341197684407234,,1789.7188787460327,373.7447040081024,,
4644,0.02633441798388958,,1790.0994806289673,373.8221232891083,,
4645,0.02437419258058071,,1790.480711221695,373.8995485305786,,
4646,0.027980780228972435,,1790.8610236644745,373.97693037986755,,
4647,0.02555503137409687,,1791.2413883209229,374.0546991825104,,
4648,0.02381308190524578,,1791.622633934021,374.1321601867676,,
4649,0.04428244009613991,,1792.003467798233,374.20995688438416,,
4650,0.05554550141096115,,1792.383906364441,374.28728723526,,
4651,0.040762946009635925,,1792.76509475708,374.3646647930145,,
4652,0.023043645545840263,,1793.1456894874573,374.44205474853516,,
4653,0.023696329444646835,,1793.5261192321777,374.5194511413574,,
4654,0.023963378742337227,,1793.90722489357,374.5968408584595,,
4655,0.023091532289981842,,1794.2875673770905,374.6741716861725,,
4656,0.023634562268853188,,1794.668473482132,374.7515752315521,,
4657,0.026885276660323143,,1795.0493664741516,374.82895159721375,,
4658,0.035339340567588806,,1795.4304828643799,374.9063630104065,,
4659,0.024638650938868523,,1795.8109533786774,374.98371720314026,,
4660,0.03649447113275528,,1796.192176103592,375.0611081123352,,
4661,0.026319919154047966,,1796.5725667476654,375.13890409469604,,
4662,0.03317951783537865,,1796.9528884887695,375.216276884079,,
4663,0.05114954710006714,,1797.333881855011,375.2936155796051,,
4664,0.060993559658527374,,1797.9427330493927,375.37098121643066,,
4665,0.02395615726709366,,1798.3237462043762,375.448367357254,,
4666,0.03742337226867676,,1798.7041084766388,375.5257112979889,,
4667,0.026698462665081024,,1799.0845093727112,375.60306906700134,,
4668,0.025136923417448997,,1799.4656302928925,375.6809387207031,,
4669,0.031061949208378792,,1799.8457980155945,375.7583227157593,,
4670,0.03003302402794361,,1800.2272381782532,375.83571434020996,,
4671,0.025875883176922798,,1800.608613729477,375.9131739139557,,
4672,0.09450425207614899,,1800.9891078472137,375.99054479599,,
4673,0.08307778835296631,,1801.3700206279755,376.0683319568634,,
4674,0.029738111421465874,,1801.75079870224,376.1457107067108,,
4675,0.023863838985562325,,1802.131709098816,376.2231504917145,,
4676,0.02292933687567711,,1802.5126099586487,376.30055713653564,,
4677,0.024931345134973526,,1802.8938717842102,376.37833881378174,,
4678,0.02024163119494915,,1803.2742421627045,376.4557366371155,,
4679,0.02435302548110485,,1803.6549384593964,376.53318905830383,,
4680,0.02367980033159256,,1804.0360479354858,376.6105751991272,,
4681,0.024214304983615875,,1804.4167494773865,376.6879413127899,,
4682,0.028369255363941193,,1804.7970645427704,376.76575922966003,,
4683,0.030233370140194893,,1805.1779642105103,376.8431763648987,,
4684,0.03718859702348709,,1805.5586140155792,376.9209568500519,,
4685,0.034677401185035706,,1805.9389798641205,376.9983870983124,,
4686,0.06213168799877167,,1806.3200829029083,377.07581782341003,,
4687,0.03773929551243782,,1806.7003588676453,377.15322852134705,,
4688,0.025064704939723015,,1807.080883026123,377.2306025028229,,
4689,0.024055853486061096,,1807.4619784355164,377.3079991340637,,
4690,0.021008476614952087,,1807.8428061008453,377.3853688240051,,
4691,0.034559670835733414,,1808.2234897613525,377.462767124176,,
4692,0.026756878942251205,,1808.6046314239502,377.540180683136,,
4693,0.023995904251933098,,1808.9853715896606,377.6175515651703,,
4694,0.027200257405638695,,1809.3660271167755,377.69489908218384,,
4695,0.025646140798926353,,1809.7472822666168,377.77228593826294,,
4696,0.030207661911845207,,1810.1277894973755,377.84968090057373,,
4697,0.022831592708826065,,1810.5082523822784,377.92709517478943,,
4698,0.03757786750793457,,1810.889454126358,378.0044596195221,,
4699,0.024342449381947517,,1811.2699890136719,378.08183693885803,,
4700,0.024292197078466415,,1811.6505236625671,378.1596477031708,,
4701,0.02289910987019539,,1812.0316228866577,378.2370603084564,,
4702,0.021635834127664566,,1812.4121417999268,378.31491589546204,,
4703,0.02163076587021351,,1812.7923419475555,378.3922915458679,,
4704,0.033529430627822876,,1813.1735668182373,378.46967911720276,,
4705,0.025825537741184235,,1813.5543117523193,378.54709792137146,,
4706,0.03301037475466728,,1813.9350237846375,378.62448620796204,,
4707,0.06263680011034012,,1814.316526889801,378.7022943496704,,
4708,0.05222916975617409,,1814.6969389915466,378.7796621322632,,
4709,0.024768350645899773,,1815.0774328708649,378.85752987861633,,
4710,0.0252339169383049,,1815.4587697982788,378.93495631217957,,
4711,0.029324065893888474,,1815.8395483493805,379.01278734207153,,
4712,0.03914186730980873,,1816.2203912734985,379.0904932022095,,
4713,0.02736371010541916,,1816.6013922691345,379.1682596206665,,
4714,0.024654006585478783,,1816.98220205307,379.2456192970276,,
4715,0.03559207543730736,,1817.362636089325,379.32300448417664,,
4716,0.029109256342053413,,1817.7437694072723,379.4003450870514,,
4717,0.023701472207903862,,1818.3523230552673,379.47767996788025,,
4718,0.030619991943240166,,1818.7335467338562,379.5550513267517,,
4719,0.028824390843510628,,1819.114262342453,379.6328423023224,,
4720,0.021311959251761436,,1819.4945390224457,379.71025133132935,,
4721,0.021786602213978767,,1819.875521183014,379.7880644798279,,
4722,0.027243787422776222,,1820.2560095787048,379.86548948287964,,
4723,0.05570826306939125,,1820.6364738941193,379.9433434009552,,
4724,0.024296477437019348,,1821.017661333084,380.02072405815125,,
4725,0.023430418223142624,,1821.3983795642853,380.0984420776367,,
4726,0.026084087789058685,,1821.779005765915,380.17601132392883,,
4727,0.02575213648378849,,1822.1602597236633,380.2534077167511,,
4728,0.04163045808672905,,1822.5416159629822,380.33099818229675,,
4729,0.08584374934434891,,1822.9220554828644,380.40837931632996,,
4730,0.06087709218263626,,1823.3029026985168,380.48623418807983,,
4731,0.04244065657258034,,1823.6833217144012,380.5636556148529,,
4732,0.07173384726047516,,1824.0634388923645,380.64146423339844,,
4733,0.04258390888571739,,1824.4449570178986,380.7188720703125,,
4734,0.02321024239063263,,1824.8255755901337,380.7962439060211,,
4735,0.02287454530596733,,1825.2062892913818,380.87362003326416,,
4736,0.03234896808862686,,1825.5871691703796,380.95100378990173,,
4737,0.031165266409516335,,1825.9675414562225,381.028352022171,,
4738,0.03060201182961464,,1826.3483881950378,381.1057286262512,,
4739,0.02271840162575245,,1826.7292830944061,381.18308544158936,,
4740,0.02310756966471672,,1827.1100838184357,381.2604570388794,,
4741,0.02678019367158413,,1827.4912509918213,381.3382406234741,,
4742,0.030977504327893257,,1827.8722858428955,381.41569781303406,,
4743,0.031649716198444366,,1828.2528984546661,381.493132352829,,
4744,0.02555163949728012,,1828.633765220642,381.57048654556274,,
4745,0.024728994816541672,,1829.0149083137512,381.64786100387573,,
4746,0.03361554816365242,,1829.3950765132904,381.7253141403198,,
4747,0.04291454330086708,,1829.7758059501648,381.80273485183716,,
4748,0.04115031287074089,,1830.1570007801056,381.88014960289,,
4749,0.034055788069963455,,1830.5377099514008,381.9575777053833,,
4750,0.02189931459724903,,1830.9184288978577,382.03539180755615,,
4751,0.01978837326169014,,1831.2994253635406,382.11276721954346,,
4752,0.022744840011000633,,1831.6800994873047,382.1901729106903,,
4753,0.02583182603120804,,1832.0607957839966,382.26754665374756,,
4754,0.025458909571170807,,1832.4418375492096,382.34492015838623,,
4755,0.02275986410677433,,1832.8226237297058,382.4223029613495,,
4756,0.028178319334983826,,1833.2036006450653,382.499657869339,,
4757,0.03093176893889904,,1833.5848760604858,382.5770893096924,,
4758,0.0501486100256443,,1833.965247631073,382.6544826030731,,
4759,0.05714181810617447,,1834.3462858200073,382.7318661212921,,
4760,0.0403328537940979,,1834.7274839878082,382.80926036834717,,
4761,0.05132816359400749,,1835.1083581447601,382.8867063522339,,
4762,0.04150628671050072,,1835.48912358284,382.9645109176636,,
4763,0.023641468957066536,,1835.870087146759,383.0418965816498,,
4764,0.05233357101678848,,1836.2506659030914,383.1193253993988,,
4765,0.031530581414699554,,1836.6315829753876,383.19674849510193,,
4766,0.02122446522116661,,1837.0127375125885,383.27459263801575,,
4767,0.029554855078458786,,1837.3935055732727,383.3520529270172,,
4768,0.025721367448568344,,1837.7737076282501,383.4294672012329,,
4769,0.02328587882220745,,1838.1548788547516,383.5068426132202,,
4770,0.024030776694417,,1838.7636892795563,383.5842866897583,,
4771,0.023122502490878105,,1839.1448202133179,383.66205048561096,,
4772,0.03110549785196781,,1839.5253865718842,383.73943066596985,,
4773,0.04849466308951378,,1839.905888557434,383.81718587875366,,
4774,0.045974016189575195,,1840.2870309352875,383.89454889297485,,
4775,0.0463026762008667,,1840.667680978775,383.97193026542664,,
4776,0.038417648524045944,,1841.0486466884613,384.0497531890869,,
4777,0.03260844200849533,,1841.4299993515015,384.1271378993988,,
4778,0.021167723461985588,,1841.8105823993683,384.20457124710083,,
4779,0.025060754269361496,,1842.191143989563,384.2819514274597,,
4780,0.027705935761332512,,1842.5723583698273,384.3593294620514,,
4781,0.02730383165180683,,1842.9530127048492,384.43673944473267,,
4782,0.023419421166181564,,1843.3336341381073,384.5141034126282,,
4783,0.025266997516155243,,1843.7144930362701,384.59191370010376,,
4784,0.022795038297772408,,1844.095035791397,384.66925716400146,,
4785,0.04435630142688751,,1844.4756965637207,384.7470552921295,,
4786,0.03880498558282852,,1844.8566060066223,384.82437229156494,,
4787,0.05036674439907074,,1845.237280368805,384.90213561058044,,
4788,0.024311503395438194,,1845.6176297664642,384.97952246665955,,
4789,0.02366437204182148,,1845.9987881183624,385.0569055080414,,
4790,0.028474941849708557,,1846.3796529769897,385.13468837738037,,
4791,0.019890189170837402,,1846.7598361968994,385.21209716796875,,
4792,0.04310653731226921,,1847.1409151554108,385.2898938655853,,
4793,0.023218585178256035,,1847.5212709903717,385.3672685623169,,
4794,0.020402494817972183,,1847.901803970337,385.44509959220886,,
4795,0.026676004752516747,,1848.2828724384308,385.5225260257721,,
4796,0.024431699886918068,,1848.6639494895935,385.599894285202,,
4797,0.02649647928774357,,1849.044849395752,385.6772677898407,,
4798,0.0418396033346653,,1849.4262480735779,385.7545795440674,,
4799,0.028319429606199265,,1849.8073058128357,385.8319625854492,,
4800,0.03291754797101021,,1850.187911272049,385.9093270301819,,
4801,0.049676261842250824,,1850.5689165592194,385.9871094226837,,
4802,0.03893512859940529,,1850.9495658874512,386.06446075439453,,
4803,0.03251451998949051,,1851.330453634262,386.14190340042114,,
4804,0.023040829226374626,,1851.7115750312805,386.2192735671997,,
4805,0.021941127255558968,,1852.0923473834991,386.29701471328735,,
4806,0.02330658957362175,,1852.4727094173431,386.3743522167206,,
4807,0.03846050053834915,,1852.8540256023407,386.45170617103577,,
4808,0.02330353483557701,,1853.234977722168,386.5290894508362,,
4809,0.03835272789001465,,1853.6156613826752,386.60647535324097,,
4810,0.058376699686050415,,1853.9967720508575,386.68428659439087,,
4811,0.05193251743912697,,1854.3772785663605,386.7616617679596,,
4812,0.021755879744887352,,1854.7579259872437,386.83896565437317,,
4813,0.02903108298778534,,1855.1399614810944,386.9163177013397,,
4814,0.051891978830099106,,1855.5207843780518,386.99409008026123,,
4815,0.031137410551309586,,1855.9011821746826,387.0718102455139,,
4816,0.021728012710809708,,1856.2822115421295,387.1491394042969,,
4817,0.023484986275434494,,1856.66339635849,387.22695803642273,,
4818,0.02047346904873848,,1857.0437433719635,387.3042907714844,,
4819,0.02110634744167328,,1857.4252469539642,387.38215374946594,,
4820,0.028805047273635864,,1857.805701494217,387.45957684516907,,
4821,0.0252052154392004,,1858.186205625534,387.5373499393463,,
4822,0.02129245549440384,,1858.567407131195,387.61468720436096,,
4823,0.032473910599946976,,1859.175908088684,387.6920108795166,,
4824,0.04414450377225876,,1859.5571343898773,387.76984095573425,,
4825,0.03798944875597954,,1859.9377682209015,387.84727025032043,,
4826,0.022547457367181778,,1860.3187437057495,387.9246346950531,,
4827,0.027272284030914307,,1860.6999604701996,388.00200867652893,,
4828,0.04760696366429329,,1861.0809090137482,388.0794141292572,,
4829,0.07253921031951904,,1861.46169090271,388.15680289268494,,
4830,0.030807316303253174,,1861.8431363105774,388.2342207431793,,
4831,0.024932317435741425,,1862.223685503006,388.3120069503784,,
4832,0.029274800792336464,,1862.6041390895844,388.38936614990234,,
4833,0.020941466093063354,,1862.985381603241,388.46672105789185,,
4834,0.022363100200891495,,1863.365986585617,388.5441153049469,,
4835,0.019840991124510765,,1863.7468011379242,388.62185764312744,,
4836,0.02353297732770443,,1864.1278884410858,388.6995656490326,,
4837,0.02128593809902668,,1864.5087983608246,388.77723598480225,,
4838,0.028653627261519432,,1864.8892815113068,388.8550646305084,,
4839,0.033704180270433426,,1865.2705965042114,388.93239068984985,,
4840,0.02230566367506981,,1865.6515526771545,389.01019620895386,,
4841,0.0238425824791193,,1866.032071352005,389.08752036094666,,
4842,0.025883806869387627,,1866.4131932258606,389.16540336608887,,
4843,0.022052688524127007,,1866.7936553955078,389.24274134635925,,
4844,0.026643890887498856,,1867.1738760471344,389.32016158103943,,
4845,0.026746079325675964,,1867.5550518035889,389.39755415916443,,
4846,0.02983369678258896,,1867.9357688426971,389.47490406036377,,
4847,0.023966753855347633,,1868.3171620368958,389.5523180961609,,
4848,0.022385690361261368,,1868.6983575820923,389.6297414302826,,
4849,0.02083905041217804,,1869.078914642334,389.7075593471527,,
4850,0.030666334554553032,,1869.4594807624817,389.78492069244385,,
4851,0.033805277198553085,,1869.8406043052673,389.86265683174133,,
4852,0.04686267301440239,,1870.2211425304413,389.94002199172974,,
4853,0.08329959213733673,,1870.6018402576447,390.01734733581543,,
4854,0.04427994415163994,,1870.9831290245056,390.0947389602661,,
4855,0.02229638770222664,,1871.3643083572388,390.17214345932007,,
4856,0.020802604034543037,,1871.7450621128082,390.2499649524689,,
4857,0.02141842246055603,,1872.1261684894562,390.3273513317108,,
4858,0.02368667721748352,,1872.5067164897919,390.4051582813263,,
4859,0.020457617938518524,,1872.887544631958,390.48248529434204,,
4860,0.04231387749314308,,1873.2687377929688,390.5602517127991,,
4861,0.025006039068102837,,1873.6495797634125,390.63799476623535,,
4862,0.02413877099752426,,1874.0303757190704,390.71527218818665,,
4863,0.024234598502516747,,1874.4117438793182,390.79264760017395,,
4864,0.025128165259957314,,1874.7923381328583,390.8699884414673,,
4865,0.021600881591439247,,1875.1736574172974,390.94783449172974,,
4866,0.02110363356769085,,1875.5551569461823,391.02524518966675,,
4867,0.022682372480630875,,1875.9358172416687,391.1030306816101,,
4868,0.039219461381435394,,1876.3163697719574,391.18042516708374,,
4869,0.042859360575675964,,1876.6978549957275,391.2581214904785,,
4870,0.022821476683020592,,1877.0784087181091,391.33592343330383,,
4871,0.02332358993589878,,1877.458992242813,391.41332745552063,,
4872,0.024329500272870064,,1877.840404510498,391.4911353588104,,
4873,0.03257123753428459,,1878.221046447754,391.56850957870483,,
4874,0.055953558534383774,,1878.6012539863586,391.6463007926941,,
4875,0.03338189050555229,,1878.982301235199,391.72365260124207,,
4876,0.02337927743792534,,1879.5911514759064,391.8010563850403,,
4877,0.022697748616337776,,1879.9722108840942,391.87884044647217,,
4878,0.027116473764181137,,1880.352652311325,391.95620942115784,,
4879,0.01963103748857975,,1880.7338972091675,392.03396463394165,,
4880,0.01916450448334217,,1881.1151173114777,392.11135363578796,,
4881,0.020586302503943443,,1881.4957916736603,392.1891396045685,,
4882,0.029237622395157814,,1881.8765623569489,392.2669084072113,,
4883,0.03617985174059868,,1882.257376909256,392.3442976474762,,
4884,0.0425703227519989,,1882.638074874878,392.42211055755615,,
4885,0.050268206745386124,,1883.0188870429993,392.49952507019043,,
4886,0.03438057377934456,,1883.399968624115,392.57737469673157,,
4887,0.047115277498960495,,1883.7804396152496,392.65478467941284,,
4888,0.03875664994120598,,1884.1611683368683,392.73256850242615,,
4889,0.02131848968565464,,1884.5422990322113,392.8102548122406,,
4890,0.020072661340236664,,1884.9228739738464,392.88803029060364,,
4891,0.09353873133659363,,1885.3033821582794,392.9658410549164,,
4892,0.06205892935395241,,1885.6844642162323,393.04319500923157,,
4893,0.023649074137210846,,1886.0652368068695,393.1209979057312,,
4894,0.02205652929842472,,1886.4462864398956,393.198406457901,,
4895,0.01992776058614254,,1886.8275525569916,393.27617931365967,,
4896,0.03816382214426994,,1887.2080833911896,393.3535897731781,,
4897,0.05231451615691185,,1887.5888350009918,393.43094396591187,,
4898,0.03909686580300331,,1887.9702434539795,393.50868129730225,,
4899,0.040159426629543304,,1888.35067486763,393.58603858947754,,
4900,0.022467488422989845,,1888.732069015503,393.66383719444275,,
4901,0.027743028476834297,,1889.1130514144897,393.7412085533142,,
4902,0.024799522012472153,,1889.493754863739,393.81904578208923,,
4903,0.026888400316238403,,1889.87433552742,393.8963987827301,,
4904,0.02193797193467617,,1890.2550888061523,393.97374415397644,,
4905,0.0274122953414917,,1890.6358110904694,394.051132440567,,
4906,0.026441972702741623,,1891.016551733017,394.1284747123718,,
4907,0.024517420679330826,,1891.3979692459106,394.2058279514313,,
4908,0.02619428001344204,,1891.77885556221,394.2832119464874,,
4909,0.023004118353128433,,1892.1597430706024,394.3610475063324,,
4910,0.028371617197990417,,1892.5404975414276,394.4384117126465,,
4911,0.030811253935098648,,1892.9211013317108,394.5162453651428,,
4912,0.03829197213053703,,1893.3015792369843,394.5935959815979,,
4913,0.04789077118039131,,1893.6827416419983,394.67097568511963,,
4914,0.03196404129266739,,1894.0636689662933,394.74834752082825,,
4915,0.022808115929365158,,1894.4443411827087,394.8257489204407,,
4916,0.02541009895503521,,1894.8254544734955,394.9035201072693,,
4917,0.023597219958901405,,1895.2059652805328,394.9808759689331,,
4918,0.029300959780812263,,1895.5865058898926,395.058251619339,,
4919,0.024019060656428337,,1895.9678013324738,395.1356608867645,,
4920,0.029154257848858833,,1896.348560810089,395.21305751800537,,
4921,0.029679488390684128,,1896.7295107841492,395.2904350757599,,
4922,0.04793505370616913,,1897.1112327575684,395.3681743144989,,
4923,0.0556795708835125,,1897.4916570186615,395.445574760437,,
4924,0.028162211179733276,,1897.8724427223206,395.5229375362396,,
4925,0.031191134825348854,,1898.2536761760712,395.60076904296875,,
4926,0.02684321627020836,,1898.6344599723816,395.6781358718872,,
4927,0.019621307030320168,,1899.0150763988495,395.75597071647644,,
4928,0.01949634961783886,,1899.396145582199,395.8333566188812,,
4929,0.01922203227877617,,1900.004648923874,395.9107332229614,,
4930,0.020668819546699524,,1900.3860156536102,395.98854994773865,,
4931,0.020560815930366516,,1900.7662403583527,396.06591391563416,,
4932,0.03927091509103775,,1901.1467275619507,396.143714427948,,
4933,0.03107117861509323,,1901.528192281723,396.2211353778839,,
4934,0.045549266040325165,,1901.9088923931122,396.298889875412,,
4935,0.0213266983628273,,1902.2895896434784,396.3762266635895,,
4936,0.024131784215569496,,1902.6707775592804,396.45357179641724,,
4937,0.02835642360150814,,1903.0516877174377,396.531352519989,,
4938,0.02158459462225437,,1903.432051897049,396.60867381095886,,
4939,0.02007037214934826,,1903.8134047985077,396.6864743232727,,
4940,0.02040286548435688,,1904.1938228607178,396.76385521888733,,
4941,0.023212330415844917,,1904.5745990276337,396.84165716171265,,
4942,0.019978437572717667,,1904.9558169841766,396.91936111450195,,
4943,0.023101676255464554,,1905.3366177082062,396.9971034526825,,
4944,0.023231839761137962,,1905.7170310020447,397.0744740962982,,
4945,0.03752216324210167,,1906.0982115268707,397.1518175601959,,
4946,0.03767943009734154,,1906.4795289039612,397.2292308807373,,
4947,0.027738304808735847,,1906.8604114055634,397.30661392211914,,
4948,0.020895162597298622,,1907.2421202659607,397.38441491127014,,
4949,0.023520583286881447,,1907.6225762367249,397.46180033683777,,
4950,0.02651257999241352,,1908.0031907558441,397.53922629356384,,
4951,0.022932250052690506,,1908.3847169876099,397.6165747642517,,
4952,0.02062745951116085,,1908.7654511928558,397.6939516067505,,
4953,0.02117852307856083,,1909.1460223197937,397.7712905406952,,
4954,0.025041308254003525,,1909.5270149707794,397.8486704826355,,
4955,0.021465418860316277,,1909.9076809883118,397.92607617378235,,
4956,0.036274299025535583,,1910.2884583473206,398.0034329891205,,
4957,0.025885097682476044,,1910.669469833374,398.0812895298004,,
4958,0.04634394869208336,,1911.0499067306519,398.15859389305115,,
4959,0.0626048669219017,,1911.4308183193207,398.2360153198242,,
4960,0.03905801102519035,,1911.8121309280396,398.31335616111755,,
4961,0.0197420846670866,,1912.1934506893158,398.3911485671997,,
4962,0.03476649150252342,,1912.573918581009,398.4688947200775,,
4963,0.03733348473906517,,1912.9548020362854,398.5462203025818,,
4964,0.02206103317439556,,1913.3362500667572,398.62402987480164,,
4965,0.05068407952785492,,1913.7167556285858,398.7014262676239,,
4966,0.06246519461274147,,1914.0983490943909,398.7792937755585,,
4967,0.06808124482631683,,1914.47900056839,398.8566508293152,,
4968,0.0303539726883173,,1914.8600673675537,398.93447828292847,,
4969,0.019434649497270584,,1915.2414846420288,399.01182746887207,,
4970,0.02070126309990883,,1915.6219477653503,399.0892231464386,,
4971,0.02290341444313526,,1916.0028092861176,399.1666040420532,,
4972,0.021528149023652077,,1916.3838996887207,399.24395728111267,,
4973,0.039650190621614456,,1916.7648293972015,399.32176995277405,,
4974,0.02849718928337097,,1917.144813299179,399.39917397499084,,
4975,0.023686416447162628,,1917.5259251594543,399.4769778251648,,
4976,0.05819486826658249,,1917.9061760902405,399.55435132980347,,
4977,0.024963535368442535,,1918.286943435669,399.6317672729492,,
4978,0.021813593804836273,,1918.6680791378021,399.7091314792633,,
4979,0.02396860532462597,,1919.0486311912537,399.78652119636536,,
4980,0.020921140909194946,,1919.4294357299805,399.86393332481384,,
4981,0.020711932331323624,,1919.810539007187,399.94131779670715,,
4982,0.022477298974990845,,1920.4193835258484,400.01913022994995,,
4983,0.02392490953207016,,1920.8003916740417,400.09643602371216,,
4984,0.03106730617582798,,1921.1809957027435,400.17380452156067,,
4985,0.036470260471105576,,1921.5624406337738,400.2511978149414,,
4986,0.027240067720413208,,1921.9439260959625,400.3285255432129,,
4987,0.01952037587761879,,1922.3244268894196,400.4063391685486,,
4988,0.03397619351744652,,1922.7048547267914,400.48368072509766,,
4989,0.029226234182715416,,1923.0863630771637,400.56145906448364,,
4990,0.024474365636706352,,1923.4669170379639,400.6388130187988,,
4991,0.029747243970632553,,1923.8474295139313,400.7161531448364,,
4992,0.023727506399154663,,1924.228660106659,400.7939615249634,,
4993,0.02419753558933735,,1924.6090750694275,400.8713734149933,,
4994,0.0232743751257658,,1924.98974943161,400.94873905181885,,
4995,0.02481798268854618,,1925.3711647987366,401.0261347293854,,
4996,0.022015560418367386,,1925.751830816269,401.1034646034241,,
4997,0.022686244919896126,,1926.1322712898254,401.1808536052704,,
4998,0.024850985035300255,,1926.51327586174,401.25876474380493,,
4999,0.027341201901435852,,1926.8937170505524,401.336163520813,,
5000,0.026487288996577263,0.0036296071484684944,1927.2752854824066,402.8275980949402,0.021619217470288277,0.052461862564086914
5001,0.05432093143463135,,1927.656613111496,402.90502309799194,,
5002,0.05312804505228996,,1928.0371508598328,402.9823725223541,,
5003,0.07711844891309738,,1928.4179382324219,403.05980372428894,,
5004,0.11590482294559479,,1928.799013376236,403.1372528076172,,
5005,0.04454190656542778,,1929.1797647476196,403.21463108062744,,
5006,0.028877779841423035,,1929.5604362487793,403.2920615673065,,
5007,0.027732806280255318,,1929.941813468933,403.36945819854736,,
5008,0.022916601970791817,,1930.3226206302643,403.4468803405762,,
5009,0.025938473641872406,,1930.7029473781586,403.5242335796356,,
5010,0.029013754799962044,,1931.084063053131,403.6015934944153,,
5011,0.022122584283351898,,1931.4645926952362,403.67901158332825,,
5012,0.02917526662349701,,1931.8451912403107,403.75636982917786,,
5013,0.027671432122588158,,1932.2257359027863,403.83380460739136,,
5014,0.020677413791418076,,1932.6065590381622,403.91115379333496,,
5015,0.023244740441441536,,1932.9873178005219,403.98851776123047,,
5016,0.033626705408096313,,1933.3683514595032,404.065890789032,,
5017,0.025502823293209076,,1933.748812198639,404.1432514190674,,
5018,0.023960884660482407,,1934.1297659873962,404.2206389904022,,
5019,0.03115413524210453,,1934.511049747467,404.29803109169006,,
5020,0.034124333411455154,,1934.89187002182,404.3754587173462,,
5021,0.02291863039135933,,1935.2719802856445,404.4528570175171,,
5022,0.02008134499192238,,1935.6532046794891,404.53030276298523,,
5023,0.022374220192432404,,1936.0334622859955,404.6077136993408,,
5024,0.02542809769511223,,1936.414136648178,404.6850709915161,,
5025,0.032998859882354736,,1936.7950270175934,404.76248145103455,,
5026,0.024268904700875282,,1937.175500869751,404.8399124145508,,
5027,0.02761092036962509,,1937.5565838813782,404.9173073768616,,
5028,0.021720387041568756,,1937.937870979309,404.99470496177673,,
5029,0.022478895261883736,,1938.3187143802643,405.0721378326416,,
5030,0.02210978791117668,,1938.6993343830109,405.1494879722595,,
5031,0.02690283954143524,,1939.0809919834137,405.22687435150146,,
5032,0.04006307199597359,,1939.461508989334,405.3042531013489,,
5033,0.03846298158168793,,1939.8421442508698,405.381662607193,,
5034,0.020961232483386993,,1940.2233130931854,405.4590847492218,,
5035,0.021752893924713135,,1940.8318173885345,405.5364375114441,,
5036,0.05448586866259575,,1941.2130539417267,405.61385583877563,,
5037,0.023939648643136024,,1941.593831539154,405.69130635261536,,
5038,0.019881168380379677,,1941.9744606018066,405.76871967315674,,
5039,0.025087950751185417,,1942.355532169342,405.84606194496155,,
5040,0.03123125247657299,,1942.736228466034,405.92345929145813,,
5041,0.02612670138478279,,1943.1169455051422,406.00087666511536,,
5042,0.023560622707009315,,1943.4982278347015,406.07835268974304,,
5043,0.027744149789214134,,1943.879365682602,406.15574741363525,,
5044,0.022439362481236458,,1944.2598569393158,406.23312616348267,,
5045,0.020735645666718483,,1944.6409657001495,406.3105034828186,,
5046,0.021072132512927055,,1945.0215215682983,406.38793206214905,,
5047,0.03236787021160126,,1945.402107477188,406.46535539627075,,
5048,0.04259999468922615,,1945.783685684204,406.5427174568176,,
5049,0.01940511353313923,,1946.164167881012,406.6205668449402,,
5050,0.023566478863358498,,1946.5445261001587,406.69797015190125,,
5051,0.03674330189824104,,1946.9254245758057,406.775372505188,,
5052,0.024054372683167458,,1947.3061692714691,406.85284066200256,,
5053,0.021063650026917458,,1947.6868159770966,406.93023347854614,,
5054,0.029570715501904488,,1948.0676980018616,407.00766825675964,,
5055,0.03320188820362091,,1948.4478750228882,407.08503699302673,,
5056,0.02770155295729637,,1948.8283338546753,407.1624228954315,,
5057,0.022116858512163162,,1949.2093670368195,407.23980474472046,,
5058,0.02847476489841938,,1949.590009689331,407.3172299861908,,
5059,0.03563094884157181,,1949.9708273410797,407.39461517333984,,
5060,0.028412409126758575,,1950.3556199073792,407.47219729423523,,
5061,0.028240129351615906,,1950.7361528873444,407.54958319664,,
5062,0.021162349730730057,,1951.1170909404755,407.626971244812,,
5063,0.020278898999094963,,1951.4981899261475,407.7043979167938,,
5064,0.020611701533198357,,1951.8787343502045,407.7817976474762,,
5065,0.0213015116751194,,1952.2595999240875,407.8591675758362,,
5066,0.022007692605257034,,1952.6408505439758,407.9365346431732,,
5067,0.037193432450294495,,1953.0221102237701,408.0143802165985,,
5068,0.0365787111222744,,1953.4026317596436,408.09177350997925,,
5069,0.03175291419029236,,1953.7840359210968,408.16912150382996,,
5070,0.03221869468688965,,1954.1645987033844,408.24646615982056,,
5071,0.021809792146086693,,1954.5454051494598,408.32383704185486,,
5072,0.05442633479833603,,1954.9264829158783,408.4011752605438,,
5073,0.036698199808597565,,1955.3073105812073,408.4785122871399,,
5074,0.027054309844970703,,1955.687772989273,408.5558784008026,,
5075,0.038410451263189316,,1956.0687806606293,408.6332724094391,,
5076,0.027206238359212875,,1956.4494099617004,408.71067333221436,,
5077,0.0254533551633358,,1956.8305628299713,408.7880861759186,,
5078,0.028686821460723877,,1957.2114770412445,408.8654725551605,,
5079,0.032202668488025665,,1957.5920236110687,408.9428117275238,,
5080,0.02924111858010292,,1957.9731860160828,409.0202033519745,,
5081,0.028132755309343338,,1958.3548436164856,409.0976142883301,,
5082,0.023786814883351326,,1958.7359192371368,409.17507672309875,,
5083,0.024717023596167564,,1959.1163656711578,409.2524743080139,,
5084,0.02715740166604519,,1959.4972689151764,409.32992005348206,,
5085,0.028571562841534615,,1959.878324508667,409.40735912323,,
5086,0.029921140521764755,,1960.259090423584,409.4847457408905,,
5087,0.02612263895571232,,1960.6399433612823,409.56214118003845,,
5088,0.022827882319688797,,1961.2487511634827,409.6399664878845,,
5089,0.030456768348813057,,1961.659288406372,409.7173674106598,,
5090,0.034940194338560104,,1962.0403890609741,409.7947509288788,,
5091,0.02895941399037838,,1962.4211602210999,409.87215542793274,,
5092,0.025590956211090088,,1962.802211523056,409.9495265483856,,
5093,0.027678320184350014,,1963.18257021904,410.026864528656,,
5094,0.02631339058279991,,1963.5636587142944,410.1042847633362,,
5095,0.03270317614078522,,1963.9447493553162,410.1816129684448,,
5096,0.053270384669303894,,1964.3252625465393,410.2590100765228,,
5097,0.12951330840587616,,1964.7056148052216,410.3363456726074,,
5098,0.0393742136657238,,1965.0947461128235,410.4137489795685,,
5099,0.02523983083665371,,1965.4757652282715,410.49117040634155,,
5100,0.02547319419682026,,1965.8563425540924,410.56855177879333,,
5101,0.020133722573518753,,1966.2376339435577,410.64594078063965,,
5102,0.02657407894730568,,1966.619045495987,410.7233576774597,,
5103,0.029721161350607872,,1966.999810218811,410.800705909729,,
5104,0.03479783609509468,,1967.380966424942,410.87806940078735,,
5105,0.023166725412011147,,1967.7615382671356,410.95547556877136,,
5106,0.024315424263477325,,1968.1419625282288,411.03289914131165,,
5107,0.024754242971539497,,1968.5229306221008,411.11066579818726,,
5108,0.026311341673135757,,1968.903303861618,411.18807721138,,
5109,0.030652983114123344,,1969.2838251590729,411.2654559612274,,
5110,0.025569258257746696,,1969.6652224063873,411.34281849861145,,
5111,0.022982282564044,,1970.0461933612823,411.4201874732971,,
5112,0.022804152220487595,,1970.4265813827515,411.49800634384155,,
5113,0.025282954797148705,,1970.8075602054596,411.5753490924835,,
5114,0.023054879158735275,,1971.1879591941833,411.65317821502686,,
5115,0.03007800504565239,,1971.5683302879333,411.7305452823639,,
5116,0.023904789239168167,,1971.9493885040283,411.80834579467773,,
5117,0.026301247999072075,,1972.330138206482,411.8857765197754,,
5118,0.022678468376398087,,1972.7108116149902,411.96364402770996,,
5119,0.02433789148926735,,1973.0920541286469,412.0410532951355,,
5120,0.023607222363352776,,1973.472635269165,412.1184575557709,,
5121,0.03713385760784149,,1973.8534574508667,412.1958451271057,,
5122,0.040048450231552124,,1974.2346630096436,412.2731943130493,,
5123,0.02341952547430992,,1974.6152386665344,412.3510184288025,,
5124,0.02322857826948166,,1974.9957733154297,412.42844462394714,,
5125,0.02040311135351658,,1975.3768129348755,412.5062530040741,,
5126,0.03471570461988449,,1975.7572474479675,412.58363914489746,,
5127,0.043265629559755325,,1976.137240409851,412.6614727973938,,
5128,0.03444620594382286,,1976.5178599357605,412.73883843421936,,
5129,0.03472446650266647,,1976.8985149860382,412.8162360191345,,
5130,0.0367899164557457,,1977.2789747714996,412.8936116695404,,
5131,0.032230060547590256,,1977.6619236469269,412.97096610069275,,
5132,0.04700818285346031,,1978.0428194999695,413.04841351509094,,
5133,0.03331826254725456,,1978.4231495857239,413.12582325935364,,
5134,0.03843700513243675,,1978.8046770095825,413.20319867134094,,
5135,0.02311626449227333,,1979.1850771903992,413.2806181907654,,
5136,0.020838746801018715,,1979.5658762454987,413.3580570220947,,
5137,0.020805884152650833,,1979.947654724121,413.43546986579895,,
5138,0.024238640442490578,,1980.3283016681671,413.5128412246704,,
5139,0.020450957119464874,,1980.7087547779083,413.5906493663788,,
5140,0.030439985916018486,,1981.0894465446472,413.66805267333984,,
5141,0.028659243136644363,,1981.6982247829437,413.7454442977905,,
5142,0.025950348004698753,,1982.0795018672943,413.8233275413513,,
5143,0.02175331674516201,,1982.4599013328552,413.90072751045227,,
5144,0.020626967772841454,,1982.8403804302216,413.9785373210907,,
5145,0.021794140338897705,,1983.2212913036346,414.05599069595337,,
5146,0.020836753770709038,,1983.6018624305725,414.1334035396576,,
5147,0.045608583837747574,,1983.9823446273804,414.2108497619629,,
5148,0.02927462011575699,,1984.3634986877441,414.2882499694824,,
5149,0.02344917319715023,,1984.7441403865814,414.3656392097473,,
5150,0.02134525589644909,,1985.1246042251587,414.4430193901062,,
5151,0.022968167439103127,,1985.5057919025421,414.5208156108856,,
5152,0.03404659405350685,,1985.8863344192505,414.5981912612915,,
5153,0.038835227489471436,,1986.2680025100708,414.67610216140747,,
5154,0.02605554461479187,,1986.649087190628,414.75377321243286,,
5155,0.02239108830690384,,1987.029503583908,414.8314936161041,,
5156,0.03539828956127167,,1987.4100680351257,414.90887808799744,,
5157,0.03707760199904442,,1987.7912411689758,414.986296415329,,
5158,0.05113063380122185,,1988.1716136932373,415.0636956691742,,
5159,0.05138283222913742,,1988.5521833896637,415.1410872936249,,
5160,0.04858871176838875,,1988.9331150054932,415.21893072128296,,
5161,0.03199108690023422,,1989.3135251998901,415.29633808135986,,
5162,0.020989343523979187,,1989.693871974945,415.3737199306488,,
5163,0.02023601531982422,,1990.0748052597046,415.45113229751587,,
5164,0.03252892196178436,,1990.4550173282623,415.528546333313,,
5165,0.03460964187979698,,1990.8356926441193,415.60595321655273,,
5166,0.02443263679742813,,1991.2165915966034,415.6833486557007,,
5167,0.022924000397324562,,1991.5970482826233,415.7607328891754,,
5168,0.04224776849150658,,1991.9777204990387,415.8381145000458,,
5169,0.02409149706363678,,1992.3588881492615,415.91589641571045,,
5170,0.02419987879693508,,1992.7395029067993,415.99326038360596,,
5171,0.0269730556756258,,1993.1201872825623,416.0707097053528,,
5172,0.02288522571325302,,1993.5010871887207,416.14809584617615,,
5173,0.04434563219547272,,1993.8817183971405,416.2258186340332,,
5174,0.03100612945854664,,1994.262585401535,416.3032126426697,,
5175,0.025034412741661072,,1994.6435742378235,416.3806130886078,,
5176,0.025397295132279396,,1995.0242133140564,416.45801997184753,,
5177,0.01940274052321911,,1995.4049410820007,416.53538846969604,,
5178,0.03847050666809082,,1995.7859132289886,416.61322832107544,,
5179,0.024401241913437843,,1996.1661684513092,416.6906313896179,,
5180,0.030487021431326866,,1996.5467884540558,416.76808857917786,,
5181,0.023129593580961227,,1996.9277293682098,416.84548354148865,,
5182,0.029813185334205627,,1997.3082613945007,416.9228856563568,,
5183,0.03581240028142929,,1997.6888921260834,417.0003147125244,,
5184,0.03890495374798775,,1998.0698130130768,417.07768750190735,,
5185,0.02174171805381775,,1998.450169801712,417.1550648212433,,
5186,0.02331252209842205,,1998.8304393291473,417.23242378234863,,
5187,0.02343481406569481,,1999.2116997241974,417.30986285209656,,
5188,0.03298172727227211,,1999.5920553207397,417.3872535228729,,
5189,0.021023856475949287,,1999.97265958786,417.4646258354187,,
5190,0.028773028403520584,,2000.3536174297333,417.5419969558716,,
5191,0.02553170919418335,,2000.734206199646,417.6194005012512,,
5192,0.023464420810341835,,2001.114671945572,417.6967816352844,,
5193,0.025077391415834427,,2001.495591878891,417.77415108680725,,
5194,0.03294898197054863,,2002.1042585372925,417.85150957107544,,
5195,0.02391480654478073,,2002.4854452610016,417.9289195537567,,
5196,0.02369632013142109,,2002.8660049438477,418.0063178539276,,
5197,0.02988290973007679,,2003.2466752529144,418.0836811065674,,
5198,0.03579285368323326,,2003.6275057792664,418.16109347343445,,
5199,0.04724717140197754,,2004.008052110672,418.2385079860687,,
5200,0.028162840753793716,,2004.3885278701782,418.315878868103,,
5201,0.031247803941369057,,2004.7694730758667,418.39329981803894,,
5202,0.03455616533756256,,2005.1500120162964,418.47066164016724,,
5203,0.024469522759318352,,2005.530598640442,418.54805612564087,,
5204,0.022038467228412628,,2005.911771774292,418.6254460811615,,
5205,0.030084099620580673,,2006.2927782535553,418.7028257846832,,
5206,0.025562167167663574,,2006.6733059883118,418.78018069267273,,
5207,0.026215197518467903,,2007.054365158081,418.8575179576874,,
5208,0.019665399566292763,,2007.4348139762878,418.9348888397217,,
5209,0.023043764755129814,,2007.8153343200684,419.01224088668823,,
5210,0.021615544334053993,,2008.1961770057678,419.0896158218384,,
5211,0.021131323650479317,,2008.5769529342651,419.16702580451965,,
5212,0.02432223968207836,,2008.957234621048,419.24443006515503,,
5213,0.02708507888019085,,2009.3382332324982,419.3218014240265,,
5214,0.02549666166305542,,2009.7190458774567,419.3991804122925,,
5215,0.023482317104935646,,2010.099526166916,419.47653317451477,,
5216,0.033788010478019714,,2010.4808087348938,419.5539083480835,,
5217,0.043703462928533554,,2010.8613557815552,419.63126730918884,,
5218,0.03653356805443764,,2011.2419245243073,419.70862650871277,,
5219,0.0342690572142601,,2011.6228907108307,419.78649044036865,,
5220,0.03239521011710167,,2012.003625869751,419.8639154434204,,
5221,0.026806088164448738,,2012.3846719264984,419.9413285255432,,
5222,0.02214735373854637,,2012.7661700248718,420.0188355445862,,
5223,0.020970363169908524,,2013.1470227241516,420.0962085723877,,
5224,0.024923868477344513,,2013.5276386737823,420.17362904548645,,
5225,0.02342894859611988,,2013.908537864685,420.2509765625,,
5226,0.022207802161574364,,2014.289047241211,420.32837414741516,,
5227,0.021686572581529617,,2014.6693501472473,420.4057207107544,,
5228,0.04053230956196785,,2015.0502905845642,420.4831120967865,,
5229,0.02097020111978054,,2015.4312443733215,420.5605056285858,,
5230,0.0277429036796093,,2015.8118126392365,420.6379473209381,,
5231,0.02003565989434719,,2016.1925983428955,420.7152922153473,,
5232,0.036771781742572784,,2016.5733797550201,420.79266834259033,,
5233,0.04222667217254639,,2016.9538350105286,420.87003326416016,,
5234,0.023914078250527382,,2017.3348197937012,420.94740891456604,,
5235,0.03861168026924133,,2017.7152779102325,421.0247611999512,,
5236,0.03141734376549721,,2018.0959446430206,421.1021511554718,,
5237,0.023990893736481667,,2018.477211713791,421.18001103401184,,
5238,0.02139277197420597,,2018.8577709197998,421.2573490142822,,
5239,0.03832407295703888,,2019.2382032871246,421.3347554206848,,
5240,0.03390645608305931,,2019.6201848983765,421.41218543052673,,
5241,0.026826562359929085,,2020.0008704662323,421.48958444595337,,
5242,0.03513786569237709,,2020.3815503120422,421.56747555732727,,
5243,0.03359803184866905,,2020.762358903885,421.64484667778015,,
5244,0.028006311506032944,,2021.1428127288818,421.7226424217224,,
5245,0.02137874625623226,,2021.5233166217804,421.79998326301575,,
5246,0.025259103626012802,,2021.9044694900513,421.8773527145386,,
5247,0.031943924725055695,,2022.512902021408,421.9547746181488,,
5248,0.021466873586177826,,2022.893884897232,422.0321865081787,,
5249,0.024558166041970253,,2023.274530172348,422.1095561981201,,
5250,0.03787875175476074,,2023.65495967865,422.18696808815,,
5251,0.023856060579419136,,2024.0358865261078,422.2644112110138,,
5252,0.021054275333881378,,2024.416464805603,422.3418209552765,,
5253,0.02428017370402813,,2024.7968485355377,422.41918444633484,,
5254,0.035752784460783005,,2025.1777503490448,422.49656414985657,,
5255,0.04769408702850342,,2025.558302640915,422.57396268844604,,
5256,0.05501909926533699,,2025.9387764930725,422.6517894268036,,
5257,0.04293179139494896,,2026.3201546669006,422.7291851043701,,
5258,0.028478078544139862,,2026.7012321949005,422.8065752983093,,
5259,0.025428710505366325,,2027.081891298294,422.8839433193207,,
5260,0.022811120375990868,,2027.4630045890808,422.96136927604675,,
5261,0.021016765385866165,,2027.8434677124023,423.0387587547302,,
5262,0.024864858016371727,,2028.2237174510956,423.1162066459656,,
5263,0.0225137360394001,,2028.604659795761,423.1935558319092,,
5264,0.0234066229313612,,2028.9850718975067,423.27097511291504,,
5265,0.02775321714580059,,2029.3657014369965,423.34837579727173,,
5266,0.021817604079842567,,2029.746104001999,423.42581057548523,,
5267,0.04919468238949776,,2030.1266915798187,423.50315380096436,,
5268,0.05205491930246353,,2030.5070366859436,423.5805661678314,,
5269,0.053841136395931244,,2030.887802362442,423.6579785346985,,
5270,0.018957195803523064,,2031.2681057453156,423.735387802124,,
5271,0.03265046328306198,,2031.6485273838043,423.81282353401184,,
5272,0.020214620977640152,,2032.0300867557526,423.89023303985596,,
5273,0.025091741234064102,,2032.4103643894196,423.96760749816895,,
5274,0.03147638961672783,,2032.7917313575745,424.04547691345215,,
5275,0.022525347769260406,,2033.1734149456024,424.1228942871094,,
5276,0.02354494482278824,,2033.5539224147797,424.20030212402344,,
5277,0.019941115751862526,,2033.9343936443329,424.27771258354187,,
5278,0.018726028501987457,,2034.3153569698334,424.3551023006439,,
5279,0.023986944928765297,,2034.6964166164398,424.43250131607056,,
5280,0.021118901669979095,,2035.0771934986115,424.5098819732666,,
5281,0.02548183500766754,,2035.4587388038635,424.5876841545105,,
5282,0.022160746157169342,,2035.8392684459686,424.66504526138306,,
5283,0.024992596358060837,,2036.2199149131775,424.7428467273712,,
5284,0.04666291922330856,,2036.6009802818298,424.82023096084595,,
5285,0.02777143567800522,,2036.9817349910736,424.89764523506165,,
5286,0.03760942444205284,,2037.362276315689,424.97500920295715,,
5287,0.024142777547240257,,2037.743792295456,425.05237555503845,,
5288,0.022298630326986313,,2038.124401807785,425.12977147102356,,
5289,0.030477924272418022,,2038.505378484726,425.20714354515076,,
5290,0.026598885655403137,,2038.8865704536438,425.28455424308777,,
5291,0.03746510669589043,,2039.2674014568329,425.36197996139526,,
5292,0.03571496158838272,,2039.6484770774841,425.43938159942627,,
5293,0.026608217507600784,,2040.0296747684479,425.51676511764526,,
5294,0.034047968685626984,,2040.4104797840118,425.59414196014404,,
5295,0.03746948391199112,,2040.791200876236,425.6715166568756,,
5296,0.026913214474916458,,2041.1721186637878,425.7489125728607,,
5297,0.0356607586145401,,2041.552746772766,425.8267192840576,,
5298,0.025113627314567566,,2041.9333064556122,425.90411901474,,
5299,0.037047501653432846,,2042.3144915103912,425.9815137386322,,
5300,0.01929401606321335,,2042.9237005710602,426.05890822410583,,
5301,0.024449912831187248,,2043.3048617839813,426.13625931739807,,
5302,0.030549071729183197,,2043.6857287883759,426.2140498161316,,
5303,0.024145979434251785,,2044.0662343502045,426.29140400886536,,
5304,0.027744043618440628,,2044.4472575187683,426.36879205703735,,
5305,0.02470984123647213,,2044.8277661800385,426.4461841583252,,
5306,0.02615402266383171,,2045.208760023117,426.52399253845215,,
5307,0.02802269533276558,,2045.5901563167572,426.60140585899353,,
5308,0.028833722695708275,,2045.9707705974579,426.67882776260376,,
5309,0.0223432257771492,,2046.3515646457672,426.75666880607605,,
5310,0.023954788222908974,,2046.7329051494598,426.83403062820435,,
5311,0.020678948611021042,,2047.1134712696075,426.91186332702637,,
5312,0.02186007611453533,,2047.4941828250885,426.9892346858978,,
5313,0.024997252970933914,,2047.875445842743,427.06658720970154,,
5314,0.022721821442246437,,2048.2565388679504,427.1439380645752,,
5315,0.05588506534695625,,2048.637181997299,427.2213249206543,,
5316,0.04635220021009445,,2049.01815700531,427.29867339134216,,
5317,0.022179365158081055,,2049.398963689804,427.37601137161255,,
5318,0.02635026164352894,,2049.779844760895,427.4538016319275,,
5319,0.03939324989914894,,2050.1607899665833,427.53117656707764,,
5320,0.03872296214103699,,2050.5415444374084,427.6089689731598,,
5321,0.05536924675107002,,2050.922178506851,427.6863172054291,,
5322,0.030261848121881485,,2051.303553342819,427.7641100883484,,
5323,0.02117791213095188,,2051.684314727783,427.84147000312805,,
5324,0.022397605702280998,,2052.065090894699,427.9188425540924,,
5325,0.021776311099529266,,2052.446076154709,427.996280670166,,
5326,0.025284433737397194,,2052.826497554779,428.07368540763855,,
5327,0.03101295791566372,,2053.2071056365967,428.1510920524597,,
5328,0.043063320219516754,,2053.5885047912598,428.22850227355957,,
5329,0.0315806083381176,,2053.9693253040314,428.30627155303955,,
5330,0.021180924028158188,,2054.349813222885,428.38360142707825,,
5331,0.023676196113228798,,2054.7313120365143,428.46096324920654,,
5332,0.02132824808359146,,2055.1121921539307,428.5383744239807,,
5333,0.02804689295589924,,2055.492773771286,428.6157398223877,,
5334,0.022839738056063652,,2055.8741903305054,428.6931505203247,,
5335,0.023256558924913406,,2056.254624605179,428.7705261707306,,
5336,0.02187652699649334,,2056.635720729828,428.8483443260193,,
5337,0.022696271538734436,,2057.0167322158813,428.92570662498474,,
5338,0.025744391605257988,,2057.3976662158966,429.0035443305969,,
5339,0.02757931314408779,,2057.778040409088,429.08092045783997,,
5340,0.025776997208595276,,2058.1594212055206,429.1582865715027,,
5341,0.02232961915433407,,2058.540276288986,429.2356970310211,,
5342,0.024081066250801086,,2058.9211826324463,429.3131196498871,,
5343,0.032491590827703476,,2059.3026440143585,429.3905062675476,,
5344,0.02736295945942402,,2059.683670282364,429.4678750038147,,
5345,0.026360368356108665,,2060.0646226406097,429.54562759399414,,
5346,0.021165328100323677,,2060.4455831050873,429.6229991912842,,
5347,0.02156073786318302,,2060.8261334896088,429.7003746032715,,
5348,0.03270590305328369,,2061.207048892975,429.77780866622925,,
5349,0.041640542447566986,,2061.588354110718,429.8551871776581,,
5350,0.024268418550491333,,2061.969325065613,429.9325656890869,,
5351,0.01990450546145439,,2062.3498437404633,430.00991773605347,,
5352,0.019383598119020462,,2062.7313125133514,430.0873324871063,,
5353,0.033297717571258545,,2063.340025663376,430.1646854877472,,
5354,0.024261806160211563,,2063.7213315963745,430.2419955730438,,
5355,0.024876059964299202,,2064.101919412613,430.3198080062866,,
5356,0.034878768026828766,,2064.482293844223,430.39714908599854,,
5357,0.019744660705327988,,2064.863797903061,430.47452306747437,,
5358,0.024758009240031242,,2065.244684457779,430.55199551582336,,
5359,0.027917802333831787,,2065.6257770061493,430.62979197502136,,
5360,0.03206359222531319,,2066.0068633556366,430.7071650028229,,
5361,0.02331734262406826,,2066.3875875473022,430.7845416069031,,
5362,0.029476167634129524,,2066.768530845642,430.861939907074,,
5363,0.03593411296606064,,2067.1501655578613,430.93933963775635,,
5364,0.032543256878852844,,2067.5309686660767,431.0167579650879,,
5365,0.04704219475388527,,2067.911784887314,431.09416604042053,,
5366,0.025943154469132423,,2068.2927942276,431.1716592311859,,
5367,0.034714020788669586,,2068.673402786255,431.24902296066284,,
5368,0.04183860123157501,,2069.0540885925293,431.32644629478455,,
5369,0.02734849601984024,,2069.435414791107,431.4038305282593,,
5370,0.01957564987242222,,2069.815892934799,431.4812569618225,,
5371,0.028538411483168602,,2070.1967430114746,431.5586314201355,,
5372,0.021494422107934952,,2070.5779123306274,431.6360414028168,,
5373,0.03259635716676712,,2070.9585824012756,431.7138969898224,,
5374,0.019621850922703743,,2071.3390007019043,431.7912549972534,,
5375,0.021518968045711517,,2071.7206892967224,431.8686435222626,,
5376,0.029122525826096535,,2072.101157426834,431.9460492134094,,
5377,0.019711947068572044,,2072.4818210601807,432.02364897727966,,
5378,0.020208559930324554,,2072.8636362552643,432.1010344028473,,
5379,0.019009551033377647,,2073.24432349205,432.17847442626953,,
5380,0.03236410394310951,,2073.6248881816864,432.2558853626251,,
5381,0.03204012289643288,,2074.0061326026917,432.3332874774933,,
5382,0.038729455322027206,,2074.3869395256042,432.4107360839844,,
5383,0.032233092933893204,,2074.7677845954895,432.48811769485474,,
5384,0.04413461685180664,,2075.149145126343,432.56551456451416,,
5385,0.042459744960069656,,2075.530111551285,432.6428577899933,,
5386,0.023370541632175446,,2075.911283493042,432.72028827667236,,
5387,0.033776264637708664,,2076.292237520218,432.79771542549133,,
5388,0.024499941617250443,,2076.6729278564453,432.8750729560852,,
5389,0.02318584732711315,,2077.053691148758,432.95248198509216,,
5390,0.019824542105197906,,2077.4347405433655,433.0298762321472,,
5391,0.02063760720193386,,2077.8152928352356,433.10768485069275,,
5392,0.02714884653687477,,2078.1959302425385,433.1850299835205,,
5393,0.019984859973192215,,2078.577329158783,433.2623829841614,,
5394,0.022341910749673843,,2078.957776069641,433.3397161960602,,
5395,0.032578952610492706,,2079.338953733444,433.4170980453491,,
5396,0.019954754039645195,,2079.719864845276,433.494423866272,,
5397,0.023568810895085335,,2080.100323677063,433.5718309879303,,
5398,0.0402892641723156,,2080.480532169342,433.6492373943329,,
5399,0.029860444366931915,,2080.861568927765,433.726642370224,,
5400,0.027235981076955795,,2081.242461204529,433.8044481277466,,
5401,0.024842366576194763,,2081.622740983963,433.8818280696869,,
5402,0.022005457431077957,,2082.004145860672,433.95919966697693,,
5403,0.02324134297668934,,2082.384811401367,434.03658866882324,,
5404,0.04072578623890877,,2082.7653176784515,434.11395621299744,,
5405,0.04808385297656059,,2083.147051334381,434.1913321018219,,
5406,0.04727409780025482,,2083.755936384201,434.2687306404114,,
5407,0.035607509315013885,,2084.1374266147614,434.3461015224457,,
5408,0.02388889156281948,,2084.5178945064545,434.42341899871826,,
5409,0.02347870171070099,,2084.8992393016815,434.5007815361023,,
5410,0.06042183190584183,,2085.2805721759796,434.57820987701416,,
5411,0.030190899968147278,,2085.6610276699066,434.6556062698364,,
5412,0.020992225036025047,,2086.0429661273956,434.73307156562805,,
5413,0.018953850492835045,,2086.4240560531616,434.8104887008667,,
5414,0.02188117802143097,,2086.8048741817474,434.88791608810425,,
5415,0.02574772946536541,,2087.185565471649,434.96532368659973,,
5416,0.025594549253582954,,2087.5665645599365,435.0427277088165,,
5417,0.031196387484669685,,2087.946917295456,435.12013721466064,,
5418,0.02611972764134407,,2088.327479839325,435.1975631713867,,
5419,0.023880736902356148,,2088.7087876796722,435.2749192714691,,
5420,0.023879360407590866,,2089.0890774726868,435.3524258136749,,
5421,0.040032241493463516,,2089.469649076462,435.42988181114197,,
5422,0.026585038751363754,,2089.850779056549,435.5072913169861,,
5423,0.031087666749954224,,2090.2317349910736,435.5846972465515,,
5424,0.023323889821767807,,2090.612451314926,435.6621036529541,,
5425,0.022828049957752228,,2090.9939246177673,435.7395119667053,,
5426,0.025032326579093933,,2091.3751318454742,435.8169207572937,,
5427,0.023033052682876587,,2091.7553725242615,435.89436173439026,,
5428,0.022648295387625694,,2092.1366617679596,435.97172832489014,,
5429,0.0334283821284771,,2092.517739534378,436.04910135269165,,
5430,0.042355556041002274,,2092.898781776428,436.12688302993774,,
5431,0.03211207687854767,,2093.2799701690674,436.2042717933655,,
5432,0.02408549189567566,,2093.6604187488556,436.2816436290741,,
5433,0.025883561000227928,,2094.041029214859,436.3594250679016,,
5434,0.028130406513810158,,2094.42205786705,436.4368441104889,,
5435,0.023523228242993355,,2094.802624940872,436.5142261981964,,
5436,0.025347821414470673,,2095.183211326599,436.5915811061859,,
5437,0.027376651763916016,,2095.564126253128,436.6690163612366,,
5438,0.02140447497367859,,2095.944676399231,436.7463982105255,,
5439,0.01949823834002018,,2096.3251910209656,436.824232339859,,
5440,0.018591614440083504,,2096.7063372135162,436.90163564682007,,
5441,0.02189824916422367,,2097.086902141571,436.9790074825287,,
5442,0.023425009101629257,,2097.467549800873,437.0564007759094,,
5443,0.025294803082942963,,2097.8487043380737,437.13377571105957,,
5444,0.044259827584028244,,2098.229841709137,437.21118569374084,,
5445,0.04025521129369736,,2098.6106672286987,437.28857040405273,,
5446,0.04169037565588951,,2098.991656064987,437.36596512794495,,
5447,0.025051772594451904,,2099.3728153705597,437.44338369369507,,
5448,0.06341658532619476,,2099.753340959549,437.52079820632935,,
5449,0.03193884342908859,,2100.1344277858734,437.5981764793396,,
5450,0.03260522335767746,,2100.5151364803314,437.67556953430176,,
5451,0.04864220693707466,,2100.8956322669983,437.7529752254486,,
5452,0.025798890739679337,,2101.2766263484955,437.83032608032227,,
5453,0.020881013944745064,,2101.657100200653,437.90772557258606,,
5454,0.018795007839798927,,2102.0376856327057,437.9850912094116,,
5455,0.020826175808906555,,2102.4186642169952,438.0624361038208,,
5456,0.01912263222038746,,2102.7992589473724,438.1398766040802,,
5457,0.02396620810031891,,2103.179707288742,438.21730399131775,,
5458,0.026959700509905815,,2103.560806274414,438.2947475910187,,
5459,0.01944788731634617,,2104.169455051422,438.37210392951965,,
5460,0.019661201164126396,,2104.5501878261566,438.44949078559875,,
5461,0.022493822500109673,,2104.9307906627655,438.52689027786255,,
5462,0.03095553070306778,,2105.311526298523,438.60425209999084,,
5463,0.03479716181755066,,2105.692650794983,438.68165159225464,,
5464,0.029771363362669945,,2106.0736010074615,438.7590503692627,,
5465,0.028581997379660606,,2106.4540960788727,438.83691477775574,,
5466,0.023543018847703934,,2106.834897518158,438.91435956954956,,
5467,0.021243588998913765,,2107.2152309417725,438.9921600818634,,
5468,0.023855671286582947,,2107.59592294693,439.06956481933594,,
5469,0.0286127720028162,,2107.9769105911255,439.14691257476807,,
5470,0.020136339589953423,,2108.357019662857,439.2243378162384,,
5471,0.028783196583390236,,2108.737510919571,439.3017222881317,,
5472,0.02589987963438034,,2109.1182453632355,439.379093170166,,
5473,0.033344242721796036,,2109.4989602565765,439.45649695396423,,
5474,0.02164415642619133,,2109.879373550415,439.5338499546051,,
5475,0.02845004014670849,,2110.2606785297394,439.6111989021301,,
5476,0.018971670418977737,,2110.6411604881287,439.6890139579773,,
5477,0.02817685157060623,,2111.021679878235,439.76634883880615,,
5478,0.02204088121652603,,2111.4030871391296,439.8437113761902,,
5479,0.022410109639167786,,2111.7835915088654,439.9210841655731,,
5480,0.02344018779695034,,2112.1638193130493,439.9984896183014,,
5481,0.02873110957443714,,2112.5457439422607,440.0758316516876,,
5482,0.027629947289824486,,2112.9262030124664,440.1531753540039,,
5483,0.028766775503754616,,2113.307077884674,440.23059368133545,,
5484,0.03451777622103691,,2113.688095331192,440.30795311927795,,
5485,0.04547867551445961,,2114.0687096118927,440.3853499889374,,
5486,0.018368490040302277,,2114.449601650238,440.4627151489258,,
5487,0.026927534490823746,,2114.8306159973145,440.5400652885437,,
5488,0.020816121250391006,,2115.2113285064697,440.6174211502075,,
5489,0.035569462925195694,,2115.592123746872,440.69485664367676,,
5490,0.026984410360455513,,2115.973134994507,440.77221155166626,,
5491,0.02635541558265686,,2116.353659629822,440.8495783805847,,
5492,0.04325184226036072,,2116.7341549396515,440.92692255973816,,
5493,0.04021082818508148,,2117.11506319046,441.00435733795166,,
5494,0.03510978817939758,,2117.4954719543457,441.082133769989,,
5495,0.05223184823989868,,2117.8761212825775,441.159521818161,,
5496,0.06435544043779373,,2118.2575993537903,441.2369351387024,,
5497,0.06116590276360512,,2118.6384193897247,441.3143000602722,,
5498,0.03941841423511505,,2119.019159078598,441.39168882369995,,
5499,0.02192019298672676,,2119.40487575531,441.4695463180542,,
5500,0.020455099642276764,0.00951068289577961,2119.7852454185486,442.96033573150635,0.018445631489157677,0.04548506438732147
5501,0.01934485323727131,,2120.1662385463715,443.0377643108368,,
5502,0.028006572276353836,,2120.547127008438,443.115159034729,,
5503,0.030955322086811066,,2120.927679538727,443.1925733089447,,
5504,0.035916220396757126,,2121.309011697769,443.26997923851013,,
5505,0.020435035228729248,,2121.689773082733,443.34733867645264,,
5506,0.027494387701153755,,2122.070317029953,443.42472553253174,,
5507,0.024644916877150536,,2122.4511415958405,443.50206995010376,,
5508,0.019898556172847748,,2122.831716775894,443.57947278022766,,
5509,0.023605287075042725,,2123.2125301361084,443.65689158439636,,
5510,0.0204189233481884,,2123.5938487052917,443.7342963218689,,
5511,0.02229282632470131,,2123.9746034145355,443.8116445541382,,
5512,0.021849576383829117,,2124.58350276947,443.8890347480774,,
5513,0.021480992436408997,,2124.9644598960876,443.96645188331604,,
5514,0.02115725912153721,,2125.3450605869293,444.04385113716125,,
5515,0.027017151936888695,,2125.725763320923,444.12120628356934,,
5516,0.020703289657831192,,2126.1069116592407,444.1985778808594,,
5517,0.023507719859480858,,2126.4874210357666,444.275958776474,,
5518,0.021905681118369102,,2126.8679614067078,444.3533990383148,,
5519,0.019771555438637733,,2127.248891353607,444.4307677745819,,
5520,0.023533672094345093,,2127.6293818950653,444.5081539154053,,
5521,0.020647333934903145,,2128.009745836258,444.585556268692,,
5522,0.023565948009490967,,2128.3906729221344,444.66295099258423,,
5523,0.025806646794080734,,2128.7712709903717,444.74034333229065,,
5524,0.040078770369291306,,2129.151953458786,444.81770610809326,,
5525,0.042268771678209305,,2129.533038377762,444.8950619697571,,
5526,0.04595712572336197,,2129.913663625717,444.97251629829407,,
5527,0.025000780820846558,,2130.294245481491,445.04987239837646,,
5528,0.02351961098611355,,2130.6753635406494,445.1272714138031,,
5529,0.02298443205654621,,2131.0561668872833,445.20468974113464,,
5530,0.030639948323369026,,2131.4365565776825,445.28210949897766,,
5531,0.0286260973662138,,2131.8175835609436,445.3595278263092,,
5532,0.02208673767745495,,2132.197739839554,445.4369306564331,,
5533,0.019618751481175423,,2132.578429222107,445.5143389701843,,
5534,0.0813639834523201,,2132.9690659046173,445.59167432785034,,
5535,0.0370941124856472,,2133.3493835926056,445.6690499782562,,
5536,0.019594799727201462,,2133.7299299240112,445.7464282512665,,
5537,0.024654820561408997,,2134.1110515594482,445.8238444328308,,
5538,0.026592260226607323,,2134.491459608078,445.9012086391449,,
5539,0.021267635747790337,,2134.8719487190247,445.9786055088043,,
5540,0.02373066544532776,,2135.253111600876,446.05596804618835,,
5541,0.021555988118052483,,2135.6336612701416,446.1333565711975,,
5542,0.021099405363202095,,2136.0144131183624,446.2107427120209,,
5543,0.021541722118854523,,2136.395731687546,446.2885434627533,,
5544,0.020719876512885094,,2136.7760434150696,446.3659083843231,,
5545,0.02314765378832817,,2137.1565816402435,446.44370889663696,,
5546,0.025342313572764397,,2137.5384860038757,446.5211524963379,,
5547,0.025073373690247536,,2137.919538497925,446.59856843948364,,
5548,0.030428417026996613,,2138.30020737648,446.6759204864502,,
5549,0.050793979316949844,,2138.6814754009247,446.7532956600189,,
5550,0.03103264793753624,,2139.0620636940002,446.8306794166565,,
5551,0.02008766494691372,,2139.442806959152,446.9080684185028,,
5552,0.02380157820880413,,2139.824324131012,446.9858751296997,,
5553,0.025181975215673447,,2140.2046082019806,447.0632929801941,,
5554,0.019027629867196083,,2140.58532166481,447.14115142822266,,
5555,0.03081781230866909,,2140.965812444687,447.2185318470001,,
5556,0.025339320302009583,,2141.3462224006653,447.29591512680054,,
5557,0.020031601190567017,,2141.7266664505005,447.3732953071594,,
5558,0.023270588368177414,,2142.107749223709,447.4506480693817,,
5559,0.03714006394147873,,2142.488306760788,447.52804374694824,,
5560,0.022937055677175522,,2142.868642807007,447.6054587364197,,
5561,0.024881398305296898,,2143.2498416900635,447.68284821510315,,
5562,0.0208626389503479,,2143.630399942398,447.7602937221527,,
5563,0.02371802181005478,,2144.0109117031097,447.8376839160919,,
5564,0.021104304119944572,,2144.3921315670013,447.9150445461273,,
5565,0.027084795758128166,,2145.000415086746,447.99243688583374,,
5566,0.019144946709275246,,2145.3812069892883,448.0702440738678,,
5567,0.024601902812719345,,2145.7614846229553,448.14762258529663,,
5568,0.025975406169891357,,2146.1420526504517,448.2249810695648,,
5569,0.04031012952327728,,2146.5229086875916,448.302374124527,,
5570,0.02364969439804554,,2146.9032802581787,448.3797698020935,,
5571,0.029438110068440437,,2147.2838730812073,448.45711517333984,,
5572,0.020060481503605843,,2147.664899587631,448.5344498157501,,
5573,0.04001739248633385,,2148.045690536499,448.6117994785309,,
5574,0.03772205859422684,,2148.426156282425,448.689177274704,,
5575,0.026824984699487686,,2148.807203054428,448.76654148101807,,
5576,0.031090224161744118,,2149.187911748886,448.843873500824,,
5577,0.028827589005231857,,2149.568707704544,448.9212553501129,,
5578,0.02362494170665741,,2149.9498403072357,448.9987099170685,,
5579,0.019901420921087265,,2150.3301196098328,449.07607102394104,,
5580,0.02567211538553238,,2150.710590362549,449.15345883369446,,
5581,0.026007935404777527,,2151.091742038727,449.23089599609375,,
5582,0.024363452568650246,,2151.4719264507294,449.3082661628723,,
5583,0.027901574969291687,,2151.852529525757,449.38563442230225,,
5584,0.022310297936201096,,2152.23356962204,449.46301913261414,,
5585,0.026936545968055725,,2152.614265203476,449.5403833389282,,
5586,0.04869990050792694,,2152.9947547912598,449.6178116798401,,
5587,0.0447179339826107,,2153.3756878376007,449.69521737098694,,
5588,0.07339496165513992,,2153.7562353610992,449.7726216316223,,
5589,0.042107950896024704,,2154.136666536331,449.8500077724457,,
5590,0.02608328126370907,,2154.5175230503082,449.92740869522095,,
5591,0.02892746403813362,,2154.8979930877686,450.0047688484192,,
5592,0.03563626855611801,,2155.2786231040955,450.0821650028229,,
5593,0.024412672966718674,,2155.6599934101105,450.15998554229736,,
5594,0.02126884087920189,,2156.04096531868,450.23732686042786,,
5595,0.03232116997241974,,2156.421738386154,450.31471514701843,,
5596,0.021091267466545105,,2156.8031210899353,450.3920726776123,,
5597,0.031409699469804764,,2157.1839034557343,450.4694616794586,,
5598,0.033278461545705795,,2157.564866065979,450.5468764305115,,
5599,0.021835099905729294,,2157.94610619545,450.62432765960693,,
5600,0.018050160259008408,,2158.3271210193634,450.70171880722046,,
5601,0.02985742688179016,,2158.7073028087616,450.77916622161865,,
5602,0.03919951990246773,,2159.0886886119843,450.8566198348999,,
5603,0.04408843815326691,,2159.469511985779,450.93401527404785,,
5604,0.020380692556500435,,2159.8505897521973,451.01137471199036,,
5605,0.02510601468384266,,2160.2321424484253,451.088830947876,,
5606,0.02556449919939041,,2160.6126890182495,451.1662406921387,,
5607,0.028941035270690918,,2160.9931347370148,451.2436668872833,,
5608,0.024668294936418533,,2161.3747720718384,451.3210918903351,,
5609,0.028220396488904953,,2161.755737543106,451.3989083766937,,
5610,0.02194010466337204,,2162.1363990306854,451.47628140449524,,
5611,0.019541509449481964,,2162.5180163383484,451.55365324020386,,
5612,0.021016636863350868,,2162.8992953300476,451.6310877799988,,
5613,0.021032875403761864,,2163.2802319526672,451.70850110054016,,
5614,0.028606947511434555,,2163.6617527008057,451.78588914871216,,
5615,0.022127192467451096,,2164.0431187152863,451.8633303642273,,
5616,0.027107004076242447,,2164.4243154525757,451.9406831264496,,
5617,0.03494458273053169,,2164.8059861660004,452.0180642604828,,
5618,0.019900310784578323,,2165.4144415855408,452.0954780578613,,
5619,0.04257292300462723,,2165.7953250408173,452.17284417152405,,
5620,0.01938651315867901,,2166.1763513088226,452.25024247169495,,
5621,0.0308414064347744,,2166.5571801662445,452.32762265205383,,
5622,0.020800577476620674,,2166.9386208057404,452.4049699306488,,
5623,0.039041195064783096,,2167.319441318512,452.48235869407654,,
5624,0.023021096363663673,,2167.700310945511,452.5597550868988,,
5625,0.021664083003997803,,2168.08158493042,452.6371352672577,,
5626,0.02861817739903927,,2168.4624252319336,452.71448850631714,,
5627,0.025938667356967926,,2168.8433091640472,452.7919216156006,,
5628,0.02242896519601345,,2169.224664211273,452.86925983428955,,
5629,0.029663218185305595,,2169.6057665348053,452.9466333389282,,
5630,0.03868637979030609,,2169.986798763275,453.02403688430786,,
5631,0.027134371921420097,,2170.3681452274323,453.10141491889954,,
5632,0.02366499789059162,,2170.7497987747192,453.17878222465515,,
5633,0.020342303439974785,,2171.130633831024,453.2562162876129,,
5634,0.022770700976252556,,2171.5123505592346,453.3336021900177,,
5635,0.026529652997851372,,2171.8934853076935,453.4110269546509,,
5636,0.03137985244393349,,2172.2748742103577,453.4884431362152,,
5637,0.054788343608379364,,2172.656035900116,453.5658526420593,,
5638,0.032323870807886124,,2173.0370678901672,453.6432135105133,,
5639,0.024311259388923645,,2173.417999982834,453.7205934524536,,
5640,0.03362589329481125,,2173.7994196414948,453.7979459762573,,
5641,0.0243082232773304,,2174.180500984192,453.87533020973206,,
5642,0.02017325721681118,,2174.5613367557526,453.95274209976196,,
5643,0.023049311712384224,,2174.9427819252014,454.03008103370667,,
5644,0.01950577273964882,,2175.323738336563,454.10749530792236,,
5645,0.022765235975384712,,2175.7047481536865,454.1848394870758,,
5646,0.036776505410671234,,2176.0862402915955,454.2622187137604,,
5647,0.036753054708242416,,2176.4671919345856,454.33960127830505,,
5648,0.028150524944067,,2176.8482723236084,454.4169821739197,,
5649,0.023695271462202072,,2177.2293593883514,454.4943878650665,,
5650,0.024059537798166275,,2177.6106882095337,454.57180404663086,,
5651,0.03066566400229931,,2177.9917330741882,454.6492109298706,,
5652,0.022961780428886414,,2178.373351097107,454.7266254425049,,
5653,0.019155554473400116,,2178.7543897628784,454.8039975166321,,
5654,0.026923617348074913,,2179.135328054428,454.88136053085327,,
5655,0.040878038853406906,,2179.5166566371918,454.9587323665619,,
5656,0.04313284903764725,,2179.897224664688,455.0361006259918,,
5657,0.03696485608816147,,2180.2783591747284,455.1134703159332,,
5658,0.026219792664051056,,2180.6597242355347,455.1912171840668,,
5659,0.019466733559966087,,2181.040486097336,455.2685475349426,,
5660,0.020614534616470337,,2181.421445131302,455.3459737300873,,
5661,0.029107365757226944,,2181.8023822307587,455.42333602905273,,
5662,0.021181344985961914,,2182.1833889484406,455.5011954307556,,
5663,0.021707702428102493,,2182.564024448395,455.57861852645874,,
5664,0.03357386216521263,,2182.9455211162567,455.6560266017914,,
5665,0.02289016731083393,,2183.326227426529,455.73345828056335,,
5666,0.053989432752132416,,2183.7070326805115,455.8109018802643,,
5667,0.052363645285367966,,2184.0887684822083,455.88827872276306,,
5668,0.045000411570072174,,2184.4696967601776,455.9656777381897,,
5669,0.0284724123775959,,2184.850673675537,456.04302287101746,,
5670,0.02353109046816826,,2185.232231616974,456.120409488678,,
5671,0.021335216239094734,,2185.841063976288,456.19778060913086,,
5672,0.02028617449104786,,2186.2224419116974,456.27519130706787,,
5673,0.028792066499590874,,2186.6032581329346,456.35260796546936,,
5674,0.02114017866551876,,2186.9839453697205,456.42999839782715,,
5675,0.025718597695231438,,2187.3653342723846,456.50743770599365,,
5676,0.022406628355383873,,2187.7462952136993,456.5848891735077,,
5677,0.02288145385682583,,2188.1271119117737,456.6623032093048,,
5678,0.023118596524000168,,2188.508715391159,456.73970246315,,
5679,0.028221068903803825,,2188.889761686325,456.8170976638794,,
5680,0.05694151669740677,,2189.2708168029785,456.8944983482361,,
5681,0.042641233652830124,,2189.6525740623474,456.9718716144562,,
5682,0.024654051288962364,,2190.033666610718,457.049298286438,,
5683,0.018453190103173256,,2190.414697408676,457.12683153152466,,
5684,0.02450542338192463,,2190.7967109680176,457.2042021751404,,
5685,0.03563867509365082,,2191.177840232849,457.281617641449,,
5686,0.01941653899848461,,2191.558799266815,457.35923957824707,,
5687,0.04095936194062233,,2191.9403550624847,457.4366080760956,,
5688,0.02229839563369751,,2192.3213551044464,457.51399207115173,,
5689,0.019409196451306343,,2192.7023441791534,457.5914087295532,,
5690,0.030952222645282745,,2193.0836942195892,457.6688015460968,,
5691,0.02633589133620262,,2193.4647545814514,457.746214389801,,
5692,0.03705979883670807,,2193.8452129364014,457.82363295555115,,
5693,0.025968529284000397,,2194.226597547531,457.90100383758545,,
5694,0.022207466885447502,,2194.6075999736786,457.9783959388733,,
5695,0.019933167845010757,,2194.988729953766,458.0558226108551,,
5696,0.027344945818185806,,2195.3702268600464,458.1332411766052,,
5697,0.026887988671660423,,2195.7508482933044,458.21067476272583,,
5698,0.01964343711733818,,2196.131763935089,458.2880508899689,,
5699,0.05007726699113846,,2196.513551235199,458.36551690101624,,
5700,0.029234297573566437,,2196.894617319107,458.442910194397,,
5701,0.037340715527534485,,2197.2758502960205,458.5203046798706,,
5702,0.04027598723769188,,2197.65731215477,458.5977005958557,,
5703,0.03163116052746773,,2198.037982225418,458.67508459091187,,
5704,0.02559058926999569,,2198.418910741806,458.7524585723877,,
5705,0.022651446983218193,,2198.800377368927,458.8298990726471,,
5706,0.025811688974499702,,2199.181295156479,458.90729093551636,,
5707,0.0204114131629467,,2199.5622193813324,458.98471188545227,,
5708,0.029641520231962204,,2199.9438717365265,459.0621316432953,,
5709,0.0366060771048069,,2200.324877977371,459.13957834243774,,
5710,0.024187881499528885,,2200.705358028412,459.2169692516327,,
5711,0.021987706422805786,,2201.0864613056183,459.2943661212921,,
5712,0.025885090231895447,,2201.4668185710907,459.37174701690674,,
5713,0.019725926220417023,,2201.8479478359222,459.44914531707764,,
5714,0.025214672088623047,,2202.2289028167725,459.52653217315674,,
5715,0.03243892639875412,,2202.6101636886597,459.6039488315582,,
5716,0.026717079803347588,,2202.9911568164825,459.68135952949524,,
5717,0.021432748064398766,,2203.372531414032,459.7587745189667,,
5718,0.023464102298021317,,2203.753315925598,459.83618211746216,,
5719,0.021942099556326866,,2204.134287595749,459.9135217666626,,
5720,0.020505564287304878,,2204.515326976776,459.99090242385864,,
5721,0.026714814826846123,,2204.8963553905487,460.068302154541,,
5722,0.035196453332901,,2205.2776415348053,460.1456387042999,,
5723,0.023303275927901268,,2205.6587069034576,460.2230522632599,,
5724,0.02680276706814766,,2206.2667853832245,460.300461769104,,
5725,0.02290511131286621,,2206.648031234741,460.37789726257324,,
5726,0.025730447843670845,,2207.0288360118866,460.45533418655396,,
5727,0.0218601506203413,,2207.40948843956,460.5327217578888,,
5728,0.01790439523756504,,2207.790853023529,460.6100914478302,,
5729,0.02473631128668785,,2208.171658039093,460.68744826316833,,
5730,0.028713032603263855,,2208.5525965690613,460.7648491859436,,
5731,0.036863088607788086,,2208.933968067169,460.8422701358795,,
5732,0.0399412140250206,,2209.3148081302643,460.9196135997772,,
5733,0.03664788231253624,,2209.695514678955,460.99696922302246,,
5734,0.032175857573747635,,2210.076898097992,461.0743610858917,,
5735,0.031020307913422585,,2210.457517385483,461.15173721313477,,
5736,0.019230209290981293,,2210.838728427887,461.2291588783264,,
5737,0.02154199592769146,,2211.2202093601227,461.30659341812134,,
5738,0.029932046309113503,,2211.601147413254,461.3839876651764,,
5739,0.024952152743935585,,2211.9818003177643,461.4613826274872,,
5740,0.021674027666449547,,2212.363091945648,461.53876662254333,,
5741,0.020784523338079453,,2212.7441759109497,461.61620020866394,,
5742,0.045763157308101654,,2213.1248528957367,461.69362807273865,,
5743,0.03229483962059021,,2213.5061407089233,461.77098965644836,,
5744,0.03533678874373436,,2213.8872044086456,461.84840416908264,,
5745,0.02734396420419216,,2214.2681369781494,461.92581009864807,,
5746,0.03464629128575325,,2214.649381160736,462.0032000541687,,
5747,0.02421143464744091,,2215.03005695343,462.0805881023407,,
5748,0.027213869616389275,,2215.410721540451,462.15799713134766,,
5749,0.021542469039559364,,2215.792136669159,462.23538994789124,,
5750,0.02459161914885044,,2216.173184156418,462.31276988983154,,
5751,0.027780691161751747,,2216.5539293289185,462.3901319503784,,
5752,0.023401301354169846,,2216.935534477234,462.4676933288574,,
5753,0.023108163848519325,,2217.3166658878326,462.5450747013092,,
5754,0.02624082751572132,,2217.697838783264,462.62249994277954,,
5755,0.023028509691357613,,2218.07922911644,462.69987058639526,,
5756,0.019806472584605217,,2218.4601678848267,462.77724266052246,,
5757,0.022235434502363205,,2218.8411898612976,462.8546288013458,,
5758,0.02577677182853222,,2219.2224164009094,462.9319951534271,,
5759,0.02212323620915413,,2219.6030995845795,463.00939559936523,,
5760,0.018779676407575607,,2219.983955860138,463.0867762565613,,
5761,0.02514972724020481,,2220.3653728961945,463.16417241096497,,
5762,0.022232575342059135,,2220.7468044757843,463.24156188964844,,
5763,0.019836146384477615,,2221.127628326416,463.31894755363464,,
5764,0.04019605368375778,,2221.509052991867,463.39633655548096,,
5765,0.038696929812431335,,2221.8897330760956,463.47368574142456,,
5766,0.023769108578562737,,2222.2704792022705,463.55102801322937,,
5767,0.018483994528651237,,2222.651979446411,463.6284034252167,,
5768,0.019445810467004776,,2223.0329728126526,463.7057845592499,,
5769,0.03841051831841469,,2223.413600206375,463.78318667411804,,
5770,0.022385645657777786,,2223.7949647903442,463.8605480194092,,
5771,0.02059422805905342,,2224.176279783249,463.93794441223145,,
5772,0.023778259754180908,,2224.557311296463,464.0153181552887,,
5773,0.01994527317583561,,2224.9389638900757,464.0926949977875,,
5774,0.018722843378782272,,2225.3202860355377,464.1700789928436,,
5775,0.022313620895147324,,2225.7011709213257,464.2474298477173,,
5776,0.022665880620479584,,2226.082641363144,464.3247742652893,,
5777,0.02577112801373005,,2226.6910693645477,464.40212392807007,,
5778,0.029088299721479416,,2227.0726976394653,464.47946095466614,,
5779,0.031236225739121437,,2227.454249382019,464.55678820610046,,
5780,0.029170336201786995,,2227.834987640381,464.6341733932495,,
5781,0.040671538561582565,,2228.2162923812866,464.71151208877563,,
5782,0.022939719259738922,,2228.5972068309784,464.7889132499695,,
5783,0.019452117383480072,,2228.978278875351,464.8662531375885,,
5784,0.022450029850006104,,2229.3599014282227,464.94363498687744,,
5785,0.028062133118510246,,2229.7409834861755,465.02103185653687,,
5786,0.025756116956472397,,2230.1217765808105,465.0983934402466,,
5787,0.021809430792927742,,2230.503470182419,465.1758551597595,,
5788,0.021533852443099022,,2230.884790658951,465.2532253265381,,
5789,0.024634949862957,,2231.2654864788055,465.3305549621582,,
5790,0.036088667809963226,,2231.64666390419,465.4079601764679,,
5791,0.034536201506853104,,2232.0274047851562,465.4853186607361,,
5792,0.026261353865265846,,2232.408192873001,465.5626850128174,,
5793,0.018650246784090996,,2232.789605617523,465.6400852203369,,
5794,0.01890536956489086,,2233.170424222946,465.71744441986084,,
5795,0.023073716089129448,,2233.551293373108,465.7948188781738,,
5796,0.04189828410744667,,2233.932628393173,465.87221908569336,,
5797,0.023263221606612206,,2234.31405043602,465.94961977005005,,
5798,0.020105350762605667,,2234.6941254138947,466.0274670124054,,
5799,0.020210379734635353,,2235.0747439861298,466.1048686504364,,
5800,0.020862383767962456,,2235.4556634426117,466.18228363990784,,
5801,0.01968090422451496,,2235.8361945152283,466.2596709728241,,
5802,0.020175596699118614,,2236.2175557613373,466.3370747566223,,
5803,0.019185565412044525,,2236.5983214378357,466.4144551753998,,
5804,0.0211833193898201,,2236.979725599289,466.4918358325958,,
5805,0.022642772644758224,,2237.3614535331726,466.5691783428192,,
5806,0.026827212423086166,,2237.742440223694,466.6465861797333,,
5807,0.03438938409090042,,2238.1231849193573,466.72394943237305,,
5808,0.02071271277964115,,2238.5044708251953,466.8013310432434,,
5809,0.021024128422141075,,2238.885304927826,466.8786838054657,,
5810,0.027796858921647072,,2239.265493631363,466.9560887813568,,
5811,0.03926145285367966,,2239.6467361450195,467.03349781036377,,
5812,0.04044762998819351,,2240.027538537979,467.11096358299255,,
5813,0.041224103420972824,,2240.4083437919617,467.1883580684662,,
5814,0.03416317328810692,,2240.7893619537354,467.26574659347534,,
5815,0.01936238445341587,,2241.1704041957855,467.3431308269501,,
5816,0.020987575873732567,,2241.550775527954,467.42048740386963,,
5817,0.02174561843276024,,2241.9322950839996,467.49788331985474,,
5818,0.024991318583488464,,2242.3132359981537,467.575261592865,,
5819,0.02230125106871128,,2242.694316625595,467.65269136428833,,
5820,0.024137994274497032,,2243.07564330101,467.7300863265991,,
5821,0.02100955694913864,,2243.4567110538483,467.80750370025635,,
5822,0.019498411566019058,,2243.838623523712,467.884920835495,,
5823,0.02915634587407112,,2244.2201340198517,467.9622964859009,,
5824,0.02612527273595333,,2244.6008830070496,468.0396947860718,,
5825,0.02535645104944706,,2244.9821610450745,468.11749815940857,,
5826,0.021230733022093773,,2245.363602876663,468.19494462013245,,
5827,0.020022960379719734,,2245.744672060013,468.2723059654236,,
5828,0.022732503712177277,,2246.125638961792,468.34969091415405,,
5829,0.02068515680730343,,2246.507073402405,468.4270899295807,,
5830,0.022898759692907333,,2247.1156985759735,468.50450372695923,,
5831,0.026347024366259575,,2247.497091770172,468.58189153671265,,
5832,0.03541254624724388,,2247.877781152725,468.65940713882446,,
5833,0.025187233462929726,,2248.2586159706116,468.736789226532,,
5834,0.03066585771739483,,2248.639786720276,468.8142066001892,,
5835,0.034027423709630966,,2249.0204350948334,468.89160084724426,,
5836,0.019547348842024803,,2249.401270389557,468.9689838886261,,
5837,0.02536240592598915,,2249.782700061798,469.0463364124298,,
5838,0.0460050031542778,,2250.1638259887695,469.1237497329712,,
5839,0.03248177468776703,,2250.5449798107147,469.20109248161316,,
5840,0.020999928936362267,,2250.9262733459473,469.2785186767578,,
5841,0.023088479414582253,,2251.3070600032806,469.35594177246094,,
5842,0.020894967019557953,,2251.6879737377167,469.43337178230286,,
5843,0.033973392099142075,,2252.0690248012543,469.51076579093933,,
5844,0.027952134609222412,,2252.449815750122,469.5881836414337,,
5845,0.029073089361190796,,2252.830525636673,469.66552782058716,,
5846,0.02972094900906086,,2253.212179660797,469.74292826652527,,
5847,0.02194872498512268,,2253.5927872657776,469.82031655311584,,
5848,0.03976604714989662,,2253.974143743515,469.89770221710205,,
5849,0.046579163521528244,,2254.3554339408875,469.9751169681549,,
5850,0.03635955601930618,,2254.736171245575,470.0524868965149,,
5851,0.02297678217291832,,2255.1169250011444,470.1299159526825,,
5852,0.021868078038096428,,2255.498165845871,470.2073006629944,,
5853,0.022857749834656715,,2255.879141330719,470.28468561172485,,
5854,0.02015533111989498,,2256.259989500046,470.3620765209198,,
5855,0.03437693789601326,,2256.6412987709045,470.4394850730896,,
5856,0.0574624128639698,,2257.02219748497,470.5169222354889,,
5857,0.020805545151233673,,2257.40319275856,470.5942904949188,,
5858,0.03193914145231247,,2257.7844638824463,470.6716573238373,,
5859,0.03597533330321312,,2258.1651072502136,470.74903297424316,,
5860,0.024627842009067535,,2258.545912027359,470.8263416290283,,
5861,0.026926936581730843,,2258.927661418915,470.9037184715271,,
5862,0.02606845274567604,,2259.308594226837,470.98107719421387,,
5863,0.02162276580929756,,2259.689411878586,471.0584318637848,,
5864,0.021111859008669853,,2260.0707261562347,471.1358096599579,,
5865,0.022981707006692886,,2260.451687812805,471.21316599845886,,
5866,0.02430124022066593,,2260.8325634002686,471.29058051109314,,
5867,0.03011239692568779,,2261.2139859199524,471.367968082428,,
5868,0.024721350520849228,,2261.5948288440704,471.44534254074097,,
5869,0.02892909198999405,,2261.976005554199,471.52270793914795,,
5870,0.024078086018562317,,2262.357502222061,471.6000864505768,,
5871,0.02078341506421566,,2262.738618850708,471.6774251461029,,
5872,0.020444680005311966,,2263.119301557541,471.7547986507416,,
5873,0.021409055218100548,,2263.500638484955,471.8321838378906,,
5874,0.03580540418624878,,2263.8814928531647,471.9095892906189,,
5875,0.03345354273915291,,2264.2619099617004,471.9869439601898,,
5876,0.02049236185848713,,2264.6432473659515,472.0643274784088,,
5877,0.022715656086802483,,2265.023992061615,472.1417374610901,,
5878,0.042550645768642426,,2265.404796600342,472.2190854549408,,
5879,0.020083805546164513,,2265.7860717773438,472.29642391204834,,
5880,0.019159888848662376,,2266.167200565338,472.3737807273865,,
5881,0.034814465790987015,,2266.548012495041,472.4511923789978,,
5882,0.01974632404744625,,2266.9293258190155,472.52861738204956,,
5883,0.028092291206121445,,2267.5380408763885,472.6060001850128,,
5884,0.02179267816245556,,2267.9193093776703,472.68339824676514,,
5885,0.02214784547686577,,2268.300094604492,472.76077699661255,,
5886,0.02168659307062626,,2268.6809787750244,472.83818554878235,,
5887,0.020750148221850395,,2269.0622029304504,472.91556692123413,,
5888,0.02159775421023369,,2269.4433591365814,472.99336552619934,,
5889,0.033882468938827515,,2269.8243606090546,473.07073402404785,,
5890,0.04870555177330971,,2270.2060546875,473.1481730937958,,
5891,0.03064834512770176,,2270.58713722229,473.22551584243774,,
5892,0.028987471014261246,,2270.968257665634,473.30288004875183,,
5893,0.024461882188916206,,2271.3496203422546,473.3803036212921,,
5894,0.020155571401119232,,2271.7306578159332,473.45765137672424,,
5895,0.020367082208395004,,2272.1116025447845,473.5350351333618,,
5896,0.025771183893084526,,2272.4930663108826,473.61235880851746,,
5897,0.022599412128329277,,2272.873986721039,473.6897270679474,,
5898,0.027188947424292564,,2273.2547194957733,473.7671353816986,,
5899,0.02280239760875702,,2273.6361763477325,473.8445599079132,,
5900,0.023433709517121315,,2274.0172142982483,473.92198300361633,,
5901,0.02202901616692543,,2274.3980753421783,473.99932765960693,,
5902,0.023361997678875923,,2274.779533624649,474.0766851902008,,
5903,0.020744936540722847,,2275.160577058792,474.1540729999542,,
5904,0.02351849153637886,,2275.540844678879,474.23140573501587,,
5905,0.026800330728292465,,2275.922328233719,474.3087651729584,,
5906,0.02238958701491356,,2276.303346157074,474.3861849308014,,
5907,0.019545812159776688,,2276.68457531929,474.4636871814728,,
5908,0.02111978270113468,,2277.066235303879,474.5410408973694,,
5909,0.0343521311879158,,2277.4478006362915,474.6183774471283,,
5910,0.02761932462453842,,2277.8288571834564,474.69573879241943,,
5911,0.02082851342856884,,2278.2106540203094,474.77313232421875,,
5912,0.024154022336006165,,2278.5918338298798,474.85050559043884,,
5913,0.019816087558865547,,2278.972727537155,474.92788076400757,,
5914,0.02965204045176506,,2279.354038953781,475.00527477264404,,
5915,0.022333847358822823,,2279.735024690628,475.0826606750488,,
5916,0.031205102801322937,,2280.1157882213593,475.15999388694763,,
5917,0.023915346711874008,,2280.4969947338104,475.23734426498413,,
5918,0.029907269403338432,,2280.8778195381165,475.314715385437,,
5919,0.020795295014977455,,2281.2587654590607,475.39210200309753,,
5920,0.040488503873348236,,2281.639568567276,475.46943640708923,,
5921,0.028718341141939163,,2282.0203454494476,475.54680275917053,,
5922,0.034833792597055435,,2282.401537179947,475.62416911125183,,
5923,0.022576438263058662,,2282.783175945282,475.7014992237091,,
5924,0.022864680737257004,,2283.164316177368,475.77885270118713,,
5925,0.026135316118597984,,2283.5464754104614,475.85622096061707,,
5926,0.020247265696525574,,2283.9285016059875,475.9335877895355,,
5927,0.026965277269482613,,2284.3096182346344,476.0110046863556,,
5928,0.02232208102941513,,2284.690590620041,476.0882966518402,,
5929,0.029261112213134766,,2285.072114467621,476.16566371917725,,
5930,0.020443325862288475,,2285.4534814357758,476.2430303096771,,
5931,0.023213157430291176,,2285.834403991699,476.32037258148193,,
5932,0.019481733441352844,,2286.2161581516266,476.39776945114136,,
5933,0.01904473453760147,,2286.597157239914,476.47510528564453,,
5934,0.021016910672187805,,2286.9782168865204,476.5524835586548,,
5935,0.028265811502933502,,2287.3595972061157,476.6298086643219,,
5936,0.022200502455234528,,2287.968371629715,476.707154750824,,
5937,0.020684288814663887,,2288.3498437404633,476.78447914123535,,
5938,0.03291414678096771,,2288.730860710144,476.86185932159424,,
5939,0.07071337103843689,,2289.1117312908173,476.93926906585693,,
5940,0.03327500447630882,,2289.4930078983307,477.01667642593384,,
5941,0.028309673070907593,,2289.874085187912,477.0940582752228,,
5942,0.03259256109595299,,2290.255384206772,477.17147946357727,,
5943,0.023116929456591606,,2290.6369473934174,477.2488582134247,,
5944,0.019622361287474632,,2291.0180246829987,477.3262801170349,,
5945,0.02234872244298458,,2291.398747444153,477.40364623069763,,
5946,0.019360626116394997,,2291.780104160309,477.48106026649475,,
5947,0.019686155021190643,,2292.1610822677612,477.55850315093994,,
5948,0.023781640455126762,,2292.5418207645416,477.63587045669556,,
5949,0.03248533234000206,,2292.9235231876373,477.7131898403168,,
5950,0.021451415494084358,,2293.304218530655,477.7905533313751,,
5951,0.025808826088905334,,2293.6855928897858,477.86790895462036,,
5952,0.02354746125638485,,2294.067089319229,477.9452724456787,,
5953,0.03067905642092228,,2294.447347640991,478.02265977859497,,
5954,0.023656703531742096,,2294.8282494544983,478.10002541542053,,
5955,0.02699074149131775,,2295.209709882736,478.1773681640625,,
5956,0.03810816630721092,,2295.5909719467163,478.25473260879517,,
5957,0.043447162955999374,,2295.9718146324158,478.3320713043213,,
5958,0.03823331370949745,,2296.3529312610626,478.40942883491516,,
5959,0.02629665471613407,,2296.734124183655,478.4868197441101,,
5960,0.02436220645904541,,2297.115368127823,478.56416964530945,,
5961,0.021835871040821075,,2297.496951818466,478.64156103134155,,
5962,0.01982276514172554,,2297.8779966831207,478.7189404964447,,
5963,0.021102171391248703,,2298.2589614391327,478.79633617401123,,
5964,0.020140565931797028,,2298.6403408050537,478.87370705604553,,
5965,0.022407375276088715,,2299.021228313446,478.95112681388855,,
5966,0.021438419818878174,,2299.4019889831543,479.028525352478,,
5967,0.023309145122766495,,2299.78324508667,479.10588479042053,,
5968,0.02645687572658062,,2300.164344072342,479.1832776069641,,
5969,0.030576620250940323,,2300.5451278686523,479.2606554031372,,
5970,0.02068733237683773,,2300.926564693451,479.3380570411682,,
5971,0.019704673439264297,,2301.307381629944,479.4154124259949,,
5972,0.022286945953965187,,2301.688443660736,479.49274826049805,,
5973,0.02186407707631588,,2302.069807291031,479.57009410858154,,
5974,0.031530383974313736,,2302.4515545368195,479.6474597454071,,
5975,0.03928399831056595,,2302.832351922989,479.7248287200928,,
5976,0.030568253248929977,,2303.2137994766235,479.80228185653687,,
5977,0.04409851133823395,,2303.594306230545,479.87968349456787,,
5978,0.02441561408340931,,2303.9751291275024,479.9570631980896,,
5979,0.035109471529722214,,2304.35653424263,480.034441947937,,
5980,0.02229032665491104,,2304.7375004291534,480.1118412017822,,
5981,0.019997045397758484,,2305.118453502655,480.18922233581543,,
5982,0.025607716292142868,,2305.499936103821,480.2665808200836,,
5983,0.020137527957558632,,2305.880907535553,480.34400057792664,,
5984,0.02063976600766182,,2306.2618532180786,480.4213638305664,,
5985,0.02206685207784176,,2306.643252849579,480.4987082481384,,
5986,0.020459281280636787,,2307.024289369583,480.57607674598694,,
5987,0.02521335519850254,,2307.405086994171,480.6534550189972,,
5988,0.024391788989305496,,2307.786455154419,480.73084592819214,,
5989,0.02111881785094738,,2308.3951160907745,480.808233499527,,
5990,0.03139414265751839,,2308.7765533924103,480.8856432437897,,
5991,0.040657807141542435,,2309.157392501831,480.96298694610596,,
5992,0.03528471291065216,,2309.538345336914,481.040390253067,,
5993,0.01880371756851673,,2309.9200236797333,481.11780309677124,,
5994,0.02139817178249359,,2310.301125526428,481.19522619247437,,
5995,0.03404245525598526,,2310.6820616722107,481.2725901603699,,
5996,0.025972070172429085,,2311.063437461853,481.35006380081177,,
5997,0.030306177213788033,,2311.4443316459656,481.4274652004242,,
5998,0.05960285663604736,,2311.824900865555,481.504842042923,,
5999,0.025407252833247185,,2312.2063813209534,481.58221077919006,,
6000,0.025615144520998,0.014196489006280899,2312.5873713493347,483.0721116065979,0.030153442174196243,0.041041791439056396
6001,0.024257460609078407,,2312.9689531326294,483.14989376068115,,
6002,0.026490526273846626,,2313.349829673767,483.2272505760193,,
6003,0.026768239215016365,,2313.730745077133,483.304630279541,,
6004,0.028875725343823433,,2314.1123909950256,483.3819901943207,,
6005,0.026848169043660164,,2314.4933383464813,483.4593608379364,,
6006,0.023153407499194145,,2314.8736696243286,483.5367147922516,,
6007,0.01965947076678276,,2315.2551867961884,483.6140995025635,,
6008,0.021974369883537292,,2315.6360912323,483.6914436817169,,
6009,0.029006851837038994,,2316.016880750656,483.7688226699829,,
6010,0.022736506536602974,,2316.398316383362,483.846177816391,,
6011,0.032342225313186646,,2316.7795565128326,483.923552274704,,
6012,0.03825477138161659,,2317.1606035232544,484.00097155570984,,
6013,0.031833238899707794,,2317.542103290558,484.07833552360535,,
6014,0.022301027551293373,,2317.923209667206,484.1557159423828,,
6015,0.029853126034140587,,2318.3040652275085,484.23311376571655,,
6016,0.024493074044585228,,2318.685570716858,484.31049156188965,,
6017,0.028870277106761932,,2319.0666387081146,484.3878285884857,,
6018,0.037064120173454285,,2319.447676897049,484.46515560150146,,
6019,0.02410026825964451,,2319.8291552066803,484.5425262451172,,
6020,0.054928526282310486,,2320.2101259231567,484.6199080944061,,
6021,0.024184338748455048,,2320.5908603668213,484.6973340511322,,
6022,0.022408347576856613,,2320.9726400375366,484.77468729019165,,
6023,0.023019757121801376,,2321.3536767959595,484.8520624637604,,
6024,0.01934274099767208,,2321.7347190380096,484.92949318885803,,
6025,0.01941554620862007,,2322.1163187026978,485.0068554878235,,
6026,0.020649809390306473,,2322.4974019527435,485.0842225551605,,
6027,0.019184673205018044,,2322.8783206939697,485.1615791320801,,
6028,0.0185200534760952,,2323.2597935199738,485.2390043735504,,
6029,0.018701273947954178,,2323.6409335136414,485.3163993358612,,
6030,0.01880144514143467,,2324.0217893123627,485.39381074905396,,
6031,0.019397197291254997,,2324.403291940689,485.4712028503418,,
6032,0.01954576186835766,,2324.784385204315,485.5486478805542,,
6033,0.0195135697722435,,2325.165641307831,485.6260516643524,,
6034,0.03517875075340271,,2325.5470213890076,485.70346570014954,,
6035,0.023750193417072296,,2325.9280908107758,485.7808458805084,,
6036,0.02941792830824852,,2326.309204339981,485.85828614234924,,
6037,0.02014653943479061,,2326.6907913684845,485.93569016456604,,
6038,0.027198877185583115,,2327.071786403656,486.0130753517151,,
6039,0.03361933305859566,,2327.453136205673,486.09044432640076,,
6040,0.036977268755435944,,2327.834326028824,486.1678283214569,,
6041,0.02204357273876667,,2328.2152411937714,486.2452120780945,,
6042,0.027237454429268837,,2328.8242557048798,486.32264590263367,,
6043,0.03112664259970188,,2329.205841779709,486.40003752708435,,
6044,0.026651235297322273,,2329.586879968643,486.4774401187897,,
6045,0.022909117862582207,,2329.9679942131042,486.55524587631226,,
6046,0.023486869409680367,,2330.3489179611206,486.63266015052795,,
6047,0.03627663478255272,,2330.7297987937927,486.71012830734253,,
6048,0.041521474719047546,,2331.1107048988342,486.78751134872437,,
6049,0.031890757381916046,,2331.4920632839203,486.86491203308105,,
6050,0.027617715299129486,,2331.8729536533356,486.94231247901917,,
6051,0.02420194447040558,,2332.253835439682,487.01968145370483,,
6052,0.029703810811042786,,2332.6351206302643,487.09702730178833,,
6053,0.020512187853455544,,2333.0162003040314,487.17443776130676,,
6054,0.029047155752778053,,2333.3970217704773,487.25181674957275,,
6055,0.0340144969522953,,2333.7782497406006,487.32920241355896,,
6056,0.04335404559969902,,2334.1595480442047,487.40660548210144,,
6057,0.028582068160176277,,2334.540482521057,487.4840040206909,,
6058,0.028735587373375893,,2334.922119140625,487.5615019798279,,
6059,0.021802209317684174,,2335.303206682205,487.63892245292664,,
6060,0.020523132756352425,,2335.6846611499786,487.71629643440247,,
6061,0.027878496795892715,,2336.0659499168396,487.7936215400696,,
6062,0.04761778935790062,,2336.4467306137085,487.8710331916809,,
6063,0.0221761055290699,,2336.826835155487,487.94843101501465,,
6064,0.02240164577960968,,2337.208241224289,488.02580761909485,,
6065,0.020392077043652534,,2337.589191675186,488.1031758785248,,
6066,0.02200872078537941,,2337.9700276851654,488.1805818080902,,
6067,0.02495156042277813,,2338.3513691425323,488.25796389579773,,
6068,0.04043189063668251,,2338.732222557068,488.33532977104187,,
6069,0.04190477356314659,,2339.112756729126,488.4127354621887,,
6070,0.027845680713653564,,2339.494153022766,488.490074634552,,
6071,0.02326587587594986,,2339.874871969223,488.5674648284912,,
6072,0.01877870038151741,,2340.2558999061584,488.6448471546173,,
6073,0.019342849031090736,,2340.6374378204346,488.722225189209,,
6074,0.0192958302795887,,2341.0182127952576,488.7995731830597,,
6075,0.022011524066329002,,2341.3991572856903,488.87695813179016,,
6076,0.0263103935867548,,2341.7809035778046,488.9543881416321,,
6077,0.0269421748816967,,2342.162206888199,489.0318169593811,,
6078,0.029343508183956146,,2342.543123960495,489.10915660858154,,
6079,0.019072312861680984,,2342.9242997169495,489.1865713596344,,
6080,0.02826729416847229,,2343.3048877716064,489.26392793655396,,
6081,0.022983500733971596,,2343.6854515075684,489.34130597114563,,
6082,0.023465923964977264,,2344.066734313965,489.4186866283417,,
6083,0.02389300987124443,,2344.447608232498,489.4960501194,,
6084,0.023336445912718773,,2344.828099012375,489.5734009742737,,
6085,0.021009940654039383,,2345.2091829776764,489.650728225708,,
6086,0.02568056620657444,,2345.589883327484,489.7285077571869,,
6087,0.02148495428264141,,2345.9701685905457,489.80584692955017,,
6088,0.024708159267902374,,2346.3507590293884,489.8831615447998,,
6089,0.018243616446852684,,2346.7313108444214,489.9604878425598,,
6090,0.019779233261942863,,2347.111737012863,490.03784346580505,,
6091,0.017854100093245506,,2347.4932193756104,490.1151852607727,,
6092,0.030664436519145966,,2347.87370967865,490.19249510765076,,
6093,0.026375148445367813,,2348.2545063495636,490.27008724212646,,
6094,0.043720267713069916,,2348.6358482837677,490.3474063873291,,
6095,0.042820144444704056,,2349.2444281578064,490.4247467517853,,
6096,0.03617117181420326,,2349.6251878738403,490.50206756591797,,
6097,0.02337278611958027,,2350.0055401325226,490.57939529418945,,
6098,0.02323538437485695,,2350.3863866329193,490.6567018032074,,
6099,0.018061909824609756,,2350.7672894001007,490.73406457901,,
6100,0.018065636977553368,,2351.147980928421,490.8114011287689,,
6101,0.019889548420906067,,2351.528387784958,490.88876008987427,,
6102,0.021221021190285683,,2351.9091289043427,490.9661474227905,,
6103,0.027992011979222298,,2352.289397239685,491.0434865951538,,
6104,0.03131875395774841,,2352.669685125351,491.1208598613739,,
6105,0.020035328343510628,,2353.0508213043213,491.19819808006287,,
6106,0.023720987141132355,,2353.431032896042,491.27557373046875,,
6107,0.026985254138708115,,2353.811497449875,491.3529326915741,,
6108,0.02137009985744953,,2354.192313194275,491.43029856681824,,
6109,0.01977492868900299,,2354.5727348327637,491.50765109062195,,
6110,0.03013972006738186,,2354.953113079071,491.58502769470215,,
6111,0.01804165169596672,,2355.334145784378,491.6623888015747,,
6112,0.024369360879063606,,2355.7147171497345,491.739718914032,,
6113,0.022616401314735413,,2356.095170736313,491.8170862197876,,
6114,0.031875964254140854,,2356.4760825634003,491.8944435119629,,
6115,0.022602083161473274,,2356.8566102981567,491.9717938899994,,
6116,0.04491797834634781,,2357.2370784282684,492.0491247177124,,
6117,0.030211975798010826,,2357.6179978847504,492.12651562690735,,
6118,0.02286321111023426,,2357.998370885849,492.20430421829224,,
6119,0.04347523674368858,,2358.3791241645813,492.2816529273987,,
6120,0.03011556901037693,,2358.7602021694183,492.35899114608765,,
6121,0.022470099851489067,,2359.1408824920654,492.43634486198425,,
6122,0.023428672924637794,,2359.5213549137115,492.51371669769287,,
6123,0.024681786075234413,,2359.902509689331,492.5910360813141,,
6124,0.019807228818535805,,2360.282944202423,492.66837096214294,,
6125,0.018987851217389107,,2360.663377046585,492.74569940567017,,
6126,0.025428855791687965,,2361.044396877289,492.8230469226837,,
6127,0.01757206581532955,,2361.424852848053,492.90037989616394,,
6128,0.018716825172305107,,2361.8051488399506,492.9777591228485,,
6129,0.02461012825369835,,2362.1860151290894,493.05509877204895,,
6130,0.032604899257421494,,2362.5665967464447,493.1324534416199,,
6131,0.027159975841641426,,2362.947103738785,493.20980501174927,,
6132,0.027018031105399132,,2363.3279259204865,493.287157535553,,
6133,0.02561614103615284,,2363.708402633667,493.3644824028015,,
6134,0.02251419797539711,,2364.08890914917,493.44187808036804,,
6135,0.019601058214902878,,2364.469808101654,493.5192277431488,,
6136,0.022472212091088295,,2364.8501439094543,493.59661388397217,,
6137,0.024593327194452286,,2365.2305715084076,493.6739523410797,,
6138,0.017920993268489838,,2365.6113092899323,493.7512664794922,,
6139,0.025785379111766815,,2365.9920270442963,493.8285913467407,,
6140,0.03492901101708412,,2366.3729436397552,493.90594244003296,,
6141,0.03928254544734955,,2366.753844499588,493.98325395584106,,
6142,0.028161553665995598,,2367.1345007419586,494.06061601638794,,
6143,0.027427280321717262,,2367.515132665634,494.13795948028564,,
6144,0.02354121021926403,,2367.8961069583893,494.2152678966522,,
6145,0.019656114280223846,,2368.2874007225037,494.29258584976196,,
6146,0.01855436898767948,,2368.6680250167847,494.36990213394165,,
6147,0.02062792330980301,,2369.049024105072,494.44723415374756,,
6148,0.01950325258076191,,2369.6568982601166,494.52455973625183,,
6149,0.022016922011971474,,2370.037819623947,494.60190057754517,,
6150,0.02301805466413498,,2370.4184165000916,494.6792571544647,,
6151,0.025115644559264183,,2370.798913002014,494.7566223144531,,
6152,0.019719820469617844,,2371.179898738861,494.8339891433716,,
6153,0.02694248966872692,,2371.560362100601,494.9113440513611,,
6154,0.021260367706418037,,2371.9408276081085,494.9886713027954,,
6155,0.0336778499186039,,2372.3215787410736,495.06601667404175,,
6156,0.019870825111865997,,2372.7019810676575,495.14337849617004,,
6157,0.028287755325436592,,2373.0823180675507,495.2207396030426,,
6158,0.03881232067942619,,2373.463520526886,495.29809188842773,,
6159,0.026286646723747253,,2373.84463763237,495.375417470932,,
6160,0.018763862550258636,,2374.225038766861,495.4527449607849,,
6161,0.02014920487999916,,2374.6064581871033,495.5300943851471,,
6162,0.021352548152208328,,2374.987291097641,495.60743474960327,,
6163,0.0188604649156332,,2375.368266582489,495.6847734451294,,
6164,0.027207262814044952,,2375.7490475177765,495.7620985507965,,
6165,0.02011052705347538,,2376.1295585632324,495.83945322036743,,
6166,0.019063688814640045,,2376.5100536346436,495.91680932044983,,
6167,0.030100800096988678,,2376.8911366462708,495.9941608905792,,
6168,0.04110170528292656,,2377.2715167999268,496.0715265274048,,
6169,0.048021409660577774,,2377.652184486389,496.14885687828064,,
6170,0.047832734882831573,,2378.0329241752625,496.226167678833,,
6171,0.04581291228532791,,2378.4135105609894,496.30349588394165,,
6172,0.04270068183541298,,2378.7939999103546,496.380854845047,,
6173,0.025538673624396324,,2379.1750795841217,496.4581792354584,,
6174,0.02219560742378235,,2379.555433034897,496.53551411628723,,
6175,0.0185623187571764,,2379.9355614185333,496.61283564567566,,
6176,0.021177908405661583,,2380.316864490509,496.6901869773865,,
6177,0.02495384030044079,,2380.697389125824,496.7674889564514,,
6178,0.030315153300762177,,2381.0779826641083,496.84485054016113,,
6179,0.026322275400161743,,2381.4589054584503,496.92220163345337,,
6180,0.020103583112359047,,2381.839621782303,496.9995322227478,,
6181,0.024553047493100166,,2382.2203397750854,497.076890707016,,
6182,0.02226879820227623,,2382.6017892360687,497.1542344093323,,
6183,0.02673194371163845,,2382.9823014736176,497.2315454483032,,
6184,0.01984131708741188,,2383.3630352020264,497.3088901042938,,
6185,0.019121823832392693,,2383.744322538376,497.386253118515,,
6186,0.027836576104164124,,2384.124894142151,497.4635879993439,,
6187,0.03039724938571453,,2384.505210876465,497.5409140586853,,
6188,0.04413792863488197,,2384.8863141536713,497.61826181411743,,
6189,0.023150961846113205,,2385.2667853832245,497.69563031196594,,
6190,0.02413777820765972,,2385.6471223831177,497.7729666233063,,
6191,0.02182075008749962,,2386.0279755592346,497.85032868385315,,
6192,0.02457280457019806,,2386.408360481262,497.92766404151917,,
6193,0.017840979620814323,,2386.7887115478516,498.00502490997314,,
6194,0.01862393692135811,,2387.1698298454285,498.08237171173096,,
6195,0.02099498361349106,,2387.550293445587,498.1597113609314,,
6196,0.028799738734960556,,2387.9306786060333,498.2370581626892,,
6197,0.026952801272273064,,2388.3122487068176,498.3144247531891,,
6198,0.026615500450134277,,2388.6930961608887,498.39178586006165,,
6199,0.018431155011057854,,2389.0735614299774,498.46915340423584,,
6200,0.02228657342493534,,2389.4545245170593,498.54650235176086,,
6201,0.02775532938539982,,2390.062573194504,498.62385988235474,,
6202,0.02833116427063942,,2390.443754673004,498.70119976997375,,
6203,0.017586195841431618,,2390.8243844509125,498.77855134010315,,
6204,0.01826615259051323,,2391.2047164440155,498.8559036254883,,
6205,0.018521856516599655,,2391.5856709480286,498.9332318305969,,
6206,0.01773073710501194,,2391.966117620468,499.010586977005,,
6207,0.02652050368487835,,2392.3464312553406,499.08792757987976,,
6208,0.01931038685142994,,2392.7273066043854,499.16524839401245,,
6209,0.025938743725419044,,2393.1079771518707,499.2425949573517,,
6210,0.02160571701824665,,2393.488355398178,499.31995582580566,,
6211,0.02363169938325882,,2393.8693969249725,499.3973066806793,,
6212,0.022825146093964577,,2394.249808549881,499.47465205192566,,
6213,0.019671861082315445,,2394.6303482055664,499.55212020874023,,
6214,0.04868733510375023,,2395.0113937854767,499.62946796417236,,
6215,0.03292863443493843,,2395.391949415207,499.7068281173706,,
6216,0.02109239064157009,,2395.7723474502563,499.7841742038727,,
6217,0.019705528393387794,,2396.153289794922,499.86152839660645,,
6218,0.02587996982038021,,2396.533667087555,499.93884348869324,,
6219,0.021637698635458946,,2396.91401553154,500.01618361473083,,
6220,0.021632151678204536,,2397.2951271533966,500.09355115890503,,
6221,0.02414856106042862,,2397.675785303116,500.17091274261475,,
6222,0.03919195756316185,,2398.056370973587,500.24827098846436,,
6223,0.026332631707191467,,2398.437416791916,500.3256325721741,,
6224,0.01927138678729534,,2398.8180050849915,500.4029908180237,,
6225,0.019885016605257988,,2399.198445081711,500.48036098480225,,
6226,0.02507040835916996,,2399.579612016678,500.5576801300049,,
6227,0.03252540901303291,,2399.9598739147186,500.634996175766,,
6228,0.031114716082811356,,2400.3406217098236,500.71278071403503,,
6229,0.02349725365638733,,2400.7213191986084,500.79010820388794,,
6230,0.017742782831192017,,2401.101595401764,500.86746859550476,,
6231,0.018114980310201645,,2401.4829008579254,500.94484210014343,,
6232,0.022771578282117844,,2401.8643753528595,501.0222008228302,,
6233,0.021405426785349846,,2402.2449386119843,501.0995788574219,,
6234,0.02870381996035576,,2402.625210046768,501.17692494392395,,
6235,0.038453344255685806,,2403.0062260627747,501.254271030426,,
6236,0.03053547814488411,,2403.3864810466766,501.33162689208984,,
6237,0.03937181830406189,,2403.7672839164734,501.40898275375366,,
6238,0.02007148414850235,,2404.1482644081116,501.48637199401855,,
6239,0.027305850759148598,,2404.529172182083,501.56373858451843,,
6240,0.018749753013253212,,2404.909549474716,501.64107370376587,,
6241,0.02896236814558506,,2405.2904925346375,501.71840047836304,,
6242,0.020512519404292107,,2405.67068195343,501.795804977417,,
6243,0.020463889464735985,,2406.0513548851013,501.873122215271,,
6244,0.017801005393266678,,2406.4324719905853,501.95049262046814,,
6245,0.018752165138721466,,2406.8132195472717,502.0278995037079,,
6246,0.028073633089661598,,2407.193752527237,502.1052553653717,,
6247,0.021424055099487305,,2407.5748615264893,502.1826181411743,,
6248,0.03782987222075462,,2407.9554646015167,502.259996175766,,
6249,0.037064868956804276,,2408.336117744446,502.33739709854126,,
6250,0.029139410704374313,,2408.717371940613,502.4147355556488,,
6251,0.01982400007545948,,2409.0977149009705,502.49203753471375,,
6252,0.018986189737915993,,2409.478410243988,502.56939148902893,,
6253,0.031892649829387665,,2409.859721183777,502.6467306613922,,
6254,0.026421692222356796,,2410.4681820869446,502.72407484054565,,
6255,0.022015532478690147,,2410.8491570949554,502.8014352321625,,
6256,0.02314157225191593,,2411.2296986579895,502.87876772880554,,
6257,0.02169959247112274,,2411.6101133823395,502.9561150074005,,
6258,0.021030887961387634,,2411.9912424087524,503.03346705436707,,
6259,0.01960577815771103,,2412.371691942215,503.11081409454346,,
6260,0.021132051944732666,,2412.7523097991943,503.1881721019745,,
6261,0.018429076299071312,,2413.1332380771637,503.26553177833557,,
6262,0.021705223247408867,,2413.513882637024,503.342919588089,,
6263,0.020113488659262657,,2413.894241809845,503.4202482700348,,
6264,0.026541616767644882,,2414.2753059864044,503.4975700378418,,
6265,0.03446332365274429,,2414.65549325943,503.57494044303894,,
6266,0.029635433107614517,,2415.0364651679993,503.652241230011,,
6267,0.02906276099383831,,2415.417220592499,503.72958302497864,,
6268,0.040964145213365555,,2415.7976534366608,503.8068928718567,,
6269,0.039823826402425766,,2416.178188562393,503.8841881752014,,
6270,0.020673979073762894,,2416.5591111183167,503.961553812027,,
6271,0.02292533963918686,,2416.939528465271,504.0388946533203,,
6272,0.01987847127020359,,2417.3201274871826,504.11622738838196,,
6273,0.02009832113981247,,2417.7012870311737,504.19358563423157,,
6274,0.02144439145922661,,2418.0817844867706,504.27090406417847,,
6275,0.019400829449295998,,2418.4622604846954,504.34828305244446,,
6276,0.023699836805462837,,2418.8433299064636,504.4256377220154,,
6277,0.03247877582907677,,2419.223613500595,504.50300097465515,,
6278,0.03009095974266529,,2419.604126214981,504.5803225040436,,
6279,0.024701962247490883,,2419.9849905967712,504.6576917171478,,
6280,0.032649651169776917,,2420.3654630184174,504.7350084781647,,
6281,0.024749238044023514,,2420.746120929718,504.81233739852905,,
6282,0.022828927263617516,,2421.1271846294403,504.8897180557251,,
6283,0.022293440997600555,,2421.5074067115784,504.96707224845886,,
6284,0.02036358043551445,,2421.8878009319305,505.044394493103,,
6285,0.030129138380289078,,2422.268723964691,505.1217255592346,,
6286,0.02600395679473877,,2422.6492915153503,505.1990807056427,,
6287,0.018048541620373726,,2423.0300929546356,505.27642035484314,,
6288,0.019517911598086357,,2423.4113585948944,505.3537666797638,,
6289,0.02388928085565567,,2423.7919471263885,505.43111634254456,,
6290,0.04159152880311012,,2424.1722540855408,505.50844621658325,,
6291,0.029599202796816826,,2424.5531661510468,505.585809469223,,
6292,0.021614214405417442,,2424.9338784217834,505.6631157398224,,
6293,0.029080241918563843,,2425.314282178879,505.740464925766,,
6294,0.04146159440279007,,2425.694986820221,505.81782722473145,,
6295,0.026911964640021324,,2426.0755038261414,505.89516830444336,,
6296,0.030137058347463608,,2426.4558923244476,505.97252082824707,,
6297,0.034271132200956345,,2426.8369419574738,506.0498695373535,,
6298,0.024420812726020813,,2427.2173347473145,506.1271770000458,,
6299,0.026012379676103592,,2427.597759246826,506.2045645713806,,
6300,0.0378543958067894,,2427.9785594940186,506.2819240093231,,
6301,0.02416328154504299,,2428.359543800354,506.35930585861206,,
6302,0.03689059615135193,,2428.7399752140045,506.4366798400879,,
6303,0.03064972721040249,,2429.1207945346832,506.51407265663147,,
6304,0.018583109602332115,,2429.501325368881,506.59143352508545,,
6305,0.02536761946976185,,2429.881709575653,506.66878390312195,,
6306,0.026295894756913185,,2430.262586593628,506.746134519577,,
6307,0.02449386566877365,,2430.870724439621,506.8234963417053,,
6308,0.022126520052552223,,2431.251883983612,506.9012405872345,,
6309,0.023256219923496246,,2431.6321642398834,506.9786114692688,,
6310,0.02037517912685871,,2432.0128593444824,507.05597949028015,,
6311,0.019897611811757088,,2432.393760919571,507.1333203315735,,
6312,0.023111306130886078,,2432.7739062309265,507.21069836616516,,
6313,0.023026155307888985,,2433.154397010803,507.288024187088,,
6314,0.031198715791106224,,2433.5354170799255,507.3653600215912,,
6315,0.021236605942249298,,2433.91593003273,507.44313955307007,,
6316,0.022358959540724754,,2434.295802116394,507.5204837322235,,
6317,0.017861807718873024,,2434.677263021469,507.59786009788513,,
6318,0.020830396562814713,,2435.058192014694,507.67521476745605,,
6319,0.021969029679894447,,2435.438588142395,507.75267720222473,,
6320,0.01999504677951336,,2435.8195197582245,507.8300428390503,,
6321,0.03434733673930168,,2436.2001621723175,507.90736293792725,,
6322,0.020747331902384758,,2436.5807864665985,507.98474192619324,,
6323,0.02011055126786232,,2436.9622020721436,508.0620958805084,,
6324,0.02125055342912674,,2437.342916250229,508.1394727230072,,
6325,0.02161487005650997,,2437.7232625484467,508.21680450439453,,
6326,0.026514310389757156,,2438.1044330596924,508.29414892196655,,
6327,0.029041333124041557,,2438.48503613472,508.37152123451233,,
6328,0.02136610820889473,,2438.8658397197723,508.44886350631714,,
6329,0.027430523186922073,,2439.247310400009,508.5261993408203,,
6330,0.03147872909903526,,2439.6277532577515,508.6035358905792,,
6331,0.028529880568385124,,2440.008399963379,508.6813042163849,,
6332,0.03787343204021454,,2440.3893098831177,508.7586352825165,,
6333,0.027837060391902924,,2440.769809484482,508.83598351478577,,
6334,0.04004265367984772,,2441.150475502014,508.91336846351624,,
6335,0.02292928285896778,,2441.531762599945,508.99070835113525,,
6336,0.02051370218396187,,2441.912381887436,509.06805300712585,,
6337,0.027825241908431053,,2442.292695760727,509.1454088687897,,
6338,0.02501044049859047,,2442.6734433174133,509.22317385673523,,
6339,0.02522335760295391,,2443.053514957428,509.30051374435425,,
6340,0.02079887129366398,,2443.4341027736664,509.37784481048584,,
6341,0.019377481192350388,,2443.8150062561035,509.45520544052124,,
6342,0.021356549113988876,,2444.1951682567596,509.53262090682983,,
6343,0.01980920135974884,,2444.575736761093,509.60995078086853,,
6344,0.02139134146273136,,2444.9567925930023,509.6872777938843,,
6345,0.020210405811667442,,2445.3374519348145,509.76463055610657,,
6346,0.017474394291639328,,2445.718161344528,509.84198117256165,,
6347,0.01979801058769226,,2446.099101781845,509.91932821273804,,
6348,0.02640891633927822,,2446.479602098465,509.99666714668274,,
6349,0.017691465094685555,,2446.8602225780487,510.073992729187,,
6350,0.020041493698954582,,2447.241373062134,510.15130639076233,,
6351,0.01861562766134739,,2447.622018098831,510.22864603996277,,
6352,0.023494264110922813,,2448.003114461899,510.30600452423096,,
6353,0.029383039101958275,,2448.3848266601562,510.38332438468933,,
6354,0.03170367702841759,,2448.7655277252197,510.46066761016846,,
6355,0.0252832043915987,,2449.1459741592407,510.5379819869995,,
6356,0.023082274943590164,,2449.526795864105,510.61532497406006,,
6357,0.0199224092066288,,2449.909415960312,510.6926283836365,,
6358,0.018574677407741547,,2450.289808034897,510.7699875831604,,
6359,0.025940340012311935,,2450.670593738556,510.8473346233368,,
6360,0.027830954641103745,,2451.2787806987762,510.92469239234924,,
6361,0.017280517145991325,,2451.659518480301,511.0024788379669,,
6362,0.01740267686545849,,2452.039529323578,511.07983326911926,,
6363,0.017519399523735046,,2452.4201154708862,511.15717124938965,,
6364,0.022212572395801544,,2452.8012347221375,511.2344710826874,,
6365,0.021167738363146782,,2453.181762456894,511.3118107318878,,
6366,0.02347204089164734,,2453.56232213974,511.38914680480957,,
6367,0.025313757359981537,,2453.9432187080383,511.4664731025696,,
6368,0.030948668718338013,,2454.3238134384155,511.5440180301666,,
6369,0.02734568901360035,,2454.704547405243,511.6213586330414,,
6370,0.023516014218330383,,2455.0863797664642,511.6987166404724,,
6371,0.033008161932229996,,2455.4671103954315,511.7760479450226,,
6372,0.043898217380046844,,2455.847658395767,511.85338377952576,,
6373,0.03729648515582085,,2456.228515625,511.93073534965515,,
6374,0.03966718912124634,,2456.608960866928,512.0080587863922,,
6375,0.02115163952112198,,2456.989363193512,512.0854139328003,,
6376,0.022473514080047607,,2457.370243549347,512.1627223491669,,
6377,0.026077888906002045,,2457.7507395744324,512.2400600910187,,
6378,0.018514582887291908,,2458.131264925003,512.3174109458923,,
6379,0.018536299467086792,,2458.5122752189636,512.3947803974152,,
6380,0.021364014595746994,,2458.8927466869354,512.4721517562866,,
6381,0.021280404180288315,,2459.273186445236,512.549515247345,,
6382,0.02129419520497322,,2459.653867959976,512.6268553733826,,
6383,0.02170541323721409,,2460.034403562546,512.7042407989502,,
6384,0.02166769839823246,,2460.414862394333,512.7815628051758,,
6385,0.020112428814172745,,2460.796159505844,512.8589131832123,,
6386,0.019607653841376305,,2461.1771030426025,512.9362432956696,,
6387,0.021670561283826828,,2461.557963371277,513.0135753154755,,
6388,0.025534074753522873,,2461.9389753341675,513.0908946990967,,
6389,0.022198226302862167,,2462.319214820862,513.1682307720184,,
6390,0.02146865613758564,,2462.699688911438,513.2455623149872,,
6391,0.023272760212421417,,2463.080518245697,513.3228867053986,,
6392,0.0260610468685627,,2463.4614310264587,513.4002153873444,,
6393,0.018994340673089027,,2463.841865539551,513.4775347709656,,
6394,0.029460951685905457,,2464.2230269908905,513.55486536026,,
6395,0.046816352754831314,,2464.603697538376,513.6321902275085,,
6396,0.035585153847932816,,2464.9841606616974,513.7095096111298,,
6397,0.04472875967621803,,2465.3652720451355,513.7868292331696,,
6398,0.03665653616189957,,2465.7458271980286,513.8641407489777,,
6399,0.029487986117601395,,2466.12629365921,513.9414689540863,,
6400,0.020068062469363213,,2466.507481098175,514.0187711715698,,
6401,0.019503692165017128,,2466.888155937195,514.0960855484009,,
6402,0.03408696874976158,,2467.2685635089874,514.1734397411346,,
6403,0.020501554012298584,,2467.649581193924,514.2507925033569,,
6404,0.024884233251214027,,2468.030106782913,514.3281157016754,,
6405,0.019873835146427155,,2468.4105319976807,514.4054305553436,,
6406,0.01938614435493946,,2468.7915029525757,514.4827468395233,,
6407,0.028518743813037872,,2469.171646595001,514.5600771903992,,
6408,0.020387014374136925,,2469.5520005226135,514.6374063491821,,
6409,0.02076066844165325,,2469.932929754257,514.7147047519684,,
6410,0.019679220393300056,,2470.3133449554443,514.7920114994049,,
6411,0.021932773292064667,,2470.693656682968,514.8693461418152,,
6412,0.028322119265794754,,2471.0742206573486,514.9466636180878,,
6413,0.025588341057300568,,2471.682827949524,515.0239825248718,,
6414,0.03119816817343235,,2472.063631772995,515.1013419628143,,
6415,0.03278453275561333,,2472.4441862106323,515.1786811351776,,
6416,0.047020986676216125,,2472.824214220047,515.2560095787048,,
6417,0.022922581061720848,,2473.205005168915,515.3332953453064,,
6418,0.026677172631025314,,2473.5854785442352,515.4106068611145,,
6419,0.020112890750169754,,2473.9659008979797,515.4879162311554,,
6420,0.02125120721757412,,2474.346767425537,515.5652635097504,,
6421,0.020201174542307854,,2474.727041721344,515.6425895690918,,
6422,0.019507285207509995,,2475.1073150634766,515.719918012619,,
6423,0.03614242002367973,,2475.4881887435913,515.7972404956818,,
6424,0.02160637266933918,,2475.86833691597,515.874573469162,,
6425,0.02088179998099804,,2476.2485098838806,515.9519078731537,,
6426,0.03546085208654404,,2476.62931227684,516.0292513370514,,
6427,0.0265237744897604,,2477.0098106861115,516.1065576076508,,
6428,0.027971824631094933,,2477.390129327774,516.1838383674622,,
6429,0.025820519775152206,,2477.7710857391357,516.261164188385,,
6430,0.02333139255642891,,2478.151440858841,516.3385169506073,,
6431,0.034110430628061295,,2478.5320723056793,516.4158313274384,,
6432,0.025091202929615974,,2478.9132702350616,516.4931509494781,,
6433,0.019251929596066475,,2479.293665409088,516.5704524517059,,
6434,0.020301632583141327,,2479.674427986145,516.6477644443512,,
6435,0.027477722615003586,,2480.055118560791,516.7250807285309,,
6436,0.02902289107441902,,2480.4355845451355,516.8024039268494,,
6437,0.03820192068815231,,2480.815845012665,516.8798336982727,,
6438,0.03648849576711655,,2481.1970386505127,516.9571290016174,,
6439,0.05966389924287796,,2481.57785987854,517.0344517230988,,
6440,0.04361199215054512,,2481.9581730365753,517.1117703914642,,
6441,0.020881688222289085,,2482.339164018631,517.189074754715,,
6442,0.020214051008224487,,2482.719545841217,517.2664473056793,,
6443,0.01854039914906025,,2483.0998804569244,517.3437678813934,,
6444,0.0175249595195055,,2483.48091173172,517.4211041927338,,
6445,0.021674063056707382,,2483.8612723350525,517.4984300136566,,
6446,0.030471468344330788,,2484.2415590286255,517.5757691860199,,
6447,0.03571851924061775,,2484.622501850128,517.6531038284302,,
6448,0.021161774173378944,,2485.002935409546,517.730464220047,,
6449,0.021920759230852127,,2485.3832268714905,517.8077766895294,,
6450,0.027616184204816818,,2485.764139890671,517.885125875473,,
6451,0.01956203393638134,,2486.144642829895,517.9624574184418,,
6452,0.02638932503759861,,2486.5252351760864,518.0397877693176,,
6453,0.025539785623550415,,2486.9061834812164,518.1171205043793,,
6454,0.02732153795659542,,2487.2862656116486,518.1944389343262,,
6455,0.01777372881770134,,2487.6675024032593,518.2717957496643,,
6456,0.018193135038018227,,2488.0485866069794,518.3490889072418,,
6457,0.02068454772233963,,2488.42920422554,518.4264051914215,,
6458,0.022651460021734238,,2488.8097739219666,518.5037333965302,,
6459,0.023880496621131897,,2489.1906378269196,518.5810489654541,,
6460,0.02105545811355114,,2489.571211576462,518.6583619117737,,
6461,0.03113705664873123,,2489.951618909836,518.7357337474823,,
6462,0.04020611569285393,,2490.3326983451843,518.8130540847778,,
6463,0.022933734580874443,,2490.712704181671,518.8903567790985,,
6464,0.04168521240353584,,2491.0930342674255,518.9676582813263,,
6465,0.026848552748560905,,2491.4738817214966,519.0449702739716,,
6466,0.018547847867012024,,2492.081825733185,519.122307062149,,
6467,0.025552334263920784,,2492.4626157283783,519.1996004581451,,
6468,0.03285280242562294,,2492.8429136276245,519.2769379615784,,
6469,0.024408472701907158,,2493.2237741947174,519.3542411327362,,
6470,0.020342743024230003,,2493.6048283576965,519.4315557479858,,
6471,0.021550457924604416,,2493.9853851795197,519.5089061260223,,
6472,0.019707510247826576,,2494.3668003082275,519.5862641334534,,
6473,0.023017140105366707,,2494.7485065460205,519.6636209487915,,
6474,0.025275487452745438,,2495.1288430690765,519.7409510612488,,
6475,0.03503751382231712,,2495.509204864502,519.8182983398438,,
6476,0.028226541355252266,,2495.8906486034393,519.8956480026245,,
6477,0.01761329546570778,,2496.2710058689117,519.9729971885681,,
6478,0.04226746782660484,,2496.6512756347656,520.0503349304199,,
6479,0.033486295491456985,,2497.0322346687317,520.1276614665985,,
6480,0.043153345584869385,,2497.412737607956,520.2049841880798,,
6481,0.033112961798906326,,2497.7932274341583,520.2823283672333,,
6482,0.02629186399281025,,2498.1742193698883,520.3596737384796,,
6483,0.03776746988296509,,2498.554759502411,520.4370338916779,,
6484,0.028936035931110382,,2498.9352226257324,520.514368057251,,
6485,0.018353013321757317,,2499.3196132183075,520.5917158126831,,
6486,0.028482036665081978,,2499.700044155121,520.6690945625305,,
6487,0.020906828343868256,,2500.080373287201,520.7464380264282,,
6488,0.028672587126493454,,2500.461770296097,520.8238031864166,,
6489,0.0231055598706007,,2500.8423335552216,520.9011602401733,,
6490,0.0183897465467453,,2501.223083257675,520.9784951210022,,
6491,0.019600022584199905,,2501.6039867401123,521.0558326244354,,
6492,0.019469033926725388,,2501.984263896942,521.1331965923309,,
6493,0.01722049154341221,,2502.3642740249634,521.210577249527,,
6494,0.018885720521211624,,2502.745150566101,521.2879064083099,,
6495,0.01677394099533558,,2503.1257004737854,521.3652851581573,,
6496,0.03849366307258606,,2503.5062716007233,521.442620754242,,
6497,0.03012392669916153,,2503.8873450756073,521.5199856758118,,
6498,0.02312648482620716,,2504.267725467682,521.5973324775696,,
6499,0.025488441810011864,,2504.648201942444,521.6746761798859,,
6500,0.027819955721497536,0.014976275153458118,2505.029024362564,523.1628563404083,0.024301275610923767,0.04228503257036209
6501,0.03242025524377823,,2505.4101486206055,523.2402036190033,,
6502,0.03466014564037323,,2505.790370464325,523.3175234794617,,
6503,0.02979949302971363,,2506.171449661255,523.3949000835419,,
6504,0.020882265642285347,,2506.55281829834,523.4722399711609,,
6505,0.020339027047157288,,2506.9333369731903,523.5495927333832,,
6506,0.031395185738801956,,2507.313416004181,523.6269378662109,,
6507,0.030755985528230667,,2507.6941525936127,523.7042524814606,,
6508,0.03869550675153732,,2508.0746927261353,523.7816081047058,,
6509,0.01734129898250103,,2508.455146551132,523.8589627742767,,
6510,0.019406596198678017,,2508.8364264965057,523.9362666606903,,
6511,0.027919214218854904,,2509.2170219421387,524.0136139392853,,
6512,0.018722770735621452,,2509.597529888153,524.090959072113,,
6513,0.02687646448612213,,2509.9784486293793,524.1683492660522,,
6514,0.02737124264240265,,2510.3592109680176,524.2457201480865,,
6515,0.030887115746736526,,2510.7397882938385,524.3230786323547,,
6516,0.03026227466762066,,2511.121134519577,524.4004068374634,,
6517,0.03389309346675873,,2511.5016539096832,524.4777500629425,,
6518,0.020775798708200455,,2511.8824377059937,524.5551090240479,,
6519,0.0202547125518322,,2512.4910287857056,524.632481098175,,
6520,0.0245803315192461,,2512.8718144893646,524.7098188400269,,
6521,0.027122104540467262,,2513.253448009491,524.7871537208557,,
6522,0.023341186344623566,,2513.6339452266693,524.8645031452179,,
6523,0.023524168878793716,,2514.014197587967,524.9418201446533,,
6524,0.020766448229551315,,2514.395174741745,525.0191595554352,,
6525,0.025817610323429108,,2514.7759330272675,525.0964922904968,,
6526,0.028395988047122955,,2515.155732154846,525.1738405227661,,
6527,0.02141394652426243,,2515.5368456840515,525.2512049674988,,
6528,0.021165067330002785,,2515.917108297348,525.3285269737244,,
6529,0.022518102079629898,,2516.297534227371,525.4058418273926,,
6530,0.06243923678994179,,2516.6784739494324,525.4831774234772,,
6531,0.023587288334965706,,2517.0587508678436,525.5605132579803,,
6532,0.018714193254709244,,2517.43918967247,525.6378428936005,,
6533,0.02602754533290863,,2517.820221185684,525.715190410614,,
6534,0.034852929413318634,,2518.2006418704987,525.7925424575806,,
6535,0.02887997031211853,,2518.581161260605,525.8699054718018,,
6536,0.029105573892593384,,2518.9618532657623,525.9472255706787,,
6537,0.027709951624274254,,2519.34273314476,526.024594783783,,
6538,0.029896225780248642,,2519.723138332367,526.1019446849823,,
6539,0.025291962549090385,,2520.104885339737,526.1792840957642,,
6540,0.02923358790576458,,2520.4851698875427,526.2566199302673,,
6541,0.026580750942230225,,2520.8655138015747,526.3339686393738,,
6542,0.02013002708554268,,2521.246419906616,526.4113376140594,,
6543,0.022445769980549812,,2521.6266765594482,526.4886603355408,,
6544,0.026330025866627693,,2522.0069704055786,526.5660305023193,,
6545,0.018912967294454575,,2522.3879964351654,526.6433601379395,,
6546,0.018970925360918045,,2522.7683844566345,526.7206916809082,,
6547,0.02076173759996891,,2523.1488304138184,526.7980260848999,,
6548,0.027692656964063644,,2523.529814720154,526.8753633499146,,
6549,0.021985162049531937,,2523.910380601883,526.9526743888855,,
6550,0.03625078871846199,,2524.290764808655,527.0300004482269,,
6551,0.03384101390838623,,2524.6718266010284,527.1073381900787,,
6552,0.01946880668401718,,2525.0523982048035,527.1846888065338,,
6553,0.018982600420713425,,2525.4329895973206,527.2619996070862,,
6554,0.01852153055369854,,2525.813809633255,527.3393683433533,,
6555,0.019903209060430527,,2526.194441795349,527.4167306423187,,
6556,0.022483637556433678,,2526.5748205184937,527.4940752983093,,
6557,0.021870646625757217,,2526.955880880356,527.5714173316956,,
6558,0.017638200893998146,,2527.3362510204315,527.648734331131,,
6559,0.025790883228182793,,2527.7167387008667,527.7261247634888,,
6560,0.029832463711500168,,2528.0979199409485,527.8034620285034,,
6561,0.020947692915797234,,2528.478499650955,527.8808178901672,,
6562,0.027723999693989754,,2528.8590140342712,527.9581503868103,,
6563,0.02255394123494625,,2529.239973306656,528.0355079174042,,
6564,0.03514941409230232,,2529.6205842494965,528.1128897666931,,
6565,0.032162610441446304,,2530.0010843276978,528.1902501583099,,
6566,0.0321231484413147,,2530.381954908371,528.2676074504852,,
6567,0.039626918733119965,,2530.762396812439,528.344952583313,,
6568,0.021571315824985504,,2531.14289188385,528.4222986698151,,
6569,0.020303014665842056,,2531.5242087841034,528.4996485710144,,
6570,0.020345253869891167,,2531.9044530391693,528.5769855976105,,
6571,0.018191812559962273,,2532.2847690582275,528.6543343067169,,
6572,0.020372096449136734,,2532.893649339676,528.7316725254059,,
6573,0.023573610931634903,,2533.2745258808136,528.8090097904205,,
6574,0.01854083500802517,,2533.655524492264,528.886367559433,,
6575,0.018460581079125404,,2534.035987854004,528.9636967182159,,
6576,0.023295987397432327,,2534.4163689613342,529.0410175323486,,
6577,0.03408701717853546,,2534.7972650527954,529.1183474063873,,
6578,0.03201489523053169,,2535.1776900291443,529.1957383155823,,
6579,0.020346492528915405,,2535.5584633350372,529.2730650901794,,
6580,0.01873129978775978,,2535.9394974708557,529.3504226207733,,
6581,0.07582783699035645,,2536.3203151226044,529.4277913570404,,
6582,0.029884740710258484,,2536.7006702423096,529.505115032196,,
6583,0.02048792503774166,,2537.081817626953,529.5824465751648,,
6584,0.020859230309724808,,2537.462073802948,529.6598074436188,,
6585,0.024788690730929375,,2537.8469729423523,529.7371623516083,,
6586,0.02103607729077339,,2538.228452205658,529.814531326294,,
6587,0.019316568970680237,,2538.608926296234,529.8918993473053,,
6588,0.018810737878084183,,2538.9896247386932,529.9692888259888,,
6589,0.01778700016438961,,2539.3708815574646,530.0466635227203,,
6590,0.020411934703588486,,2539.7523102760315,530.1239960193634,,
6591,0.01863899454474449,,2540.13286113739,530.2013461589813,,
6592,0.019683435559272766,,2540.5139062404633,530.2786860466003,,
6593,0.01982617937028408,,2540.8943226337433,530.3560314178467,,
6594,0.020290661603212357,,2541.274729013443,530.4333753585815,,
6595,0.019999755546450615,,2541.655960559845,530.5107307434082,,
6596,0.019310733303427696,,2542.0368452072144,530.5880770683289,,
6597,0.018765071406960487,,2542.417590379715,530.6654229164124,,
6598,0.01989128440618515,,2542.798470020294,530.7427787780762,,
6599,0.023467715829610825,,2543.1789894104004,530.8201260566711,,
6600,0.022007375955581665,,2543.559041261673,530.8974602222443,,
6601,0.025204936042428017,,2543.939949274063,530.9747970104218,,
6602,0.022607408463954926,,2544.3210661411285,531.0521295070648,,
6603,0.02289871871471405,,2544.7021338939667,531.1294641494751,,
6604,0.029243338853120804,,2545.083267688751,531.2067859172821,,
6605,0.03873442858457565,,2545.4637362957,531.2841136455536,,
6606,0.02872849814593792,,2545.8440992832184,531.3614976406097,,
6607,0.025456352159380913,,2546.2257840633392,531.4388399124146,,
6608,0.02649662457406521,,2546.606262922287,531.5161788463593,,
6609,0.023140909150242805,,2546.9865820407867,531.5934989452362,,
6610,0.02132517658174038,,2547.367522954941,531.6708524227142,,
6611,0.04395449161529541,,2547.7483751773834,531.7481913566589,,
6612,0.03486146032810211,,2548.128797531128,531.8255481719971,,
6613,0.02126883901655674,,2548.509707212448,531.9029076099396,,
6614,0.02143363282084465,,2548.8900566101074,531.9802560806274,,
6615,0.02740994654595852,,2549.270496606827,532.0575883388519,,
6616,0.023802578449249268,,2549.6513454914093,532.1349322795868,,
6617,0.022434614598751068,,2550.0317330360413,532.2122929096222,,
6618,0.031384680420160294,,2550.4123277664185,532.2896053791046,,
6619,0.019029272720217705,,2550.793404340744,532.3669383525848,,
6620,0.020354734733700752,,2551.173945426941,532.4442732334137,,
6621,0.02011929452419281,,2551.554578781128,532.5216085910797,,
6622,0.022146346047520638,,2551.935963869095,532.5989611148834,,
6623,0.01943732053041458,,2552.3168437480927,532.6763858795166,,
6624,0.02033078670501709,,2552.697934627533,532.7537226676941,,
6625,0.02302531525492668,,2553.3067133426666,532.8310441970825,,
6626,0.0427396297454834,,2553.6871004104614,532.9083957672119,,
6627,0.03380149230360985,,2554.068073272705,532.9857409000397,,
6628,0.01947488822042942,,2554.4485330581665,533.0630874633789,,
6629,0.04381035268306732,,2554.829369544983,533.1404142379761,,
6630,0.036913156509399414,,2555.210209608078,533.2177538871765,,
6631,0.020983433350920677,,2555.5907187461853,533.2951080799103,,
6632,0.021745571866631508,,2555.970846414566,533.3724427223206,,
6633,0.019815776497125626,,2556.3517417907715,533.4497907161713,,
6634,0.01805790141224861,,2556.7323050498962,533.5271542072296,,
6635,0.018886171281337738,,2557.1128120422363,533.6045033931732,,
6636,0.024736106395721436,,2557.4936718940735,533.6818487644196,,
6637,0.019207047298550606,,2557.874085187912,533.7591397762299,,
6638,0.018933365121483803,,2558.2547936439514,533.8364686965942,,
6639,0.05783350393176079,,2558.6356806755066,533.9137904644012,,
6640,0.03314252197742462,,2559.016179084778,533.9911971092224,,
6641,0.021885354071855545,,2559.397270679474,534.0685558319092,,
6642,0.029790019616484642,,2559.7789871692657,534.1459288597107,,
6643,0.02126171626150608,,2560.1595799922943,534.2233200073242,,
6644,0.02199750952422619,,2560.5403242111206,534.300687789917,,
6645,0.02012241818010807,,2560.921022415161,534.3780510425568,,
6646,0.022810205817222595,,2561.3016335964203,534.4554026126862,,
6647,0.020171966403722763,,2561.6820874214172,534.5327785015106,,
6648,0.021907784044742584,,2562.062827348709,534.6101303100586,,
6649,0.02047312818467617,,2562.4433703422546,534.6874861717224,,
6650,0.019654760137200356,,2562.8237454891205,534.7648131847382,,
6651,0.02092304453253746,,2563.204696416855,534.8421552181244,,
6652,0.02159026265144348,,2563.585117340088,534.919474363327,,
6653,0.024663949385285378,,2563.9656286239624,534.9967911243439,,
6654,0.024282805621623993,,2564.3461380004883,535.0741150379181,,
6655,0.020659446716308594,,2564.7265405654907,535.1514582633972,,
6656,0.018072547391057014,,2565.1070425510406,535.2288031578064,,
6657,0.02014845795929432,,2565.488012313843,535.3061652183533,,
6658,0.017749805003404617,,2565.868616104126,535.3835339546204,,
6659,0.020727291703224182,,2566.249014854431,535.4608631134033,,
6660,0.02683933824300766,,2566.630031824112,535.5382277965546,,
6661,0.02933301031589508,,2567.010368824005,535.6155352592468,,
6662,0.022006206214427948,,2567.3908200263977,535.6928570270538,,
6663,0.030251450836658478,,2567.7718126773834,535.7701888084412,,
6664,0.017942067235708237,,2568.1522681713104,535.8475399017334,,
6665,0.020626556128263474,,2568.5329678058624,535.9248642921448,,
6666,0.027517063543200493,,2568.9140186309814,536.0021963119507,,
6667,0.022527216002345085,,2569.2945697307587,536.0795347690582,,
6668,0.01917782798409462,,2569.6748354434967,536.1568577289581,,
6669,0.018308740109205246,,2570.0557487010956,536.2341752052307,,
6670,0.01802825927734375,,2570.4362139701843,536.3115029335022,,
6671,0.01768282800912857,,2570.816528081894,536.3888003826141,,
6672,0.02562687173485756,,2571.1974835395813,536.4661259651184,,
6673,0.021361486986279488,,2571.5779609680176,536.543447971344,,
6674,0.03289272263646126,,2571.9583139419556,536.620777130127,,
6675,0.02709316276013851,,2572.339158296585,536.6981241703033,,
6676,0.03210126608610153,,2572.71958732605,536.7754435539246,,
6677,0.02747802808880806,,2573.1002690792084,536.8527812957764,,
6678,0.04161332547664642,,2573.708960056305,536.9301035404205,,
6679,0.03327523544430733,,2574.0895907878876,537.007453918457,,
6680,0.027317233383655548,,2574.470802307129,537.0847611427307,,
6681,0.035357508808374405,,2574.8512330055237,537.162104845047,,
6682,0.029032938182353973,,2575.231869459152,537.2394275665283,,
6683,0.024811403825879097,,2575.612748146057,537.3167698383331,,
6684,0.025744108483195305,,2575.993097782135,537.3941249847412,,
6685,0.022639168426394463,,2576.3735568523407,537.4714896678925,,
6686,0.019497735425829887,,2576.754632949829,537.5488038063049,,
6687,0.02073073759675026,,2577.13512134552,537.6261401176453,,
6688,0.018573381006717682,,2577.5154519081116,537.7034676074982,,
6689,0.023191895335912704,,2577.8968193531036,537.7808036804199,,
6690,0.021620383486151695,,2578.2770385742188,537.8581366539001,,
6691,0.027561025694012642,,2578.657812356949,537.9354867935181,,
6692,0.0336785763502121,,2579.0384480953217,538.0128314495087,,
6693,0.022811582311987877,,2579.418867111206,538.0901598930359,,
6694,0.027086324989795685,,2579.7993586063385,538.1675047874451,,
6695,0.032515302300453186,,2580.180325269699,538.2448787689209,,
6696,0.01756318286061287,,2580.5607228279114,538.3222160339355,,
6697,0.019954700022935867,,2580.941004753113,538.3995542526245,,
6698,0.02005545049905777,,2581.321877479553,538.4769036769867,,
6699,0.025725722312927246,,2581.7024433612823,538.5542538166046,,
6700,0.019470607861876488,,2582.083293914795,538.6315970420837,,
6701,0.02032884582877159,,2582.4641177654266,538.7089083194733,,
6702,0.021019121631979942,,2582.844407081604,538.7862460613251,,
6703,0.03526325896382332,,2583.2248334884644,538.8635725975037,,
6704,0.01996069774031639,,2583.605848312378,538.9408934116364,,
6705,0.02681453339755535,,2583.9862010478973,539.0182242393494,,
6706,0.03039439395070076,,2584.3665993213654,539.0955586433411,,
6707,0.02456185407936573,,2584.747948408127,539.1728811264038,,
6708,0.02247658185660839,,2585.128411769867,539.2502210140228,,
6709,0.03257608041167259,,2585.508850812912,539.3276863098145,,
6710,0.02137073501944542,,2585.88982963562,539.4050135612488,,
6711,0.02146928943693638,,2586.270488500595,539.4823517799377,,
6712,0.020878927782177925,,2586.650848388672,539.5596935749054,,
6713,0.020091194659471512,,2587.0318353176117,539.6370151042938,,
6714,0.023215260356664658,,2587.412322998047,539.7143437862396,,
6715,0.021198393777012825,,2587.7926738262177,539.7917070388794,,
6716,0.025383038446307182,,2588.173669576645,539.8690569400787,,
6717,0.019577642902731895,,2588.5541310310364,539.9464151859283,,
6718,0.0319698192179203,,2588.9349126815796,540.0237383842468,,
6719,0.03573351353406906,,2589.3157687187195,540.1010673046112,,
6720,0.023735973984003067,,2589.6964457035065,540.1784293651581,,
6721,0.022766105830669403,,2590.0770361423492,540.2557628154755,,
6722,0.018373999744653702,,2590.4579725265503,540.333122253418,,
6723,0.01739983819425106,,2590.8384025096893,540.4104418754578,,
6724,0.01745200715959072,,2591.219160079956,540.4877717494965,,
6725,0.02084503322839737,,2591.600043296814,540.5650770664215,,
6726,0.035676509141922,,2591.980305671692,540.6423935890198,,
6727,0.0250898078083992,,2592.3610286712646,540.7197985649109,,
6728,0.03376566618680954,,2592.742964029312,540.7971308231354,,
6729,0.025525355711579323,,2593.1236443519592,540.8744647502899,,
6730,0.024398289620876312,,2593.5043907165527,540.9517939090729,,
6731,0.027061421424150467,,2594.1127421855927,541.0291247367859,,
6732,0.03623208403587341,,2594.49347448349,541.1064448356628,,
6733,0.020054807886481285,,2594.874481678009,541.1837992668152,,
6734,0.020198749378323555,,2595.255134820938,541.2611594200134,,
6735,0.019684551283717155,,2595.635816335678,541.3384754657745,,
6736,0.020250815898180008,,2596.016662120819,541.4157950878143,,
6737,0.018413882702589035,,2596.397023677826,541.4931197166443,,
6738,0.018503637984395027,,2596.777375459671,541.5704498291016,,
6739,0.01912112347781658,,2597.1585507392883,541.6477675437927,,
6740,0.018471734598279,,2597.5390226840973,541.7251300811768,,
6741,0.021522067487239838,,2597.919814348221,541.802451133728,,
6742,0.022662322968244553,,2598.300945997238,541.879810333252,,
6743,0.021776815876364708,,2598.681439638138,541.9571413993835,,
6744,0.021526359021663666,,2599.0620563030243,542.0344762802124,,
6745,0.021100081503391266,,2599.4442040920258,542.1117603778839,,
6746,0.021156562492251396,,2599.8246598243713,542.1890857219696,,
6747,0.026756413280963898,,2600.2056045532227,542.2663884162903,,
6748,0.018846796825528145,,2600.5865631103516,542.3436808586121,,
6749,0.0209893137216568,,2600.9674065113068,542.4209764003754,,
6750,0.022789636626839638,,2601.3477697372437,542.4982712268829,,
6751,0.026304470375180244,,2601.7289938926697,542.575602054596,,
6752,0.03170979395508766,,2602.1093130111694,542.6529440879822,,
6753,0.032964300364255905,,2602.4898476600647,542.7302820682526,,
6754,0.023535456508398056,,2602.870815515518,542.8075749874115,,
6755,0.030478907749056816,,2603.251179933548,542.8848977088928,,
6756,0.023168502375483513,,2603.6313705444336,542.9622175693512,,
6757,0.018980542197823524,,2604.0120198726654,543.0395381450653,,
6758,0.019990280270576477,,2604.392630815506,543.1168808937073,,
6759,0.018986176699399948,,2604.7728912830353,543.1942164897919,,
6760,0.02420482598245144,,2605.153849363327,543.2715609073639,,
6761,0.018505264073610306,,2605.5343556404114,543.3489081859589,,
6762,0.019140303134918213,,2605.9148404598236,543.4262697696686,,
6763,0.026402266696095467,,2606.2957952022552,543.5035939216614,,
6764,0.021466553211212158,,2606.6761486530304,543.5809462070465,,
6765,0.021176952868700027,,2607.0611696243286,543.6583194732666,,
6766,0.023001398891210556,,2607.4421334266663,543.7356433868408,,
6767,0.02220815233886242,,2607.8234102725983,543.8129749298096,,
6768,0.018241997808218002,,2608.203712463379,543.8903381824493,,
6769,0.018430113792419434,,2608.584843635559,543.9677231311798,,
6770,0.02145913429558277,,2608.9665722846985,544.0450663566589,,
6771,0.023122040554881096,,2609.34686088562,544.1224460601807,,
6772,0.04504663124680519,,2609.727778196335,544.1997652053833,,
6773,0.0352918766438961,,2610.108538866043,544.277092218399,,
6774,0.03197471424937248,,2610.4889709949493,544.3544218540192,,
6775,0.026221981272101402,,2610.8702898025513,544.4317648410797,,
6776,0.01821012608706951,,2611.250594854355,544.5090820789337,,
6777,0.02424267679452896,,2611.63125371933,544.586400270462,,
6778,0.019892264157533646,,2612.012438058853,544.6639399528503,,
6779,0.0243239663541317,,2612.393037557602,544.741269826889,,
6780,0.025240059942007065,,2612.7735822200775,544.818594455719,,
6781,0.022275391966104507,,2613.1546664237976,544.8959510326385,,
6782,0.03167121112346649,,2613.535123348236,544.9732873439789,,
6783,0.022970210760831833,,2613.9155888557434,545.0506348609924,,
6784,0.029280096292495728,,2614.524118900299,545.1279904842377,,
6785,0.022935839369893074,,2614.9044983386993,545.2053468227386,,
6786,0.02603260986506939,,2615.285504579544,545.2826845645905,,
6787,0.03861991688609123,,2615.6660454273224,545.3600225448608,,
6788,0.018787741661071777,,2616.046724319458,545.4374282360077,,
6789,0.023510675877332687,,2616.427582025528,545.5147638320923,,
6790,0.027113351970911026,,2616.8083708286285,545.5920870304108,,
6791,0.02107924595475197,,2617.1890473365784,545.6694300174713,,
6792,0.01827620528638363,,2617.5701053142548,545.746753692627,,
6793,0.027255717664957047,,2617.9508867263794,545.8240756988525,,
6794,0.021847428753972054,,2618.3312468528748,545.9013993740082,,
6795,0.01930907927453518,,2618.7123239040375,545.9787421226501,,
6796,0.01965535432100296,,2619.0928342342377,546.0560648441315,,
6797,0.029607580974698067,,2619.4733164310455,546.1333909034729,,
6798,0.04319881275296211,,2619.854318380356,546.210718870163,,
6799,0.02372586913406849,,2620.234649181366,546.2880766391754,,
6800,0.017741655930876732,,2620.6153497695923,546.3653829097748,,
6801,0.019948625937104225,,2620.996307373047,546.4427270889282,,
6802,0.021194621920585632,,2621.37681388855,546.5200536251068,,
6803,0.019826171919703484,,2621.7572350502014,546.5973615646362,,
6804,0.022577539086341858,,2622.1384196281433,546.6746826171875,,
6805,0.026965539902448654,,2622.518775701523,546.7520303726196,,
6806,0.023169714957475662,,2622.8995537757874,546.8293251991272,,
6807,0.02117612212896347,,2623.280653476715,546.9066534042358,,
6808,0.018763640895485878,,2623.660861968994,546.9839713573456,,
6809,0.027802862226963043,,2624.0413489341736,547.061304807663,,
6810,0.019486507400870323,,2624.422304868698,547.1386196613312,,
6811,0.019610226154327393,,2624.8028016090393,547.2159335613251,,
6812,0.03173017129302025,,2625.183428287506,547.2932801246643,,
6813,0.03179251030087471,,2625.5643928050995,547.3706398010254,,
6814,0.02756393700838089,,2625.945219516754,547.4479455947876,,
6815,0.026327168568968773,,2626.325633764267,547.5252737998962,,
6816,0.020542899146676064,,2626.7067914009094,547.6026110649109,,
6817,0.041703980416059494,,2627.0871102809906,547.6799244880676,,
6818,0.030466489493846893,,2627.4674410820007,547.7572319507599,,
6819,0.029692720621824265,,2627.8481566905975,547.8345906734467,,
6820,0.021408358588814735,,2628.2284965515137,547.911922454834,,
6821,0.018329452723264694,,2628.608730316162,547.9892184734344,,
6822,0.01791473664343357,,2628.9896655082703,548.0665502548218,,
6823,0.024995535612106323,,2629.370118379593,548.1438798904419,,
6824,0.023240551352500916,,2629.7503600120544,548.2212085723877,,
6825,0.018643362447619438,,2630.131255865097,548.298520565033,,
6826,0.023373818024992943,,2630.5116143226624,548.3758566379547,,
6827,0.02015829272568226,,2630.891921043396,548.4531779289246,,
6828,0.025927413254976273,,2631.272798538208,548.5305185317993,,
6829,0.01945527084171772,,2631.653197288513,548.6078631877899,,
6830,0.027538180351257324,,2632.0336871147156,548.6851890087128,,
6831,0.018510010093450546,,2632.414820432663,548.7625501155853,,
6832,0.028628529980778694,,2632.7954137325287,548.8399069309235,,
6833,0.0187308918684721,,2633.176190137863,548.9172315597534,,
6834,0.02142261527478695,,2633.5570878982544,548.9945631027222,,
6835,0.017687054350972176,,2633.9376814365387,549.0718927383423,,
6836,0.018621962517499924,,2634.318061351776,549.1492314338684,,
6837,0.018414489924907684,,2634.926703929901,549.2265965938568,,
6838,0.02487286925315857,,2635.306780099869,549.3039343357086,,
6839,0.0251281950622797,,2635.687763929367,549.3812668323517,,
6840,0.02094164490699768,,2636.068242073059,549.458637714386,,
6841,0.02569541335105896,,2636.448766708374,549.5359890460968,,
6842,0.05021088942885399,,2636.8297538757324,549.6133809089661,,
6843,0.026981372386217117,,2637.2102394104004,549.6907017230988,,
6844,0.025336191058158875,,2637.5910274982452,549.7680468559265,,
6845,0.035591185092926025,,2637.972419977188,549.8454012870789,,
6846,0.024470379576086998,,2638.3529539108276,549.922746181488,,
6847,0.026079760864377022,,2638.7336945533752,550.0000891685486,,
6848,0.023234959691762924,,2639.1151916980743,550.0774133205414,,
6849,0.03146537020802498,,2639.4960107803345,550.1547529697418,,
6850,0.021223342046141624,,2639.876666545868,550.2320861816406,,
6851,0.03390542417764664,,2640.2576673030853,550.3094158172607,,
6852,0.02246757596731186,,2640.6382582187653,550.3867173194885,,
6853,0.021836085245013237,,2641.022831439972,550.4640889167786,,
6854,0.020282944664359093,,2641.4040870666504,550.5414345264435,,
6855,0.020209863781929016,,2641.7842206954956,550.6187794208527,,
6856,0.020399214699864388,,2642.164571285248,550.6961302757263,,
6857,0.02361033298075199,,2642.5456898212433,550.7734956741333,,
6858,0.025174634531140327,,2642.9261271953583,550.8508458137512,,
6859,0.04097216948866844,,2643.306521654129,550.9281868934631,,
6860,0.023103531450033188,,2643.687740802765,551.0055058002472,,
6861,0.03237710893154144,,2644.068130493164,551.0828266143799,,
6862,0.037761393934488297,,2644.4483354091644,551.1601622104645,,
6863,0.025203431025147438,,2644.829337120056,551.2375235557556,,
6864,0.021041249856352806,,2645.209701061249,551.3148767948151,,
6865,0.01952323503792286,,2645.5909447669983,551.3922069072723,,
6866,0.027044031769037247,,2645.9721841812134,551.4695434570312,,
6867,0.02049427479505539,,2646.353268146515,551.5468759536743,,
6868,0.020952969789505005,,2646.733742713928,551.624226808548,,
6869,0.026939213275909424,,2647.115460395813,551.7015717029572,,
6870,0.022976605221629143,,2647.4960572719574,551.7789347171783,,
6871,0.019457871094346046,,2647.8767454624176,551.8562729358673,,
6872,0.029924551025032997,,2648.2585258483887,551.9337253570557,,
6873,0.04032089561223984,,2648.6389122009277,552.0110387802124,,
6874,0.02746390551328659,,2649.01953792572,552.0883927345276,,
6875,0.02578786015510559,,2649.401095867157,552.1657626628876,,
6876,0.02175034023821354,,2649.781483411789,552.2430911064148,,
6877,0.018438780680298805,,2650.162268638611,552.3204362392426,,
6878,0.021489232778549194,,2650.5431909561157,552.3977558612823,,
6879,0.02408936619758606,,2650.9249584674835,552.4750764369965,,
6880,0.028238944709300995,,2651.3052744865417,552.552412033081,,
6881,0.030027542263269424,,2651.6864261627197,552.6297647953033,,
6882,0.026515541598200798,,2652.0670573711395,552.7071423530579,,
6883,0.020428964868187904,,2652.4473025798798,552.7845137119293,,
6884,0.028136618435382843,,2652.8284299373627,552.8618714809418,,
6885,0.020709030330181122,,2653.2087852954865,552.9392206668854,,
6886,0.018966125324368477,,2653.589136362076,553.016969203949,,
6887,0.024540161713957787,,2653.9699647426605,553.0942969322205,,
6888,0.027418795973062515,,2654.3504128456116,553.1716394424438,,
6889,0.01814640313386917,,2654.7311346530914,553.2489454746246,,
6890,0.019065670669078827,,2655.339785337448,553.326297044754,,
6891,0.023178640753030777,,2655.720367670059,553.4040722846985,,
6892,0.019437000155448914,,2656.101130247116,553.4814162254333,,
6893,0.02065548673272133,,2656.481505870819,553.5587832927704,,
6894,0.025930633768439293,,2656.8619842529297,553.6360971927643,,
6895,0.022076154127717018,,2657.243002653122,553.7134680747986,,
6896,0.019053317606449127,,2657.623777151108,553.7907998561859,,
6897,0.02023463323712349,,2658.004317045212,553.8681380748749,,
6898,0.019191207364201546,,2658.3852155208588,553.9454863071442,,
6899,0.02978392131626606,,2658.7661516666412,554.02286028862,,
6900,0.021230574697256088,,2659.1467497348785,554.1002202033997,,
6901,0.03338561952114105,,2659.5278334617615,554.1775605678558,,
6902,0.031189264729619026,,2659.908352136612,554.2548789978027,,
6903,0.0312778614461422,,2660.2887284755707,554.3322441577911,,
6904,0.031614381819963455,,2660.6696379184723,554.4096050262451,,
6905,0.025454673916101456,,2661.0499970912933,554.4869606494904,,
6906,0.03327339515089989,,2661.430371761322,554.5643029212952,,
6907,0.03397030383348465,,2661.811223268509,554.6416628360748,,
6908,0.026654504239559174,,2662.1915621757507,554.7190315723419,,
6909,0.0323064960539341,,2662.5720570087433,554.7964012622833,,
6910,0.025214416906237602,,2662.9530699253082,554.8737685680389,,
6911,0.02217017486691475,,2663.333459377289,554.9511003494263,,
6912,0.023660188540816307,,2663.714016199112,555.0284314155579,,
6913,0.032966699451208115,,2664.095363378525,555.1057894229889,,
6914,0.028668027371168137,,2664.4756231307983,555.1831076145172,,
6915,0.02435317263007164,,2664.8559420108795,555.2604658603668,,
6916,0.02719843201339245,,2665.237253665924,555.3378336429596,,
6917,0.020270975306630135,,2665.6182339191437,555.4152128696442,,
6918,0.01777811534702778,,2665.999411582947,555.4925923347473,,
6919,0.021774454042315483,,2666.381465435028,555.569917678833,,
6920,0.01769544556736946,,2666.7619812488556,555.6472446918488,,
6921,0.017978589981794357,,2667.142557621002,555.72461104393,,
6922,0.02273242361843586,,2667.523367166519,555.80198097229,,
6923,0.022149156779050827,,2667.9039080142975,555.8793568611145,,
6924,0.017949586734175682,,2668.2845759391785,555.95672082901,,
6925,0.021966256201267242,,2668.6681699752808,556.034083366394,,
6926,0.01903441920876503,,2669.0489344596863,556.1114246845245,,
6927,0.028650064021348953,,2669.4296503067017,556.1887683868408,,
6928,0.02024395391345024,,2669.810785293579,556.2661199569702,,
6929,0.028957076370716095,,2670.191468000412,556.3434824943542,,
6930,0.025035936385393143,,2670.572061061859,556.4208629131317,,
6931,0.026540273800492287,,2670.953299999237,556.4982409477234,,
6932,0.02050037682056427,,2671.3339965343475,556.5755941867828,,
6933,0.024577291682362556,,2671.71479845047,556.65300989151,,
6934,0.029805317521095276,,2672.095977306366,556.730382680893,,
6935,0.022511744871735573,,2672.4767911434174,556.8077509403229,,
6936,0.022986404597759247,,2672.8573956489563,556.8851048946381,,
6937,0.019245348870754242,,2673.2387597560883,556.9624993801117,,
6938,0.02542824111878872,,2673.619599342346,557.0398535728455,,
6939,0.026675110682845116,,2674.000227212906,557.1172394752502,,
6940,0.03110307827591896,,2674.3815693855286,557.1946098804474,,
6941,0.040952522307634354,,2674.7621743679047,557.2719869613647,,
6942,0.018358197063207626,,2675.1429872512817,557.3494176864624,,
6943,0.018883077427744865,,2675.751673221588,557.4268982410431,,
6944,0.0220630019903183,,2676.132350206375,557.5042409896851,,
6945,0.020216744393110275,,2676.5135369300842,557.5816075801849,,
6946,0.028926339000463486,,2676.894341468811,557.6589832305908,,
6947,0.021726612001657486,,2677.275162935257,557.7363610267639,,
6948,0.018393393605947495,,2677.656531572342,557.8137233257294,,
6949,0.021058853715658188,,2678.0373508930206,557.8911125659943,,
6950,0.027483712881803513,,2678.4181344509125,557.9685180187225,,
6951,0.019553616642951965,,2678.799339532852,558.0458648204803,,
6952,0.02441852167248726,,2679.1803340911865,558.1232445240021,,
6953,0.029421240091323853,,2679.5612502098083,558.2005851268768,,
6954,0.03784877061843872,,2679.94251036644,558.2779760360718,,
6955,0.023455290123820305,,2680.3232448101044,558.3553590774536,,
6956,0.021487373858690262,,2680.703940629959,558.432733297348,,
6957,0.02079131081700325,,2681.085386991501,558.5100860595703,,
6958,0.022476017475128174,,2681.4660749435425,558.5874514579773,,
6959,0.02292519621551037,,2681.8468687534332,558.6647987365723,,
6960,0.020018110051751137,,2682.22816324234,558.7421746253967,,
6961,0.023984555155038834,,2682.609444618225,558.8195297718048,,
6962,0.02182759903371334,,2682.99014878273,558.8969106674194,,
6963,0.023525265976786613,,2683.371247291565,558.9742815494537,,
6964,0.029646212235093117,,2683.751669883728,559.0516769886017,,
6965,0.018406659364700317,,2684.1324615478516,559.12903881073,,
6966,0.019564978778362274,,2684.51363325119,559.2064108848572,,
6967,0.021184954792261124,,2684.894437789917,559.283769607544,,
6968,0.030377745628356934,,2685.2751655578613,559.3611135482788,,
6969,0.019292844459414482,,2685.6566116809845,559.4384765625,,
6970,0.021103695034980774,,2686.03732585907,559.515820980072,,
6971,0.03579506278038025,,2686.418057203293,559.5931806564331,,
6972,0.02895764634013176,,2686.799154520035,559.6705422401428,,
6973,0.027425557374954224,,2687.179838180542,559.7479040622711,,
6974,0.024123307317495346,,2687.560610294342,559.8252613544464,,
6975,0.021703558042645454,,2687.9418301582336,559.9026229381561,,
6976,0.024660279974341393,,2688.322863340378,559.9799954891205,,
6977,0.02824627235531807,,2688.7034709453583,560.0573358535767,,
6978,0.025454146787524223,,2689.085371017456,560.134693145752,,
6979,0.023901816457509995,,2689.4656188488007,560.2120299339294,,
6980,0.024662090465426445,,2689.8465492725372,560.2893888950348,,
6981,0.028524231165647507,,2690.2276661396027,560.3667232990265,,
6982,0.01733911596238613,,2690.6083664894104,560.444055557251,,
6983,0.019609250128269196,,2690.989180088043,560.521413564682,,
6984,0.01727471500635147,,2691.370376586914,560.5987651348114,,
6985,0.020653586834669113,,2691.7515778541565,560.6761085987091,,
6986,0.025004442781209946,,2692.132415533066,560.7534258365631,,
6987,0.029164157807826996,,2692.5140612125397,560.8308045864105,,
6988,0.04361876845359802,,2692.895119905472,560.9081339836121,,
6989,0.02205331064760685,,2693.276067495346,560.9854869842529,,
6990,0.02011825144290924,,2693.6573598384857,561.0628297328949,,
6991,0.021243808791041374,,2694.0380859375,561.1401946544647,,
6992,0.028499534353613853,,2694.4188351631165,561.2175822257996,,
6993,0.017401136457920074,,2694.8001716136932,561.2949404716492,,
6994,0.01826593279838562,,2695.1809792518616,561.3722991943359,,
6995,0.019159967079758644,,2695.5620107650757,561.4496719837189,,
6996,0.02005472406744957,,2696.170738697052,561.5270547866821,,
6997,0.02852211706340313,,2696.5514760017395,561.6044189929962,,
6998,0.017679426819086075,,2696.9330196380615,561.6818141937256,,
6999,0.018903937190771103,,2697.313900709152,561.7591955661774,,
7000,0.018312036991119385,0.02330702356994152,2697.6946907043457,563.2485907077789,0.0186306219547987,0.0376678891479969
7001,0.019718870520591736,,2698.0767171382904,563.325977563858,,
7002,0.017510809004306793,,2698.4576456546783,563.4033346176147,,
7003,0.024587411433458328,,2698.838865995407,563.4807121753693,,
7004,0.03561921417713165,,2699.220201730728,563.5580859184265,,
7005,0.0264594703912735,,2699.601128101349,563.6354777812958,,
7006,0.028223639354109764,,2699.982199192047,563.7128865718842,,
7007,0.028022626414895058,,2700.3637487888336,563.7902863025665,,
7008,0.01984473504126072,,2700.7449111938477,563.8676431179047,,
7009,0.02400001883506775,,2701.12557053566,563.9450488090515,,
7010,0.03595039248466492,,2701.5068242549896,564.0224213600159,,
7011,0.03352389484643936,,2701.8877096176147,564.0998256206512,,
7012,0.026583503931760788,,2702.268390417099,564.1771864891052,,
7013,0.035601966083049774,,2702.649569272995,564.2545473575592,,
7014,0.025057833641767502,,2703.0302999019623,564.3319239616394,,
7015,0.018293894827365875,,2703.4109437465668,564.4094343185425,,
7016,0.028664158657193184,,2703.7924036979675,564.4868314266205,,
7017,0.018743053078651428,,2704.173728942871,564.5642523765564,,
7018,0.028100311756134033,,2704.554716348648,564.6416435241699,,
7019,0.026135139167308807,,2704.935807466507,564.719021320343,,
7020,0.023677270859479904,,2705.3167645931244,564.7964251041412,,
7021,0.02004874311387539,,2705.6973824501038,564.8738541603088,,
7022,0.01716839335858822,,2706.0791561603546,564.9511890411377,,
7023,0.025752874091267586,,2706.459898710251,565.0285449028015,,
7024,0.02203320525586605,,2706.840874195099,565.1059281826019,,
7025,0.021202314645051956,,2707.2225003242493,565.1832695007324,,
7026,0.016687870025634766,,2707.6037921905518,565.2606580257416,,
7027,0.0321807861328125,,2707.98481798172,565.3380672931671,,
7028,0.022850940003991127,,2708.366266965866,565.4154596328735,,
7029,0.0365772619843483,,2708.7472410202026,565.4928302764893,,
7030,0.024695295840501785,,2709.127926826477,565.5701789855957,,
7031,0.019919592887163162,,2709.5091269016266,565.6475973129272,,
7032,0.02075756900012493,,2709.889863014221,565.7249717712402,,
7033,0.030275115743279457,,2710.270683526993,565.8023586273193,,
7034,0.031254518777132034,,2710.652234315872,565.8797452449799,,
7035,0.03082064725458622,,2711.0344467163086,565.957111120224,,
7036,0.04321770370006561,,2711.415302991867,566.0344922542572,,
7037,0.029484741389751434,,2711.7965924739838,566.1118452548981,,
7038,0.027849650010466576,,2712.177496433258,566.189266204834,,
7039,0.01843695156276226,,2712.5587418079376,566.2666139602661,,
7040,0.021456418558955193,,2712.9402203559875,566.3439395427704,,
7041,0.022048799321055412,,2713.3209416866302,566.4213166236877,,
7042,0.020631998777389526,,2713.7020885944366,566.4987156391144,,
7043,0.019962631165981293,,2714.0837223529816,566.5760834217072,,
7044,0.03001338429749012,,2714.464473247528,566.6533946990967,,
7045,0.019434688612818718,,2714.8455131053925,566.7307777404785,,
7046,0.02055555395781994,,2715.2267804145813,566.8081874847412,,
7047,0.018737271428108215,,2715.607677221298,566.8855545520782,,
7048,0.018578508868813515,,2715.9882612228394,566.9629170894623,,
7049,0.02609499916434288,,2716.5970587730408,567.040295124054,,
7050,0.020358558744192123,,2716.978321790695,567.1177046298981,,
7051,0.018787579610943794,,2717.359904050827,567.1951348781586,,
7052,0.03428890183568001,,2717.7407145500183,567.2725248336792,,
7053,0.04000267758965492,,2718.1216757297516,567.3498930931091,,
7054,0.0388462170958519,,2718.502729177475,567.4272353649139,,
7055,0.03149419277906418,,2718.88374376297,567.5046339035034,,
7056,0.018633129075169563,,2719.2645814418793,567.5820083618164,,
7057,0.021682655438780785,,2719.6460704803467,567.6593849658966,,
7058,0.028016669675707817,,2720.0266287326813,567.7367467880249,,
7059,0.026421289891004562,,2720.407367706299,567.8141384124756,,
7060,0.018502643331885338,,2720.788826942444,567.891533613205,,
7061,0.01995530165731907,,2721.16938328743,567.9689350128174,,
7062,0.019362522289156914,,2721.550380706787,568.0463078022003,,
7063,0.025582462549209595,,2721.9320669174194,568.123685836792,,
7064,0.02296682447195053,,2722.3130185604095,568.2010598182678,,
7065,0.04596216231584549,,2722.693679332733,568.2784421443939,,
7066,0.035239219665527344,,2723.074922323227,568.3558468818665,,
7067,0.02335328422486782,,2723.4556596279144,568.4332418441772,,
7068,0.022819681093096733,,2723.836581468582,568.5106375217438,,
7069,0.026379749178886414,,2724.218188762665,568.5880961418152,,
7070,0.02310764603316784,,2724.5990567207336,568.6654675006866,,
7071,0.028308484703302383,,2724.980012655258,568.7428524494171,,
7072,0.024275006726384163,,2725.3608911037445,568.8202338218689,,
7073,0.022467585280537605,,2725.741899728775,568.8976237773895,,
7074,0.03401988372206688,,2726.122622013092,568.9750142097473,,
7075,0.019096335396170616,,2726.5039205551147,569.0523631572723,,
7076,0.022184398025274277,,2726.8847272396088,569.1297504901886,,
7077,0.018425770103931427,,2727.2654571533203,569.2071387767792,,
7078,0.021638812497258186,,2727.646625995636,569.2845187187195,,
7079,0.03590362146496773,,2728.0272467136383,569.3618836402893,,
7080,0.023724934086203575,,2728.4080572128296,569.4392511844635,,
7081,0.017557406798005104,,2728.789388895035,569.5166726112366,,
7082,0.029264504089951515,,2729.1703984737396,569.594069480896,,
7083,0.024314139038324356,,2729.55130982399,569.6714615821838,,
7084,0.021625565364956856,,2729.932578086853,569.7488887310028,,
7085,0.02033100835978985,,2730.3136575222015,569.8262734413147,,
7086,0.02413928508758545,,2730.6942932605743,569.9036445617676,,
7087,0.02401326783001423,,2731.075772047043,569.9810307025909,,
7088,0.024176225066184998,,2731.456558704376,570.0584304332733,,
7089,0.020277341827750206,,2731.8374469280243,570.1358098983765,,
7090,0.021675432100892067,,2732.2186839580536,570.2131998538971,,
7091,0.020338626578450203,,2732.599550962448,570.2905380725861,,
7092,0.019360879436135292,,2732.9799304008484,570.3679015636444,,
7093,0.02251162752509117,,2733.361224412918,570.4452891349792,,
7094,0.019724041223526,,2733.7421438694,570.5226836204529,,
7095,0.03055424988269806,,2734.1228156089783,570.6000626087189,,
7096,0.046803198754787445,,2734.5041069984436,570.6774427890778,,
7097,0.022295759990811348,,2734.8849217891693,570.7548439502716,,
7098,0.026541121304035187,,2735.2655341625214,570.8322241306305,,
7099,0.0198252834379673,,2735.6469407081604,570.9095985889435,,
7100,0.02600078284740448,,2736.027603149414,570.987007856369,,
7101,0.020704256370663643,,2736.4084434509277,571.0643558502197,,
7102,0.019176803529262543,,2737.0171642303467,571.1417691707611,,
7103,0.021053699776530266,,2737.3978157043457,571.2191255092621,,
7104,0.023748109117150307,,2737.779213666916,571.2965064048767,,
7105,0.028776664286851883,,2738.160171985626,571.3738436698914,,
7106,0.019154397770762444,,2738.541427373886,571.4512002468109,,
7107,0.02409481815993786,,2738.922779560089,571.5285685062408,,
7108,0.022703547030687332,,2739.303545475006,571.6059620380402,,
7109,0.047564275562763214,,2739.684177875519,571.6833074092865,,
7110,0.024627309292554855,,2740.0654368400574,571.7606463432312,,
7111,0.019636230543255806,,2740.446065425873,571.838000535965,,
7112,0.01866137981414795,,2740.8267385959625,571.9153363704681,,
7113,0.019900863990187645,,2741.2077589035034,571.9927237033844,,
7114,0.019905047491192818,,2741.5888347625732,572.0700738430023,,
7115,0.02286159247159958,,2741.969688653946,572.1474533081055,,
7116,0.020614895969629288,,2742.3509225845337,572.2248432636261,,
7117,0.019652109593153,,2742.731516122818,572.3022813796997,,
7118,0.034252941608428955,,2743.1122558116913,572.3796851634979,,
7119,0.02837977558374405,,2743.4938485622406,572.4570460319519,,
7120,0.018292346969246864,,2743.874917984009,572.5344245433807,,
7121,0.023991331458091736,,2744.25617146492,572.6118130683899,,
7122,0.024354366585612297,,2744.6374564170837,572.6891961097717,,
7123,0.019765730947256088,,2745.018266916275,572.7665514945984,,
7124,0.027619171887636185,,2745.3992528915405,572.8439044952393,,
7125,0.034089669585227966,,2745.780305624008,572.9213025569916,,
7126,0.025189369916915894,,2746.1611251831055,572.9986383914948,,
7127,0.025734057649970055,,2746.542227745056,573.0759763717651,,
7128,0.03536570072174072,,2746.9235351085663,573.1533596515656,,
7129,0.030343085527420044,,2747.3043982982635,573.2307181358337,,
7130,0.022237565368413925,,2747.685149908066,573.3080728054047,,
7131,0.022197255864739418,,2748.0661985874176,573.3854069709778,,
7132,0.023200124502182007,,2748.446811914444,573.4627628326416,,
7133,0.023381318897008896,,2748.827549934387,573.5401146411896,,
7134,0.02871914766728878,,2749.208861351013,573.6174454689026,,
7135,0.021418195217847824,,2749.589507341385,573.6948411464691,,
7136,0.02748066931962967,,2749.9702668190002,573.7722275257111,,
7137,0.0179387666285038,,2750.351526260376,573.8496325016022,,
7138,0.03129560872912407,,2750.732694387436,573.9270091056824,,
7139,0.020144248381257057,,2751.113301753998,574.0043940544128,,
7140,0.02242574654519558,,2751.4945175647736,574.0817506313324,,
7141,0.022601477801799774,,2751.875291109085,574.1591446399689,,
7142,0.02151646837592125,,2752.2559061050415,574.2365553379059,,
7143,0.01933060586452484,,2752.63699054718,574.3139169216156,,
7144,0.01905951090157032,,2753.017962217331,574.3912935256958,,
7145,0.02854866534471512,,2753.398952484131,574.4687151908875,,
7146,0.02069062367081642,,2753.780202627182,574.5461003780365,,
7147,0.019638488069176674,,2754.1608777046204,574.623517036438,,
7148,0.02043026313185692,,2754.5419521331787,574.7009346485138,,
7149,0.02210679091513157,,2754.923054933548,574.7783310413361,,
7150,0.021267710253596306,,2755.3036420345306,574.855672121048,,
7151,0.029890786856412888,,2755.684416770935,574.9330680370331,,
7152,0.02054290659725666,,2756.065932750702,575.0104372501373,,
7153,0.023073306307196617,,2756.446707725525,575.0878381729126,,
7154,0.01958969421684742,,2756.827926158905,575.1652545928955,,
7155,0.020370427519083023,,2757.437378168106,575.2426152229309,,
7156,0.02337336540222168,,2757.8180689811707,575.3199670314789,,
7157,0.01817001774907112,,2758.199363231659,575.3973569869995,,
7158,0.017434053122997284,,2758.5801413059235,575.474771976471,,
7159,0.018389645963907242,,2758.960994720459,575.5521593093872,,
7160,0.029360024258494377,,2759.3421149253845,575.6295294761658,,
7161,0.028345879167318344,,2759.722836256027,575.7069299221039,,
7162,0.02802901342511177,,2760.10364985466,575.7843112945557,,
7163,0.03586168959736824,,2760.4847326278687,575.8616900444031,,
7164,0.0339425764977932,,2760.8654515743256,575.9390966892242,,
7165,0.033743035048246384,,2761.246104001999,576.0165295600891,,
7166,0.019151970744132996,,2761.6273913383484,576.0939033031464,,
7167,0.027516113594174385,,2762.0081782341003,576.1712734699249,,
7168,0.029478125274181366,,2762.3888421058655,576.2486548423767,,
7169,0.022168932482600212,,2762.7702379226685,576.3260161876678,,
7170,0.017956364899873734,,2763.1509716510773,576.4035370349884,,
7171,0.018336061388254166,,2763.531927585602,576.4809417724609,,
7172,0.025553317740559578,,2763.913176059723,576.5583205223083,,
7173,0.03815746307373047,,2764.293932199478,576.635694026947,,
7174,0.023950079455971718,,2764.6744482517242,576.7130355834961,,
7175,0.04163993522524834,,2765.0555062294006,576.79044008255,,
7176,0.02571825310587883,,2765.4361696243286,576.8678123950958,,
7177,0.01946510188281536,,2765.8169362545013,576.9451713562012,,
7178,0.019992714747786522,,2766.198023557663,577.0225732326508,,
7179,0.0318433940410614,,2766.5787682533264,577.0999593734741,,
7180,0.021041911095380783,,2766.959460258484,577.1773452758789,,
7181,0.020803669467568398,,2767.34073805809,577.254683971405,,
7182,0.03145480528473854,,2767.721477508545,577.3320686817169,,
7183,0.02995348908007145,,2768.102126598358,577.409423828125,,
7184,0.03391338512301445,,2768.4835226535797,577.4867684841156,,
7185,0.030993081629276276,,2768.8644144535065,577.5641462802887,,
7186,0.02773665077984333,,2769.2447493076324,577.641499042511,,
7187,0.0210952740162611,,2769.625960588455,577.7188878059387,,
7188,0.019719354808330536,,2770.0069274902344,577.7962639331818,,
7189,0.02099267765879631,,2770.3887588977814,577.8736510276794,,
7190,0.02327907085418701,,2770.7709879875183,577.9510409832001,,
7191,0.03140107914805412,,2771.1518828868866,578.0284602642059,,
7192,0.03089289553463459,,2771.532982110977,578.1058330535889,,
7193,0.021356331184506416,,2771.914617061615,578.1832196712494,,
7194,0.018173575401306152,,2772.295383453369,578.2605836391449,,
7195,0.018803028389811516,,2772.6761112213135,578.3379185199738,,
7196,0.01824510656297207,,2773.057455301285,578.4153254032135,,
7197,0.017617108300328255,,2773.4380412101746,578.4926836490631,,
7198,0.0180943813174963,,2773.818863391876,578.5700378417969,,
7199,0.01747678592801094,,2774.200169801712,578.6478278636932,,
7200,0.029605867341160774,,2774.580607652664,578.725193977356,,
7201,0.0317063108086586,,2774.961401462555,578.8025622367859,,
7202,0.0286032035946846,,2775.3424005508423,578.8799715042114,,
7203,0.020611636340618134,,2775.723078727722,578.9573216438293,,
7204,0.03747909516096115,,2776.1034650802612,579.0347185134888,,
7205,0.026660779491066933,,2776.4844806194305,579.1120834350586,,
7206,0.019111396744847298,,2776.865089893341,579.1894755363464,,
7207,0.018167536705732346,,2777.2460062503815,579.2668266296387,,
7208,0.020261766389012337,,2777.855017900467,579.3441925048828,,
7209,0.019161244854331017,,2778.2356700897217,579.421546459198,,
7210,0.03251926973462105,,2778.616832256317,579.4989063739777,,
7211,0.04419561102986336,,2778.9978952407837,579.5762557983398,,
7212,0.02799908258020878,,2779.3785259723663,579.653623342514,,
7213,0.019784927368164062,,2779.7597210407257,579.7309997081757,,
7214,0.02182169258594513,,2780.14062666893,579.8083519935608,,
7215,0.021193180233240128,,2780.5213027000427,579.8861434459686,,
7216,0.019549261778593063,,2780.9023475646973,579.9634943008423,,
7217,0.019769268110394478,,2781.283414363861,580.0408987998962,,
7218,0.01864229515194893,,2781.6638860702515,580.1182782649994,,
7219,0.018343118950724602,,2782.045063018799,580.1957023143768,,
7220,0.021779753267765045,,2782.425589799881,580.2730820178986,,
7221,0.03037715144455433,,2782.8062133789062,580.3504614830017,,
7222,0.02802036702632904,,2783.1876022815704,580.427848815918,,
7223,0.023278243839740753,,2783.5682537555695,580.5052344799042,,
7224,0.019431816413998604,,2783.9490468502045,580.5825910568237,,
7225,0.021677784621715546,,2784.3299539089203,580.6599295139313,,
7226,0.020263725891709328,,2784.7103872299194,580.7372665405273,,
7227,0.02251947484910488,,2785.0910108089447,580.8146572113037,,
7228,0.019501326605677605,,2785.472186088562,580.8920166492462,,
7229,0.026906169950962067,,2785.8526713848114,580.9694001674652,,
7230,0.02105439081788063,,2786.2331128120422,581.0467796325684,,
7231,0.019046228379011154,,2786.6143066883087,581.1241538524628,,
7232,0.019955512136220932,,2786.995038509369,581.2015211582184,,
7233,0.019817791879177094,,2787.375663995743,581.2789347171783,,
7234,0.02606198377907276,,2787.7569296360016,581.356302022934,,
7235,0.024535683915019035,,2788.1376938819885,581.4337031841278,,
7236,0.020816948264837265,,2788.5182807445526,581.5110697746277,,
7237,0.022608991712331772,,2788.8995003700256,581.5884492397308,,
7238,0.020579125732183456,,2789.280122280121,581.6658253669739,,
7239,0.027002768591046333,,2789.6607236862183,581.7432520389557,,
7240,0.021546032279729843,,2790.0417618751526,581.82062292099,,
7241,0.017800292000174522,,2790.4223470687866,581.8980050086975,,
7242,0.018631312996149063,,2790.8029403686523,581.9754405021667,,
7243,0.021685805171728134,,2791.1841564178467,582.0528254508972,,
7244,0.01806500367820263,,2791.5648765563965,582.1302261352539,,
7245,0.024195389822125435,,2791.9452905654907,582.2075901031494,,
7246,0.01929742470383644,,2792.3264422416687,582.2849645614624,,
7247,0.019259829074144363,,2792.706854581833,582.362334728241,,
7248,0.01812821999192238,,2793.08748793602,582.4397113323212,,
7249,0.017086293548345566,,2793.4679849147797,582.5175356864929,,
7250,0.031495388597249985,,2793.8484745025635,582.5949084758759,,
7251,0.024907419458031654,,2794.229050397873,582.6722891330719,,
7252,0.02134038135409355,,2794.609954357147,582.7496664524078,,
7253,0.02111734449863434,,2794.990758895874,582.8270437717438,,
7254,0.01896432600915432,,2795.3714258670807,582.9044225215912,,
7255,0.019535277038812637,,2795.752276659012,582.9817986488342,,
7256,0.02207007072865963,,2796.132839679718,583.059232711792,,
7257,0.018477333709597588,,2796.513606071472,583.1366164684296,,
7258,0.025108717381954193,,2796.894830226898,583.214010477066,,
7259,0.022595709189772606,,2797.2757210731506,583.2914011478424,,
7260,0.020358571782708168,,2797.6562411785126,583.3687918186188,,
7261,0.01880691945552826,,2798.2651500701904,583.4461796283722,,
7262,0.02573632448911667,,2798.645902633667,583.5235462188721,,
7263,0.02537091262638569,,2799.0268511772156,583.6009085178375,,
7264,0.01994292438030243,,2799.407399892807,583.6782896518707,,
7265,0.019627202302217484,,2799.7878618240356,583.756017446518,,
7266,0.02047242596745491,,2800.168751001358,583.8334074020386,,
7267,0.033154793083667755,,2800.5494709014893,583.910796880722,,
7268,0.019088301807641983,,2800.929923057556,583.9881987571716,,
7269,0.01920269802212715,,2801.3109979629517,584.0655679702759,,
7270,0.025946013629436493,,2801.6915831565857,584.1429674625397,,
7271,0.022092796862125397,,2802.0721650123596,584.2203481197357,,
7272,0.02066551335155964,,2802.453262090683,584.2977802753448,,
7273,0.022986160591244698,,2802.834033727646,584.3751406669617,,
7274,0.020947350189089775,,2803.2151775360107,584.4525301456451,,
7275,0.018081702291965485,,2803.5968918800354,584.5299344062805,,
7276,0.018451441079378128,,2803.9779381752014,584.6073083877563,,
7277,0.02317456714808941,,2804.3586716651917,584.6846442222595,,
7278,0.02748829498887062,,2804.739510536194,584.7620310783386,,
7279,0.021559542044997215,,2805.120283842087,584.839394569397,,
7280,0.0207644235342741,,2805.501058101654,584.9167623519897,,
7281,0.022298801690340042,,2805.882330417633,584.9941427707672,,
7282,0.02611163817346096,,2806.2632246017456,585.0715050697327,,
7283,0.02510647475719452,,2806.6443164348602,585.148934841156,,
7284,0.018125252798199654,,2807.0257234573364,585.2263414859772,,
7285,0.017657076939940453,,2807.406486749649,585.3036758899689,,
7286,0.030676905065774918,,2807.787023305893,585.3810267448425,,
7287,0.02497560903429985,,2808.168147087097,585.4584083557129,,
7288,0.02507452666759491,,2808.5489127635956,585.5357806682587,,
7289,0.023022880777716637,,2808.9298706054688,585.613165140152,,
7290,0.02735445462167263,,2809.31116771698,585.6905512809753,,
7291,0.03801332786679268,,2809.692280769348,585.767984867096,,
7292,0.0214065033942461,,2810.073355436325,585.8453722000122,,
7293,0.030139321461319923,,2810.454925775528,585.9231610298157,,
7294,0.019574390724301338,,2810.8354873657227,586.0005383491516,,
7295,0.020735125988721848,,2811.216760158539,586.0779311656952,,
7296,0.021002432331442833,,2811.5982110500336,586.1553256511688,,
7297,0.02044062875211239,,2811.9793059825897,586.2330901622772,,
7298,0.019475767388939857,,2812.359477043152,586.3104588985443,,
7299,0.02313798852264881,,2812.7406244277954,586.3878488540649,,
7300,0.025400830432772636,,2813.1214072704315,586.4652600288391,,
7301,0.018067823722958565,,2813.5020818710327,586.5426380634308,,
7302,0.017530784010887146,,2813.883337497711,586.6199944019318,,
7303,0.01982576586306095,,2814.2641820907593,586.6973860263824,,
7304,0.01755630038678646,,2814.6447303295135,586.7751908302307,,
7305,0.022889241576194763,,2815.025766134262,586.8525431156158,,
7306,0.01898025907576084,,2815.4065523147583,586.9299144744873,,
7307,0.029086247086524963,,2815.78711104393,587.0072968006134,,
7308,0.02657000906765461,,2816.1683073043823,587.0848145484924,,
7309,0.01964399218559265,,2816.5489163398743,587.1621894836426,,
7310,0.019736886024475098,,2816.9297184944153,587.2395746707916,,
7311,0.03355294093489647,,2817.311139822006,587.3169264793396,,
7312,0.02719240076839924,,2817.6919548511505,587.3942968845367,,
7313,0.020141849294304848,,2818.0726788043976,587.4716799259186,,
7314,0.02271398901939392,,2818.6815192699432,587.5490815639496,,
7315,0.0191894993185997,,2819.0621383190155,587.626425743103,,
7316,0.01872534118592739,,2819.443400144577,587.7042031288147,,
7317,0.019186891615390778,,2819.8239018917084,587.781596660614,,
7318,0.02428075112402439,,2820.2044389247894,587.8593747615814,,
7319,0.023807253688573837,,2820.5855190753937,587.936737537384,,
7320,0.02484443597495556,,2820.9665064811707,588.0140650272369,,
7321,0.02497108466923237,,2821.3471751213074,588.091460943222,,
7322,0.0176700409501791,,2821.7284729480743,588.1688351631165,,
7323,0.022810181602835655,,2822.1088757514954,588.2462160587311,,
7324,0.019023511558771133,,2822.4895057678223,588.3236095905304,,
7325,0.019610567018389702,,2822.870862722397,588.4010140895844,,
7326,0.020451029762625694,,2823.2519447803497,588.478419303894,,
7327,0.021067852154374123,,2823.6334142684937,588.5558161735535,,
7328,0.01938062347471714,,2824.014964580536,588.63321185112,,
7329,0.022202884778380394,,2824.395914554596,588.71062707901,,
7330,0.024372130632400513,,2824.7765550613403,588.7880222797394,,
7331,0.01771121472120285,,2825.1578135490417,588.8654198646545,,
7332,0.01699494756758213,,2825.5386505126953,588.942800283432,,
7333,0.0174330472946167,,2825.919401407242,589.0202052593231,,
7334,0.019004348665475845,,2826.300747871399,589.0975751876831,,
7335,0.02034318447113037,,2826.681547164917,589.1749129295349,,
7336,0.020990079268813133,,2827.062230825424,589.2522757053375,,
7337,0.019611189141869545,,2827.4439141750336,589.3296408653259,,
7338,0.025054246187210083,,2827.8245248794556,589.4070048332214,,
7339,0.02107006311416626,,2828.2054238319397,589.4843373298645,,
7340,0.020644495263695717,,2828.5868051052094,589.5617067813873,,
7341,0.024365710094571114,,2828.9675900936127,589.639080286026,,
7342,0.017694981768727303,,2829.348488330841,589.7164726257324,,
7343,0.01886632852256298,,2829.7298579216003,589.7938342094421,,
7344,0.02633391134440899,,2830.1106584072113,589.8711848258972,,
7345,0.024362312629818916,,2830.4915828704834,589.9485301971436,,
7346,0.02833412028849125,,2830.873368501663,590.0258791446686,,
7347,0.02826957032084465,,2831.2541542053223,590.1032590866089,,
7348,0.027742724865674973,,2831.6348819732666,590.180624961853,,
7349,0.022375311702489853,,2832.016002893448,590.2579834461212,,
7350,0.028550440445542336,,2832.3968307971954,590.3353383541107,,
7351,0.01992500014603138,,2832.777625799179,590.4127342700958,,
7352,0.019545061513781548,,2833.1588003635406,590.4900894165039,,
7353,0.018970387056469917,,2833.539493560791,590.5674614906311,,
7354,0.020495248958468437,,2833.9202044010162,590.6448435783386,,
7355,0.021982111036777496,,2834.3013322353363,590.7222640514374,,
7356,0.02401883155107498,,2834.682074069977,590.7996413707733,,
7357,0.01840480975806713,,2835.063101530075,590.8770267963409,,
7358,0.018915588036179543,,2835.4447133541107,590.9543740749359,,
7359,0.022414999082684517,,2835.8254158496857,591.0317168235779,,
7360,0.01903766207396984,,2836.206532239914,591.1090822219849,,
7361,0.018555935472249985,,2836.587773323059,591.1864705085754,,
7362,0.01913955993950367,,2836.968456506729,591.2638528347015,,
7363,0.024657314643263817,,2837.349185705185,591.34121966362,,
7364,0.025465892627835274,,2837.7304842472076,591.4185965061188,,
7365,0.01920010894536972,,2838.1112735271454,591.4959499835968,,
7366,0.022623108699917793,,2838.4921395778656,591.57333111763,,
7367,0.02427993342280388,,2839.100887298584,591.6507241725922,,
7368,0.018301909789443016,,2839.48161649704,591.7280735969543,,
7369,0.021627889946103096,,2839.8626861572266,591.8054435253143,,
7370,0.018720408901572227,,2840.243430376053,591.8828022480011,,
7371,0.018396640196442604,,2840.6241359710693,591.9601516723633,,
7372,0.021805545315146446,,2841.0052633285522,592.0375120639801,,
7373,0.0212425384670496,,2841.386090517044,592.1148874759674,,
7374,0.02651422657072544,,2841.766920566559,592.1922469139099,,
7375,0.022926829755306244,,2842.148526906967,592.2696223258972,,
7376,0.02075025998055935,,2842.5293967723846,592.346978187561,,
7377,0.018640505149960518,,2842.910195350647,592.424366235733,,
7378,0.021075276657938957,,2843.2913994789124,592.5017523765564,,
7379,0.019128011539578438,,2843.672661304474,592.5791289806366,,
7380,0.020863909274339676,,2844.0534768104553,592.6564903259277,,
7381,0.02175024524331093,,2844.434770822525,592.7338461875916,,
7382,0.021744143217802048,,2844.815335035324,592.8112592697144,,
7383,0.01757853664457798,,2845.1959097385406,592.8886079788208,,
7384,0.018824853003025055,,2845.5771791934967,592.9659736156464,,
7385,0.017781494185328484,,2845.9577598571777,593.0433280467987,,
7386,0.03720489516854286,,2846.3384606838226,593.1206889152527,,
7387,0.02126762457191944,,2846.7196702957153,593.19806432724,,
7388,0.01748165488243103,,2847.1003942489624,593.2754385471344,,
7389,0.01888878084719181,,2847.4811556339264,593.352795124054,,
7390,0.018558548763394356,,2847.862245082855,593.4301762580872,,
7391,0.018656514585018158,,2848.24329662323,593.507568359375,,
7392,0.018618404865264893,,2848.62392950058,593.5849096775055,,
7393,0.02523997612297535,,2849.0053899288177,593.6622741222382,,
7394,0.017568103969097137,,2849.3857803344727,593.7396640777588,,
7395,0.02270137518644333,,2849.7666091918945,593.8170387744904,,
7396,0.018282605335116386,,2850.147866010666,593.89439868927,,
7397,0.027598466724157333,,2850.528735637665,593.9717736244202,,
7398,0.024433916434645653,,2850.9094524383545,594.0491347312927,,
7399,0.0192314051091671,,2851.2908165454865,594.126532793045,,
7400,0.02272275649011135,,2851.6719567775726,594.2039186954498,,
7401,0.025363242253661156,,2852.0526316165924,594.281313419342,,
7402,0.024265578016638756,,2852.4337105751038,594.3586895465851,,
7403,0.025584490969777107,,2852.8142914772034,594.4360435009003,,
7404,0.028513416647911072,,2853.1950953006744,594.5133936405182,,
7405,0.029855510219931602,,2853.576254606247,594.5907411575317,,
7406,0.018745722249150276,,2853.9568910598755,594.6680929660797,,
7407,0.01820335164666176,,2854.3376898765564,594.745459318161,,
7408,0.019611481577157974,,2854.7191870212555,594.8228476047516,,
7409,0.018245650455355644,,2855.1000621318817,594.9002275466919,,
7410,0.027217676863074303,,2855.4807188510895,594.9775893688202,,
7411,0.022352589294314384,,2855.862023115158,595.0549635887146,,
7412,0.01990070939064026,,2856.242917060852,595.132355928421,,
7413,0.01918020099401474,,2856.623869419098,595.2097072601318,,
7414,0.018899424001574516,,2857.0052721500397,595.287077665329,,
7415,0.019916251301765442,,2857.386146068573,595.3644590377808,,
7416,0.023167358711361885,,2857.7669377326965,595.4418087005615,,
7417,0.017636679112911224,,2858.1482009887695,595.5191788673401,,
7418,0.020632106810808182,,2858.5289237499237,595.5965218544006,,
7419,0.020954659208655357,,2858.9096734523773,595.6738605499268,,
7420,0.017479542642831802,,2859.51926779747,595.7512555122375,,
7421,0.021970195695757866,,2859.9004578590393,595.8287084102631,,
7422,0.017570078372955322,,2860.2818207740784,595.9060642719269,,
7423,0.019727740436792374,,2860.662707567215,595.9834249019623,,
7424,0.022864986211061478,,2861.0434432029724,596.0607883930206,,
7425,0.02172733098268509,,2861.425214290619,596.1381106376648,,
7426,0.019718552008271217,,2861.8060512542725,596.2154552936554,,
7427,0.029782447963953018,,2862.187065601349,596.2928049564362,,
7428,0.018329476937651634,,2862.5682237148285,596.3703699111938,,
7429,0.017048075795173645,,2862.9489817619324,596.4477427005768,,
7430,0.02003326267004013,,2863.329854488373,596.5251097679138,,
7431,0.02972896210849285,,2863.711477994919,596.6025099754333,,
7432,0.02644217200577259,,2864.0923416614532,596.6799178123474,,
7433,0.02308221347630024,,2864.472908973694,596.7572922706604,,
7434,0.023099670186638832,,2864.854135990143,596.8346457481384,,
7435,0.021143371239304543,,2865.234800338745,596.9120485782623,,
7436,0.018388180062174797,,2865.615496635437,596.9893798828125,,
7437,0.019639650359749794,,2865.996685743332,597.0667307376862,,
7438,0.023757988587021828,,2866.3773033618927,597.1440868377686,,
7439,0.018623387441039085,,2866.7578139305115,597.2214677333832,,
7440,0.020164286717772484,,2867.139025449753,597.2988481521606,,
7441,0.01780298352241516,,2867.5196969509125,597.3762047290802,,
7442,0.021585311740636826,,2867.9008963108063,597.4536035060883,,
7443,0.018948346376419067,,2868.282169342041,597.5309679508209,,
7444,0.017903953790664673,,2868.662938117981,597.6083285808563,,
7445,0.01903013326227665,,2869.043565273285,597.6857023239136,,
7446,0.02258194237947464,,2869.424715280533,597.7630712985992,,
7447,0.018609076738357544,,2869.8056979179382,597.8404273986816,,
7448,0.018419237807393074,,2870.1866567134857,597.9177916049957,,
7449,0.01952270418405533,,2870.5680100917816,597.9951596260071,,
7450,0.018736915662884712,,2870.9485428333282,598.0725243091583,,
7451,0.025229034945368767,,2871.329166650772,598.1498954296112,,
7452,0.026870330795645714,,2871.7103905677795,598.2272546291351,,
7453,0.023081276565790176,,2872.091225385666,598.304625749588,,
7454,0.02016535773873329,,2872.4719710350037,598.3819844722748,,
7455,0.01891462691128254,,2872.8532721996307,598.4593694210052,,
7456,0.019391315057873726,,2873.2339746952057,598.5367681980133,,
7457,0.020971324294805527,,2873.6142778396606,598.6141624450684,,
7458,0.019145118072628975,,2873.995377779007,598.6915714740753,,
7459,0.01887337490916252,,2874.3760380744934,598.7689683437347,,
7460,0.022295881062746048,,2874.7570378780365,598.8463931083679,,
7461,0.018850555643439293,,2875.138852596283,598.9238088130951,,
7462,0.021029165014624596,,2875.519681453705,599.0012922286987,,
7463,0.020960481837391853,,2875.9008073806763,599.0787832736969,,
7464,0.022569283843040466,,2876.28271150589,599.1561720371246,,
7465,0.02171161212027073,,2876.6636459827423,599.233564376831,,
7466,0.020243536680936813,,2877.0447368621826,599.3109555244446,,
7467,0.018491292372345924,,2877.425760984421,599.3883063793182,,
7468,0.021963855251669884,,2877.8065989017487,599.4656746387482,,
7469,0.0190650075674057,,2878.1871886253357,599.5430431365967,,
7470,0.021926121786236763,,2878.5684928894043,599.6204001903534,,
7471,0.030604543164372444,,2878.949278831482,599.6977589130402,,
7472,0.02350642904639244,,2879.329573869705,599.7751274108887,,
7473,0.01713271252810955,,2879.9381608963013,599.8524839878082,,
7474,0.017197078093886375,,2880.3189508914948,599.9298603534698,,
7475,0.026975834742188454,,2880.700236082077,600.0072252750397,,
7476,0.02258175052702427,,2881.0809514522552,600.0846064090729,,
7477,0.019420741125941277,,2881.4616112709045,600.1619608402252,,
7478,0.01953604444861412,,2881.842900276184,600.239358663559,,
7479,0.02103659138083458,,2882.223601102829,600.3167471885681,,
7480,0.018984965980052948,,2882.6042337417603,600.394150018692,,
7481,0.019200962036848068,,2882.9852483272552,600.4715530872345,,
7482,0.02314782328903675,,2883.3659648895264,600.5489456653595,,
7483,0.018641052767634392,,2883.7468559741974,600.6262676715851,,
7484,0.020685449242591858,,2884.128464460373,600.7036244869232,,
7485,0.024400167167186737,,2884.5090897083282,600.7809987068176,,
7486,0.022878307849168777,,2884.889488220215,600.8583600521088,,
7487,0.021009372547268867,,2885.2708642482758,600.9357504844666,,
7488,0.025334345176815987,,2885.651640176773,601.0130958557129,,
7489,0.02114398404955864,,2886.032343149185,601.0904688835144,,
7490,0.01857054978609085,,2886.4134776592255,601.1678514480591,,
7491,0.01934892125427723,,2886.7940850257874,601.2452383041382,,
7492,0.01909259334206581,,2887.174618959427,601.3226158618927,,
7493,0.023745927959680557,,2887.5558292865753,601.3999788761139,,
7494,0.01759263314306736,,2887.9363424777985,601.4773571491241,,
7495,0.021535737439990044,,2888.3168692588806,601.554726600647,,
7496,0.03079218976199627,,2888.697961330414,601.6321244239807,,
7497,0.017782898619771004,,2889.0786225795746,601.7095031738281,,
7498,0.025211147964000702,,2889.4593477249146,601.786871433258,,
7499,0.023112909868359566,,2889.8402996063232,601.8642463684082,,
7500,0.025882378220558167,0.020479436963796616,2890.221200466156,603.3525810241699,0.02069065347313881,0.05163948982954025
7501,0.019788648933172226,,2890.602454185486,603.4299535751343,,
7502,0.028883541002869606,,2890.9831459522247,603.5073215961456,,
7503,0.023274993523955345,,2891.3639369010925,603.5847096443176,,
7504,0.026775473728775978,,2891.745176553726,603.662068605423,,
7505,0.021808572113513947,,2892.1262221336365,603.7394509315491,,
7506,0.02788826823234558,,2892.5070567131042,603.8168096542358,,
7507,0.027012500911951065,,2892.8884942531586,603.8941812515259,,
7508,0.035796310752630234,,2893.2692642211914,603.971518278122,,
7509,0.026199165731668472,,2893.649763584137,604.048919916153,,
7510,0.019546305760741234,,2894.031052350998,604.1262784004211,,
7511,0.020235124975442886,,2894.4119367599487,604.2036681175232,,
7512,0.019655510783195496,,2894.792708158493,604.281076669693,,
7513,0.01958703249692917,,2895.1737987995148,604.3584489822388,,
7514,0.018791327252984047,,2895.554737329483,604.4358298778534,,
7515,0.022208066657185555,,2895.9353473186493,604.5131769180298,,
7516,0.02859891764819622,,2896.3166975975037,604.5905125141144,,
7517,0.026426373049616814,,2896.6973383426666,604.6678850650787,,
7518,0.018268680199980736,,2897.078094959259,604.7452168464661,,
7519,0.020965373143553734,,2897.459239721298,604.8225898742676,,
7520,0.01738029532134533,,2897.8401482105255,604.899964094162,,
7521,0.017428724095225334,,2898.2210779190063,604.977358341217,,
7522,0.017351873219013214,,2898.6021258831024,605.0547337532043,,
7523,0.018077276647090912,,2898.982466697693,605.1321220397949,,
7524,0.01985926926136017,,2899.3631370067596,605.2095031738281,,
7525,0.019020015373826027,,2899.744344472885,605.2868740558624,,
7526,0.02190081588923931,,2900.353078842163,605.3642747402191,,
7527,0.01814056560397148,,2900.7337806224823,605.4416573047638,,
7528,0.01666460558772087,,2901.114842891693,605.519036769867,,
7529,0.01695244014263153,,2901.4957048892975,605.5964422225952,,
7530,0.017706897109746933,,2901.877105951309,605.6738238334656,,
7531,0.02082536555826664,,2902.2584795951843,605.75119805336,,
7532,0.027876753360033035,,2902.6392397880554,605.8285644054413,,
7533,0.02351682074368,,2903.020409345627,605.9059536457062,,
7534,0.021672150120139122,,2903.401099205017,605.9833102226257,,
7535,0.022200800478458405,,2903.7819163799286,606.0606760978699,,
7536,0.022274667397141457,,2904.1631433963776,606.1380259990692,,
7537,0.04173373430967331,,2904.5439779758453,606.2154068946838,,
7538,0.02035130187869072,,2904.9247143268585,606.2927670478821,,
7539,0.023741675540804863,,2905.305972099304,606.370151758194,,
7540,0.02140727825462818,,2905.6865010261536,606.4475328922272,,
7541,0.02699284814298153,,2906.067436695099,606.524915933609,,
7542,0.02456645853817463,,2906.448653459549,606.6023485660553,,
7543,0.02457190863788128,,2906.8294217586517,606.6797196865082,,
7544,0.027394818142056465,,2907.210052728653,606.7570767402649,,
7545,0.028504977002739906,,2907.591400384903,606.834597826004,,
7546,0.02153889089822769,,2907.972102165222,606.9119808673859,,
7547,0.018991678953170776,,2908.353623867035,606.9893817901611,,
7548,0.030667901039123535,,2908.7352862358093,607.066742181778,,
7549,0.03216501697897911,,2909.1161670684814,607.1441187858582,,
7550,0.0410439595580101,,2909.49702167511,607.2214725017548,,
7551,0.02532985247671604,,2909.878256559372,607.2987895011902,,
7552,0.020897774025797844,,2910.2588703632355,607.3761448860168,,
7553,0.03022095188498497,,2910.639330625534,607.4534916877747,,
7554,0.019792960956692696,,2911.0208241939545,607.5308549404144,,
7555,0.020395053550601006,,2911.4018399715424,607.6082186698914,,
7556,0.018398037180304527,,2911.782918214798,607.6855998039246,,
7557,0.020221084356307983,,2912.1642673015594,607.762912273407,,
7558,0.018687928095459938,,2912.5449521541595,607.8402845859528,,
7559,0.019569095224142075,,2912.925772666931,607.9176471233368,,
7560,0.03279099240899086,,2913.307024717331,607.9950065612793,,
7561,0.019725246354937553,,2913.6876096725464,608.0723509788513,,
7562,0.025028524920344353,,2914.0684249401093,608.1496834754944,,
7563,0.024617839604616165,,2914.449772834778,608.2270588874817,,
7564,0.023687319830060005,,2914.830957889557,608.3044564723969,,
7565,0.021374069154262543,,2915.211970090866,608.3818354606628,,
7566,0.02420041896402836,,2915.5971937179565,608.4591805934906,,
7567,0.03466331586241722,,2915.9779171943665,608.5365309715271,,
7568,0.019870700314641,,2916.3590700626373,608.6139006614685,,
7569,0.022525407373905182,,2916.740343093872,608.6912620067596,,
7570,0.020942095667123795,,2917.1210973262787,608.7686069011688,,
7571,0.024301491677761078,,2917.5017437934875,608.8459618091583,,
7572,0.02566794492304325,,2917.882922410965,608.9233260154724,,
7573,0.01985507272183895,,2918.2635877132416,609.0006766319275,,
7574,0.02181709185242653,,2918.6443519592285,609.0780308246613,,
7575,0.019780028611421585,,2919.025737285614,609.1553876399994,,
7576,0.04107638821005821,,2919.4065566062927,609.2327485084534,,
7577,0.03363210707902908,,2919.7871046066284,609.3101031780243,,
7578,0.021034182980656624,,2920.168543815613,609.3874671459198,,
7579,0.01821710169315338,,2920.77693772316,609.4648177623749,,
7580,0.020260285586118698,,2921.158124446869,609.5421783924103,,
7581,0.01946413703262806,,2921.5389947891235,609.6195819377899,,
7582,0.020693494006991386,,2921.919672012329,609.6969392299652,,
7583,0.02069283463060856,,2922.3010828495026,609.7742626667023,,
7584,0.021767880767583847,,2922.6818387508392,609.8515779972076,,
7585,0.019200878217816353,,2923.0625858306885,609.9289076328278,,
7586,0.019018203020095825,,2923.443811893463,610.0062410831451,,
7587,0.0191347673535347,,2923.8246173858643,610.0835745334625,,
7588,0.030934497714042664,,2924.205399751663,610.1609206199646,,
7589,0.019548596814274788,,2924.5868628025055,610.2382819652557,,
7590,0.023209379985928535,,2924.967713356018,610.3156418800354,,
7591,0.01843927800655365,,2925.348707675934,610.3929905891418,,
7592,0.02385280281305313,,2925.729813337326,610.4703180789948,,
7593,0.01748768426477909,,2926.110895872116,610.5477197170258,,
7594,0.016791602596640587,,2926.4915158748627,610.625093460083,,
7595,0.02242298424243927,,2926.8728601932526,610.7024719715118,,
7596,0.03372795507311821,,2927.253495693207,610.7798705101013,,
7597,0.01728273741900921,,2927.63436794281,610.8572318553925,,
7598,0.016786646097898483,,2928.01606464386,610.9346334934235,,
7599,0.017410486936569214,,2928.396819829941,611.0120120048523,,
7600,0.019298318773508072,,2928.778368473053,611.0893950462341,,
7601,0.018277492374181747,,2929.159402370453,611.1671862602234,,
7602,0.019079316407442093,,2929.539934158325,611.2445533275604,,
7603,0.018932543694972992,,2929.9205515384674,611.3219273090363,,
7604,0.018108965829014778,,2930.3018391132355,611.3993546962738,,
7605,0.020120758563280106,,2930.682641983032,611.4767472743988,,
7606,0.020145181566476822,,2931.0634229183197,611.5541326999664,,
7607,0.022146955132484436,,2931.4444267749786,611.631530046463,,
7608,0.017822997644543648,,2931.8251254558563,611.7089021205902,,
7609,0.021250812336802483,,2932.2060742378235,611.7862873077393,,
7610,0.01905982196331024,,2932.587716817856,611.8636438846588,,
7611,0.02430698275566101,,2932.96843624115,611.940994977951,,
7612,0.023314710706472397,,2933.3488438129425,612.0183248519897,,
7613,0.03108024410903454,,2933.7299649715424,612.0956559181213,,
7614,0.018212344497442245,,2934.110601425171,612.1730899810791,,
7615,0.018712380900979042,,2934.4914751052856,612.2504544258118,,
7616,0.02680322155356407,,2934.8723702430725,612.3277921676636,,
7617,0.0172104574739933,,2935.2534461021423,612.4051566123962,,
7618,0.030568597838282585,,2935.6340742111206,612.4824845790863,,
7619,0.021250391378998756,,2936.0153691768646,612.5602653026581,,
7620,0.019348422065377235,,2936.395886182785,612.6376442909241,,
7621,0.019752513617277145,,2936.776556491852,612.7150321006775,,
7622,0.029653823003172874,,2937.1578302383423,612.7923929691315,,
7623,0.019699545577168465,,2937.53839802742,612.8697326183319,,
7624,0.02166108973324299,,2937.919575214386,612.9471247196198,,
7625,0.017941834405064583,,2938.300671815872,613.0244672298431,,
7626,0.018780842423439026,,2938.6817026138306,613.10182762146,,
7627,0.01970863714814186,,2939.062561750412,613.1791830062866,,
7628,0.026933366432785988,,2939.443857192993,613.2565219402313,,
7629,0.019294751808047295,,2939.824688911438,613.3339231014252,,
7630,0.019319210201501846,,2940.2052652835846,613.4113442897797,,
7631,0.024144019931554794,,2940.586744785309,613.4886984825134,,
7632,0.03025408834218979,,2941.1951167583466,613.5661129951477,,
7633,0.019518449902534485,,2941.5764400959015,613.6434895992279,,
7634,0.0179562009871006,,2941.957325220108,613.7208652496338,,
7635,0.019041679799556732,,2942.3380811214447,613.7982351779938,,
7636,0.020519880577921867,,2942.7194373607635,613.8755939006805,,
7637,0.020450595766305923,,2943.099931716919,613.9529569149017,,
7638,0.018340274691581726,,2943.480714559555,614.030336856842,,
7639,0.01774955354630947,,2943.861909866333,614.107697725296,,
7640,0.0239998921751976,,2944.2427999973297,614.1850538253784,,
7641,0.02046346478164196,,2944.6235733032227,614.2624416351318,,
7642,0.027485035359859467,,2945.0047969818115,614.3398501873016,,
7643,0.029810508713126183,,2945.385737657547,614.4172377586365,,
7644,0.0194641575217247,,2945.7665672302246,614.4946222305298,,
7645,0.020355205982923508,,2946.147628068924,614.5719926357269,,
7646,0.02488233894109726,,2946.5283484458923,614.6493630409241,,
7647,0.019619792699813843,,2946.9092972278595,614.726723909378,,
7648,0.018746063113212585,,2947.290736436844,614.8041059970856,,
7649,0.02276262454688549,,2947.671660423279,614.8814780712128,,
7650,0.019052695482969284,,2948.0527181625366,614.9588508605957,,
7651,0.022437674924731255,,2948.434062719345,615.0361843109131,,
7652,0.04311243072152138,,2948.8153693675995,615.1135473251343,,
7653,0.024180486798286438,,2949.195940256119,615.1908895969391,,
7654,0.024126777425408363,,2949.5774264335632,615.2682530879974,,
7655,0.01952299475669861,,2949.958167552948,615.345606803894,,
7656,0.019613247364759445,,2950.3389399051666,615.4229156970978,,
7657,0.02027694694697857,,2950.7200980186462,615.5002813339233,,
7658,0.020093925297260284,,2951.10072350502,615.5776426792145,,
7659,0.019741417840123177,,2951.481213092804,615.6549816131592,,
7660,0.021996967494487762,,2951.8624942302704,615.732364654541,,
7661,0.019206557422876358,,2952.243083000183,615.809728384018,,
7662,0.01773224025964737,,2952.6238701343536,615.8871080875397,,
7663,0.018216587603092194,,2953.0051593780518,615.96444272995,,
7664,0.01756618730723858,,2953.385856628418,616.0418224334717,,
7665,0.02067561447620392,,2953.766571044922,616.1191821098328,,
7666,0.023692661896348,,2954.1478095054626,616.1965522766113,,
7667,0.01686914451420307,,2954.528651237488,616.2739386558533,,
7668,0.021447671577334404,,2954.9095668792725,616.351291179657,,
7669,0.01753413677215576,,2955.291388273239,616.42866563797,,
7670,0.02661786414682865,,2955.6717734336853,616.5060443878174,,
7671,0.03007938154041767,,2956.052528142929,616.5834052562714,,
7672,0.025981739163398743,,2956.4339032173157,616.6608173847198,,
7673,0.018505265936255455,,2956.8150713443756,616.738195180893,,
7674,0.022058743983507156,,2957.195927619934,616.8155789375305,,
7675,0.024766771122813225,,2957.5771174430847,616.8929662704468,,
7676,0.02260104939341545,,2957.9578289985657,616.9703233242035,,
7677,0.019267087802290916,,2958.3381481170654,617.0476980209351,,
7678,0.019343793392181396,,2958.7192990779877,617.1250236034393,,
7679,0.02989450842142105,,2959.1000502109528,617.2023940086365,,
7680,0.029556099325418472,,2959.480741739273,617.2797479629517,,
7681,0.021170036867260933,,2959.861831188202,617.3571176528931,,
7682,0.01731383427977562,,2960.2425611019135,617.434492111206,,
7683,0.02572750113904476,,2960.6232495307922,617.5119514465332,,
7684,0.025699252262711525,,2961.004532814026,617.589361667633,,
7685,0.0255084540694952,,2961.6132323741913,617.6667768955231,,
7686,0.02694266103208065,,2961.9951963424683,617.7441713809967,,
7687,0.02519485168159008,,2962.3758454322815,617.8215577602386,,
7688,0.024398207664489746,,2962.7565190792084,617.898889541626,,
7689,0.024476727470755577,,2963.137836933136,617.9762516021729,,
7690,0.02147557958960533,,2963.5185227394104,618.0535864830017,,
7691,0.021159974858164787,,2963.899165868759,618.1309292316437,,
7692,0.018649742007255554,,2964.2803876399994,618.208251953125,,
7693,0.018048495054244995,,2964.6615736484528,618.2856290340424,,
7694,0.021706484258174896,,2965.042759656906,618.3630359172821,,
7695,0.022038418799638748,,2965.4240248203278,618.4403874874115,,
7696,0.01901824213564396,,2965.8046836853027,618.5177457332611,,
7697,0.022595252841711044,,2966.1856865882874,618.5951051712036,,
7698,0.024037903174757957,,2966.5669050216675,618.67245054245,,
7699,0.022594818845391273,,2966.9476222991943,618.749840259552,,
7700,0.019070003181695938,,2967.3284227848053,618.8272070884705,,
7701,0.0217007827013731,,2967.709680557251,618.9045748710632,,
7702,0.027050305157899857,,2968.09033536911,618.9819483757019,,
7703,0.017272578552365303,,2968.471613883972,619.059289932251,,
7704,0.01818130724132061,,2968.852786540985,619.1366403102875,,
7705,0.01993989758193493,,2969.233386516571,619.2139618396759,,
7706,0.018943583592772484,,2969.614481687546,619.2912871837616,,
7707,0.018431391566991806,,2969.9956007003784,619.3686482906342,,
7708,0.018380941823124886,,2970.376227378845,619.4460034370422,,
7709,0.020448947325348854,,2970.7570009231567,619.5233647823334,,
7710,0.020214667543768883,,2971.13827085495,619.6007142066956,,
7711,0.019771508872509003,,2971.5189566612244,619.6780610084534,,
7712,0.019938524812459946,,2971.8996782302856,619.7554206848145,,
7713,0.028738047927618027,,2972.280834197998,619.8327729701996,,
7714,0.027893545106053352,,2972.6617815494537,619.9101486206055,,
7715,0.019170308485627174,,2973.043086528778,619.9875063896179,,
7716,0.018979255110025406,,2973.4241876602173,620.0648500919342,,
7717,0.017220264300704002,,2973.8050458431244,620.1422111988068,,
7718,0.018364451825618744,,2974.186294555664,620.2195773124695,,
7719,0.0209371168166399,,2974.567903995514,620.2969479560852,,
7720,0.019938316196203232,,2974.948487520218,620.3743319511414,,
7721,0.017043331637978554,,2975.329888343811,620.4517023563385,,
7722,0.020389845594763756,,2975.7109780311584,620.5290751457214,,
7723,0.020436791703104973,,2976.091613292694,620.6064281463623,,
7724,0.01901073381304741,,2976.472331762314,620.6838014125824,,
7725,0.027356119826436043,,2976.8532254695892,620.7612237930298,,
7726,0.018121367320418358,,2977.233706712723,620.8386402130127,,
7727,0.022089699283242226,,2977.6144564151764,620.9160113334656,,
7728,0.017661353573203087,,2977.9955513477325,620.9933750629425,,
7729,0.018205128610134125,,2978.3768661022186,621.0707221031189,,
7730,0.025448262691497803,,2978.7574236392975,621.1481447219849,,
7731,0.02190013788640499,,2979.1386981010437,621.2255005836487,,
7732,0.01861639879643917,,2979.519429922104,621.3028790950775,,
7733,0.020072534680366516,,2979.9001891613007,621.3802759647369,,
7734,0.020338082686066628,,2980.2813761234283,621.4577007293701,,
7735,0.023542141541838646,,2980.6623079776764,621.5351078510284,,
7736,0.021951492875814438,,2981.043361902237,621.6125273704529,,
7737,0.01954370178282261,,2981.42480134964,621.689932346344,,
7738,0.019753867760300636,,2982.0338366031647,621.7673087120056,,
7739,0.02108091115951538,,2982.414950609207,621.8446941375732,,
7740,0.01990465074777603,,2982.7957689762115,621.9220442771912,,
7741,0.02244649827480316,,2983.1766650676727,621.9994020462036,,
7742,0.02125455066561699,,2983.557839155197,622.0768511295319,,
7743,0.028005510568618774,,2983.9385466575623,622.1542246341705,,
7744,0.01919339969754219,,2984.319356918335,622.2315888404846,,
7745,0.018996085971593857,,2984.70059633255,622.3089642524719,,
7746,0.017489800229668617,,2985.0813558101654,622.3863244056702,,
7747,0.017152616754174232,,2985.462213754654,622.4636778831482,,
7748,0.017029335722327232,,2985.84326672554,622.5410342216492,,
7749,0.02147325500845909,,2986.224004983902,622.6183919906616,,
7750,0.01731235347688198,,2986.6044919490814,622.695728302002,,
7751,0.017744828015565872,,2986.985780239105,622.7731096744537,,
7752,0.017214953899383545,,2987.366646051407,622.8504819869995,,
7753,0.017464395612478256,,2987.747538805008,622.927841424942,,
7754,0.016538990661501884,,2988.1288979053497,623.0051879882812,,
7755,0.017907069995999336,,2988.5099160671234,623.0825626850128,,
7756,0.017665481194853783,,2988.8906030654907,623.1599352359772,,
7757,0.02935326285660267,,2989.272239923477,623.2373161315918,,
7758,0.02761119417846203,,2989.653030395508,623.3147041797638,,
7759,0.03465844318270683,,2990.033845424652,623.3920178413391,,
7760,0.020059585571289062,,2990.415134906769,623.4693789482117,,
7761,0.018769025802612305,,2990.795996904373,623.5467584133148,,
7762,0.019737612456083298,,2991.1766953468323,623.6241526603699,,
7763,0.02390202321112156,,2991.5576310157776,623.7015173435211,,
7764,0.018582046031951904,,2991.938567876816,623.7788679599762,,
7765,0.019082339480519295,,2992.3196773529053,623.8562428951263,,
7766,0.035225145518779755,,2992.7008731365204,623.9336278438568,,
7767,0.031001267954707146,,2993.0816531181335,624.0110020637512,,
7768,0.02651539444923401,,2993.4623725414276,624.0883779525757,,
7769,0.017692187801003456,,2993.8436958789825,624.1657774448395,,
7770,0.022062130272388458,,2994.2239434719086,624.2431604862213,,
7771,0.01938524842262268,,2994.60480928421,624.320522069931,,
7772,0.020093226805329323,,2994.9861073493958,624.3978929519653,,
7773,0.019860979169607162,,2995.3669238090515,624.4752717018127,,
7774,0.02030217833817005,,2995.7476286888123,624.5526328086853,,
7775,0.01989840343594551,,2996.1288340091705,624.6300284862518,,
7776,0.01877422258257866,,2996.509463071823,624.7073922157288,,
7777,0.017844974994659424,,2996.8902459144592,624.7847807407379,,
7778,0.017598064616322517,,2997.2719700336456,624.8621411323547,,
7779,0.020208705216646194,,2997.652711868286,624.9394807815552,,
7780,0.018902191892266273,,2998.033385515213,625.0168159008026,,
7781,0.017764892429113388,,2998.414402484894,625.0941798686981,,
7782,0.01819615066051483,,2998.7952280044556,625.1715543270111,,
7783,0.02474210411310196,,2999.175674200058,625.2489006519318,,
7784,0.020903171971440315,,2999.55682015419,625.3262827396393,,
7785,0.02412932738661766,,2999.9374845027924,625.4036428928375,,
7786,0.01833474077284336,,3000.318334341049,625.4810004234314,,
7787,0.04333464428782463,,3000.6993827819824,625.558357000351,,
7788,0.021213984116911888,,3001.080237388611,625.6357064247131,,
7789,0.021301504224538803,,3001.4610483646393,625.7130551338196,,
7790,0.026619354262948036,,3001.8422451019287,625.7904071807861,,
7791,0.026494305580854416,,3002.450659751892,625.8677730560303,,
7792,0.025517674162983894,,3002.8318490982056,625.9451422691345,,
7793,0.020981721580028534,,3003.212590932846,626.0225014686584,,
7794,0.027950173243880272,,3003.593366384506,626.09987616539,,
7795,0.019264832139015198,,3003.9744992256165,626.1772301197052,,
7796,0.02486981637775898,,3004.355281829834,626.2545735836029,,
7797,0.02340131253004074,,3004.7362792491913,626.3319199085236,,
7798,0.017666522413492203,,3005.1175887584686,626.4093248844147,,
7799,0.01826787181198597,,3005.4986498355865,626.4867358207703,,
7800,0.024186715483665466,,3005.8793795108795,626.5640988349915,,
7801,0.018561409786343575,,3006.2607374191284,626.6414330005646,,
7802,0.02379089780151844,,3006.6413490772247,626.7187802791595,,
7803,0.021769903600215912,,3007.022080183029,626.7962625026703,,
7804,0.022891545668244362,,3007.4032430648804,626.873651266098,,
7805,0.02478836663067341,,3007.784092903137,626.9510354995728,,
7806,0.017503269016742706,,3008.164792060852,627.0284168720245,,
7807,0.02186931110918522,,3008.5461943149567,627.1057932376862,,
7808,0.022268623113632202,,3008.9267480373383,627.1831479072571,,
7809,0.021724127233028412,,3009.30744433403,627.2605051994324,,
7810,0.024699009954929352,,3009.688448905945,627.3378887176514,,
7811,0.02573353797197342,,3010.0690994262695,627.4152348041534,,
7812,0.019228680059313774,,3010.449815273285,627.4925849437714,,
7813,0.019983908161520958,,3010.8309903144836,627.5699467658997,,
7814,0.03591662645339966,,3011.2116549015045,627.6473078727722,,
7815,0.023195138201117516,,3011.5922355651855,627.7246742248535,,
7816,0.03250911831855774,,3011.9734146595,627.8020360469818,,
7817,0.025280801579356194,,3012.354075193405,627.8793995380402,,
7818,0.025187022984027863,,3012.734966278076,627.9567310810089,,
7819,0.029603084549307823,,3013.116163253784,628.0340807437897,,
7820,0.024554936215281487,,3013.497225999832,628.1114485263824,,
7821,0.023271476849913597,,3013.87824344635,628.1888122558594,,
7822,0.02580265887081623,,3014.259296655655,628.2661719322205,,
7823,0.023953048512339592,,3014.6399431228638,628.3435382843018,,
7824,0.018932491540908813,,3015.0209650993347,628.4208862781525,,
7825,0.020537102594971657,,3015.4023957252502,628.4982736110687,,
7826,0.01993943378329277,,3015.783159971237,628.5756452083588,,
7827,0.02223539538681507,,3016.1638917922974,628.6530041694641,,
7828,0.021927526220679283,,3016.5454998016357,628.7303500175476,,
7829,0.02253980189561844,,3016.9260630607605,628.8077237606049,,
7830,0.018892556428909302,,3017.306808233261,628.8850841522217,,
7831,0.018497129902243614,,3017.6879935264587,628.9624583721161,,
7832,0.019988195970654488,,3018.0688421726227,629.0398409366608,,
7833,0.028329186141490936,,3018.449770927429,629.1172344684601,,
7834,0.026620248332619667,,3018.830984354019,629.1946365833282,,
7835,0.032653409987688065,,3019.211777448654,629.271986246109,,
7836,0.021137915551662445,,3019.5926852226257,629.3493716716766,,
7837,0.029643133282661438,,3019.97385764122,629.4267425537109,,
7838,0.02538694255053997,,3020.354110956192,629.5041358470917,,
7839,0.025684494525194168,,3020.73481798172,629.5815134048462,,
7840,0.02329232729971409,,3021.116199731827,629.6589074134827,,
7841,0.020572133362293243,,3021.4975068569183,629.7362887859344,,
7842,0.018795855343341827,,3021.8782675266266,629.8136804103851,,
7843,0.02484889142215252,,3022.259256362915,629.891049861908,,
7844,0.026739755645394325,,3022.8674125671387,629.9683918952942,,
7845,0.02531169354915619,,3023.2487378120422,630.0457632541656,,
7846,0.0209029708057642,,3023.629604578018,630.1231191158295,,
7847,0.019564151763916016,,3024.0102772712708,630.2004961967468,,
7848,0.02338353730738163,,3024.391188621521,630.2778568267822,,
7849,0.02707495354115963,,3024.7718353271484,630.3552207946777,,
7850,0.022775644436478615,,3025.152595281601,630.4325561523438,,
7851,0.02090637758374214,,3025.5336215496063,630.5099139213562,,
7852,0.03695611655712128,,3025.9143645763397,630.5872724056244,,
7853,0.025748204439878464,,3026.294942855835,630.6646342277527,,
7854,0.018734270706772804,,3026.6760346889496,630.7419764995575,,
7855,0.03190353140234947,,3027.0567622184753,630.8193168640137,,
7856,0.033149201422929764,,3027.4375174045563,630.896684885025,,
7857,0.04119623079895973,,3027.8186705112457,630.9740886688232,,
7858,0.03440817818045616,,3028.199408531189,631.0514645576477,,
7859,0.02021818235516548,,3028.579756498337,631.1288027763367,,
7860,0.022984476760029793,,3028.9609966278076,631.2061479091644,,
7861,0.030799182131886482,,3029.341742992401,631.2835278511047,,
7862,0.02585744671523571,,3029.7229499816895,631.3608703613281,,
7863,0.027369562536478043,,3030.1041419506073,631.4382212162018,,
7864,0.021436575800180435,,3030.484958410263,631.5155699253082,,
7865,0.03085036762058735,,3030.865520954132,631.5929334163666,,
7866,0.02035302296280861,,3031.246744155884,631.6702837944031,,
7867,0.018624765798449516,,3031.627414703369,631.7476627826691,,
7868,0.01998525857925415,,3032.008024930954,631.8250410556793,,
7869,0.026949236169457436,,3032.3892121315002,631.9023983478546,,
7870,0.029256999492645264,,3032.769832134247,631.9797794818878,,
7871,0.026043793186545372,,3033.1505143642426,632.0571327209473,,
7872,0.02750845067203045,,3033.531636238098,632.1344983577728,,
7873,0.018351931124925613,,3033.9124054908752,632.2119026184082,,
7874,0.02170979045331478,,3034.2934427261353,632.2892837524414,,
7875,0.02671583741903305,,3034.6744391918182,632.3666734695435,,
7876,0.02316839061677456,,3035.0557882785797,632.4440529346466,,
7877,0.024643784388899803,,3035.436445236206,632.5214097499847,,
7878,0.020256096497178078,,3035.817698955536,632.59876704216,,
7879,0.031046854332089424,,3036.1985199451447,632.6761498451233,,
7880,0.021807285025715828,,3036.5792965888977,632.753515958786,,
7881,0.02987220697104931,,3036.960202217102,632.8308880329132,,
7882,0.026616541668772697,,3037.340604543686,632.9082698822021,,
7883,0.024247542023658752,,3037.721253156662,632.9856185913086,,
7884,0.024402514100074768,,3038.1019310951233,633.0629806518555,,
7885,0.026196325197815895,,3038.4823744297028,633.1403594017029,,
7886,0.028372561559081078,,3038.8627223968506,633.2177352905273,,
7887,0.020602790638804436,,3039.2434899806976,633.2951121330261,,
7888,0.025680093094706535,,3039.6239252090454,633.3724794387817,,
7889,0.0282194372266531,,3040.0042464733124,633.4498600959778,,
7890,0.03127918764948845,,3040.385129928589,633.5272355079651,,
7891,0.02386539615690708,,3040.765434026718,633.6046092510223,,
7892,0.01863260380923748,,3041.1457772254944,633.6819598674774,,
7893,0.021677833050489426,,3041.526563644409,633.7593264579773,,
7894,0.02575775235891342,,3041.906845331192,633.8366723060608,,
7895,0.019260434433817863,,3042.287271976471,633.9140577316284,,
7896,0.019854702055454254,,3042.6681945323944,633.991409778595,,
7897,0.019952107220888138,,3043.276114463806,634.0687830448151,,
7898,0.020212309435009956,,3043.6571333408356,634.1461427211761,,
7899,0.0192567091435194,,3044.037570953369,634.223503112793,,
7900,0.01965709589421749,,3044.4181277751923,634.3008687496185,,
7901,0.020157495513558388,,3044.798901081085,634.3782155513763,,
7902,0.019605090841650963,,3045.1793859004974,634.4555666446686,,
7903,0.022296901792287827,,3045.5596067905426,634.5329058170319,,
7904,0.018331438302993774,,3045.940717458725,634.6102664470673,,
7905,0.01952410861849785,,3046.321193218231,634.687628030777,,
7906,0.01687263324856758,,3046.7014112472534,634.764979839325,,
7907,0.021916955709457397,,3047.0823080539703,634.8423295021057,,
7908,0.019842177629470825,,3047.4625840187073,634.9197125434875,,
7909,0.022132905200123787,,3047.842703104019,634.9970831871033,,
7910,0.019538123160600662,,3048.223606824875,635.0744338035583,,
7911,0.01898138038814068,,3048.603969335556,635.1517941951752,,
7912,0.019624417647719383,,3048.984409570694,635.2291436195374,,
7913,0.019435999915003777,,3049.3652215003967,635.3065187931061,,
7914,0.01952136866748333,,3049.7454903125763,635.3838822841644,,
7915,0.02975429780781269,,3050.125606060028,635.4612476825714,,
7916,0.019813228398561478,,3050.5062012672424,635.5386440753937,,
7917,0.025475377216935158,,3050.8865773677826,635.6160116195679,,
7918,0.026582909747958183,,3051.2666504383087,635.693350315094,,
7919,0.03538202866911888,,3051.6472687721252,635.7707161903381,,
7920,0.025289488956332207,,3052.027188539505,635.8480703830719,,
7921,0.022560153156518936,,3052.407612800598,635.92542552948,,
7922,0.019546860828995705,,3052.7882866859436,636.0027985572815,,
7923,0.02476828545331955,,3053.168539047241,636.0801470279694,,
7924,0.019920824095606804,,3053.5488641262054,636.1574938297272,,
7925,0.019682157784700394,,3053.9299767017365,636.2348518371582,,
7926,0.03132891654968262,,3054.310154438019,636.312194108963,,
7927,0.023918071761727333,,3054.6906611919403,636.389556646347,,
7928,0.01912313885986805,,3055.0712926387787,636.4669108390808,,
7929,0.02813241071999073,,3055.4516093730927,636.5442688465118,,
7930,0.022852031514048576,,3055.831841468811,636.621634721756,,
7931,0.018864601850509644,,3056.212571144104,636.6989934444427,,
7932,0.019769230857491493,,3056.5929338932037,636.7763316631317,,
7933,0.021942226216197014,,3056.9732263088226,636.8537158966064,,
7934,0.02365531399846077,,3057.354039669037,636.9311015605927,,
7935,0.022639665752649307,,3057.7343423366547,637.0084714889526,,
7936,0.038334667682647705,,3058.1145691871643,637.0858020782471,,
7937,0.019995491951704025,,3058.4950761795044,637.1631324291229,,
7938,0.028404615819454193,,3058.87531542778,637.2405033111572,,
7939,0.025207627564668655,,3059.2555363178253,637.3178668022156,,
7940,0.021636122837662697,,3059.6359539031982,637.3952641487122,,
7941,0.018999887630343437,,3060.016122341156,637.4726247787476,,
7942,0.028889209032058716,,3060.396532058716,637.5500600337982,,
7943,0.03261901065707207,,3060.777669429779,637.6274242401123,,
7944,0.020801814272999763,,3061.157871723175,637.7047901153564,,
7945,0.025992853567004204,,3061.5386414527893,637.7821774482727,,
7946,0.02900964953005314,,3061.919719696045,637.8595368862152,,
7947,0.021693751215934753,,3062.2999923229218,637.9368975162506,,
7948,0.020668817684054375,,3062.6808998584747,638.0142397880554,,
7949,0.019612563773989677,,3063.061742067337,638.091584444046,,
7950,0.026242634281516075,,3063.6698269844055,638.1689507961273,,
7951,0.02146334759891033,,3064.0505316257477,638.2463066577911,,
7952,0.020801503211259842,,3064.4306852817535,638.323616027832,,
7953,0.017493654042482376,,3064.8108716011047,638.4009540081024,,
7954,0.020852962508797646,,3065.1916284561157,638.4783055782318,,
7955,0.021731674671173096,,3065.5720167160034,638.5556840896606,,
7956,0.03557342290878296,,3065.9522206783295,638.6330637931824,,
7957,0.03104533813893795,,3066.3330380916595,638.7104225158691,,
7958,0.02013002522289753,,3066.7134046554565,638.7879304885864,,
7959,0.025978004559874535,,3067.093816757202,638.8652780056,,
7960,0.022641904652118683,,3067.4748463630676,638.9426267147064,,
7961,0.018376104533672333,,3067.8552260398865,639.0199553966522,,
7962,0.020368829369544983,,3068.2359833717346,639.0973317623138,,
7963,0.01876652054488659,,3068.6167895793915,639.1746692657471,,
7964,0.022436074912548065,,3068.9970524311066,639.2519991397858,,
7965,0.01796727627515793,,3069.377590417862,639.3293659687042,,
7966,0.0220843143761158,,3069.7597312927246,639.4066965579987,,
7967,0.029137857258319855,,3070.140181541443,639.4840412139893,,
7968,0.022595476359128952,,3070.5206604003906,639.5614023208618,,
7969,0.019355004653334618,,3070.901819229126,639.6387815475464,,
7970,0.016839653253555298,,3071.2818903923035,639.716148853302,,
7971,0.023341311141848564,,3071.6623809337616,639.7934834957123,,
7972,0.02055620402097702,,3072.043291091919,639.8708090782166,,
7973,0.018932340666651726,,3072.4235994815826,639.9481616020203,,
7974,0.02453320100903511,,3072.803874731064,640.0254988670349,,
7975,0.025320393964648247,,3073.184502840042,640.1028122901917,,
7976,0.021327434107661247,,3073.565226316452,640.1801943778992,,
7977,0.029962878674268723,,3073.9457309246063,640.257568359375,,
7978,0.029391268268227577,,3074.3266320228577,640.3349115848541,,
7979,0.024968810379505157,,3074.70813536644,640.4122641086578,,
7980,0.02769322507083416,,3075.088535308838,640.4895923137665,,
7981,0.02444189414381981,,3075.4689757823944,640.5669248104095,,
7982,0.02758481167256832,,3075.84938788414,640.6443037986755,,
7983,0.027012992650270462,,3076.229551792145,640.7216334342957,,
7984,0.02135372906923294,,3076.6103332042694,640.7989680767059,,
7985,0.024438221007585526,,3076.9905681610107,640.8763239383698,,
7986,0.01811176724731922,,3077.3709518909454,640.9536607265472,,
7987,0.031258441507816315,,3077.7517461776733,641.0310506820679,,
7988,0.022984430193901062,,3078.132441520691,641.1084051132202,,
7989,0.025633862242102623,,3078.5128626823425,641.1857743263245,,
7990,0.020697621628642082,,3078.893733024597,641.2631211280823,,
7991,0.019387831911444664,,3079.2739634513855,641.3404586315155,,
7992,0.023378442972898483,,3079.6543185710907,641.4177927970886,,
7993,0.020615387707948685,,3080.035764694214,641.4951641559601,,
7994,0.01826002635061741,,3080.4160993099213,641.5725088119507,,
7995,0.017377516254782677,,3080.796485900879,641.6498432159424,,
7996,0.020706243813037872,,3081.17734003067,641.7271864414215,,
7997,0.018203508108854294,,3081.557525396347,641.8045425415039,,
7998,0.019328251481056213,,3081.938101053238,641.8819060325623,,
7999,0.020032094791531563,,3082.319140434265,641.9593079090118,,
8000,0.032012589275836945,0.028598275035619736,3082.699423789978,643.4496691226959,0.02371809631586075,0.03595345467329025
8001,0.02194344252347946,,3083.08002781868,643.5270524024963,,
8002,0.025205157697200775,,3083.460268497467,643.6044492721558,,
8003,0.02931096777319908,,3084.0683658123016,643.681853055954,,
8004,0.01902262307703495,,3084.4490864276886,643.7592692375183,,
8005,0.019207924604415894,,3084.8294670581818,643.8366503715515,,
8006,0.026743629947304726,,3085.21004986763,643.9140427112579,,
8007,0.019492415711283684,,3085.590635538101,643.9914264678955,,
8008,0.022570300847291946,,3085.971551179886,644.0688202381134,,
8009,0.03595179691910744,,3086.3524005413055,644.1462051868439,,
8010,0.019543437287211418,,3086.7336308956146,644.2235944271088,,
8011,0.02152891643345356,,3087.1141304969788,644.3009729385376,,
8012,0.017688961699604988,,3087.4943857192993,644.3783667087555,,
8013,0.028867384418845177,,3087.874776363373,644.4557595252991,,
8014,0.027788570150732994,,3088.2550971508026,644.5331366062164,,
8015,0.026943281292915344,,3088.6357917785645,644.6104962825775,,
8016,0.019770104438066483,,3089.0165412425995,644.6878683567047,,
8017,0.0302912387996912,,3089.397019147873,644.7652268409729,,
8018,0.025012914091348648,,3089.777048110962,644.8425953388214,,
8019,0.03703654929995537,,3090.157768011093,644.9199585914612,,
8020,0.02473641373217106,,3090.5378766059875,644.9973261356354,,
8021,0.017972983419895172,,3090.9183530807495,645.0746428966522,,
8022,0.02173132635653019,,3091.2992146015167,645.1520042419434,,
8023,0.022125910967588425,,3091.6794033050537,645.2293558120728,,
8024,0.02654651366174221,,3092.059698343277,645.3067286014557,,
8025,0.02312709018588066,,3092.4403417110443,645.384083032608,,
8026,0.03303787484765053,,3092.820697069168,645.4614560604095,,
8027,0.028114479035139084,,3093.200904607773,645.5387916564941,,
8028,0.02913285791873932,,3093.5818634033203,645.6161284446716,,
8029,0.02491474151611328,,3093.9622497558594,645.6934671401978,,
8030,0.03149010241031647,,3094.342837572098,645.7708060741425,,
8031,0.021246111020445824,,3094.7238075733185,645.8481605052948,,
8032,0.01910310797393322,,3095.104279756546,645.925534248352,,
8033,0.017401861026883125,,3095.4845807552338,646.0029084682465,,
8034,0.022123539820313454,,3095.86536693573,646.0802965164185,,
8035,0.01913120597600937,,3096.2458622455597,646.1576645374298,,
8036,0.01710444688796997,,3096.626028060913,646.2350401878357,,
8037,0.01870087720453739,,3097.0069348812103,646.3124148845673,,
8038,0.017381945624947548,,3097.3871116638184,646.3898067474365,,
8039,0.02545863203704357,,3097.767391204834,646.4671897888184,,
8040,0.018154483288526535,,3098.1481380462646,646.5445897579193,,
8041,0.01758722960948944,,3098.52849149704,646.621997833252,,
8042,0.01660926267504692,,3098.90874171257,646.6994018554688,,
8043,0.029253603890538216,,3099.2893693447113,646.7767610549927,,
8044,0.01686994545161724,,3099.669669866562,646.8541314601898,,
8045,0.026615673676133156,,3100.049831390381,646.9314923286438,,
8046,0.02546345815062523,,3100.430710554123,647.0088925361633,,
8047,0.0175059475004673,,3100.811063528061,647.0862522125244,,
8048,0.020197086036205292,,3101.1914253234863,647.1636202335358,,
8049,0.025113753974437714,,3101.5723037719727,647.2409989833832,,
8050,0.019944071769714355,,3101.952563762665,647.3184080123901,,
8051,0.02423436939716339,,3102.333141565323,647.3957808017731,,
8052,0.023098045960068703,,3102.713943719864,647.4731516838074,,
8053,0.016658544540405273,,3103.0943105220795,647.5505447387695,,
8054,0.02139991521835327,,3103.474603176117,647.6279017925262,,
8055,0.022103575989603996,,3103.85524725914,647.7052564620972,,
8056,0.02356274053454399,,3104.4630925655365,647.7826311588287,,
8057,0.04357704520225525,,3104.84401679039,647.860015630722,,
8058,0.024399681016802788,,3105.2240879535675,647.9373970031738,,
8059,0.038487475365400314,,3105.604291200638,648.0147709846497,,
8060,0.038450103253126144,,3105.9849619865417,648.0921216011047,,
8061,0.016622740775346756,,3106.365291595459,648.1694762706757,,
8062,0.0186599288135767,,3106.745513677597,648.2468497753143,,
8063,0.020165586844086647,,3107.126338005066,648.3242037296295,,
8064,0.0352826826274395,,3107.5068089962006,648.4015719890594,,
8065,0.02201424352824688,,3107.8870272636414,648.4789009094238,,
8066,0.023975487798452377,,3108.2679295539856,648.5562145709991,,
8067,0.019336728379130363,,3108.6481261253357,648.6335730552673,,
8068,0.02405020408332348,,3109.02832365036,648.7109549045563,,
8069,0.019957764074206352,,3109.4089584350586,648.7883384227753,,
8070,0.017279410734772682,,3109.7888951301575,648.865740776062,,
8071,0.018097925931215286,,3110.169229745865,648.9430909156799,,
8072,0.016870390623807907,,3110.550290107727,649.0204772949219,,
8073,0.018434951081871986,,3110.930325269699,649.0978572368622,,
8074,0.023239444941282272,,3111.3105642795563,649.1752259731293,,
8075,0.02493201568722725,,3111.6913189888,649.2526836395264,,
8076,0.019282039254903793,,3112.071770429611,649.330052614212,,
8077,0.018519792705774307,,3112.452572584152,649.407425403595,,
8078,0.018793098628520966,,3112.8334119319916,649.4847710132599,,
8079,0.01944049820303917,,3113.213760137558,649.5621767044067,,
8080,0.019307559356093407,,3113.5941576957703,649.6395637989044,,
8081,0.024655619636178017,,3113.9748663902283,649.7169334888458,,
8082,0.02060546539723873,,3114.355329990387,649.7942953109741,,
8083,0.018167169764637947,,3114.735545396805,649.8716411590576,,
8084,0.01942608505487442,,3115.1162881851196,649.9490084648132,,
8085,0.0184106957167387,,3115.49654173851,650.026406288147,,
8086,0.017508022487163544,,3115.8767614364624,650.103805065155,,
8087,0.02610156685113907,,3116.257528066635,650.1811985969543,,
8088,0.033665236085653305,,3116.637761592865,650.2585859298706,,
8089,0.035955145955085754,,3117.017860889435,650.3359575271606,,
8090,0.028104128316044807,,3117.3987035751343,650.4133143424988,,
8091,0.022993633523583412,,3117.7788524627686,650.4906845092773,,
8092,0.02220962382853031,,3118.1591362953186,650.5681562423706,,
8093,0.02022317796945572,,3118.54004240036,650.6455793380737,,
8094,0.01730124093592167,,3118.9202105998993,650.7229645252228,,
8095,0.022431861609220505,,3119.3009037971497,650.8004105091095,,
8096,0.022247200831770897,,3119.681535959244,650.8778340816498,,
8097,0.01888972520828247,,3120.061580657959,650.9552297592163,,
8098,0.0252142995595932,,3120.441531896591,651.0326414108276,,
8099,0.028545258566737175,,3120.8223145008087,651.1100161075592,,
8100,0.024281784892082214,,3121.2027604579926,651.1874244213104,,
8101,0.02784159407019615,,3121.5829417705536,651.2647979259491,,
8102,0.02595820464193821,,3121.9639151096344,651.3422255516052,,
8103,0.021253647282719612,,3122.3438749313354,651.4195821285248,,
8104,0.019244970753788948,,3122.7240738868713,651.4969441890717,,
8105,0.024379702284932137,,3123.104947566986,651.5743913650513,,
8106,0.018275702372193336,,3123.4856708049774,651.651839017868,,
8107,0.02071075700223446,,3123.8656311035156,651.7292087078094,,
8108,0.021527981385588646,,3124.2463991642,651.8066034317017,,
8109,0.016845032572746277,,3124.8544623851776,651.8840291500092,,
8110,0.01629473827779293,,3125.235495567322,651.9613974094391,,
8111,0.022387925535440445,,3125.6160776615143,652.0388193130493,,
8112,0.01738584227859974,,3125.996545791626,652.1162116527557,,
8113,0.02616664581000805,,3126.377804040909,652.193564414978,,
8114,0.025711549445986748,,3126.7584462165833,652.2709739208221,,
8115,0.021831640973687172,,3127.13876247406,652.3483872413635,,
8116,0.017977949231863022,,3127.5197076797485,652.4257643222809,,
8117,0.01836971752345562,,3127.900021314621,652.503133058548,,
8118,0.02164018154144287,,3128.2803428173065,652.5805146694183,,
8119,0.020028702914714813,,3128.6611893177032,652.6579535007477,,
8120,0.02457137033343315,,3129.041579246521,652.7353405952454,,
8121,0.02064729854464531,,3129.421758413315,652.8127501010895,,
8122,0.02064637281000614,,3129.8025414943695,652.8901257514954,,
8123,0.025988223031163216,,3130.182941198349,652.9675433635712,,
8124,0.018449904397130013,,3130.563030719757,653.0449457168579,,
8125,0.024446560069918633,,3130.9439735412598,653.1223118305206,,
8126,0.02587524987757206,,3131.3242194652557,653.1997199058533,,
8127,0.02056589163839817,,3131.704465150833,653.2771668434143,,
8128,0.02953115664422512,,3132.0851147174835,653.3546090126038,,
8129,0.03447527810931206,,3132.4654874801636,653.4320476055145,,
8130,0.029604801908135414,,3132.8453090190887,653.5095341205597,,
8131,0.019395750015974045,,3133.225986480713,653.5869743824005,,
8132,0.020174775272607803,,3133.6059896945953,653.664393901825,,
8133,0.022538501769304276,,3133.9856910705566,653.7417988777161,,
8134,0.02795328013598919,,3134.3664934635162,653.8192346096039,,
8135,0.02010527439415455,,3134.7470173835754,653.8966059684753,,
8136,0.018867725506424904,,3135.1268870830536,653.974009513855,,
8137,0.02523859404027462,,3135.507963180542,654.0514347553253,,
8138,0.02068721503019333,,3135.888201713562,654.1287984848022,,
8139,0.025419479236006737,,3136.2686698436737,654.2062003612518,,
8140,0.027487175539135933,,3136.649313926697,654.2835991382599,,
8141,0.021546337753534317,,3137.0295267105103,654.3609972000122,,
8142,0.03290696069598198,,3137.409598350525,654.4384169578552,,
8143,0.025042520835995674,,3137.790380716324,654.5158293247223,,
8144,0.02534828521311283,,3138.1703033447266,654.5932364463806,,
8145,0.023677201941609383,,3138.5508568286896,654.6707103252411,,
8146,0.021688546985387802,,3138.9316866397858,654.7481129169464,,
8147,0.021597351878881454,,3139.312253713608,654.8255183696747,,
8148,0.03482982516288757,,3139.693156003952,654.9029486179352,,
8149,0.023557323962450027,,3140.0741176605225,654.9803493022919,,
8150,0.03750365972518921,,3140.4542577266693,655.057740688324,,
8151,0.024775415658950806,,3140.834461450577,655.1351337432861,,
8152,0.02410479076206684,,3141.2151606082916,655.2125308513641,,
8153,0.025347299873828888,,3141.5954310894012,655.2899224758148,,
8154,0.01981724239885807,,3141.9756598472595,655.3673226833344,,
8155,0.019007183611392975,,3142.356413602829,655.4447150230408,,
8156,0.021319536492228508,,3142.7371599674225,655.5220806598663,,
8157,0.029477985575795174,,3143.117613554001,655.5994746685028,,
8158,0.039854563772678375,,3143.4987568855286,655.676867723465,,
8159,0.03329744189977646,,3143.8792016506195,655.7542669773102,,
8160,0.02740921825170517,,3144.2593488693237,655.8316669464111,,
8161,0.023863766342401505,,3144.6402349472046,655.9090616703033,,
8162,0.03141297772526741,,3145.248574256897,655.986466884613,,
8163,0.018322326242923737,,3145.629151582718,656.0638651847839,,
8164,0.01943262852728367,,3146.009573698044,656.1412734985352,,
8165,0.020378734916448593,,3146.3897590637207,656.2186191082001,,
8166,0.021461457014083862,,3146.7704870700836,656.2959680557251,,
8167,0.01906992867588997,,3147.150757789612,656.3733360767365,,
8168,0.02325604483485222,,3147.5311896800995,656.4506766796112,,
8169,0.02893269993364811,,3147.9113459587097,656.5280530452728,,
8170,0.021346835419535637,,3148.291107416153,656.6054418087006,,
8171,0.022460730746388435,,3148.6714141368866,656.6828348636627,,
8172,0.02563868649303913,,3149.052258014679,656.7601988315582,,
8173,0.024689285084605217,,3149.4324193000793,656.8376049995422,,
8174,0.02056701108813286,,3149.8127052783966,656.9149622917175,,
8175,0.02586044929921627,,3150.1935703754425,656.992324590683,,
8176,0.026365971192717552,,3150.573690891266,657.0697503089905,,
8177,0.018649708479642868,,3150.954089164734,657.1471140384674,,
8178,0.02194996364414692,,3151.3347866535187,657.2244973182678,,
8179,0.01964331977069378,,3151.7154548168182,657.3019018173218,,
8180,0.025469621643424034,,3152.0956609249115,657.3793003559113,,
8181,0.02191067859530449,,3152.4763646125793,657.4566793441772,,
8182,0.01950075663626194,,3152.8568115234375,657.5340850353241,,
8183,0.019801083952188492,,3153.2370085716248,657.6114754676819,,
8184,0.01907774806022644,,3153.6169521808624,657.6888754367828,,
8185,0.018877211958169937,,3153.9973771572113,657.7662832736969,,
8186,0.017189424484968185,,3154.377001285553,657.8436398506165,,
8187,0.023358231410384178,,3154.7580449581146,657.9210577011108,,
8188,0.023616565391421318,,3155.13844704628,657.9984200000763,,
8189,0.022462816908955574,,3155.5186624526978,658.0757644176483,,
8190,0.02082984149456024,,3155.899527311325,658.1531817913055,,
8191,0.022057101130485535,,3156.2796864509583,658.2305178642273,,
8192,0.021519280970096588,,3156.660132408142,658.3079307079315,,
8193,0.023649156093597412,,3157.040783882141,658.3853597640991,,
8194,0.022707803174853325,,3157.4210419654846,658.462765455246,,
8195,0.017823902890086174,,3157.801400899887,658.5401287078857,,
8196,0.021684342995285988,,3158.1822621822357,658.617565870285,,
8197,0.018236547708511353,,3158.5627012252808,658.694920539856,,
8198,0.020763488486409187,,3158.943307161331,658.7722923755646,,
8199,0.022908169776201248,,3159.3239488601685,658.8497285842896,,
8200,0.021638542413711548,,3159.704359769821,658.9271342754364,,
8201,0.02502305619418621,,3160.084631919861,659.0045683383942,,
8202,0.025820055976510048,,3160.4651346206665,659.0820000171661,,
8203,0.02598843351006508,,3160.8454768657684,659.1594123840332,,
8204,0.018784767016768456,,3161.2259027957916,659.2368133068085,,
8205,0.023048559203743935,,3161.606781244278,659.314211845398,,
8206,0.03395133092999458,,3161.98707985878,659.3916425704956,,
8207,0.02396765910089016,,3162.3672966957092,659.4690890312195,,
8208,0.01805824227631092,,3162.7482216358185,659.5465166568756,,
8209,0.026961447671055794,,3163.1282444000244,659.6239507198334,,
8210,0.02898508869111538,,3163.508616924286,659.7013387680054,,
8211,0.03290170803666115,,3163.889055967331,659.7787027359009,,
8212,0.027829917147755623,,3164.269327402115,659.8560700416565,,
8213,0.020249823108315468,,3164.65008687973,659.9334907531738,,
8214,0.019756263121962547,,3165.031314611435,660.01092004776,,
8215,0.018791936337947845,,3165.639705181122,660.0883312225342,,
8216,0.01773696206510067,,3166.020677804947,660.1657147407532,,
8217,0.03604628145694733,,3166.4011273384094,660.2430896759033,,
8218,0.022696057334542274,,3166.7814831733704,660.3204936981201,,
8219,0.02865728735923767,,3167.162397623062,660.3978793621063,,
8220,0.025895139202475548,,3167.54274892807,660.4753258228302,,
8221,0.02318711020052433,,3167.923260450363,660.5527517795563,,
8222,0.020106101408600807,,3168.303899049759,660.630161523819,,
8223,0.020073875784873962,,3168.6838285923004,660.7075328826904,,
8224,0.02267441898584366,,3169.0641515254974,660.78497838974,,
8225,0.019193699583411217,,3169.445030450821,660.8623206615448,,
8226,0.018775079399347305,,3169.8251373767853,660.9397125244141,,
8227,0.02089497447013855,,3170.2057480812073,661.017117023468,,
8228,0.018676631152629852,,3170.5864996910095,661.0945100784302,,
8229,0.02066679485142231,,3170.966881275177,661.1718902587891,,
8230,0.022640636190772057,,3171.346951007843,661.2493834495544,,
8231,0.020815573632717133,,3171.727647781372,661.3267426490784,,
8232,0.024219917133450508,,3172.1081290245056,661.404105424881,,
8233,0.022506723180413246,,3172.4885172843933,661.4815139770508,,
8234,0.02028820477426052,,3172.8695545196533,661.5588631629944,,
8235,0.02141454443335533,,3173.2499508857727,661.6362879276276,,
8236,0.02776520885527134,,3173.6302189826965,661.7136435508728,,
8237,0.026653816923499107,,3174.0109956264496,661.7911133766174,,
8238,0.018873142078518867,,3174.3910932540894,661.8684921264648,,
8239,0.01766165904700756,,3174.771507024765,661.945873260498,,
8240,0.018816513940691948,,3175.1527376174927,662.0232450962067,,
8241,0.02277306281030178,,3175.5331168174744,662.100667476654,,
8242,0.03229816257953644,,3175.9135608673096,662.1781008243561,,
8243,0.026044834405183792,,3176.2944333553314,662.2555334568024,,
8244,0.023438917472958565,,3176.67435503006,662.3328852653503,,
8245,0.02548208460211754,,3177.054620742798,662.4102349281311,,
8246,0.024753376841545105,,3177.435424566269,662.4876081943512,,
8247,0.017686057835817337,,3177.8157472610474,662.564971446991,,
8248,0.018838079646229744,,3178.1963481903076,662.6424026489258,,
8249,0.020102327689528465,,3178.577127933502,662.7197439670563,,
8250,0.02780492603778839,,3178.957412004471,662.7971594333649,,
8251,0.027210988104343414,,3179.337960243225,662.8745622634888,,
8252,0.02305922657251358,,3179.718982219696,662.9519467353821,,
8253,0.027871159836649895,,3180.0994172096252,663.0292751789093,,
8254,0.018285905942320824,,3180.4797687530518,663.1066436767578,,
8255,0.021610721945762634,,3180.860717535019,663.1840200424194,,
8256,0.020735841244459152,,3181.2411620616913,663.2614054679871,,
8257,0.02336791902780533,,3181.6215732097626,663.338799238205,,
8258,0.024757258594036102,,3182.002712726593,663.4161832332611,,
8259,0.021228354424238205,,3182.383096218109,663.4935455322266,,
8260,0.021010447293519974,,3182.7632608413696,663.5709321498871,,
8261,0.032764848321676254,,3183.1441860198975,663.6483025550842,,
8262,0.024517809972167015,,3183.5246181488037,663.7256469726562,,
8263,0.027098895981907845,,3183.905096769333,663.80304646492,,
8264,0.030284566804766655,,3184.286166191101,663.8804771900177,,
8265,0.02590930461883545,,3184.6670722961426,663.9579210281372,,
8266,0.019743317738175392,,3185.047278881073,664.0353343486786,,
8267,0.028431374579668045,,3185.428056716919,664.1126706600189,,
8268,0.021326955407857895,,3186.036450624466,664.1900532245636,,
8269,0.019548878073692322,,3186.4174308776855,664.2673802375793,,
8270,0.022339528426527977,,3186.797759771347,664.3447470664978,,
8271,0.019396444782614708,,3187.1781787872314,664.4221539497375,,
8272,0.029145363718271255,,3187.558940887451,664.4995498657227,,
8273,0.021876763552427292,,3187.9391899108887,664.5769264698029,,
8274,0.018023401498794556,,3188.3195576667786,664.6543083190918,,
8275,0.023070527240633965,,3188.7003638744354,664.7317190170288,,
8276,0.01865527778863907,,3189.080546617508,664.8091259002686,,
8277,0.020736288279294968,,3189.460741043091,664.8865048885345,,
8278,0.019208796322345734,,3189.841689348221,664.9638741016388,,
8279,0.018975555896759033,,3190.222085237503,665.0412571430206,,
8280,0.019695449620485306,,3190.6024985313416,665.1186237335205,,
8281,0.019516604021191597,,3190.983076572418,665.1960294246674,,
8282,0.019902842119336128,,3191.363831281662,665.2734658718109,,
8283,0.018150093033909798,,3191.743616580963,665.3508331775665,,
8284,0.019056223332881927,,3192.1247844696045,665.4282257556915,,
8285,0.01934674195945263,,3192.505525827408,665.5056040287018,,
8286,0.018754981458187103,,3192.88574552536,665.5830554962158,,
8287,0.017726140096783638,,3193.2666685581207,665.6604554653168,,
8288,0.017858097329735756,,3193.648102283478,665.737800359726,,
8289,0.02494976855814457,,3194.0290060043335,665.8152093887329,,
8290,0.019845569506287575,,3194.4096784591675,665.8925812244415,,
8291,0.019527608528733253,,3194.789809703827,665.9699568748474,,
8292,0.02097742073237896,,3195.170129776001,666.0474262237549,,
8293,0.02541578747332096,,3195.5504655838013,666.1248333454132,,
8294,0.022711139172315598,,3195.930474281311,666.2022547721863,,
8295,0.020077841356396675,,3196.310628890991,666.2796297073364,,
8296,0.021015848964452744,,3196.6911447048187,666.3570551872253,,
8297,0.02185714617371559,,3197.0713102817535,666.4344298839569,,
8298,0.021039852872490883,,3197.4518537521362,666.5119066238403,,
8299,0.021040314808487892,,3197.8326053619385,666.5893595218658,,
8300,0.019590795040130615,,3198.213212966919,666.6667692661285,,
8301,0.0244505163282156,,3198.5936126708984,666.7441301345825,,
8302,0.018777402117848396,,3198.9743061065674,666.8215520381927,,
8303,0.018228622153401375,,3199.355051279068,666.8989567756653,,
8304,0.019573308527469635,,3199.735602617264,666.9763286113739,,
8305,0.02001183107495308,,3200.1165018081665,667.0537633895874,,
8306,0.01891324482858181,,3200.496858358383,667.1311299800873,,
8307,0.018367622047662735,,3200.8772599697113,667.20854139328,,
8308,0.021130653098225594,,3201.258079767227,667.2859177589417,,
8309,0.02765963040292263,,3201.6376163959503,667.3632607460022,,
8310,0.02355875074863434,,3202.0178170204163,667.4406514167786,,
8311,0.024171296507120132,,3202.398405313492,667.5180742740631,,
8312,0.019682662561535835,,3202.7786870002747,667.5955173969269,,
8313,0.019702890887856483,,3203.159063577652,667.6729180812836,,
8314,0.02340622991323471,,3203.540405035019,667.7503697872162,,
8315,0.02202158235013485,,3203.9205751419067,667.8277559280396,,
8316,0.028597049415111542,,3204.300313234329,667.9051866531372,,
8317,0.020661229267716408,,3204.6814200878143,667.9826216697693,,
8318,0.025555768981575966,,3205.0670778751373,668.0600094795227,,
8319,0.020300382748246193,,3205.4473824501038,668.1373970508575,,
8320,0.0253710076212883,,3205.828340291977,668.2147817611694,,
8321,0.02236931398510933,,3206.4361317157745,668.2922184467316,,
8322,0.029775643721222878,,3206.8169095516205,668.3696367740631,,
8323,0.034523218870162964,,3207.1965906620026,668.4470474720001,,
8324,0.01745867356657982,,3207.5769250392914,668.5244612693787,,
8325,0.02083141729235649,,3207.9576032161713,668.6018390655518,,
8326,0.02512187510728836,,3208.3379657268524,668.6792185306549,,
8327,0.025306789204478264,,3208.7184460163116,668.7566690444946,,
8328,0.02261318825185299,,3209.0992290973663,668.8340849876404,,
8329,0.018114345148205757,,3209.4796702861786,668.9115011692047,,
8330,0.027638103812932968,,3209.8597555160522,668.9888486862183,,
8331,0.02061597630381584,,3210.2404792308807,669.0662808418274,,
8332,0.017566578462719917,,3210.6208720207214,669.143673658371,,
8333,0.01704530045390129,,3211.0006053447723,669.2210540771484,,
8334,0.020077774301171303,,3211.3814990520477,669.2984364032745,,
8335,0.0195391196757555,,3211.7616062164307,669.3759195804596,,
8336,0.019922908395528793,,3212.142010450363,669.4533140659332,,
8337,0.017966890707612038,,3212.5230283737183,669.5307064056396,,
8338,0.028017934411764145,,3212.9034295082092,669.6081190109253,,
8339,0.021540774032473564,,3213.283301115036,669.685489654541,,
8340,0.022394781932234764,,3213.6643085479736,669.7629482746124,,
8341,0.026035958901047707,,3214.0447726249695,669.8403615951538,,
8342,0.028478238731622696,,3214.424971818924,669.9177978038788,,
8343,0.02375664934515953,,3214.8058712482452,669.995171546936,,
8344,0.019300086423754692,,3215.186347723007,670.072521686554,,
8345,0.020875100046396255,,3215.5670487880707,670.1498787403107,,
8346,0.01864597573876381,,3215.9477326869965,670.2273335456848,,
8347,0.029507804661989212,,3216.3280856609344,670.3047206401825,,
8348,0.01912650093436241,,3216.7084970474243,670.3821294307709,,
8349,0.02074459381401539,,3217.0905063152313,670.4595036506653,,
8350,0.02214392088353634,,3217.4708967208862,670.5368628501892,,
8351,0.018062056973576546,,3217.851154088974,670.6143229007721,,
8352,0.025220971554517746,,3218.232297897339,670.6916754245758,,
8353,0.020490679889917374,,3218.61283993721,670.7690312862396,,
8354,0.0259111188352108,,3218.993168115616,670.8464074134827,,
8355,0.017651908099651337,,3219.3741364479065,670.9238090515137,,
8356,0.02691536210477352,,3219.7543840408325,671.0011782646179,,
8357,0.026184938848018646,,3220.1346094608307,671.0785617828369,,
8358,0.0189632847905159,,3220.515298604965,671.1559402942657,,
8359,0.019562333822250366,,3220.8956043720245,671.2333555221558,,
8360,0.018680976703763008,,3221.275815010071,671.3107347488403,,
8361,0.02102648839354515,,3221.656615257263,671.3881356716156,,
8362,0.024962151423096657,,3222.037077188492,671.4655492305756,,
8363,0.026275072246789932,,3222.417215824127,671.5430109500885,,
8364,0.02315051294863224,,3222.7979984283447,671.6203744411469,,
8365,0.024105804041028023,,3223.178564310074,671.697747707367,,
8366,0.018299533054232597,,3223.5595479011536,671.775144815445,,
8367,0.023193133994936943,,3223.9402899742126,671.8525304794312,,
8368,0.023578446358442307,,3224.320489168167,671.9299738407135,,
8369,0.023500192910432816,,3224.7011382579803,672.007374048233,,
8370,0.033248040825128555,,3225.0820009708405,672.084743976593,,
8371,0.023945530876517296,,3225.462415933609,672.1621270179749,,
8372,0.025868410244584084,,3225.842939853668,672.2395029067993,,
8373,0.024097740650177002,,3226.2237746715546,672.316933631897,,
8374,0.028253136202692986,,3226.83181476593,672.3943440914154,,
8375,0.022476086392998695,,3227.212653160095,672.4717271327972,,
8376,0.02669304609298706,,3227.592895746231,672.5491764545441,,
8377,0.0266292504966259,,3227.9731435775757,672.6265716552734,,
8378,0.026354100555181503,,3228.3539328575134,672.7039923667908,,
8379,0.023817868903279305,,3228.7340693473816,672.7814176082611,,
8380,0.021184120327234268,,3229.1142888069153,672.8588540554047,,
8381,0.024106275290250778,,3229.4953644275665,672.9363417625427,,
8382,0.019741125404834747,,3229.8760662078857,673.013858795166,,
8383,0.018390275537967682,,3230.256578683853,673.0912773609161,,
8384,0.030315358191728592,,3230.637498140335,673.1687159538269,,
8385,0.022010553628206253,,3231.017992258072,673.2461273670197,,
8386,0.036445047706365585,,3231.3982803821564,673.3235182762146,,
8387,0.03513149917125702,,3231.779644727707,673.4009470939636,,
8388,0.01976495422422886,,3232.1600811481476,673.4783153533936,,
8389,0.020263081416487694,,3232.540733575821,673.5556945800781,,
8390,0.02796613611280918,,3232.9216463565826,673.6330554485321,,
8391,0.01813335157930851,,3233.3017027378082,673.7104308605194,,
8392,0.022922541946172714,,3233.6819627285004,673.7878303527832,,
8393,0.024552147835493088,,3234.06338763237,673.8652687072754,,
8394,0.03597187623381615,,3234.4434530735016,673.9426367282867,,
8395,0.022340910509228706,,3234.823914051056,674.0200109481812,,
8396,0.023711739107966423,,3235.20476102829,674.0974206924438,,
8397,0.02532479539513588,,3235.5857214927673,674.1748085021973,,
8398,0.020241141319274902,,3235.966239452362,674.2522218227386,,
8399,0.0249343179166317,,3236.346999645233,674.3296070098877,,
8400,0.028265269473195076,,3236.727244615555,674.4070191383362,,
8401,0.019932249560952187,,3237.1073548793793,674.4844291210175,,
8402,0.023148082196712494,,3237.4881806373596,674.5618176460266,,
8403,0.02452797442674637,,3237.8686289787292,674.6391978263855,,
8404,0.020141547545790672,,3238.2487902641296,674.7166225910187,,
8405,0.023578021675348282,,3238.629631996155,674.7939894199371,,
8406,0.017104310914874077,,3239.0101606845856,674.8713788986206,,
8407,0.01780274324119091,,3239.3904387950897,674.9487640857697,,
8408,0.017649425193667412,,3239.7714359760284,675.0262143611908,,
8409,0.02152234874665737,,3240.152017593384,675.1036484241486,,
8410,0.023060228675603867,,3240.5323498249054,675.1811048984528,,
8411,0.02178145945072174,,3240.912803173065,675.2585201263428,,
8412,0.02335944026708603,,3241.292913198471,675.3359205722809,,
8413,0.018830329179763794,,3241.673253059387,675.4133017063141,,
8414,0.020537231117486954,,3242.05415725708,675.4906439781189,,
8415,0.032310228794813156,,3242.4349863529205,675.5680215358734,,
8416,0.021283039823174477,,3242.8151161670685,675.6454367637634,,
8417,0.0194463599473238,,3243.1956884860992,675.7228503227234,,
8418,0.021288996562361717,,3243.576070547104,675.8002636432648,,
8419,0.02501281350851059,,3243.9563682079315,675.8776502609253,,
8420,0.01679142192006111,,3244.3373589515686,675.9550697803497,,
8421,0.022977786138653755,,3244.7173323631287,676.0324604511261,,
8422,0.020570017397403717,,3245.0976355075836,676.1098303794861,,
8423,0.020782604813575745,,3245.4784393310547,676.1872291564941,,
8424,0.023310022428631783,,3245.858681201935,676.2645828723907,,
8425,0.018544577062129974,,3246.239086151123,676.3419632911682,,
8426,0.021325120702385902,,3246.6197471618652,676.419349193573,,
8427,0.017997100949287415,,3247.2278954982758,676.496720790863,,
8428,0.026783064007759094,,3247.608639240265,676.5741295814514,,
8429,0.041536349803209305,,3247.9890656471252,676.6514856815338,,
8430,0.020995700731873512,,3248.3692712783813,676.7288937568665,,
8431,0.01912813074886799,,3248.7505028247833,676.8062250614166,,
8432,0.02593322843313217,,3249.1303429603577,676.8836143016815,,
8433,0.02642582356929779,,3249.510444164276,676.9609839916229,,
8434,0.02566111646592617,,3249.891169309616,677.0383968353271,,
8435,0.02279028668999672,,3250.271331310272,677.1157827377319,,
8436,0.022694092243909836,,3250.651601076126,677.1931445598602,,
8437,0.028743458911776543,,3251.0324609279633,677.2705359458923,,
8438,0.0347016379237175,,3251.41291475296,677.3479113578796,,
8439,0.02166486345231533,,3251.7931394577026,677.4253087043762,,
8440,0.02577965334057808,,3252.173840522766,677.5026979446411,,
8441,0.022706707939505577,,3252.5540821552277,677.5800714492798,,
8442,0.031831417232751846,,3252.9342560768127,677.6575119495392,,
8443,0.032218389213085175,,3253.314791202545,677.734899520874,,
8444,0.029588211327791214,,3253.6950330734253,677.8122622966766,,
8445,0.020162735134363174,,3254.0744166374207,677.8896055221558,,
8446,0.025075601413846016,,3254.455009460449,677.9669828414917,,
8447,0.03456272929906845,,3254.835149526596,678.0443754196167,,
8448,0.03987165167927742,,3255.2153890132904,678.1217591762543,,
8449,0.019648181274533272,,3255.5962524414062,678.1991345882416,,
8450,0.019345693290233612,,3255.9767048358917,678.2765007019043,,
8451,0.019721854478120804,,3256.3569481372833,678.3539328575134,,
8452,0.024953855201601982,,3256.73766541481,678.4313066005707,,
8453,0.02524588629603386,,3257.1176886558533,678.5086839199066,,
8454,0.020873427391052246,,3257.49786233902,678.5860743522644,,
8455,0.023510659113526344,,3257.8784759044647,678.6634709835052,,
8456,0.01870414987206459,,3258.258763074875,678.7408680915833,,
8457,0.01955338940024376,,3258.6390388011932,678.8182759284973,,
8458,0.02549309842288494,,3259.0198867321014,678.8956520557404,,
8459,0.021338701248168945,,3259.400227546692,678.9730293750763,,
8460,0.03316141664981842,,3259.7805366516113,679.0504384040833,,
8461,0.03137390315532684,,3260.1612515449524,679.1278052330017,,
8462,0.027411840856075287,,3260.5412833690643,679.2051975727081,,
8463,0.024491149932146072,,3260.9215722084045,679.282553434372,,
8464,0.02026270516216755,,3261.302136182785,679.3599154949188,,
8465,0.02169586531817913,,3261.681770324707,679.437305688858,,
8466,0.021177157759666443,,3262.0619010925293,679.5147099494934,,
8467,0.02427777834236622,,3262.4426300525665,679.5920629501343,,
8468,0.029527463018894196,,3262.8227894306183,679.669450044632,,
8469,0.029284832999110222,,3263.202865600586,679.746839761734,,
8470,0.01867476850748062,,3263.5837104320526,679.8242452144623,,
8471,0.020286763086915016,,3263.9643049240112,679.9016106128693,,
8472,0.01880091242492199,,3264.3450553417206,679.9789910316467,,
8473,0.01832573674619198,,3264.725799560547,680.0563883781433,,
8474,0.024953771382570267,,3265.1063480377197,680.1337623596191,,
8475,0.019777936860919,,3265.4865992069244,680.2111549377441,,
8476,0.02188035100698471,,3265.8672075271606,680.2885401248932,,
8477,0.028529735282063484,,3266.2474040985107,680.3659508228302,,
8478,0.019931666553020477,,3266.627505540848,680.4433431625366,,
8479,0.043043963611125946,,3267.0081083774567,680.5207135677338,,
8480,0.020902780815958977,,3267.6159286499023,680.5980813503265,,
8481,0.028760768473148346,,3267.9966139793396,680.6754682064056,,
8482,0.023246068507432938,,3268.376716375351,680.7528462409973,,
8483,0.029593180865049362,,3268.756968975067,680.8302319049835,,
8484,0.021866800263524055,,3269.1376762390137,680.9076209068298,,
8485,0.019497863948345184,,3269.5177931785583,680.9850218296051,,
8486,0.021005792543292046,,3269.89789891243,681.0624258518219,,
8487,0.020651157945394516,,3270.2783761024475,681.1398284435272,,
8488,0.018501369282603264,,3270.6584701538086,681.2172255516052,,
8489,0.02232523448765278,,3271.038870573044,681.2946267127991,,
8490,0.023857368156313896,,3271.419630050659,681.3720419406891,,
8491,0.01984318532049656,,3271.7998929023743,681.4494225978851,,
8492,0.023236507549881935,,3272.180729150772,681.5267934799194,,
8493,0.02057836577296257,,3272.5613009929657,681.6042108535767,,
8494,0.02043541707098484,,3272.94123339653,681.6816158294678,,
8495,0.01844085194170475,,3273.3213851451874,681.7589931488037,,
8496,0.01995924860239029,,3273.7020585536957,681.8363637924194,,
8497,0.018024971708655357,,3274.0824263095856,681.9137136936188,,
8498,0.028144754469394684,,3274.4626116752625,681.9910492897034,,
8499,0.019264254719018936,,3274.84339261055,682.0684435367584,,
8500,0.02374127507209778,0.012632892467081547,3275.2236366271973,683.556970834732,0.018602024763822556,0.034321144223213196
8501,0.01985112950205803,,3275.604291200638,683.63436460495,,
8502,0.019770875573158264,,3275.9846153259277,683.71173620224,,
8503,0.019691023975610733,,3276.3648755550385,683.7891428470612,,
8504,0.019765807315707207,,3276.7457087039948,683.8665056228638,,
8505,0.01891142874956131,,3277.126009941101,683.9438669681549,,
8506,0.0240634735673666,,3277.50626039505,684.0212256908417,,
8507,0.02232576347887516,,3277.8869590759277,684.0985968112946,,
8508,0.02138693444430828,,3278.2672238349915,684.1759397983551,,
8509,0.029891246929764748,,3278.6473195552826,684.2533504962921,,
8510,0.03459237515926361,,3279.0280406475067,684.330727815628,,
8511,0.024707594886422157,,3279.4082317352295,684.408106803894,,
8512,0.025894373655319214,,3279.7885065078735,684.4854590892792,,
8513,0.020194996148347855,,3280.1694927215576,684.5628170967102,,
8514,0.022798296064138412,,3280.5496575832367,684.6401791572571,,
8515,0.022225838154554367,,3280.929633617401,684.7175438404083,,
8516,0.020554497838020325,,3281.310652256012,684.7949438095093,,
8517,0.023527545854449272,,3281.6910960674286,684.8723487854004,,
8518,0.021440766751766205,,3282.071774959564,684.9497272968292,,
8519,0.028338473290205002,,3282.452461242676,685.0270886421204,,
8520,0.02405482530593872,,3282.8333208560944,685.1044611930847,,
8521,0.023185154423117638,,3283.213690519333,685.1818106174469,,
8522,0.023348409682512283,,3283.595503807068,685.2591869831085,,
8523,0.0344565287232399,,3283.976159095764,685.3365664482117,,
8524,0.022354915738105774,,3284.356402873993,685.4139692783356,,
8525,0.019775521010160446,,3284.736976623535,685.4913694858551,,
8526,0.021719640120863914,,3285.117017030716,685.5687446594238,,
8527,0.025797760114073753,,3285.497071504593,685.6461355686188,,
8528,0.02376788854598999,,3285.877638578415,685.723530292511,,
8529,0.01938113383948803,,3286.2618815898895,685.8009233474731,,
8530,0.020829835906624794,,3286.642071723938,685.8782954216003,,
8531,0.02041374333202839,,3287.022163629532,685.9556889533997,,
8532,0.025414925068616867,,3287.40242934227,686.0330624580383,,
8533,0.023399077355861664,,3288.0101823806763,686.1104488372803,,
8534,0.026123013347387314,,3288.390839576721,686.1878151893616,,
8535,0.021032653748989105,,3288.7708966732025,686.2651793956757,,
8536,0.020162299275398254,,3289.1512660980225,686.3425393104553,,
8537,0.0252492967993021,,3289.5319724082947,686.4199092388153,,
8538,0.020783541724085808,,3289.9120049476624,686.4972789287567,,
8539,0.01853235624730587,,3290.292350292206,686.5746259689331,,
8540,0.018762724474072456,,3290.6729803085327,686.6520142555237,,
8541,0.02437884360551834,,3291.053000688553,686.7293879985809,,
8542,0.0185542069375515,,3291.43346619606,686.8068284988403,,
8543,0.023579059168696404,,3291.814063310623,686.8842022418976,,
8544,0.03165614977478981,,3292.1941633224487,686.9615807533264,,
8545,0.03836606442928314,,3292.575180530548,687.0389785766602,,
8546,0.021874450147151947,,3292.9559440612793,687.1163458824158,,
8547,0.03343900665640831,,3293.33628988266,687.1937022209167,,
8548,0.023269329220056534,,3293.7166588306427,687.2710511684418,,
8549,0.023908570408821106,,3294.097400188446,687.3483810424805,,
8550,0.019136937335133553,,3294.477521419525,687.4257509708405,,
8551,0.023508546873927116,,3294.857748746872,687.5030937194824,,
8552,0.023128708824515343,,3295.2383422851562,687.5804626941681,,
8553,0.019500333815813065,,3295.618567466736,687.6578364372253,,
8554,0.020873812958598137,,3295.9989891052246,687.7352070808411,,
8555,0.019077392295002937,,3296.38006067276,687.8125684261322,,
8556,0.02016543783247471,,3296.7607550621033,687.8899550437927,,
8557,0.01862802915275097,,3297.1414909362793,687.9673235416412,,
8558,0.019352048635482788,,3297.522250175476,688.0446546077728,,
8559,0.02166188694536686,,3297.9029111862183,688.1220219135284,,
8560,0.023160193115472794,,3298.283166408539,688.1994097232819,,
8561,0.0248959269374609,,3298.664294242859,688.2767810821533,,
8562,0.021840406581759453,,3299.0443198680878,688.3541560173035,,
8563,0.022049712017178535,,3299.4245734214783,688.4315235614777,,
8564,0.018947571516036987,,3299.8052611351013,688.5089194774628,,
8565,0.024383217096328735,,3300.185661315918,688.5862662792206,,
8566,0.030250314623117447,,3300.565809249878,688.663626909256,,
8567,0.026209460571408272,,3300.9465787410736,688.7410032749176,,
8568,0.02436133101582527,,3301.326672077179,688.818366765976,,
8569,0.021573133766651154,,3301.7070832252502,688.8957171440125,,
8570,0.020434986799955368,,3302.0878870487213,688.9730608463287,,
8571,0.020019909366965294,,3302.468152999878,689.0504500865936,,
8572,0.026584982872009277,,3302.847715139389,689.1278376579285,,
8573,0.023897532373666763,,3303.2284984588623,689.2052178382874,,
8574,0.02218584343791008,,3303.608866214752,689.2825703620911,,
8575,0.018763555213809013,,3303.9894750118256,689.3599133491516,,
8576,0.02027895301580429,,3304.370305776596,689.437304019928,,
8577,0.018011098727583885,,3304.7504580020905,689.5146894454956,,
8578,0.018277762457728386,,3305.1305527687073,689.5920758247375,,
8579,0.01930059865117073,,3305.51127576828,689.6694729328156,,
8580,0.024100495502352715,,3305.8917474746704,689.746860742569,,
8581,0.021471111103892326,,3306.2715508937836,689.8242118358612,,
8582,0.028502458706498146,,3306.652557849884,689.9015753269196,,
8583,0.02370281144976616,,3307.0325672626495,689.9789464473724,,
8584,0.021857626736164093,,3307.4127008914948,690.0563414096832,,
8585,0.03013339638710022,,3307.793618440628,690.1337378025055,,
8586,0.029271267354488373,,3308.4012405872345,690.2111175060272,,
8587,0.024297764524817467,,3308.7817046642303,690.2884657382965,,
8588,0.01632130704820156,,3309.1619267463684,690.3658814430237,,
8589,0.02354244701564312,,3309.541937351227,690.4432320594788,,
8590,0.018838273361325264,,3309.9226064682007,690.520631313324,,
8591,0.019505232572555542,,3310.304210424423,690.598016500473,,
8592,0.021785832941532135,,3310.6849176883698,690.6754341125488,,
8593,0.028709961101412773,,3311.065532207489,690.7527930736542,,
8594,0.01622553914785385,,3311.4458181858063,690.8302075862885,,
8595,0.01624995283782482,,3311.8259270191193,690.9075813293457,,
8596,0.01862645335495472,,3312.2068605422974,690.9849789142609,,
8597,0.01947820372879505,,3312.5875475406647,691.0623536109924,,
8598,0.020511537790298462,,3312.9676389694214,691.1397342681885,,
8599,0.018198229372501373,,3313.3483097553253,691.2171409130096,,
8600,0.02623305469751358,,3313.7285873889923,691.29452085495,,
8601,0.018372617661952972,,3314.1081800460815,691.3718950748444,,
8602,0.018378015607595444,,3314.4889068603516,691.4493072032928,,
8603,0.01721266470849514,,3314.8690555095673,691.5266714096069,,
8604,0.020669179037213326,,3315.2492685317993,691.6040463447571,,
8605,0.02681867592036724,,3315.629951477051,691.681408405304,,
8606,0.01735030673444271,,3316.0102849006653,691.7587687969208,,
8607,0.021208329126238823,,3316.3904201984406,691.8361785411835,,
8608,0.023689623922109604,,3316.7708587646484,691.9135653972626,,
8609,0.03467879071831703,,3317.151022195816,691.9909267425537,,
8610,0.018667660653591156,,3317.53125333786,692.0683162212372,,
8611,0.023699818179011345,,3317.9112441539764,692.1456987857819,,
8612,0.02240486815571785,,3318.2913677692413,692.223072052002,,
8613,0.02371917851269245,,3318.6716685295105,692.3006398677826,,
8614,0.023238936439156532,,3319.0524406433105,692.3779804706573,,
8615,0.017581619322299957,,3319.432581424713,692.4553561210632,,
8616,0.01943020336329937,,3319.812326669693,692.5327191352844,,
8617,0.019227392971515656,,3320.192331790924,692.6100883483887,,
8618,0.02070435881614685,,3320.572718858719,692.6874561309814,,
8619,0.018419384956359863,,3320.953050136566,692.7648084163666,,
8620,0.021536992862820625,,3321.3338730335236,692.8422055244446,,
8621,0.01864107884466648,,3321.71396279335,692.9195990562439,,
8622,0.02084292657673359,,3322.0941796302795,692.9969716072083,,
8623,0.021177323535084724,,3322.4749071598053,693.0743517875671,,
8624,0.01875985972583294,,3322.855110645294,693.1517336368561,,
8625,0.02910398319363594,,3323.2359268665314,693.2290732860565,,
8626,0.01859736070036888,,3323.6168451309204,693.3064377307892,,
8627,0.0204630084335804,,3323.9969203472137,693.3837993144989,,
8628,0.024161534383893013,,3324.377215862274,693.4611792564392,,
8629,0.022232042625546455,,3324.7579350471497,693.5385539531708,,
8630,0.01987181045114994,,3325.1379749774933,693.6159205436707,,
8631,0.020662052556872368,,3325.5184066295624,693.6932780742645,,
8632,0.02051030658185482,,3325.899017572403,693.7706210613251,,
8633,0.024025490507483482,,3326.2793774604797,693.8479843139648,,
8634,0.021828139200806618,,3326.6595108509064,693.9253234863281,,
8635,0.022410551086068153,,3327.0403118133545,694.002697467804,,
8636,0.020290322601795197,,3327.4205191135406,694.0800611972809,,
8637,0.02684626169502735,,3327.8008308410645,694.15744972229,,
8638,0.028893183916807175,,3328.1815609931946,694.234833240509,,
8639,0.034770555794239044,,3328.78981590271,694.3121953010559,,
8640,0.028533292934298515,,3329.1704189777374,694.3895878791809,,
8641,0.02353861555457115,,3329.5506851673126,694.466956615448,,
8642,0.02643296681344509,,3329.9309978485107,694.5443472862244,,
8643,0.024474989622831345,,3330.311681509018,694.6217219829559,,
8644,0.017155326902866364,,3330.691876411438,694.699104309082,,
8645,0.019955363124608994,,3331.0720994472504,694.7764945030212,,
8646,0.0183357335627079,,3331.452775001526,694.8538973331451,,
8647,0.01863247901201248,,3331.8329951763153,694.9312453269958,,
8648,0.019113246351480484,,3332.2131123542786,695.0086302757263,,
8649,0.018136397004127502,,3332.5938901901245,695.0859775543213,,
8650,0.025774816051125526,,3332.9740006923676,695.1633446216583,,
8651,0.01924091950058937,,3333.354207754135,695.2407205104828,,
8652,0.016711389645934105,,3333.73464512825,695.3180932998657,,
8653,0.018600869923830032,,3334.115144252777,695.3955013751984,,
8654,0.02459997870028019,,3334.495276451111,695.4728736877441,,
8655,0.021887391805648804,,3334.8761847019196,695.5502738952637,,
8656,0.01877663843333721,,3335.256427526474,695.6276624202728,,
8657,0.01803879253566265,,3335.6365442276,695.7050089836121,,
8658,0.023995624855160713,,3336.0172464847565,695.7823657989502,,
8659,0.02926787920296192,,3336.3981895446777,695.8597357273102,,
8660,0.0249110609292984,,3336.782161951065,695.9370560646057,,
8661,0.024318760260939598,,3337.1630625724792,696.0144166946411,,
8662,0.028546979650855064,,3337.5430870056152,696.0917587280273,,
8663,0.031537607312202454,,3337.923194169998,696.1691105365753,,
8664,0.025550570338964462,,3338.3044395446777,696.2464661598206,,
8665,0.020670264959335327,,3338.6846351623535,696.3237977027893,,
8666,0.031216800212860107,,3339.0648465156555,696.4011459350586,,
8667,0.021484440192580223,,3339.4454941749573,696.478485584259,,
8668,0.023221859708428383,,3339.8256227970123,696.5558304786682,,
8669,0.019944224506616592,,3340.2059671878815,696.6331791877747,,
8670,0.024595189839601517,,3340.5867319107056,696.7105302810669,,
8671,0.028353864327073097,,3340.966938972473,696.787887096405,,
8672,0.022129017859697342,,3341.3470475673676,696.8652312755585,,
8673,0.023725314065814018,,3341.727798461914,696.9425370693207,,
8674,0.034586261957883835,,3342.107885837555,697.0198922157288,,
8675,0.017855344340205193,,3342.488440513611,697.0972430706024,,
8676,0.022447718307375908,,3342.8686606884003,697.174596786499,,
8677,0.02111007086932659,,3343.2487988471985,697.2519600391388,,
8678,0.01658787950873375,,3343.629016160965,697.3292827606201,,
8679,0.029061362147331238,,3344.009870290756,697.4066534042358,,
8680,0.02051769196987152,,3344.3899693489075,697.4840340614319,,
8681,0.027452772483229637,,3344.7700967788696,697.5614216327667,,
8682,0.02007940039038658,,3345.1506555080414,697.6387782096863,,
8683,0.02221176214516163,,3345.5312111377716,697.7161405086517,,
8684,0.02080409787595272,,3345.912273168564,697.7935116291046,,
8685,0.021937258541584015,,3346.2930879592896,697.870840549469,,
8686,0.019360147416591644,,3346.673064470291,697.9482188224792,,
8687,0.0180965568870306,,3347.053178548813,698.0256106853485,,
8688,0.019003605470061302,,3347.434472799301,698.1029877662659,,
8689,0.017548713833093643,,3347.8147699832916,698.1803641319275,,
8690,0.02687954157590866,,3348.194844007492,698.2577555179596,,
8691,0.020992211997509003,,3348.575453519821,698.3351411819458,,
8692,0.0183462705463171,,3349.1834127902985,698.4125430583954,,
8693,0.017009614035487175,,3349.5639934539795,698.4899866580963,,
8694,0.024493791162967682,,3349.9442343711853,698.5673661231995,,
8695,0.0263141468167305,,3350.3247764110565,698.6447308063507,,
8696,0.01864628680050373,,3350.7053842544556,698.7221205234528,,
8697,0.024503711611032486,,3351.0861167907715,698.7994923591614,,
8698,0.02697603963315487,,3351.46622467041,698.8768560886383,,
8699,0.0322139635682106,,3351.846849679947,698.9542372226715,,
8700,0.02445346675813198,,3352.227311372757,699.0316138267517,,
8701,0.01709671877324581,,3352.607739686966,699.1089940071106,,
8702,0.022122574970126152,,3352.988595724106,699.1863830089569,,
8703,0.022980492562055588,,3353.3688402175903,699.2637820243835,,
8704,0.018366310745477676,,3353.7491030693054,699.3411524295807,,
8705,0.020588204264640808,,3354.1297557353973,699.4185943603516,,
8706,0.020141011103987694,,3354.509829044342,699.4959816932678,,
8707,0.017600420862436295,,3354.890148639679,699.5733575820923,,
8708,0.020147070288658142,,3355.270843267441,699.6507329940796,,
8709,0.019434114918112755,,3355.6510655879974,699.7281062602997,,
8710,0.024341732263565063,,3356.0313715934753,699.8054947853088,,
8711,0.0268878024071455,,3356.4122076034546,699.882895231247,,
8712,0.02530600316822529,,3356.8211145401,699.9602816104889,,
8713,0.01904231123626232,,3357.201555252075,700.0376069545746,,
8714,0.023373989388346672,,3357.5825657844543,700.1149771213531,,
8715,0.02178075909614563,,3357.9632189273834,700.1923694610596,,
8716,0.021349405869841576,,3358.343299627304,700.2697675228119,,
8717,0.02019817940890789,,3358.723779439926,700.3471193313599,,
8718,0.024208996444940567,,3359.1040070056915,700.4245226383209,,
8719,0.023764904588460922,,3359.4843351840973,700.5018980503082,,
8720,0.019138671457767487,,3359.8649957180023,700.5792520046234,,
8721,0.027951804921030998,,3360.245124101639,700.6566107273102,,
8722,0.02170032635331154,,3360.625137090683,700.7339725494385,,
8723,0.021719198673963547,,3361.0059151649475,700.811336517334,,
8724,0.021624049171805382,,3361.386078596115,700.8887281417847,,
8725,0.025943703949451447,,3361.766169309616,700.9661104679108,,
8726,0.020328111946582794,,3362.14679145813,701.043493270874,,
8727,0.024076391011476517,,3362.527089357376,701.1208655834198,,
8728,0.031389880925416946,,3362.9073061943054,701.1982707977295,,
8729,0.02812787890434265,,3363.2879610061646,701.2756195068359,,
8730,0.02550903894007206,,3363.6683728694916,701.3530328273773,,
8731,0.026276856660842896,,3364.0486404895782,701.430428981781,,
8732,0.02508946880698204,,3364.429302930832,701.5077877044678,,
8733,0.018222684040665627,,3364.8096404075623,701.5851700305939,,
8734,0.017656320706009865,,3365.1897048950195,701.662547826767,,
8735,0.028764955699443817,,3365.5702934265137,701.7399342060089,,
8736,0.017952756956219673,,3365.950293302536,701.8173081874847,,
8737,0.022200103849172592,,3366.330516576767,701.8946993350983,,
8738,0.025925979018211365,,3366.711053133011,701.9720778465271,,
8739,0.01765916869044304,,3367.0912940502167,702.0494477748871,,
8740,0.025651566684246063,,3367.4715995788574,702.1268343925476,,
8741,0.028808677569031715,,3367.852263689041,702.204220533371,,
8742,0.018284335732460022,,3368.2324829101562,702.2816295623779,,
8743,0.02771519310772419,,3368.612760066986,702.3590095043182,,
8744,0.01865081861615181,,3368.9939053058624,702.4363770484924,,
8745,0.01931721158325672,,3369.6021077632904,702.5137429237366,,
8746,0.020911511033773422,,3369.9828901290894,702.5911259651184,,
8747,0.02374354936182499,,3370.3629846572876,702.6684749126434,,
8748,0.022181576117873192,,3370.743243455887,702.7458531856537,,
8749,0.018068773671984673,,3371.123739719391,702.8232307434082,,
8750,0.01957479491829872,,3371.5038588047028,702.9005870819092,,
8751,0.01706647500395775,,3371.8840124607086,702.9779667854309,,
8752,0.01924685575067997,,3372.264654636383,703.0553483963013,,
8753,0.018436888232827187,,3372.6447219848633,703.1327428817749,,
8754,0.01830984279513359,,3373.024656534195,703.210159778595,,
8755,0.01869005337357521,,3373.4052033424377,703.2875392436981,,
8756,0.022117091342806816,,3373.7853257656097,703.3649051189423,,
8757,0.01816451922059059,,3374.165594100952,703.4422655105591,,
8758,0.018721120432019234,,3374.5461962223053,703.519650220871,,
8759,0.018555521965026855,,3374.926735162735,703.5970060825348,,
8760,0.020047388970851898,,3375.3068714141846,703.6743614673615,,
8761,0.018989775329828262,,3375.6877150535583,703.7517235279083,,
8762,0.01889633759856224,,3376.067820072174,703.8291249275208,,
8763,0.021770866587758064,,3376.448226928711,703.9065129756927,,
8764,0.02170076221227646,,3376.8290355205536,703.9838984012604,,
8765,0.02109236642718315,,3377.209675550461,704.061240196228,,
8766,0.0215178020298481,,3377.59343457222,704.1386253833771,,
8767,0.018637897446751595,,3377.9742090702057,704.2159993648529,,
8768,0.02056283876299858,,3378.353875875473,704.2933835983276,,
8769,0.018577096983790398,,3378.734052658081,704.3707349300385,,
8770,0.01948443613946438,,3379.114830970764,704.4481062889099,,
8771,0.021773746237158775,,3379.4952309131622,704.5254459381104,,
8772,0.018242474645376205,,3379.8753821849823,704.602885723114,,
8773,0.02747829630970955,,3380.256229162216,704.6802866458893,,
8774,0.018728060647845268,,3380.635981321335,704.7576916217804,,
8775,0.02126246504485607,,3381.0162167549133,704.8351068496704,,
8776,0.01819607801735401,,3381.3968272209167,704.9124853610992,,
8777,0.018899140879511833,,3381.7770051956177,704.9898748397827,,
8778,0.019434986636042595,,3382.1572725772858,705.0673227310181,,
8779,0.01926647126674652,,3382.542624950409,705.1447083950043,,
8780,0.021921198815107346,,3382.922917366028,705.2221646308899,,
8781,0.02352379821240902,,3383.303288459778,705.2996137142181,,
8782,0.02018476277589798,,3383.6840982437134,705.3770039081573,,
8783,0.02379872091114521,,3384.0643606185913,705.4544248580933,,
8784,0.020300503820180893,,3384.444761276245,705.5317795276642,,
8785,0.01981757953763008,,3384.825670003891,705.6091730594635,,
8786,0.030057692900300026,,3385.2062072753906,705.6865620613098,,
8787,0.023300664499402046,,3385.5865960121155,705.7639970779419,,
8788,0.022868270054459572,,3385.967075109482,705.8413920402527,,
8789,0.024257702752947807,,3386.3473632335663,705.9187853336334,,
8790,0.024103183299303055,,3386.7277014255524,705.9961698055267,,
8791,0.024766206741333008,,3387.108572244644,706.0735688209534,,
8792,0.01813947781920433,,3387.4889421463013,706.1509773731232,,
8793,0.021503407508134842,,3387.868735551834,706.2284095287323,,
8794,0.025361772626638412,,3388.249443054199,706.3058540821075,,
8795,0.024449843913316727,,3388.629741668701,706.3832631111145,,
8796,0.019706089049577713,,3389.010365009308,706.4607348442078,,
8797,0.021358946338295937,,3389.391394138336,706.5381467342377,,
8798,0.021907249465584755,,3390.000148534775,706.6155290603638,,
8799,0.022439783439040184,,3390.3811886310577,706.6929252147675,,
8800,0.02251032553613186,,3390.761547803879,706.7703547477722,,
8801,0.02331688068807125,,3391.141813516617,706.8477249145508,,
8802,0.020297864452004433,,3391.5226500034332,706.9250962734222,,
8803,0.017618032172322273,,3391.902905702591,707.0025036334991,,
8804,0.02120758779346943,,3392.2831797599792,707.0798695087433,,
8805,0.024743882939219475,,3392.6640145778656,707.1572849750519,,
8806,0.02161499299108982,,3393.044182062149,707.2346963882446,,
8807,0.019492819905281067,,3393.4249379634857,707.3121190071106,,
8808,0.02015400491654873,,3393.8054459095,707.3895213603973,,
8809,0.021373821422457695,,3394.185704946518,707.46688580513,,
8810,0.019983284175395966,,3394.565801382065,707.5442450046539,,
8811,0.01840737648308277,,3394.946688890457,707.6216683387756,,
8812,0.018597077578306198,,3395.3268036842346,707.6990988254547,,
8813,0.01972672902047634,,3395.7070655822754,707.7764890193939,,
8814,0.027512051165103912,,3396.0877623558044,707.8538625240326,,
8815,0.022047998383641243,,3396.4678349494934,707.9312236309052,,
8816,0.022482827305793762,,3396.848049879074,708.0085978507996,,
8817,0.02005855180323124,,3397.228394508362,708.0859467983246,,
8818,0.022044355049729347,,3397.608689069748,708.1632900238037,,
8819,0.018197664991021156,,3397.9887742996216,708.2406620979309,,
8820,0.018140563741326332,,3398.369431257248,708.3180208206177,,
8821,0.01927061565220356,,3398.7496299743652,708.3953762054443,,
8822,0.020318813621997833,,3399.129472017288,708.4727146625519,,
8823,0.020175941288471222,,3399.510276556015,708.5501019954681,,
8824,0.027859317138791084,,3399.890525817871,708.627459526062,,
8825,0.020500050857663155,,3400.2710757255554,708.7048256397247,,
8826,0.02016153745353222,,3400.6520903110504,708.7821793556213,,
8827,0.019070133566856384,,3401.0326673984528,708.8595726490021,,
8828,0.020573826506733894,,3401.4130346775055,708.9369280338287,,
8829,0.0270367618650198,,3401.7938640117645,709.0143191814423,,
8830,0.01808636076748371,,3402.174325466156,709.0917019844055,,
8831,0.023390891030430794,,3402.554454803467,709.169056892395,,
8832,0.02001238241791725,,3402.934374332428,709.2463848590851,,
8833,0.02029123529791832,,3403.315514087677,709.3237562179565,,
8834,0.018837308511137962,,3403.696036338806,709.4011318683624,,
8835,0.018283070996403694,,3404.0767588615417,709.4785189628601,,
8836,0.019783683121204376,,3404.456750869751,709.5558915138245,,
8837,0.017270591109991074,,3404.836995601654,709.6332583427429,,
8838,0.022139353677630424,,3405.2176592350006,709.7106516361237,,
8839,0.023154692724347115,,3405.597920179367,709.7880156040192,,
8840,0.021571550518274307,,3405.9788711071014,709.8653786182404,,
8841,0.019172148779034615,,3406.3595168590546,709.9427418708801,,
8842,0.018862033262848854,,3406.7398376464844,710.0201969146729,,
8843,0.018110366538167,,3407.1198391914368,710.0976090431213,,
8844,0.018263287842273712,,3407.500496864319,710.1750140190125,,
8845,0.02711319923400879,,3407.880668401718,710.2523975372314,,
8846,0.024147730320692062,,3408.260780096054,710.3297991752625,,
8847,0.018470358103513718,,3408.6414086818695,710.407217502594,,
8848,0.020497050136327744,,3409.021640062332,710.4845836162567,,
8849,0.02309650555253029,,3409.4023463726044,710.561977148056,,
8850,0.028675511479377747,,3409.7830872535706,710.6393716335297,,
8851,0.03095395676791668,,3410.391241788864,710.7167348861694,,
8852,0.03363946080207825,,3410.771776676178,710.7941491603851,,
8853,0.017808780074119568,,3411.1517112255096,710.8715145587921,,
8854,0.03123142011463642,,3411.5318286418915,710.9489009380341,,
8855,0.022581743076443672,,3411.9121990203857,711.0262897014618,,
8856,0.02178783155977726,,3412.292309522629,711.1036360263824,,
8857,0.023562220856547356,,3412.67258644104,711.1810173988342,,
8858,0.01923762448132038,,3413.0530796051025,711.2584218978882,,
8859,0.019352493807673454,,3413.433298587799,711.3358235359192,,
8860,0.02040819823741913,,3413.813294649124,711.413206577301,,
8861,0.02237190678715706,,3414.19379901886,711.4906215667725,,
8862,0.019723674282431602,,3414.5739738941193,711.5680215358734,,
8863,0.018327701836824417,,3414.953551054001,711.6454172134399,,
8864,0.020131025463342667,,3415.3339397907257,711.7228090763092,,
8865,0.018763454630970955,,3415.714052915573,711.8002023696899,,
8866,0.01795114204287529,,3416.094304084778,711.8776042461395,,
8867,0.018435942009091377,,3416.47500872612,711.9549860954285,,
8868,0.029319530352950096,,3416.855509996414,712.0323915481567,,
8869,0.020571164786815643,,3417.2356667518616,712.1097946166992,,
8870,0.020425528287887573,,3417.6163733005524,712.187178850174,,
8871,0.023864345625042915,,3417.9964892864227,712.2645874023438,,
8872,0.018727652728557587,,3418.3766033649445,712.3419828414917,,
8873,0.025155123323202133,,3418.7574973106384,712.4193603992462,,
8874,0.026784036308526993,,3419.137459754944,712.4967305660248,,
8875,0.021012047305703163,,3419.5175638198853,712.5741021633148,,
8876,0.021725179627537727,,3419.8981761932373,712.6514976024628,,
8877,0.023164890706539154,,3420.278401374817,712.7288572788239,,
8878,0.02726859226822853,,3420.658527135849,712.8062236309052,,
8879,0.031307850033044815,,3421.0393509864807,712.8836064338684,,
8880,0.034706465899944305,,3421.419367313385,712.9609849452972,,
8881,0.026157665997743607,,3421.7996723651886,713.0383625030518,,
8882,0.021449437364935875,,3422.180178165436,713.1157321929932,,
8883,0.02032715082168579,,3422.5603182315826,713.1930940151215,,
8884,0.019449330866336823,,3422.940691947937,713.2704756259918,,
8885,0.017454849556088448,,3423.3213930130005,713.3478646278381,,
8886,0.01984858512878418,,3423.7013244628906,713.4252374172211,,
8887,0.01837238483130932,,3424.081372499466,713.5026118755341,,
8888,0.020970096811652184,,3424.4620225429535,713.5800175666809,,
8889,0.018714159727096558,,3424.84211397171,713.6574144363403,,
8890,0.017753487452864647,,3425.22211766243,713.7348031997681,,
8891,0.026563769206404686,,3425.603178501129,713.8122036457062,,
8892,0.019240418449044228,,3425.9826333522797,713.8895854949951,,
8893,0.021703943610191345,,3426.3629705905914,713.9669373035431,,
8894,0.02349436841905117,,3426.743535757065,714.0443165302277,,
8895,0.02867283672094345,,3427.1236045360565,714.1216955184937,,
8896,0.026916390284895897,,3427.503765821457,714.1990809440613,,
8897,0.023949893191456795,,3427.884603500366,714.2764618396759,,
8898,0.01883833110332489,,3428.2648301124573,714.35382604599,,
8899,0.020487850531935692,,3428.644926071167,714.4311969280243,,
8900,0.02149122767150402,,3429.0255777835846,714.5085875988007,,
8901,0.02370535396039486,,3429.406115293503,714.5859785079956,,
8902,0.02811884880065918,,3429.7873623371124,714.6633818149567,,
8903,0.020052509382367134,,3430.168519973755,714.7407796382904,,
8904,0.0222964845597744,,3430.7762491703033,714.8181734085083,,
8905,0.01777985319495201,,3431.1568422317505,714.8955810070038,,
8906,0.018374111503362656,,3431.5369362831116,714.9729578495026,,
8907,0.020592108368873596,,3431.9171047210693,715.0503497123718,,
8908,0.02704104408621788,,3432.2971477508545,715.127748966217,,
8909,0.021658390760421753,,3432.677352666855,715.2051012516022,,
8910,0.0181500855833292,,3433.0576119422913,715.2829036712646,,
8911,0.018395250663161278,,3433.437565803528,715.3602874279022,,
8912,0.02444443665444851,,3433.8178849220276,715.4376740455627,,
8913,0.019893717020750046,,3434.1979410648346,715.5150856971741,,
8914,0.022969430312514305,,3434.5785794258118,715.5924789905548,,
8915,0.018232040107250214,,3434.9587433338165,715.6698162555695,,
8916,0.02072933129966259,,3435.3389399051666,715.7471935749054,,
8917,0.020211301743984222,,3435.718980550766,715.8245661258698,,
8918,0.017742371186614037,,3436.099390029907,715.9019498825073,,
8919,0.01925443299114704,,3436.479747772217,715.979320526123,,
8920,0.020495202392339706,,3436.860435962677,716.0567166805267,,
8921,0.017481546849012375,,3437.240601539612,716.1341416835785,,
8922,0.021426713094115257,,3437.6209394931793,716.2115457057953,,
8923,0.01851407065987587,,3438.0016689300537,716.288959980011,,
8924,0.01867644116282463,,3438.381984233856,716.3663749694824,,
8925,0.026545029133558273,,3438.762136697769,716.4437625408173,,
8926,0.019474511966109276,,3439.142921447754,716.5211198329926,,
8927,0.025686807930469513,,3439.523426294327,716.598503112793,,
8928,0.02346108667552471,,3439.903959274292,716.675891160965,,
8929,0.020184356719255447,,3440.284795999527,716.7532703876495,,
8930,0.020028838887810707,,3440.6650607585907,716.8306837081909,,
8931,0.018908435478806496,,3441.0456142425537,716.9080729484558,,
8932,0.01769322343170643,,3441.426637649536,716.9854536056519,,
8933,0.025293584913015366,,3441.8070924282074,717.062846660614,,
8934,0.01997646503150463,,3442.187425851822,717.1402487754822,,
8935,0.02129286713898182,,3442.5684683322906,717.2176337242126,,
8936,0.020481331273913383,,3442.948551416397,717.295051574707,,
8937,0.026531385257840157,,3443.329662322998,717.3724102973938,,
8938,0.02044842019677162,,3443.7105662822723,717.4498391151428,,
8939,0.023107880726456642,,3444.0907220840454,717.5272588729858,,
8940,0.020111694931983948,,3444.4710659980774,717.6047143936157,,
8941,0.019379425793886185,,3444.8520085811615,717.6821365356445,,
8942,0.022840116173028946,,3445.232390642166,717.7595951557159,,
8943,0.02314533293247223,,3445.6127870082855,717.836977481842,,
8944,0.019867734983563423,,3445.993677377701,717.9143440723419,,
8945,0.025423143059015274,,3446.373845100403,717.9917228221893,,
8946,0.01789504662156105,,3446.7542176246643,718.0690898895264,,
8947,0.02155212312936783,,3447.1351475715637,718.1464734077454,,
8948,0.021600408479571342,,3447.515598297119,718.2238473892212,,
8949,0.022934801876544952,,3447.8959171772003,718.3012943267822,,
8950,0.019271081313490868,,3448.2767205238342,718.3787052631378,,
8951,0.021424951031804085,,3448.6569561958313,718.456118106842,,
8952,0.01909555122256279,,3449.0371782779694,718.5335381031036,,
8953,0.0221666619181633,,3449.417642354965,718.610925912857,,
8954,0.01944560743868351,,3449.7983639240265,718.6883368492126,,
8955,0.02784641645848751,,3450.178711414337,718.7657518386841,,
8956,0.025147758424282074,,3450.559553384781,718.8431642055511,,
8957,0.02705785073339939,,3451.170389175415,718.920577287674,,
8958,0.022602438926696777,,3451.5512738227844,718.9979710578918,,
8959,0.0251885075122118,,3451.9316709041595,719.0753870010376,,
8960,0.018642034381628036,,3452.3118534088135,719.1527719497681,,
8961,0.025057727470993996,,3452.6929125785828,719.2301552295685,,
8962,0.020950721576809883,,3453.073019504547,719.3075699806213,,
8963,0.018207333981990814,,3453.453661441803,719.3849809169769,,
8964,0.017792589962482452,,3453.834305524826,719.4624078273773,,
8965,0.020068880170583725,,3454.214550256729,719.539803981781,,
8966,0.01801871694624424,,3454.5946271419525,719.6171650886536,,
8967,0.02053707093000412,,3454.975402355194,719.6946926116943,,
8968,0.022207777947187424,,3455.355747461319,719.7721064090729,,
8969,0.019791394472122192,,3455.736045360565,719.8495173454285,,
8970,0.01806885004043579,,3456.1173453330994,719.9268929958344,,
8971,0.0188307948410511,,3456.4977521896362,720.004311800003,,
8972,0.019697682932019234,,3456.877211332321,720.0816872119904,,
8973,0.02344321645796299,,3457.2580919265747,720.1590487957001,,
8974,0.02179405651986599,,3457.638176202774,720.2364232540131,,
8975,0.019603295251727104,,3458.018445968628,720.3137996196747,,
8976,0.018196526914834976,,3458.3990726470947,720.391193151474,,
8977,0.021485691890120506,,3458.779478788376,720.4685957431793,,
8978,0.02706027589738369,,3459.1593754291534,720.5459997653961,,
8979,0.01876223459839821,,3459.5399081707,720.6233580112457,,
8980,0.020264778286218643,,3459.9198920726776,720.7007434368134,,
8981,0.029053393751382828,,3460.2996702194214,720.7781617641449,,
8982,0.024735083803534508,,3460.680309534073,720.8555254936218,,
8983,0.02806745655834675,,3461.060325860977,720.9328644275665,,
8984,0.021725554019212723,,3461.4403517246246,721.010262966156,,
8985,0.021154597401618958,,3461.821220397949,721.0876393318176,,
8986,0.022077834233641624,,3462.2012591362,721.1650197505951,,
8987,0.023761240765452385,,3462.5815455913544,721.2423882484436,,
8988,0.025664888322353363,,3462.9621875286102,721.3197617530823,,
8989,0.018636660650372505,,3463.342387676239,721.3971612453461,,
8990,0.017866432666778564,,3463.7225115299225,721.4745309352875,,
8991,0.019721219316124916,,3464.103005170822,721.5519106388092,,
8992,0.025052525103092194,,3464.4830691814423,721.6292831897736,,
8993,0.01980048231780529,,3464.863310098648,721.7066447734833,,
8994,0.021912628784775734,,3465.2440581321716,721.7840051651001,,
8995,0.028724869713187218,,3465.6243731975555,721.8613867759705,,
8996,0.017564663663506508,,3466.004880428314,721.9387400150299,,
8997,0.019618192687630653,,3466.385399580002,722.0161139965057,,
8998,0.018108075484633446,,3466.7656564712524,722.0934503078461,,
8999,0.018958577886223793,,3467.1459341049194,722.1708111763,,
9000,0.02235460840165615,0.013823560439050198,3467.5265958309174,723.658873796463,0.01598319038748741,0.03392237424850464
9001,0.023805081844329834,,3467.9074833393097,723.7362542152405,,
9002,0.02213393524289131,,3468.2884583473206,723.8136570453644,,
9003,0.017515426501631737,,3468.6684713363647,723.8910596370697,,
9004,0.01880025863647461,,3469.049219608307,723.9684128761292,,
9005,0.019989019259810448,,3469.4293472766876,724.0458009243011,,
9006,0.01947612315416336,,3469.809665441513,724.1231520175934,,
9007,0.017748044803738594,,3470.1904447078705,724.2005259990692,,
9008,0.023873986676335335,,3470.570476293564,724.2778842449188,,
9009,0.017874540761113167,,3470.950665473938,724.3552186489105,,
9010,0.021763993427157402,,3471.5586082935333,724.4325761795044,,
9011,0.017618453130126,,3471.938709974289,724.5099215507507,,
9012,0.01868966966867447,,3472.318627357483,724.5872859954834,,
9013,0.019394172355532646,,3472.6991415023804,724.6646482944489,,
9014,0.018977712839841843,,3473.0793223381042,724.7420084476471,,
9015,0.018716253340244293,,3473.460392475128,724.8193786144257,,
9016,0.023084064945578575,,3473.840672492981,724.8967506885529,,
9017,0.02123747207224369,,3474.221237182617,724.9741458892822,,
9018,0.027254588901996613,,3474.6016895771027,725.051519870758,,
9019,0.025275852531194687,,3474.9820590019226,725.128901720047,,
9020,0.017856748774647713,,3475.3621819019318,725.206258058548,,
9021,0.020348424091935158,,3475.743009328842,725.2836546897888,,
9022,0.024188384413719177,,3476.123073577881,725.3610153198242,,
9023,0.016857827082276344,,3476.5031638145447,725.4384200572968,,
9024,0.02563256397843361,,3476.88365483284,725.5157539844513,,
9025,0.02172769606113434,,3477.263816356659,725.5931131839752,,
9026,0.017852457240223885,,3477.6439118385315,725.6705069541931,,
9027,0.018571626394987106,,3478.024439096451,725.7478783130646,,
9028,0.020214591175317764,,3478.404854774475,725.8252329826355,,
9029,0.017776591703295708,,3478.784200668335,725.9026272296906,,
9030,0.01834751106798649,,3479.1648881435394,725.9800040721893,,
9031,0.016779066994786263,,3479.5449640750885,726.0573482513428,,
9032,0.01836579293012619,,3479.92470908165,726.1347219944,,
9033,0.017649389803409576,,3480.304924964905,726.2120535373688,,
9034,0.019501905888319016,,3480.68519282341,726.2894141674042,,
9035,0.019897792488336563,,3481.065552711487,726.3667848110199,,
9036,0.01867569051682949,,3481.446747779846,726.4441983699799,,
9037,0.024147238582372665,,3481.8269097805023,726.5215764045715,,
9038,0.021487385034561157,,3482.2072961330414,726.5989320278168,,
9039,0.023269198834896088,,3482.587836742401,726.6763002872467,,
9040,0.017621750012040138,,3482.9682624340057,726.7536699771881,,
9041,0.018896736204624176,,3483.348937034607,726.8310520648956,,
9042,0.01922563835978508,,3483.7297983169556,726.9084494113922,,
9043,0.025814590975642204,,3484.1095836162567,726.9858026504517,,
9044,0.018756680190563202,,3484.4897203445435,727.0631830692291,,
9045,0.024135271087288857,,3484.870458126068,727.1405856609344,,
9046,0.01667732372879982,,3485.2506940364838,727.2179050445557,,
9047,0.019279956817626953,,3485.6306586265564,727.2952718734741,,
9048,0.024856874719262123,,3486.0112855434418,727.3726170063019,,
9049,0.02469634637236595,,3486.3917145729065,727.4500079154968,,
9050,0.021096166223287582,,3486.7714438438416,727.5278513431549,,
9051,0.019555313512682915,,3487.152127981186,727.6052584648132,,
9052,0.02090967260301113,,3487.531514406204,727.6826548576355,,
9053,0.020076001062989235,,3487.911703109741,727.7600181102753,,
9054,0.01981392689049244,,3488.29235124588,727.8374073505402,,
9055,0.018258433789014816,,3488.6725611686707,727.9148275852203,,
9056,0.026173830032348633,,3489.052700996399,727.9921655654907,,
9057,0.018774958327412605,,3489.43350148201,728.0695474147797,,
9058,0.018816307187080383,,3489.813731908798,728.1469407081604,,
9059,0.02414819784462452,,3490.1940615177155,728.2242951393127,,
9060,0.022050894796848297,,3490.5749802589417,728.3016917705536,,
9061,0.018834106624126434,,3490.955110311508,728.3790645599365,,
9062,0.02487127110362053,,3491.335402727127,728.4564564228058,,
9063,0.019260844215750694,,3491.944106578827,728.5337905883789,,
9064,0.0189575906842947,,3492.324032306671,728.6111958026886,,
9065,0.03450682386755943,,3492.704649448395,728.6886782646179,,
9066,0.0205194354057312,,3493.0848300457,728.7661526203156,,
9067,0.02018648572266102,,3493.466289281845,728.8435506820679,,
9068,0.02565581537783146,,3493.847042322159,728.920952796936,,
9069,0.020349549129605293,,3494.2270374298096,728.9983060359955,,
9070,0.021531345322728157,,3494.6072521209717,729.0756645202637,,
9071,0.018330713734030724,,3494.988056898117,729.1530079841614,,
9072,0.025731826201081276,,3495.368328332901,729.230357170105,,
9073,0.01935300976037979,,3495.7485644817352,729.3076856136322,,
9074,0.022234762087464333,,3496.1287450790405,729.3850584030151,,
9075,0.020859643816947937,,3496.5088365077972,729.4624195098877,,
9076,0.02575938031077385,,3496.8890624046326,729.5397670269012,,
9077,0.019578564912080765,,3497.269902944565,729.6171383857727,,
9078,0.01805817149579525,,3497.6500692367554,729.6944894790649,,
9079,0.022303536534309387,,3498.0302407741547,729.7718122005463,,
9080,0.023861970752477646,,3498.4112684726715,729.8491635322571,,
9081,0.025308778509497643,,3498.791417360306,729.9265186786652,,
9082,0.02025056816637516,,3499.1717031002045,730.0038442611694,,
9083,0.023966137319803238,,3499.5524110794067,730.0811998844147,,
9084,0.018520450219511986,,3499.9327285289764,730.1585762500763,,
9085,0.02608410269021988,,3500.312940597534,730.235969543457,,
9086,0.022736411541700363,,3500.693348646164,730.3133111000061,,
9087,0.020448125898838043,,3501.0743024349213,730.3906593322754,,
9088,0.02013632096350193,,3501.454533815384,730.4680364131927,,
9089,0.019316120073199272,,3501.83526468277,730.5453915596008,,
9090,0.019771059975028038,,3502.215575695038,730.6227686405182,,
9091,0.021275155246257782,,3502.59584069252,730.7001214027405,,
9092,0.021447932347655296,,3502.9763519763947,730.7774796485901,,
9093,0.01824844628572464,,3503.35679769516,730.8548407554626,,
9094,0.017173118889331818,,3503.7369241714478,730.9321799278259,,
9095,0.022036558017134666,,3504.117904663086,731.0095665454865,,
9096,0.01910204254090786,,3504.5013659000397,731.0869750976562,,
9097,0.02117466926574707,,3504.881700515747,731.1643154621124,,
9098,0.018527699634432793,,3505.26234459877,731.2416920661926,,
9099,0.019447892904281616,,3505.6425909996033,731.319039106369,,
9100,0.020341886207461357,,3506.0228724479675,731.3963973522186,,
9101,0.024207226932048798,,3506.4038531780243,731.4737491607666,,
9102,0.02636599726974964,,3506.7840955257416,731.5511536598206,,
9103,0.02188248746097088,,3507.1644933223724,731.6284976005554,,
9104,0.02072797156870365,,3507.545342206955,731.7058675289154,,
9105,0.023400992155075073,,3507.925581216812,731.7832491397858,,
9106,0.02281985618174076,,3508.3059911727905,731.8606224060059,,
9107,0.028126828372478485,,3508.686454772949,731.9379696846008,,
9108,0.028192592784762383,,3509.066584587097,732.0153229236603,,
9109,0.03154423087835312,,3509.44663977623,732.0927109718323,,
9110,0.024430127814412117,,3509.82728266716,732.1700611114502,,
9111,0.02109323814511299,,3510.2074875831604,732.2474343776703,,
9112,0.020200321450829506,,3510.5875718593597,732.3248114585876,,
9113,0.016891928389668465,,3510.9682278633118,732.40216755867,,
9114,0.02012304775416851,,3511.348448753357,732.4795355796814,,
9115,0.022738048806786537,,3511.7284202575684,732.5569021701813,,
9116,0.02054135873913765,,3512.3365337848663,732.634313583374,,
9117,0.02912551537156105,,3512.7168140411377,732.7116708755493,,
9118,0.02785584144294262,,3513.0974283218384,732.7890219688416,,
9119,0.019920378923416138,,3513.477945804596,732.8663859367371,,
9120,0.017745250836014748,,3513.8581511974335,732.9437327384949,,
9121,0.021069277077913284,,3514.2389192581177,733.0211148262024,,
9122,0.01819438301026821,,3514.6197397708893,733.0984733104706,,
9123,0.019579844549298286,,3514.9997193813324,733.1758136749268,,
9124,0.02652490884065628,,3515.380425930023,733.2531485557556,,
9125,0.01810281351208687,,3515.760504722595,733.3305480480194,,
9126,0.017017651349306107,,3516.1408154964447,733.4079115390778,,
9127,0.019393177703022957,,3516.5214529037476,733.4852628707886,,
9128,0.0197944026440382,,3516.9021310806274,733.5625758171082,,
9129,0.02486536093056202,,3517.2824149131775,733.6399397850037,,
9130,0.019606055691838264,,3517.663167476654,733.7172849178314,,
9131,0.019228210672736168,,3518.0433280467987,733.7946259975433,,
9132,0.026252003386616707,,3518.423496246338,733.871994972229,,
9133,0.01811532862484455,,3518.8039338588715,733.9493474960327,,
9134,0.021461844444274902,,3519.184056043625,734.026730298996,,
9135,0.02109527960419655,,3519.5641145706177,734.1040971279144,,
9136,0.020874744281172752,,3519.9447436332703,734.1814877986908,,
9137,0.019472850486636162,,3520.325076341629,734.2588698863983,,
9138,0.02451237477362156,,3520.7053151130676,734.3362588882446,,
9139,0.024314861744642258,,3521.086003303528,734.4136192798615,,
9140,0.018204694613814354,,3521.4662833213806,734.490978717804,,
9141,0.02080676704645157,,3521.8463201522827,734.5683410167694,,
9142,0.017367465421557426,,3522.2269661426544,734.6457736492157,,
9143,0.018092216923832893,,3522.6072058677673,734.7231376171112,,
9144,0.017137281596660614,,3522.9873600006104,734.800500869751,,
9145,0.017462413758039474,,3523.368108510971,734.8778891563416,,
9146,0.022980567067861557,,3523.748269557953,734.9552254676819,,
9147,0.023191086947917938,,3524.1283996105194,735.0325875282288,,
9148,0.019670912995934486,,3524.5094015598297,735.1099498271942,,
9149,0.020747894421219826,,3524.889575958252,735.1873111724854,,
9150,0.020437628030776978,,3525.269848585129,735.2646870613098,,
9151,0.024076953530311584,,3525.650656223297,735.342015504837,,
9152,0.02115599997341633,,3526.030839443207,735.4193713665009,,
9153,0.028537791222333908,,3526.411102294922,735.4967143535614,,
9154,0.02052607201039791,,3526.79181098938,735.5740690231323,,
9155,0.02501300722360611,,3527.171852350235,735.6514210700989,,
9156,0.027890464290976524,,3527.552009820938,735.7287585735321,,
9157,0.02348281256854534,,3527.9326496124268,735.8061401844025,,
9158,0.026988720521330833,,3528.3127932548523,735.8835017681122,,
9159,0.03479941561818123,,3528.693163871765,735.9608469009399,,
9160,0.023154594004154205,,3529.0738167762756,736.0381999015808,,
9161,0.01861586794257164,,3529.4540722370148,736.115562915802,,
9162,0.017858155071735382,,3529.8341369628906,736.192949295044,,
9163,0.0204408448189497,,3530.215090274811,736.2703449726105,,
9164,0.019462039694190025,,3530.595465898514,736.3476707935333,,
9165,0.02024274878203869,,3530.975506067276,736.425021648407,,
9166,0.022097907960414886,,3531.356202840805,736.5023708343506,,
9167,0.021221758797764778,,3531.7363328933716,736.579715013504,,
9168,0.021058786660432816,,3532.116059780121,736.657074213028,,
9169,0.01998610608279705,,3532.724438905716,736.7344634532928,,
9170,0.02174859121441841,,3533.104599714279,736.8118166923523,,
9171,0.01796714961528778,,3533.485611438751,736.8891649246216,,
9172,0.028729476034641266,,3533.8660519123077,736.9665150642395,,
9173,0.020402468740940094,,3534.246431350708,737.0438537597656,,
9174,0.03201930597424507,,3534.6270747184753,737.1212306022644,,
9175,0.026959257200360298,,3535.007163286209,737.1985771656036,,
9176,0.01801191084086895,,3535.3872747421265,737.2758960723877,,
9177,0.02056911215186119,,3535.7680728435516,737.3532528877258,,
9178,0.02289104275405407,,3536.1481461524963,737.4305937290192,,
9179,0.018904881551861763,,3536.5283415317535,737.5079574584961,,
9180,0.017976852133870125,,3536.9089488983154,737.5853204727173,,
9181,0.020832914859056473,,3537.2890605926514,737.6626572608948,,
9182,0.020330889150500298,,3537.6690924167633,737.7399940490723,,
9183,0.017315249890089035,,3538.0498373508453,737.8173544406891,,
9184,0.02410249412059784,,3538.429826259613,737.8946878910065,,
9185,0.027365827932953835,,3538.8105063438416,737.9720396995544,,
9186,0.020824627950787544,,3539.1911311149597,738.0493729114532,,
9187,0.024050280451774597,,3539.5713951587677,738.1267414093018,,
9188,0.02016732655465603,,3539.9517993927,738.2041158676147,,
9189,0.02639859728515148,,3540.3324773311615,738.2814614772797,,
9190,0.027270715683698654,,3540.712654352188,738.3587965965271,,
9191,0.026627415791153908,,3541.0928506851196,738.4361257553101,,
9192,0.03077000565826893,,3541.4737586975098,738.5134747028351,,
9193,0.02219892106950283,,3541.8541462421417,738.5908076763153,,
9194,0.025912785902619362,,3542.2340517044067,738.6681497097015,,
9195,0.022846685722470284,,3542.61465382576,738.745512008667,,
9196,0.02435585856437683,,3542.9950153827667,738.8228619098663,,
9197,0.017636295408010483,,3543.375185251236,738.9002389907837,,
9198,0.03447581082582474,,3543.756151676178,738.9775738716125,,
9199,0.019065123051404953,,3544.136509180069,739.0549499988556,,
9200,0.021243127062916756,,3544.516981124878,739.1323103904724,,
9201,0.019606905058026314,,3544.8972375392914,739.2096939086914,,
9202,0.021662209182977676,,3545.277274608612,739.2870564460754,,
9203,0.02495294064283371,,3545.6574573516846,739.3644137382507,,
9204,0.025298288092017174,,3546.0382871627808,739.4418261051178,,
9205,0.017071878537535667,,3546.4189083576202,739.519419670105,,
9206,0.019217820838093758,,3546.7992498874664,739.5967626571655,,
9207,0.01908417046070099,,3547.1802966594696,739.6741197109222,,
9208,0.01883555017411709,,3547.56023979187,739.7514996528625,,
9209,0.0226922444999218,,3547.9404559135437,739.8288931846619,,
9210,0.018486440181732178,,3548.321151971817,739.9062814712524,,
9211,0.02134561538696289,,3548.7010900974274,739.9836547374725,,
9212,0.023961972445249557,,3549.0812537670135,740.0610475540161,,
9213,0.022130146622657776,,3549.4619393348694,740.1384122371674,,
9214,0.025705942884087563,,3549.8421959877014,740.2157783508301,,
9215,0.034772615879774094,,3550.2224509716034,740.2931473255157,,
9216,0.019958050921559334,,3550.603190422058,740.3705499172211,,
9217,0.02715074084699154,,3550.9832344055176,740.4479014873505,,
9218,0.020361313596367836,,3551.3638484477997,740.5252590179443,,
9219,0.020774472504854202,,3551.7445237636566,740.6026349067688,,
9220,0.025832191109657288,,3552.124610900879,740.6799926757812,,
9221,0.02221078798174858,,3552.5046887397766,740.7573735713959,,
9222,0.01938384398818016,,3553.1129739284515,740.834780216217,,
9223,0.026282960548996925,,3553.492974281311,740.9121525287628,,
9224,0.017614401876926422,,3553.873577594757,740.9895286560059,,
9225,0.020918425172567368,,3554.253603219986,741.0668976306915,,
9226,0.02250811830163002,,3554.633733510971,741.144278049469,,
9227,0.020886460319161415,,3555.014497756958,741.2216620445251,,
9228,0.0186960119754076,,3555.3946833610535,741.2990288734436,,
9229,0.022551247850060463,,3555.7749347686768,741.3764085769653,,
9230,0.02228223718702793,,3556.1553752422333,741.4537620544434,,
9231,0.024873411282896996,,3556.5352668762207,741.5311164855957,,
9232,0.024606503546237946,,3556.9155123233795,741.6084756851196,,
9233,0.023545153439044952,,3557.2962353229523,741.6858835220337,,
9234,0.027514789253473282,,3557.6762313842773,741.7632586956024,,
9235,0.024375494569540024,,3558.056564092636,741.8406188488007,,
9236,0.02391894906759262,,3558.43714928627,741.9179892539978,,
9237,0.018633857369422913,,3558.817361354828,741.9953515529633,,
9238,0.01915327087044716,,3559.1973831653595,742.0727090835571,,
9239,0.021485887467861176,,3559.577961921692,742.1500763893127,,
9240,0.018100634217262268,,3559.9584102630615,742.2274613380432,,
9241,0.020689211785793304,,3560.338958978653,742.3048214912415,,
9242,0.017807209864258766,,3560.72048163414,742.3822576999664,,
9243,0.02040063962340355,,3561.100847005844,742.4596264362335,,
9244,0.021886112168431282,,3561.481240749359,742.5370116233826,,
9245,0.0286682341247797,,3561.8619301319122,742.6143743991852,,
9246,0.01831889897584915,,3562.242359638214,742.6917605400085,,
9247,0.036980364471673965,,3562.6228165626526,742.7691571712494,,
9248,0.025718707591295242,,3563.0036516189575,742.8465642929077,,
9249,0.01855890080332756,,3563.3837563991547,742.9239258766174,,
9250,0.02019243687391281,,3563.763994216919,743.0012409687042,,
9251,0.020579161122441292,,3564.144633293152,743.078590631485,,
9252,0.020687436684966087,,3564.524815559387,743.15593957901,,
9253,0.024377433583140373,,3564.904916524887,743.2332775592804,,
9254,0.023858340457081795,,3565.2855863571167,743.3105912208557,,
9255,0.02458060160279274,,3565.6658244132996,743.3879647254944,,
9256,0.022573355585336685,,3566.045952796936,743.4653007984161,,
9257,0.021387051790952682,,3566.4269547462463,743.5426325798035,,
9258,0.028679875656962395,,3566.8072502613068,743.6199605464935,,
9259,0.02246307209134102,,3567.18736743927,743.6973111629486,,
9260,0.021677136421203613,,3567.56777715683,743.7746465206146,,
9261,0.020380429923534393,,3567.947955608368,743.8519787788391,,
9262,0.024055277928709984,,3568.328157901764,743.9293234348297,,
9263,0.021145369857549667,,3568.7088124752045,744.0067059993744,,
9264,0.021346930414438248,,3569.0886447429657,744.0840647220612,,
9265,0.024916555732488632,,3569.4689140319824,744.1614191532135,,
9266,0.02815130352973938,,3569.849688768387,744.2387728691101,,
9267,0.022111525759100914,,3570.229911327362,744.3160855770111,,
9268,0.020949630066752434,,3570.610199689865,744.3934404850006,,
9269,0.024193767458200455,,3570.9910204410553,744.4707570075989,,
9270,0.025516469031572342,,3571.371375322342,744.5480420589447,,
9271,0.019090278074145317,,3571.751814365387,744.6253690719604,,
9272,0.020673483610153198,,3572.132311105728,744.7027242183685,,
9273,0.019506582990288734,,3572.512543439865,744.780030965805,,
9274,0.021078724414110184,,3572.8926815986633,744.8573844432831,,
9275,0.023203369230031967,,3573.5010573863983,744.93474650383,,
9276,0.026594115421175957,,3573.881416320801,745.0120861530304,,
9277,0.02316936105489731,,3574.2619864940643,745.0894401073456,,
9278,0.024893760681152344,,3574.6421279907227,745.1667783260345,,
9279,0.024823913350701332,,3575.021999835968,745.2441122531891,,
9280,0.022639654576778412,,3575.402974843979,745.321475982666,,
9281,0.02623353898525238,,3575.782619714737,745.3988318443298,,
9282,0.018407568335533142,,3576.162964105606,745.4761848449707,,
9283,0.019313856959342957,,3576.543788433075,745.5535564422607,,
9284,0.03214289993047714,,3576.924054145813,745.6309049129486,,
9285,0.02451186068356037,,3577.303756713867,745.7082712650299,,
9286,0.02618192508816719,,3577.684425830841,745.7856397628784,,
9287,0.02320641465485096,,3578.0647056102753,745.863002538681,,
9288,0.02169058658182621,,3578.4447135925293,745.9403684139252,,
9289,0.023506740108132362,,3578.825544118881,746.0177292823792,,
9290,0.019630415365099907,,3579.205448627472,746.0951120853424,,
9291,0.01907636597752571,,3579.5858788490295,746.1725053787231,,
9292,0.020170176401734352,,3579.9665710926056,746.2498772144318,,
9293,0.02331182174384594,,3580.346799135208,746.327210187912,,
9294,0.018340736627578735,,3580.7269768714905,746.4045851230621,,
9295,0.021110383793711662,,3581.1075797080994,746.4819538593292,,
9296,0.02871442586183548,,3581.4877462387085,746.5593304634094,,
9297,0.023350587114691734,,3581.8678278923035,746.6366846561432,,
9298,0.030891038477420807,,3582.2484080791473,746.7140300273895,,
9299,0.025001218542456627,,3582.628680706024,746.7913746833801,,
9300,0.021243706345558167,,3583.008966445923,746.8687207698822,,
9301,0.01949574239552021,,3583.3895835876465,746.9461085796356,,
9302,0.020547600463032722,,3583.7697892189026,747.0234732627869,,
9303,0.02947203256189823,,3584.1501717567444,747.1008312702179,,
9304,0.024906640872359276,,3584.5307338237762,747.1781718730927,,
9305,0.02252957411110401,,3584.9109733104706,747.255517244339,,
9306,0.01800050213932991,,3585.2913389205933,747.3328654766083,,
9307,0.02779439091682434,,3585.67200422287,747.410215139389,,
9308,0.02379896491765976,,3586.0521721839905,747.4875745773315,,
9309,0.023592432960867882,,3586.432595729828,747.5649223327637,,
9310,0.02174689806997776,,3586.8132355213165,747.6422867774963,,
9311,0.026843611150979996,,3587.1940565109253,747.719640493393,,
9312,0.02702091634273529,,3587.574503660202,747.7970073223114,,
9313,0.021876966580748558,,3587.9553787708282,747.8743977546692,,
9314,0.027707332745194435,,3588.3354485034943,747.9517602920532,,
9315,0.022176507860422134,,3588.715581893921,748.0290825366974,,
9316,0.024700654670596123,,3589.0961589813232,748.1064569950104,,
9317,0.023925285786390305,,3589.476393699646,748.1837961673737,,
9318,0.024375492706894875,,3589.856776237488,748.2611355781555,,
9319,0.027209490537643433,,3590.237537622452,748.3384783267975,,
9320,0.018287496641278267,,3590.617877483368,748.4158272743225,,
9321,0.022499222308397293,,3590.998250246048,748.4931757450104,,
9322,0.020901653915643692,,3591.37899518013,748.5705516338348,,
9323,0.023050161078572273,,3591.7585031986237,748.6478967666626,,
9324,0.022297309711575508,,3592.138706445694,748.7252426147461,,
9325,0.025614866986870766,,3592.519378423691,748.8025815486908,,
9326,0.0293099544942379,,3592.899569749832,748.8800222873688,,
9327,0.03202972561120987,,3593.279896736145,748.9574003219604,,
9328,0.016741978004574776,,3593.8886642456055,749.0347893238068,,
9329,0.025721482932567596,,3594.2687628269196,749.1121726036072,,
9330,0.023165423423051834,,3594.649338245392,749.1895322799683,,
9331,0.02332538366317749,,3595.0293872356415,749.2668886184692,,
9332,0.022951379418373108,,3595.4098439216614,749.3442490100861,,
9333,0.0210260096937418,,3595.7905399799347,749.4216003417969,,
9334,0.020891034975647926,,3596.1708590984344,749.4989867210388,,
9335,0.018972547724843025,,3596.5510606765747,749.5763614177704,,
9336,0.019065510481595993,,3596.9317581653595,749.6537017822266,,
9337,0.023283574730157852,,3597.3120176792145,749.7310540676117,,
9338,0.017518697306513786,,3597.692601919174,749.808424949646,,
9339,0.022239282727241516,,3598.073276758194,749.8857958316803,,
9340,0.026425646618008614,,3598.4536283016205,749.9631879329681,,
9341,0.01855495385825634,,3598.8333768844604,750.040521144867,,
9342,0.018193408846855164,,3599.2141897678375,750.1180093288422,,
9343,0.0216535571962595,,3599.5957310199738,750.1954538822174,,
9344,0.025441281497478485,,3599.9761600494385,750.2728354930878,,
9345,0.0250245314091444,,3600.3570687770844,750.3502123355865,,
9346,0.02170734666287899,,3600.737525701523,750.4275696277618,,
9347,0.02422025054693222,,3601.11772608757,750.5049483776093,,
9348,0.020494304597377777,,3601.4984850883484,750.5823137760162,,
9349,0.021113235503435135,,3601.8789010047913,750.6596989631653,,
9350,0.02117355912923813,,3602.259350538254,750.7370731830597,,
9351,0.019749760627746582,,3602.6401767730713,750.8144814968109,,
9352,0.023665813729166985,,3603.020383834839,750.8918652534485,,
9353,0.020984282717108727,,3603.4007272720337,750.9692242145538,,
9354,0.023591551929712296,,3603.7816734313965,751.0465896129608,,
9355,0.01806383766233921,,3604.161956310272,751.1239538192749,,
9356,0.020044347271323204,,3604.542109489441,751.2013053894043,,
9357,0.0185621976852417,,3604.9226717948914,751.2786843776703,,
9358,0.02148185856640339,,3605.302840232849,751.3561034202576,,
9359,0.017968425527215004,,3605.682185649872,751.4334394931793,,
9360,0.029188886284828186,,3606.062803506851,751.5108544826508,,
9361,0.02123284339904785,,3606.4425699710846,751.5882322788239,,
9362,0.018169350922107697,,3606.822986841202,751.6656241416931,,
9363,0.02074298821389675,,3607.2039444446564,751.7429883480072,,
9364,0.023936593905091286,,3607.583917617798,751.8203582763672,,
9365,0.02156013622879982,,3607.964240550995,751.8976919651031,,
9366,0.01956714130938053,,3608.344895839691,751.9750566482544,,
9367,0.019890036433935165,,3608.7251965999603,752.0524024963379,,
9368,0.020441923290491104,,3609.1054406166077,752.12975025177,,
9369,0.026170561090111732,,3609.486083984375,752.207147359848,,
9370,0.029125524684786797,,3609.865530729294,752.2844579219818,,
9371,0.022467806935310364,,3610.245749950409,752.3618078231812,,
9372,0.025581523776054382,,3610.626564502716,752.4391794204712,,
9373,0.02177237719297409,,3611.0069370269775,752.5165247917175,,
9374,0.018540158867836,,3611.387684106827,752.5938611030579,,
9375,0.02038210816681385,,3611.7682321071625,752.671192407608,,
9376,0.022180277854204178,,3612.1485776901245,752.74853348732,,
9377,0.020885620266199112,,3612.5287568569183,752.825897693634,,
9378,0.01814332976937294,,3612.909854412079,752.9032554626465,,
9379,0.019726265221834183,,3613.2900862693787,752.9806079864502,,
9380,0.02069864608347416,,3613.669812440872,753.057966709137,,
9381,0.020245209336280823,,3614.2788512706757,753.1353106498718,,
9382,0.024406444281339645,,3614.6590456962585,753.2126822471619,,
9383,0.02130403369665146,,3615.039872407913,753.2900149822235,,
9384,0.01904919184744358,,3615.420116662979,753.3673491477966,,
9385,0.02202620357275009,,3615.8004360198975,753.4446856975555,,
9386,0.01972477324306965,,3616.1810252666473,753.5220487117767,,
9387,0.019039776176214218,,3616.5612711906433,753.5993576049805,,
9388,0.02085736021399498,,3616.941422224045,753.676694393158,,
9389,0.017954500392079353,,3617.3222036361694,753.7540278434753,,
9390,0.020024139434099197,,3617.702359199524,753.8313701152802,,
9391,0.02120649814605713,,3618.0828359127045,753.9087374210358,,
9392,0.02174060232937336,,3618.4636566638947,753.9860889911652,,
9393,0.03445298224687576,,3618.8439135551453,754.0634474754333,,
9394,0.02522694319486618,,3619.2241077423096,754.1408751010895,,
9395,0.018660375848412514,,3619.6050877571106,754.2182095050812,,
9396,0.01755961962044239,,3619.9854414463043,754.2955775260925,,
9397,0.0253519956022501,,3620.365854740143,754.3729186058044,,
9398,0.017744118347764015,,3620.7465348243713,754.4502754211426,,
9399,0.02276884950697422,,3621.1267461776733,754.5276353359222,,
9400,0.018987607210874557,,3621.506949186325,754.6050028800964,,
9401,0.01955810934305191,,3621.8877193927765,754.6823403835297,,
9402,0.01935151033103466,,3622.2680423259735,754.759673833847,,
9403,0.0236927829682827,,3622.648350954056,754.8370275497437,,
9404,0.02239377610385418,,3623.0288767814636,754.9143712520599,,
9405,0.02073534205555916,,3623.4084861278534,754.9917125701904,,
9406,0.023078784346580505,,3623.7888565063477,755.0690653324127,,
9407,0.026892786845564842,,3624.169511795044,755.1464099884033,,
9408,0.019400225952267647,,3624.5497617721558,755.223751783371,,
9409,0.018588967621326447,,3624.9300379753113,755.3010983467102,,
9410,0.02070089988410473,,3625.310704469681,755.3784377574921,,
9411,0.021165911108255386,,3625.690991163254,755.4558069705963,,
9412,0.017822420224547386,,3626.07159948349,755.5331833362579,,
9413,0.02090761996805668,,3626.45241522789,755.6105160713196,,
9414,0.023320548236370087,,3626.8327980041504,755.687869310379,,
9415,0.02494846098124981,,3627.2131485939026,755.76522564888,,
9416,0.027922911569476128,,3627.5942537784576,755.8426096439362,,
9417,0.019365176558494568,,3627.9745836257935,755.9199874401093,,
9418,0.02115422673523426,,3628.354770421982,755.9973497390747,,
9419,0.024191731587052345,,3628.735428571701,756.0747077465057,,
9420,0.01802392303943634,,3629.1157541275024,756.1520733833313,,
9421,0.017889391630887985,,3629.4960157871246,756.2294511795044,,
9422,0.019648177549242973,,3629.8769161701202,756.3068296909332,,
9423,0.021320058032870293,,3630.2571156024933,756.3841648101807,,
9424,0.022805601358413696,,3630.6364934444427,756.4615030288696,,
9425,0.022753264755010605,,3631.017266511917,756.5388882160187,,
9426,0.018773868680000305,,3631.396844625473,756.6162393093109,,
9427,0.02050044760107994,,3631.7771606445312,756.6935920715332,,
9428,0.02417917177081108,,3632.1578719615936,756.7709546089172,,
9429,0.01880635879933834,,3632.538191318512,756.8483288288116,,
9430,0.023388301953673363,,3632.918343782425,756.9256665706635,,
9431,0.018862826749682426,,3633.298973083496,757.0029890537262,,
9432,0.017268028110265732,,3633.67933011055,757.0803179740906,,
9433,0.01696532778441906,,3634.059602022171,757.1576306819916,,
9434,0.02717788890004158,,3634.667923927307,757.2349824905396,,
9435,0.022817526012659073,,3635.0480999946594,757.3123180866241,,
9436,0.02110862359404564,,3635.428552865982,757.3896691799164,,
9437,0.016811825335025787,,3635.808530807495,757.467022895813,,
9438,0.019225411117076874,,3636.1880915164948,757.5443639755249,,
9439,0.01918897032737732,,3636.568821668625,757.6216990947723,,
9440,0.02131803147494793,,3636.9490995407104,757.6990308761597,,
9441,0.02153966575860977,,3637.3291556835175,757.7763576507568,,
9442,0.023113414645195007,,3637.709794998169,757.8537511825562,,
9443,0.01981895975768566,,3638.0900378227234,757.9310884475708,,
9444,0.023304251953959465,,3638.470295190811,758.0084393024445,,
9445,0.021109290421009064,,3638.8509290218353,758.0857694149017,,
9446,0.017743362113833427,,3639.231185436249,758.1631803512573,,
9447,0.01682734489440918,,3639.611347913742,758.2405333518982,,
9448,0.02354281395673752,,3639.992142677307,758.3178730010986,,
9449,0.019364075735211372,,3640.373009443283,758.3952407836914,,
9450,0.021665524691343307,,3640.753285884857,758.4725813865662,,
9451,0.01757683977484703,,3641.1338851451874,758.549914598465,,
9452,0.017666257917881012,,3641.51411652565,758.6272737979889,,
9453,0.01900036260485649,,3641.895206451416,758.7046008110046,,
9454,0.020211130380630493,,3642.275916814804,758.7819340229034,,
9455,0.01862417720258236,,3642.656261920929,758.8592524528503,,
9456,0.01825954206287861,,3643.0363924503326,758.9365861415863,,
9457,0.018464095890522003,,3643.4169726371765,759.0139646530151,,
9458,0.018464796245098114,,3643.797425508499,759.0913152694702,,
9459,0.0178435780107975,,3644.177572965622,759.1687109470367,,
9460,0.02665846422314644,,3644.5583362579346,759.2460737228394,,
9461,0.021588103845715523,,3644.938392162323,759.3234033584595,,
9462,0.020645450800657272,,3645.318624973297,759.4007422924042,,
9463,0.019154345616698265,,3645.699149608612,759.4780967235565,,
9464,0.020059501752257347,,3646.079428911209,759.5554893016815,,
9465,0.020235275849699974,,3646.4596841335297,759.6328659057617,,
9466,0.01988406479358673,,3646.840432882309,759.7102303504944,,
9467,0.02262142486870289,,3647.2214391231537,759.7875998020172,,
9468,0.019707564264535904,,3647.6016511917114,759.8649818897247,,
9469,0.01848631538450718,,3647.982366323471,759.9423477649689,,
9470,0.019058655947446823,,3648.3626358509064,760.0196931362152,,
9471,0.020009351894259453,,3648.74290394783,760.0970537662506,,
9472,0.023185554891824722,,3649.123466730118,760.1744096279144,,
9473,0.02311072126030922,,3649.5029771327972,760.2517776489258,,
9474,0.021248212084174156,,3649.8833005428314,760.329137802124,,
9475,0.021174384281039238,,3650.263917684555,760.4065172672272,,
9476,0.02073642611503601,,3650.6442301273346,760.4838788509369,,
9477,0.019987594336271286,,3651.024485349655,760.5612721443176,,
9478,0.02627825178205967,,3651.405306339264,760.638641834259,,
9479,0.025849852710962296,,3651.78564786911,760.715991973877,,
9480,0.02227049320936203,,3652.1660244464874,760.7933747768402,,
9481,0.021322771906852722,,3652.5471770763397,760.8707745075226,,
9482,0.021137794479727745,,3652.9277987480164,760.9481067657471,,
9483,0.018996983766555786,,3653.3085362911224,761.0254461765289,,
9484,0.01973847486078739,,3653.6893498897552,761.1027987003326,,
9485,0.030544109642505646,,3654.069786310196,761.1801221370697,,
9486,0.02021697908639908,,3654.4500572681427,761.257481098175,,
9487,0.031050914898514748,,3655.058379173279,761.3348021507263,,
9488,0.02206411026418209,,3655.438056945801,761.4121332168579,,
9489,0.02066796086728573,,3655.818912744522,761.4895112514496,,
9490,0.02476084791123867,,3656.1990206241608,761.566882610321,,
9491,0.01876514032483101,,3656.579174518585,761.6442260742188,,
9492,0.017431000247597694,,3656.9598467350006,761.7216150760651,,
9493,0.017853958532214165,,3657.3401226997375,761.7989871501923,,
9494,0.019277306273579597,,3657.720196247101,761.8763649463654,,
9495,0.021387062966823578,,3658.100952386856,761.9537169933319,,
9496,0.021542683243751526,,3658.4810712337494,762.0310730934143,,
9497,0.021372223272919655,,3658.861305952072,762.1084442138672,,
9498,0.021001240238547325,,3659.242007493973,762.1858341693878,,
9499,0.020149150863289833,,3659.6222722530365,762.2632398605347,,
9500,0.01825704611837864,0.014885606244206429,3660.0028460025787,763.7512121200562,0.014955605380237103,0.033643968403339386
9501,0.019322823733091354,,3660.383615732193,763.8286027908325,,
9502,0.018574532121419907,,3660.763780117035,763.9059679508209,,
9503,0.023201199248433113,,3661.144522190094,763.9833149909973,,
9504,0.018222497776150703,,3661.525066137314,764.0606560707092,,
9505,0.02176338993012905,,3661.905202627182,764.1379659175873,,
9506,0.02180955559015274,,3662.285458803177,764.2153422832489,,
9507,0.023513834923505783,,3662.666255235672,764.2926805019379,,
9508,0.02331150509417057,,3663.0464012622833,764.3700451850891,,
9509,0.023372244089841843,,3663.4264936447144,764.4473648071289,,
9510,0.02010943740606308,,3663.807141304016,764.5246939659119,,
9511,0.018638519570231438,,3664.1872341632843,764.6020677089691,,
9512,0.01892499439418316,,3664.5679247379303,764.6794550418854,,
9513,0.02217710390686989,,3664.9487643241882,764.7568485736847,,
9514,0.01953478902578354,,3665.3291075229645,764.8342304229736,,
9515,0.02308010496199131,,3665.709642648697,764.9115879535675,,
9516,0.022416742518544197,,3666.0903956890106,764.9889302253723,,
9517,0.02123202010989189,,3666.470702648163,765.0662770271301,,
9518,0.02568228170275688,,3666.850860118866,765.1436779499054,,
9519,0.02089199423789978,,3667.2315995693207,765.2210531234741,,
9520,0.024898476898670197,,3667.611805200577,765.2984154224396,,
9521,0.019844332709908485,,3667.9922425746918,765.3758370876312,,
9522,0.021122651174664497,,3668.3728697299957,765.453206539154,,
9523,0.01782752387225628,,3668.7532398700714,765.5305852890015,,
9524,0.018180476501584053,,3669.1334340572357,765.6079907417297,,
9525,0.018948711454868317,,3669.513965845108,765.6853594779968,,
9526,0.018247153609991074,,3669.894168138504,765.7627205848694,,
9527,0.020124327391386032,,3670.273895263672,765.8400828838348,,
9528,0.02083621360361576,,3670.6547088623047,765.917475938797,,
9529,0.023402489721775055,,3671.034843683243,765.9948401451111,,
9530,0.021272726356983185,,3671.414968729019,766.0721983909607,,
9531,0.019910642877221107,,3671.7957623004913,766.1495478153229,,
9532,0.019297149032354355,,3672.176032781601,766.226900100708,,
9533,0.017035774886608124,,3672.5566551685333,766.3042230606079,,
9534,0.01874321699142456,,3672.937347650528,766.3815615177155,,
9535,0.01873260736465454,,3673.3176460266113,766.4589107036591,,
9536,0.019579336047172546,,3673.697893857956,766.5362656116486,,
9537,0.020974794402718544,,3674.0785324573517,766.6136448383331,,
9538,0.020624151453375816,,3674.4587762355804,766.6910028457642,,
9539,0.018225951120257378,,3674.8390231132507,766.7683582305908,,
9540,0.0236711036413908,,3675.4470312595367,766.8457107543945,,
9541,0.02007809840142727,,3675.8271927833557,766.9230735301971,,
9542,0.01934199593961239,,3676.2079677581787,767.0004725456238,,
9543,0.026161817833781242,,3676.5881934165955,767.0778636932373,,
9544,0.02222832664847374,,3676.970390319824,767.1551852226257,,
9545,0.020763808861374855,,3677.3511135578156,767.2325422763824,,
9546,0.01927414909005165,,3677.730784893036,767.3098936080933,,
9547,0.017691006883978844,,3678.110979318619,767.3872475624084,,
9548,0.01822720281779766,,3678.49173784256,767.4646224975586,,
9549,0.023484881967306137,,3678.8716893196106,767.5419750213623,,
9550,0.025643927976489067,,3679.251801967621,767.6193215847015,,
9551,0.019437482580542564,,3679.632740020752,767.6966984272003,,
9552,0.018604161217808723,,3680.0132048130035,767.7740314006805,,
9553,0.01860215701162815,,3680.393658876419,767.8513569831848,,
9554,0.029502898454666138,,3680.7748041152954,767.9287195205688,,
9555,0.02226741425693035,,3681.155182361603,768.0061025619507,,
9556,0.019875403493642807,,3681.5361199378967,768.0834584236145,,
9557,0.023079171776771545,,3681.917505979538,768.1607842445374,,
9558,0.02119014598429203,,3682.297990322113,768.2381386756897,,
9559,0.021651076152920723,,3682.6784522533417,768.3154828548431,,
9560,0.018584484234452248,,3683.0594956874847,768.3928503990173,,
9561,0.026257989928126335,,3683.4399135112762,768.4702043533325,,
9562,0.022035181522369385,,3683.8204669952393,768.5475299358368,,
9563,0.018032575026154518,,3684.201832294464,768.6248967647552,,
9564,0.017989816144108772,,3684.582437515259,768.7022817134857,,
9565,0.019392896443605423,,3684.9629576206207,768.7796504497528,,
9566,0.018058259040117264,,3685.3439090251923,768.8570156097412,,
9567,0.021865446120500565,,3685.724375486374,768.9343762397766,,
9568,0.022383490577340126,,3686.104912519455,769.0117366313934,,
9569,0.02112840861082077,,3686.4857959747314,769.0890862941742,,
9570,0.02466413751244545,,3686.866141319275,769.1664056777954,,
9571,0.023081816732883453,,3687.2465541362762,769.2437541484833,,
9572,0.026017917320132256,,3687.627406358719,769.3211114406586,,
9573,0.020676294341683388,,3688.007761478424,769.3984661102295,,
9574,0.025309525430202484,,3688.3879187107086,769.4757947921753,,
9575,0.02477966994047165,,3688.7686429023743,769.5531504154205,,
9576,0.021210970357060432,,3689.1490297317505,769.6305146217346,,
9577,0.026644689962267876,,3689.5291578769684,769.7078454494476,,
9578,0.026850806549191475,,3689.909473180771,769.7851867675781,,
9579,0.02321481704711914,,3690.2896490097046,769.862541437149,,
9580,0.018477575853466988,,3690.6697449684143,769.9398822784424,,
9581,0.019963236525654793,,3691.0505096912384,770.0172522068024,,
9582,0.02197122573852539,,3691.4308071136475,770.0946538448334,,
9583,0.019245095551013947,,3691.8111140727997,770.1720135211945,,
9584,0.035829924046993256,,3692.192326068878,770.2493698596954,,
9585,0.030407719314098358,,3692.572508573532,770.3266978263855,,
9586,0.023584730923175812,,3692.9528353214264,770.4040563106537,,
9587,0.022886252030730247,,3693.3332991600037,770.4814102649689,,
9588,0.024979744106531143,,3693.713415145874,770.5587470531464,,
9589,0.01811141148209572,,3694.0936844348907,770.6360828876495,,
9590,0.019375381991267204,,3694.4740517139435,770.7134382724762,,
9591,0.0237395279109478,,3694.854090690613,770.7907764911652,,
9592,0.022003019228577614,,3695.234301328659,770.86816239357,,
9593,0.0247176680713892,,3695.84255695343,770.9454965591431,,
9594,0.026328088715672493,,3696.2227880954742,771.0228326320648,,
9595,0.025169584900140762,,3696.603369474411,771.100159406662,,
9596,0.023692751303315163,,3696.98375082016,771.1775181293488,,
9597,0.02395286224782467,,3697.3640723228455,771.2548823356628,,
9598,0.030272867530584335,,3697.74502491951,771.3322420120239,,
9599,0.02386823110282421,,3698.1253485679626,771.4096391201019,,
9600,0.0254064854234457,,3698.505916595459,771.4870066642761,,
9601,0.021393148228526115,,3698.886826276779,771.5643808841705,,
9602,0.02143600769340992,,3699.266939640045,771.6417405605316,,
9603,0.02527862787246704,,3699.647211790085,771.7191247940063,,
9604,0.02314206212759018,,3700.028027534485,771.7964923381805,,
9605,0.023290062323212624,,3700.408529996872,771.8738417625427,,
9606,0.020558366551995277,,3700.7889478206635,771.9512062072754,,
9607,0.01963070034980774,,3701.1696860790253,772.0285561084747,,
9608,0.020833753049373627,,3701.54972243309,772.1058950424194,,
9609,0.019885670393705368,,3701.9299914836884,772.1832230091095,,
9610,0.02162434533238411,,3702.311066865921,772.2605941295624,,
9611,0.021452704444527626,,3702.6912701129913,772.337926864624,,
9612,0.018920274451375008,,3703.0714831352234,772.4153187274933,,
9613,0.021769162267446518,,3703.4521069526672,772.4926443099976,,
9614,0.025369606912136078,,3703.832320690155,772.5699639320374,,
9615,0.019325699657201767,,3704.213167667389,772.6473734378815,,
9616,0.015804102644324303,,3704.594320297241,772.7247836589813,,
9617,0.01794450543820858,,3704.9749126434326,772.8021075725555,,
9618,0.02304154634475708,,3705.3555343151093,772.8794457912445,,
9619,0.018427152186632156,,3705.736254930496,772.9567725658417,,
9620,0.026882167905569077,,3706.1165957450867,773.0341196060181,,
9621,0.02214423194527626,,3706.4965391159058,773.1114852428436,,
9622,0.019508784636855125,,3706.8771407604218,773.188903093338,,
9623,0.025483975186944008,,3707.2573068141937,773.2662634849548,,
9624,0.018458612263202667,,3707.637570619583,773.3436291217804,,
9625,0.020287178456783295,,3708.0182206630707,773.4209778308868,,
9626,0.019672447815537453,,3708.3984706401825,773.4983117580414,,
9627,0.020540932193398476,,3708.77885055542,773.5756542682648,,
9628,0.018622783944010735,,3709.1596281528473,773.6529757976532,,
9629,0.0177322905510664,,3709.5399136543274,773.7303013801575,,
9630,0.01870524138212204,,3709.9197192192078,773.8076214790344,,
9631,0.02175300009548664,,3710.3001272678375,773.8849413394928,,
9632,0.018235674127936363,,3710.6804945468903,773.9623036384583,,
9633,0.018226293846964836,,3711.060751438141,774.0396614074707,,
9634,0.0184802133589983,,3711.441663980484,774.1174910068512,,
9635,0.01820693351328373,,3711.8219532966614,774.1948540210724,,
9636,0.022727327421307564,,3712.2024013996124,774.2722308635712,,
9637,0.018790295347571373,,3712.5829894542694,774.3495876789093,,
9638,0.021880462765693665,,3712.9632036685944,774.4269468784332,,
9639,0.018958529457449913,,3713.3434488773346,774.5043182373047,,
9640,0.022954178974032402,,3713.7240607738495,774.5817139148712,,
9641,0.02020389214158058,,3714.1041646003723,774.6590847969055,,
9642,0.018924783915281296,,3714.484622001648,774.7364795207977,,
9643,0.020007098093628883,,3714.8654556274414,774.8138241767883,,
9644,0.019588466733694077,,3715.246994972229,774.8911776542664,,
9645,0.028126776218414307,,3715.627841234207,774.9685237407684,,
9646,0.020346688106656075,,3716.236073255539,775.0458652973175,,
9647,0.02343776263296604,,3716.616342306137,775.1232154369354,,
9648,0.0235288068652153,,3716.9963624477386,775.2005870342255,,
9649,0.022103236988186836,,3717.376844406128,775.2781565189362,,
9650,0.024528540670871735,,3717.757068157196,775.3554885387421,,
9651,0.019915862008929253,,3718.1382043361664,775.4328668117523,,
9652,0.02003924362361431,,3718.5191197395325,775.510241985321,,
9653,0.022210177034139633,,3718.8994290828705,775.5876007080078,,
9654,0.021926438435912132,,3719.27978181839,775.6649606227875,,
9655,0.022859465330839157,,3719.65997505188,775.7423267364502,,
9656,0.018663611263036728,,3720.040268421173,775.8196842670441,,
9657,0.020137446001172066,,3720.4209599494934,775.8970448970795,,
9658,0.018639566376805305,,3720.801387310028,775.9743707180023,,
9659,0.021185509860515594,,3721.1811940670013,776.0516912937164,,
9660,0.019041340798139572,,3721.5618216991425,776.1290509700775,,
9661,0.018773915246129036,,3721.9421379566193,776.2064065933228,,
9662,0.01992650330066681,,3722.322561979294,776.2837538719177,,
9663,0.01962817646563053,,3722.703336238861,776.3610806465149,,
9664,0.027097312733530998,,3723.083621740341,776.4384248256683,,
9665,0.019533539190888405,,3723.4638080596924,776.5157725811005,,
9666,0.024239836260676384,,3723.844581604004,776.593118429184,,
9667,0.02282392978668213,,3724.224853515625,776.6704726219177,,
9668,0.02405179850757122,,3724.60529756546,776.7478189468384,,
9669,0.01873447559773922,,3724.9860920906067,776.8252165317535,,
9670,0.018467606976628304,,3725.366579055786,776.9025852680206,,
9671,0.02630106545984745,,3725.7466037273407,776.9799311161041,,
9672,0.02177637256681919,,3726.1276936531067,777.0572698116302,,
9673,0.02695796824991703,,3726.507835626602,777.134608745575,,
9674,0.017612500116229057,,3726.888014316559,777.212016582489,,
9675,0.01908998377621174,,3727.2688043117523,777.289802312851,,
9676,0.02502860687673092,,3727.649090051651,777.3671538829803,,
9677,0.027736421674489975,,3728.0291719436646,777.4445173740387,,
9678,0.022712234407663345,,3728.409931898117,777.5218386650085,,
9679,0.021233415231108665,,3728.790167093277,777.5991656780243,,
9680,0.029416583478450775,,3729.170417070389,777.6765410900116,,
9681,0.02401195652782917,,3729.5508852005005,777.753900051117,,
9682,0.025702839717268944,,3729.931277990341,777.8312714099884,,
9683,0.018485281616449356,,3730.311492919922,777.9086246490479,,
9684,0.018501313403248787,,3730.692289352417,777.9859645366669,,
9685,0.019828828051686287,,3731.0725116729736,778.0633072853088,,
9686,0.01852731965482235,,3731.452731847763,778.1410646438599,,
9687,0.02361803501844406,,3731.8337178230286,778.2184162139893,,
9688,0.026328472420573235,,3732.213944911957,778.2957487106323,,
9689,0.0220679622143507,,3732.594269990921,778.3730757236481,,
9690,0.01965343952178955,,3732.975182056427,778.4504480361938,,
9691,0.020670998841524124,,3733.355604171753,778.5278129577637,,
9692,0.02077259123325348,,3733.7356507778168,778.6051568984985,,
9693,0.01728665456175804,,3734.1163263320923,778.6825370788574,,
9694,0.017254697158932686,,3734.496539592743,778.7599148750305,,
9695,0.01777011714875698,,3734.8768117427826,778.8372764587402,,
9696,0.01711285673081875,,3735.2575056552887,778.9146218299866,,
9697,0.02158285863697529,,3735.6377277374268,778.9919521808624,,
9698,0.017948536202311516,,3736.017995119095,779.0693051815033,,
9699,0.026143774390220642,,3736.626131296158,779.1466548442841,,
9700,0.022929757833480835,,3737.0064556598663,779.2240080833435,,
9701,0.016427354887127876,,3737.3869643211365,779.3013808727264,,
9702,0.016777586191892624,,3737.7675931453705,779.3787086009979,,
9703,0.0189085453748703,,3738.1477785110474,779.4560716152191,,
9704,0.01822831854224205,,3738.5284852981567,779.5334072113037,,
9705,0.017983051016926765,,3738.9089329242706,779.6111884117126,,
9706,0.021939029917120934,,3739.288906097412,779.6885461807251,,
9707,0.02405674383044243,,3739.6692991256714,779.7663216590881,,
9708,0.026465965434908867,,3740.0492267608643,779.8436858654022,,
9709,0.019123975187540054,,3740.4294357299805,779.9210381507874,,
9710,0.020908139646053314,,3740.810295820236,779.9984259605408,,
9711,0.018737444654107094,,3741.1904680728912,780.0757763385773,,
9712,0.02156711369752884,,3741.5707936286926,780.1531147956848,,
9713,0.021440569311380386,,3741.951712369919,780.2304527759552,,
9714,0.023278024047613144,,3742.3317935466766,780.307811498642,,
9715,0.02112748846411705,,3742.7119600772858,780.3851528167725,,
9716,0.022133266553282738,,3743.092561483383,780.4624972343445,,
9717,0.021478546783328056,,3743.4727878570557,780.5398285388947,,
9718,0.019404364749789238,,3743.8529720306396,780.6172502040863,,
9719,0.023158764466643333,,3744.233793735504,780.6946194171906,,
9720,0.020810548216104507,,3744.614056825638,780.771977186203,,
9721,0.021967463195323944,,3744.994485616684,780.8493354320526,,
9722,0.02224074676632881,,3745.3750524520874,780.9267127513885,,
9723,0.021994518116116524,,3745.755186319351,781.0040829181671,,
9724,0.01782427355647087,,3746.1353631019592,781.0814151763916,,
9725,0.019372649490833282,,3746.5159430503845,781.1587338447571,,
9726,0.02741222083568573,,3746.8962450027466,781.2360956668854,,
9727,0.025880781933665276,,3747.276442527771,781.3134219646454,,
9728,0.023284945636987686,,3747.65713095665,781.3907361030579,,
9729,0.023426365107297897,,3748.037506580353,781.4680676460266,,
9730,0.022868040949106216,,3748.4176921844482,781.5454294681549,,
9731,0.021234041079878807,,3748.7988138198853,781.6227967739105,,
9732,0.01989738456904888,,3749.1789021492004,781.7001521587372,,
9733,0.022913029417395592,,3749.5595405101776,781.7775027751923,,
9734,0.02007070556282997,,3749.9401199817657,781.8548574447632,,
9735,0.02028648369014263,,3750.3204395771027,781.9321870803833,,
9736,0.01802489161491394,,3750.700668334961,782.0095255374908,,
9737,0.020308787003159523,,3751.081473350525,782.0868701934814,,
9738,0.01940429024398327,,3751.46209359169,782.1641943454742,,
9739,0.0182965025305748,,3751.842549800873,782.2415282726288,,
9740,0.021262742578983307,,3752.2233192920685,782.3188257217407,,
9741,0.020580923184752464,,3752.6036446094513,782.3961248397827,,
9742,0.02134529873728752,,3752.983911514282,782.4734880924225,,
9743,0.019028153270483017,,3753.3647933006287,782.5508272647858,,
9744,0.021453170105814934,,3753.7449872493744,782.6281740665436,,
9745,0.019848506897687912,,3754.125278711319,782.7055184841156,,
9746,0.018997827544808388,,3754.505987882614,782.7828724384308,,
9747,0.024144247174263,,3754.886444568634,782.8602283000946,,
9748,0.02030353806912899,,3755.2670204639435,782.9375786781311,,
9749,0.020366277545690536,,3755.6479136943817,783.0149672031403,,
9750,0.01924067735671997,,3756.0282781124115,783.0923044681549,,
9751,0.01712583191692829,,3756.4084725379944,783.1696364879608,,
9752,0.01637721247971058,,3757.0173621177673,783.2469992637634,,
9753,0.017346812412142754,,3757.3977138996124,783.3243789672852,,
9754,0.016868621110916138,,3757.7787868976593,783.4017236232758,,
9755,0.016826730221509933,,3758.1593713760376,783.4794909954071,,
9756,0.016254698857665062,,3758.53973031044,783.5568227767944,,
9757,0.020054826512932777,,3758.920612335205,783.6346278190613,,
9758,0.020989112555980682,,3759.300760984421,783.711998462677,,
9759,0.018904797732830048,,3759.681030511856,783.7893259525299,,
9760,0.016730358824133873,,3760.061877965927,783.8666439056396,,
9761,0.023733779788017273,,3760.4421536922455,783.943975687027,,
9762,0.016871890053153038,,3760.822365999222,784.0213396549225,,
9763,0.019915763288736343,,3761.2030889987946,784.0986618995667,,
9764,0.01945474185049534,,3761.583396911621,784.1764507293701,,
9765,0.01746605522930622,,3761.963527202606,784.2537701129913,,
9766,0.021715035662055016,,3762.3440554142,784.3315463066101,,
9767,0.022018229588866234,,3762.7236878871918,784.4088904857635,,
9768,0.02053152769804001,,3763.1039237976074,784.486231803894,,
9769,0.017502998933196068,,3763.484899997711,784.5635566711426,,
9770,0.018156804144382477,,3763.865322828293,784.6409320831299,,
9771,0.016636015847325325,,3764.2458918094635,784.7182586193085,,
9772,0.02150014415383339,,3764.626314163208,784.7956144809723,,
9773,0.021745452657341957,,3765.0066759586334,784.8729531764984,,
9774,0.017608067020773888,,3765.386934041977,784.950281381607,,
9775,0.020161854103207588,,3765.767782688141,785.0276064872742,,
9776,0.01734384521842003,,3766.148134946823,785.1049332618713,,
9777,0.019086789339780807,,3766.528247117996,785.1823024749756,,
9778,0.017723506316542625,,3766.90944314003,785.2596440315247,,
9779,0.020139921456575394,,3767.2896823883057,785.3369734287262,,
9780,0.0171547532081604,,3767.6698467731476,785.4142928123474,,
9781,0.01697728969156742,,3768.0505876541138,785.4916470050812,,
9782,0.020217256620526314,,3768.4309508800507,785.5689668655396,,
9783,0.02102695405483246,,3768.8113346099854,785.6463024616241,,
9784,0.020786060020327568,,3769.1921072006226,785.7236382961273,,
9785,0.01979488879442215,,3769.5720343589783,785.8010168075562,,
9786,0.025345653295516968,,3769.951916217804,785.8783683776855,,
9787,0.018548838794231415,,3770.3325753211975,785.9557409286499,,
9788,0.020974190905690193,,3770.713033914566,786.0331289768219,,
9789,0.02012401446700096,,3771.093152284622,786.1105782985687,,
9790,0.019884804263710976,,3771.474545955658,786.1879329681396,,
9791,0.023427065461874008,,3771.8548200130463,786.2653336524963,,
9792,0.022749725729227066,,3772.2348606586456,786.3426911830902,,
9793,0.019274458289146423,,3772.6155049800873,786.4200246334076,,
9794,0.01793498732149601,,3772.995986223221,786.4973678588867,,
9795,0.01936221681535244,,3773.3763284683228,786.574716091156,,
9796,0.02156749740242958,,3773.7570540905,786.6520712375641,,
9797,0.021663064137101173,,3774.1372730731964,786.7293937206268,,
9798,0.018253084272146225,,3774.5174865722656,786.8067514896393,,
9799,0.018579009920358658,,3774.8982408046722,786.8841118812561,,
9800,0.02124832570552826,,3775.2787141799927,786.9614360332489,,
9801,0.021093735471367836,,3775.658887863159,787.0387601852417,,
9802,0.018647491931915283,,3776.0400314331055,787.1161246299744,,
9803,0.018216606229543686,,3776.4201641082764,787.1934711933136,,
9804,0.019650520756840706,,3776.8001792430878,787.2708446979523,,
9805,0.023130225017666817,,3777.408504962921,787.3481872081757,,
9806,0.02549770101904869,,3777.788754463196,787.4255213737488,,
9807,0.021144408732652664,,3778.1696634292603,787.5028584003448,,
9808,0.021911201998591423,,3778.5499289035797,787.5802502632141,,
9809,0.02235662192106247,,3778.9300348758698,787.6576189994812,,
9810,0.026785852387547493,,3779.3107068538666,787.7350063323975,,
9811,0.01987447962164879,,3779.6906957626343,787.8123760223389,,
9812,0.017404988408088684,,3780.070461034775,787.8897597789764,,
9813,0.02006864733994007,,3780.451163291931,787.9671301841736,,
9814,0.019464869052171707,,3780.8315377235413,788.0445055961609,,
9815,0.024193504825234413,,3781.2119891643524,788.1218633651733,,
9816,0.021893423050642014,,3781.592473268509,788.1992440223694,,
9817,0.0245345551520586,,3781.9726462364197,788.2766094207764,,
9818,0.02135462313890457,,3782.3528711795807,788.3539650440216,,
9819,0.018713396042585373,,3782.733640909195,788.4313552379608,,
9820,0.01883210614323616,,3783.1139092445374,788.5087113380432,,
9821,0.018197260797023773,,3783.4941396713257,788.5860621929169,,
9822,0.030246369540691376,,3783.8748762607574,788.6634073257446,,
9823,0.020115042105317116,,3784.25536441803,788.7407870292664,,
9824,0.028732463717460632,,3784.6358172893524,788.8181746006012,,
9825,0.026286525651812553,,3785.0168063640594,788.895510673523,,
9826,0.016799211502075195,,3785.3971061706543,788.9728527069092,,
9827,0.01782291568815708,,3785.7775297164917,789.0502090454102,,
9828,0.0169758889824152,,3786.158240556717,789.1275453567505,,
9829,0.019622350111603737,,3786.5385637283325,789.2048752307892,,
9830,0.020247548818588257,,3786.918805360794,789.2822346687317,,
9831,0.030499445274472237,,3787.299507379532,789.3595812320709,,
9832,0.021029267460107803,,3787.6796836853027,789.4369604587555,,
9833,0.020551815629005432,,3788.059820652008,789.5143358707428,,
9834,0.01719149947166443,,3788.440692424774,789.5917088985443,,
9835,0.01907527819275856,,3788.8215613365173,789.6690900325775,,
9836,0.019215449690818787,,3789.2022507190704,789.7464570999146,,
9837,0.023408859968185425,,3789.5828742980957,789.8238518238068,,
9838,0.0265309177339077,,3789.9632592201233,789.9012007713318,,
9839,0.027846522629261017,,3790.3434228897095,789.9785470962524,,
9840,0.02668849751353264,,3790.7235958576202,790.0558655261993,,
9841,0.02396058849990368,,3791.103749513626,790.1332247257233,,
9842,0.024940088391304016,,3791.483981847763,790.2106215953827,,
9843,0.018897555768489838,,3791.864556312561,790.2879502773285,,
9844,0.020336279645562172,,3792.2447435855865,790.365296125412,,
9845,0.02074834704399109,,3792.624960899353,790.4426610469818,,
9846,0.019464513286948204,,3793.0054354667664,790.5200235843658,,
9847,0.02435939386487007,,3793.385898590088,790.5973963737488,,
9848,0.02008184604346752,,3793.766012430191,790.6747739315033,,
9849,0.019968505948781967,,3794.146735429764,790.7521417140961,,
9850,0.022096319124102592,,3794.5268087387085,790.8295328617096,,
9851,0.020096246153116226,,3794.906938791275,790.906879901886,,
9852,0.022905465215444565,,3795.2875669002533,790.9842216968536,,
9853,0.025081833824515343,,3795.667815208435,791.0615432262421,,
9854,0.02305317111313343,,3796.0481090545654,791.1389105319977,,
9855,0.027802927419543266,,3796.4286239147186,791.2162446975708,,
9856,0.0244275014847517,,3796.8086779117584,791.293585062027,,
9857,0.021672308444976807,,3797.1892428398132,791.3709652423859,,
9858,0.021325858309864998,,3797.7974951267242,791.4483375549316,,
9859,0.021033205091953278,,3798.177618741989,791.5257070064545,,
9860,0.02070467360317707,,3798.558131456375,791.6030476093292,,
9861,0.019796686246991158,,3798.938374042511,791.6803998947144,,
9862,0.01985168270766735,,3799.3186118602753,791.757759809494,,
9863,0.019962802529335022,,3799.6991896629333,791.8351085186005,,
9864,0.021684987470507622,,3800.0795216560364,791.9124186038971,,
9865,0.024646474048495293,,3800.4597680568695,791.9897303581238,,
9866,0.023095067590475082,,3800.8411767482758,792.0670695304871,,
9867,0.02228853665292263,,3801.221432209015,792.1444187164307,,
9868,0.019748417660593987,,3801.602130651474,792.221785068512,,
9869,0.027350720018148422,,3801.9826543331146,792.2991168498993,,
9870,0.01931234635412693,,3802.3629097938538,792.3764770030975,,
9871,0.017094237729907036,,3802.743153810501,792.4538331031799,,
9872,0.02836681716144085,,3803.123880624771,792.5311641693115,,
9873,0.024173572659492493,,3803.5042481422424,792.6084983348846,,
9874,0.02323302999138832,,3803.884612083435,792.6858460903168,,
9875,0.02380356378853321,,3804.2650310993195,792.7632169723511,,
9876,0.029638761654496193,,3804.6455211639404,792.8405599594116,,
9877,0.02187548577785492,,3805.0259749889374,792.9178922176361,,
9878,0.020383553579449654,,3805.4069917201996,792.9952366352081,,
9879,0.021238483488559723,,3805.7872455120087,793.0726082324982,,
9880,0.01796010695397854,,3806.1675086021423,793.149923324585,,
9881,0.022800572216510773,,3806.5481176376343,793.2272565364838,,
9882,0.02171890065073967,,3806.9282767772675,793.304630279541,,
9883,0.02061336487531662,,3807.308448076248,793.3819546699524,,
9884,0.021113550290465355,,3807.689322948456,793.459291934967,,
9885,0.022259095683693886,,3808.0695703029633,793.5366325378418,,
9886,0.021789897233247757,,3808.4496400356293,793.6139540672302,,
9887,0.016858842223882675,,3808.830214738846,793.6912941932678,,
9888,0.01745302602648735,,3809.2105078697205,793.7686522006989,,
9889,0.01851264201104641,,3809.590484380722,793.8459906578064,,
9890,0.021419856697320938,,3809.9710927009583,793.923317193985,,
9891,0.021671108901500702,,3810.352385044098,794.0006837844849,,
9892,0.02567153237760067,,3810.7323637008667,794.078097820282,,
9893,0.025308752432465553,,3811.113446712494,794.1554629802704,,
9894,0.025130998343229294,,3811.4941918849945,794.2328279018402,,
9895,0.0229860320687294,,3811.8746659755707,794.3101840019226,,
9896,0.027262602001428604,,3812.255562067032,794.3875231742859,,
9897,0.023573676124215126,,3812.635818004608,794.4648869037628,,
9898,0.018826313316822052,,3813.0160303115845,794.5422086715698,,
9899,0.016785025596618652,,3813.396951198578,794.6195855140686,,
9900,0.019459877163171768,,3813.777545928955,794.6969578266144,,
9901,0.01952175796031952,,3814.1580715179443,794.7743198871613,,
9902,0.018474584445357323,,3814.5386114120483,794.8516552448273,,
9903,0.020316120237112045,,3814.919014930725,794.9290075302124,,
9904,0.020971208810806274,,3815.299335718155,795.0063827037811,,
9905,0.021233735606074333,,3815.679449081421,795.0837016105652,,
9906,0.021475110203027725,,3816.0595569610596,795.1610331535339,,
9907,0.022421738132834435,,3816.4397644996643,795.2383646965027,,
9908,0.022925572469830513,,3816.8205235004425,795.3158800601959,,
9909,0.01822175271809101,,3817.2007126808167,795.3932328224182,,
9910,0.018738852813839912,,3817.581077814102,795.4705710411072,,
9911,0.02228928543627262,,3818.1894538402557,795.5479156970978,,
9912,0.01781889609992504,,3818.5698761940002,795.625275850296,,
9913,0.03205610439181328,,3818.950461626053,795.7025911808014,,
9914,0.02679488994181156,,3819.330632686615,795.7799317836761,,
9915,0.022686466574668884,,3819.7108047008514,795.857241153717,,
9916,0.029641494154930115,,3820.091444015503,795.9345512390137,,
9917,0.02549682930111885,,3820.471533060074,796.0118772983551,,
9918,0.02306443452835083,,3820.8516879081726,796.0891754627228,,
9919,0.019910544157028198,,3821.232474565506,796.1664879322052,,
9920,0.02321171574294567,,3821.61319732666,796.2438144683838,,
9921,0.02113933116197586,,3821.993735074997,796.3211452960968,,
9922,0.02484719641506672,,3822.3745653629303,796.3984546661377,,
9923,0.027835337445139885,,3822.754946708679,796.4758012294769,,
9924,0.026010384783148766,,3823.135197877884,796.5531561374664,,
9925,0.02819417044520378,,3823.5163066387177,796.630538225174,,
9926,0.03275839611887932,,3823.8965532779694,796.7078759670258,,
9927,0.029611743986606598,,3824.2772085666656,796.7852547168732,,
9928,0.026764608919620514,,3824.658786058426,796.8626029491425,,
9929,0.017976202070713043,,3825.0392303466797,796.9399447441101,,
9930,0.025116801261901855,,3825.419503211975,797.017290353775,,
9931,0.025134190917015076,,3825.8002705574036,797.0946352481842,,
9932,0.023966949433088303,,3826.1805124282837,797.171980381012,,
9933,0.02359706349670887,,3826.560698747635,797.2493073940277,,
9934,0.024200739338994026,,3826.941468000412,797.3266518115997,,
9935,0.024373965337872505,,3827.3217289447784,797.4039859771729,,
9936,0.02381204254925251,,3827.7021198272705,797.4813194274902,,
9937,0.027020782232284546,,3828.083028078079,797.5586295127869,,
9938,0.02241559326648712,,3828.463269472122,797.635981798172,,
9939,0.01949603296816349,,3828.84375667572,797.7133176326752,,
9940,0.02182062342762947,,3829.224390745163,797.7906653881073,,
9941,0.020356647670269012,,3829.6048271656036,797.8679976463318,,
9942,0.021830979734659195,,3829.9850614070892,797.9453527927399,,
9943,0.022520942613482475,,3830.366102695465,798.0231256484985,,
9944,0.018683791160583496,,3830.746174812317,798.1004748344421,,
9945,0.022321972995996475,,3831.126531600952,798.1778049468994,,
9946,0.02379719167947769,,3831.507443189621,798.2551708221436,,
9947,0.01924654096364975,,3831.8876893520355,798.3324975967407,,
9948,0.023495854809880257,,3832.2679812908173,798.4098300933838,,
9949,0.021275637671351433,,3832.648882627487,798.4871997833252,,
9950,0.023593658581376076,,3833.02902841568,798.5645275115967,,
9951,0.01930450275540352,,3833.409336090088,798.6418771743774,,
9952,0.024811089038848877,,3833.790035009384,798.7192056179047,,
9953,0.02445603534579277,,3834.1698122024536,798.796544790268,,
9954,0.020536066964268684,,3834.550050020218,798.8738923072815,,
9955,0.019972365349531174,,3834.930867433548,798.9512712955475,,
9956,0.019400356337428093,,3835.3112242221832,799.0286271572113,,
9957,0.02262285351753235,,3835.691450357437,799.1059274673462,,
9958,0.022042803466320038,,3836.072030067444,799.183257818222,,
9959,0.025995155796408653,,3836.452313899994,799.2605941295624,,
9960,0.023352868854999542,,3836.83287191391,799.3379833698273,,
9961,0.021379081532359123,,3837.213625431061,799.4153273105621,,
9962,0.024260301142930984,,3837.5941405296326,799.4926717281342,,
9963,0.0189232025295496,,3837.974539756775,799.5699951648712,,
9964,0.020473074167966843,,3838.5827255249023,799.6473481655121,,
9965,0.021959347650408745,,3838.9628026485443,799.724684715271,,
9966,0.018162308260798454,,3839.343170642853,799.8024561405182,,
9967,0.019308611750602722,,3839.7235589027405,799.8798022270203,,
9968,0.02207431010901928,,3840.104241132736,799.957569360733,,
9969,0.018844863399863243,,3840.484773159027,800.0349214076996,,
9970,0.018988069146871567,,3840.8649020195007,800.1122355461121,,
9971,0.018770158290863037,,3841.245259284973,800.1896088123322,,
9972,0.01699529029428959,,3841.6258759498596,800.2669551372528,,
9973,0.01781224086880684,,3842.006182193756,800.344313621521,,
9974,0.021096346899867058,,3842.3867745399475,800.4216713905334,,
9975,0.021508395671844482,,3842.7673666477203,800.4994280338287,,
9976,0.029466083273291588,,3843.1474735736847,800.5767691135406,,
9977,0.016980918124318123,,3843.5277609825134,800.6545584201813,,
9978,0.017742367461323738,,3843.9083070755005,800.7318887710571,,
9979,0.017442116513848305,,3844.288640022278,800.8096296787262,,
9980,0.01755146123468876,,3844.668766260147,800.8869597911835,,
9981,0.018079981207847595,,3845.0494861602783,800.9643006324768,,
9982,0.018177149817347527,,3845.4296338558197,801.0416390895844,,
9983,0.01806044578552246,,3845.81010222435,801.1189675331116,,
9984,0.01827850379049778,,3846.190796136856,801.1963276863098,,
9985,0.019615016877651215,,3846.570776462555,801.2736821174622,,
9986,0.020242728292942047,,3846.9509370326996,801.3510317802429,,
9987,0.023637771606445312,,3847.3315126895905,801.4283905029297,,
9988,0.020807405933737755,,3847.711644411087,801.5057601928711,,
9989,0.024011528119444847,,3848.091892004013,801.5831158161163,,
9990,0.021022474393248558,,3848.4723632335663,801.6604542732239,,
9991,0.025037337094545364,,3848.8524589538574,801.7377798557281,,
9992,0.01976246014237404,,3849.232718706131,801.8150894641876,,
9993,0.01841587759554386,,3849.6133337020874,801.8924031257629,,
9994,0.022676359862089157,,3849.9936361312866,801.9697644710541,,
9995,0.01815001852810383,,3850.373958349228,802.047102689743,,
9996,0.020341815426945686,,3850.754715681076,802.1244504451752,,
9997,0.02057998813688755,,3851.13512301445,802.2017986774445,,
9998,0.020521322265267372,,3851.515307664871,802.2791383266449,,
9999,0.020773202180862427,,3851.8960411548615,802.3564810752869,,
10000,0.020256109535694122,0.02141113579273224,3852.2762780189514,803.8442914485931,0.016344092786312103,0.03580395504832268
10001,0.0251759085804224,,3852.6571633815765,803.9216001033783,,
10002,0.024010242894291878,,3853.0375649929047,803.9989206790924,,
10003,0.023826569318771362,,3853.417938709259,804.0762515068054,,
10004,0.02255735918879509,,3853.7989439964294,804.1535949707031,,
10005,0.021348362788558006,,3854.1792097091675,804.2309138774872,,
10006,0.022621719166636467,,3854.559515953064,804.3082280158997,,
10007,0.019378403201699257,,3854.9401485919952,804.3855526447296,,
10008,0.02220132015645504,,3855.320508003235,804.4628915786743,,
10009,0.020232580602169037,,3855.7008080482483,804.5402550697327,,
10010,0.02138361893594265,,3856.081789970398,804.6175806522369,,
10011,0.022853046655654907,,3856.462303161621,804.6948919296265,,
10012,0.01921350136399269,,3856.8423249721527,804.7722244262695,,
10013,0.021812092512845993,,3857.223003387451,804.849561214447,,
10014,0.017885427922010422,,3857.6033453941345,804.9268667697906,,
10015,0.019533080980181694,,3857.983776807785,805.0041944980621,,
10016,0.02205043099820614,,3858.3647122383118,805.0815184116364,,
10017,0.025071706622838974,,3858.9726877212524,805.1588382720947,,
10018,0.018693450838327408,,3859.3534014225006,805.2361464500427,,
10019,0.019232843071222305,,3859.7346003055573,805.3134756088257,,
10020,0.0221661739051342,,3860.1145865917206,805.3907968997955,,
10021,0.019238125532865524,,3860.495320081711,805.4680969715118,,
10022,0.02328987792134285,,3860.875658750534,805.5454034805298,,
10023,0.01872897706925869,,3861.2559282779694,805.6227569580078,,
10024,0.019658971577882767,,3861.636610031128,805.7000863552094,,
10025,0.017936723306775093,,3862.017367362976,805.7774426937103,,
10026,0.01700175367295742,,3862.397535085678,805.8547608852386,,
10027,0.020605675876140594,,3862.77893781662,805.9321277141571,,
10028,0.01665562018752098,,3863.1598262786865,806.0094673633575,,
10029,0.01737138256430626,,3863.540272474289,806.0868084430695,,
10030,0.01701347529888153,,3863.9209201335907,806.1641623973846,,
10031,0.018827667459845543,,3864.30127453804,806.2415106296539,,
10032,0.01802007295191288,,3864.6815111637115,806.3188388347626,,
10033,0.01900508999824524,,3865.0624742507935,806.396146774292,,
10034,0.01921015791594982,,3865.442730665207,806.4734766483307,,
10035,0.018203016370534897,,3865.823091983795,806.5508015155792,,
10036,0.02260231226682663,,3866.203782081604,806.6281452178955,,
10037,0.0193122960627079,,3866.584422826767,806.705461025238,,
10038,0.019037539139389992,,3866.9647908210754,806.7828056812286,,
10039,0.021331848576664925,,3867.34556388855,806.8601140975952,,
10040,0.022894034162163734,,3867.7254600524902,806.9374489784241,,
10041,0.01900404319167137,,3868.1059064865112,807.014778137207,,
10042,0.021440008655190468,,3868.486690759659,807.092203617096,,
10043,0.020936092361807823,,3868.86661028862,807.169548034668,,
10044,0.022454578429460526,,3869.247329711914,807.2468633651733,,
10045,0.020939389243721962,,3869.6283445358276,807.3241865634918,,
10046,0.020195655524730682,,3870.009325504303,807.4015686511993,,
10047,0.01831936277449131,,3870.389956474304,807.4789245128632,,
10048,0.018730174750089645,,3870.770937681198,807.5562620162964,,
10049,0.022243931889533997,,3871.151386976242,807.633588552475,,
10050,0.018870873376727104,,3871.5317153930664,807.7109756469727,,
10051,0.017990153282880783,,3871.91281914711,807.7883150577545,,
10052,0.016817506402730942,,3872.293382883072,807.8656740188599,,
10053,0.0194854699075222,,3872.674069881439,807.9430186748505,,
10054,0.018834024667739868,,3873.0555052757263,808.0203728675842,,
10055,0.018470823764801025,,3873.4359662532806,808.0976960659027,,
10056,0.017930373549461365,,3873.816517829895,808.1750383377075,,
10057,0.016020989045500755,,3874.197578430176,808.2523972988129,,
10058,0.017574110999703407,,3874.5781977176666,808.329745054245,,
10059,0.019654298201203346,,3874.95871257782,808.4070744514465,,
10060,0.019473450258374214,,3875.340190410614,808.4844236373901,,
10061,0.017036844044923782,,3875.720585346222,808.5617492198944,,
10062,0.01724201627075672,,3876.1012609004974,808.63907122612,,
10063,0.016101723536849022,,3876.4830713272095,808.7164008617401,,
10064,0.016249431297183037,,3876.8635392189026,808.7937445640564,,
10065,0.01827571913599968,,3877.2437522411346,808.8710741996765,,
10066,0.017958952113986015,,3877.624722480774,808.9484140872955,,
10067,0.01668490096926689,,3878.005514860153,809.0257544517517,,
10068,0.018731724470853806,,3878.385729074478,809.1030962467194,,
10069,0.01819576695561409,,3878.7668454647064,809.1803963184357,,
10070,0.017182674258947372,,3879.3750517368317,809.2577300071716,,
10071,0.018329648301005363,,3879.756011724472,809.3350651264191,,
10072,0.01962529867887497,,3880.136452436447,809.4123983383179,,
10073,0.020739415660500526,,3880.5167803764343,809.4897241592407,,
10074,0.02869180217385292,,3880.897562980652,809.5670831203461,,
10075,0.016711164265871048,,3881.2779862880707,809.6444656848907,,
10076,0.0182852353900671,,3881.658498764038,809.7218227386475,,
10077,0.019556868821382523,,3882.039615869522,809.7991921901703,,
10078,0.01698220707476139,,3882.4203748703003,809.8765590190887,,
10079,0.02243933640420437,,3882.800853252411,809.9539413452148,,
10080,0.017439786344766617,,3883.181708574295,810.0312874317169,,
10081,0.0234698336571455,,3883.5620007514954,810.108633518219,,
10082,0.02139737829566002,,3883.942571401596,810.1859500408173,,
10083,0.021507635712623596,,3884.3235952854156,810.2633266448975,,
10084,0.021410146728157997,,3884.703993320465,810.3406505584717,,
10085,0.02433590590953827,,3885.084547519684,810.4180085659027,,
10086,0.021072497591376305,,3885.4654722213745,810.495335817337,,
10087,0.021933645009994507,,3885.8458218574524,810.5726854801178,,
10088,0.02070332132279873,,3886.2268495559692,810.6500232219696,,
10089,0.019042963162064552,,3886.607721567154,810.7273528575897,,
10090,0.017907874658703804,,3886.9882576465607,810.804678440094,,
10091,0.020106498152017593,,3887.368583202362,810.8820588588715,,
10092,0.021258829161524773,,3887.7497045993805,810.9594004154205,,
10093,0.02072913572192192,,3888.1303882598877,811.0367708206177,,
10094,0.022750817239284515,,3888.511028766632,811.1141219139099,,
10095,0.017563339322805405,,3888.891938686371,811.1914687156677,,
10096,0.022997086867690086,,3889.2724628448486,811.2688484191895,,
10097,0.018877753987908363,,3889.6529002189636,811.346184015274,,
10098,0.0184092465788126,,3890.0339765548706,811.4235246181488,,
10099,0.016928695142269135,,3890.4169166088104,811.5009133815765,,
10100,0.02058991976082325,,3890.797254562378,811.5782315731049,,
10101,0.022612258791923523,,3891.1781907081604,811.6555685997009,,
10102,0.022257447242736816,,3891.5584127902985,811.7329115867615,,
10103,0.024251367896795273,,3891.9387245178223,811.8102478981018,,
10104,0.02064957283437252,,3892.31977891922,811.8875906467438,,
10105,0.02320977672934532,,3892.700419187546,811.9649538993835,,
10106,0.022247314453125,,3893.0843551158905,812.0423302650452,,
10107,0.02057831361889839,,3893.465181350708,812.1196842193604,,
10108,0.021063433960080147,,3893.8455018997192,812.1970345973969,,
10109,0.025058688595891,,3894.226215362549,812.2743735313416,,
10110,0.021694839000701904,,3894.607157230377,812.3517308235168,,
10111,0.021767042577266693,,3894.987814426422,812.4290986061096,,
10112,0.01752295158803463,,3895.368503808975,812.5064506530762,,
10113,0.022749608382582664,,3895.749353647232,812.5838117599487,,
10114,0.01789378747344017,,3896.1300551891327,812.6611616611481,,
10115,0.01689964160323143,,3896.5105102062225,812.73850274086,,
10116,0.021061047911643982,,3896.8914799690247,812.8158369064331,,
10117,0.0185480285435915,,3897.2720923423767,812.893177986145,,
10118,0.01974598877131939,,3897.6523926258087,812.9705095291138,,
10119,0.019852064549922943,,3898.0336406230927,813.0478682518005,,
10120,0.020195361226797104,,3898.4141335487366,813.1251938343048,,
10121,0.020020456984639168,,3898.794690132141,813.2025156021118,,
10122,0.0177347119897604,,3899.176012277603,813.2798655033112,,
10123,0.024627776816487312,,3899.7846159934998,813.3571655750275,,
10124,0.026036905124783516,,3900.165956735611,813.434455871582,,
10125,0.01885448582470417,,3900.546591281891,813.5117943286896,,
10126,0.022603284567594528,,3900.9271743297577,813.5891637802124,,
10127,0.02267247624695301,,3901.30849981308,813.6665258407593,,
10128,0.02123333513736725,,3901.689210176468,813.7438702583313,,
10129,0.026496123522520065,,3902.0698091983795,813.8212115764618,,
10130,0.020833667367696762,,3902.4520058631897,813.8985798358917,,
10131,0.02795908972620964,,3902.832863807678,813.9758858680725,,
10132,0.02816435694694519,,3903.21359872818,814.0532219409943,,
10133,0.024362951517105103,,3903.594747543335,814.1305453777313,,
10134,0.028194677084684372,,3903.975247859955,814.2078685760498,,
10135,0.024953743442893028,,3904.3558876514435,814.2851986885071,,
10136,0.02491355687379837,,3904.7368409633636,814.3625218868256,,
10137,0.025601111352443695,,3905.117248773575,814.4398248195648,,
10138,0.02393612451851368,,3905.497940301895,814.5171389579773,,
10139,0.02131686359643936,,3905.8787047863007,814.594450712204,,
10140,0.022850994020700455,,3906.259557247162,814.6717646121979,,
10141,0.02081988751888275,,3906.6402683258057,814.7491106987,,
10142,0.02454681135714054,,3907.021330833435,814.8265016078949,,
10143,0.01975780539214611,,3907.401913166046,814.9038214683533,,
10144,0.024212228134274483,,3907.7821419239044,814.9811854362488,,
10145,0.016560262069106102,,3908.163195848465,815.0585384368896,,
10146,0.017117025330662727,,3908.5442204475403,815.1359097957611,,
10147,0.019978739321231842,,3908.924926996231,815.2132339477539,,
10148,0.01855289191007614,,3909.306350708008,815.2905738353729,,
10149,0.023893024772405624,,3909.6875002384186,815.3679089546204,,
10150,0.026470845565199852,,3910.067994594574,815.4452691078186,,
10151,0.016987791284918785,,3910.44944524765,815.522599697113,,
10152,0.02353818155825138,,3910.830033302307,815.5999805927277,,
10153,0.020844437181949615,,3911.2107570171356,815.6773028373718,,
10154,0.01824849843978882,,3911.5917823314667,815.7546463012695,,
10155,0.017187831923365593,,3911.9723811149597,815.831969499588,,
10156,0.018296299502253532,,3912.3527266979218,815.9093022346497,,
10157,0.016615595668554306,,3912.733938932419,815.9866414070129,,
10158,0.016889067366719246,,3913.114778995514,816.0640256404877,,
10159,0.022007014602422714,,3913.495415687561,816.1413733959198,,
10160,0.020972538739442825,,3913.8763732910156,816.2187480926514,,
10161,0.017466478049755096,,3914.2568538188934,816.2960815429688,,
10162,0.016851704567670822,,3914.637227296829,816.373429775238,,
10163,0.0199356097728014,,3915.018431186676,816.4507892131805,,
10164,0.0217292383313179,,3915.3990454673767,816.5281467437744,,
10165,0.019528795033693314,,3915.780285358429,816.6055393218994,,
10166,0.01872193068265915,,3916.161702156067,816.6829235553741,,
10167,0.017745327204465866,,3916.54216837883,816.7602620124817,,
10168,0.019076885655522346,,3916.923066139221,816.8380064964294,,
10169,0.02530585043132305,,3917.303853034973,816.9153490066528,,
10170,0.0174566637724638,,3917.684155702591,816.9927039146423,,
10171,0.02163262851536274,,3918.064785718918,817.0700623989105,,
10172,0.019958997145295143,,3918.4458236694336,817.1473853588104,,
10173,0.01702791079878807,,3918.826253890991,817.2247312068939,,
10174,0.020437607541680336,,3919.206950902939,817.3020811080933,,
10175,0.022542988881468773,,3919.5878853797913,817.3794302940369,,
10176,0.019128940999507904,,3920.1957778930664,817.4567623138428,,
10177,0.024500980973243713,,3920.5770173072815,817.5341007709503,,
10178,0.02109784074127674,,3920.957352876663,817.6114387512207,,
10179,0.01898260787129402,,3921.3380472660065,817.6887681484222,,
10180,0.021850943565368652,,3921.719102859497,817.7661073207855,,
10181,0.021394630894064903,,3922.099526166916,817.8434474468231,,
10182,0.02287113294005394,,3922.4800424575806,817.9207856655121,,
10183,0.025546403601765633,,3922.8613607883453,817.9981031417847,,
10184,0.02252352237701416,,3923.241765022278,818.0754430294037,,
10185,0.022890537977218628,,3923.6222598552704,818.1527488231659,,
10186,0.02125965990126133,,3924.0032823085785,818.2300851345062,,
10187,0.018676670268177986,,3924.383746623993,818.3074193000793,,
10188,0.01893855817615986,,3924.7640042304993,818.3847236633301,,
10189,0.020864827558398247,,3925.144848585129,818.4620614051819,,
10190,0.02415236085653305,,3925.525423526764,818.5393779277802,,
10191,0.018574895337224007,,3925.905621290207,818.6166853904724,,
10192,0.016770992428064346,,3926.2869069576263,818.6939859390259,,
10193,0.02057720348238945,,3926.667586326599,818.771303653717,,
10194,0.020901313051581383,,3927.047967195511,818.8485863208771,,
10195,0.021176626905798912,,3927.429347753525,818.9258661270142,,
10196,0.023009277880191803,,3927.8099658489227,819.0031363964081,,
10197,0.016714811325073242,,3928.190649032593,819.0804779529572,,
10198,0.02330947108566761,,3928.5715725421906,819.1578159332275,,
10199,0.020732613280415535,,3928.9523894786835,819.2351536750793,,
10200,0.02149595133960247,,3929.3330223560333,819.312468290329,,
10201,0.018966007977724075,,3929.714197874069,819.3897919654846,,
10202,0.022586215287446976,,3930.0948345661163,819.4670922756195,,
10203,0.018218880519270897,,3930.4754071235657,819.5443835258484,,
10204,0.02196992188692093,,3930.8562998771667,819.6216855049133,,
10205,0.017328696325421333,,3931.2367844581604,819.6989874839783,,
10206,0.017458990216255188,,3931.6174490451813,819.7763369083405,,
10207,0.017304738983511925,,3931.998699903488,819.8536443710327,,
10208,0.017267804592847824,,3932.3794910907745,819.9309680461884,,
10209,0.018950868397951126,,3932.7601268291473,820.0082695484161,,
10210,0.021180110052227974,,3933.141509771347,820.085560798645,,
10211,0.024548472836613655,,3933.5221474170685,820.162899017334,,
10212,0.01952505111694336,,3933.9026074409485,820.2402312755585,,
10213,0.01904122531414032,,3934.283574819565,820.3175494670868,,
10214,0.021612204611301422,,3934.664578437805,820.3948640823364,,
10215,0.024700166657567024,,3935.0450234413147,820.4721989631653,,
10216,0.019276918843388557,,3935.426418542862,820.5495362281799,,
10217,0.02265898510813713,,3935.8071818351746,820.6268742084503,,
10218,0.019997460767626762,,3936.188158750534,820.7041912078857,,
10219,0.02443007566034794,,3936.56907248497,820.7815172672272,,
10220,0.019439803436398506,,3936.9495842456818,820.8588335514069,,
10221,0.020165512338280678,,3937.330080270767,820.936164855957,,
10222,0.021524252369999886,,3937.71093082428,821.0134630203247,,
10223,0.021371852606534958,,3938.091398000717,821.0907964706421,,
10224,0.01765020377933979,,3938.471539258957,821.168096780777,,
10225,0.01744505763053894,,3938.852573156357,821.2453835010529,,
10226,0.019686205312609673,,3939.233205318451,821.322692155838,,
10227,0.019973011687397957,,3939.6136524677277,821.3999903202057,,
10228,0.022229883819818497,,3939.994605779648,821.4773399829865,,
10229,0.022117771208286285,,3940.6025598049164,821.5546646118164,,
10230,0.017049076035618782,,3940.983609676361,821.6320035457611,,
10231,0.018138956278562546,,3941.363814353943,821.7093415260315,,
10232,0.017790237441658974,,3941.744341135025,821.7866868972778,,
10233,0.017836956307291985,,3942.1253962516785,821.8640177249908,,
10234,0.017530499026179314,,3942.5057792663574,821.9413394927979,,
10235,0.018231961876153946,,3942.8871977329254,822.0186619758606,,
10236,0.018435977399349213,,3943.2681646347046,822.095988035202,,
10237,0.0237225703895092,,3943.6488535404205,822.1733179092407,,
10238,0.01926496997475624,,3944.0292744636536,822.2506442070007,,
10239,0.016969535499811172,,3944.410643339157,822.3279581069946,,
10240,0.01676667295396328,,3944.7911653518677,822.4052770137787,,
10241,0.01996392011642456,,3945.1715087890625,822.4826149940491,,
10242,0.01789006218314171,,3945.5526196956635,822.5599684715271,,
10243,0.018364548683166504,,3945.9331674575806,822.6373341083527,,
10244,0.016282977536320686,,3946.3136546611786,822.7146573066711,,
10245,0.017153047025203705,,3946.69490981102,822.7919771671295,,
10246,0.01685929484665394,,3947.0753214359283,822.8692944049835,,
10247,0.017107972875237465,,3947.4557750225067,822.9466178417206,,
10248,0.01839524134993553,,3947.836715221405,823.0239388942719,,
10249,0.020828623324632645,,3948.217437982559,823.1013050079346,,
10250,0.022505754604935646,,3948.597890138626,823.1786766052246,,
10251,0.02386617474257946,,3948.978631258011,823.256071805954,,
10252,0.017753560096025467,,3949.3588621616364,823.3334259986877,,
10253,0.021657511591911316,,3949.7395639419556,823.4107592105865,,
10254,0.021890072152018547,,3950.1206936836243,823.4880816936493,,
10255,0.018774183467030525,,3950.5011348724365,823.5654129981995,,
10256,0.021646661683917046,,3950.881997823715,823.6427450180054,,
10257,0.02170024998486042,,3951.263132572174,823.7200660705566,,
10258,0.0250999815762043,,3951.643702983856,823.7973883152008,,
10259,0.023921949788928032,,3952.0240955352783,823.8747119903564,,
10260,0.02472035400569439,,3952.4050307273865,823.9520373344421,,
10261,0.023326437920331955,,3952.785876274109,824.0293943881989,,
10262,0.02042197622358799,,3953.166321992874,824.106739282608,,
10263,0.02126273699104786,,3953.547423839569,824.1840789318085,,
10264,0.022209407761693,,3953.927855491638,824.2614388465881,,
10265,0.021130966022610664,,3954.3085238933563,824.338787317276,,
10266,0.021076487377285957,,3954.6935374736786,824.416109085083,,
10267,0.026046138256788254,,3955.0745334625244,824.4934191703796,,
10268,0.024426275864243507,,3955.4553282260895,824.5707099437714,,
10269,0.017669303342700005,,3955.836664915085,824.6484794616699,,
10270,0.021508971229195595,,3956.216938972473,824.7258150577545,,
10271,0.02207186259329319,,3956.597647190094,824.8031196594238,,
10272,0.02351396158337593,,3956.9785809516907,824.8804547786713,,
10273,0.022173522040247917,,3957.359079360962,824.9577887058258,,
10274,0.019411206245422363,,3957.739509820938,825.0351045131683,,
10275,0.02251623012125492,,3958.1205179691315,825.1124124526978,,
10276,0.017985325306653976,,3958.50105881691,825.1897339820862,,
10277,0.023652588948607445,,3958.8818678855896,825.2670514583588,,
10278,0.019192807376384735,,3959.263153553009,825.3443551063538,,
10279,0.020468901842832565,,3959.6438479423523,825.4216737747192,,
10280,0.01651887595653534,,3960.024181365967,825.4990174770355,,
10281,0.016566826030611992,,3960.405073404312,825.5763349533081,,
10282,0.016695082187652588,,3961.013404607773,825.653660774231,,
10283,0.019022582098841667,,3961.3942227363586,825.7309753894806,,
10284,0.020979778841137886,,3961.774838447571,825.8082959651947,,
10285,0.01882883533835411,,3962.155739545822,825.8856143951416,,
10286,0.018490193411707878,,3962.5371809005737,825.9629280567169,,
10287,0.018809504806995392,,3962.9182305336,826.0402426719666,,
10288,0.02282833307981491,,3963.2987780570984,826.1175782680511,,
10289,0.019470730796456337,,3963.680114507675,826.1948797702789,,
10290,0.018184002488851547,,3964.060590028763,826.2722141742706,,
10291,0.01990380696952343,,3964.4410705566406,826.3495094776154,,
10292,0.02122514694929123,,3964.822516679764,826.4267983436584,,
10293,0.018886113539338112,,3965.203222513199,826.5041100978851,,
10294,0.017750686034560204,,3965.583797931671,826.5814211368561,,
10295,0.017927689477801323,,3965.9654281139374,826.6587119102478,,
10296,0.022730909287929535,,3966.346271276474,826.7360005378723,,
10297,0.020236246287822723,,3966.7268714904785,826.813309431076,,
10298,0.023292137309908867,,3967.1084294319153,826.8906102180481,,
10299,0.020503124222159386,,3967.4889743328094,826.9679336547852,,
10300,0.02040890045464039,,3967.8702430725098,827.04536485672,,
10301,0.024894792586565018,,3968.251270055771,827.1226756572723,,
10302,0.018056975677609444,,3968.6320583820343,827.1999959945679,,
10303,0.02379542402923107,,3969.012975692749,827.2773234844208,,
10304,0.018730608746409416,,3969.39471578598,827.3546493053436,,
10305,0.018518993631005287,,3969.7751631736755,827.4319581985474,,
10306,0.018216894939541817,,3970.1560163497925,827.5092635154724,,
10307,0.01820174977183342,,3970.537162542343,827.5865669250488,,
10308,0.02611866220831871,,3970.9176421165466,827.6638669967651,,
10309,0.017506903037428856,,3971.2980694770813,827.7411644458771,,
10310,0.024437760934233665,,3971.6791577339172,827.8184747695923,,
10311,0.018429892137646675,,3972.0596961975098,827.8958027362823,,
10312,0.019722677767276764,,3972.4403524398804,827.9730968475342,,
10313,0.025558151304721832,,3972.8216593265533,828.050379037857,,
10314,0.022992104291915894,,3973.20215511322,828.1276769638062,,
10315,0.025869762524962425,,3973.5828940868378,828.2050080299377,,
10316,0.025713009759783745,,3973.9638793468475,828.282308101654,,
10317,0.023928606882691383,,3974.3444793224335,828.3596086502075,,
10318,0.026553701609373093,,3974.725210905075,828.4369480609894,,
10319,0.02008763886988163,,3975.1065294742584,828.514238357544,,
10320,0.018912700936198235,,3975.487251520157,828.5915837287903,,
10321,0.016711752861738205,,3975.8686027526855,828.6688642501831,,
10322,0.01714424602687359,,3976.249778032303,828.746170759201,,
10323,0.017180385068058968,,3976.6302049160004,828.8235116004944,,
10324,0.017020195722579956,,3977.0109598636627,828.9008061885834,,
10325,0.01762036792933941,,3977.3918957710266,828.9780926704407,,
10326,0.017499038949608803,,3977.772466659546,829.0553798675537,,
10327,0.01686544343829155,,3978.152817964554,829.1326961517334,,
10328,0.018957428634166718,,3978.533784389496,829.2099907398224,,
10329,0.0213807113468647,,3978.9141867160797,829.2872941493988,,
10330,0.021739879623055458,,3979.2953515052795,829.3645722866058,,
10331,0.022295314818620682,,3979.6765048503876,829.4418570995331,,
10332,0.017504172399640083,,3980.0571296215057,829.5191533565521,,
10333,0.025802211835980415,,3980.437593460083,829.5964503288269,,
10334,0.016890687867999077,,3980.8183891773224,829.6737740039825,,
10335,0.019573543220758438,,3981.426912546158,829.7511432170868,,
10336,0.020560579374432564,,3981.807770013809,829.8284769058228,,
10337,0.019382938742637634,,3982.1886537075043,829.9058277606964,,
10338,0.016991088166832924,,3982.569755077362,829.9831509590149,,
10339,0.017680710181593895,,3982.9508588314056,830.0604934692383,,
10340,0.01957772858440876,,3983.3317353725433,830.1378302574158,,
10341,0.01811213232576847,,3983.7119369506836,830.2151732444763,,
10342,0.02519836276769638,,3984.0930757522583,830.2925465106964,,
10343,0.02598237618803978,,3984.4736025333405,830.3698654174805,,
10344,0.017470108345150948,,3984.854084253311,830.4471626281738,,
10345,0.021774373948574066,,3985.235193490982,830.5244786739349,,
10346,0.021645236760377884,,3985.6156306266785,830.601781129837,,
10347,0.02180660143494606,,3985.9963734149933,830.6790976524353,,
10348,0.021123124286532402,,3986.3773336410522,830.7564163208008,,
10349,0.020857710391283035,,3986.757876396179,830.8337306976318,,
10350,0.022977320477366447,,3987.138300895691,830.911069393158,,
10351,0.02321656048297882,,3987.519448518753,830.9883902072906,,
10352,0.020309384912252426,,3987.9000997543335,831.0657198429108,,
10353,0.021113911643624306,,3988.2807755470276,831.1430485248566,,
10354,0.020161984488368034,,3988.661835670471,831.2203938961029,,
10355,0.0194665789604187,,3989.0425493717194,831.297700881958,,
10356,0.0191115103662014,,3989.423177719116,831.3750405311584,,
10357,0.019412821158766747,,3989.8043241500854,831.4523708820343,,
10358,0.017571335658431053,,3990.1846940517426,831.5297005176544,,
10359,0.018984509631991386,,3990.5653083324432,831.6070177555084,,
10360,0.018431661650538445,,3990.946189403534,831.6843738555908,,
10361,0.019151896238327026,,3991.327335357666,831.7617294788361,,
10362,0.02267332561314106,,3991.707805633545,831.8390746116638,,
10363,0.02316700667142868,,3992.088935852051,831.9163789749146,,
10364,0.02106359601020813,,3992.4695312976837,831.9937436580658,,
10365,0.020296743139624596,,3992.849921941757,832.0710723400116,,
10366,0.022623073309659958,,3993.2309741973877,832.148425579071,,
10367,0.024101639166474342,,3993.611470222473,832.2257618904114,,
10368,0.022677738219499588,,3993.992002725601,832.3030858039856,,
10369,0.01873345486819744,,3994.372991323471,832.3804171085358,,
10370,0.01878182403743267,,3994.753484249115,832.4577586650848,,
10371,0.023831434547901154,,3995.1343743801117,832.5350975990295,,
10372,0.028140319511294365,,3995.515508890152,832.6124346256256,,
10373,0.02775333821773529,,3995.8962116241455,832.6897661685944,,
10374,0.02679317817091942,,3996.2767577171326,832.7671418190002,,
10375,0.021291865035891533,,3996.657777070999,832.8444836139679,,
10376,0.020300056785345078,,3997.038485765457,832.9218311309814,,
10377,0.02166610397398472,,3997.4191856384277,832.9991641044617,,
10378,0.02091382071375847,,3997.800215244293,833.0764977931976,,
10379,0.019568761810660362,,3998.1805934906006,833.1538209915161,,
10380,0.01911228522658348,,3998.5611774921417,833.2311341762543,,
10381,0.02008247934281826,,3998.942396879196,833.3084597587585,,
10382,0.02304411679506302,,3999.323621749878,833.3857691287994,,
10383,0.019418930634856224,,3999.704247713089,833.4630711078644,,
10384,0.01730787567794323,,4000.0854885578156,833.5403983592987,,
10385,0.01964966580271721,,4000.466118812561,833.6177258491516,,
10386,0.018324613571166992,,4000.8466532230377,833.6950604915619,,
10387,0.02443709969520569,,4001.2279694080353,833.7723860740662,,
10388,0.01962103135883808,,4001.836125612259,833.8497169017792,,
10389,0.02364095114171505,,4002.217049598694,833.9270298480988,,
10390,0.02020418643951416,,4002.597534418106,834.0043110847473,,
10391,0.018579816445708275,,4002.9782390594482,834.0816411972046,,
10392,0.02225571870803833,,4003.3590788841248,834.158974647522,,
10393,0.019680775701999664,,4003.739686012268,834.2362830638885,,
10394,0.019993523135781288,,4004.1200275421143,834.3136138916016,,
10395,0.021948499605059624,,4004.501116037369,834.3909289836884,,
10396,0.02127080038189888,,4004.8816754817963,834.468258857727,,
10397,0.024048620834946632,,4005.262072324753,834.5455842018127,,
10398,0.01959366537630558,,4005.643073320389,834.622900724411,,
10399,0.018568625673651695,,4006.0235509872437,834.7002522945404,,
10400,0.019699987024068832,,4006.404273748398,834.7775781154633,,
10401,0.021100323647260666,,4006.7852108478546,834.8549268245697,,
10402,0.020343031734228134,,4007.1656234264374,834.9322752952576,,
10403,0.02038094587624073,,4007.546316385269,835.0095813274384,,
10404,0.021630123257637024,,4007.9277935028076,835.0869040489197,,
10405,0.024357106536626816,,4008.3084831237793,835.1642119884491,,
10406,0.018876435235142708,,4008.6895537376404,835.2415354251862,,
10407,0.019637037068605423,,4009.0710785388947,835.318873167038,,
10408,0.020342472940683365,,4009.4516911506653,835.396176815033,,
10409,0.01882493682205677,,4009.832174539566,835.4735038280487,,
10410,0.020100174471735954,,4010.213187932968,835.5508260726929,,
10411,0.020037613809108734,,4010.5935332775116,835.628143787384,,
10412,0.02052764594554901,,4010.9740076065063,835.7054665088654,,
10413,0.017904911190271378,,4011.354897737503,835.7827832698822,,
10414,0.023551464080810547,,4011.735321044922,835.8600900173187,,
10415,0.018610265105962753,,4012.1161966323853,835.9374301433563,,
10416,0.016898540779948235,,4012.4972808361053,836.0147626399994,,
10417,0.020853431895375252,,4012.8777754306793,836.0920441150665,,
10418,0.01659703627228737,,4013.2585520744324,836.1693878173828,,
10419,0.017974544316530228,,4013.639415502548,836.246743440628,,
10420,0.017928514629602432,,4014.0199167728424,836.3240823745728,,
10421,0.020629696547985077,,4014.4006497859955,836.4014151096344,,
10422,0.01904919371008873,,4014.7817010879517,836.4787356853485,,
10423,0.01882813684642315,,4015.1625196933746,836.5561089515686,,
10424,0.019060930237174034,,4015.5433642864227,836.6334359645844,,
10425,0.018855327740311623,,4015.9244821071625,836.7107830047607,,
10426,0.021346621215343475,,4016.304981946945,836.7880787849426,,
10427,0.020501814782619476,,4016.6856305599213,836.8654201030731,,
10428,0.020722713321447372,,4017.066795349121,836.9427514076233,,
10429,0.019798196852207184,,4017.447381734848,837.0200846195221,,
10430,0.01953752525150776,,4017.8278243541718,837.0974118709564,,
10431,0.023848120123147964,,4018.208629131317,837.1747462749481,,
10432,0.018898358568549156,,4018.5890436172485,837.2520925998688,,
10433,0.018964387476444244,,4018.9704654216766,837.3294441699982,,
10434,0.01927635632455349,,4019.351467370987,837.4067447185516,,
10435,0.018063373863697052,,4019.732223510742,837.4840753078461,,
10436,0.021430453285574913,,4020.112426996231,837.5614216327667,,
10437,0.021899690851569176,,4020.493285179138,837.6387767791748,,
10438,0.022610656917095184,,4020.873765230179,837.716094493866,,
10439,0.02029675990343094,,4021.2555899620056,837.7934091091156,,
10440,0.019813450053334236,,4021.6369354724884,837.8707313537598,,
10441,0.019374433904886246,,4022.245761156082,837.9480948448181,,
10442,0.021199723705649376,,4022.6270883083344,838.0254628658295,,
10443,0.02407110296189785,,4023.0076246261597,838.1027700901031,,
10444,0.021843787282705307,,4023.3883039951324,838.1801269054413,,
10445,0.01864626072347164,,4023.7701177597046,838.2574446201324,,
10446,0.02011553756892681,,4024.150351524353,838.3347771167755,,
10447,0.022977693006396294,,4024.5309324264526,838.4121165275574,,
10448,0.029214708134531975,,4024.911830186844,838.4894289970398,,
10449,0.026719434186816216,,4025.2923922538757,838.5667538642883,,
10450,0.019792208448052406,,4025.673406600952,838.6440975666046,,
10451,0.024693705141544342,,4026.0548152923584,838.7214226722717,,
10452,0.019559567794203758,,4026.435366153717,838.7987992763519,,
10453,0.021495508030056953,,4026.815856695175,838.8761615753174,,
10454,0.018302753567695618,,4027.1968846321106,838.9535202980042,,
10455,0.022398773580789566,,4027.577437400818,839.0310301780701,,
10456,0.02497635781764984,,4027.9577343463898,839.1083867549896,,
10457,0.023767082020640373,,4028.3387093544006,839.1857542991638,,
10458,0.022827578708529472,,4028.7191619873047,839.2630970478058,,
10459,0.0231358390301466,,4029.1000530719757,839.3404538631439,,
10460,0.021408867090940475,,4029.4810285568237,839.4177930355072,,
10461,0.020313335582613945,,4029.8616523742676,839.4951431751251,,
10462,0.023666543886065483,,4030.2429893016815,839.5724773406982,,
10463,0.03168768063187599,,4030.623904466629,839.6497957706451,,
10464,0.027336448431015015,,4031.00439453125,839.7271230220795,,
10465,0.025651801377534866,,4031.3848752975464,839.8044798374176,,
10466,0.02069268189370632,,4031.7660751342773,839.8817856311798,,
10467,0.022667625918984413,,4032.1468122005463,839.9591298103333,,
10468,0.02051849290728569,,4032.5274379253387,840.036435842514,,
10469,0.022087756544351578,,4032.9082205295563,840.1137812137604,,
10470,0.025022514164447784,,4033.288384437561,840.1911251544952,,
10471,0.024083329364657402,,4033.668872117996,840.2684774398804,,
10472,0.0216379277408123,,4034.0497150421143,840.3458213806152,,
10473,0.019472291693091393,,4034.4306077957153,840.4232070446014,,
10474,0.0259129349142313,,4034.8110711574554,840.5005650520325,,
10475,0.023687617853283882,,4035.192483663559,840.577894449234,,
10476,0.020109161734580994,,4035.5741810798645,840.6552271842957,,
10477,0.023469246923923492,,4035.954779148102,840.7325692176819,,
10478,0.021428175270557404,,4036.3357067108154,840.8098881244659,,
10479,0.02222142554819584,,4036.7163224220276,840.8871989250183,,
10480,0.02130775712430477,,4037.0967979431152,840.9645183086395,,
10481,0.024370841681957245,,4037.4781577587128,841.041836977005,,
10482,0.018926294520497322,,4037.858859539032,841.1191439628601,,
10483,0.019083406776189804,,4038.2393724918365,841.1964778900146,,
10484,0.019088035449385643,,4038.620397567749,841.2738041877747,,
10485,0.022440951317548752,,4039.0009503364563,841.3511459827423,,
10486,0.019124167039990425,,4039.381399869919,841.4284842014313,,
10487,0.019980447366833687,,4039.762844800949,841.5058386325836,,
10488,0.018525833263993263,,4040.143347978592,841.5831642150879,,
10489,0.019558418542146683,,4040.5239918231964,841.6605458259583,,
10490,0.023888567462563515,,4040.9049429893494,841.7379195690155,,
10491,0.019669655710458755,,4041.285497188568,841.8152422904968,,
10492,0.025146741420030594,,4041.665881872177,841.8925786018372,,
10493,0.022812992334365845,,4042.046985387802,841.9699449539185,,
10494,0.025519676506519318,,4042.655455350876,842.0472705364227,,
10495,0.025853656232357025,,4043.0365648269653,842.1246075630188,,
10496,0.026198916137218475,,4043.417094230652,842.2019565105438,,
10497,0.021193398162722588,,4043.797611951828,842.2792961597443,,
10498,0.02053208462893963,,4044.178824186325,842.356602191925,,
10499,0.018826046958565712,,4044.5591237545013,842.4339683055878,,
10500,0.020684413611888885,0.018171517178416252,4044.9397492408752,843.9215698242188,0.015697360038757324,0.03691975772380829
10501,0.019525639712810516,,4045.32075881958,843.9988944530487,,
10502,0.017919624224305153,,4045.7012581825256,844.0762314796448,,
10503,0.01799960434436798,,4046.081706762314,844.1535959243774,,
10504,0.021748442202806473,,4046.462797164917,844.2309725284576,,
10505,0.024448616430163383,,4046.8433241844177,844.3083205223083,,
10506,0.02355976775288582,,4047.2287933826447,844.3857018947601,,
10507,0.019163070246577263,,4047.610146999359,844.4630575180054,,
10508,0.020588181912899017,,4047.9907982349396,844.5404171943665,,
10509,0.020154843106865883,,4048.371217727661,844.6177592277527,,
10510,0.020802021026611328,,4048.752369403839,844.6951472759247,,
10511,0.02521011233329773,,4049.1327040195465,844.7725067138672,,
10512,0.02115544117987156,,4049.5129919052124,844.8498637676239,,
10513,0.019455594941973686,,4049.893939971924,844.9272255897522,,
10514,0.020137153565883636,,4050.2736225128174,845.0045828819275,,
10515,0.019935717806220055,,4050.654063940048,845.081919670105,,
10516,0.019494758918881416,,4051.0350449085236,845.1592531204224,,
10517,0.018729792907834053,,4051.4153196811676,845.2366044521332,,
10518,0.019062018021941185,,4051.7956125736237,845.3139371871948,,
10519,0.01919606886804104,,4052.176604747772,845.3913085460663,,
10520,0.022323040291666985,,4052.5569756031036,845.4686326980591,,
10521,0.02595084346830845,,4052.9373786449432,845.545970916748,,
10522,0.02744467742741108,,4053.318580389023,845.6233124732971,,
10523,0.022421013563871384,,4053.698963880539,845.7006502151489,,
10524,0.01899515837430954,,4054.079381942749,845.7780067920685,,
10525,0.021863622590899467,,4054.460159301758,845.8553676605225,,
10526,0.022099308669567108,,4054.8405470848083,845.9327528476715,,
10527,0.020738761872053146,,4055.2210211753845,846.0101003646851,,
10528,0.019473368301987648,,4055.6019508838654,846.0874457359314,,
10529,0.01903541199862957,,4055.9827132225037,846.1647675037384,,
10530,0.018512951210141182,,4056.3630142211914,846.2421004772186,,
10531,0.02011977694928646,,4056.7433903217316,846.3194403648376,,
10532,0.018363049253821373,,4057.1236803531647,846.3967661857605,,
10533,0.024311799556016922,,4057.5040979385376,846.4740912914276,,
10534,0.019100243225693703,,4057.8850617408752,846.5514135360718,,
10535,0.018495215103030205,,4058.2652745246887,846.6287541389465,,
10536,0.01915692165493965,,4058.645737171173,846.7060916423798,,
10537,0.019044095650315285,,4059.0264406204224,846.7834053039551,,
10538,0.020892100408673286,,4059.4067974090576,846.8607180118561,,
10539,0.022949015721678734,,4059.787198781967,846.9384863376617,,
10540,0.022555626928806305,,4060.168084383011,847.0158188343048,,
10541,0.026111017912626266,,4060.548586368561,847.093142747879,,
10542,0.0253681018948555,,4060.9296429157257,847.1704857349396,,
10543,0.022981539368629456,,4061.3105154037476,847.2478108406067,,
10544,0.020245583727955818,,4061.691215276718,847.3251163959503,,
10545,0.020096099004149437,,4062.0715465545654,847.4024519920349,,
10546,0.01928430236876011,,4062.4525005817413,847.4798028469086,,
10547,0.02557339519262314,,4063.060703754425,847.5571389198303,,
10548,0.027866613119840622,,4063.441592693329,847.6344909667969,,
10549,0.02646559849381447,,4063.8219010829926,847.711837053299,,
10550,0.02488260716199875,,4064.2026331424713,847.7891507148743,,
10551,0.020960232242941856,,4064.5835025310516,847.866466999054,,
10552,0.02200763113796711,,4064.9640567302704,847.9437861442566,,
10553,0.019930247217416763,,4065.344388484955,848.021110534668,,
10554,0.022980859503149986,,4065.7252140045166,848.098459482193,,
10555,0.02112860418856144,,4066.1061673164368,848.1757571697235,,
10556,0.021194418892264366,,4066.4864423274994,848.2531044483185,,
10557,0.017951244488358498,,4066.8673605918884,848.3304188251495,,
10558,0.019368737936019897,,4067.248053789139,848.4077594280243,,
10559,0.01897358149290085,,4067.6286017894745,848.4850776195526,,
10560,0.023528361693024635,,4068.009307861328,848.5624356269836,,
10561,0.020858442410826683,,4068.389794588089,848.6398043632507,,
10562,0.022889718413352966,,4068.7699642181396,848.7171304225922,,
10563,0.022870361804962158,,4069.150773048401,848.7944655418396,,
10564,0.023102564737200737,,4069.5312263965607,848.8717999458313,,
10565,0.020643390715122223,,4069.9113607406616,848.9490923881531,,
10566,0.018035633489489555,,4070.2923035621643,849.0264544487,,
10567,0.020990123972296715,,4070.672881126404,849.1037890911102,,
10568,0.022257626056671143,,4071.053244829178,849.1811323165894,,
10569,0.022018058225512505,,4071.433993577957,849.2584693431854,,
10570,0.01943989098072052,,4071.814269065857,849.3358166217804,,
10571,0.020127609372138977,,4072.1949183940887,849.41317486763,,
10572,0.019237836822867393,,4072.5756821632385,849.4907519817352,,
10573,0.01964775286614895,,4072.9564492702484,849.5680913925171,,
10574,0.017612215131521225,,4073.3367986679077,849.6454219818115,,
10575,0.018454916775226593,,4073.7179799079895,849.722748041153,,
10576,0.022587936371564865,,4074.0995309352875,849.8001239299774,,
10577,0.020392702892422676,,4074.4802458286285,849.8774616718292,,
10578,0.0227366853505373,,4074.861176967621,849.9547970294952,,
10579,0.01949700526893139,,4075.241548538208,850.0321590900421,,
10580,0.025411061942577362,,4075.6217889785767,850.1094791889191,,
10581,0.024483390152454376,,4076.002744436264,850.1867952346802,,
10582,0.020992496982216835,,4076.3831944465637,850.264125585556,,
10583,0.02141409181058407,,4076.7637252807617,850.3414583206177,,
10584,0.016630467027425766,,4077.14471244812,850.4188044071198,,
10585,0.01981157436966896,,4077.525252342224,850.4961352348328,,
10586,0.023779811337590218,,4077.905660390854,850.5734701156616,,
10587,0.019975967705249786,,4078.2867646217346,850.6508047580719,,
10588,0.024322740733623505,,4078.6671254634857,850.7281696796417,,
10589,0.026471788063645363,,4079.047280073166,850.8054745197296,,
10590,0.026004847139120102,,4079.4284155368805,850.8828501701355,,
10591,0.022964123636484146,,4079.8090410232544,850.9602043628693,,
10592,0.02228197455406189,,4080.1899778842926,851.0375375747681,,
10593,0.026275064796209335,,4080.571030855179,851.1148805618286,,
10594,0.020556630566716194,,4080.951404571533,851.1922128200531,,
10595,0.019592033699154854,,4081.3319551944733,851.2695579528809,,
10596,0.01937594637274742,,4081.7128641605377,851.3468730449677,,
10597,0.019188212230801582,,4082.0933725833893,851.424204826355,,
10598,0.02319132350385189,,4082.4739623069763,851.5015518665314,,
10599,0.01803359016776085,,4082.8550469875336,851.5789048671722,,
10600,0.01820814236998558,,4083.463024377823,851.6562440395355,,
10601,0.019809409976005554,,4083.844094514847,851.7335724830627,,
10602,0.020890409126877785,,4084.224424123764,851.8109259605408,,
10603,0.026038048788905144,,4084.6049292087555,851.8882701396942,,
10604,0.02069544419646263,,4084.9860603809357,851.9656310081482,,
10605,0.0192585289478302,,4085.3662991523743,852.0429992675781,,
10606,0.021775560453534126,,4085.746730327606,852.1203718185425,,
10607,0.02087468095123768,,4086.1277282238007,852.1977727413177,,
10608,0.021651864051818848,,4086.50808262825,852.2751519680023,,
10609,0.022083135321736336,,4086.888392686844,852.3525278568268,,
10610,0.021656515076756477,,4087.269483566284,852.4299149513245,,
10611,0.02137843891978264,,4087.649711370468,852.5072572231293,,
10612,0.01952257938683033,,4088.0301225185394,852.5846614837646,,
10613,0.020090192556381226,,4088.4112689495087,852.6620171070099,,
10614,0.018649311736226082,,4088.791777610779,852.739381313324,,
10615,0.020692696794867516,,4089.172181367874,852.8167304992676,,
10616,0.02131079137325287,,4089.553069829941,852.8940675258636,,
10617,0.025037705898284912,,4089.9333922863007,852.9714245796204,,
10618,0.02151503413915634,,4090.3139493465424,853.0488135814667,,
10619,0.026543844491243362,,4090.694847345352,853.1261847019196,,
10620,0.025415079668164253,,4091.0752696990967,853.2035522460938,,
10621,0.025216903537511826,,4091.4555711746216,853.2809038162231,,
10622,0.020109567791223526,,4091.8367643356323,853.3582870960236,,
10623,0.01823156327009201,,4092.216983795166,853.4356341362,,
10624,0.0234962310642004,,4092.59726190567,853.5129926204681,,
10625,0.021355535835027695,,4092.9780807495117,853.5903580188751,,
10626,0.0195977371186018,,4093.3585381507874,853.667738199234,,
10627,0.02411748096346855,,4093.739102602005,853.7451341152191,,
10628,0.025823790580034256,,4094.1207072734833,853.8224904537201,,
10629,0.025577347725629807,,4094.5008919239044,853.8998653888702,,
10630,0.020792772993445396,,4094.881230354309,853.977222442627,,
10631,0.02018989995121956,,4095.262280702591,854.0546131134033,,
10632,0.018280930817127228,,4095.64262342453,854.1319904327393,,
10633,0.020737316459417343,,4096.023092985153,854.209376335144,,
10634,0.02151787467300892,,4096.404329061508,854.2867257595062,,
10635,0.01946687512099743,,4096.784907817841,854.3640959262848,,
10636,0.0170490350574255,,4097.165524959564,854.4414529800415,,
10637,0.0170745812356472,,4097.546302318573,854.5187849998474,,
10638,0.018532313406467438,,4097.9267592430115,854.596132516861,,
10639,0.02128981426358223,,4098.307402849197,854.6734721660614,,
10640,0.018412020057439804,,4098.688816547394,854.750834941864,,
10641,0.018076321110129356,,4099.07018995285,854.828254699707,,
10642,0.020045490935444832,,4099.4506142139435,854.9056844711304,,
10643,0.02014971151947975,,4099.83162522316,854.9830868244171,,
10644,0.02226542867720127,,4100.212080955505,855.0604708194733,,
10645,0.021681472659111023,,4100.592787265778,855.1378390789032,,
10646,0.017547238618135452,,4100.974139213562,855.215202331543,,
10647,0.02035125531256199,,4101.354472398758,855.2925922870636,,
10648,0.01951681450009346,,4101.734848022461,855.3699505329132,,
10649,0.019956352189183235,,4102.115705251694,855.447333574295,,
10650,0.018092697486281395,,4102.496057987213,855.5247368812561,,
10651,0.018063776195049286,,4102.876234769821,855.6021025180817,,
10652,0.02113097906112671,,4103.257001161575,855.6794557571411,,
10653,0.02210589125752449,,4103.864931821823,855.7568356990814,,
10654,0.019081927835941315,,4104.245787858963,855.834214925766,,
10655,0.01870288886129856,,4104.626193284988,855.9115817546844,,
10656,0.02329733967781067,,4105.006998300552,855.9889299869537,,
10657,0.02324816584587097,,4105.387964725494,856.0662684440613,,
10658,0.021679192781448364,,4105.768232345581,856.1436133384705,,
10659,0.019959283992648125,,4106.148753643036,856.2209312915802,,
10660,0.02100669965147972,,4106.5293090343475,856.2982947826385,,
10661,0.02066655084490776,,4106.909759044647,856.3756613731384,,
10662,0.017838727682828903,,4107.290212631226,856.4530141353607,,
10663,0.017859216779470444,,4107.671010732651,856.5303444862366,,
10664,0.020056510344147682,,4108.05145907402,856.6076908111572,,
10665,0.018645258620381355,,4108.431694507599,856.685064792633,,
10666,0.020438367500901222,,4108.812703371048,856.7624313831329,,
10667,0.018938494846224785,,4109.193359136581,856.8397648334503,,
10668,0.01992155611515045,,4109.573711156845,856.9171590805054,,
10669,0.02192935161292553,,4109.954703092575,856.9945187568665,,
10670,0.025314347818493843,,4110.335149049759,857.0718660354614,,
10671,0.027577675879001617,,4110.715774774551,857.1492071151733,,
10672,0.024710236117243767,,4111.096796512604,857.2265326976776,,
10673,0.02688293345272541,,4111.47753739357,857.3038947582245,,
10674,0.01690157689154148,,4111.85795211792,857.3812708854675,,
10675,0.01817803829908371,,4112.238970518112,857.4586231708527,,
10676,0.02123398147523403,,4112.620009899139,857.5359823703766,,
10677,0.024165328592061996,,4113.000287294388,857.6132943630219,,
10678,0.02072952501475811,,4113.381576299667,857.6906440258026,,
10679,0.02137230709195137,,4113.762088060379,857.7680003643036,,
10680,0.021970391273498535,,4114.142649888992,857.8453426361084,,
10681,0.02175939455628395,,4114.523406028748,857.9227166175842,,
10682,0.02317747101187706,,4114.903630971909,858.0000591278076,,
10683,0.01966692879796028,,4115.283915758133,858.077410697937,,
10684,0.01804198883473873,,4115.664687871933,858.1547555923462,,
10685,0.020021952688694,,4116.04508805275,858.2320947647095,,
10686,0.016657615080475807,,4116.425407171249,858.3094832897186,,
10687,0.020186005160212517,,4116.806364536285,858.3868319988251,,
10688,0.01694079488515854,,4117.186721563339,858.4641680717468,,
10689,0.02109047770500183,,4117.567001819611,858.5415215492249,,
10690,0.01750117540359497,,4117.947954416275,858.6188867092133,,
10691,0.021732240915298462,,4118.327838897705,858.6962380409241,,
10692,0.01850935071706772,,4118.708270072937,858.7735667228699,,
10693,0.02058706246316433,,4119.0890691280365,858.850949048996,,
10694,0.023510051891207695,,4119.46924996376,858.9282937049866,,
10695,0.023534003645181656,,4119.84898853302,859.0056264400482,,
10696,0.022113336250185966,,4120.230087995529,859.0829911231995,,
10697,0.01917208731174469,,4120.611482858658,859.1603133678436,,
10698,0.01984257437288761,,4120.9917669296265,859.2376501560211,,
10699,0.016520053148269653,,4121.372540950775,859.3149960041046,,
10700,0.019913187250494957,,4121.752856969833,859.3923537731171,,
10701,0.025207817554473877,,4122.133129358292,859.4697031974792,,
10702,0.017097750678658485,,4122.514093637466,859.547039270401,,
10703,0.02092687599360943,,4122.894484996796,859.6243903636932,,
10704,0.020166242495179176,,4123.27490067482,859.7017323970795,,
10705,0.018820958212018013,,4123.655825138092,859.779102563858,,
10706,0.020595522597432137,,4124.263701915741,859.8564846515656,,
10707,0.017300667241215706,,4124.644616127014,859.9338490962982,,
10708,0.01968025602400303,,4125.025032520294,860.011176109314,,
10709,0.01822678931057453,,4125.405478000641,860.0885217189789,,
10710,0.021556707099080086,,4125.786371946335,860.1658780574799,,
10711,0.01951873116195202,,4126.166791200638,860.2432544231415,,
10712,0.0189494825899601,,4126.5471358299255,860.3206477165222,,
10713,0.018354395404458046,,4126.928274869919,860.3980050086975,,
10714,0.019290661439299583,,4127.309191226959,860.4754376411438,,
10715,0.02020815759897232,,4127.689987182617,860.5528044700623,,
10716,0.019431451335549355,,4128.070840835571,860.6302034854889,,
10717,0.01909376122057438,,4128.451150178909,860.7075855731964,,
10718,0.01988920569419861,,4128.831981420517,860.7849431037903,,
10719,0.018303146585822105,,4129.212986707687,860.8622756004333,,
10720,0.022149136289954185,,4129.593545436859,860.9396195411682,,
10721,0.019270073622465134,,4129.973835945129,861.0170052051544,,
10722,0.01789700984954834,,4130.354953765869,861.0943529605865,,
10723,0.016391778364777565,,4130.7354028224945,861.1717095375061,,
10724,0.016681181266903877,,4131.115825891495,861.2490451335907,,
10725,0.017392121255397797,,4131.496924638748,861.3263943195343,,
10726,0.017728248611092567,,4131.877414226532,861.4037163257599,,
10727,0.01785288006067276,,4132.257816076279,861.4812021255493,,
10728,0.018267393112182617,,4132.638933897018,861.5585803985596,,
10729,0.017941802740097046,,4133.019237518311,861.6359250545502,,
10730,0.018401311710476875,,4133.39985203743,861.7132487297058,,
10731,0.017774146050214767,,4133.781147241592,861.7905957698822,,
10732,0.021492989733815193,,4134.161758899689,861.867918252945,,
10733,0.017629364505410194,,4134.541993379593,861.9452786445618,,
10734,0.017847338691353798,,4134.922921895981,862.022652387619,,
10735,0.018903780728578568,,4135.303312301636,862.099981546402,,
10736,0.016531653702259064,,4135.683983564377,862.1773571968079,,
10737,0.017228787764906883,,4136.064676761627,862.2546858787537,,
10738,0.018243255093693733,,4136.445245981216,862.331996679306,,
10739,0.01641003228724003,,4136.826247215271,862.4093277454376,,
10740,0.018225422129034996,,4137.207152366638,862.4866693019867,,
10741,0.017616715282201767,,4137.587679386139,862.564032793045,,
10742,0.017684971913695335,,4137.9680008888245,862.6414318084717,,
10743,0.016986874863505363,,4138.348900556564,862.7187390327454,,
10744,0.01721755787730217,,4138.729317188263,862.7960696220398,,
10745,0.01720576174557209,,4139.11021065712,862.8734319210052,,
10746,0.023408224806189537,,4139.491069316864,862.9508039951324,,
10747,0.018878361210227013,,4139.871547937393,863.0281507968903,,
10748,0.01761506497859955,,4140.252242565155,863.10546708107,,
10749,0.017344892024993896,,4140.633471488953,863.1828229427338,,
10750,0.01748620718717575,,4141.014162063599,863.2601656913757,,
10751,0.019594267010688782,,4141.394683837891,863.3375277519226,,
10752,0.02050786279141903,,4141.775519371033,863.4148726463318,,
10753,0.020893745124340057,,4142.15566778183,863.4922308921814,,
10754,0.017977222800254822,,4142.536317586899,863.5695703029633,,
10755,0.017637111246585846,,4142.917153120041,863.6469044685364,,
10756,0.01717931032180786,,4143.297484397888,863.7242481708527,,
10757,0.01853867620229721,,4143.678017854691,863.8015704154968,,
10758,0.018826249986886978,,4144.059120416641,863.8789329528809,,
10759,0.017963610589504242,,4144.667301416397,863.9562902450562,,
10760,0.016473017632961273,,4145.048497676849,864.0336065292358,,
10761,0.017726723104715347,,4145.42888212204,864.1109788417816,,
10762,0.01758330687880516,,4145.8095536231995,864.1883590221405,,
10763,0.017960837110877037,,4146.190295934677,864.2657308578491,,
10764,0.020534392446279526,,4146.570694923401,864.3431043624878,,
10765,0.023585068061947823,,4146.951115608215,864.420450925827,,
10766,0.022118156775832176,,4147.331963062286,864.497811794281,,
10767,0.026052823290228844,,4147.712484836578,864.575160741806,,
10768,0.022164374589920044,,4148.09281539917,864.6525163650513,,
10769,0.02167075127363205,,4148.473872661591,864.7299041748047,,
10770,0.022252878174185753,,4148.854019403458,864.8072707653046,,
10771,0.020141370594501495,,4149.234506607056,864.8846380710602,,
10772,0.019570620730519295,,4149.6153309345245,864.9619996547699,,
10773,0.022410908713936806,,4149.995826005936,865.0393652915955,,
10774,0.02071973867714405,,4150.3760442733765,865.1167154312134,,
10775,0.023267995566129684,,4150.756924629211,865.1940970420837,,
10776,0.027376430109143257,,4151.137310028076,865.2714600563049,,
10777,0.0272372979670763,,4151.5174379348755,865.3488221168518,,
10778,0.024988027289509773,,4151.898487091064,865.4261767864227,,
10779,0.02383740246295929,,4152.278886795044,865.5035264492035,,
10780,0.019067171961069107,,4152.659360408783,865.580911397934,,
10781,0.018531909212470055,,4153.040515422821,865.6582937240601,,
10782,0.019839493557810783,,4153.421123981476,865.735636472702,,
10783,0.018324250355362892,,4153.802074670792,865.8129961490631,,
10784,0.017367199063301086,,4154.183197975159,865.8903291225433,,
10785,0.0181074608117342,,4154.563404083252,865.9677174091339,,
10786,0.017610423266887665,,4154.943838119507,866.0451109409332,,
10787,0.020070431753993034,,4155.3247220516205,866.1224617958069,,
10788,0.018703816458582878,,4155.70495057106,866.1998279094696,,
10789,0.022350115701556206,,4156.08530497551,866.2771909236908,,
10790,0.02250337041914463,,4156.466017961502,866.3545236587524,,
10791,0.02150726690888405,,4156.846578836441,866.43190574646,,
10792,0.017888972535729408,,4157.226780176163,866.5092380046844,,
10793,0.019023576751351357,,4157.607620954514,866.5865707397461,,
10794,0.020684635266661644,,4157.988084554672,866.663938999176,,
10795,0.021772293373942375,,4158.3682425022125,866.741286277771,,
10796,0.02018733136355877,,4158.749146938324,866.8186473846436,,
10797,0.019327614456415176,,4159.129670143127,866.8959856033325,,
10798,0.0216788649559021,,4159.510026693344,866.9733591079712,,
10799,0.022061465308070183,,4159.891185283661,867.0507307052612,,
10800,0.02191457338631153,,4160.2717299461365,867.1280784606934,,
10801,0.02147195301949978,,4160.652178525925,867.2054364681244,,
10802,0.019369075074791908,,4161.033535003662,867.2828052043915,,
10803,0.01900465041399002,,4161.41391992569,867.3601357936859,,
10804,0.01928221806883812,,4161.794211626053,867.4374973773956,,
10805,0.02180139347910881,,4162.175339460373,867.5148074626923,,
10806,0.018733615055680275,,4162.5559730529785,867.5921592712402,,
10807,0.018720855936408043,,4162.93621134758,867.6694858074188,,
10808,0.017764439806342125,,4163.317120075226,867.7468221187592,,
10809,0.0195807833224535,,4163.69749879837,867.8241605758667,,
10810,0.019773084670305252,,4164.077686309814,867.9015090465546,,
10811,0.02103390172123909,,4164.458354473114,867.9788637161255,,
10812,0.020279502496123314,,4165.066150426865,868.0562043190002,,
10813,0.020013948902487755,,4165.446630239487,868.1336386203766,,
10814,0.019650276750326157,,4165.827191591263,868.2109758853912,,
10815,0.01690681278705597,,4166.207710266113,868.2882921695709,,
10816,0.01638060435652733,,4166.5887150764465,868.3656339645386,,
10817,0.019605258479714394,,4166.9692714214325,868.4429697990417,,
10818,0.01921209692955017,,4167.349772691727,868.5203261375427,,
10819,0.018418561667203903,,4167.7306525707245,868.5976736545563,,
10820,0.020804867148399353,,4168.110866546631,868.6749837398529,,
10821,0.01849665679037571,,4168.491290807724,868.7523458003998,,
10822,0.01795027405023575,,4168.8721244335175,868.8296895027161,,
10823,0.022287243977189064,,4169.252801179886,868.9070315361023,,
10824,0.018983980640769005,,4169.633236169815,868.9843938350677,,
10825,0.018532179296016693,,4170.014504909515,869.0617394447327,,
10826,0.019480254501104355,,4170.394831418991,869.1390526294708,,
10827,0.024350862950086594,,4170.775138139725,869.2164165973663,,
10828,0.023339759558439255,,4171.156080007553,869.2937443256378,,
10829,0.024413064122200012,,4171.536609888077,869.3710792064667,,
10830,0.019435077905654907,,4171.917059659958,869.4484145641327,,
10831,0.020667357370257378,,4172.2980744838715,869.5257444381714,,
10832,0.025223318487405777,,4172.678571939468,869.6030986309052,,
10833,0.024983946233987808,,4173.058831691742,869.6804420948029,,
10834,0.021744104102253914,,4173.439775943756,869.757771730423,,
10835,0.023212986066937447,,4173.8202867507935,869.8350999355316,,
10836,0.02031068131327629,,4174.200617551804,869.9124393463135,,
10837,0.023122943937778473,,4174.5811603069305,869.9897763729095,,
10838,0.024479424580931664,,4174.961632966995,870.067097902298,,
10839,0.024269364774227142,,4175.341974258423,870.1444699764252,,
10840,0.024908127263188362,,4175.722779989243,870.2218179702759,,
10841,0.02527771145105362,,4176.10334610939,870.2991778850555,,
10842,0.022880563512444496,,4176.483834028244,870.3765642642975,,
10843,0.018692806363105774,,4176.86483001709,870.4539194107056,,
10844,0.020572345703840256,,4177.245712280273,870.5312690734863,,
10845,0.019756123423576355,,4177.626024246216,870.6085975170135,,
10846,0.02003416232764721,,4178.007043123245,870.6859202384949,,
10847,0.021280935034155846,,4178.3874888420105,870.7632577419281,,
10848,0.01964803785085678,,4178.767957210541,870.8406069278717,,
10849,0.016990184783935547,,4179.149160146713,870.9179582595825,,
10850,0.017951106652617455,,4179.529636621475,870.9953315258026,,
10851,0.020305098965764046,,4179.910159826279,871.0726952552795,,
10852,0.019450683146715164,,4180.2919726371765,871.1500887870789,,
10853,0.017337685450911522,,4180.672620773315,871.2274298667908,,
10854,0.021152544766664505,,4181.053510904312,871.3047788143158,,
10855,0.020105643197894096,,4181.434175729752,871.3821704387665,,
10856,0.02137947641313076,,4181.814480066299,871.4595100879669,,
10857,0.020291971042752266,,4182.194774866104,871.5368554592133,,
10858,0.020014893263578415,,4182.575765132904,871.6142165660858,,
10859,0.02214248850941658,,4182.9561285972595,871.6915597915649,,
10860,0.026718158274888992,,4183.33661699295,871.7688987255096,,
10861,0.020753899589180946,,4183.717602729797,871.846239566803,,
10862,0.01993941143155098,,4184.098153114319,871.9235737323761,,
10863,0.0238568726927042,,4184.4786195755005,872.0009064674377,,
10864,0.022890180349349976,,4184.859749794006,872.0782389640808,,
10865,0.02260216698050499,,4185.468387126923,872.1555869579315,,
10866,0.022280246019363403,,4185.849171638489,872.232949256897,,
10867,0.016774747520685196,,4186.229601383209,872.3102674484253,,
10868,0.024190019816160202,,4186.6099598407745,872.387617111206,,
10869,0.02878234162926674,,4186.991049528122,872.4649693965912,,
10870,0.025984302163124084,,4187.371354341507,872.5423164367676,,
10871,0.025738496333360672,,4187.751895189285,872.6196577548981,,
10872,0.02428453229367733,,4188.132518291473,872.6969990730286,,
10873,0.02364310435950756,,4188.512909412384,872.774327993393,,
10874,0.023008478805422783,,4188.893442630768,872.8516795635223,,
10875,0.022766727954149246,,4189.27455830574,872.9290118217468,,
10876,0.018923673778772354,,4189.655069589615,873.0063624382019,,
10877,0.01830744557082653,,4190.035700082779,873.0836758613586,,
10878,0.017920760437846184,,4190.416593551636,873.1609790325165,,
10879,0.01954624429345131,,4190.797134399414,873.2383177280426,,
10880,0.020625978708267212,,4191.17750954628,873.3156449794769,,
10881,0.018371623009443283,,4191.55863237381,873.3929653167725,,
10882,0.0197296105325222,,4191.939010858536,873.4705350399017,,
10883,0.021876076236367226,,4192.319475650787,873.5478749275208,,
10884,0.027108555659651756,,4192.700395345688,873.6252155303955,,
10885,0.01970098912715912,,4193.081361532211,873.7025442123413,,
10886,0.019683046266436577,,4193.462637424469,873.7799115180969,,
10887,0.031360283493995667,,4193.843691587448,873.8572590351105,,
10888,0.02150103636085987,,4194.224232196808,873.9346401691437,,
10889,0.02217772975564003,,4194.604749202728,874.0119833946228,,
10890,0.02069202996790409,,4194.985714435577,874.0893349647522,,
10891,0.021286631003022194,,4195.366354703903,874.1666791439056,,
10892,0.019360095262527466,,4195.746873378754,874.2440445423126,,
10893,0.018164850771427155,,4196.127924203873,874.3213753700256,,
10894,0.017396889626979828,,4196.5083775520325,874.3987104892731,,
10895,0.02093251794576645,,4196.888832330704,874.4760265350342,,
10896,0.019148658961057663,,4197.269737005234,874.553347826004,,
10897,0.018332256004214287,,4197.650284051895,874.6306900978088,,
10898,0.021111365407705307,,4198.031060934067,874.7080574035645,,
10899,0.021158762276172638,,4198.412194728851,874.7853949069977,,
10900,0.02350800856947899,,4198.792757034302,874.8627526760101,,
10901,0.02092483639717102,,4199.173184633255,874.9400858879089,,
10902,0.026181992143392563,,4199.554185628891,875.0174434185028,,
10903,0.01967879757285118,,4199.934855699539,875.0947833061218,,
10904,0.023259954527020454,,4200.315241575241,875.1721384525299,,
10905,0.021897422149777412,,4200.6958174705505,875.2494649887085,,
10906,0.020033052191138268,,4201.076239824295,875.3268291950226,,
10907,0.020888373255729675,,4201.456740140915,875.4041533470154,,
10908,0.021684033796191216,,4201.837549448013,875.4815022945404,,
10909,0.018610414117574692,,4202.218099832535,875.5588607788086,,
10910,0.01880723424255848,,4202.598790645599,875.6362359523773,,
10911,0.02083519846200943,,4202.98041343689,875.7135841846466,,
10912,0.023777183145284653,,4203.360859155655,875.7909066677094,,
10913,0.018454771488904953,,4203.741255044937,875.868257522583,,
10914,0.018389426171779633,,4204.1223022937775,875.9456040859222,,
10915,0.017954178154468536,,4204.502705574036,876.0229437351227,,
10916,0.01913774013519287,,4204.882997751236,876.100264787674,,
10917,0.018924040719866753,,4205.263894557953,876.177592754364,,
10918,0.02172962576150894,,4205.872052669525,876.254961013794,,
10919,0.023560410365462303,,4206.252872467041,876.3322937488556,,
10920,0.024413403123617172,,4206.633588552475,876.4096212387085,,
10921,0.024157553911209106,,4207.013987064362,876.4869637489319,,
10922,0.023595305159687996,,4207.39476275444,876.564267873764,,
10923,0.025340033695101738,,4207.775099515915,876.6416218280792,,
10924,0.02152647078037262,,4208.15540766716,876.7190039157867,,
10925,0.018516069278120995,,4208.536327123642,876.7963683605194,,
10926,0.021961666643619537,,4208.916605472565,876.8737242221832,,
10927,0.020745214074850082,,4209.296773672104,876.95108294487,,
10928,0.025955848395824432,,4209.678176403046,877.0284321308136,,
10929,0.017196370288729668,,4210.058496952057,877.105783700943,,
10930,0.019450102001428604,,4210.4390778541565,877.183114528656,,
10931,0.019292505457997322,,4210.819997787476,877.2604720592499,,
10932,0.02132461592555046,,4211.200059175491,877.3378205299377,,
10933,0.024469206109642982,,4211.580620288849,877.4151520729065,,
10934,0.025823397561907768,,4211.962021350861,877.4924914836884,,
10935,0.023395102471113205,,4212.3421812057495,877.5698339939117,,
10936,0.021394582465291023,,4212.722452163696,877.6471643447876,,
10937,0.01994330808520317,,4213.103284358978,877.7245111465454,,
10938,0.01784854754805565,,4213.484247684479,877.8018231391907,,
10939,0.01799243874847889,,4213.864652872086,877.8791542053223,,
10940,0.01800861582159996,,4214.245658397675,877.9565095901489,,
10941,0.02051277831196785,,4214.626014471054,878.0338716506958,,
10942,0.01924561895430088,,4215.006292581558,878.1112508773804,,
10943,0.020646166056394577,,4215.38711309433,878.1886165142059,,
10944,0.019747499376535416,,4215.767417192459,878.2659945487976,,
10945,0.019299505278468132,,4216.147699832916,878.3433525562286,,
10946,0.018792541697621346,,4216.528667211533,878.4206819534302,,
10947,0.018470564857125282,,4216.9091539382935,878.4980504512787,,
10948,0.018582835793495178,,4217.289576053619,878.5753746032715,,
10949,0.020412225276231766,,4217.67072558403,878.6527237892151,,
10950,0.01688738539814949,,4218.051208257675,878.7300884723663,,
10951,0.02032066136598587,,4218.432281494141,878.8075363636017,,
10952,0.02013532631099224,,4218.813132762909,878.8849022388458,,
10953,0.02032250538468361,,4219.19344496727,878.9622600078583,,
10954,0.019481567665934563,,4219.57409453392,879.0396082401276,,
10955,0.018450476229190826,,4219.955251693726,879.1169929504395,,
10956,0.02293655276298523,,4220.335829496384,879.1943352222443,,
10957,0.01902175322175026,,4220.716340065002,879.2717144489288,,
10958,0.018871085718274117,,4221.097210884094,879.3490817546844,,
10959,0.018009474501013756,,4221.477602958679,879.4264523983002,,
10960,0.019456546753644943,,4221.8580067157745,879.5037808418274,,
10961,0.023004986345767975,,4222.238849163055,879.5811378955841,,
10962,0.021474173292517662,,4222.619153738022,879.6585032939911,,
10963,0.023415759205818176,,4222.99941778183,879.7358648777008,,
10964,0.020812122151255608,,4223.380516767502,879.8132200241089,,
10965,0.021229740232229233,,4223.760766506195,879.8905801773071,,
10966,0.018788937479257584,,4224.141233921051,879.9679200649261,,
10967,0.019570427015423775,,4224.522080659866,880.0452945232391,,
10968,0.0197642482817173,,4224.90250825882,880.1227014064789,,
10969,0.020663360133767128,,4225.28325843811,880.2000892162323,,
10970,0.019518228247761726,,4225.664319515228,880.2774469852448,,
10971,0.022440988570451736,,4226.27237701416,880.3548080921173,,
10972,0.02615637704730034,,4226.653513908386,880.4322147369385,,
10973,0.023506183177232742,,4227.033967971802,880.5096008777618,,
10974,0.023333491757512093,,4227.414183139801,880.5869772434235,,
10975,0.02361483871936798,,4227.794949769974,880.6643307209015,,
10976,0.0255272313952446,,4228.175273656845,880.741662979126,,
10977,0.025520656257867813,,4228.555762529373,880.8190598487854,,
10978,0.02453984133899212,,4228.9366908073425,880.8963971138,,
10979,0.01866614632308483,,4229.317242383957,880.973774433136,,
10980,0.019449297338724136,,4229.697613954544,881.0511221885681,,
10981,0.020439255982637405,,4230.077973842621,881.1284725666046,,
10982,0.02295052818953991,,4230.4578330516815,881.205840587616,,
10983,0.02250075340270996,,4230.8383729457855,881.2832045555115,,
10984,0.024571258574724197,,4231.219103097916,881.3605732917786,,
10985,0.02203214168548584,,4231.599347352982,881.437908411026,,
10986,0.020572470501065254,,4231.97998380661,881.5152750015259,,
10987,0.02469172514975071,,4232.360917329788,881.5926456451416,,
10988,0.024455951526761055,,4232.741256475449,881.670003414154,,
10989,0.0237533301115036,,4233.121944904327,881.7473547458649,,
10990,0.02145656757056713,,4233.503135919571,881.8247046470642,,
10991,0.023523876443505287,,4233.884337902069,881.9020924568176,,
10992,0.026350481435656548,,4234.265025854111,881.9794416427612,,
10993,0.024104733020067215,,4234.646129369736,882.0568051338196,,
10994,0.024363216012716293,,4235.02646446228,882.1341555118561,,
10995,0.02691921964287758,,4235.40683889389,882.2115099430084,,
10996,0.021332988515496254,,4235.787586927414,882.288848400116,,
10997,0.022810092195868492,,4236.168104887009,882.3661971092224,,
10998,0.01708870567381382,,4236.548701286316,882.4435560703278,,
10999,0.025167779996991158,,4236.929681062698,882.5209345817566,,
11000,0.022668125107884407,0.009380047209560871,4237.310099124908,884.0087399482727,0.016539856791496277,0.03576059639453888
11001,0.019301563501358032,,4237.69108581543,884.086098909378,,
11002,0.018205177038908005,,4238.071779966354,884.1634576320648,,
11003,0.019451240077614784,,4238.452655076981,884.2407908439636,,
11004,0.019421832635998726,,4238.833753347397,884.3181319236755,,
11005,0.022300317883491516,,4239.214117050171,884.3954727649689,,
11006,0.019691815599799156,,4239.594557762146,884.4728546142578,,
11007,0.019673878327012062,,4239.975384473801,884.5502128601074,,
11008,0.021290037781000137,,4240.35554432869,884.6275534629822,,
11009,0.020132295787334442,,4240.735839366913,884.7049038410187,,
11010,0.01908147521317005,,4241.116747140884,884.7822790145874,,
11011,0.01838369108736515,,4241.497394561768,884.8596642017365,,
11012,0.019900871440768242,,4241.877995252609,884.9370365142822,,
11013,0.0181379746645689,,4242.25891327858,885.0144169330597,,
11014,0.018136948347091675,,4242.63924074173,885.0917978286743,,
11015,0.018003901466727257,,4243.01935338974,885.1691477298737,,
11016,0.02398003078997135,,4243.40013718605,885.2465000152588,,
11017,0.01848476752638817,,4243.780806064606,885.3238561153412,,
11018,0.019067959859967232,,4244.1613647937775,885.4012479782104,,
11019,0.01975284516811371,,4244.542309045792,885.478597164154,,
11020,0.01996654085814953,,4244.922954797745,885.555962562561,,
11021,0.022030455991625786,,4245.30347943306,885.6333386898041,,
11022,0.021711956709623337,,4245.684394359589,885.7106819152832,,
11023,0.022584084421396255,,4246.064808368683,885.788001537323,,
11024,0.020405372604727745,,4246.673216581345,885.8653535842896,,
11025,0.0221454706043005,,4247.054103136063,885.9426970481873,,
11026,0.02236803062260151,,4247.434424877167,886.0200250148773,,
11027,0.024325592443346977,,4247.8148510456085,886.0973739624023,,
11028,0.02321115881204605,,4248.196293830872,886.1747131347656,,
11029,0.021391885355114937,,4248.576522827148,886.2520678043365,,
11030,0.017017867416143417,,4248.956864595413,886.3294062614441,,
11031,0.0196625217795372,,4249.337797164917,886.4067251682281,,
11032,0.022292593494057655,,4249.718209266663,886.4840459823608,,
11033,0.02019469626247883,,4250.098265647888,886.5614101886749,,
11034,0.021143482998013496,,4250.479242801666,886.6387894153595,,
11035,0.01954795978963375,,4250.859666585922,886.7161705493927,,
11036,0.021333996206521988,,4251.240301370621,886.7935419082642,,
11037,0.021981578320264816,,4251.6213393211365,886.8709242343903,,
11038,0.021020973101258278,,4252.001993179321,886.9482886791229,,
11039,0.016871407628059387,,4252.382619142532,887.0256454944611,,
11040,0.018187634646892548,,4252.76368021965,887.1029844284058,,
11041,0.018332431092858315,,4253.143766880035,887.1803333759308,,
11042,0.02018148824572563,,4253.524292945862,887.2577080726624,,
11043,0.020474489778280258,,4253.905400753021,887.3350446224213,,
11044,0.020889561623334885,,4254.285753726959,887.4123635292053,,
11045,0.020788272842764854,,4254.666438817978,887.489691734314,,
11046,0.02026182785630226,,4255.047323703766,887.567024230957,,
11047,0.024182768538594246,,4255.427494287491,887.6443796157837,,
11048,0.019353698939085007,,4255.807727098465,887.7217130661011,,
11049,0.020063742995262146,,4256.188602924347,887.7990238666534,,
11050,0.021331029012799263,,4256.569199800491,887.8763580322266,,
11051,0.021382661536335945,,4256.949595212936,887.9536888599396,,
11052,0.018826361745595932,,4257.330561876297,888.031004190445,,
11053,0.018772590905427933,,4257.7111992836,888.108321428299,,
11054,0.017402928322553635,,4258.092202425003,888.185656785965,,
11055,0.0193466879427433,,4258.473125934601,888.2630033493042,,
11056,0.019716981798410416,,4258.853544712067,888.3403210639954,,
11057,0.019166255369782448,,4259.234488725662,888.4176487922668,,
11058,0.01868879422545433,,4259.615373373032,888.4949860572815,,
11059,0.019347593188285828,,4259.995820760727,888.5723469257355,,
11060,0.022931808605790138,,4260.3763954639435,888.6497418880463,,
11061,0.019729625433683395,,4260.7571449279785,888.7270867824554,,
11062,0.020777462050318718,,4261.138662576675,888.8044545650482,,
11063,0.023672984912991524,,4261.5195026397705,888.8818116188049,,
11064,0.020696457475423813,,4261.900504827499,888.959148645401,,
11065,0.0187549851834774,,4262.28090596199,889.0364921092987,,
11066,0.019386524334549904,,4262.66127204895,889.113847732544,,
11067,0.019705217331647873,,4263.042190074921,889.1912240982056,,
11068,0.021503472700715065,,4263.422654390335,889.2685680389404,,
11069,0.026027696207165718,,4263.8030416965485,889.345938205719,,
11070,0.017920788377523422,,4264.184071302414,889.4232993125916,,
11071,0.017912764102220535,,4264.564711093903,889.5006747245789,,
11072,0.01860058307647705,,4264.945985555649,889.5780544281006,,
11073,0.019722536206245422,,4265.3268892765045,889.655424118042,,
11074,0.02028169110417366,,4265.707380771637,889.7327632904053,,
11075,0.018530379980802536,,4266.088151216507,889.8101143836975,,
11076,0.021082989871501923,,4266.469202041626,889.8874678611755,,
11077,0.018808569759130478,,4267.077361106873,889.9648325443268,,
11078,0.01727810688316822,,4267.45814538002,890.0422234535217,,
11079,0.022670991718769073,,4267.8387706279755,890.1195306777954,,
11080,0.018962999805808067,,4268.219075918198,890.1968507766724,,
11081,0.02260560356080532,,4268.600160360336,890.2741940021515,,
11082,0.023808276280760765,,4268.980815887451,890.3515386581421,,
11083,0.025885168462991714,,4269.361309766769,890.4288618564606,,
11084,0.022289033979177475,,4269.742640256882,890.5062093734741,,
11085,0.01882884092628956,,4270.1232323646545,890.5837190151215,,
11086,0.019334319978952408,,4270.503671169281,890.6610572338104,,
11087,0.023724239319562912,,4270.884737253189,890.7383978366852,,
11088,0.021264996379613876,,4271.265433311462,890.8157339096069,,
11089,0.021189698949456215,,4271.645965576172,890.8930876255035,,
11090,0.020396443083882332,,4272.0272128582,890.9704370498657,,
11091,0.023436635732650757,,4272.407673358917,891.0477907657623,,
11092,0.021157780662178993,,4272.788199186325,891.1251282691956,,
11093,0.02168239839375019,,4273.168900251389,891.2024862766266,,
11094,0.018804127350449562,,4273.5493841171265,891.2798411846161,,
11095,0.018663261085748672,,4273.930001735687,891.3571538925171,,
11096,0.017798438668251038,,4274.311010360718,891.4344973564148,,
11097,0.020409345626831055,,4274.691586971283,891.5118436813354,,
11098,0.01901327259838581,,4275.0720908641815,891.5891935825348,,
11099,0.022249072790145874,,4275.452996492386,891.6665942668915,,
11100,0.018325578421354294,,4275.833343267441,891.7439713478088,,
11101,0.01999114453792572,,4276.21392416954,891.8213195800781,,
11102,0.022695772349834442,,4276.594689369202,891.8987028598785,,
11103,0.018266603350639343,,4276.975274562836,891.9760665893555,,
11104,0.01856875978410244,,4277.355968236923,892.0534558296204,,
11105,0.01943308115005493,,4277.737029075623,892.1308488845825,,
11106,0.019118299707770348,,4278.117453098297,892.2082257270813,,
11107,0.017907284200191498,,4278.497869491577,892.2856194972992,,
11108,0.01854665018618107,,4278.8788504600525,892.362998008728,,
11109,0.022408459335565567,,4279.259312391281,892.4403440952301,,
11110,0.023231495171785355,,4279.639517068863,892.517707824707,,
11111,0.02126024104654789,,4280.020470619202,892.5950717926025,,
11112,0.022785691544413567,,4280.400714874268,892.6724293231964,,
11113,0.020969083532691002,,4280.781119823456,892.7498154640198,,
11114,0.02295687422156334,,4281.16224861145,892.8271729946136,,
11115,0.022550366818904877,,4281.542337179184,892.9045395851135,,
11116,0.02070733718574047,,4281.922756195068,892.9819240570068,,
11117,0.02348909340798855,,4282.304030418396,893.0592687129974,,
11118,0.018895693123340607,,4282.68435716629,893.1366164684296,,
11119,0.017635582014918327,,4283.064952135086,893.2139873504639,,
11120,0.019170429557561874,,4283.445767402649,893.2913982868195,,
11121,0.018717193976044655,,4283.8261914253235,893.3687598705292,,
11122,0.020753787830471992,,4284.206445217133,893.4460816383362,,
11123,0.019795140251517296,,4284.587367296219,893.5234587192535,,
11124,0.026691805571317673,,4284.967857837677,893.6007940769196,,
11125,0.02169797196984291,,4285.348870038986,893.6781575679779,,
11126,0.02013968490064144,,4285.730259656906,893.7555501461029,,
11127,0.017265018075704575,,4286.111129999161,893.8329384326935,,
11128,0.017888391390442848,,4286.491496324539,893.9102823734283,,
11129,0.018058734014630318,,4286.872404575348,893.9876194000244,,
11130,0.01801147125661373,,4287.48043179512,894.0649631023407,,
11131,0.017389750108122826,,4287.861669540405,894.1422891616821,,
11132,0.018594449386000633,,4288.242266178131,894.2196111679077,,
11133,0.018063176423311234,,4288.622625112534,894.2969641685486,,
11134,0.02004382386803627,,4289.003822088242,894.3743109703064,,
11135,0.01894453912973404,,4289.384010314941,894.4516468048096,,
11136,0.017461232841014862,,4289.764285802841,894.5290064811707,,
11137,0.0200019720941782,,4290.145215749741,894.6063735485077,,
11138,0.017800940200686455,,4290.526079654694,894.6837079524994,,
11139,0.018922127783298492,,4290.906527519226,894.7610485553741,,
11140,0.01906006783246994,,4291.287789583206,894.8383951187134,,
11141,0.01740620657801628,,4291.668329715729,894.9157509803772,,
11142,0.018912842497229576,,4292.048686981201,894.9931631088257,,
11143,0.017950257286429405,,4292.429272413254,895.0705111026764,,
11144,0.022976774722337723,,4292.809798717499,895.1478497982025,,
11145,0.017744233831763268,,4293.190357685089,895.2251875400543,,
11146,0.01863021031022072,,4293.571239709854,895.302535533905,,
11147,0.024485686793923378,,4293.951767921448,895.3798484802246,,
11148,0.018697919324040413,,4294.332253217697,895.4571797847748,,
11149,0.017019962891936302,,4294.713102340698,895.5345115661621,,
11150,0.019235817715525627,,4295.0935254096985,895.6118764877319,,
11151,0.01762216165661812,,4295.473730325699,895.6892025470734,,
11152,0.018248043954372406,,4295.8544952869415,895.7665045261383,,
11153,0.017628353089094162,,4296.234915733337,895.8438656330109,,
11154,0.018144452944397926,,4296.615437269211,895.921710729599,,
11155,0.017925621941685677,,4296.996173858643,895.9990637302399,,
11156,0.017378229647874832,,4297.376548528671,896.0764112472534,,
11157,0.017865832895040512,,4297.757141113281,896.154198884964,,
11158,0.018046945333480835,,4298.138592004776,896.2315287590027,,
11159,0.017993927001953125,,4298.519552230835,896.3088881969452,,
11160,0.017652852460741997,,4298.899909496307,896.38623213768,,
11161,0.019350307062268257,,4299.280891418457,896.4635827541351,,
11162,0.02180781587958336,,4299.661094427109,896.5409245491028,,
11163,0.02342185378074646,,4300.04128408432,896.6182389259338,,
11164,0.022371085360646248,,4300.422088623047,896.6955587863922,,
11165,0.020756248384714127,,4300.802625656128,896.7728898525238,,
11166,0.019678978249430656,,4301.183264970779,896.8502452373505,,
11167,0.022885993123054504,,4301.564169406891,896.9275767803192,,
11168,0.023532794788479805,,4301.94456744194,897.0049147605896,,
11169,0.02574491873383522,,4302.324918270111,897.0822584629059,,
11170,0.022079240530729294,,4302.705858469009,897.1596481800079,,
11171,0.020605914294719696,,4303.086343288422,897.236974477768,,
11172,0.01948481984436512,,4303.466909408569,897.3143162727356,,
11173,0.01918046548962593,,4303.847807884216,897.3916480541229,,
11174,0.018736643716692924,,4304.228185892105,897.4689762592316,,
11175,0.01768038049340248,,4304.608843564987,897.5463268756866,,
11176,0.017398403957486153,,4304.989708900452,897.6236608028412,,
11177,0.017680443823337555,,4305.370068788528,897.701012134552,,
11178,0.020871415734291077,,4305.750506401062,897.7783358097076,,
11179,0.01988033577799797,,4306.131616592407,897.8556761741638,,
11180,0.020439323037862778,,4306.512604236603,897.9330275058746,,
11181,0.019697699695825577,,4306.89297246933,898.0103542804718,,
11182,0.01670662686228752,,4307.274052143097,898.0876851081848,,
11183,0.0192271638661623,,4307.882338523865,898.1650295257568,,
11184,0.01812044158577919,,4308.263143062592,898.2424013614655,,
11185,0.019464030861854553,,4308.643687486649,898.3197376728058,,
11186,0.022791577503085136,,4309.023448228836,898.3970947265625,,
11187,0.019586600363254547,,4309.404253482819,898.474422454834,,
11188,0.020410487428307533,,4309.784522294998,898.5517873764038,,
11189,0.019186994060873985,,4310.165155410767,898.6291098594666,,
11190,0.01759789139032364,,4310.546104431152,898.706456899643,,
11191,0.017469117417931557,,4310.926562070847,898.7838478088379,,
11192,0.019669942557811737,,4311.30712389946,898.8612177371979,,
11193,0.018760021775960922,,4311.688197135925,898.9385943412781,,
11194,0.017115116119384766,,4312.068798780441,899.0159409046173,,
11195,0.020098064094781876,,4312.449245452881,899.0933263301849,,
11196,0.017289848998188972,,4312.830313444138,899.1707012653351,,
11197,0.020504513755440712,,4313.21083688736,899.2480936050415,,
11198,0.020666593685746193,,4313.591197013855,899.3254566192627,,
11199,0.019183779135346413,,4313.972291946411,899.4028239250183,,
11200,0.017466900870203972,,4314.353546142578,899.480180978775,,
11201,0.0180490892380476,,4314.734385251999,899.5575177669525,,
11202,0.018004966899752617,,4315.11544418335,899.6348733901978,,
11203,0.01984628662467003,,4315.496079921722,899.7122168540955,,
11204,0.019722456112504005,,4315.876411914825,899.7895746231079,,
11205,0.021863888949155807,,4316.2570605278015,899.8668956756592,,
11206,0.020397456362843513,,4316.637449979782,899.9442503452301,,
11207,0.01737072691321373,,4317.017983675003,900.0216178894043,,
11208,0.018092866986989975,,4317.398904085159,900.0989880561829,,
11209,0.01877949945628643,,4317.779785633087,900.176331281662,,
11210,0.01801043003797531,,4318.160545825958,900.2536942958832,,
11211,0.020568009465932846,,4318.541543960571,900.3310372829437,,
11212,0.024925874546170235,,4318.922121763229,900.4084055423737,,
11213,0.020268786698579788,,4319.302645683289,900.485738992691,,
11214,0.01686021313071251,,4319.683562040329,900.5630948543549,,
11215,0.017419397830963135,,4320.063936471939,900.6404368877411,,
11216,0.018357735127210617,,4320.444266796112,900.7177641391754,,
11217,0.02019253559410572,,4320.825194358826,900.7951059341431,,
11218,0.01921488717198372,,4321.205850362778,900.8724484443665,,
11219,0.021611249074339867,,4321.586291313171,900.9497697353363,,
11220,0.01853267289698124,,4321.967143535614,901.0271272659302,,
11221,0.017901498824357986,,4322.3476305007935,901.1044864654541,,
11222,0.018514111638069153,,4322.728252649307,901.181827545166,,
11223,0.01893460936844349,,4323.109169006348,901.2593114376068,,
11224,0.01824250817298889,,4323.489709377289,901.3366639614105,,
11225,0.01897612400352955,,4323.870053768158,901.4139978885651,,
11226,0.02143166959285736,,4324.250927448273,901.4913415908813,,
11227,0.01873696967959404,,4324.631501197815,901.5686881542206,,
11228,0.018562274053692818,,4325.011882066727,901.6460363864899,,
11229,0.021055812016129494,,4325.39272069931,901.7233777046204,,
11230,0.020917702466249466,,4325.77324962616,901.8007392883301,,
11231,0.018371639773249626,,4326.1537075042725,901.8780822753906,,
11232,0.021621687337756157,,4326.534562110901,901.955427646637,,
11233,0.019114680588245392,,4326.915030241013,902.0328004360199,,
11234,0.021823901683092117,,4327.295419216156,902.1101322174072,,
11235,0.021494945511221886,,4327.676538944244,902.1874330043793,,
11236,0.02209399826824665,,4328.284552097321,902.2647774219513,,
11237,0.022622905671596527,,4328.665383815765,902.342111825943,,
11238,0.021220026537775993,,4329.045995950699,902.4194781780243,,
11239,0.018929867073893547,,4329.426419019699,902.4968342781067,,
11240,0.020238788798451424,,4329.8074288368225,902.5743279457092,,
11241,0.020779278129339218,,4330.187777996063,902.6517181396484,,
11242,0.022006722167134285,,4330.568269729614,902.7291142940521,,
11243,0.023038487881422043,,4330.949455499649,902.8064870834351,,
11244,0.02185414358973503,,4331.330409288406,902.8838312625885,,
11245,0.02143307775259018,,4331.710807561874,902.9612100124359,,
11246,0.01979975402355194,,4332.091671705246,903.0385794639587,,
11247,0.025474272668361664,,4332.472184896469,903.1159474849701,,
11248,0.019806833937764168,,4332.852384805679,903.193342924118,,
11249,0.021465903148055077,,4333.233179569244,903.2707085609436,,
11250,0.021553723141551018,,4333.613600492477,903.3480515480042,,
11251,0.021373268216848373,,4333.994000196457,903.425784111023,,
11252,0.020260030403733253,,4334.374869346619,903.5031518936157,,
11253,0.02414652146399021,,4334.7551946640015,903.5805032253265,,
11254,0.023311778903007507,,4335.13564157486,903.6578605175018,,
11255,0.022169681265950203,,4335.516504764557,903.7356345653534,,
11256,0.021132435649633408,,4335.896815538406,903.812980890274,,
11257,0.023098737001419067,,4336.277327775955,903.8903243541718,,
11258,0.019666172564029694,,4336.658432483673,903.9676752090454,,
11259,0.020466407760977745,,4337.0388469696045,904.0450758934021,,
11260,0.02337300218641758,,4337.4192543029785,904.1224706172943,,
11261,0.02566997893154621,,4337.8002898693085,904.1998355388641,,
11262,0.0230824276804924,,4338.180780649185,904.2771997451782,,
11263,0.020549975335597992,,4338.561081171036,904.3546166419983,,
11264,0.021245870739221573,,4338.942531585693,904.4320604801178,,
11265,0.021191881969571114,,4339.323122739792,904.5094072818756,,
11266,0.023629488423466682,,4339.703648805618,904.5867555141449,,
11267,0.022128241136670113,,4340.084584474564,904.6640746593475,,
11268,0.02168796956539154,,4340.464671134949,904.7414429187775,,
11269,0.024671604856848717,,4340.845231294632,904.8187942504883,,
11270,0.024005038663744926,,4341.226178884506,904.8961238861084,,
11271,0.021023614332079887,,4341.606637477875,904.9734969139099,,
11272,0.024001652374863625,,4341.987085580826,905.0508408546448,,
11273,0.022642292082309723,,4342.368093252182,905.1281986236572,,
11274,0.020446889102458954,,4342.748557329178,905.2055549621582,,
11275,0.02246025763452053,,4343.129063367844,905.2829210758209,,
11276,0.022340046241879463,,4343.510113239288,905.3602705001831,,
11277,0.02071518264710903,,4343.890606164932,905.4376440048218,,
11278,0.020961562171578407,,4344.2712659835815,905.5150015354156,,
11279,0.022479267790913582,,4344.65224480629,905.5923535823822,,
11280,0.02382960543036461,,4345.032684326172,905.66969871521,,
11281,0.02341459132730961,,4345.413046598434,905.7470653057098,,
11282,0.019828366115689278,,4345.793858766556,905.8244099617004,,
11283,0.018672486767172813,,4346.174487829208,905.901759147644,,
11284,0.018300861120224,,4346.5548787117,905.9790985584259,,
11285,0.0208195261657238,,4346.936340093613,906.056444644928,,
11286,0.020206676796078682,,4347.316776514053,906.1338014602661,,
11287,0.023906344547867775,,4347.69735622406,906.2111430168152,,
11288,0.022424187511205673,,4348.078041553497,906.2885279655457,,
11289,0.021542560309171677,,4348.686138391495,906.3659098148346,,
11290,0.02229877933859825,,4349.066875696182,906.4432716369629,,
11291,0.024774352088570595,,4349.447177410126,906.5206489562988,,
11292,0.02270326390862465,,4349.828285217285,906.5980498790741,,
11293,0.02428089641034603,,4350.209296703339,906.6754240989685,,
11294,0.019994990900158882,,4350.5897080898285,906.752809047699,,
11295,0.023635730147361755,,4350.970160961151,906.8302044868469,,
11296,0.020721115171909332,,4351.351239442825,906.9080002307892,,
11297,0.022499222308397293,,4351.731236219406,906.9853808879852,,
11298,0.020729584619402885,,4352.111859798431,907.0627627372742,,
11299,0.01959366723895073,,4352.49284863472,907.140123128891,,
11300,0.019090572372078896,,4352.873178958893,907.2174980640411,,
11301,0.022597506642341614,,4353.253623008728,907.294873714447,,
11302,0.02617805078625679,,4353.634696483612,907.3722395896912,,
11303,0.021976422518491745,,4354.0157124996185,907.4500260353088,,
11304,0.024362817406654358,,4354.39599609375,907.5274164676666,,
11305,0.021611638367176056,,4354.776890516281,907.6047751903534,,
11306,0.020313933491706848,,4355.157499551773,907.6821491718292,,
11307,0.020578794181346893,,4355.5378313064575,907.7595422267914,,
11308,0.02095315232872963,,4355.918698549271,907.836950302124,,
11309,0.021035650745034218,,4356.298862695694,907.9143798351288,,
11310,0.021214410662651062,,4356.679322719574,907.9917750358582,,
11311,0.0194742102175951,,4357.060036182404,908.0691525936127,,
11312,0.020404594019055367,,4357.4404854774475,908.1465408802032,,
11313,0.022243080660700798,,4357.82156419754,908.2239043712616,,
11314,0.02555946633219719,,4358.202540874481,908.3012824058533,,
11315,0.02343064174056053,,4358.582779407501,908.378643989563,,
11316,0.01984560489654541,,4358.963121652603,908.4559717178345,,
11317,0.024198437109589577,,4359.344085931778,908.5333380699158,,
11318,0.024101203307509422,,4359.724374055862,908.6106989383698,,
11319,0.02279009483754635,,4360.104760885239,908.6880476474762,,
11320,0.025213751941919327,,4360.485751152039,908.7654056549072,,
11321,0.0235818549990654,,4360.866443872452,908.8427624702454,,
11322,0.02379392832517624,,4361.246858596802,908.9201374053955,,
11323,0.024792039766907692,,4361.627699375153,908.9974794387817,,
11324,0.0214998722076416,,4362.008169174194,909.0748326778412,,
11325,0.021339042112231255,,4362.388833284378,909.1522026062012,,
11326,0.021981555968523026,,4362.769937038422,909.2295780181885,,
11327,0.023256469517946243,,4363.151008367538,909.306946516037,,
11328,0.022862304002046585,,4363.531328201294,909.384304523468,,
11329,0.02447134256362915,,4363.912401676178,909.4616496562958,,
11330,0.023389767855405807,,4364.293284654617,909.539036989212,,
11331,0.019480621442198753,,4364.673728227615,909.6163775920868,,
11332,0.0167289637029171,,4365.054328918457,909.6937208175659,,
11333,0.020218845456838608,,4365.434723854065,909.7710654735565,,
11334,0.022466951981186867,,4365.8152911663055,909.8483924865723,,
11335,0.020288566127419472,,4366.19636797905,909.9257197380066,,
11336,0.023753562942147255,,4366.576995849609,910.0030646324158,,
11337,0.020605696365237236,,4366.957441806793,910.0803923606873,,
11338,0.023359665647149086,,4367.3385627269745,910.1577441692352,,
11339,0.02367362007498741,,4367.718855381012,910.2355356216431,,
11340,0.021608594805002213,,4368.098947286606,910.3128781318665,,
11341,0.022797487676143646,,4368.479732275009,910.3902378082275,,
11342,0.02547416090965271,,4369.087831497192,910.4676315784454,,
11343,0.021613793447613716,,4369.4685299396515,910.545028924942,,
11344,0.025417577475309372,,4369.848948001862,910.6224362850189,,
11345,0.02264798991382122,,4370.229542255402,910.6998307704926,,
11346,0.022185973823070526,,4370.61044549942,910.7771844863892,,
11347,0.021711954846978188,,4370.991350412369,910.8545536994934,,
11348,0.022170932963490486,,4371.372524261475,910.9319336414337,,
11349,0.021601159125566483,,4371.75359416008,911.0093429088593,,
11350,0.02016577497124672,,4372.134278535843,911.0866982936859,,
11351,0.022937187924981117,,4372.514515638351,911.1640992164612,,
11352,0.022943759337067604,,4372.89529132843,911.2414975166321,,
11353,0.026137832552194595,,4373.275573253632,911.3188581466675,,
11354,0.02130771242082119,,4373.655929803848,911.3962543010712,,
11355,0.019543740898370743,,4374.0369827747345,911.4736876487732,,
11356,0.022691404446959496,,4374.417454957962,911.5510642528534,,
11357,0.02043103240430355,,4374.797870874405,911.6284520626068,,
11358,0.02328593097627163,,4375.178872585297,911.7058358192444,,
11359,0.02098904550075531,,4375.559420347214,911.7832295894623,,
11360,0.022715415805578232,,4375.9396986961365,911.8606069087982,,
11361,0.02056041546165943,,4376.320583105087,911.9380073547363,,
11362,0.022446246817708015,,4376.700942516327,912.015373468399,,
11363,0.022237243130803108,,4377.081345796585,912.0927364826202,,
11364,0.024230394512414932,,4377.462322950363,912.1701006889343,,
11365,0.02037729136645794,,4377.842849254608,912.24747133255,,
11366,0.0227779820561409,,4378.223303318024,912.3248326778412,,
11367,0.019591299816966057,,4378.60423874855,912.4021909236908,,
11368,0.025159697979688644,,4378.984881401062,912.4795796871185,,
11369,0.02257240191102028,,4379.366013765335,912.5573642253876,,
11370,0.025368237867951393,,4379.746563673019,912.6346583366394,,
11371,0.02173854038119316,,4380.126863479614,912.7124254703522,,
11372,0.02249944396317005,,4380.507068395615,912.7897696495056,,
11373,0.020148836076259613,,4380.887902259827,912.8671505451202,,
11374,0.021948451176285744,,4381.26832318306,912.9445207118988,,
11375,0.019566329196095467,,4381.648854494095,913.0218939781189,,
11376,0.02355721779167652,,4382.029787778854,913.0992650985718,,
11377,0.017217688262462616,,4382.40997171402,913.176655292511,,
11378,0.018842970952391624,,4382.790290117264,913.2545166015625,,
11379,0.02072218619287014,,4383.171080827713,913.331915140152,,
11380,0.02282572165131569,,4383.551476716995,913.4093008041382,,
11381,0.023156678304076195,,4383.931829929352,913.4866716861725,,
11382,0.023441730067133904,,4384.312936306,913.5640323162079,,
11383,0.026984982192516327,,4384.693294763565,913.6414430141449,,
11384,0.027297142893075943,,4385.073844909668,913.7188220024109,,
11385,0.027138719335198402,,4385.454464197159,913.7962217330933,,
11386,0.02312963642179966,,4385.834881067276,913.8735873699188,,
11387,0.023635027930140495,,4386.215216636658,913.9509732723236,,
11388,0.025124017149209976,,4386.5960857868195,914.0283470153809,,
11389,0.021821139380335808,,4386.976064920425,914.1056952476501,,
11390,0.021458392962813377,,4387.356883525848,914.1830666065216,,
11391,0.021044038236141205,,4387.737779855728,914.2604432106018,,
11392,0.02136213518679142,,4388.118278741837,914.3378167152405,,
11393,0.021111590787768364,,4388.498308420181,914.4151921272278,,
11394,0.01766074076294899,,4388.879200696945,914.4925599098206,,
11395,0.019357966259121895,,4389.48738360405,914.5699918270111,,
11396,0.018321184441447258,,4389.868207454681,914.6473701000214,,
11397,0.021054325625300407,,4390.248471498489,914.7247569561005,,
11398,0.021101905032992363,,4390.628845214844,914.8021366596222,,
11399,0.021441582590341568,,4391.010274648666,914.8795108795166,,
11400,0.01888181082904339,,4391.390792608261,914.9569029808044,,
11401,0.02209310233592987,,4391.771325826645,915.0342648029327,,
11402,0.02139841392636299,,4392.152456283569,915.1116704940796,,
11403,0.0212322436273098,,4392.5331382751465,915.1890325546265,,
11404,0.02292156033217907,,4392.913553953171,915.2663769721985,,
11405,0.021984606981277466,,4393.294420957565,915.3437740802765,,
11406,0.0201069638133049,,4393.674455165863,915.4211268424988,,
11407,0.02087998390197754,,4394.054879188538,915.4985074996948,,
11408,0.021954331547021866,,4394.435884714127,915.5758793354034,,
11409,0.02148285135626793,,4394.816157579422,915.6532261371613,,
11410,0.020399048924446106,,4395.196601867676,915.7306435108185,,
11411,0.020657245069742203,,4395.577815055847,915.8080184459686,,
11412,0.021280856803059578,,4395.958014011383,915.8854238986969,,
11413,0.02199888974428177,,4396.338412761688,915.9628150463104,,
11414,0.020044734701514244,,4396.719478607178,916.040200471878,,
11415,0.020635707303881645,,4397.099787473679,916.1175632476807,,
11416,0.020630229264497757,,4397.480439662933,916.194908618927,,
11417,0.023685244843363762,,4397.861564874649,916.2722947597504,,
11418,0.02044736035168171,,4398.241869688034,916.3496785163879,,
11419,0.01881258562207222,,4398.62210726738,916.4270431995392,,
11420,0.022813567891716957,,4399.002972364426,916.5044209957123,,
11421,0.022450463846325874,,4399.383424043655,916.5817909240723,,
11422,0.018460983410477638,,4399.764033317566,916.6591897010803,,
11423,0.01986142061650753,,4400.1448793411255,916.7366163730621,,
11424,0.021976422518491745,,4400.525243759155,916.8139972686768,,
11425,0.023148063570261,,4400.905662059784,916.8913888931274,,
11426,0.021958528086543083,,4401.286537885666,916.9687325954437,,
11427,0.022921675816178322,,4401.666917085648,917.0461273193359,,
11428,0.021183405071496964,,4402.047369718552,917.1235582828522,,
11429,0.02182343229651451,,4402.4281873703,917.2009427547455,,
11430,0.02059120312333107,,4402.808691740036,917.2783894538879,,
11431,0.024979403242468834,,4403.189002752304,917.3557901382446,,
11432,0.02242158353328705,,4403.570472240448,917.4331848621368,,
11433,0.023980552330613136,,4403.951640844345,917.5107798576355,,
11434,0.026527637615799904,,4404.332410097122,917.5881996154785,,
11435,0.02254253625869751,,4404.713352918625,917.665595293045,,
11436,0.030408060178160667,,4405.093595981598,917.7429943084717,,
11437,0.021442892029881477,,4405.474089384079,917.8203737735748,,
11438,0.029726717621088028,,4405.855163097382,917.8977558612823,,
11439,0.02749987319111824,,4406.235622406006,917.9751687049866,,
11440,0.028060734272003174,,4406.615864038467,918.052597284317,,
11441,0.03493151441216469,,4406.996741771698,918.1299846172333,,
11442,0.033147089183330536,,4407.377468824387,918.2074196338654,,
11443,0.029921885579824448,,4407.757963657379,918.2848176956177,,
11444,0.025370482355356216,,4408.139099359512,918.3622181415558,,
11445,0.020866762846708298,,4408.519600391388,918.439603805542,,
11446,0.027035193517804146,,4408.8999762535095,918.5169713497162,,
11447,0.02654116414487362,,4409.280921459198,918.5943500995636,,
11448,0.027780767530202866,,4409.889317989349,918.6717784404755,,
11449,0.024129176512360573,,4410.270693063736,918.749137878418,,
11450,0.023789621889591217,,4410.651437044144,918.8265142440796,,
11451,0.0226094052195549,,4411.031990528107,918.9039058685303,,
11452,0.02322341315448284,,4411.412778377533,918.9813005924225,,
11453,0.024332739412784576,,4411.793082237244,919.0586655139923,,
11454,0.024207070469856262,,4412.173585653305,919.136018037796,,
11455,0.020578516647219658,,4412.554711818695,919.2133982181549,,
11456,0.02332806959748268,,4412.935102462769,919.290765285492,,
11457,0.020941779017448425,,4413.315484523773,919.3681192398071,,
11458,0.02098865807056427,,4413.696482419968,919.4454443454742,,
11459,0.02645925059914589,,4414.076899528503,919.5227916240692,,
11460,0.023342303931713104,,4414.457403659821,919.6001875400543,,
11461,0.02357177622616291,,4414.838359594345,919.6775650978088,,
11462,0.023032350465655327,,4415.218735694885,919.7549228668213,,
11463,0.02504955418407917,,4415.599159002304,919.8323066234589,,
11464,0.025171229615807533,,4415.980184078217,919.9097332954407,,
11465,0.028917141258716583,,4416.360471725464,919.9871151447296,,
11466,0.027054982259869576,,4416.740821838379,920.0645105838776,,
11467,0.029441630467772484,,4417.121700286865,920.141893863678,,
11468,0.026501692831516266,,4417.501981973648,920.2192823886871,,
11469,0.024604883044958115,,4417.8822202682495,920.2966895103455,,
11470,0.024804065003991127,,4418.262960910797,920.3740663528442,,
11471,0.027469882741570473,,4418.643382310867,920.4514801502228,,
11472,0.021044274792075157,,4419.023649692535,920.5289022922516,,
11473,0.022116225212812424,,4419.40425825119,920.6063005924225,,
11474,0.021370448172092438,,4419.785060405731,920.6837000846863,,
11475,0.021308697760105133,,4420.1652183532715,920.7610578536987,,
11476,0.02174438163638115,,4420.546565055847,920.8384199142456,,
11477,0.024888060986995697,,4420.926828861237,920.9158098697662,,
11478,0.022640196606516838,,4421.3069932460785,920.9931907653809,,
11479,0.020297259092330933,,4421.68757557869,921.070595741272,,
11480,0.020358694717288017,,4422.068041801453,921.1479907035828,,
11481,0.01941462606191635,,4422.448262214661,921.2253620624542,,
11482,0.022535592317581177,,4422.82919216156,921.3027234077454,,
11483,0.022517461329698563,,4423.209845304489,921.3800942897797,,
11484,0.020574131980538368,,4423.590302228928,921.4574670791626,,
11485,0.02229613997042179,,4423.971557855606,921.5348763465881,,
11486,0.02358788065612316,,4424.352102279663,921.612241268158,,
11487,0.025064537301659584,,4424.7324759960175,921.6896123886108,,
11488,0.024843838065862656,,4425.113308429718,921.7669928073883,,
11489,0.02344069443643093,,4425.493750810623,921.8443651199341,,
11490,0.01909624971449375,,4425.874094963074,921.921754360199,,
11491,0.022984948009252548,,4426.254915714264,921.9990856647491,,
11492,0.020650971680879593,,4426.635317564011,922.076465845108,,
11493,0.02338496595621109,,4427.015769004822,922.1538407802582,,
11494,0.027644803747534752,,4427.396824836731,922.2312140464783,,
11495,0.022451313212513924,,4427.777761220932,922.3085794448853,,
11496,0.022133981809020042,,4428.15806055069,922.3859641551971,,
11497,0.020514534786343575,,4428.5390474796295,922.4633619785309,,
11498,0.019419565796852112,,4428.919437170029,922.5407221317291,,
11499,0.019780052825808525,,4429.299771785736,922.6181223392487,,
11500,0.02161167934536934,0.029030147939920425,4429.680698394775,924.1059126853943,0.016232766211032867,0.03599167242646217
11501,0.01925317943096161,,4430.289192676544,924.1833128929138,,
11502,0.01838766224682331,,4430.669265985489,924.2607202529907,,
11503,0.0192667655646801,,4431.05016374588,924.3381159305573,,
11504,0.019462835043668747,,4431.430671453476,924.4154932498932,,
11505,0.018199466168880463,,4431.810820102692,924.4928653240204,,
11506,0.019249029457569122,,4432.19154715538,924.57026720047,,
11507,0.02055410109460354,,4432.57179069519,924.6476531028748,,
11508,0.023281581699848175,,4432.952094554901,924.7250392436981,,
11509,0.022292690351605415,,4433.333258152008,924.8024084568024,,
11510,0.026220394298434258,,4433.713553905487,924.8797678947449,,
11511,0.020829668268561363,,4434.094064950943,924.9571225643158,,
11512,0.022537725046277046,,4434.474741697311,925.0346260070801,,
11513,0.022487502545118332,,4434.855139255524,925.1119661331177,,
11514,0.023382635787129402,,4435.235662698746,925.1893186569214,,
11515,0.02228275127708912,,4435.616670131683,925.2666838169098,,
11516,0.019996799528598785,,4435.9976987838745,925.3440582752228,,
11517,0.020834170281887054,,4436.378359794617,925.4214253425598,,
11518,0.018103355541825294,,4436.759243011475,925.4987826347351,,
11519,0.02024075575172901,,4437.139630556107,925.5761427879333,,
11520,0.01916884072124958,,4437.51976275444,925.6535320281982,,
11521,0.018427060917019844,,4437.900522708893,925.7308650016785,,
11522,0.0189614687114954,,4438.280907869339,925.808257818222,,
11523,0.018451323732733727,,4438.661118507385,925.8856317996979,,
11524,0.019187752157449722,,4439.042130231857,925.9630002975464,,
11525,0.017352677881717682,,4439.422702789307,926.0403537750244,,
11526,0.019879307597875595,,4439.803045272827,926.1176998615265,,
11527,0.02033151499927044,,4440.184010505676,926.1950585842133,,
11528,0.022426726296544075,,4440.564178228378,926.2723853588104,,
11529,0.02297537587583065,,4440.94486284256,926.3497560024261,,
11530,0.021253060549497604,,4441.32576918602,926.4271378517151,,
11531,0.020873043686151505,,4441.7063710689545,926.5044994354248,,
11532,0.019306771457195282,,4442.086840391159,926.5818614959717,,
11533,0.02215171605348587,,4442.467602014542,926.659261226654,,
11534,0.018840648233890533,,4442.848138809204,926.736588716507,,
11535,0.02036735787987709,,4443.22881269455,926.8139894008636,,
11536,0.019957484677433968,,4443.609813928604,926.891343832016,,
11537,0.018298611044883728,,4443.990867853165,926.9687302112579,,
11538,0.01793045364320278,,4444.371461391449,927.0461540222168,,
11539,0.018650716170668602,,4444.752769708633,927.1235060691833,,
11540,0.0178525373339653,,4445.133048534393,927.2008390426636,,
11541,0.017770083621144295,,4445.513505220413,927.2781503200531,,
11542,0.018813053146004677,,4445.894415855408,927.3555347919464,,
11543,0.018568851053714752,,4446.27486872673,927.4328784942627,,
11544,0.0193441454321146,,4446.6555235385895,927.5102474689484,,
11545,0.017363961786031723,,4447.036479949951,927.5875716209412,,
11546,0.017530059441924095,,4447.416841745377,927.6648933887482,,
11547,0.01909208670258522,,4447.797863483429,927.742269039154,,
11548,0.019749723374843597,,4448.17885351181,927.8196861743927,,
11549,0.019231487065553665,,4448.559236288071,927.8970198631287,,
11550,0.020425856113433838,,4448.940202474594,927.9743971824646,,
11551,0.020543541759252548,,4449.3221027851105,928.0517973899841,,
11552,0.018907994031906128,,4449.702558040619,928.1291286945343,,
11553,0.019075218588113785,,4450.083206415176,928.2065007686615,,
11554,0.019998084753751755,,4450.691827535629,928.2838644981384,,
11555,0.018135294318199158,,4451.072118282318,928.3612105846405,,
11556,0.01712849736213684,,4451.45298910141,928.4385907649994,,
11557,0.018235791474580765,,4451.833122491837,928.5159597396851,,
11558,0.01822724938392639,,4452.213685274124,928.5933067798615,,
11559,0.019972529262304306,,4452.594508886337,928.6706473827362,,
11560,0.01876075379550457,,4452.975296258926,928.7480027675629,,
11561,0.022873057052493095,,4453.355566263199,928.8254001140594,,
11562,0.025146707892417908,,4453.736390352249,928.9027273654938,,
11563,0.021552804857492447,,4454.116667509079,928.9800589084625,,
11564,0.0206789318472147,,4454.49751329422,929.057473897934,,
11565,0.02108410932123661,,4454.878480672836,929.134850025177,,
11566,0.02224801294505596,,4455.258946657181,929.2122139930725,,
11567,0.02275019697844982,,4455.639753818512,929.2895522117615,,
11568,0.022883575409650803,,4456.021215438843,929.3668942451477,,
11569,0.022401772439479828,,4456.40176987648,929.4442708492279,,
11570,0.026255158707499504,,4456.781996011734,929.5216143131256,,
11571,0.024717705324292183,,4457.1629185676575,929.5989725589752,,
11572,0.021505018696188927,,4457.543300628662,929.6763379573822,,
11573,0.019719760864973068,,4457.923545360565,929.7536971569061,,
11574,0.021797742694616318,,4458.304665803909,929.8310465812683,,
11575,0.02065863460302353,,4458.685413837433,929.9084177017212,,
11576,0.02365966886281967,,4459.066005706787,929.9857676029205,,
11577,0.021684471517801285,,4459.446940660477,930.0631053447723,,
11578,0.020509101450443268,,4459.827514886856,930.1404752731323,,
11579,0.01899421028792858,,4460.208396196365,930.2178137302399,,
11580,0.0184787604957819,,4460.589051246643,930.2951395511627,,
11581,0.021180298179388046,,4460.969606637955,930.3725547790527,,
11582,0.01886647194623947,,4461.350079774857,930.4499282836914,,
11583,0.017945826053619385,,4461.731803894043,930.5272719860077,,
11584,0.02288558892905712,,4462.112467288971,930.6046798229218,,
11585,0.01857307180762291,,4462.492918252945,930.6820297241211,,
11586,0.017141180112957954,,4462.873852968216,930.7593743801117,,
11587,0.017531784251332283,,4463.254331827164,930.8367054462433,,
11588,0.019508851692080498,,4463.634536743164,930.9140536785126,,
11589,0.023487918078899384,,4464.015528917313,930.9914081096649,,
11590,0.023466113954782486,,4464.3959584236145,931.0687294006348,,
11591,0.022864384576678276,,4464.776449680328,931.1460816860199,,
11592,0.0194071214646101,,4465.15734577179,931.2234461307526,,
11593,0.02002068981528282,,4465.537843942642,931.3008055686951,,
11594,0.022112663835287094,,4465.918200492859,931.3781702518463,,
11595,0.018608318641781807,,4466.298920631409,931.4555335044861,,
11596,0.01767280139029026,,4466.679437637329,931.5329151153564,,
11597,0.017815452069044113,,4467.05930018425,931.610249042511,,
11598,0.01964452862739563,,4467.440320014954,931.6876063346863,,
11599,0.017207104712724686,,4467.820988416672,931.7649803161621,,
11600,0.01848391816020012,,4468.201926708221,931.8423523902893,,
11601,0.020058145746588707,,4468.582673788071,931.9197251796722,,
11602,0.018838495016098022,,4468.963340520859,931.9970874786377,,
11603,0.017526209354400635,,4469.343742847443,932.0744485855103,,
11604,0.019099263474345207,,4469.724593162537,932.1518311500549,,
11605,0.017583288252353668,,4470.104783535004,932.2291657924652,,
11606,0.01786750741302967,,4470.48503613472,932.3065218925476,,
11607,0.01797414757311344,,4471.09361076355,932.3839108943939,,
11608,0.019602717831730843,,4471.473785161972,932.4612812995911,,
11609,0.020737016573548317,,4471.854415655136,932.5386378765106,,
11610,0.021421682089567184,,4472.2347531318665,932.6159870624542,,
11611,0.021443026140332222,,4472.615151643753,932.6933159828186,,
11612,0.02142919786274433,,4472.996071338654,932.7706890106201,,
11613,0.01835322193801403,,4473.37646317482,932.8480160236359,,
11614,0.016761893406510353,,4473.756824970245,932.9253726005554,,
11615,0.019187167286872864,,4474.137776374817,933.0027289390564,,
11616,0.01765758916735649,,4474.518300533295,933.0801248550415,,
11617,0.017262738198041916,,4474.898777008057,933.157476902008,,
11618,0.018001439049839973,,4475.280236721039,933.234836101532,,
11619,0.018551185727119446,,4475.661385059357,933.312185049057,,
11620,0.018666936084628105,,4476.042286872864,933.389571428299,,
11621,0.018294744193553925,,4476.423594713211,933.4669506549835,,
11622,0.019737178459763527,,4476.803818941116,933.544319152832,,
11623,0.01785740628838539,,4477.184186697006,933.6216707229614,,
11624,0.019747193902730942,,4477.564903259277,933.6990067958832,,
11625,0.01989113725721836,,4477.945093393326,933.776360988617,,
11626,0.0179554745554924,,4478.32538485527,933.8537151813507,,
11627,0.017643989995121956,,4478.706755161285,933.9310340881348,,
11628,0.01982714608311653,,4479.087053775787,934.0084164142609,,
11629,0.02008557692170143,,4479.467620134354,934.0857708454132,,
11630,0.020973358303308487,,4479.848514795303,934.1631231307983,,
11631,0.023933889344334602,,4480.228939294815,934.240505695343,,
11632,0.02485375478863716,,4480.609190702438,934.3178598880768,,
11633,0.02109900303184986,,4480.99027633667,934.3952407836914,,
11634,0.019764617085456848,,4481.370693206787,934.4725768566132,,
11635,0.02153731696307659,,4481.751140117645,934.5499095916748,,
11636,0.02091449499130249,,4482.132302761078,934.627286195755,,
11637,0.020226048305630684,,4482.512774467468,934.7046556472778,,
11638,0.017998337745666504,,4482.893182277679,934.7820250988007,,
11639,0.019837424159049988,,4483.27415060997,934.8593673706055,,
11640,0.025828368961811066,,4483.654453992844,934.9367349147797,,
11641,0.025165779516100883,,4484.034925937653,935.0140733718872,,
11642,0.023612145334482193,,4484.41605091095,935.0914499759674,,
11643,0.02116331271827221,,4484.796535491943,935.1688017845154,,
11644,0.021383116021752357,,4485.177104473114,935.2461278438568,,
11645,0.021924983710050583,,4485.557687759399,935.3234777450562,,
11646,0.022444963455200195,,4485.937929868698,935.4008648395538,,
11647,0.02398044988512993,,4486.31822347641,935.4782314300537,,
11648,0.026104653254151344,,4486.699134111404,935.5555889606476,,
11649,0.0239520575851202,,4487.079632282257,935.6329624652863,,
11650,0.023253247141838074,,4487.460154056549,935.7103886604309,,
11651,0.02084950916469097,,4487.841193199158,935.7877480983734,,
11652,0.018050294369459152,,4488.2216057777405,935.8651502132416,,
11653,0.019252657890319824,,4488.601984739304,935.9425168037415,,
11654,0.019053656607866287,,4488.983051300049,936.0198769569397,,
11655,0.020783081650733948,,4489.363900184631,936.0972895622253,,
11656,0.021694224327802658,,4489.744331121445,936.1746518611908,,
11657,0.02044483833014965,,4490.12522649765,936.2519955635071,,
11658,0.022595226764678955,,4490.505493402481,936.3293631076813,,
11659,0.021016642451286316,,4490.886054754257,936.406756401062,,
11660,0.017603043466806412,,4491.494708538055,936.4841494560242,,
11661,0.019080838188529015,,4491.8752291202545,936.5615243911743,,
11662,0.020034806802868843,,4492.256378889084,936.638884305954,,
11663,0.020680151879787445,,4492.637244939804,936.7162549495697,,
11664,0.01890408806502819,,4493.017498016357,936.7935917377472,,
11665,0.01942419447004795,,4493.398755073547,936.8709285259247,,
11666,0.019109636545181274,,4493.779302120209,936.9482879638672,,
11667,0.018981236964464188,,4494.16033411026,937.0257306098938,,
11668,0.018518775701522827,,4494.5412883758545,937.1030843257904,,
11669,0.020467784255743027,,4494.9218118190765,937.1804313659668,,
11670,0.019368624314665794,,4495.302362918854,937.2578043937683,,
11671,0.019038213416934013,,4495.683405637741,937.3351998329163,,
11672,0.020323002710938454,,4496.06387424469,937.412544965744,,
11673,0.02422209084033966,,4496.444272994995,937.4899039268494,,
11674,0.020132090896368027,,4496.82523727417,937.5672943592072,,
11675,0.020078381523489952,,4497.205810070038,937.6447052955627,,
11676,0.01916804164648056,,4497.586471319199,937.7220792770386,,
11677,0.020326286554336548,,4497.967420339584,937.7994437217712,,
11678,0.017776822671294212,,4498.347840547562,937.8768031597137,,
11679,0.02055981196463108,,4498.7282745838165,937.954164981842,,
11680,0.021466434001922607,,4499.109125375748,938.0315129756927,,
11681,0.018916569650173187,,4499.489393234253,938.1093037128448,,
11682,0.019442319869995117,,4499.869750499725,938.1866526603699,,
11683,0.022375764325261116,,4500.250708580017,938.264012336731,,
11684,0.02025243639945984,,4500.631456375122,938.341388463974,,
11685,0.019496040418744087,,4501.011893749237,938.418771982193,,
11686,0.01913793571293354,,4501.392994880676,938.4961266517639,,
11687,0.022725582122802734,,4501.773262500763,938.573469877243,,
11688,0.022219689562916756,,4502.15399646759,938.6508393287659,,
11689,0.022955838590860367,,4502.53525185585,938.7282021045685,,
11690,0.023280255496501923,,4502.915652275085,938.8055784702301,,
11691,0.022020641714334488,,4503.296052932739,938.8829212188721,,
11692,0.01999865472316742,,4503.676860332489,938.9602518081665,,
11693,0.022803112864494324,,4504.0572254657745,939.0376310348511,,
11694,0.022048911079764366,,4504.437719583511,939.1150043010712,,
11695,0.021461255848407745,,4504.81880736351,939.1923696994781,,
11696,0.019744569435715675,,4505.199751138687,939.2697277069092,,
11697,0.017456192523241043,,4505.580181598663,939.3470883369446,,
11698,0.019278567284345627,,4505.960854053497,939.4244458675385,,
11699,0.021034903824329376,,4506.34147310257,939.5018270015717,,
11700,0.019087329506874084,,4506.7217926979065,939.5791494846344,,
11701,0.01737610623240471,,4507.102911949158,939.6565320491791,,
11702,0.018499426543712616,,4507.4834616184235,939.7339329719543,,
11703,0.02103024162352085,,4507.864143133163,939.8113386631012,,
11704,0.02110487036406994,,4508.24521780014,939.8887207508087,,
11705,0.019313670694828033,,4508.62633728981,939.9660980701447,,
11706,0.018197357654571533,,4509.007942914963,940.0434558391571,,
11707,0.020192017778754234,,4509.38890171051,940.1208312511444,,
11708,0.018497709184885025,,4509.76921749115,940.1981956958771,,
11709,0.020501170307397842,,4510.149623155594,940.275532245636,,
11710,0.022044319659471512,,4510.53040599823,940.3528578281403,,
11711,0.021512845531105995,,4510.910797834396,940.4302098751068,,
11712,0.019151730462908745,,4511.291259765625,940.5075526237488,,
11713,0.019583730027079582,,4511.899968862534,940.5849001407623,,
11714,0.019884686917066574,,4512.280539751053,940.6622755527496,,
11715,0.019479073584079742,,4512.661411523819,940.739622592926,,
11716,0.018389610573649406,,4513.0416650772095,940.8169512748718,,
11717,0.017695261165499687,,4513.42143368721,940.8942959308624,,
11718,0.01759716495871544,,4513.802403211594,940.9716210365295,,
11719,0.017754700034856796,,4514.182955980301,941.0489764213562,,
11720,0.019709058105945587,,4514.563166856766,941.126362323761,,
11721,0.01905769668519497,,4514.944001913071,941.2037053108215,,
11722,0.019793139770627022,,4515.324671268463,941.281054019928,,
11723,0.01992606930434704,,4515.705214262009,941.3584129810333,,
11724,0.021438928321003914,,4516.085964202881,941.4357821941376,,
11725,0.019702289253473282,,4516.4663825035095,941.5131347179413,,
11726,0.018660321831703186,,4516.847138166428,941.5904734134674,,
11727,0.018309878185391426,,4517.228046655655,941.6678047180176,,
11728,0.02084186114370823,,4517.608668088913,941.7451694011688,,
11729,0.019470829516649246,,4517.989485740662,941.8224966526031,,
11730,0.02149142511188984,,4518.3701956272125,941.8998868465424,,
11731,0.0186627097427845,,4518.750626564026,941.9772434234619,,
11732,0.01866808533668518,,4519.131049871445,942.0546388626099,,
11733,0.020494680851697922,,4519.5120549201965,942.1320168972015,,
11734,0.02107897959649563,,4519.892566919327,942.2093863487244,,
11735,0.019450301304459572,,4520.273077726364,942.2867767810822,,
11736,0.019582463428378105,,4520.653982877731,942.3641927242279,,
11737,0.021026035770773888,,4521.034425973892,942.4415607452393,,
11738,0.020520932972431183,,4521.415038108826,942.5189328193665,,
11739,0.01975115016102791,,4521.796022176743,942.5963313579559,,
11740,0.021820377558469772,,4522.176478147507,942.6736981868744,,
11741,0.02259204536676407,,4522.556945562363,942.7510807514191,,
11742,0.019768334925174713,,4522.937937736511,942.8284804821014,,
11743,0.01902853325009346,,4523.318283081055,942.905818939209,,
11744,0.018847446888685226,,4523.698877811432,942.9831635951996,,
11745,0.01987363211810589,,4524.079745769501,943.0605080127716,,
11746,0.020810233429074287,,4524.460289001465,943.1378455162048,,
11747,0.021357420831918716,,4524.841237068176,943.215194940567,,
11748,0.019174478948116302,,4525.222285985947,943.292587518692,,
11749,0.019621076062321663,,4525.602911710739,943.3699157238007,,
11750,0.024711040779948235,,4525.983266115189,943.447249174118,,
11751,0.022649120539426804,,4526.364254236221,943.5245747566223,,
11752,0.020871484652161598,,4526.744587659836,943.6019310951233,,
11753,0.020858265459537506,,4527.124941587448,943.6793081760406,,
11754,0.023707488551735878,,4527.505810499191,943.7566421031952,,
11755,0.022549107670783997,,4527.886239290237,943.8340163230896,,
11756,0.02939864806830883,,4528.266507387161,943.911416053772,,
11757,0.031515996903181076,,4528.647478580475,943.9887938499451,,
11758,0.023279376327991486,,4529.027861595154,944.0661602020264,,
11759,0.02290455810725689,,4529.4082136154175,944.1435205936432,,
11760,0.022929461672902107,,4529.789172887802,944.2208569049835,,
11761,0.022346239537000656,,4530.169460058212,944.2982168197632,,
11762,0.022263146936893463,,4530.549862861633,944.3755791187286,,
11763,0.01970326155424118,,4530.9307560920715,944.4529151916504,,
11764,0.01904202438890934,,4531.311438322067,944.5302910804749,,
11765,0.019651854410767555,,4531.692179203033,944.6076514720917,,
11766,0.02105596847832203,,4532.3008987903595,944.6850252151489,,
11767,0.020040441304445267,,4532.681277751923,944.762368440628,,
11768,0.019059233367443085,,4533.062554597855,944.8397309780121,,
11769,0.021744990721344948,,4533.44278383255,944.9170467853546,,
11770,0.021809151396155357,,4533.823552370071,944.9943881034851,,
11771,0.022034117951989174,,4534.204798221588,945.0717432498932,,
11772,0.021572295576334,,4534.585252523422,945.1491000652313,,
11773,0.0202335212379694,,4534.965525388718,945.226457118988,,
11774,0.0230585727840662,,4535.346496582031,945.3038058280945,,
11775,0.021497901529073715,,4535.727404356003,945.3811666965485,,
11776,0.022963421419262886,,4536.108028173447,945.4585456848145,,
11777,0.023871438577771187,,4536.489104509354,945.5359210968018,,
11778,0.02014191448688507,,4536.869772434235,945.6132972240448,,
11779,0.020428745076060295,,4537.250200033188,945.6906642913818,,
11780,0.019600285217165947,,4537.631142616272,945.7680053710938,,
11781,0.021903393790125847,,4538.0115377902985,945.8453562259674,,
11782,0.026610441505908966,,4538.392169475555,945.9227197170258,,
11783,0.02527259662747383,,4538.7732400894165,946.0000836849213,,
11784,0.026306606829166412,,4539.153621435165,946.0774550437927,,
11785,0.023118913173675537,,4539.53413772583,946.1548430919647,,
11786,0.019950035959482193,,4539.915496349335,946.232203245163,,
11787,0.018173784017562866,,4540.2958290576935,946.3096034526825,,
11788,0.019312625750899315,,4540.6760585308075,946.3869869709015,,
11789,0.021485496312379837,,4541.057243585587,946.4643380641937,,
11790,0.021087659522891045,,4541.437717437744,946.5416839122772,,
11791,0.01804983615875244,,4541.818503141403,946.6190688610077,,
11792,0.019367748871445656,,4542.1997101306915,946.6964230537415,,
11793,0.022905142977833748,,4542.580006361008,946.7737658023834,,
11794,0.02362392283976078,,4542.960478067398,946.8510928153992,,
11795,0.023721128702163696,,4543.341478586197,946.9284529685974,,
11796,0.021939530968666077,,4543.722000837326,947.0058012008667,,
11797,0.02378488890826702,,4544.1023478508,947.0831730365753,,
11798,0.02026095613837242,,4544.483530759811,947.1605038642883,,
11799,0.01905917003750801,,4544.864048719406,947.2378656864166,,
11800,0.020542379468679428,,4545.24476480484,947.3152282238007,,
11801,0.02130795828998089,,4545.625691413879,947.3925545215607,,
11802,0.01928062178194523,,4546.006149053574,947.4698860645294,,
11803,0.01948818936944008,,4546.386915206909,947.5472328662872,,
11804,0.01979087106883526,,4546.7679669857025,947.6245994567871,,
11805,0.018824711441993713,,4547.148446559906,947.7020773887634,,
11806,0.01913120411336422,,4547.529011964798,947.7794528007507,,
11807,0.02015211060643196,,4547.910112857819,947.8568022251129,,
11808,0.01916612684726715,,4548.290575742722,947.9341237545013,,
11809,0.01810089312493801,,4548.671326160431,948.0115127563477,,
11810,0.01816580258309841,,4549.053149461746,948.0888702869415,,
11811,0.019362622871994972,,4549.433687210083,948.1662220954895,,
11812,0.018121464177966118,,4549.814437866211,948.2435953617096,,
11813,0.01775379292666912,,4550.195730209351,948.32102227211,,
11814,0.019074605777859688,,4550.576503753662,948.3984644412994,,
11815,0.018030352890491486,,4550.95685005188,948.4758455753326,,
11816,0.017096463590860367,,4551.337948322296,948.5532252788544,,
11817,0.016940388828516006,,4551.7183175086975,948.6305882930756,,
11818,0.018476175144314766,,4552.098901748657,948.7079632282257,,
11819,0.01713688112795353,,4552.707476854324,948.7853214740753,,
11820,0.018505137413740158,,4553.088030576706,948.8626894950867,,
11821,0.01807330548763275,,4553.4689519405365,948.9400477409363,,
11822,0.017861658707261086,,4553.849531412125,949.0174343585968,,
11823,0.016266951337456703,,4554.229958534241,949.0947976112366,,
11824,0.016908099874854088,,4554.611007452011,949.1721844673157,,
11825,0.017422055825591087,,4554.991538524628,949.2495379447937,,
11826,0.01786736585199833,,4555.372227430344,949.3268847465515,,
11827,0.018663309514522552,,4555.753306627274,949.4042508602142,,
11828,0.017446080222725868,,4556.133942127228,949.4816334247589,,
11829,0.017309855669736862,,4556.514557123184,949.5590074062347,,
11830,0.018316444009542465,,4556.895496606827,949.6363799571991,,
11831,0.01934850588440895,,4557.276515245438,949.7137250900269,,
11832,0.01732955314218998,,4557.656900167465,949.7910947799683,,
11833,0.019912177696824074,,4558.037899255753,949.8684639930725,,
11834,0.018881147727370262,,4558.4185218811035,949.9458138942719,,
11835,0.01904049701988697,,4558.799044370651,950.0231881141663,,
11836,0.018655532971024513,,4559.179883718491,950.1005918979645,,
11837,0.022175326943397522,,4559.5604412555695,950.1779396533966,,
11838,0.021369101479649544,,4559.940907716751,950.2552719116211,,
11839,0.019336894154548645,,4560.321912527084,950.3326299190521,,
11840,0.01928097754716873,,4560.702203273773,950.4099764823914,,
11841,0.018414488062262535,,4561.082962989807,950.4873342514038,,
11842,0.01829622872173786,,4561.4637150764465,950.564772605896,,
11843,0.018115947023034096,,4561.8436913490295,950.6421301364899,,
11844,0.019647086039185524,,4562.22434425354,950.7194604873657,,
11845,0.019275369122624397,,4562.605231046677,950.7968370914459,,
11846,0.018143856897950172,,4562.985564231873,950.8742022514343,,
11847,0.018796229735016823,,4563.365826368332,950.9515607357025,,
11848,0.01891096867620945,,4563.746715545654,951.0289180278778,,
11849,0.01888706348836422,,4564.127108335495,951.1062874794006,,
11850,0.018175866454839706,,4564.5072910785675,951.1836750507355,,
11851,0.018625816330313683,,4564.888140916824,951.2610440254211,,
11852,0.02211378701031208,,4565.268655538559,951.3384184837341,,
11853,0.023485993966460228,,4565.648997545242,951.4157876968384,,
11854,0.020336123183369637,,4566.029762029648,951.4931659698486,,
11855,0.019274091348052025,,4566.409916162491,951.5705199241638,,
11856,0.023052487522363663,,4566.790297031403,951.6478834152222,,
11857,0.026424746960401535,,4567.171145439148,951.7252395153046,,
11858,0.02418006956577301,,4567.551714420319,951.8025839328766,,
11859,0.028244176879525185,,4567.932040452957,951.8799200057983,,
11860,0.024112267419695854,,4568.313155174255,951.9572529792786,,
11861,0.02024804800748825,,4568.693929433823,952.0345940589905,,
11862,0.01966729573905468,,4569.074494838715,952.1119515895844,,
11863,0.02003091759979725,,4569.455444574356,952.1893174648285,,
11864,0.01995576173067093,,4569.835781574249,952.2666802406311,,
11865,0.01971798576414585,,4570.216229200363,952.3440566062927,,
11866,0.01908787712454796,,4570.597244977951,952.42143034935,,
11867,0.019154315814375877,,4570.977562189102,952.4988148212433,,
11868,0.019055625423789024,,4571.358071088791,952.5761940479279,,
11869,0.018858641386032104,,4571.739284038544,952.6535639762878,,
11870,0.01996803656220436,,4572.119929075241,952.7309474945068,,
11871,0.01881329156458378,,4572.500389099121,952.8082966804504,,
11872,0.018634043633937836,,4573.1088950634,952.8857033252716,,
11873,0.017782332375645638,,4573.489740371704,952.963130235672,,
11874,0.018319588154554367,,4573.87064743042,953.0405597686768,,
11875,0.02031208947300911,,4574.250974416733,953.117954492569,,
11876,0.018453553318977356,,4574.631338357925,953.1953589916229,,
11877,0.018730403855443,,4575.012290239334,953.2727315425873,,
11878,0.01944051682949066,,4575.392850399017,953.3501250743866,,
11879,0.02134080044925213,,4575.773225307465,953.4275121688843,,
11880,0.02124362252652645,,4576.154334783554,953.5048923492432,,
11881,0.0196913443505764,,4576.534905195236,953.5822644233704,,
11882,0.01707889884710312,,4576.915190935135,953.659646987915,,
11883,0.0205844659358263,,4577.29612159729,953.7370128631592,,
11884,0.02135760709643364,,4577.676641464233,953.8144207000732,,
11885,0.023449433967471123,,4578.057538032532,953.8918097019196,,
11886,0.020128542557358742,,4578.438023328781,953.9691631793976,,
11887,0.020395789295434952,,4578.818337440491,954.0465199947357,,
11888,0.02034802734851837,,4579.198895931244,954.1239442825317,,
11889,0.022725358605384827,,4579.580032348633,954.2012946605682,,
11890,0.021446488797664642,,4579.960340976715,954.2786889076233,,
11891,0.019786259159445763,,4580.340589523315,954.3560736179352,,
11892,0.01930779591202736,,4580.721481561661,954.4334714412689,,
11893,0.018131611868739128,,4581.102188587189,954.5108432769775,,
11894,0.01874980889260769,,4581.482878446579,954.5882134437561,,
11895,0.020304320380091667,,4581.863924980164,954.6656095981598,,
11896,0.01887649856507778,,4582.244675397873,954.7429976463318,,
11897,0.020707543939352036,,4582.624961853027,954.8203687667847,,
11898,0.020928898826241493,,4583.005699634552,954.8977465629578,,
11899,0.02006334625184536,,4583.385994672775,954.9751305580139,,
11900,0.0214086826890707,,4583.766630649567,955.0525069236755,,
11901,0.019709913060069084,,4584.147315740585,955.1298520565033,,
11902,0.018841005861759186,,4584.527751207352,955.2072367668152,,
11903,0.020886078476905823,,4584.908097743988,955.2845981121063,,
11904,0.024914691224694252,,4585.28905081749,955.3619718551636,,
11905,0.021939780563116074,,4585.669413089752,955.4393401145935,,
11906,0.018686147406697273,,4586.049973487854,955.5167343616486,,
11907,0.01954781822860241,,4586.430718660355,955.59406208992,,
11908,0.020780107006430626,,4586.811353445053,955.6714465618134,,
11909,0.021658945828676224,,4587.191710472107,955.7488062381744,,
11910,0.020735090598464012,,4587.572577238083,955.8261744976044,,
11911,0.019611183553934097,,4587.952870845795,955.9035756587982,,
11912,0.018670398741960526,,4588.333127260208,955.980947971344,,
11913,0.018897410482168198,,4588.7141289711,956.0583250522614,,
11914,0.01979944482445717,,4589.0945637226105,956.1356916427612,,
11915,0.025265131145715714,,4589.475492238998,956.2130599021912,,
11916,0.021674711257219315,,4589.85643196106,956.2904419898987,,
11917,0.021035490557551384,,4590.236924648285,956.3678030967712,,
11918,0.022637933492660522,,4590.617185115814,956.4451904296875,,
11919,0.01784931868314743,,4590.998136043549,956.5225377082825,,
11920,0.017212318256497383,,4591.378672122955,956.5999248027802,,
11921,0.019820764660835266,,4591.759096622467,956.6772954463959,,
11922,0.01833782158792019,,4592.140227556229,956.7547233104706,,
11923,0.01864994317293167,,4592.520585536957,956.8320879936218,,
11924,0.01748219132423401,,4592.900985479355,956.9094662666321,,
11925,0.01705119013786316,,4593.509529352188,956.9868438243866,,
11926,0.017390483990311623,,4593.890149593353,957.0642263889313,,
11927,0.01833074353635311,,4594.2708950042725,957.1415779590607,,
11928,0.018489019945263863,,4594.65153670311,957.2189304828644,,
11929,0.021058769896626472,,4595.031895399094,957.296308517456,,
11930,0.017673294991254807,,4595.413590192795,957.3736937046051,,
11931,0.019509851932525635,,4595.794100761414,957.451060295105,,
11932,0.020405516028404236,,4596.174430608749,957.5284428596497,,
11933,0.019109079614281654,,4596.555326461792,957.6058320999146,,
11934,0.019862638786435127,,4596.935755729675,957.6832091808319,,
11935,0.018991416320204735,,4597.316132068634,957.7605957984924,,
11936,0.017273850739002228,,4597.69730091095,957.8379471302032,,
11937,0.01853070594370365,,4598.078050613403,957.9153120517731,,
11938,0.01943015865981579,,4598.458629608154,957.9927053451538,,
11939,0.021951213479042053,,4598.8393614292145,958.0700602531433,,
11940,0.02136487327516079,,4599.21981549263,958.1473937034607,,
11941,0.02154812403023243,,4599.600298404694,958.2247493267059,,
11942,0.019827019423246384,,4599.981317043304,958.3021500110626,,
11943,0.017849352210760117,,4600.362054109573,958.3795576095581,,
11944,0.0187558401376009,,4600.7423396110535,958.4569115638733,,
11945,0.017134759575128555,,4601.123375415802,958.5342991352081,,
11946,0.01712617836892605,,4601.50394320488,958.6116809844971,,
11947,0.016930215060710907,,4601.884574174881,958.6890432834625,,
11948,0.017124049365520477,,4602.26557469368,958.7663791179657,,
11949,0.01666015386581421,,4602.646073102951,958.8437657356262,,
11950,0.017490636557340622,,4603.026523351669,958.921130657196,,
11951,0.01707991398870945,,4603.407437324524,958.998523235321,,
11952,0.017615461722016335,,4603.78817486763,959.0759346485138,,
11953,0.0186222642660141,,4604.168822050095,959.1533088684082,,
11954,0.01792108081281185,,4604.550209283829,959.230678319931,,
11955,0.019014734774827957,,4604.931120157242,959.3080627918243,,
11956,0.019364114850759506,,4605.311465501785,959.3854677677155,,
11957,0.01886046677827835,,4605.692710638046,959.4628300666809,,
11958,0.018376054242253304,,4606.073008298874,959.5401837825775,,
11959,0.017635809257626534,,4606.453715324402,959.6175429821014,,
11960,0.01882191374897957,,4606.83461022377,959.6950273513794,,
11961,0.017058221623301506,,4607.214728593826,959.7724058628082,,
11962,0.017789779230952263,,4607.5952570438385,959.8497896194458,,
11963,0.019789567217230797,,4607.976059913635,959.9271416664124,,
11964,0.019268522039055824,,4608.356741905212,960.0045192241669,,
11965,0.017885355278849602,,4608.738574504852,960.0818777084351,,
11966,0.018363822251558304,,4609.119568347931,960.1592280864716,,
11967,0.019116535782814026,,4609.500136137009,960.236575126648,,
11968,0.018991833552718163,,4609.880521774292,960.3139200210571,,
11969,0.018477030098438263,,4610.261356830597,960.391265630722,,
11970,0.01918593794107437,,4610.641755104065,960.4686155319214,,
11971,0.020635489374399185,,4611.022176742554,960.5459682941437,,
11972,0.020046958699822426,,4611.403046131134,960.6233093738556,,
11973,0.02097282186150551,,4611.7832815647125,960.7006886005402,,
11974,0.019745685160160065,,4612.163705587387,960.7780406475067,,
11975,0.01658165082335472,,4612.544430017471,960.8553569316864,,
11976,0.01671721413731575,,4612.92496919632,960.9326813220978,,
11977,0.018905630335211754,,4613.306378602982,961.0100841522217,,
11978,0.020506976172327995,,4613.915159463882,961.0874900817871,,
11979,0.01906104013323784,,4614.295368671417,961.1648223400116,,
11980,0.01923850178718567,,4614.676238059998,961.2421834468842,,
11981,0.021662872284650803,,4615.056663751602,961.319554567337,,
11982,0.020118847489356995,,4615.436824798584,961.3969097137451,,
11983,0.02234656922519207,,4615.817519426346,961.4742858409882,,
11984,0.01906740851700306,,4616.197923183441,961.5516564846039,,
11985,0.018436918035149574,,4616.578045368195,961.6290264129639,,
11986,0.017438802868127823,,4616.9588577747345,961.7063910961151,,
11987,0.017408035695552826,,4617.339102745056,961.7837867736816,,
11988,0.018217379227280617,,4617.719473838806,961.8611295223236,,
11989,0.01989670656621456,,4618.100350379944,961.9384734630585,,
11990,0.022102776914834976,,4618.480599403381,962.0158545970917,,
11991,0.017960309982299805,,4618.860641479492,962.0931899547577,,
11992,0.02089226059615612,,4619.241059303284,962.1705405712128,,
11993,0.01906673051416874,,4619.621288061142,962.247878074646,,
11994,0.017959728837013245,,4620.001622438431,962.3252129554749,,
11995,0.0183190256357193,,4620.382977485657,962.4025897979736,,
11996,0.018534453585743904,,4620.763412475586,962.4799482822418,,
11997,0.01988491602241993,,4621.143661260605,962.557296037674,,
11998,0.020483337342739105,,4621.524406671524,962.63467669487,,
11999,0.020239872857928276,,4621.905512094498,962.7120494842529,,
12000,0.017753977328538895,0.022144054993987083,4622.2859218120575,964.2001032829285,0.015253746882081032,0.03529772162437439
