it,rel_l1err,rc,rt_solve,rt_log
0,0.6087223291397095,,1.8999998569488525,1.3950562477111816
1,0.4318351149559021,,2.3065834045410156,1.3987717628479004
2,0.30538424849510193,,2.709625482559204,1.4025049209594727
3,0.2503536343574524,,3.1090619564056396,1.4063172340393066
4,0.2138441950082779,,3.510551691055298,1.4100234508514404
5,0.18678253889083862,,3.910550832748413,1.413719892501831
6,0.16163639724254608,,4.311216354370117,1.4174129962921143
7,0.1440672129392624,,4.7119081020355225,1.4211082458496094
8,0.13195092976093292,,5.111875772476196,1.4248170852661133
9,0.1297561079263687,,5.510591268539429,1.4285330772399902
10,0.1260872334241867,,5.911405801773071,1.4325129985809326
11,0.12473197281360626,,6.310804605484009,1.436274528503418
12,0.12449315935373306,,6.711061000823975,1.4399676322937012
13,0.1209358274936676,,7.111413478851318,1.443673849105835
14,0.12030047923326492,,7.511811971664429,1.4473705291748047
15,0.1207490861415863,,7.910146713256836,1.4511034488677979
16,0.11181974411010742,,8.310147285461426,1.454829454421997
17,0.10967382788658142,,8.70945930480957,1.4585330486297607
18,0.11887788027524948,,9.10964322090149,1.4622294902801514
19,0.11183144897222519,,9.509608745574951,1.4659311771392822
20,0.12071683257818222,,9.909440994262695,1.4696331024169922
21,0.10970912128686905,,10.308736085891724,1.4733266830444336
22,0.10649743676185608,,10.708571910858154,1.4770357608795166
23,0.11892568320035934,,11.108052730560303,1.4807226657867432
24,0.11690668016672134,,11.508011817932129,1.484419822692871
25,0.11459846049547195,,11.912715911865234,1.4881157875061035
26,0.10741406679153442,,12.312812566757202,1.4918136596679688
27,0.10726930946111679,,12.712321043014526,1.49550461769104
28,0.09666932374238968,,13.111978769302368,1.4992132186889648
29,0.10855240374803543,,13.512290000915527,1.5029006004333496
30,0.09792163223028183,,13.913080215454102,1.5065977573394775
31,0.10275915265083313,,14.315017700195312,1.510298252105713
32,0.10076022148132324,,14.714681386947632,1.5139915943145752
33,0.10206945240497589,,15.114563941955566,1.5177013874053955
34,0.09515482187271118,,15.517374515533447,1.5214531421661377
35,0.08300299197435379,,15.916714191436768,1.5251471996307373
36,0.08329103142023087,,16.317341566085815,1.5288364887237549
37,0.08395352959632874,,16.724209785461426,1.532538890838623
38,0.08647260814905167,,17.124053716659546,1.5362308025360107
39,0.0783785954117775,,17.524569511413574,1.5399348735809326
40,0.07633349299430847,,17.92347240447998,1.5436549186706543
41,0.09352965652942657,,18.324553728103638,1.5473816394805908
42,0.07218567281961441,,18.723400115966797,1.5510685443878174
43,0.055340997874736786,,19.123934745788574,1.554767370223999
44,0.06608669459819794,,19.523439168930054,1.5584676265716553
45,0.08466026932001114,,19.92412805557251,1.5621733665466309
46,0.07117825001478195,,20.323200464248657,1.5658750534057617
47,0.07044431567192078,,20.723748445510864,1.5695900917053223
48,0.07136957347393036,,21.123374938964844,1.5732877254486084
49,0.07275217771530151,,21.525208950042725,1.5769801139831543
50,0.072114959359169,,21.925264358520508,1.5806808471679688
51,0.06406383216381073,,22.325228929519653,1.5843687057495117
52,0.06026667356491089,,22.723974227905273,1.5880672931671143
53,0.05474042892456055,,23.387486219406128,1.5917551517486572
54,0.0548088513314724,,23.788844347000122,1.5954530239105225
55,0.054785918444395065,,24.189069986343384,1.5991497039794922
56,0.058675725013017654,,24.588241577148438,1.6028506755828857
57,0.05182232707738876,,24.98822855949402,1.606541395187378
58,0.04896420240402222,,25.38920307159424,1.6102380752563477
59,0.05340518057346344,,25.79142713546753,1.61393404006958
60,0.050307415425777435,,26.192293167114258,1.6176362037658691
61,0.05907971039414406,,26.592130184173584,1.6213479042053223
62,0.05072968080639839,,26.99152159690857,1.625131607055664
63,0.05516466125845909,,27.39261269569397,1.6289393901824951
64,0.05699644610285759,,27.792317152023315,1.6326422691345215
65,0.05551552027463913,,28.192322731018066,1.6363372802734375
66,0.06036734953522682,,28.592670917510986,1.6400349140167236
67,0.043305281549692154,,28.99348735809326,1.6437511444091797
68,0.04683888703584671,,29.392176389694214,1.6474578380584717
69,0.052561383694410324,,29.792811155319214,1.6511757373809814
70,0.0497385635972023,,30.19210958480835,1.654872179031372
71,0.050689104944467545,,30.592471837997437,1.6585700511932373
72,0.04500025510787964,,30.992260932922363,1.6622734069824219
73,0.047607045620679855,,31.39320707321167,1.6659796237945557
74,0.045267075300216675,,31.791529178619385,1.6697027683258057
75,0.045419611036777496,,32.19183087348938,1.6734035015106201
76,0.04540521278977394,,32.59158182144165,1.677107572555542
77,0.03911147266626358,,32.99245500564575,1.6808104515075684
78,0.04331690073013306,,33.39273428916931,1.6845221519470215
79,0.041586946696043015,,33.792949199676514,1.6882102489471436
80,0.046109218150377274,,34.19243788719177,1.691913366317749
81,0.04203789308667183,,34.592549324035645,1.6956112384796143
82,0.048221997916698456,,34.99208211898804,1.6993086338043213
83,0.03624723106622696,,35.39220333099365,1.7030084133148193
84,0.038691196590662,,35.79212927818298,1.7067062854766846
85,0.05186467245221138,,36.19266319274902,1.7104017734527588
86,0.04928668588399887,,36.59236264228821,1.7141120433807373
87,0.04948831722140312,,36.9926815032959,1.7178239822387695
88,0.04765713959932327,,37.39182376861572,1.721529483795166
89,0.04014304280281067,,37.79226589202881,1.7252273559570312
90,0.0542842335999012,,38.191941022872925,1.7289352416992188
91,0.04070452228188515,,38.591994762420654,1.7326312065124512
92,0.042764026671648026,,38.990737199783325,1.7363293170928955
93,0.04972212016582489,,39.391361951828,1.7400305271148682
94,0.04047408327460289,,39.79099988937378,1.7437188625335693
95,0.04472120851278305,,40.191226959228516,1.7474124431610107
96,0.04438995569944382,,40.59275817871094,1.7511069774627686
97,0.040126923471689224,,40.99441862106323,1.7548081874847412
98,0.03998079150915146,,41.39442992210388,1.7585270404815674
99,0.04181235656142235,,41.79378628730774,1.7622392177581787
100,0.046334248036146164,,42.19462561607361,1.7659616470336914
101,0.03807424008846283,,42.59351563453674,1.7696607112884521
102,0.043440479785203934,,42.99462032318115,1.773362636566162
103,0.04332464188337326,,43.39595985412598,1.7770600318908691
104,0.04138035327196121,,43.795440673828125,1.7807583808898926
105,0.04467906802892685,,44.1950900554657,1.7844529151916504
106,0.04436221718788147,,44.85762643814087,1.7881622314453125
107,0.042475536465644836,,45.2584125995636,1.79185152053833
108,0.041568201035261154,,45.6582305431366,1.7955589294433594
109,0.03832213580608368,,46.05806374549866,1.7992758750915527
110,0.040881238877773285,,46.4584641456604,1.8029749393463135
111,0.0411260761320591,,46.858882904052734,1.8066706657409668
112,0.035422828048467636,,47.25958466529846,1.8103687763214111
113,0.035801760852336884,,47.65967011451721,1.814070224761963
114,0.038644563406705856,,48.05986166000366,1.8179709911346436
115,0.03943668678402901,,48.46005058288574,1.8216781616210938
116,0.039033424109220505,,48.86037850379944,1.8253872394561768
117,0.0362883135676384,,49.26061820983887,1.8290951251983643
118,0.044500526040792465,,49.66278648376465,1.832794427871704
119,0.04695621132850647,,50.063133239746094,1.8364872932434082
120,0.04980611801147461,,50.464173555374146,1.8401978015899658
121,0.049479346722364426,,50.863232374191284,1.8441188335418701
122,0.04701574519276619,,51.26460933685303,1.847902536392212
123,0.052703555673360825,,51.66388297080994,1.8515982627868652
124,0.03973840922117233,,52.06414031982422,1.855288028717041
125,0.039022549986839294,,52.464446783065796,1.8589839935302734
126,0.04312509298324585,,52.8647358417511,1.8626785278320312
127,0.04745210334658623,,53.263314723968506,1.8663983345031738
128,0.039891839027404785,,53.663739919662476,1.8701181411743164
129,0.041036780923604965,,54.06414747238159,1.8738079071044922
130,0.04267248883843422,,54.46492671966553,1.877514362335205
131,0.04795084148645401,,54.864726066589355,1.881206750869751
132,0.049659036099910736,,55.265547037124634,1.884918212890625
133,0.043294746428728104,,55.665098905563354,1.8886308670043945
134,0.04511342942714691,,56.0656852722168,1.892336130142212
135,0.04397336021065712,,56.464810848236084,1.8960292339324951
136,0.03920140862464905,,56.86680603027344,1.8997230529785156
137,0.03689275681972504,,57.26720595359802,1.9034128189086914
138,0.04469240456819534,,57.667250633239746,1.907104253768921
139,0.046142369508743286,,58.0679452419281,1.9108052253723145
140,0.05063076317310333,,58.46848177909851,1.91451096534729
141,0.04198574647307396,,58.86795258522034,1.9182143211364746
142,0.048897165805101395,,59.268717765808105,1.9219143390655518
143,0.05129062756896019,,59.669172286987305,1.9256134033203125
144,0.05409296602010727,,60.06978511810303,1.9293248653411865
145,0.0583319328725338,,60.4717218875885,1.9330182075500488
146,0.05619324743747711,,60.87205672264099,1.9367094039916992
147,0.0563516728579998,,61.27409219741821,1.9404058456420898
148,0.05990813672542572,,61.675076484680176,1.9441046714782715
149,0.05599161610007286,,62.07796907424927,1.9478120803833008
150,0.05639227107167244,,62.47757005691528,1.9515132904052734
151,0.054212916642427444,,62.87772274017334,1.9552257061004639
152,0.04977092146873474,,63.27780890464783,1.9589769840240479
153,0.052932318300008774,,63.67727732658386,1.9626719951629639
154,0.050511498004198074,,64.07714176177979,1.9663622379302979
155,0.054452214390039444,,64.47717475891113,1.9700560569763184
156,0.0534169040620327,,64.87718343734741,1.9737648963928223
157,0.0526311993598938,,65.27740955352783,1.9774816036224365
158,0.05030262842774391,,65.67736291885376,1.9812285900115967
159,0.04767433926463127,,66.34006261825562,1.9849350452423096
160,0.049712277948856354,,66.74125695228577,1.9886341094970703
161,0.05299336463212967,,67.1410710811615,1.992337703704834
162,0.049858611077070236,,67.54073596000671,1.9960389137268066
163,0.05727861449122429,,67.94029307365417,1.9997470378875732
164,0.06433745473623276,,68.34063577651978,2.0034377574920654
165,0.06757596135139465,,68.74072074890137,2.0071399211883545
166,0.07435937225818634,,69.14119172096252,2.0108354091644287
167,0.08256859332323074,,69.54127478599548,2.014535665512085
168,0.09665390104055405,,69.94066619873047,2.0182290077209473
169,0.09746041148900986,,70.34035420417786,2.0219476222991943
170,0.09142591804265976,,70.74199414253235,2.0256571769714355
171,0.08992809802293777,,71.14188385009766,2.0293633937835693
172,0.09812290966510773,,71.54274940490723,2.0330607891082764
173,0.10242916643619537,,71.94255709648132,2.036757230758667
174,0.10237155109643936,,72.34224462509155,2.040447235107422
175,0.1052519828081131,,72.7423346042633,2.0441462993621826
176,0.11014871299266815,,73.14194798469543,2.0478498935699463
177,0.11904924362897873,,73.54417824745178,2.0515551567077637
178,0.12805059552192688,,73.94502544403076,2.0552420616149902
179,0.1361590027809143,,74.34485864639282,2.058952569961548
180,0.14831441640853882,,74.74515414237976,2.062760829925537
181,0.16003777086734772,,75.14565873146057,2.066459894180298
182,0.17348936200141907,,75.54830145835876,2.0701661109924316
183,0.18322522938251495,,75.94942498207092,2.073869228363037
184,0.1909879744052887,,76.34981870651245,2.0775654315948486
185,0.19947083294391632,,76.75064492225647,2.081266403198242
186,0.20680154860019684,,77.14877843856812,2.084977626800537
187,0.2145930975675583,,77.54916954040527,2.0886998176574707
188,0.22365206480026245,,77.94869256019592,2.0923948287963867
189,0.23599469661712646,,78.3487184047699,2.096097946166992
190,0.24551451206207275,,78.74890351295471,2.0997908115386963
191,0.2488558292388916,,79.1495349407196,2.1034936904907227
192,0.2536085247993469,,79.54915761947632,2.10719895362854
193,0.25294601917266846,,79.95003771781921,2.1109094619750977
194,0.25543758273124695,,80.35042452812195,2.114603281021118
195,0.2516786456108093,,80.7504551410675,2.118300676345825
196,0.25015202164649963,,81.15038871765137,2.1219894886016846
197,0.24796289205551147,,81.55128479003906,2.1256942749023438
198,0.25039684772491455,,81.95048999786377,2.1293928623199463
199,0.250526487827301,,82.35155248641968,2.13310170173645
200,0.24586017429828644,,82.75115394592285,2.13680100440979
201,0.2476172298192978,,83.15169477462769,2.1404967308044434
202,0.25061288475990295,,83.55256843566895,2.1441855430603027
203,0.2539829909801483,,83.95291900634766,2.1478793621063232
204,0.25807318091392517,,84.35280418395996,2.151577949523926
205,0.2598590552806854,,84.7532389163971,2.1552884578704834
206,0.26147210597991943,,85.15350246429443,2.1589832305908203
207,0.2611696720123291,,85.55327820777893,2.1626784801483154
208,0.26321476697921753,,85.9552173614502,2.1663818359375
209,0.2628547251224518,,86.35520434379578,2.1700847148895264
210,0.26233622431755066,,86.75540900230408,2.173802614212036
211,0.2649718225002289,,87.1547782421112,2.1775460243225098
212,0.26625362038612366,,87.8182909488678,2.1812527179718018
213,0.2679530680179596,,88.21869993209839,2.184937000274658
214,0.26877400279045105,,88.61797785758972,2.188631296157837
215,0.2730514407157898,,89.01819181442261,2.192336320877075
216,0.27580222487449646,,89.41792798042297,2.1960246562957764
217,0.27882668375968933,,89.81821703910828,2.199711799621582
218,0.28548046946525574,,90.21797800064087,2.203402519226074
219,0.2942369878292084,,90.61774277687073,2.2070939540863037
220,0.29881688952445984,,91.01766991615295,2.2107884883880615
221,0.31010815501213074,,91.41751146316528,2.2144978046417236
222,0.3278515934944153,,91.81802177429199,2.218186616897583
223,0.3250719904899597,,92.21929121017456,2.221877336502075
224,0.3175252676010132,,92.61932182312012,2.225572347640991
225,0.3057011067867279,,93.0195951461792,2.2292656898498535
226,0.2966853380203247,,93.41901111602783,2.2329609394073486
227,0.28892260789871216,,93.81893277168274,2.2366511821746826
228,0.28320494294166565,,94.21911263465881,2.2403478622436523
229,0.27853864431381226,,94.61983799934387,2.244044780731201
230,0.27791935205459595,,95.02005791664124,2.247743606567383
231,0.27685362100601196,,95.42062067985535,2.2514331340789795
232,0.2760326862335205,,95.82158041000366,2.2554407119750977
233,0.2755718231201172,,96.22269487380981,2.2591445446014404
234,0.2768104076385498,,96.62266039848328,2.262834072113037
235,0.27770331501960754,,97.02250218391418,2.2665281295776367
236,0.2772424519062042,,97.42220306396484,2.270230770111084
237,0.2781786024570465,,97.82337927818298,2.2739341259002686
238,0.27993565797805786,,98.22429180145264,2.27765154838562
239,0.2824992537498474,,98.62256717681885,2.2813758850097656
240,0.28382423520088196,,99.02503728866577,2.2851366996765137
241,0.2854948937892914,,99.42406821250916,2.288832187652588
242,0.28680548071861267,,99.82451581954956,2.292529582977295
243,0.28995954990386963,,100.22479391098022,2.296218156814575
244,0.2948562800884247,,100.62500405311584,2.299907922744751
245,0.3021581768989563,,101.02306771278381,2.303614616394043
246,0.30910003185272217,,101.4244818687439,2.3073225021362305
247,0.31510570645332336,,101.82392144203186,2.3110153675079346
248,0.32157227396965027,,102.22423005104065,2.314723491668701
249,0.32766440510749817,,102.62423729896545,2.31841778755188
250,0.31856220960617065,,103.02469515800476,2.322118043899536
251,0.30879756808280945,,103.42403411865234,2.3258180618286133
252,0.298917680978775,,103.82408928871155,2.3295137882232666
253,0.2949138879776001,,104.22421216964722,2.333204984664917
254,0.29050683975219727,,104.62438893318176,2.336914300918579
255,0.28921064734458923,,105.02456712722778,2.3406083583831787
256,0.28604215383529663,,105.42465114593506,2.3443048000335693
257,0.2925519347190857,,105.82433533668518,2.3479971885681152
258,0.2930128276348114,,106.22483801841736,2.3516957759857178
259,0.29343047738075256,,106.62507796287537,2.3553926944732666
260,0.29487067461013794,,107.02568697929382,2.3590943813323975
261,0.2987736761569977,,107.42706537246704,2.362797498703003
262,0.2995370030403137,,107.82683205604553,2.366499423980713
263,0.29772230982780457,,108.2284734249115,2.370307683944702
264,0.2969014048576355,,108.62806510925293,2.3740954399108887
265,0.29651254415512085,,109.29240703582764,2.3777897357940674
266,0.29613807797431946,,109.69287586212158,2.3814854621887207
267,0.2969878017902374,,110.09158372879028,2.3851871490478516
268,0.29890328645706177,,110.49188661575317,2.388918876647949
269,0.29946497082710266,,110.89215159416199,2.392616033554077
270,0.3001994788646698,,111.29280424118042,2.3963115215301514
271,0.3017837107181549,,111.69180846214294,2.400012731552124
272,0.30777502059936523,,112.09204125404358,2.4037184715270996
273,0.3069396913051605,,112.49082231521606,2.407416343688965
274,0.307285338640213,,112.89121317863464,2.4111216068267822
275,0.31107309460639954,,113.29158425331116,2.4148178100585938
276,0.313507080078125,,113.69194459915161,2.418518304824829
277,0.31352147459983826,,114.09243059158325,2.4222264289855957
278,0.3151201009750366,,114.49282670021057,2.425926685333252
279,0.3164882957935333,,114.89214634895325,2.429642677307129
280,0.31072744727134705,,115.29215693473816,2.4333510398864746
281,0.3064500093460083,,115.69173336029053,2.437055826187134
282,0.3050529956817627,,116.09229969978333,2.44075345993042
283,0.30208614468574524,,116.49194240570068,2.444448709487915
284,0.2998250424861908,,116.89279913902283,2.448138952255249
285,0.2991481423377991,,117.29208946228027,2.451845407485962
286,0.302460640668869,,117.69301104545593,2.4555463790893555
287,0.3045921325683594,,118.09246802330017,2.459240674972534
288,0.3024318218231201,,118.49277901649475,2.4629342555999756
289,0.30182692408561707,,118.89330840110779,2.4666335582733154
290,0.30220139026641846,,119.29302859306335,2.4703330993652344
291,0.30356958508491516,,119.69365072250366,2.4740326404571533
292,0.3029646873474121,,120.09382200241089,2.4777305126190186
293,0.30303671956062317,,120.49520921707153,2.481426954269409
294,0.30456334352493286,,120.89543747901917,2.4851250648498535
295,0.305672287940979,,121.29611468315125,2.488823413848877
296,0.3110874891281128,,121.69651556015015,2.4925284385681152
297,0.3142271935939789,,122.0967903137207,2.496230363845825
298,0.31529292464256287,,122.4973373413086,2.499941349029541
299,0.3163011074066162,,122.89768147468567,2.5036544799804688
300,0.3087831735610962,,123.2974226474762,2.507352590560913
301,0.30871114134788513,,123.69871735572815,2.511073112487793
302,0.3084663152694702,,124.09901905059814,2.5147762298583984
303,0.3069108724594116,,124.4984335899353,2.5184848308563232
304,0.3057875335216522,,124.8978579044342,2.522264003753662
305,0.3073429465293884,,125.29778528213501,2.526319980621338
306,0.30727094411849976,,125.69711422920227,2.5300257205963135
307,0.30898478627204895,,126.09780621528625,2.5337142944335938
308,0.3063924014568329,,126.49874496459961,2.537411689758301
309,0.30848070979118347,,126.89905023574829,2.54111909866333
310,0.305139422416687,,127.29786610603333,2.544837236404419
311,0.3083078861236572,,127.6994116306305,2.5486624240875244
312,0.30477938055992126,,128.10021424293518,2.552368402481079
313,0.30367040634155273,,128.50057244300842,2.556053876876831
314,0.30678126215934753,,128.90027976036072,2.5597615242004395
315,0.3108570873737335,,129.30063438415527,2.5634572505950928
316,0.317640483379364,,129.69994950294495,2.5671730041503906
317,0.31738126277923584,,130.10077261924744,2.5708985328674316
318,0.3214426636695862,,130.76647782325745,2.5745935440063477
319,0.32816845178604126,,131.1664116382599,2.57828688621521
320,0.3297383189201355,,131.566330909729,2.5819814205169678
321,0.3262529671192169,,131.9662263393402,2.5856757164001465
322,0.32347336411476135,,132.3665759563446,2.5893774032592773
323,0.31980079412460327,,132.76598644256592,2.593085765838623
324,0.31617146730422974,,133.16594552993774,2.5967750549316406
325,0.31209567189216614,,133.56665539741516,2.6004698276519775
326,0.30866795778274536,,133.96645426750183,2.6041696071624756
327,0.3132334351539612,,134.3684277534485,2.607858419418335
328,0.30901357531547546,,134.76997303962708,2.6117453575134277
329,0.3075157701969147,,135.17034792900085,2.615452527999878
330,0.3072565495967865,,135.57136249542236,2.6191534996032715
331,0.3071989119052887,,135.97346544265747,2.622986078262329
332,0.30711251497268677,,136.37299466133118,2.626676321029663
333,0.30683887004852295,,136.77400946617126,2.6303701400756836
334,0.3097769320011139,,137.1737506389618,2.6340622901916504
335,0.3131326138973236,,137.57609105110168,2.637763738632202
336,0.3192967474460602,,137.9759213924408,2.6414570808410645
337,0.32173070311546326,,138.3766987323761,2.6451659202575684
338,0.32170191407203674,,138.77600526809692,2.648958921432495
339,0.320261687040329,,139.17593216896057,2.6527953147888184
340,0.3219611346721649,,139.57603669166565,2.6566848754882812
341,0.318173348903656,,139.97663402557373,2.6603760719299316
342,0.31968557834625244,,140.376136302948,2.664083957672119
343,0.31958478689193726,,140.7759382724762,2.6677796840667725
344,0.3153073489665985,,141.1744945049286,2.6714723110198975
345,0.31550896167755127,,141.5738935470581,2.6751866340637207
346,0.3154369592666626,,141.97474217414856,2.678875684738159
347,0.3157106041908264,,142.37417364120483,2.682576894760132
348,0.3136366903781891,,142.7736372947693,2.686277151107788
349,0.3142271935939789,,143.17462515830994,2.689974784851074
350,0.31486088037490845,,143.5740225315094,2.693859338760376
351,0.3154369592666626,,143.97410941123962,2.6975598335266113
352,0.31558099389076233,,144.37358117103577,2.7012555599212646
353,0.3158978223800659,,144.77370429039001,2.7049574851989746
354,0.31504809856414795,,145.17354464530945,2.7086470127105713
355,0.31362229585647583,,145.57475996017456,2.712343215942383
356,0.31352147459983826,,145.97425413131714,2.7160444259643555
357,0.3132190406322479,,146.37471842765808,2.719764232635498
358,0.3141839802265167,,146.7753803730011,2.7234537601470947
359,0.3158402144908905,,147.17502546310425,2.7271523475646973
360,0.31389594078063965,,147.57435083389282,2.7308385372161865
361,0.3211834132671356,,147.97460293769836,2.734527826309204
362,0.3169347643852234,,148.3757438659668,2.7382330894470215
363,0.3160850405693054,,148.77511715888977,2.7419261932373047
364,0.3150625228881836,,149.17468738555908,2.745622396469116
365,0.3143135905265808,,149.57534384727478,2.749311923980713
366,0.31445762515068054,,149.97637343406677,2.7529983520507812
367,0.31647390127182007,,150.37676239013672,2.7566890716552734
368,0.3221915662288666,,150.77644062042236,2.7605319023132324
369,0.318115770816803,,151.17645955085754,2.764225482940674
370,0.31765487790107727,,151.5774781703949,2.7679152488708496
371,0.3125133216381073,,152.24270749092102,2.771609306335449
372,0.31293097138404846,,152.6428577899933,2.7753286361694336
373,0.3122972846031189,,153.04241061210632,2.7790260314941406
374,0.31352147459983826,,153.44182109832764,2.7827253341674805
375,0.3124845027923584,,153.8426592350006,2.786423444747925
376,0.31818777322769165,,154.24221658706665,2.790125846862793
377,0.32001686096191406,,154.64226031303406,2.7938196659088135
378,0.32065051794052124,,155.04184126853943,2.797513961791992
379,0.3171220123767853,,155.4416561126709,2.801210880279541
380,0.31427037715911865,,155.84109783172607,2.804912567138672
381,0.3167043626308441,,156.24169039726257,2.8086130619049072
382,0.3188214600086212,,156.64126539230347,2.8123085498809814
383,0.313823938369751,,157.0408272743225,2.816002607345581
384,0.31694918870925903,,157.44050073623657,2.8196964263916016
385,0.3130461871623993,,157.84006571769714,2.8233914375305176
386,0.3155665695667267,,158.24177074432373,2.8270740509033203
387,0.31856220960617065,,158.64329409599304,2.8307793140411377
388,0.3168051540851593,,159.04333424568176,2.8344738483428955
389,0.3178565204143524,,159.44361901283264,2.83817458152771
390,0.31756848096847534,,159.8435046672821,2.8422417640686035
391,0.32001686096191406,,160.2438404560089,2.8459432125091553
392,0.31853342056274414,,160.64326405525208,2.8496341705322266
393,0.3199160397052765,,161.04327917099,2.8533313274383545
394,0.32129862904548645,,161.44349765777588,2.85703444480896
395,0.32253724336624146,,161.84354972839355,2.8607397079467773
396,0.32180270552635193,,162.24492621421814,2.864445924758911
397,0.3225228190422058,,162.64379358291626,2.8681704998016357
398,0.3230268955230713,,163.0456793308258,2.871981143951416
399,0.31949836015701294,,163.44539070129395,2.875671863555908
400,0.31355029344558716,,163.84606385231018,2.879368782043457
401,0.30989211797714233,,164.24555492401123,2.8830602169036865
402,0.3146304488182068,,164.64719533920288,2.886763095855713
403,0.31373751163482666,,165.04565382003784,2.8904738426208496
404,0.314731240272522,,165.44557213783264,2.894200325012207
405,0.316344290971756,,165.8456699848175,2.897900342941284
406,0.31676194071769714,,166.2464747428894,2.9015920162200928
407,0.31762608885765076,,166.6459448337555,2.905283212661743
408,0.3164307177066803,,167.04619312286377,2.9089856147766113
409,0.3152785301208496,,167.44532752037048,2.9126904010772705
410,0.31539374589920044,,167.84539008140564,2.916398525238037
411,0.31395354866981506,,168.2455234527588,2.9200918674468994
412,0.31352147459983826,,168.646226644516,2.9237802028656006
413,0.3146880269050598,,169.04626750946045,2.9274895191192627
414,0.31510570645332336,,169.44690990447998,2.9311869144439697
415,0.3157249987125397,,169.846049785614,2.934886932373047
416,0.3194119334220886,,170.2453908920288,2.9385876655578613
417,0.32956546545028687,,170.6458032131195,2.9422812461853027
418,0.32773637771606445,,171.0458528995514,2.945993185043335
419,0.3337565064430237,,171.445942401886,2.949697732925415
420,0.33806994557380676,,171.84595942497253,2.9533913135528564
421,0.3376234769821167,,172.24543237686157,2.9570977687835693
422,0.33959656953811646,,172.64504432678223,2.9607994556427
423,0.34161287546157837,,173.04558086395264,2.964508056640625
424,0.33965417742729187,,173.7116985321045,2.968204975128174
425,0.3397405743598938,,174.111252784729,2.971921920776367
426,0.33099129796028137,,174.51318645477295,2.975675106048584
427,0.32671383023262024,,174.91206097602844,2.979365348815918
428,0.3243663012981415,,175.31240344047546,2.983065366744995
429,0.3203192949295044,,175.71261644363403,2.986760139465332
430,0.31968557834625244,,176.11237215995789,2.990466833114624
431,0.3196567893028259,,176.51177096366882,2.994171380996704
432,0.3183605968952179,,176.91226053237915,2.9978785514831543
433,0.318014919757843,,177.31154823303223,3.0015790462493896
434,0.31753969192504883,,177.7123157978058,3.0052785873413086
435,0.318115770816803,,178.113951921463,3.0089852809906006
436,0.31753969192504883,,178.5131299495697,3.012685537338257
437,0.31874945759773254,,178.91323828697205,3.016387939453125
438,0.3192679286003113,,179.31271862983704,3.0200836658477783
439,0.31824538111686707,,179.71152901649475,3.0237812995910645
440,0.3188934624195099,,180.11210322380066,3.0274815559387207
441,0.32350218296051025,,180.51202940940857,3.031172037124634
442,0.32588571310043335,,180.91150617599487,3.034867763519287
443,0.3302783966064453,,181.31185746192932,3.038975238800049
444,0.3303864002227783,,181.7109522819519,3.042667865753174
445,0.3340877294540405,,182.1122691631317,3.0463647842407227
446,0.33654332160949707,,182.5121626853943,3.050062656402588
447,0.33677375316619873,,182.91436910629272,3.0537567138671875
448,0.33921489119529724,,183.31423950195312,3.057460308074951
449,0.33541274070739746,,183.71345281600952,3.0611724853515625
450,0.33340364694595337,,184.11221265792847,3.0649757385253906
451,0.3315025568008423,,184.51270604133606,3.0686635971069336
452,0.3268938660621643,,184.91293120384216,3.0723772048950195
453,0.32298368215560913,,185.3141965866089,3.0760817527770996
454,0.32288286089897156,,185.7148036956787,3.079777479171753
455,0.3234589695930481,,186.11528658866882,3.083493947982788
456,0.32294049859046936,,186.51464366912842,3.0872139930725098
457,0.32178831100463867,,186.91487956047058,3.091123104095459
458,0.32145705819129944,,187.31519675254822,3.094813823699951
459,0.32060733437538147,,187.71511363983154,3.0985188484191895
460,0.3210970163345337,,188.1149821281433,3.102221727371216
461,0.32291167974472046,,188.51604986190796,3.105921983718872
462,0.32374700903892517,,188.91465163230896,3.109623432159424
463,0.3247695565223694,,189.3143708705902,3.113342046737671
464,0.32620975375175476,,189.71452450752258,3.1170308589935303
465,0.3305376172065735,,190.11490869522095,3.1207222938537598
466,0.3320354223251343,,190.51512241363525,3.124415874481201
467,0.3334972560405731,,190.9153974056244,3.128117799758911
468,0.33599603176116943,,191.3141951560974,3.1318135261535645
469,0.3391788899898529,,191.71493673324585,3.1355140209198
470,0.33871084451675415,,192.11522555351257,3.1392111778259277
471,0.33395811915397644,,192.51519322395325,3.1429011821746826
472,0.3305087983608246,,192.91622376441956,3.146599769592285
473,0.3296230733394623,,193.31591892242432,3.150298833847046
474,0.3260513246059418,,193.71680617332458,3.1540019512176514
475,0.32658421993255615,,194.1171157360077,3.1577112674713135
476,0.3239918351173401,,194.51711869239807,3.161411762237549
477,0.3216010630130768,,195.1834237575531,3.165130853652954
478,0.320636123418808,,195.58310723304749,3.1689634323120117
479,0.3214714527130127,,195.9835023880005,3.1726553440093994
480,0.32132741808891296,,196.3830897808075,3.1763510704040527
481,0.32148584723472595,,196.78442788124084,3.180046796798706
482,0.3294430673122406,,197.18412518501282,3.1837432384490967
483,0.3315817713737488,,197.58517217636108,3.187483549118042
484,0.3286653161048889,,197.98501539230347,3.191270112991333
485,0.33079683780670166,,198.38580989837646,3.194960594177246
486,0.3315817713737488,,198.78519082069397,3.198655128479004
487,0.3328131437301636,,199.18637108802795,3.2023494243621826
488,0.33256831765174866,,199.58674216270447,3.2060444355010986
489,0.33392930030822754,,199.98756957054138,3.2097771167755127
490,0.33594563603401184,,200.38692450523376,3.213686943054199
491,0.3381563425064087,,200.78721380233765,3.2173750400543213
492,0.3389916718006134,,201.18728160858154,3.2210655212402344
493,0.3378034830093384,,201.58822441101074,3.2247660160064697
494,0.3389052450656891,,201.98833656311035,3.2284648418426514
495,0.33474305272102356,,202.38916301727295,3.2321910858154297
496,0.334642231464386,,202.78921103477478,3.2359158992767334
497,0.33269792795181274,,203.19027543067932,3.239769458770752
498,0.3318769931793213,,203.5893039703369,3.243467330932617
499,0.3303503692150116,,203.9894082546234,3.247154712677002
500,0.32642579078674316,,204.38934326171875,4.618526220321655
501,0.32484155893325806,,204.78898334503174,4.622222185134888
502,0.3259505331516266,,205.1888587474823,4.625945091247559
503,0.32682907581329346,,205.5888795852661,4.629637002944946
504,0.32685065269470215,,205.9901306629181,4.633333444595337
505,0.3274051547050476,,206.38967895507812,4.637044668197632
506,0.3271386921405792,,206.78945326805115,4.64074444770813
507,0.32955828309059143,,207.18913984298706,4.644442796707153
508,0.32848531007766724,,207.58888626098633,4.648142576217651
509,0.3326835334300995,,207.98858189582825,4.651834487915039
510,0.32800284028053284,,208.3892629146576,4.65563178062439
511,0.32459673285484314,,208.78871965408325,4.6593382358551025
512,0.3234877586364746,,209.18899607658386,4.6630425453186035
513,0.32049211859703064,,209.58893609046936,4.66675591468811
514,0.32138505578041077,,209.98899245262146,4.670453786849976
515,0.3203769028186798,,210.3887174129486,4.674147129058838
516,0.3238046169281006,,210.7889449596405,4.677842140197754
517,0.32636818289756775,,211.190181016922,4.681551456451416
518,0.327729195356369,,211.589989900589,4.685244560241699
519,0.33044400811195374,,211.99052548408508,4.689049005508423
520,0.33704739809036255,,212.39011693000793,4.692754745483398
521,0.34351393580436707,,212.789892911911,4.69645619392395
522,0.35008853673934937,,213.19004368782043,4.70014214515686
523,0.353473037481308,,213.59042072296143,4.703842878341675
524,0.3564254939556122,,213.9901237487793,4.707547664642334
525,0.35357385873794556,,214.3926990032196,4.711416959762573
526,0.34844669699668884,,214.79336833953857,4.715290307998657
527,0.3394237458705902,,215.19303607940674,4.718987941741943
528,0.33379247784614563,,215.5935800075531,4.722681760787964
529,0.3290182054042816,,215.99421501159668,4.72637939453125
530,0.32491356134414673,,216.65859627723694,4.730122327804565
531,0.32226359844207764,,217.057945728302,4.733813047409058
532,0.32080894708633423,,217.45817303657532,4.737509727478027
533,0.3209385871887207,,217.85784077644348,4.741206884384155
534,0.32095298171043396,,218.25844264030457,4.744915246963501
535,0.3199736177921295,,218.6572949886322,4.748610019683838
536,0.3206937313079834,,219.05792260169983,4.752310752868652
537,0.32269564270973206,,219.45755219459534,4.756001949310303
538,0.3247695565223694,,219.85804677009583,4.759706020355225
539,0.3239198327064514,,220.25701069831848,4.763400554656982
540,0.32403504848480225,,220.65725779533386,4.767094135284424
541,0.32492795586586,,221.05619502067566,4.770811557769775
542,0.3258785307407379,,221.4567530155182,4.774509906768799
543,0.3275059759616852,,221.85636138916016,4.778204679489136
544,0.3275347650051117,,222.2560739517212,4.781898736953735
545,0.328046053647995,,222.65534853935242,4.785586833953857
546,0.3293350338935852,,223.05605554580688,4.789298057556152
547,0.33272674679756165,,223.45567297935486,4.792991399765015
548,0.34042468667030334,,223.85607385635376,4.79669451713562
549,0.35134872794151306,,224.2563512325287,4.8003830909729
550,0.36677342653274536,,224.65707278251648,4.804080486297607
551,0.35652628540992737,,225.0573284626007,4.807769298553467
552,0.34796422719955444,,225.45755553245544,4.811463356018066
553,0.34195849299430847,,225.8594491481781,4.815263032913208
554,0.33758026361465454,,226.25818014144897,4.819069147109985
555,0.33130812644958496,,226.66236209869385,4.822763204574585
556,0.3275347650051117,,227.06206130981445,4.826462268829346
557,0.32720351219177246,,227.4625747203827,4.830145597457886
558,0.32499998807907104,,227.8630611896515,4.833843231201172
559,0.32484155893325806,,228.2636923789978,4.837567090988159
560,0.3246687352657318,,228.6627016067505,4.841294288635254
561,0.3229692876338959,,229.062757730484,4.8451011180877686
562,0.3247983455657959,,229.46249914169312,4.848790884017944
563,0.3249855935573578,,229.862863779068,4.852502107620239
564,0.3242078721523285,,230.26276230812073,4.856204509735107
565,0.3251152038574219,,230.66281938552856,4.859908580780029
566,0.32590731978416443,,231.06102299690247,4.863617181777954
567,0.3266850411891937,,231.46165800094604,4.867335796356201
568,0.3291766047477722,,231.8610897064209,4.871026039123535
569,0.3325035274028778,,232.26068377494812,4.874720811843872
570,0.3355063498020172,,232.66005849838257,4.878413438796997
571,0.3400646448135376,,233.06006050109863,4.8821210861206055
572,0.3430170714855194,,233.4585874080658,4.885836124420166
573,0.34565988183021545,,233.85899233818054,4.889563322067261
574,0.349022775888443,,234.25911140441895,4.8932600021362305
575,0.351168692111969,,234.65906143188477,4.89695405960083
576,0.3459335267543793,,235.05926203727722,4.900665760040283
577,0.34386682510375977,,235.459570646286,4.9043684005737305
578,0.3411664068698883,,235.85831785202026,4.9080681800842285
579,0.33715540170669556,,236.25859260559082,4.911766529083252
580,0.334642231464386,,236.6580719947815,4.91546368598938
581,0.33143773674964905,,237.0576765537262,4.919157266616821
582,0.32907578349113464,,237.45813655853271,4.922846078872681
583,0.3292774260044098,,238.12084484100342,4.9265453815460205
584,0.3274339437484741,,238.52111315727234,4.930243492126465
585,0.3274339437484741,,238.92316007614136,4.933940887451172
586,0.32760676741600037,,239.3225564956665,4.937629222869873
587,0.32615217566490173,,239.72349762916565,4.941358804702759
588,0.3266850411891937,,240.12223958969116,4.945169925689697
589,0.32956546545028687,,240.52271723747253,4.948864698410034
590,0.32959428429603577,,240.92294430732727,4.952573299407959
591,0.3357439935207367,,241.32283210754395,4.956269025802612
592,0.33451980352401733,,241.7233600616455,4.959970235824585
593,0.3367305397987366,,242.12421011924744,4.963674545288086
594,0.34305307269096375,,242.52348804473877,4.967403888702393
595,0.34751054644584656,,242.9252598285675,4.971148490905762
596,0.34675443172454834,,243.32512640953064,4.9748454093933105
597,0.34871312975883484,,243.72567176818848,4.978540897369385
598,0.34638717770576477,,244.12505459785461,4.982227563858032
599,0.34180009365081787,,244.52550745010376,4.985922336578369
600,0.3365505039691925,,244.9246859550476,4.989629030227661
601,0.3332236111164093,,245.32458758354187,4.993427276611328
602,0.3328779637813568,,245.72425198554993,4.997121810913086
603,0.33347564935684204,,246.1250548362732,5.000818967819214
604,0.33342525362968445,,246.52627110481262,5.004518747329712
605,0.33289235830307007,,246.92710542678833,5.008213758468628
606,0.3342749774456024,,247.32683324813843,5.011922836303711
607,0.334642231464386,,247.72744488716125,5.01562762260437
608,0.3360752463340759,,248.12726593017578,5.019325017929077
609,0.33422455191612244,,248.52725982666016,5.023032903671265
610,0.3334900438785553,,248.92684245109558,5.026736497879028
611,0.33278435468673706,,249.32774305343628,5.030432462692261
612,0.3308328688144684,,249.7278289794922,5.034134864807129
613,0.3289029896259308,,250.12698006629944,5.0378336906433105
614,0.3266562223434448,,250.5277965068817,5.041541814804077
615,0.33099129796028137,,250.92789721488953,5.045236110687256
616,0.32913339138031006,,251.32889938354492,5.048945903778076
617,0.3320642411708832,,251.72953057289124,5.052635431289673
618,0.3321722447872162,,252.12903928756714,5.056354999542236
619,0.3360896408557892,,252.52798533439636,5.0601372718811035
620,0.34061911702156067,,252.9284222126007,5.063907146453857
621,0.3453142046928406,,253.32866144180298,5.067599534988403
622,0.35239288210868835,,253.72896766662598,5.071316719055176
623,0.3534226417541504,,254.12916135787964,5.075013160705566
624,0.3521048426628113,,254.52980828285217,5.078708648681641
625,0.3498292863368988,,254.9280881881714,5.082423210144043
626,0.34495416283607483,,255.32887721061707,5.086146354675293
627,0.3403598666191101,,255.72892498970032,5.089845657348633
628,0.3377242982387543,,256.1291501522064,5.0935447216033936
629,0.3368241488933563,,256.5298991203308,5.0972418785095215
630,0.3363704979419708,,256.9306924343109,5.100949287414551
631,0.3343037962913513,,257.32942485809326,5.104667663574219
632,0.3355351686477661,,257.7294771671295,5.108394622802734
633,0.33258992433547974,,258.1298635005951,5.112092018127441
634,0.3316969871520996,,258.529842376709,5.115793466567993
635,0.3327699601650238,,258.9295575618744,5.1194844245910645
636,0.33449098467826843,,259.5915937423706,5.12317681312561
637,0.3365721106529236,,259.9922399520874,5.126875877380371
638,0.3378034830093384,,260.39238476753235,5.130566358566284
639,0.33755144476890564,,260.79192638397217,5.134264945983887
640,0.3366657495498657,,261.19150710105896,5.138361930847168
641,0.34106558561325073,,261.59302520751953,5.142070770263672
642,0.3387252390384674,,261.99277544021606,5.145768642425537
643,0.34021586179733276,,262.39309549331665,5.149465560913086
644,0.3417064845561981,,262.7938003540039,5.153156757354736
645,0.34413325786590576,,263.1938519477844,5.156848192214966
646,0.3426354229450226,,263.5946879386902,5.160568952560425
647,0.3455950617790222,,263.99394488334656,5.164469242095947
648,0.34273624420166016,,264.39392614364624,5.168158769607544
649,0.34347793459892273,,264.79438042640686,5.171852111816406
650,0.34182170033454895,,265.1947371959686,5.175545692443848
651,0.3411448001861572,,265.5947308540344,5.179260015487671
652,0.3398702144622803,,265.9949154853821,5.182966947555542
653,0.33706900477409363,,266.3934681415558,5.186696767807007
654,0.33606085181236267,,266.79432821273804,5.190448999404907
655,0.33691057562828064,,267.1941018104553,5.1941444873809814
656,0.3373498320579529,,267.5950288772583,5.19784140586853
657,0.338401198387146,,267.9950485229492,5.201530456542969
658,0.3367305397987366,,268.3949975967407,5.205235242843628
659,0.3364352881908417,,268.7934260368347,5.208935976028442
660,0.3373570442199707,,269.1937334537506,5.21263575553894
661,0.3364641070365906,,269.59356808662415,5.216330289840698
662,0.33784669637680054,,269.9937045574188,5.220038175582886
663,0.3379115164279938,,270.39315581321716,5.2237229347229
664,0.33865320682525635,,270.79458594322205,5.227428674697876
665,0.34061190485954285,,271.19407057762146,5.2311155796051025
666,0.34091436862945557,,271.59325981140137,5.234832286834717
667,0.3401510417461395,,271.99306988716125,5.238531827926636
668,0.3408711552619934,,272.3936848640442,5.242225170135498
669,0.3397693932056427,,272.7945911884308,5.245926141738892
670,0.3435283601284027,,273.19506335258484,5.2496232986450195
671,0.34087833762168884,,273.5945520401001,5.253328323364258
672,0.34047508239746094,,273.99514842033386,5.257020950317383
673,0.3396901786327362,,274.3950572013855,5.260727643966675
674,0.3389052450656891,,274.794970035553,5.264429092407227
675,0.338775634765625,,275.19409584999084,5.2681286334991455
676,0.34028786420822144,,275.59493803977966,5.271829128265381
677,0.34187209606170654,,275.9943082332611,5.2755351066589355
678,0.34085673093795776,,276.3940954208374,5.279245615005493
679,0.34450048208236694,,276.79495787620544,5.282938480377197
680,0.3398702144622803,,277.19496059417725,5.286632776260376
681,0.3404318690299988,,277.5950753688812,5.290321588516235
682,0.3411664068698883,,277.9962525367737,5.2940168380737305
683,0.34542223811149597,,278.3971359729767,5.2980568408966064
684,0.3422897756099701,,278.7959215641022,5.301883697509766
685,0.340971976518631,,279.1973843574524,5.305577754974365
686,0.34721529483795166,,279.5968632698059,5.309265851974487
687,0.35193920135498047,,279.99683356285095,5.312965154647827
688,0.34133201837539673,,280.3976728916168,5.316660642623901
689,0.34120962023735046,,281.058828830719,5.32035493850708
690,0.33930131793022156,,281.46119928359985,5.324059724807739
691,0.33670172095298767,,281.8598394393921,5.327750205993652
692,0.3341885507106781,,282.2601625919342,5.331454038619995
693,0.33063122630119324,,282.65944147109985,5.335176706314087
694,0.3308904469013214,,283.05983996391296,5.338919639587402
695,0.33168259263038635,,283.45900106430054,5.342616558074951
696,0.331149697303772,,283.8596649169922,5.346303462982178
697,0.3304871916770935,,284.2591426372528,5.349998712539673
698,0.33074644207954407,,284.6593368053436,5.35369610786438
699,0.3303719758987427,,285.0583305358887,5.357401371002197
700,0.3288309574127197,,285.4576904773712,5.361101865768433
701,0.3306744396686554,,285.8567678928375,5.364803314208984
702,0.3314809501171112,,286.2582802772522,5.368504524230957
703,0.33361247181892395,,286.65835762023926,5.372213840484619
704,0.3347214460372925,,287.0584144592285,5.375915765762329
705,0.3361256420612335,,287.45837783813477,5.379618167877197
706,0.33798351883888245,,287.85867500305176,5.38331937789917
707,0.33886927366256714,,288.2583475112915,5.387009382247925
708,0.33895567059516907,,288.6584527492523,5.3907082080841064
709,0.3388332426548004,,289.05906653404236,5.394404172897339
710,0.3366009294986725,,289.4588360786438,5.398100137710571
711,0.3354775309562683,,289.8587758541107,5.401938438415527
712,0.3344621956348419,,290.25827980041504,5.405639171600342
713,0.3344334065914154,,290.6592800617218,5.409338474273682
714,0.33439019322395325,,291.05986642837524,5.413031578063965
715,0.33793312311172485,,291.4615273475647,5.416726589202881
716,0.34033825993537903,,291.86160945892334,5.420424699783325
717,0.3493756353855133,,292.2613945007324,5.4241368770599365
718,0.35684314370155334,,292.6603276729584,5.427988290786743
719,0.35450279712677,,293.06002473831177,5.431833028793335
720,0.35065022110939026,,293.4603545665741,5.435533046722412
721,0.34833866357803345,,293.86054134368896,5.439227342605591
722,0.3465816080570221,,294.2598943710327,5.442941904067993
723,0.3424482047557831,,294.66165351867676,5.446638107299805
724,0.34691286087036133,,295.0602526664734,5.450369834899902
725,0.3401150405406952,,295.46196126937866,5.454092741012573
726,0.33608245849609375,,295.86204719543457,5.457787990570068
727,0.33804115653038025,,296.26266860961914,5.4615020751953125
728,0.3381563425064087,,296.66193652153015,5.465198993682861
729,0.3374290466308594,,297.0622811317444,5.468902587890625
730,0.33581599593162537,,297.4609172344208,5.47260594367981
731,0.33597442507743835,,297.86139369010925,5.476315021514893
732,0.33608245849609375,,298.2610125541687,5.480003356933594
733,0.3358519971370697,,298.6610896587372,5.483701944351196
734,0.33685293793678284,,299.06047105789185,5.487405776977539
735,0.3354703485965729,,299.4612464904785,5.491101026535034
736,0.33632728457450867,,299.8612678050995,5.49480128288269
737,0.3370113670825958,,300.26078176498413,5.498509645462036
738,0.3397405743598938,,300.66142320632935,5.50220799446106
739,0.3410871922969818,,301.06147837638855,5.505899429321289
740,0.3413032293319702,,301.461665391922,5.509596109390259
741,0.34321868419647217,,301.8622043132782,5.513294458389282
742,0.3492172062397003,,302.5241861343384,5.517001152038574
743,0.347568154335022,,302.92507219314575,5.520697593688965
744,0.3492099940776825,,303.3258168697357,5.524397373199463
745,0.34927481412887573,,303.7264187335968,5.528111457824707
746,0.3477049767971039,,304.12618350982666,5.5318334102630615
747,0.3467256426811218,,304.52665758132935,5.53565788269043
748,0.34517019987106323,,304.926242351532,5.539350509643555
749,0.3456670939922333,,305.3264071941376,5.543049573898315
750,0.34420526027679443,,305.72639513015747,5.5467445850372314
751,0.3434203267097473,,306.1268332004547,5.550484657287598
752,0.3448677361011505,,306.5259623527527,5.554185628890991
753,0.3481874465942383,,306.92636799812317,5.557888507843018
754,0.342642605304718,,307.3258202075958,5.56158185005188
755,0.34032386541366577,,307.7265260219574,5.565277099609375
756,0.34013664722442627,,308.12617802619934,5.568972110748291
757,0.33822116255760193,,308.52575159072876,5.572685480117798
758,0.33822116255760193,,308.92620849609375,5.576395034790039
759,0.33951014280319214,,309.3256061077118,5.580107927322388
760,0.3412240147590637,,309.7250864505768,5.583799123764038
761,0.34085673093795776,,310.1260302066803,5.587483644485474
762,0.3423977792263031,,310.52738189697266,5.591179370880127
763,0.3451557755470276,,310.927339553833,5.594886541366577
764,0.3504990041255951,,311.3269283771515,5.598591566085815
765,0.34498298168182373,,311.7268817424774,5.602306842803955
766,0.34420526027679443,,312.1266505718231,5.606022596359253
767,0.3443564772605896,,312.52839851379395,5.609715938568115
768,0.34565988183021545,,312.92920112609863,5.613410472869873
769,0.34614235162734985,,313.32949209213257,5.617099285125732
770,0.3431467115879059,,313.7298147678375,5.62080454826355
771,0.3431971073150635,,314.1293876171112,5.624499559402466
772,0.34270021319389343,,314.5273780822754,5.628192663192749
773,0.34308189153671265,,314.92755484580994,5.631892442703247
774,0.3458038866519928,,315.32843923568726,5.635592222213745
775,0.34498298168182373,,315.72912096977234,5.639287710189819
776,0.3437083959579468,,316.12929010391235,5.642997741699219
777,0.3430962860584259,,316.52799010276794,5.646744966506958
778,0.34409722685813904,,316.92774748802185,5.650733709335327
779,0.3452494144439697,,317.3278331756592,5.654423713684082
780,0.3440036177635193,,317.72995710372925,5.658118963241577
781,0.34581828117370605,,318.12959480285645,5.661815166473389
782,0.346668004989624,,318.5304443836212,5.66557765007019
783,0.3454006314277649,,318.9287669658661,5.669308423995972
784,0.3482378423213959,,319.33038330078125,5.673212289810181
785,0.3481082320213318,,319.72974133491516,5.676907777786255
786,0.34656721353530884,,320.1296765804291,5.680596113204956
787,0.3463943600654602,,320.52917194366455,5.684290647506714
788,0.34498298168182373,,320.92991971969604,5.687985897064209
789,0.3436291515827179,,321.32879066467285,5.691690921783447
790,0.3435571491718292,,321.72900390625,5.695399522781372
791,0.34211692214012146,,322.12900400161743,5.6990838050842285
792,0.3416560888290405,,322.52939462661743,5.702782392501831
793,0.34180009365081787,,322.9285202026367,5.70647120475769
794,0.34093597531318665,,323.3293581008911,5.7101709842681885
795,0.3441692292690277,,323.99131631851196,5.713864088058472
796,0.34380918741226196,,324.3928916454315,5.7175819873809814
797,0.34332671761512756,,324.79301404953003,5.721265554428101
798,0.3456166684627533,,325.1921923160553,5.724964141845703
799,0.35179516673088074,,325.59240770339966,5.7286670207977295
800,0.342534601688385,,325.9923002719879,5.732383489608765
801,0.342693030834198,,326.392751455307,5.736078262329102
802,0.340122252702713,,326.79375314712524,5.7397661209106445
803,0.3405975103378296,,327.1933844089508,5.743456602096558
804,0.3438452184200287,,327.591970205307,5.747470855712891
805,0.34568867087364197,,327.99188709259033,5.7511725425720215
806,0.3460415303707123,,328.39143776893616,5.754861354827881
807,0.3440612256526947,,328.79148173332214,5.7585554122924805
808,0.34369397163391113,,329.19279313087463,5.762258052825928
809,0.34396040439605713,,329.59234595298767,5.765956878662109
810,0.34491094946861267,,329.9932613372803,5.769669055938721
811,0.34520620107650757,,330.39302611351013,5.773630619049072
812,0.3437083959579468,,330.7935755252838,5.777318716049194
813,0.34295225143432617,,331.19343519210815,5.781019449234009
814,0.3427146375179291,,331.5943160057068,5.784711122512817
815,0.3427794277667999,,331.9944007396698,5.788405656814575
816,0.3419153094291687,,332.395042181015,5.792128086090088
817,0.3434131443500519,,332.79442620277405,5.795947074890137
818,0.3471792936325073,,333.1952314376831,5.799642086029053
819,0.35008132457733154,,333.5948338508606,5.80333948135376
820,0.3506142199039459,,333.9951288700104,5.807039260864258
821,0.3544667959213257,,334.39532804489136,5.81073522567749
822,0.353314608335495,,334.79558086395264,5.814442157745361
823,0.3524072766304016,,335.19441318511963,5.818157434463501
824,0.3528609573841095,,335.5951340198517,5.82189154624939
825,0.3501749336719513,,335.99333667755127,5.825575113296509
826,0.3480578064918518,,336.39394330978394,5.82926869392395
827,0.34458690881729126,,336.7935883998871,5.832959413528442
828,0.3430890738964081,,337.1933846473694,5.836663484573364
829,0.3421529531478882,,337.5925397872925,5.840358257293701
830,0.3425273895263672,,337.9920024871826,5.844085693359375
831,0.3430458903312683,,338.39126467704773,5.8477818965911865
832,0.3437875807285309,,338.79206109046936,5.851474761962891
833,0.34203773736953735,,339.1920909881592,5.8551719188690186
834,0.3409791588783264,,339.59180760383606,5.858873605728149
835,0.34082794189453125,,339.990957736969,5.862578630447388
836,0.3407559394836426,,340.3918402194977,5.866277456283569
837,0.3390996754169464,,340.7912812232971,5.869980812072754
838,0.3404462933540344,,341.1916620731354,5.873694181442261
839,0.3425057828426361,,341.59090065956116,5.877401828765869
840,0.34624314308166504,,341.9908661842346,5.881097078323364
841,0.34777697920799255,,342.3910734653473,5.8847901821136475
842,0.3506430387496948,,342.7907395362854,5.888487339019775
843,0.35335060954093933,,343.19019651412964,5.892180442810059
844,0.3641882538795471,,343.59080600738525,5.895879745483398
845,0.36225834488868713,,343.99116683006287,5.89957594871521
846,0.35504287481307983,,344.3915741443634,5.9032838344573975
847,0.3514927327632904,,344.79166984558105,5.907245874404907
848,0.34447887539863586,,345.45487546920776,5.91093635559082
849,0.34357157349586487,,345.8555634021759,5.914654731750488
850,0.3401510417461395,,346.2558047771454,5.9183571338653564
851,0.3391861021518707,,346.65394926071167,5.922089338302612
852,0.338509202003479,,347.05694580078125,5.925825357437134
853,0.3389628827571869,,347.4562087059021,5.9295265674591064
854,0.33723461627960205,,347.8555579185486,5.933209180831909
855,0.3364208936691284,,348.2557256221771,5.936899662017822
856,0.33779630064964294,,348.6559307575226,5.940595865249634
857,0.3363056778907776,,349.05502581596375,5.944301605224609
858,0.3370617926120758,,349.4554238319397,5.948028564453125
859,0.33814916014671326,,349.8551642894745,5.9517316818237305
860,0.339855819940567,,350.2554874420166,5.95542573928833
861,0.34028786420822144,,350.6556258201599,5.959115982055664
862,0.3406839370727539,,351.05524730682373,5.962806701660156
863,0.34383800625801086,,351.45379996299744,5.966665506362915
864,0.34442129731178284,,351.85382771492004,5.970392942428589
865,0.34718650579452515,,352.25342202186584,5.974087715148926
866,0.34992292523384094,,352.65298533439636,5.97777533531189
867,0.35201841592788696,,353.0528280735016,5.981460809707642
868,0.35553252696990967,,353.45259284973145,5.985163450241089
869,0.35700878500938416,,353.85153341293335,5.988871812820435
870,0.3570951819419861,,354.2525360584259,5.992581844329834
871,0.3539555072784424,,354.6526198387146,5.99627423286438
872,0.3542291522026062,,355.05311036109924,5.9999659061431885
873,0.3506286144256592,,355.45452427864075,6.003651857376099
874,0.3485186994075775,,355.8547224998474,6.007350444793701
875,0.34815144538879395,,356.25380969047546,6.011045217514038
876,0.3458831012248993,,356.6539692878723,6.014746189117432
877,0.342585027217865,,357.0535910129547,6.01843786239624
878,0.3410583734512329,,357.45449924468994,6.022130012512207
879,0.3404318690299988,,357.85508584976196,6.025822639465332
880,0.34002143144607544,,358.25530910491943,6.029512405395508
881,0.3414544463157654,,358.6555528640747,6.033827304840088
882,0.3428226411342621,,359.0561261177063,6.037517547607422
883,0.3463727831840515,,359.45611691474915,6.041327714920044
884,0.34302428364753723,,359.8554034233093,6.0450217723846436
885,0.34576067328453064,,360.25626611709595,6.048710584640503
886,0.3480866253376007,,360.657763004303,6.052418231964111
887,0.3492172062397003,,361.058650970459,6.0561370849609375
888,0.34957003593444824,,361.4580087661743,6.059856176376343
889,0.35011014342308044,,361.8588812351227,6.063724994659424
890,0.3512263000011444,,362.2586827278137,6.067417860031128
891,0.3525657057762146,,362.65958046913147,6.071111679077148
892,0.35236406326293945,,363.05927324295044,6.074802875518799
893,0.35348743200302124,,363.4596035480499,6.078495264053345
894,0.3517303764820099,,363.85874342918396,6.082212448120117
895,0.35134151577949524,,364.2613034248352,6.0860302448272705
896,0.35228487849235535,,364.6613121032715,6.089725017547607
897,0.3503981828689575,,365.0642149448395,6.093411684036255
898,0.3491595685482025,,365.46485471725464,6.097103595733643
899,0.3470064699649811,,365.86538887023926,6.100917339324951
900,0.34410443902015686,,366.26600193977356,6.104610204696655
901,0.342642605304718,,366.9330213069916,6.108314275741577
902,0.34388840198516846,,367.33309745788574,6.112008333206177
903,0.3437443971633911,,367.73354268074036,6.115712881088257
904,0.34385961294174194,,368.13370847702026,6.119406700134277
905,0.34491094946861267,,368.534291267395,6.123099327087402
906,0.3460991382598877,,368.9346270561218,6.126800775527954
907,0.34576067328453064,,369.33492612838745,6.13049840927124
908,0.3447309136390686,,369.7351927757263,6.1341962814331055
909,0.3436795771121979,,370.1345679759979,6.137904644012451
910,0.34361475706100464,,370.536105632782,6.141596555709839
911,0.3436795771121979,,370.9367570877075,6.145294189453125
912,0.34528541564941406,,371.33805441856384,6.149001121520996
913,0.3450261652469635,,371.73851895332336,6.152707815170288
914,0.3436363637447357,,372.14024901390076,6.156418561935425
915,0.3415408432483673,,372.5403673648834,6.160282373428345
916,0.3413032293319702,,372.94390749931335,6.164180755615234
917,0.344572514295578,,373.3450744152069,6.167882442474365
918,0.3463079631328583,,373.74587988853455,6.171573877334595
919,0.34737372398376465,,374.14569997787476,6.175266265869141
920,0.3527241349220276,,374.54630970954895,6.178967475891113
921,0.3599396049976349,,374.9450442790985,6.182690382003784
922,0.3573112189769745,,375.34711027145386,6.186524868011475
923,0.35741204023361206,,375.74724769592285,6.1902241706848145
924,0.3564542829990387,,376.1472854614258,6.193919658660889
925,0.3548988401889801,,376.5470073223114,6.197615623474121
926,0.3556765615940094,,376.9475061893463,6.201310396194458
927,0.353739470243454,,377.34566140174866,6.2050018310546875
928,0.3554029166698456,,377.7450556755066,6.2087321281433105
929,0.34925320744514465,,378.1451835632324,6.212430000305176
930,0.3465023934841156,,378.5459759235382,6.2161290645599365
931,0.3440108299255371,,378.9468071460724,6.219836235046387
932,0.3437947928905487,,379.3477671146393,6.223535060882568
933,0.34373000264167786,,379.74637484550476,6.22723126411438
934,0.3435859680175781,,380.14578652381897,6.230945348739624
935,0.3418937027454376,,380.54547142982483,6.234639883041382
936,0.34187209606170654,,380.9457459449768,6.238330602645874
937,0.3445653021335602,,381.34592366218567,6.242035388946533
938,0.344838947057724,,381.74695467948914,6.245734453201294
939,0.3437947928905487,,382.14578771591187,6.24944281578064
940,0.34499016404151917,,382.5452632904053,6.253167152404785
941,0.3457534909248352,,382.9454736709595,6.256863594055176
942,0.3473881185054779,,383.3467915058136,6.260552644729614
943,0.3481154441833496,,383.74781942367554,6.264260768890381
944,0.350851833820343,,384.14814710617065,6.267952919006348
945,0.35179516673088074,,384.54741621017456,6.271667003631592
946,0.3544955849647522,,384.9467022418976,6.275378704071045
947,0.35102468729019165,,385.34743666648865,6.27907133102417
948,0.3529761731624603,,385.7479271888733,6.282761573791504
949,0.35306257009506226,,386.1476092338562,6.286632061004639
950,0.3543299734592438,,386.54727053642273,6.290329933166504
951,0.3548484444618225,,386.9467351436615,6.294034004211426
952,0.35215523838996887,,387.3468608856201,6.297752857208252
953,0.3525440990924835,,387.74677634239197,6.301451921463013
954,0.35158637166023254,,388.41282391548157,6.305174112319946
955,0.35088786482810974,,388.81194257736206,6.308892726898193
956,0.3493540287017822,,389.2118957042694,6.313142776489258
957,0.3473089337348938,,389.61184787750244,6.316843509674072
958,0.3483746647834778,,390.0129916667938,6.320543050765991
959,0.3485403060913086,,390.4129593372345,6.324234962463379
960,0.347359299659729,,390.8140592575073,6.327934980392456
961,0.34704968333244324,,391.2130374908447,6.331650018692017
962,0.34734490513801575,,391.6146113872528,6.3353776931762695
963,0.34828105568885803,,392.01439452171326,6.339072227478027
964,0.3491019904613495,,392.4158797264099,6.342758893966675
965,0.35032618045806885,,392.8153338432312,6.346468687057495
966,0.35091665387153625,,393.21567392349243,6.35017466545105
967,0.35104629397392273,,393.61584186553955,6.35391640663147
968,0.3524577021598816,,394.0153613090515,6.3576130867004395
969,0.3526737093925476,,394.41542768478394,6.361308336257935
970,0.3538186848163605,,394.81584882736206,6.365002632141113
971,0.3530265688896179,,395.2163863182068,6.368694305419922
972,0.35348743200302124,,395.6167607307434,6.372381687164307
973,0.3546900153160095,,396.0174961090088,6.376253128051758
974,0.3504413664340973,,396.41812896728516,6.3799638748168945
975,0.3506430387496948,,396.8180527687073,6.383669376373291
976,0.3486699163913727,,397.2186493873596,6.387373685836792
977,0.34712889790534973,,397.61966705322266,6.391067743301392
978,0.34659600257873535,,398.0204520225525,6.394759178161621
979,0.34858351945877075,,398.42351508140564,6.3985772132873535
980,0.3473953306674957,,398.8226065635681,6.402393102645874
981,0.3466392159461975,,399.2235691547394,6.406087160110474
982,0.3475753664970398,,399.6238627433777,6.409801006317139
983,0.35175198316574097,,400.0247929096222,6.413490056991577
984,0.3517663776874542,,400.4265203475952,6.4171881675720215
985,0.35345861315727234,,400.82704305648804,6.420903205871582
986,0.35547494888305664,,401.2256143093109,6.4246299266815186
987,0.35368186235427856,,401.62732005119324,6.428431034088135
988,0.3559214174747467,,402.0274353027344,6.432140827178955
989,0.35523009300231934,,402.4271922111511,6.43584132194519
990,0.3547620177268982,,402.8271086215973,6.439535617828369
991,0.35270974040031433,,403.22766733169556,6.443242073059082
992,0.35286813974380493,,403.626247882843,6.446930885314941
993,0.35201123356819153,,404.0263555049896,6.450641393661499
994,0.3525368869304657,,404.42589688301086,6.454333782196045
995,0.3488427698612213,,404.8267216682434,6.458022594451904
996,0.3473305404186249,,405.22642612457275,6.4617228507995605
997,0.3454006314277649,,405.6276218891144,6.46541690826416
998,0.3468552529811859,,406.02716755867004,6.469114542007446
999,0.3457174599170685,,406.42728781700134,6.472818374633789
1000,0.34398922324180603,,406.8274281024933,7.8439249992370605
1001,0.3436363637447357,,407.22910261154175,7.847620487213135
1002,0.34339872002601624,,407.6289474964142,7.85131573677063
1003,0.34383800625801086,,408.0282607078552,7.855013370513916
1004,0.3464159667491913,,408.42913341522217,7.858707904815674
1005,0.3462575376033783,,408.8290979862213,7.862405300140381
1006,0.3481370508670807,,409.22971630096436,7.866106748580933
1007,0.348439484834671,,409.89439058303833,7.869900703430176
1008,0.34855470061302185,,410.2948863506317,7.873597621917725
1009,0.3494260311126709,,410.6952545642853,7.877289056777954
1010,0.34998050332069397,,411.0958971977234,7.880985260009766
1011,0.3496492803096771,,411.4970483779907,7.884704828262329
1012,0.34938284754753113,,411.8985676765442,7.888401508331299
1013,0.3493396043777466,,412.2972207069397,7.89214301109314
1014,0.34989410638809204,,412.6976671218872,7.895861387252808
1015,0.3494764268398285,,413.0977647304535,7.899573564529419
1016,0.34828826785087585,,413.49863362312317,7.903266906738281
1017,0.35070061683654785,,413.89825916290283,7.906970500946045
1018,0.35008132457733154,,414.29924416542053,7.910661935806274
1019,0.35335060954093933,,414.69756531715393,7.914369583129883
1020,0.3562094271183014,,415.09744143486023,7.918091535568237
1021,0.35748404264450073,,415.4982933998108,7.921794652938843
1022,0.3594931364059448,,415.8988745212555,7.92548394203186
1023,0.35651907324790955,,416.29815769195557,7.929182052612305
1024,0.35215523838996887,,416.6979880332947,7.932878494262695
1025,0.354769229888916,,417.09758949279785,7.936580419540405
1026,0.35292574763298035,,417.49721598625183,7.940275430679321
1027,0.3517807722091675,,417.89738631248474,7.94396448135376
1028,0.3482450544834137,,418.29707193374634,7.947654724121094
1029,0.3476617634296417,,418.6987073421478,7.9513490200042725
1030,0.3463655710220337,,419.0989339351654,7.955040216445923
1031,0.3465023934841156,,419.4980032444,7.958742380142212
1032,0.3457246720790863,,419.89844274520874,7.962449073791504
1033,0.3471792936325073,,420.29876351356506,7.966145277023315
1034,0.3465311825275421,,420.6981370449066,7.969843149185181
1035,0.347568154335022,,421.09818935394287,7.973540544509888
1036,0.34581828117370605,,421.4989674091339,7.977239370346069
1037,0.3469344675540924,,421.8986961841583,7.980937957763672
1038,0.3480074405670166,,422.2982277870178,7.984642505645752
1039,0.34992292523384094,,422.6987302303314,7.988326549530029
1040,0.3520040214061737,,423.0998167991638,7.992033004760742
1041,0.35488444566726685,,423.5000596046448,7.995725631713867
1042,0.35705915093421936,,423.90033292770386,7.999421119689941
1043,0.3549708425998688,,424.30115365982056,8.00314211845398
1044,0.3540131151676178,,424.70051884651184,8.00683856010437
1045,0.35301217436790466,,425.1012246608734,8.010531902313232
1046,0.3518671989440918,,425.5020110607147,8.014225721359253
1047,0.3514711558818817,,425.902720451355,8.017918109893799
1048,0.35070061683654785,,426.30318570137024,8.021610736846924
1049,0.3495628535747528,,426.7033932209015,8.02550220489502
1050,0.35016053915023804,,427.10318636894226,8.029192447662354
1051,0.3502253592014313,,427.50312304496765,8.032894849777222
1052,0.3514423370361328,,427.9030086994171,8.036601305007935
1053,0.350585401058197,,428.30372190475464,8.04029655456543
1054,0.35278892517089844,,428.70455837249756,8.043990850448608
1055,0.3504197597503662,,429.1055021286011,8.047741174697876
1056,0.35097426176071167,,429.5039896965027,8.051535367965698
1057,0.35518690943717957,,429.90515756607056,8.055221796035767
1058,0.3547908365726471,,430.3050320148468,8.058919191360474
1059,0.353365033864975,,430.70556116104126,8.062615156173706
1060,0.3522416353225708,,431.3699359893799,8.06633734703064
1061,0.3514639437198639,,431.7695343494415,8.07002854347229
1062,0.35134872794151306,,432.1693332195282,8.073732852935791
1063,0.35215523838996887,,432.56882667541504,8.077430009841919
1064,0.3492316007614136,,432.9686665534973,8.08113718032837
1065,0.35054218769073486,,433.367938041687,8.084830522537231
1066,0.3489363491535187,,433.7683334350586,8.088520050048828
1067,0.3473089337348938,,434.1675457954407,8.092219352722168
1068,0.347143292427063,,434.56787848472595,8.09590768814087
1069,0.3475825786590576,,434.97350311279297,8.099597692489624
1070,0.3471216857433319,,435.3738329410553,8.103285312652588
1071,0.34992292523384094,,435.77405405044556,8.106984615325928
1072,0.3516295552253723,,436.1735043525696,8.11068844795227
1073,0.35196802020072937,,436.5744333267212,8.114386796951294
1074,0.35235685110092163,,436.9750370979309,8.118095636367798
1075,0.35345861315727234,,437.374698638916,8.121802806854248
1076,0.35912588238716125,,437.7746822834015,8.125496864318848
1077,0.35764244198799133,,438.1748843193054,8.129206657409668
1078,0.35456758737564087,,438.574170589447,8.133013248443604
1079,0.3533722162246704,,438.9736740589142,8.136711597442627
1080,0.35284656286239624,,439.37366223335266,8.140405416488647
1081,0.3516727685928345,,439.7745592594147,8.144102096557617
1082,0.3511470854282379,,440.1740701198578,8.14780330657959
1083,0.3485691249370575,,440.57295322418213,8.151517868041992
1084,0.34691286087036133,,440.97314715385437,8.155378818511963
1085,0.34533581137657166,,441.37620639801025,8.159083843231201
1086,0.3451918065547943,,441.77698516845703,8.162777662277222
1087,0.344838947057724,,442.17766189575195,8.166463851928711
1088,0.34455811977386475,,442.5782368183136,8.170222997665405
1089,0.3451125919818878,,442.97930908203125,8.173939943313599
1090,0.34619274735450745,,443.378625869751,8.177655935287476
1091,0.3456166684627533,,443.7804698944092,8.18139123916626
1092,0.3454870581626892,,444.1803436279297,8.185072422027588
1093,0.3474457561969757,,444.5803680419922,8.18876314163208
1094,0.3480794131755829,,444.98045015335083,8.192459344863892
1095,0.34954124689102173,,445.3821551799774,8.196243047714233
1096,0.3518671989440918,,445.780433177948,8.199947357177734
1097,0.35268092155456543,,446.18080377578735,8.203673124313354
1098,0.3577144742012024,,446.58056235313416,8.207366704940796
1099,0.36698946356773376,,446.98072719573975,8.211063385009766
1100,0.35558295249938965,,447.38015151023865,8.214753866195679
1101,0.3494188189506531,,447.7806534767151,8.21845269203186
1102,0.3470712900161743,,448.17995834350586,8.222151279449463
1103,0.3456454873085022,,448.5793707370758,8.225854396820068
1104,0.346560001373291,,448.9797315597534,8.229557514190674
1105,0.3454798460006714,,449.3796966075897,8.233237266540527
1106,0.3459983170032501,,449.78057622909546,8.236987590789795
1107,0.3461567461490631,,450.18121814727783,8.24069333076477
1108,0.34565266966819763,,450.5806531906128,8.24439787864685
1109,0.3470712900161743,,450.9819278717041,8.24811339378357
1110,0.3471721112728119,,451.38269686698914,8.251823663711548
1111,0.3482738733291626,,451.78302025794983,8.255511283874512
1112,0.3480362296104431,,452.18283915519714,8.259209632873535
1113,0.34825944900512695,,452.84837198257446,8.262916088104248
1114,0.3459407091140747,,453.2477123737335,8.266620874404907
1115,0.3453502357006073,,453.6478023529053,8.270318508148193
1116,0.34383079409599304,,454.04755568504333,8.274008512496948
1117,0.34284424781799316,,454.4479308128357,8.277708053588867
1118,0.34131762385368347,,454.8468496799469,8.28142523765564
1119,0.3407343327999115,,455.24778985977173,8.285154819488525
1120,0.3421313464641571,,455.64814162254333,8.288844108581543
1121,0.34429165720939636,,456.048926115036,8.29253888130188
1122,0.346451997756958,,456.44856452941895,8.296237707138062
1123,0.3522920608520508,,456.8487939834595,8.29993486404419
1124,0.3533722162246704,,457.24851989746094,8.303637742996216
1125,0.3576928675174713,,457.64833903312683,8.307350158691406
1126,0.3636481761932373,,458.049147605896,8.311049699783325
1127,0.36328810453414917,,458.4497482776642,8.314751625061035
1128,0.3611997961997986,,458.84978127479553,8.318445205688477
1129,0.3565118908882141,,459.2495994567871,8.322158336639404
1130,0.35346582531929016,,459.6497268676758,8.325864553451538
1131,0.35201123356819153,,460.04920053482056,8.329574823379517
1132,0.3490803837776184,,460.4490821361542,8.33328628540039
1133,0.34780579805374146,,460.84997940063477,8.336983680725098
1134,0.3477121889591217,,461.2504138946533,8.340688228607178
1135,0.3471792936325073,,461.65060687065125,8.344388246536255
1136,0.3462863564491272,,462.05091547966003,8.348096370697021
1137,0.3471216857433319,,462.4510266780853,8.351789951324463
1138,0.34573906660079956,,462.85063004493713,8.355489253997803
1139,0.34721529483795166,,463.2508816719055,8.35918402671814
1140,0.3465527892112732,,463.64982414245605,8.362884521484375
1141,0.3469272553920746,,464.05005145072937,8.366570472717285
1142,0.34594792127609253,,464.45003724098206,8.370391607284546
1143,0.3452422320842743,,464.84947991371155,8.374094724655151
1144,0.34514138102531433,,465.2491879463196,8.377795934677124
1145,0.34611353278160095,,465.6499376296997,8.381494283676147
1146,0.3451341986656189,,466.05075454711914,8.385190963745117
1147,0.3470712900161743,,466.4509587287903,8.388891458511353
1148,0.34796422719955444,,466.8509519100189,8.392584085464478
1149,0.34916678071022034,,467.2497887611389,8.396289348602295
1150,0.3517375886440277,,467.6495416164398,8.400088787078857
1151,0.3525657057762146,,468.0503947734833,8.40378737449646
1152,0.35625264048576355,,468.4509482383728,8.407492876052856
1153,0.36009082198143005,,468.8507511615753,8.411192655563354
1154,0.36027804017066956,,469.25204968452454,8.414994716644287
1155,0.36413782835006714,,469.65158915519714,8.418873071670532
1156,0.36135101318359375,,470.0511338710785,8.422580003738403
1157,0.35850659012794495,,470.4518756866455,8.426289319992065
1158,0.3539915084838867,,470.8527557849884,8.429988861083984
1159,0.3496708869934082,,471.25260972976685,8.433690071105957
1160,0.3473809063434601,,471.6537594795227,8.437415361404419
1161,0.34681203961372375,,472.05291962623596,8.441126346588135
1162,0.34771937131881714,,472.4550266265869,8.444908142089844
1163,0.346876859664917,,472.85455799102783,8.448610305786133
1164,0.3457318842411041,,473.25444507598877,8.452314138412476
1165,0.3442196547985077,,473.6543469429016,8.456013441085815
1166,0.3443564772605896,,474.31580877304077,8.459712505340576
1167,0.3458110988140106,,474.71604561805725,8.463402509689331
1168,0.3447093367576599,,475.11621594429016,8.467097282409668
1169,0.3431467115879059,,475.5166177749634,8.470794200897217
1170,0.3426138162612915,,475.91635632514954,8.474485397338867
1171,0.3422105610370636,,476.3165409564972,8.478176355361938
1172,0.3400646448135376,,476.7167024612427,8.481872081756592
1173,0.3380771279335022,,477.116637468338,8.48557186126709
1174,0.3396613895893097,,477.5169048309326,8.489274740219116
1175,0.34018704295158386,,477.91663646698,8.492969751358032
1176,0.3403815031051636,,478.3157570362091,8.496671676635742
1177,0.3383939862251282,,478.7160017490387,8.500367879867554
1178,0.3383219838142395,,479.1155879497528,8.50407099723816
1179,0.3353767395019531,,479.51534247398376,8.507770538330078
1180,0.33310118317604065,,479.9153594970703,8.51146125793457
1181,0.3257921040058136,,480.31516790390015,8.515166282653809
1182,0.32132741808891296,,480.71420407295227,8.518866539001465
1183,0.31762608885765076,,481.11505794525146,8.522603988647461
1184,0.3187350332736969,,481.51466250419617,8.52629804611206
1185,0.3231421113014221,,481.91543889045715,8.529993057250977
1186,0.32655543088912964,,482.3151934146881,8.533679485321045
1187,0.3292198181152344,,482.71542954444885,8.537375926971436
1188,0.33208584785461426,,483.1152853965759,8.541073560714722
1189,0.33422455191612244,,483.51599502563477,8.544770956039429
1190,0.3361976444721222,,483.9154317378998,8.548467874526978
1191,0.3361472487449646,,484.3155963420868,8.552176475524902
1192,0.33592402935028076,,484.71530961990356,8.55587649345398
1193,0.3380987346172333,,485.11541175842285,8.559579133987427
1194,0.33860284090042114,,485.5149779319763,8.563278198242188
1195,0.3396685719490051,,485.9157238006592,8.566978454589844
1196,0.33908528089523315,,486.31610894203186,8.57067346572876
1197,0.3395749628543854,,486.71662950515747,8.574368000030518
1198,0.33930131793022156,,487.11654591560364,8.578057527542114
1199,0.3384515941143036,,487.51700472831726,8.58175778388977
1200,0.33948853611946106,,487.9167387485504,8.585464000701904
1201,0.33981260657310486,,488.31646966934204,8.589167833328247
1202,0.3400430381298065,,488.71556401252747,8.592862129211426
1203,0.34058311581611633,,489.1164770126343,8.596556901931763
1204,0.3420233428478241,,489.5165066719055,8.600252628326416
1205,0.3442484736442566,,489.91676926612854,8.603944301605225
1206,0.34542223811149597,,490.31617307662964,8.607638835906982
1207,0.3460775315761566,,490.71833658218384,8.611364126205444
1208,0.3454078435897827,,491.1179299354553,8.615063667297363
1209,0.34587588906288147,,491.51877999305725,8.618757724761963
1210,0.3469920754432678,,491.91998505592346,8.622443914413452
1211,0.34640878438949585,,492.3198969364166,8.62613821029663
1212,0.34610632061958313,,492.71957635879517,8.630106687545776
1213,0.3444644808769226,,493.12130522727966,8.63385272026062
1214,0.3411448001861572,,493.5221869945526,8.637547254562378
1215,0.3385379910469055,,493.9215884208679,8.641238451004028
1216,0.33253949880599976,,494.322420835495,8.644935846328735
1217,0.3278588056564331,,494.72204518318176,8.648640632629395
1218,0.32494238018989563,,495.12252497673035,8.652344942092896
1219,0.3235597610473633,,495.7838773727417,8.656040668487549
1220,0.3242942690849304,,496.18335342407227,8.659745454788208
1221,0.3239630162715912,,496.58469915390015,8.663443803787231
1222,0.32824045419692993,,496.9839985370636,8.6671462059021
1223,0.3303575813770294,,497.38403844833374,8.67085337638855
1224,0.33325961232185364,,497.78504753112793,8.674553155899048
1225,0.33642807602882385,,498.185302734375,8.678250551223755
1226,0.33822116255760193,,498.58511185646057,8.681944131851196
1227,0.33967578411102295,,498.98578214645386,8.685638427734375
1228,0.3406767249107361,,499.385764837265,8.689332246780396
1229,0.34098637104034424,,499.7851803302765,8.693033218383789
1230,0.3400646448135376,,500.1849298477173,8.696732521057129
1231,0.34096476435661316,,500.58485555648804,8.700439453125
1232,0.3419441282749176,,500.98670768737793,8.704139947891235
1233,0.34109440445899963,,501.3872208595276,8.707845211029053
1234,0.340813547372818,,501.78744864463806,8.711556673049927
1235,0.3397621810436249,,502.1866466999054,8.715288639068604
1236,0.3389124572277069,,502.58886647224426,8.719145059585571
1237,0.33978378772735596,,502.98806738853455,8.722841739654541
1238,0.33924371004104614,,503.3884587287903,8.726540565490723
1239,0.33847320079803467,,503.78869557380676,8.730242013931274
1240,0.33632728457450867,,504.188414812088,8.733940124511719
1241,0.33543434739112854,,504.5872116088867,8.737634658813477
1242,0.33307960629463196,,504.9876036643982,8.74155855178833
1243,0.3313441276550293,,505.38680815696716,8.745257139205933
1244,0.3254896402359009,,505.7871992588043,8.748960256576538
1245,0.32433751225471497,,506.18738627433777,8.752654552459717
1246,0.3251008093357086,,506.5874254703522,8.756349563598633
1247,0.32789480686187744,,506.98622703552246,8.760048151016235
1248,0.3318553864955902,,507.3867812156677,8.76375675201416
1249,0.33425337076187134,,507.7857551574707,8.767451286315918
1250,0.33125051856040955,,508.1876890659332,8.77114987373352
1251,0.33693936467170715,,508.58790040016174,8.774840354919434
1252,0.3372490108013153,,508.9881408214569,8.778531789779663
1253,0.3402518630027771,,509.38814330101013,8.782227039337158
1254,0.34136083722114563,,509.7880074977875,8.78594708442688
1255,0.3414544463157654,,510.18837547302246,8.78964114189148
1256,0.3422393500804901,,510.5890028476715,8.793344020843506
1257,0.34029504656791687,,510.9896583557129,8.79703426361084
1258,0.340230256319046,,511.389536857605,8.800728797912598
1259,0.3416992723941803,,511.78874158859253,8.804425477981567
1260,0.3416992723941803,,512.1889777183533,8.808118343353271
1261,0.34300267696380615,,512.5885584354401,8.811813116073608
1262,0.34244099259376526,,512.9885420799255,8.815505743026733
1263,0.3431755006313324,,513.3905820846558,8.819217920303345
1264,0.3436867892742157,,513.791140794754,8.822912693023682
1265,0.34205934405326843,,514.1926522254944,8.826711893081665
1266,0.34094318747520447,,514.592353105545,8.830404281616211
1267,0.3415624499320984,,514.9930012226105,8.834096431732178
1268,0.3408927619457245,,515.3928401470184,8.837793350219727
1269,0.3395821750164032,,515.7944650650024,8.841495037078857
1270,0.34106558561325073,,516.195226430893,8.845198392868042
1271,0.33717700839042664,,516.5950510501862,8.848922491073608
1272,0.3356863856315613,,517.2575867176056,8.852623224258423
1273,0.32873013615608215,,517.6577789783478,8.856328010559082
1274,0.3254752457141876,,518.0588738918304,8.860026836395264
1275,0.3194119334220886,,518.457822561264,8.863727569580078
1276,0.321557879447937,,518.8579399585724,8.867441415786743
1277,0.3256336748600006,,519.2576746940613,8.871134042739868
1278,0.3306456208229065,,519.6580646038055,8.874833106994629
1279,0.3359888195991516,,520.0596733093262,8.878530502319336
1280,0.34056150913238525,,520.4601626396179,8.882226467132568
1281,0.3430458903312683,,520.8596427440643,8.885930299758911
1282,0.34354275465011597,,521.2599666118622,8.88963007926941
1283,0.34337711334228516,,521.6605854034424,8.893341541290283
1284,0.343492329120636,,522.060712814331,8.897043466567993
1285,0.342642605304718,,522.4597444534302,8.90074110031128
1286,0.3446301221847534,,522.8604772090912,8.904430627822876
1287,0.3443852961063385,,523.2596879005432,8.908146142959595
1288,0.34583988785743713,,523.6593475341797,8.911847829818726
1289,0.34576067328453064,,524.0599765777588,8.915545463562012
1290,0.34616395831108093,,524.4606790542603,8.919236898422241
1291,0.34578949213027954,,524.8603785037994,8.922925472259521
1292,0.3461279273033142,,525.2619769573212,8.92662501335144
1293,0.3460199236869812,,525.6633930206299,8.930436134338379
1294,0.34686246514320374,,526.0629947185516,8.934435606002808
1295,0.34995171427726746,,526.4649338722229,8.938124179840088
1296,0.35027575492858887,,526.8656497001648,8.941822052001953
1297,0.3520328402519226,,527.2658014297485,8.945523977279663
1298,0.35451000928878784,,527.6683282852173,8.949223279953003
1299,0.3564758896827698,,528.0690758228302,8.952929735183716
1300,0.3551724851131439,,528.4683110713959,8.956721305847168
1301,0.35515809059143066,,528.8680341243744,8.960412502288818
1302,0.35533812642097473,,529.268625497818,8.964108228683472
1303,0.3542075455188751,,529.6694219112396,8.967817544937134
1304,0.35489165782928467,,530.0696005821228,8.97151231765747
1305,0.3544379770755768,,530.4692888259888,8.975219011306763
1306,0.3551653027534485,,530.867931842804,8.97892951965332
1307,0.3555685579776764,,531.2680017948151,8.982653856277466
1308,0.3547620177268982,,531.6676757335663,8.986360549926758
1309,0.35475483536720276,,532.0670373439789,8.99005651473999
1310,0.3543299734592438,,532.4668078422546,8.993756532669067
1311,0.3538475036621094,,532.8671247959137,8.997449398040771
1312,0.35362425446510315,,533.2659950256348,9.001147031784058
1313,0.3546540141105652,,533.6664650440216,9.004843473434448
1314,0.35494205355644226,,534.0660440921783,9.008543014526367
1315,0.3539627194404602,,534.4663419723511,9.012242078781128
1316,0.3541715443134308,,534.8665978908539,9.015930652618408
1317,0.35352346301078796,,535.2672491073608,9.019618511199951
1318,0.3539051115512848,,535.6666321754456,9.023322582244873
1319,0.3564038872718811,,536.0667333602905,9.027021169662476
1320,0.3596731424331665,,536.4663870334625,9.030715227127075
1321,0.36223673820495605,,536.8669648170471,9.034411430358887
1322,0.3603932559490204,,537.2680685520172,9.038111448287964
1323,0.35745522379875183,,537.6682877540588,9.041802883148193
1324,0.3547044098377228,,538.0691955089569,9.045895099639893
1325,0.35337942838668823,,538.7336213588715,9.049593925476074
1326,0.35314178466796875,,539.1331498622894,9.053287982940674
1327,0.35204723477363586,,539.533890247345,9.05698561668396
1328,0.3510318696498871,,539.932422876358,9.060690879821777
1329,0.3501533269882202,,540.3323440551758,9.064415454864502
1330,0.34952685236930847,,540.7326295375824,9.068108797073364
1331,0.3483026623725891,,541.1329915523529,9.07179570198059
1332,0.3480362296104431,,541.5328667163849,9.075495719909668
1333,0.347409725189209,,541.9332115650177,9.079195022583008
1334,0.3464736044406891,,542.3328034877777,9.082902431488037
1335,0.3466320335865021,,542.7323718070984,9.086613416671753
1336,0.34676164388656616,,543.1328029632568,9.09030818939209
1337,0.3468192219734192,,543.5326573848724,9.094003438949585
1338,0.3455806374549866,,543.9316983222961,9.097693681716919
1339,0.3451845943927765,,544.3316717147827,9.101391553878784
1340,0.3454798460006714,,544.731151342392,9.105088710784912
1341,0.34689846634864807,,545.130711555481,9.108814001083374
1342,0.3479570150375366,,545.5315618515015,9.112512111663818
1343,0.3501965403556824,,545.9315917491913,9.116212129592896
1344,0.35109665989875793,,546.3311772346497,9.119921445846558
1345,0.3550572693347931,,546.7314994335175,9.123616695404053
1346,0.36040768027305603,,547.1310901641846,9.127354145050049
1347,0.3642890453338623,,547.5306923389435,9.131065130233765
1348,0.36783918738365173,,547.9316589832306,9.134765386581421
1349,0.3637777864933014,,548.3321073055267,9.138457775115967
1350,0.36027804017066956,,548.7334108352661,9.142155647277832
1351,0.35791608691215515,,549.1338472366333,9.145854473114014
1352,0.3555397391319275,,549.5333957672119,9.149569034576416
1353,0.3542579710483551,,549.9328863620758,9.153266668319702
1354,0.35402750968933105,,550.3340418338776,9.156964540481567
1355,0.35300496220588684,,550.7340195178986,9.160665035247803
1356,0.35102468729019165,,551.1341440677643,9.16436243057251
1357,0.3524864912033081,,551.5356221199036,9.168056011199951
1358,0.35337942838668823,,551.9372589588165,9.1717848777771
1359,0.3531273901462555,,552.3374235630035,9.17550253868103
1360,0.3514999449253082,,552.7393343448639,9.179227590560913
1361,0.35096704959869385,,553.1393616199493,9.182957887649536
1362,0.3514135181903839,,553.540611743927,9.186669826507568
1363,0.35057100653648376,,553.9420278072357,9.190388679504395
1364,0.35241448879241943,,554.3421604633331,9.1941077709198
1365,0.35163676738739014,,554.7416515350342,9.19783329963684
1366,0.3507654368877411,,555.1429371833801,9.201550960540771
1367,0.35238566994667053,,555.5429434776306,9.205273151397705
1368,0.35201123356819153,,555.9433653354645,9.208986282348633
1369,0.35241448879241943,,556.3422873020172,9.212705373764038
1370,0.35316339135169983,,556.7429976463318,9.216428279876709
1371,0.3547404110431671,,557.1414937973022,9.220140218734741
1372,0.35606542229652405,,557.5421266555786,9.22387170791626
1373,0.357181578874588,,557.9425694942474,9.227588176727295
1374,0.35880905389785767,,558.3424308300018,9.231313943862915
1375,0.3600548207759857,,558.7426826953888,9.235038757324219
1376,0.36040768027305603,,559.1425249576569,9.238758563995361
1377,0.357872873544693,,559.5426774024963,9.242480516433716
1378,0.35587820410728455,,560.2082493305206,9.246193408966064
1379,0.3537754714488983,,560.60888838768,9.249916791915894
1380,0.3531777858734131,,561.009731054306,9.253618955612183
1381,0.35293295979499817,,561.4100053310394,9.257327556610107
1382,0.35164394974708557,,561.8086392879486,9.261066675186157
1383,0.35032618045806885,,562.2095236778259,9.264788150787354
1384,0.3506574332714081,,562.6103963851929,9.268494129180908
1385,0.35042697191238403,,563.0096869468689,9.272209882736206
1386,0.3504485785961151,,563.410667181015,9.2759268283844
1387,0.3499589264392853,,563.8098940849304,9.279661655426025
1388,0.34957003593444824,,564.2100546360016,9.283380270004272
1389,0.3508446514606476,,564.6111204624176,9.28709602355957
1390,0.35268092155456543,,565.0117073059082,9.290808200836182
1391,0.35286813974380493,,565.4112677574158,9.294532537460327
1392,0.3536098599433899,,565.8123042583466,9.298247337341309
1393,0.35579177737236023,,566.2108347415924,9.30196475982666
1394,0.3562166392803192,,566.6106595993042,9.30567455291748
1395,0.3573472201824188,,567.0114645957947,9.309391498565674
1396,0.3611781895160675,,567.4114961624146,9.313111782073975
1397,0.3600980043411255,,567.8115549087524,9.316826581954956
1398,0.3603500723838806,,568.2120530605316,9.320539236068726
1399,0.361257404088974,,568.611198425293,9.32425045967102
1400,0.35714560747146606,,569.0115251541138,9.327962636947632
1401,0.3544955849647522,,569.412896156311,9.331676721572876
1402,0.3534514307975769,,569.8128988742828,9.335396766662598
1403,0.3522776663303375,,570.2126121520996,9.339101552963257
1404,0.3517591953277588,,570.6135213375092,9.342826843261719
1405,0.3527817130088806,,571.0129222869873,9.346545219421387
1406,0.3518744111061096,,571.4126765727997,9.350392818450928
1407,0.35214805603027344,,571.8134682178497,9.354114532470703
1408,0.35386189818382263,,572.2143623828888,9.357823371887207
1409,0.35434436798095703,,572.6154253482819,9.361538887023926
1410,0.3558998107910156,,573.0157856941223,9.365260601043701
1411,0.3562670648097992,,573.4154086112976,9.368999004364014
1412,0.35697996616363525,,573.8165125846863,9.372717380523682
1413,0.35652628540992737,,574.2169647216797,9.376435041427612
1414,0.3558061718940735,,574.6184411048889,9.380143642425537
1415,0.3555397391319275,,575.0192999839783,9.383857488632202
1416,0.3560510277748108,,575.4205586910248,9.387569665908813
1417,0.3547044098377228,,575.8213589191437,9.391273021697998
1418,0.35410675406455994,,576.2202877998352,9.394983291625977
1419,0.3542507588863373,,576.6222198009491,9.398685216903687
1420,0.3550932705402374,,577.0223796367645,9.40239930152893
1421,0.3538331091403961,,577.4234867095947,9.406123399734497
1422,0.3549204468727112,,577.823789358139,9.40982174873352
1423,0.35786569118499756,,578.2239429950714,9.413541555404663
1424,0.35992521047592163,,578.6226153373718,9.417255878448486
1425,0.3596947491168976,,579.0246732234955,9.42098617553711
1426,0.3583265542984009,,579.4246866703033,9.424704551696777
1427,0.35542452335357666,,579.8254899978638,9.428425312042236
1428,0.35463961958885193,,580.2253406047821,9.43214464187622
1429,0.35537412762641907,,580.6254515647888,9.435871362686157
1430,0.355035662651062,,581.0255835056305,9.439572811126709
1431,0.3551724851131439,,581.690402507782,9.443291425704956
1432,0.3549060523509979,,582.0904293060303,9.447005271911621
1433,0.35690075159072876,,582.4912841320038,9.450719118118286
1434,0.3540923297405243,,582.8904008865356,9.454430341720581
1435,0.3529689610004425,,583.2908301353455,9.45815134048462
1436,0.35231366753578186,,583.6914365291595,9.46187448501587
1437,0.35258010029792786,,584.0945076942444,9.465578079223633
1438,0.3521912395954132,,584.4946141242981,9.469285011291504
1439,0.35303375124931335,,584.8953928947449,9.472997188568115
1440,0.35332900285720825,,585.2946240901947,9.476708173751831
1441,0.35233527421951294,,585.6951847076416,9.480438232421875
1442,0.35352346301078796,,586.0961272716522,9.484156608581543
1443,0.35858580470085144,,586.4969289302826,9.487868785858154
1444,0.3596731424331665,,586.8969895839691,9.491583824157715
1445,0.3592698872089386,,587.2984726428986,9.49531626701355
1446,0.3600980043411255,,587.6969497203827,9.499027013778687
1447,0.3594571352005005,,588.0984246730804,9.502747535705566
1448,0.35658392310142517,,588.4985501766205,9.506450414657593
1449,0.35574138164520264,,588.8987860679626,9.510171175003052
1450,0.35598620772361755,,589.298868894577,9.513880729675293
1451,0.3561590313911438,,589.6995158195496,9.517592668533325
1452,0.35563337802886963,,590.0984244346619,9.521312713623047
1453,0.35678553581237793,,590.4985587596893,9.525023460388184
1454,0.35528048872947693,,590.8987176418304,9.528738975524902
1455,0.354236364364624,,591.2993931770325,9.53246545791626
1456,0.3548988401889801,,591.6989915370941,9.536184787750244
1457,0.35316339135169983,,592.1002023220062,9.539902448654175
1458,0.35263770818710327,,592.4996507167816,9.54361891746521
1459,0.3525368869304657,,592.8997013568878,9.547333478927612
1460,0.35238566994667053,,593.300032377243,9.551038265228271
1461,0.3523424565792084,,593.7001864910126,9.554752588272095
1462,0.3526953160762787,,594.1005620956421,9.558467864990234
1463,0.3533722162246704,,594.5011937618256,9.562177658081055
1464,0.353581041097641,,594.9002652168274,9.565898418426514
1465,0.3548700511455536,,595.3011186122894,9.569627046585083
1466,0.35853540897369385,,595.7014863491058,9.573341369628906
1467,0.3590826690196991,,596.1022152900696,9.57704782485962
1468,0.35842737555503845,,596.5021967887878,9.58077073097229
1469,0.35837697982788086,,596.9034912586212,9.584474086761475
1470,0.36019885540008545,,597.3025872707367,9.588187217712402
1471,0.3606381118297577,,597.7029502391815,9.591908931732178
1472,0.3611565828323364,,598.1036958694458,9.595628499984741
1473,0.3598676025867462,,598.5055894851685,9.599342584609985
1474,0.35839858651161194,,598.9061126708984,9.603057622909546
1475,0.3568359315395355,,599.3064670562744,9.606789112091064
1476,0.3554893434047699,,599.7066380977631,9.610506296157837
1477,0.3543659746646881,,600.1066546440125,9.614219903945923
1478,0.3547044098377228,,600.507129907608,9.617937088012695
1479,0.35363146662712097,,600.906937122345,9.621658086776733
1480,0.3538475036621094,,601.307719707489,9.625367403030396
1481,0.3540131151676178,,601.7082786560059,9.629093408584595
1482,0.3541787266731262,,602.1075158119202,9.632803678512573
1483,0.35475483536720276,,602.507072687149,9.636515855789185
1484,0.3549204468727112,,603.1699249744415,9.640239953994751
1485,0.3545459806919098,,603.5697524547577,9.643954277038574
1486,0.3556765615940094,,603.9697415828705,9.647666692733765
1487,0.3549708425998688,,604.3697321414948,9.651377201080322
1488,0.3543083667755127,,604.7694437503815,9.65509033203125
1489,0.35485562682151794,,605.1711347103119,9.658816576004028
1490,0.35523730516433716,,605.5709025859833,9.662536144256592
1491,0.35577020049095154,,605.9708917140961,9.666240453720093
1492,0.3566198945045471,,606.3712496757507,9.669942617416382
1493,0.36156705021858215,,606.7707269191742,9.673652410507202
1494,0.3629208505153656,,607.1708519458771,9.67735743522644
1495,0.36218634247779846,,607.5718836784363,9.681066036224365
1496,0.3605516850948334,,607.9727172851562,9.684773445129395
1497,0.3602708578109741,,608.3729567527771,9.688501119613647
1498,0.35834094882011414,,608.7736303806305,9.69230604171753
1499,0.35598620772361755,,609.1730396747589,9.696029424667358
1500,0.35319218039512634,,609.5732023715973,11.068494081497192
1501,0.35233527421951294,,609.9748485088348,11.07221245765686
1502,0.35121190547943115,,610.3744795322418,11.075921773910522
1503,0.3510390818119049,,610.7745628356934,11.079652309417725
1504,0.3515431582927704,,611.1766078472137,11.08337926864624
1505,0.35255131125450134,,611.5762372016907,11.087089776992798
1506,0.35242167115211487,,611.9761192798615,11.090804100036621
1507,0.35337942838668823,,612.3775992393494,11.094518661499023
1508,0.35134151577949524,,612.7776479721069,11.098253965377808
1509,0.3518167734146118,,613.178831577301,11.10197377204895
1510,0.3523496687412262,,613.5797452926636,11.105694055557251
1511,0.3525729179382324,,613.9811110496521,11.109401226043701
1512,0.35188159346580505,,614.3814761638641,11.113113641738892
1513,0.3506430387496948,,614.7829656600952,11.116828918457031
1514,0.3496996760368347,,615.1831047534943,11.120547771453857
1515,0.3495628535747528,,615.5853474140167,11.124250888824463
1516,0.3490443825721741,,615.9853706359863,11.127995252609253
1517,0.346027135848999,,616.3867228031158,11.131713390350342
1518,0.34465891122817993,,616.7866415977478,11.13542890548706
1519,0.3441980481147766,,617.1878833770752,11.139153480529785
1520,0.342109739780426,,617.5884740352631,11.142874002456665
1521,0.3397189974784851,,617.989396572113,11.146585464477539
1522,0.3377242982387543,,618.3890845775604,11.15030288696289
1523,0.33827877044677734,,618.7893023490906,11.154021501541138
1524,0.33533352613449097,,619.1896278858185,11.157731771469116
1525,0.33503106236457825,,619.591007232666,11.161452293395996
1526,0.33300039172172546,,619.9909698963165,11.165176630020142
1527,0.33189141750335693,,620.3910586833954,11.168898344039917
1528,0.3363416790962219,,620.7904648780823,11.172613620758057
1529,0.33994221687316895,,621.1903960704803,11.176331758499146
1530,0.3416704833507538,,621.5903193950653,11.180034399032593
1531,0.34439247846603394,,621.9913086891174,11.183742046356201
1532,0.3447093367576599,,622.3904769420624,11.187455892562866
1533,0.3461567461490631,,622.7911953926086,11.191159725189209
1534,0.34624314308166504,,623.1906862258911,11.194887638092041
1535,0.3481082320213318,,623.5912244319916,11.198609828948975
1536,0.3479786217212677,,623.9909248352051,11.202341318130493
1537,0.3481154441833496,,624.6577019691467,11.206055641174316
1538,0.34898677468299866,,625.0582563877106,11.209771633148193
1539,0.34861230850219727,,625.4585945606232,11.213484048843384
1540,0.34801462292671204,,625.8596906661987,11.2172110080719
1541,0.3477841913700104,,626.260217666626,11.220948219299316
1542,0.3494188189506531,,626.6606194972992,11.224670648574829
1543,0.34860509634017944,,627.0603563785553,11.228396654129028
1544,0.3493972420692444,,627.4614410400391,11.232116460800171
1545,0.3501749336719513,,627.8619666099548,11.235843896865845
1546,0.351276695728302,,628.2623000144958,11.239558696746826
1547,0.35225605964660645,,628.6634690761566,11.243282079696655
1548,0.35362425446510315,,629.0646286010742,11.246997117996216
1549,0.35448119044303894,,629.4652304649353,11.250723838806152
1550,0.35603663325309753,,629.8643746376038,11.25442910194397
1551,0.3582761585712433,,630.2644324302673,11.258154153823853
1552,0.3625392019748688,,630.6645228862762,11.261870384216309
1553,0.3654196262359619,,631.065628528595,11.265583753585815
1554,0.36754393577575684,,631.4661931991577,11.269301652908325
1555,0.3656212389469147,,631.8667471408844,11.273022651672363
1556,0.36290645599365234,,632.26557970047,11.276731729507446
1557,0.3608037233352661,,632.6658706665039,11.280442953109741
1558,0.3588162362575531,,633.0660135746002,11.28415060043335
1559,0.3558638095855713,,633.4672152996063,11.287867546081543
1560,0.3540635406970978,,633.8673889636993,11.291594743728638
1561,0.35263770818710327,,634.2675542831421,11.29531216621399
1562,0.35126951336860657,,634.6669647693634,11.299035787582397
1563,0.35003092885017395,,635.0672430992126,11.302757740020752
1564,0.34984368085861206,,635.4669148921967,11.306484937667847
1565,0.3500957489013672,,635.8672602176666,11.31018853187561
1566,0.3503333628177643,,636.2676000595093,11.313915967941284
1567,0.34979328513145447,,636.6684248447418,11.317625045776367
1568,0.3505062162876129,,637.0683062076569,11.32133674621582
1569,0.35115429759025574,,637.4685788154602,11.325055122375488
1570,0.3513775169849396,,637.8687009811401,11.328763961791992
1571,0.35169437527656555,,638.2698264122009,11.33247685432434
1572,0.3512190878391266,,638.6709883213043,11.336190223693848
1573,0.3487779200077057,,639.0708239078522,11.339912414550781
1574,0.3493396043777466,,639.4700448513031,11.343635559082031
1575,0.35013893246650696,,639.8705632686615,11.347360372543335
1576,0.35121190547943115,,640.2702875137329,11.351099252700806
1577,0.3517663776874542,,640.6707446575165,11.35481309890747
1578,0.35107508301734924,,641.0720422267914,11.358522415161133
1579,0.3527745306491852,,641.4710342884064,11.36225152015686
1580,0.3536170423030853,,641.8713521957397,11.36596965789795
1581,0.3594643473625183,,642.2714159488678,11.369681119918823
1582,0.3643394708633423,,642.6714925765991,11.373383045196533
1583,0.3674791157245636,,643.0728430747986,11.377102851867676
1584,0.3658444881439209,,643.4754319190979,11.380826234817505
1585,0.3621647357940674,,643.8750607967377,11.384540557861328
1586,0.3581393361091614,,644.2755882740021,11.388252258300781
1587,0.35518690943717957,,644.6750774383545,11.391959428787231
1588,0.3528537452220917,,645.0755367279053,11.395678520202637
1589,0.3529185354709625,,645.4749565124512,11.39939546585083
1590,0.3522416353225708,,646.1415195465088,11.403106927871704
1591,0.3508014380931854,,646.5421285629272,11.406815767288208
1592,0.35062140226364136,,646.9433376789093,11.410529613494873
1593,0.35217684507369995,,647.3441178798676,11.414233684539795
1594,0.3527241349220276,,647.7451133728027,11.418039560317993
1595,0.3517591953277588,,648.1455280780792,11.421758890151978
1596,0.3505062162876129,,648.5454657077789,11.425464391708374
1597,0.35093826055526733,,648.9450647830963,11.429193019866943
1598,0.3520616292953491,,649.3454127311707,11.432917356491089
1599,0.3518744111061096,,649.7458143234253,11.436621904373169
1600,0.3518167734146118,,650.145786523819,11.440358877182007
1601,0.3525729179382324,,650.5469272136688,11.44407606124878
1602,0.35252970457077026,,650.946528673172,11.447786808013916
1603,0.3539915084838867,,651.3462913036346,11.451505661010742
1604,0.35276731848716736,,651.7464270591736,11.455209493637085
1605,0.3552156984806061,,652.1469805240631,11.458928346633911
1606,0.35450279712677,,652.5493538379669,11.462644100189209
1607,0.3556549549102783,,652.9501533508301,11.466365575790405
1608,0.35654789209365845,,653.3502957820892,11.470066785812378
1609,0.35643988847732544,,653.7498760223389,11.473779678344727
1610,0.3573184013366699,,654.1505081653595,11.477503538131714
1611,0.35687196254730225,,654.5511689186096,11.481229305267334
1612,0.35638946294784546,,654.9525721073151,11.484943628311157
1613,0.35764244198799133,,655.3538467884064,11.48865270614624
1614,0.3588450253009796,,655.7541563510895,11.492368459701538
1615,0.36071011424064636,,656.1534566879272,11.496071577072144
1616,0.3618479073047638,,656.5549685955048,11.499789476394653
1617,0.3634249269962311,,656.9549603462219,11.50351071357727
1618,0.362820029258728,,657.3558161258698,11.50722360610962
1619,0.3597883880138397,,657.7562701702118,11.510940551757812
1620,0.35714560747146606,,658.1567192077637,11.51465129852295
1621,0.3549060523509979,,658.5555472373962,11.518373966217041
1622,0.3536386489868164,,658.9564311504364,11.522088527679443
1623,0.3519824147224426,,659.3559873104095,11.52580738067627
1624,0.3515791594982147,,659.7561886310577,11.52952265739441
1625,0.3506070077419281,,660.1565346717834,11.533244371414185
1626,0.35258010029792786,,660.5572853088379,11.5369713306427
1627,0.35220563411712646,,660.9568812847137,11.54068636894226
1628,0.3515791594982147,,661.3569917678833,11.544391393661499
1629,0.35263049602508545,,661.7574574947357,11.548108100891113
1630,0.3524577021598816,,662.1592619419098,11.551820039749146
1631,0.3523280620574951,,662.5609803199768,11.555533647537231
1632,0.35180237889289856,,662.9616692066193,11.55925464630127
1633,0.35260170698165894,,663.3620450496674,11.56296682357788
1634,0.35268813371658325,,663.7637696266174,11.56668210029602
1635,0.3530193567276001,,664.1640379428864,11.570395946502686
1636,0.35198962688446045,,664.5642049312592,11.574123859405518
1637,0.35220563411712646,,664.965654373169,11.577825784683228
1638,0.35110387206077576,,665.3662478923798,11.581532716751099
1639,0.35175198316574097,,665.7667825222015,11.585247278213501
1640,0.3520040214061737,,666.1673550605774,11.58896517753601
1641,0.3533434271812439,,666.566887140274,11.592682838439941
1642,0.3548988401889801,,666.9672329425812,11.596390724182129
1643,0.35515809059143066,,667.6322555541992,11.60011601448059
1644,0.3585498034954071,,668.0342862606049,11.603842496871948
1645,0.36236637830734253,,668.4349584579468,11.607552289962769
1646,0.36693185567855835,,668.8353703022003,11.611272096633911
1647,0.365923672914505,,669.2349872589111,11.614994049072266
1648,0.36382097005844116,,669.6358802318573,11.618711948394775
1649,0.36295685172080994,,670.0348725318909,11.622442245483398
1650,0.35836976766586304,,670.4351630210876,11.626171827316284
1651,0.3569943606853485,,670.8352677822113,11.629880428314209
1652,0.3547044098377228,,671.2357351779938,11.633610010147095
1653,0.35376107692718506,,671.6357917785645,11.637319803237915
1654,0.35322099924087524,,672.0371356010437,11.641037464141846
1655,0.35139191150665283,,672.4368379116058,11.644945859909058
1656,0.35188159346580505,,672.8372662067413,11.648662090301514
1657,0.35129112005233765,,673.237767457962,11.652382850646973
1658,0.3518095910549164,,673.6387763023376,11.656095027923584
1659,0.3519175946712494,,674.0402185916901,11.659821510314941
1660,0.3521840572357178,,674.441329240799,11.663533210754395
1661,0.35107508301734924,,674.8421020507812,11.66727900505066
1662,0.3501173257827759,,675.2425315380096,11.671006679534912
1663,0.35126951336860657,,675.6446847915649,11.674721479415894
1664,0.3524000644683838,,676.0446455478668,11.678436040878296
1665,0.3524288833141327,,676.4473445415497,11.682146310806274
1666,0.3514711558818817,,676.8483030796051,11.685864448547363
1667,0.3519464135169983,,677.2499284744263,11.689583778381348
1668,0.35356664657592773,,677.6490128040314,11.693300724029541
1669,0.3549852669239044,,678.0505950450897,11.697125434875488
1670,0.3553813099861145,,678.450578212738,11.700841903686523
1671,0.35762083530426025,,678.8518531322479,11.704559087753296
1672,0.36057329177856445,,679.2529571056366,11.70828914642334
1673,0.3631944954395294,,679.6529965400696,11.712006092071533
1674,0.36595970392227173,,680.0517020225525,11.715720415115356
1675,0.36405861377716064,,680.4519817829132,11.719440698623657
1676,0.3635401427745819,,680.8519806861877,11.723166704177856
1677,0.35920509696006775,,681.2537989616394,11.726873874664307
1678,0.3570159673690796,,681.6543734073639,11.730584144592285
1679,0.35416433215141296,,682.0551927089691,11.734302520751953
1680,0.3538475036621094,,682.4542078971863,11.73801326751709
1681,0.35346582531929016,,682.8547337055206,11.741725206375122
1682,0.353206604719162,,683.2547218799591,11.745445489883423
1683,0.35332179069519043,,683.6549925804138,11.749161958694458
1684,0.3531489968299866,,684.0562794208527,11.752875328063965
1685,0.35416433215141296,,684.4566209316254,11.75658917427063
1686,0.3548412322998047,,684.8558673858643,11.760291337966919
1687,0.3530265688896179,,685.2562146186829,11.764017105102539
1688,0.35241448879241943,,685.6562983989716,11.76774525642395
1689,0.35161516070365906,,686.0570905208588,11.771478176116943
1690,0.35252249240875244,,686.4582064151764,11.775200843811035
1691,0.35190320014953613,,686.8582167625427,11.778908491134644
1692,0.3532642126083374,,687.2578735351562,11.78262186050415
1693,0.3541211485862732,,687.6588952541351,11.786341428756714
1694,0.35463961958885193,,688.0597398281097,11.79006028175354
1695,0.3568647503852844,,688.4597487449646,11.793769598007202
1696,0.35877302289009094,,689.1254272460938,11.797520875930786
1697,0.3613150119781494,,689.5264804363251,11.801282167434692
1698,0.3620063066482544,,689.9269938468933,11.804994344711304
1699,0.36285603046417236,,690.328610420227,11.808717250823975
1700,0.3587154150009155,,690.7275433540344,11.812434911727905
1701,0.356648713350296,,691.1283404827118,11.816150903701782
1702,0.3544451892375946,,691.5271830558777,11.819862604141235
1703,0.3535522520542145,,691.9271740913391,11.823578119277954
1704,0.3542219400405884,,692.3274238109589,11.827292203903198
1705,0.3539122939109802,,692.727970123291,11.83100700378418
1706,0.35475483536720276,,693.1274116039276,11.83472466468811
1707,0.3535594642162323,,693.528614282608,11.838445901870728
1708,0.3539843261241913,,693.9280700683594,11.84214973449707
1709,0.35270974040031433,,694.3281183242798,11.845869779586792
1710,0.3533073961734772,,694.7284417152405,11.849582195281982
1711,0.3540995419025421,,695.1288595199585,11.85329008102417
1712,0.3535594642162323,,695.5305030345917,11.856998682022095
1713,0.3554029166698456,,695.9315826892853,11.860719203948975
1714,0.3553237318992615,,696.331951379776,11.864443063735962
1715,0.35597899556159973,,696.7325665950775,11.86815333366394
1716,0.35582056641578674,,697.1332087516785,11.871866464614868
1717,0.35464683175086975,,697.5339453220367,11.875577688217163
1718,0.35352346301078796,,697.933670759201,11.879282474517822
1719,0.3537682890892029,,698.3349561691284,11.882993221282959
1720,0.3539051115512848,,698.7348093986511,11.886704683303833
1721,0.3571743965148926,,699.1350164413452,11.890412092208862
1722,0.3580385148525238,,699.5364727973938,11.894126653671265
1723,0.3625967800617218,,699.9373595714569,11.897847652435303
1724,0.36315128207206726,,700.3378405570984,11.901566743850708
1725,0.3629424571990967,,700.7388944625854,11.905283212661743
1726,0.3619198799133301,,701.1393370628357,11.909000635147095
1727,0.3619559109210968,,701.5395836830139,11.912702083587646
1728,0.3591042757034302,,701.9406943321228,11.916415214538574
1729,0.3568863570690155,,702.340797662735,11.920143365859985
1730,0.3557845950126648,,702.7421329021454,11.923853874206543
1731,0.35512927174568176,,703.142885684967,11.92757797241211
1732,0.35384029150009155,,703.5438261032104,11.931281089782715
1733,0.3530697822570801,,703.9427292346954,11.935007333755493
1734,0.3540995419025421,,704.3439586162567,11.938725233078003
1735,0.3539627194404602,,704.7445318698883,11.942440032958984
1736,0.3538186848163605,,705.1445660591125,11.946157932281494
1737,0.35507169365882874,,705.5446178913116,11.949876308441162
1738,0.3540995419025421,,705.9456832408905,11.953596591949463
1739,0.3535306453704834,,706.3445961475372,11.957307577133179
1740,0.3530697822570801,,706.7441656589508,11.96101999282837
1741,0.35345861315727234,,707.1444818973541,11.964744567871094
1742,0.35322821140289307,,707.5452511310577,11.968464374542236
1743,0.3547116219997406,,707.9458713531494,11.972184896469116
1744,0.35545334219932556,,708.3462338447571,11.975894927978516
1745,0.35670632123947144,,708.7449841499329,11.979605436325073
1746,0.35697996616363525,,709.1458842754364,11.98331069946289
1747,0.357390433549881,,709.5453636646271,11.987030029296875
1748,0.3578296899795532,,709.9467630386353,11.990742683410645
1749,0.35925549268722534,,710.6118607521057,11.994454383850098
1750,0.35952913761138916,,711.0119307041168,11.998174905776978
1751,0.3599611818790436,,711.413236618042,12.001882791519165
1752,0.35944271087646484,,711.8139986991882,12.00559687614441
1753,0.3592770993709564,,712.2151546478271,12.00931167602539
1754,0.3588954508304596,,712.6159687042236,12.013046979904175
1755,0.35917627811431885,,713.0186243057251,12.016758680343628
1756,0.3580889403820038,,713.4209635257721,12.020475387573242
1757,0.3573472201824188,,713.8215396404266,12.024204730987549
1758,0.3568647503852844,,714.2224707603455,12.027923583984375
1759,0.3557269871234894,,714.6229021549225,12.031821966171265
1760,0.3563174605369568,,715.0237419605255,12.035531282424927
1761,0.35445237159729004,,715.4224433898926,12.039254903793335
1762,0.3541427254676819,,715.8233654499054,12.042966842651367
1763,0.35462522506713867,,716.2277493476868,12.046690940856934
1764,0.3543659746646881,,716.6285123825073,12.050398349761963
1765,0.35459640622138977,,717.0280497074127,12.054117441177368
1766,0.3573976159095764,,717.4300413131714,12.05783224105835
1767,0.36022043228149414,,717.8288631439209,12.061551809310913
1768,0.36081811785697937,,718.2300870418549,12.065271854400635
1769,0.35989639163017273,,718.630273103714,12.06898283958435
1770,0.3590826690196991,,719.0310690402985,12.072701215744019
1771,0.3583049476146698,,719.4325270652771,12.076410055160522
1772,0.3574480414390564,,719.8335700035095,12.080124855041504
1773,0.3571023643016815,,720.2329456806183,12.083861112594604
1774,0.3554893434047699,,720.6321959495544,12.087581634521484
1775,0.3561662435531616,,721.0339050292969,12.09127950668335
1776,0.35505008697509766,,721.4341933727264,12.09502625465393
1777,0.3555973470211029,,721.8353662490845,12.098750829696655
1778,0.35593581199645996,,722.2357730865479,12.102462530136108
1779,0.35660549998283386,,722.63574385643,12.10619330406189
1780,0.35649028420448303,,723.0366191864014,12.109912633895874
1781,0.35625264048576355,,723.4391436576843,12.113617897033691
1782,0.3573184013366699,,723.8394160270691,12.117333173751831
1783,0.35861459374427795,,724.2397797107697,12.121053457260132
1784,0.357606440782547,,724.640221118927,12.124761819839478
1785,0.3596443831920624,,725.0407297611237,12.128679275512695
1786,0.3602564334869385,,725.440226316452,12.13239049911499
1787,0.36220794916152954,,725.8414595127106,12.136110544204712
1788,0.3605300784111023,,726.2415294647217,12.139861583709717
1789,0.3584417700767517,,726.6419379711151,12.143584251403809
1790,0.35754165053367615,,727.0436630249023,12.147294044494629
1791,0.35767126083374023,,727.4441249370575,12.151016473770142
1792,0.3554821312427521,,727.842586517334,12.15475583076477
1793,0.35407793521881104,,728.243492603302,12.158473014831543
1794,0.35404911637306213,,728.6437544822693,12.162186622619629
1795,0.35316339135169983,,729.0442433357239,12.165902137756348
1796,0.3529977798461914,,729.4441809654236,12.169623851776123
1797,0.3540131151676178,,729.8447041511536,12.173331499099731
1798,0.35418593883514404,,730.2442967891693,12.177069187164307
1799,0.3527241349220276,,730.645448923111,12.180786848068237
1800,0.3518455922603607,,731.0454788208008,12.184504985809326
1801,0.35171598196029663,,731.4463007450104,12.188299179077148
1802,0.35165834426879883,,732.112401008606,12.192010641098022
1803,0.3522488474845886,,732.5120875835419,12.195738077163696
1804,0.35322099924087524,,732.9136919975281,12.199454545974731
1805,0.35271692276000977,,733.3159189224243,12.203170537948608
1806,0.35363146662712097,,733.7156999111176,12.206891059875488
1807,0.35432276129722595,,734.1166160106659,12.210604429244995
1808,0.35276731848716736,,734.5161702632904,12.214317083358765
1809,0.35349464416503906,,734.9164521694183,12.218027830123901
1810,0.3529401421546936,,735.3171439170837,12.221738576889038
1811,0.3518671989440918,,735.7184114456177,12.225453615188599
1812,0.35134872794151306,,736.1188368797302,12.229156494140625
1813,0.35000211000442505,,736.5196723937988,12.232874631881714
1814,0.34927481412887573,,736.9181637763977,12.236582517623901
1815,0.34807223081588745,,737.3189322948456,12.240297317504883
1816,0.34809383749961853,,737.7201690673828,12.244004249572754
1817,0.34704968333244324,,738.1207027435303,12.247726202011108
1818,0.3450477719306946,,738.5202088356018,12.251442432403564
1819,0.34222495555877686,,738.9220139980316,12.255163192749023
1820,0.3400358259677887,,739.3209023475647,12.258881568908691
1821,0.33992061018943787,,739.7218227386475,12.262577056884766
1822,0.33925092220306396,,740.1223766803741,12.266287565231323
1823,0.34126001596450806,,740.5233943462372,12.269990682601929
1824,0.3438163995742798,,740.9238967895508,12.273714780807495
1825,0.34578949213027954,,741.3249244689941,12.2774338722229
1826,0.3467472493648529,,741.7247190475464,12.281146049499512
1827,0.3480074405670166,,742.1246039867401,12.28486180305481
1828,0.34737372398376465,,742.5246558189392,12.288579225540161
1829,0.3479858338832855,,742.924635887146,12.292283535003662
1830,0.34777697920799255,,743.3248188495636,12.295995712280273
1831,0.3493179976940155,,743.7266285419464,12.299707651138306
1832,0.35042697191238403,,744.1261646747589,12.303422451019287
1833,0.3507654368877411,,744.5271039009094,12.307124376296997
1834,0.35018935799598694,,744.9280683994293,12.31083869934082
1835,0.3500669300556183,,745.3281571865082,12.314560174942017
1836,0.3503477871417999,,745.7288234233856,12.318288564682007
1837,0.3486410975456238,,746.129640340805,12.321999311447144
1838,0.3477625846862793,,746.5318548679352,12.325705766677856
1839,0.34960606694221497,,746.9379739761353,12.32941722869873
1840,0.3481154441833496,,747.3442487716675,12.333122253417969
1841,0.34742414951324463,,747.748292684555,12.336835145950317
1842,0.3467112183570862,,748.1527891159058,12.340549230575562
1843,0.3452205955982208,,748.5570094585419,12.344263315200806
1844,0.34465891122817993,,748.9618082046509,12.347979307174683
1845,0.34050390124320984,,749.3638181686401,12.351691484451294
1846,0.3398197889328003,,749.7640910148621,12.355403423309326
1847,0.34192973375320435,,750.1637091636658,12.359111547470093
1848,0.34463730454444885,,750.5642600059509,12.362818956375122
1849,0.3453502357006073,,750.9643182754517,12.36653208732605
1850,0.3476329445838928,,751.3650183677673,12.370233058929443
1851,0.3465816080570221,,751.7636902332306,12.373974800109863
1852,0.34710007905960083,,752.164174079895,12.377683877944946
1853,0.34697046875953674,,752.5636467933655,12.381399869918823
1854,0.34691286087036133,,752.964227437973,12.385135889053345
1855,0.347301721572876,,753.62926197052,12.388840675354004
1856,0.34627196192741394,,754.0291230678558,12.392557859420776
1857,0.34667521715164185,,754.4300880432129,12.396263837814331
1858,0.3454006314277649,,754.8301093578339,12.399980068206787
1859,0.34646639227867126,,755.229875087738,12.403692245483398
1860,0.3466320335865021,,755.6304364204407,12.40740966796875
1861,0.34661760926246643,,756.0303044319153,12.411109209060669
1862,0.3475825786590576,,756.4305729866028,12.414828777313232
1863,0.34842509031295776,,756.8308324813843,12.418529510498047
1864,0.347251296043396,,757.2304501533508,12.422234773635864
1865,0.3494764268398285,,757.6301894187927,12.425949573516846
1866,0.3491379916667938,,758.0306241512299,12.429661989212036
1867,0.3479281961917877,,758.4292259216309,12.43337106704712
1868,0.3474457561969757,,758.8289911746979,12.437085151672363
1869,0.3481154441833496,,759.2295761108398,12.4407958984375
1870,0.3477625846862793,,759.6296193599701,12.444504737854004
1871,0.34624314308166504,,760.0293834209442,12.448212623596191
1872,0.34667521715164185,,760.4306757450104,12.451934099197388
1873,0.3465743958950043,,760.829350233078,12.45583963394165
1874,0.3458326756954193,,761.2293901443481,12.459549188613892
1875,0.34565988183021545,,761.6297173500061,12.463255405426025
1876,0.34543663263320923,,762.03089594841,12.466979026794434
1877,0.3433699309825897,,762.4304239749908,12.470679521560669
1878,0.3435211479663849,,762.8303692340851,12.474390268325806
1879,0.3439532220363617,,763.229719877243,12.478095769882202
1880,0.343650758266449,,763.6291699409485,12.481810331344604
1881,0.3456238806247711,,764.0298118591309,12.485511302947998
1882,0.3470136821269989,,764.4304203987122,12.489221334457397
1883,0.3470064699649811,,764.8300287723541,12.492929935455322
1884,0.3476833701133728,,765.2305572032928,12.496636390686035
1885,0.3469920754432678,,765.6304779052734,12.500345706939697
1886,0.34676164388656616,,766.0298492908478,12.504069566726685
1887,0.3479281961917877,,766.4321894645691,12.507772207260132
1888,0.34815865755081177,,766.832498550415,12.511479377746582
1889,0.3492604196071625,,767.2339198589325,12.515182733535767
1890,0.3492963910102844,,767.6342420578003,12.518889904022217
1891,0.3497212529182434,,768.0373575687408,12.522591352462769
1892,0.349022775888443,,768.4365200996399,12.526314973831177
1893,0.34786340594291687,,768.8373334407806,12.530036211013794
1894,0.3477913737297058,,769.2377376556396,12.533748865127563
1895,0.34914517402648926,,769.639999628067,12.537464380264282
1896,0.34836748242378235,,770.0401699542999,12.541176080703735
1897,0.349022775888443,,770.4405221939087,12.544889450073242
1898,0.34761136770248413,,770.8392233848572,12.548600196838379
1899,0.3461207151412964,,771.2399671077728,12.5523099899292
1900,0.348173052072525,,771.6394958496094,12.55602240562439
1901,0.3509094715118408,,772.0399508476257,12.559732437133789
1902,0.35139912366867065,,772.4401121139526,12.563450813293457
1903,0.3513847291469574,,772.8417360782623,12.567148923873901
1904,0.3515503406524658,,773.2403950691223,12.570866823196411
1905,0.3518671989440918,,773.6436955928802,12.574577569961548
1906,0.3513127267360687,,774.0442473888397,12.578284978866577
1907,0.35105347633361816,,774.444587469101,12.581989288330078
1908,0.3506430387496948,,775.1100215911865,12.585681200027466
1909,0.3518671989440918,,775.510383605957,12.589388608932495
1910,0.35177358984947205,,775.9112596511841,12.593103885650635
1911,0.35260888934135437,,776.311429977417,12.596809148788452
1912,0.35131990909576416,,776.711925983429,12.600524187088013
1913,0.3515719473361969,,777.1121835708618,12.604238271713257
1914,0.3508734405040741,,777.5124335289001,12.60794448852539
1915,0.35074383020401,,777.9132149219513,12.611642837524414
1916,0.349289208650589,,778.3135523796082,12.615351438522339
1917,0.3482162356376648,,778.7152004241943,12.619059085845947
1918,0.34719371795654297,,779.1152167320251,12.622756481170654
1919,0.346027135848999,,779.5153348445892,12.626469135284424
1920,0.3440108299255371,,779.9143013954163,12.630170822143555
1921,0.34509819746017456,,780.3144617080688,12.633914232254028
1922,0.34517019987106323,,780.7153131961823,12.637625217437744
1923,0.3440612256526947,,781.1157159805298,12.64133620262146
1924,0.3452998101711273,,781.515704870224,12.645044803619385
1925,0.3460415303707123,,781.9168508052826,12.648752212524414
1926,0.347676157951355,,782.3154752254486,12.65247130393982
1927,0.3483746647834778,,782.716609954834,12.656182050704956
1928,0.3490803837776184,,783.1163392066956,12.659893035888672
1929,0.3509886562824249,,783.5180547237396,12.663607597351074
1930,0.3502901494503021,,783.9173450469971,12.667315483093262
1931,0.3495340645313263,,784.3181552886963,12.671020984649658
1932,0.3511398732662201,,784.7167401313782,12.674729585647583
1933,0.34967806935310364,,785.1167933940887,12.678432941436768
1934,0.3495916426181793,,785.5169353485107,12.682143926620483
1935,0.34876352548599243,,785.9169833660126,12.685851335525513
1936,0.3490011692047119,,786.3170082569122,12.68958044052124
1937,0.3492963910102844,,786.7179365158081,12.693291425704956
1938,0.3483314514160156,,787.1175639629364,12.697007179260254
1939,0.3496492803096771,,787.5205268859863,12.700723648071289
1940,0.34886434674263,,787.920761346817,12.704432010650635
1941,0.34981489181518555,,788.321300983429,12.708136081695557
1942,0.34946203231811523,,788.7220306396484,12.711848258972168
1943,0.349289208650589,,789.1230945587158,12.715550899505615
1944,0.34900838136672974,,789.5240752696991,12.719248056411743
1945,0.3489363491535187,,789.9240918159485,12.722956418991089
1946,0.34772658348083496,,790.3257796764374,12.726649284362793
1947,0.3490011692047119,,790.7253105640411,12.73035740852356
1948,0.3484106957912445,,791.1256902217865,12.734070539474487
1949,0.346876859664917,,791.5266835689545,12.737776517868042
1950,0.34544384479522705,,791.9267740249634,12.74148440361023
1951,0.34619274735450745,,792.3255593776703,12.745192050933838
1952,0.3469920754432678,,792.7269465923309,12.748901128768921
1953,0.34771937131881714,,793.1261701583862,12.752609014511108
1954,0.3476257622241974,,793.527275800705,12.756318092346191
1955,0.3470064699649811,,793.9272854328156,12.760022401809692
1956,0.34654560685157776,,794.3278903961182,12.763739824295044
1957,0.34705689549446106,,794.7262551784515,12.767457723617554
1958,0.3462575376033783,,795.1272625923157,12.771170854568481
1959,0.34750333428382874,,795.5271475315094,12.77488398551941
1960,0.34676164388656616,,795.9280488491058,12.778590440750122
1961,0.3476545512676239,,796.5931448936462,12.78230619430542
1962,0.34828826785087585,,796.9929163455963,12.786026239395142
1963,0.348173052072525,,797.3935623168945,12.789746046066284
1964,0.3491379916667938,,797.7951679229736,12.79345989227295
1965,0.35043418407440186,,798.1960406303406,12.797189950942993
1966,0.3508230447769165,,798.5976142883301,12.80089521408081
1967,0.3504701852798462,,798.9982612133026,12.804603099822998
1968,0.3510318696498871,,799.3981754779816,12.808322668075562
1969,0.35096704959869385,,799.7984733581543,12.81203579902649
1970,0.3509238660335541,,800.1996591091156,12.81574535369873
1971,0.35013172030448914,,800.5991218090057,12.819466352462769
1972,0.3482954800128937,,800.9993422031403,12.823178052902222
1973,0.3478994071483612,,801.3988869190216,12.82690715789795
1974,0.34807223081588745,,801.8012990951538,12.830610275268555
1975,0.346826434135437,,802.202011346817,12.834322690963745
1976,0.3469344675540924,,802.6028141975403,12.838038682937622
1977,0.347568154335022,,803.0029845237732,12.841749668121338
1978,0.3479281961917877,,803.4050719738007,12.845447778701782
1979,0.34761855006217957,,803.8038177490234,12.849161386489868
1980,0.34788501262664795,,804.2048707008362,12.852880477905273
1981,0.34917399287223816,,804.6056299209595,12.856602430343628
1982,0.3515431582927704,,805.0059971809387,12.86031174659729
1983,0.35131990909576416,,805.4059970378876,12.864018678665161
1984,0.35212644934654236,,805.8070232868195,12.86772632598877
1985,0.3510318696498871,,806.2055354118347,12.871434450149536
1986,0.35174480080604553,,806.6097302436829,12.875139236450195
1987,0.35311299562454224,,807.0101828575134,12.87885856628418
1988,0.3538042902946472,,807.4112658500671,12.882587909698486
1989,0.3511902987957001,,807.8111937046051,12.88629961013794
1990,0.350318968296051,,808.2122371196747,12.890000104904175
1991,0.3492604196071625,,808.6110830307007,12.893714427947998
1992,0.3481874465942383,,809.0111150741577,12.897424459457397
1993,0.347092866897583,,809.4117696285248,12.901133298873901
1994,0.34805062413215637,,809.8122084140778,12.904836893081665
1995,0.34662482142448425,,810.2123930454254,12.908554077148438
1996,0.34460851550102234,,810.6134502887726,12.912273645401001
1997,0.34455811977386475,,811.0126016139984,12.916008234024048
1998,0.3432331085205078,,811.4122135639191,12.919723987579346
1999,0.3438955843448639,,811.8134989738464,12.92343020439148
2000,0.3454582393169403,,812.2147555351257,14.295722484588623
2001,0.3492676019668579,,812.6161551475525,14.299451351165771
2002,0.3508230447769165,,813.0179023742676,14.303149461746216
2003,0.35276010632514954,,813.4176003932953,14.306881427764893
2004,0.3528033494949341,,813.818856716156,14.31060242652893
2005,0.3543659746646881,,814.2187025547028,14.314314842224121
2006,0.35456037521362305,,814.6194336414337,14.318025588989258
2007,0.35434436798095703,,815.0198013782501,14.321755647659302
2008,0.3554101288318634,,815.4205095767975,14.325469732284546
2009,0.35483402013778687,,815.8199560642242,14.32918095588684
2010,0.35438036918640137,,816.2203886508942,14.3329017162323
2011,0.3534010350704193,,816.6204559803009,14.336600065231323
2012,0.3531057834625244,,817.0205569267273,14.340328931808472
2013,0.3543299734592438,,817.4206998348236,14.34403681755066
2014,0.3545459806919098,,818.0837695598602,14.347734928131104
2015,0.35550373792648315,,818.484589099884,14.351443529129028
2016,0.3541787266731262,,818.8886821269989,14.355165243148804
2017,0.35418593883514404,,819.2893779277802,14.35888147354126
2018,0.35448840260505676,,819.689414024353,14.362594366073608
2019,0.35411393642425537,,820.0897862911224,14.366305351257324
2020,0.3536386489868164,,820.4897196292877,14.370023250579834
2021,0.35245048999786377,,820.8921549320221,14.373734474182129
2022,0.35281774401664734,,821.2922065258026,14.377440452575684
2023,0.35330021381378174,,821.6920659542084,14.381167650222778
2024,0.3530697822570801,,822.0919373035431,14.38486385345459
2025,0.3539411127567291,,822.4916362762451,14.38859510421753
2026,0.3547980487346649,,822.8912189006805,14.392305850982666
2027,0.3549204468727112,,823.2924211025238,14.396010875701904
2028,0.35681432485580444,,823.69296002388,14.39972710609436
2029,0.35816091299057007,,824.0941796302795,14.403433322906494
2030,0.36006203293800354,,824.4934628009796,14.407146692276001
2031,0.36355453729629517,,824.8941857814789,14.410864353179932
2032,0.365866094827652,,825.2932240962982,14.414575099945068
2033,0.3669390380382538,,825.6943302154541,14.41828966140747
2034,0.3649587333202362,,826.094179391861,14.422006607055664
2035,0.3625679910182953,,826.4938917160034,14.42571473121643
2036,0.35890263319015503,,826.8943700790405,14.429426193237305
2037,0.35740482807159424,,827.2950875759125,14.433135509490967
2038,0.35633906722068787,,827.6954073905945,14.436856985092163
2039,0.35552534461021423,,828.0954356193542,14.440570831298828
2040,0.35518690943717957,,828.495587348938,14.444285869598389
2041,0.3541427254676819,,828.8959448337555,14.447995662689209
2042,0.35458919405937195,,829.29567527771,14.451708555221558
2043,0.3547404110431671,,829.6962912082672,14.455413818359375
2044,0.35416433215141296,,830.0962238311768,14.459126710891724
2045,0.3532714247703552,,830.4971082210541,14.462845802307129
2046,0.35289692878723145,,830.8984553813934,14.466574430465698
2047,0.3528105318546295,,831.2988271713257,14.470283269882202
2048,0.35295456647872925,,831.7000157833099,14.473986864089966
2049,0.35171598196029663,,832.0989165306091,14.477710485458374
2050,0.3516007661819458,,832.5002918243408,14.48142147064209
2051,0.3517591953277588,,832.9012606143951,14.485133409500122
2052,0.3502541482448578,,833.3017497062683,14.488848447799683
2053,0.34979328513145447,,833.7023773193359,14.49255633354187
2054,0.3498580753803253,,834.1036336421967,14.496256828308105
2055,0.35016053915023804,,834.502094745636,14.49996042251587
2056,0.34979328513145447,,834.9039063453674,14.503682136535645
2057,0.3485475182533264,,835.3050255775452,14.50739860534668
2058,0.34729450941085815,,835.7050912380219,14.511115312576294
2059,0.34525662660598755,,836.1046669483185,14.514822006225586
2060,0.3442484736442566,,836.5057294368744,14.518538236618042
2061,0.3424193859100342,,836.9041478633881,14.522253274917603
2062,0.3450621962547302,,837.3040685653687,14.52596926689148
2063,0.3464231789112091,,837.7048168182373,14.529677391052246
2064,0.34841787815093994,,838.1053395271301,14.533387422561646
2065,0.35013893246650696,,838.5049998760223,14.53709363937378
2066,0.34981489181518555,,838.9054584503174,14.540814876556396
2067,0.35065022110939026,,839.5672588348389,14.544526100158691
2068,0.35201841592788696,,839.9675543308258,14.548233032226562
2069,0.35271692276000977,,840.3680119514465,14.551945924758911
2070,0.35335060954093933,,840.7685267925262,14.555652379989624
2071,0.35286813974380493,,841.1691071987152,14.559368133544922
2072,0.3520760238170624,,841.5695068836212,14.563079833984375
2073,0.3525584936141968,,841.9702203273773,14.566784381866455
2074,0.35282495617866516,,842.3703100681305,14.570499897003174
2075,0.3523712754249573,,842.7708587646484,14.574208974838257
2076,0.35276010632514954,,843.1700911521912,14.577911853790283
2077,0.35271692276000977,,843.5703074932098,14.581621646881104
2078,0.3525657057762146,,843.9703593254089,14.585338354110718
2079,0.3521048426628113,,844.3711004257202,14.589044094085693
2080,0.35145673155784607,,844.7728085517883,14.592751502990723
2081,0.3516511619091034,,845.1729924678802,14.596463680267334
2082,0.34949803352355957,,845.5736155509949,14.600183010101318
2083,0.3477049767971039,,845.9748561382294,14.603893041610718
2084,0.3471505045890808,,846.3755683898926,14.6076021194458
2085,0.34584710001945496,,846.7757503986359,14.611315727233887
2086,0.3434203267097473,,847.1774365901947,14.615018129348755
2087,0.3443204462528229,,847.5777363777161,14.618718385696411
2088,0.34479573369026184,,847.9790472984314,14.62242579460144
2089,0.3454582393169403,,848.3778972625732,14.62613582611084
2090,0.3483602702617645,,848.7789218425751,14.629841804504395
2091,0.34855470061302185,,849.178929567337,14.633556842803955
2092,0.3502037525177002,,849.5815451145172,14.637267351150513
2093,0.3507726490497589,,849.982439994812,14.640971899032593
2094,0.34943321347236633,,850.3825306892395,14.644676685333252
2095,0.35110387206077576,,850.7817542552948,14.648393392562866
2096,0.35193198919296265,,851.1829767227173,14.652293682098389
2097,0.3516727685928345,,851.582183599472,14.656006097793579
2098,0.3510390818119049,,851.9842402935028,14.659725427627563
2099,0.3510390818119049,,852.3835251331329,14.66345477104187
2100,0.3526161015033722,,852.7839486598969,14.667157649993896
2101,0.3541787266731262,,853.1827154159546,14.670876502990723
2102,0.35349464416503906,,853.5839822292328,14.674593925476074
2103,0.3543011546134949,,853.9833242893219,14.67830491065979
2104,0.3544451892375946,,854.3839445114136,14.6820228099823
2105,0.35499244928359985,,854.7839639186859,14.68574833869934
2106,0.3569943606853485,,855.1839957237244,14.689453363418579
2107,0.35754886269569397,,855.5840170383453,14.693171977996826
2108,0.35687196254730225,,855.984765291214,14.696877241134644
2109,0.35687196254730225,,856.3852782249451,14.700595140457153
2110,0.35754886269569397,,856.786110162735,14.70430588722229
2111,0.35866501927375793,,857.1880419254303,14.708014011383057
2112,0.35831934213638306,,857.5880630016327,14.711740016937256
2113,0.3602060377597809,,857.9900095462799,14.715447902679443
2114,0.3602708578109741,,858.3892388343811,14.71915578842163
2115,0.3592410981655121,,858.7912209033966,14.722859621047974
2116,0.35928431153297424,,859.1918663978577,14.726566553115845
2117,0.3606669008731842,,859.5919921398163,14.730273485183716
2118,0.3598892092704773,,859.9921405315399,14.73399806022644
2119,0.359061062335968,,860.39297914505,14.737711906433105
2120,0.3576136529445648,,861.0543820858002,14.741431474685669
2121,0.3566991090774536,,861.4546809196472,14.745140314102173
2122,0.35603663325309753,,861.8554193973541,14.748842239379883
2123,0.35737600922584534,,862.2546696662903,14.75254774093628
2124,0.3578800857067108,,862.6547639369965,14.756244897842407
2125,0.3569943606853485,,863.0547897815704,14.759951829910278
2126,0.3566631078720093,,863.4550881385803,14.763660430908203
2127,0.35654789209365845,,863.8553900718689,14.767373085021973
2128,0.3565911054611206,,864.2561500072479,14.771072626113892
2129,0.3569367527961731,,864.6565217971802,14.774781942367554
2130,0.35875141620635986,,865.0562872886658,14.778481483459473
2131,0.3603428602218628,,865.456924200058,14.782199621200562
2132,0.3600548207759857,,865.8583695888519,14.78591251373291
2133,0.3607173264026642,,866.2597787380219,14.789624452590942
2134,0.361257404088974,,866.6607019901276,14.793338537216187
2135,0.3598603904247284,,867.0619399547577,14.797033071517944
2136,0.3587154150009155,,867.461428642273,14.800736904144287
2137,0.3583121597766876,,867.8629724979401,14.804445743560791
2138,0.35821133852005005,,868.2631049156189,14.808151245117188
2139,0.3566127121448517,,868.6642196178436,14.811851501464844
2140,0.3559214174747467,,869.0642104148865,14.815559387207031
2141,0.3538835048675537,,869.4652893543243,14.819260120391846
2142,0.3532570004463196,,869.8642680644989,14.822972059249878
2143,0.35376107692718506,,870.2652928829193,14.826680660247803
2144,0.3535090386867523,,870.6655266284943,14.830392360687256
2145,0.35363146662712097,,871.066957950592,14.834100246429443
2146,0.3541211485862732,,871.4667861461639,14.837816715240479
2147,0.3538475036621094,,871.8669712543488,14.841513633728027
2148,0.35421475768089294,,872.2662396430969,14.845213651657104
2149,0.35625985264778137,,872.666209936142,14.848927021026611
2150,0.3575344383716583,,873.0664825439453,14.852643489837646
2151,0.3579809069633484,,873.4667205810547,14.856345415115356
2152,0.35863620042800903,,873.8659951686859,14.86005425453186
2153,0.35915467143058777,,874.2661511898041,14.863769769668579
2154,0.35893145203590393,,874.6662163734436,14.8674955368042
2155,0.35823294520378113,,875.0658504962921,14.871203422546387
2156,0.3579305112361908,,875.465972661972,14.874914169311523
2157,0.35710957646369934,,875.8670053482056,14.878628492355347
2158,0.3566198945045471,,876.266633272171,14.88232684135437
2159,0.3552013039588928,,876.667587518692,14.88603925704956
2160,0.35494205355644226,,877.0683240890503,14.889730215072632
2161,0.35478365421295166,,877.4684364795685,14.893446683883667
2162,0.3543659746646881,,877.8699643611908,14.8971529006958
2163,0.35348743200302124,,878.2707667350769,14.900875568389893
2164,0.35421475768089294,,878.6711831092834,14.90458083152771
2165,0.35349464416503906,,879.0720307826996,14.908283233642578
2166,0.35445958375930786,,879.4755017757416,14.911988735198975
2167,0.35450279712677,,879.8746626377106,14.915690422058105
2168,0.3562166392803192,,880.2754719257355,14.919387817382812
2169,0.35612303018569946,,880.6753730773926,14.923101902008057
2170,0.3571600019931793,,881.0766668319702,14.926816940307617
2171,0.3577936887741089,,881.4763987064362,14.930524587631226
2172,0.358686625957489,,881.8775961399078,14.934234619140625
2173,0.3585785925388336,,882.5401260852814,14.937950372695923
2174,0.3597595691680908,,882.9402446746826,14.941668033599854
2175,0.3602132499217987,,883.3404831886292,14.945383310317993
2176,0.3604220747947693,,883.7405517101288,14.94910454750061
2177,0.3599756062030792,,884.1404008865356,14.952825784683228
2178,0.3590538799762726,,884.5414683818817,14.956541538238525
2179,0.3583049476146698,,884.9419095516205,14.96025562286377
2180,0.35743364691734314,,885.3421082496643,14.963965654373169
2181,0.35633906722068787,,885.7426016330719,14.96767783164978
2182,0.35474762320518494,,886.1422159671783,14.971385717391968
2183,0.353969931602478,,886.5423510074615,14.975097179412842
2184,0.3540635406970978,,886.9430527687073,14.97881531715393
2185,0.3535882532596588,,887.3434238433838,14.982537746429443
2186,0.35418593883514404,,887.7437250614166,14.986258029937744
2187,0.35443076491355896,,888.1443049907684,14.989973783493042
2188,0.3539339005947113,,888.544707775116,14.993679523468018
2189,0.3539843261241913,,888.9450147151947,14.997393131256104
2190,0.35486283898353577,,889.3449182510376,15.001120567321777
2191,0.3552156984806061,,889.7454876899719,15.004830598831177
2192,0.3538042902946472,,890.1470308303833,15.008545398712158
2193,0.35537412762641907,,890.5469219684601,15.01224946975708
2194,0.3558061718940735,,890.9465854167938,15.015972375869751
2195,0.3573616147041321,,891.3482701778412,15.019678831100464
2196,0.3582257628440857,,891.7492158412933,15.02340054512024
2197,0.36004042625427246,,892.1506714820862,15.027120113372803
2198,0.3615526556968689,,892.5529568195343,15.030823945999146
2199,0.358031302690506,,892.952938079834,15.03452467918396
2200,0.35784411430358887,,893.3529078960419,15.038240432739258
2201,0.35574859380722046,,893.7532706260681,15.041937351226807
2202,0.3546036183834076,,894.1547162532806,15.045655250549316
2203,0.35488444566726685,,894.5551328659058,15.049363374710083
2204,0.35337942838668823,,894.9573667049408,15.053073644638062
2205,0.35295456647872925,,895.3585765361786,15.05678105354309
2206,0.35351625084877014,,895.7591490745544,15.0604989528656
2207,0.3542003333568573,,896.1585655212402,15.064205646514893
2208,0.3537754714488983,,896.5595901012421,15.067912817001343
2209,0.35354506969451904,,896.9598822593689,15.071625232696533
2210,0.3535306453704834,,897.3613450527191,15.075349569320679
2211,0.35360264778137207,,897.7611351013184,15.079076766967773
2212,0.3534226417541504,,898.1613683700562,15.08279275894165
2213,0.3539122939109802,,898.5602049827576,15.086502075195312
2214,0.3558061718940735,,898.9601604938507,15.090209007263184
2215,0.35421475768089294,,899.3594377040863,15.093922853469849
2216,0.35440197587013245,,899.760600566864,15.097633361816406
2217,0.3544667959213257,,900.160306930542,15.101364850997925
2218,0.35330021381378174,,900.5613317489624,15.105078935623169
2219,0.3525873124599457,,900.9604489803314,15.10879111289978
2220,0.35124069452285767,,901.3608424663544,15.11251711845398
2221,0.3505493998527527,,901.7607238292694,15.116222381591797
2222,0.35018935799598694,,902.1620614528656,15.119939088821411
2223,0.3491523861885071,,902.5613946914673,15.123637676239014
2224,0.34877073764801025,,902.9616425037384,15.127345323562622
2225,0.3483602702617645,,903.3613262176514,15.131054878234863
2226,0.34761136770248413,,904.0255179405212,15.13476300239563
2227,0.34697046875953674,,904.4256222248077,15.138474702835083
2228,0.3462863564491272,,904.824853181839,15.142182350158691
2229,0.3456670939922333,,905.2241997718811,15.145896911621094
2230,0.3457750976085663,,905.6244790554047,15.149608850479126
2231,0.34656721353530884,,906.0254764556885,15.153321743011475
2232,0.346610426902771,,906.4263362884521,15.157040357589722
2233,0.34753215312957764,,906.8283514976501,15.160754442214966
2234,0.34863391518592834,,907.2292425632477,15.164484739303589
2235,0.3480002284049988,,907.6292963027954,15.168221235275269
2236,0.3467976450920105,,908.031884431839,15.171934127807617
2237,0.34853309392929077,,908.432245016098,15.175636768341064
2238,0.3483818769454956,,908.8317341804504,15.17933988571167
2239,0.34922441840171814,,909.2340986728668,15.183048248291016
2240,0.35008853673934937,,909.634881734848,15.186748027801514
2241,0.3501029312610626,,910.0341801643372,15.190468311309814
2242,0.3511110842227936,,910.4347815513611,15.194170951843262
2243,0.3502901494503021,,910.8345990180969,15.197885036468506
2244,0.35057100653648376,,911.2352764606476,15.201584577560425
2245,0.35147833824157715,,911.6355547904968,15.205294847488403
2246,0.3508230447769165,,912.0359454154968,15.209002494812012
2247,0.35212644934654236,,912.4342937469482,15.21271276473999
2248,0.3523712754249573,,912.8348376750946,15.216427087783813
2249,0.3525657057762146,,913.235315322876,15.220138549804688
2250,0.35222724080085754,,913.6358497142792,15.22386384010315
2251,0.3517303764820099,,914.0363759994507,15.227581024169922
2252,0.35204002261161804,,914.4369678497314,15.23128056526184
2253,0.3498364984989166,,914.8358294963837,15.234988927841187
2254,0.35018935799598694,,915.2370746135712,15.23869776725769
2255,0.35121190547943115,,915.6367845535278,15.242412805557251
2256,0.3502325713634491,,916.0388097763062,15.246117353439331
2257,0.3492316007614136,,916.4388444423676,15.249827146530151
2258,0.3496420681476593,,916.839596748352,15.253526210784912
2259,0.34895795583724976,,917.2385337352753,15.257232904434204
2260,0.3472801148891449,,917.6398568153381,15.260923385620117
2261,0.34764736890792847,,918.0391690731049,15.264632940292358
2262,0.3473089337348938,,918.4398672580719,15.268340110778809
2263,0.34774819016456604,,918.8401625156403,15.272053956985474
2264,0.34887874126434326,,919.241087436676,15.275763511657715
2265,0.3491811752319336,,919.6398794651031,15.279472827911377
2266,0.35038378834724426,,920.0400331020355,15.283180475234985
2267,0.3514639437198639,,920.4401824474335,15.286892175674438
2268,0.3518888056278229,,920.8417267799377,15.290603637695312
2269,0.3517303764820099,,921.242068529129,15.294314861297607
2270,0.3509814441204071,,921.6429071426392,15.29801321029663
2271,0.3516727685928345,,922.0413851737976,15.30172324180603
2272,0.3532930016517639,,922.4427833557129,15.305437803268433
2273,0.3532858192920685,,922.842493057251,15.30915355682373
2274,0.35317057371139526,,923.2429163455963,15.312866926193237
2275,0.35193920135498047,,923.6442716121674,15.316571712493896
2276,0.35174480080604553,,924.0447294712067,15.320281982421875
2277,0.35255131125450134,,924.4458899497986,15.323968172073364
2278,0.35116147994995117,,924.8459105491638,15.327685832977295
2279,0.35131990909576416,,925.5114879608154,15.331398248672485
2280,0.35016775131225586,,925.912430524826,15.33511471748352
2281,0.3487347364425659,,926.3132169246674,15.33883023262024
2282,0.34740254282951355,,926.7146217823029,15.342539548873901
2283,0.34702807664871216,,927.1149106025696,15.346238851547241
2284,0.3463223874568939,,927.515294790268,15.349961042404175
2285,0.3459911048412323,,927.9160187244415,15.353678941726685
2286,0.34643039107322693,,928.3174946308136,15.3573739528656
2287,0.3465527892112732,,928.7161576747894,15.361098051071167
2288,0.34670403599739075,,929.1164448261261,15.364821910858154
2289,0.3474385440349579,,929.5159583091736,15.368536472320557
2290,0.35053500533103943,,929.916995048523,15.372258424758911
2291,0.3519248068332672,,930.3163352012634,15.37597107887268
2292,0.35185280442237854,,930.7168939113617,15.379684686660767
2293,0.35188159346580505,,931.1157832145691,15.383406639099121
2294,0.3536386489868164,,931.5167899131775,15.387117385864258
2295,0.35340824723243713,,931.9174733161926,15.39082384109497
2296,0.3524288833141327,,932.3181293010712,15.394532203674316
2297,0.35165834426879883,,932.717857837677,15.398250818252563
2298,0.35309138894081116,,933.1192662715912,15.401972532272339
2299,0.35282495617866516,,933.5183172225952,15.405673503875732
2300,0.35335782170295715,,933.918783903122,15.409387826919556
2301,0.3534442186355591,,934.3185596466064,15.41310167312622
2302,0.3543371558189392,,934.7197015285492,15.41681170463562
2303,0.35316339135169983,,935.1194558143616,15.42052412033081
2304,0.35324981808662415,,935.5202884674072,15.424232721328735
2305,0.35337942838668823,,935.9193599224091,15.427937984466553
2306,0.35407793521881104,,936.3185813426971,15.431650400161743
2307,0.35504287481307983,,936.7189292907715,15.435378313064575
2308,0.35641828179359436,,937.1200141906738,15.439090013504028
2309,0.35558295249938965,,937.5197775363922,15.442809820175171
2310,0.35611581802368164,,937.9203679561615,15.44653034210205
2311,0.356648713350296,,938.3195023536682,15.450260877609253
2312,0.35764965415000916,,938.7191457748413,15.45397162437439
2313,0.35800251364707947,,939.1230738162994,15.457671880722046
2314,0.3591042757034302,,939.5237150192261,15.461374282836914
2315,0.35920509696006775,,939.9239253997803,15.46509575843811
2316,0.36032846570014954,,940.3248262405396,15.468801975250244
2317,0.3604220747947693,,940.7244794368744,15.472515106201172
2318,0.36102697253227234,,941.1232271194458,15.47623586654663
2319,0.35977399349212646,,941.5257079601288,15.47998332977295
2320,0.3587586283683777,,941.9259316921234,15.483731031417847
2321,0.3556765615940094,,942.3284261226654,15.487444400787354
2322,0.354236364364624,,942.727954864502,15.491157531738281
2323,0.3542867600917816,,943.12855219841,15.494868993759155
2324,0.355194091796875,,943.5274875164032,15.498579740524292
2325,0.3563678562641144,,943.9297683238983,15.502285957336426
2326,0.3566198945045471,,944.3283226490021,15.50599718093872
2327,0.35797372460365295,,944.7287516593933,15.50971245765686
2328,0.35808172821998596,,945.1294143199921,15.513424396514893
2329,0.3578800857067108,,945.52809882164,15.517150402069092
2330,0.35726800560951233,,945.927179813385,15.520864009857178
2331,0.355618953704834,,946.3289661407471,15.524564981460571
2332,0.35542452335357666,,946.9942851066589,15.528272867202759
2333,0.35559016466140747,,947.3940472602844,15.531973123550415
2334,0.3548196256160736,,947.7934374809265,15.535681962966919
2335,0.3553309142589569,,948.1931734085083,15.539390087127686
2336,0.35531651973724365,,948.5935182571411,15.543092489242554
2337,0.3552949130535126,,948.9938492774963,15.546807050704956
2338,0.35482683777809143,,949.3944001197815,15.550517082214355
2339,0.35386189818382263,,949.7946245670319,15.554227828979492
2340,0.35389068722724915,,950.1945488452911,15.55794382095337
2341,0.35405632853507996,,950.5949614048004,15.561660528182983
2342,0.35407793521881104,,950.9962675571442,15.565362453460693
2343,0.3541715443134308,,951.3983101844788,15.569072484970093
2344,0.3532858192920685,,951.7992837429047,15.572778224945068
2345,0.35559016466140747,,952.1999320983887,15.57649302482605
2346,0.3563534617424011,,952.5989239215851,15.580213069915771
2347,0.35485562682151794,,953.0003499984741,15.583924293518066
2348,0.3556549549102783,,953.4010388851166,15.58762788772583
2349,0.35515087842941284,,953.8022332191467,15.591339826583862
2350,0.35534533858299255,,954.2027168273926,15.595048427581787
2351,0.3559934198856354,,954.6035957336426,15.598758697509766
2352,0.3558421730995178,,955.0033485889435,15.602476835250854
2353,0.3565334975719452,,955.4041266441345,15.606178522109985
2354,0.3575776517391205,,955.8052086830139,15.60989236831665
2355,0.3571600019931793,,956.2056615352631,15.613601684570312
2356,0.3579593002796173,,956.6060004234314,15.617313385009766
2357,0.3588378429412842,,957.006915807724,15.621012926101685
2358,0.35893866419792175,,957.4054820537567,15.624723196029663
2359,0.3591690957546234,,957.8054575920105,15.628444194793701
2360,0.3583049476146698,,958.2055985927582,15.632159233093262
2361,0.3588954508304596,,958.606775522232,15.635875940322876
2362,0.35775047540664673,,959.0064866542816,15.639591217041016
2363,0.35690075159072876,,959.4074931144714,15.64329981803894
2364,0.35738322138786316,,959.8065617084503,15.64702320098877
2365,0.35555413365364075,,960.2075531482697,15.650728225708008
2366,0.3538546860218048,,960.6074795722961,15.654441118240356
2367,0.35478365421295166,,961.007842540741,15.658154010772705
2368,0.35459640622138977,,961.4074075222015,15.661871433258057
2369,0.3540995419025421,,961.8080639839172,15.66558313369751
2370,0.35526609420776367,,962.2076768875122,15.669274806976318
2371,0.3538042902946472,,962.6063976287842,15.672984600067139
2372,0.35311299562454224,,963.0068709850311,15.676686763763428
2373,0.35289692878723145,,963.4067022800446,15.680397987365723
2374,0.3554677367210388,,963.8064374923706,15.68411135673523
2375,0.35593581199645996,,964.2072141170502,15.687819242477417
2376,0.35552534461021423,,964.6071109771729,15.691527128219604
2377,0.35510048270225525,,965.0067000389099,15.695229530334473
2378,0.35687196254730225,,965.4071409702301,15.698942422866821
2379,0.3573688268661499,,965.8070983886719,15.702654838562012
2380,0.3572824001312256,,966.207026720047,15.70636248588562
2381,0.357923299074173,,966.6075854301453,15.710076808929443
2382,0.3588162362575531,,967.007169008255,15.713794708251953
2383,0.3599108159542084,,967.4078528881073,15.717528104782104
2384,0.3603212535381317,,967.8085043430328,15.721251964569092
2385,0.36049407720565796,,968.4751408100128,15.724960088729858
2386,0.35987478494644165,,968.8750574588776,15.728677749633789
2387,0.35936352610588074,,969.2765030860901,15.732394456863403
2388,0.35738322138786316,,969.6763718128204,15.73610806465149
2389,0.35716718435287476,,970.0777008533478,15.739824533462524
2390,0.35657671093940735,,970.4780859947205,15.743535280227661
2391,0.35615184903144836,,970.8783299922943,15.747244596481323
2392,0.3549708425998688,,971.2774403095245,15.750961065292358
2393,0.35520851612091064,,971.6797225475311,15.754667520523071
2394,0.3548412322998047,,972.0791108608246,15.75838565826416
2395,0.3550932705402374,,972.4797940254211,15.762097835540771
2396,0.3543083667755127,,972.8795075416565,15.765836954116821
2397,0.35397711396217346,,973.2799561023712,15.769549369812012
2398,0.35404911637306213,,973.6792571544647,15.773257732391357
2399,0.3538042902946472,,974.0799288749695,15.776966333389282
2400,0.3541427254676819,,974.4795427322388,15.780673503875732
2401,0.3541211485862732,,974.8806614875793,15.784379959106445
2402,0.3548124432563782,,975.2800452709198,15.78809118270874
2403,0.3540419042110443,,975.6800503730774,15.791795253753662
2404,0.3552444875240326,,976.0801599025726,15.79551076889038
2405,0.3558709919452667,,976.4801180362701,15.799229860305786
2406,0.3554389178752899,,976.8796257972717,15.802939653396606
2407,0.35496366024017334,,977.281005859375,15.806649923324585
2408,0.35505008697509766,,977.6806337833405,15.810355424880981
2409,0.35539570450782776,,978.0819625854492,15.814068794250488
2410,0.35612303018569946,,978.4823195934296,15.817777395248413
2411,0.3560870289802551,,978.8819036483765,15.82149338722229
2412,0.3567279279232025,,979.2823905944824,15.825206518173218
2413,0.3556693494319916,,979.6830122470856,15.828923463821411
2414,0.35682153701782227,,980.0827744007111,15.832643985748291
2415,0.3585785925388336,,980.4829359054565,15.836344242095947
2416,0.36027804017066956,,980.8835666179657,15.840053796768188
2417,0.3599611818790436,,981.2833666801453,15.84378433227539
2418,0.36089736223220825,,981.6833870410919,15.84749436378479
2419,0.3592770993709564,,982.0849275588989,15.851211309432983
2420,0.3582041561603546,,982.4855902194977,15.854922533035278
2421,0.3571743965148926,,982.8857624530792,15.858619689941406
2422,0.35603663325309753,,983.2863914966583,15.862330436706543
2423,0.3556837737560272,,983.6855328083038,15.866051435470581
2424,0.3553813099861145,,984.0867438316345,15.869762897491455
2425,0.35566216707229614,,984.4872798919678,15.873464584350586
2426,0.35523009300231934,,984.8890626430511,15.877170324325562
2427,0.35418593883514404,,985.2890553474426,15.880894899368286
2428,0.3544667959213257,,985.6897101402283,15.884606122970581
2429,0.3532858192920685,,986.08922290802,15.888313293457031
2430,0.3525873124599457,,986.4897437095642,15.892031192779541
2431,0.35309138894081116,,986.8899834156036,15.895749807357788
2432,0.3524072766304016,,987.2909865379333,15.899464845657349
2433,0.3514999449253082,,987.6911380290985,15.903185606002808
2434,0.35153594613075256,,988.0928859710693,15.906903743743896
2435,0.3515503406524658,,988.4913339614868,15.910603284835815
2436,0.35225605964660645,,988.8972728252411,15.914311408996582
2437,0.3516799509525299,,989.2973062992096,15.918020486831665
2438,0.35129112005233765,,989.9636461734772,15.921725034713745
2439,0.34919559955596924,,990.3643043041229,15.925620794296265
2440,0.3491379916667938,,990.764125585556,15.929327487945557
2441,0.34849709272384644,,991.1639082431793,15.933037042617798
2442,0.34820184111595154,,991.5649266242981,15.936752319335938
2443,0.3482738733291626,,991.9651482105255,15.940464735031128
2444,0.3478417992591858,,992.3645968437195,15.944171667098999
2445,0.34820184111595154,,992.7647161483765,15.947880744934082
2446,0.34982210397720337,,993.1643567085266,15.951597929000854
2447,0.3509814441204071,,993.5656480789185,15.95530891418457
2448,0.3518671989440918,,993.9666731357574,15.959007263183594
2449,0.351168692111969,,994.3679568767548,15.96271824836731
2450,0.35070061683654785,,994.7675755023956,15.966423988342285
2451,0.35235685110092163,,995.1687216758728,15.970135688781738
2452,0.3522200286388397,,995.567370891571,15.973852396011353
2453,0.3525080978870392,,995.9670705795288,15.977557897567749
2454,0.3517807722091675,,996.3691353797913,15.98127818107605
2455,0.3525945246219635,,996.7693114280701,15.984981536865234
2456,0.35169437527656555,,997.1706492900848,15.988687992095947
2457,0.3519752025604248,,997.5702819824219,15.992392301559448
2458,0.35239288210868835,,997.9719769954681,15.996091365814209
2459,0.3535018265247345,,998.37171459198,15.99979853630066
2460,0.3541499376296997,,998.7730374336243,16.003506422042847
2461,0.35351625084877014,,999.1735272407532,16.007209539413452
2462,0.35298338532447815,,999.5742399692535,16.01091170310974
2463,0.3523208796977997,,999.9741213321686,16.01461696624756
2464,0.35206881165504456,,1000.3754127025604,16.018331050872803
2465,0.3522200286388397,,1000.7754120826721,16.02203941345215
2466,0.3512983024120331,,1001.1773631572723,16.02575969696045
2467,0.3501173257827759,,1001.577005147934,16.02946186065674
2468,0.34952685236930847,,1001.9772055149078,16.033169984817505
2469,0.34820905327796936,,1002.3764307498932,16.036895990371704
2470,0.3492963910102844,,1002.7765889167786,16.04059910774231
2471,0.34916678071022034,,1003.1767671108246,16.044309377670288
2472,0.3502541482448578,,1003.5787267684937,16.048039197921753
2473,0.3498292863368988,,1003.9795787334442,16.051751375198364
2474,0.3495628535747528,,1004.3798532485962,16.05545425415039
2475,0.34962767362594604,,1004.779983997345,16.059158325195312
2476,0.3501461446285248,,1005.1795494556427,16.062888383865356
2477,0.3499085009098053,,1005.5801057815552,16.06659770011902
2478,0.351118266582489,,1005.9819083213806,16.07030701637268
2479,0.3519248068332672,,1006.3824455738068,16.074015855789185
2480,0.3523784577846527,,1006.7833051681519,16.077725648880005
2481,0.35289692878723145,,1007.1853041648865,16.081437587738037
2482,0.35381150245666504,,1007.5851650238037,16.08514642715454
2483,0.3543659746646881,,1007.9852333068848,16.088865518569946
2484,0.35463961958885193,,1008.3857448101044,16.0925714969635
2485,0.3537754714488983,,1008.7897980213165,16.096286058425903
2486,0.35345861315727234,,1009.1895470619202,16.099998950958252
2487,0.3542003333568573,,1009.5909690856934,16.103697061538696
2488,0.3538475036621094,,1009.989355802536,16.107396125793457
2489,0.3539051115512848,,1010.3895838260651,16.111107110977173
2490,0.35301217436790466,,1010.7901315689087,16.11480689048767
2491,0.3520760238170624,,1011.455176115036,16.118541717529297
2492,0.35183119773864746,,1011.8560528755188,16.122246026992798
2493,0.35191041231155396,,1012.2558102607727,16.125974416732788
2494,0.3518095910549164,,1012.6557638645172,16.129677295684814
2495,0.3502613604068756,,1013.0566046237946,16.133393049240112
2496,0.34960606694221497,,1013.4575681686401,16.137110710144043
2497,0.3483890891075134,,1013.8569900989532,16.140823125839233
2498,0.3470640778541565,,1014.2580380439758,16.144530296325684
2499,0.34680482745170593,,1014.6588764190674,16.148236513137817
2500,0.3467112183570862,,1015.059294462204,17.520910263061523
2501,0.3485691249370575,,1015.4606096744537,17.52462410926819
2502,0.35000932216644287,,1015.8610551357269,17.52833127975464
2503,0.3516079783439636,,1016.2610642910004,17.532050609588623
2504,0.3527241349220276,,1016.6606810092926,17.535762310028076
2505,0.3546828031539917,,1017.0615179538727,17.539472103118896
2506,0.35432276129722595,,1017.4618656635284,17.54318642616272
2507,0.3550644814968109,,1017.8619179725647,17.546890258789062
2508,0.35445237159729004,,1018.2623362541199,17.550606727600098
2509,0.3552444875240326,,1018.6615233421326,17.55431842803955
2510,0.35463961958885193,,1019.0630283355713,17.558027029037476
2511,0.3552156984806061,,1019.463451385498,17.561731338500977
2512,0.35501405596733093,,1019.8654181957245,17.565446138381958
2513,0.3548412322998047,,1020.2661411762238,17.569159030914307
2514,0.3554101288318634,,1020.6672511100769,17.57287883758545
2515,0.35450279712677,,1021.0660700798035,17.576591968536377
2516,0.3551436960697174,,1021.4671022891998,17.58031177520752
2517,0.35426515340805054,,1021.8678393363953,17.584030866622925
2518,0.3522776663303375,,1022.2692835330963,17.587741136550903
2519,0.35223445296287537,,1022.6700901985168,17.591604948043823
2520,0.35112547874450684,,1023.0704801082611,17.595319986343384
2521,0.3512983024120331,,1023.4703667163849,17.599027156829834
2522,0.3511470854282379,,1023.8711454868317,17.602742433547974
2523,0.3493396043777466,,1024.2716660499573,17.606454849243164
2524,0.3491595685482025,,1024.6715078353882,17.610171794891357
2525,0.34830987453460693,,1025.0718529224396,17.613890886306763
2526,0.3499661087989807,,1025.4722700119019,17.617597579956055
2527,0.35046300292015076,,1025.8716700077057,17.621305227279663
2528,0.34982210397720337,,1026.2713010311127,17.625014543533325
2529,0.3517303764820099,,1026.6718399524689,17.62873911857605
2530,0.35242167115211487,,1027.071931362152,17.632453680038452
2531,0.3515431582927704,,1027.4728100299835,17.636156797409058
2532,0.35079425573349,,1027.8731067180634,17.639861345291138
2533,0.35094544291496277,,1028.2737498283386,17.643584728240967
2534,0.350585401058197,,1028.6742796897888,17.647295475006104
2535,0.3500381112098694,,1029.0762708187103,17.651022911071777
2536,0.3501173257827759,,1029.477486371994,17.654744863510132
2537,0.35008853673934937,,1029.8791236877441,17.658451318740845
2538,0.35148555040359497,,1030.279515504837,17.662174463272095
2539,0.3509526550769806,,1030.680528640747,17.665863752365112
2540,0.3508806526660919,,1031.0801033973694,17.669578552246094
2541,0.35101747512817383,,1031.4802112579346,17.67329454421997
2542,0.3511759042739868,,1031.8804590702057,17.677005290985107
2543,0.3518383800983429,,1032.2812163829803,17.680726289749146
2544,0.35241448879241943,,1032.94553565979,17.684438467025757
2545,0.3523496687412262,,1033.3454203605652,17.688156604766846
2546,0.3531057834625244,,1033.7455599308014,17.691865921020508
2547,0.35245048999786377,,1034.1456809043884,17.69558596611023
2548,0.35236406326293945,,1034.546412229538,17.699309587478638
2549,0.35183119773864746,,1034.9449605941772,17.703018188476562
2550,0.35105347633361816,,1035.3461351394653,17.706716775894165
2551,0.35121190547943115,,1035.7467095851898,17.710428953170776
2552,0.3514639437198639,,1036.1476266384125,17.71415400505066
2553,0.35249367356300354,,1036.5467674732208,17.71786618232727
2554,0.35183119773864746,,1036.9484796524048,17.721583127975464
2555,0.3518095910549164,,1037.3477368354797,17.725281476974487
2556,0.3520616292953491,,1037.7472095489502,17.72898507118225
2557,0.35000932216644287,,1038.1471991539001,17.73268961906433
2558,0.3502253592014313,,1038.5472691059113,17.736401081085205
2559,0.3503405749797821,,1038.947003364563,17.740118980407715
2560,0.35043418407440186,,1039.3476300239563,17.743834733963013
2561,0.3506286144256592,,1039.7477424144745,17.74753975868225
2562,0.3502613604068756,,1040.1477715969086,17.75124764442444
2563,0.351060688495636,,1040.5484507083893,17.754960775375366
2564,0.35121190547943115,,1040.949645280838,17.758662223815918
2565,0.3515503406524658,,1041.3520419597626,17.76237678527832
2566,0.35121190547943115,,1041.7539768218994,17.76608157157898
2567,0.35116147994995117,,1042.154649734497,17.769791841506958
2568,0.351593554019928,,1042.5549819469452,17.77349591255188
2569,0.35278892517089844,,1042.9561018943787,17.777217149734497
2570,0.3530697822570801,,1043.3571846485138,17.780928373336792
2571,0.3528537452220917,,1043.7580811977386,17.784635543823242
2572,0.35301217436790466,,1044.1598720550537,17.78834319114685
2573,0.35319218039512634,,1044.5612342357635,17.79205632209778
2574,0.3551653027534485,,1044.9611382484436,17.795759201049805
2575,0.35582056641578674,,1045.3634586334229,17.799472093582153
2576,0.3562454581260681,,1045.76327586174,17.803170204162598
2577,0.3569583594799042,,1046.164318561554,17.806869506835938
2578,0.3576928675174713,,1046.5651087760925,17.810581922531128
2579,0.3588162362575531,,1046.9657027721405,17.814282655715942
2580,0.3607461452484131,,1047.364935874939,17.81799340248108
2581,0.36062371730804443,,1047.7672579288483,17.821712255477905
2582,0.3593851327896118,,1048.166594028473,17.825609922409058
2583,0.3604004681110382,,1048.5678491592407,17.82931637763977
2584,0.35939231514930725,,1048.9682955741882,17.83304476737976
2585,0.3601916432380676,,1049.3686797618866,17.836952447891235
2586,0.35791608691215515,,1049.7673099040985,17.840670108795166
2587,0.35547494888305664,,1050.1685309410095,17.844376802444458
2588,0.35424357652664185,,1050.5683007240295,17.84809446334839
2589,0.35225605964660645,,1050.9692313671112,17.85180401802063
2590,0.35305535793304443,,1051.3697736263275,17.855527877807617
2591,0.35370346903800964,,1051.769776582718,17.859235525131226
2592,0.35480523109436035,,1052.1688618659973,17.862943649291992
2593,0.35534533858299255,,1052.5700461864471,17.866640090942383
2594,0.35376107692718506,,1052.9698135852814,17.87034821510315
2595,0.3543371558189392,,1053.3705217838287,17.874053716659546
2596,0.35416433215141296,,1053.774032831192,17.877777099609375
2597,0.35471880435943604,,1054.4380946159363,17.881493091583252
2598,0.35281774401664734,,1054.8390202522278,17.88520312309265
2599,0.35450279712677,,1055.2416322231293,17.888920783996582
2600,0.3540131151676178,,1055.6418228149414,17.89263677597046
2601,0.3542507588863373,,1056.043215751648,17.896345615386963
2602,0.35367467999458313,,1056.4431264400482,17.90005326271057
2603,0.353314608335495,,1056.8437786102295,17.90378761291504
2604,0.35397711396217346,,1057.2448663711548,17.907496452331543
2605,0.35402750968933105,,1057.6458444595337,17.911210298538208
2606,0.35559016466140747,,1058.0457389354706,17.914912939071655
2607,0.3558061718940735,,1058.4464650154114,17.918621063232422
2608,0.35595738887786865,,1058.845098733902,17.92233657836914
2609,0.35579898953437805,,1059.2449021339417,17.92605447769165
2610,0.3556477725505829,,1059.6456665992737,17.929764986038208
2611,0.35627424716949463,,1060.0464520454407,17.933472394943237
2612,0.35644710063934326,,1060.446408033371,17.93717932701111
2613,0.3571023643016815,,1060.8473167419434,17.94089961051941
2614,0.35770007967948914,,1061.2462306022644,17.94460701942444
2615,0.35793769359588623,,1061.647108078003,17.94831609725952
2616,0.3578944802284241,,1062.0474710464478,17.95202326774597
2617,0.3565622866153717,,1062.4491119384766,17.95592474937439
2618,0.3549564480781555,,1062.8488993644714,17.95963215827942
2619,0.3552949130535126,,1063.2496917247772,17.963342428207397
2620,0.35678553581237793,,1063.6488370895386,17.9671790599823
2621,0.35671353340148926,,1064.0489931106567,17.97089457511902
2622,0.3563750684261322,,1064.4497368335724,17.974604845046997
2623,0.35528048872947693,,1064.8502118587494,17.978325128555298
2624,0.3550572693347931,,1065.254493713379,17.982038259506226
2625,0.35445958375930786,,1065.6556355953217,17.985747575759888
2626,0.3546900153160095,,1066.056182384491,17.989606857299805
2627,0.3552949130535126,,1066.4561853408813,17.993329763412476
2628,0.3554965555667877,,1066.8569869995117,17.997044324874878
2629,0.3569295406341553,,1067.257318019867,18.000765085220337
2630,0.3578800857067108,,1067.6568524837494,18.00449275970459
2631,0.357124000787735,,1068.0577454566956,18.008206129074097
2632,0.3570159673690796,,1068.4575383663177,18.011918544769287
2633,0.35802412033081055,,1068.8571963310242,18.015625953674316
2634,0.35950034856796265,,1069.2577350139618,18.019328594207764
2635,0.3601052165031433,,1069.6578335762024,18.02304172515869
2636,0.3602420389652252,,1070.0587763786316,18.026759147644043
2637,0.3604796826839447,,1070.4598143100739,18.030468225479126
2638,0.36073172092437744,,1070.8612430095673,18.034183263778687
2639,0.36017003655433655,,1071.2627651691437,18.037898063659668
2640,0.35826894640922546,,1071.662968635559,18.041611194610596
2641,0.35641828179359436,,1072.0640120506287,18.045339822769165
2642,0.3561662435531616,,1072.4664611816406,18.0490562915802
2643,0.35574859380722046,,1072.8665273189545,18.05276131629944
2644,0.35556134581565857,,1073.2667195796967,18.056474447250366
2645,0.3549204468727112,,1073.6658391952515,18.060193061828613
2646,0.35496366024017334,,1074.067641735077,18.06395649909973
2647,0.35502126812934875,,1074.46817445755,18.06766939163208
2648,0.3552516996860504,,1074.8702356815338,18.071378707885742
2649,0.3550068736076355,,1075.2711577415466,18.075096368789673
2650,0.3549852669239044,,1075.9343316555023,18.078805685043335
2651,0.35340824723243713,,1076.3350389003754,18.082510471343994
2652,0.35300496220588684,,1076.735579252243,18.086222171783447
2653,0.3536890745162964,,1077.1361310482025,18.08992862701416
2654,0.3533362150192261,,1077.5360052585602,18.093655586242676
2655,0.3523496687412262,,1077.9362754821777,18.09735679626465
2656,0.35263770818710327,,1078.336032629013,18.10106062889099
2657,0.35235685110092163,,1078.736300945282,18.104771852493286
2658,0.35263770818710327,,1079.1373763084412,18.108481884002686
2659,0.3539051115512848,,1079.5386583805084,18.112181425094604
2660,0.35541731119155884,,1079.9390528202057,18.11588478088379
2661,0.35434436798095703,,1080.3382377624512,18.119601488113403
2662,0.35424357652664185,,1080.738837480545,18.123319625854492
2663,0.35456758737564087,,1081.1396310329437,18.12702703475952
2664,0.35530930757522583,,1081.5412001609802,18.13072967529297
2665,0.3536170423030853,,1081.9429330825806,18.134432792663574
2666,0.354927659034729,,1082.3443183898926,18.1381356716156
2667,0.3569079339504242,,1082.7429821491241,18.14184331893921
2668,0.3584921956062317,,1083.1447429656982,18.14555311203003
2669,0.35979557037353516,,1083.5447871685028,18.149259090423584
2670,0.36269763112068176,,1083.9453222751617,18.152971982955933
2671,0.3637489676475525,,1084.345291852951,18.15669822692871
2672,0.36287763714790344,,1084.7467453479767,18.160419702529907
2673,0.3606381118297577,,1085.145489692688,18.16413950920105
2674,0.358953058719635,,1085.545565366745,18.1678466796875
2675,0.3565983176231384,,1085.9454407691956,18.171550273895264
2676,0.3562382459640503,,1086.3449919223785,18.175252199172974
2677,0.355035662651062,,1086.7442531585693,18.178956508636475
2678,0.3554389178752899,,1087.1448693275452,18.182668924331665
2679,0.3563966751098633,,1087.5437586307526,18.186368465423584
2680,0.3558133840560913,,1087.9447112083435,18.19008159637451
2681,0.35598620772361755,,1088.3442933559418,18.19379734992981
2682,0.354927659034729,,1088.7444105148315,18.197503566741943
2683,0.3542003333568573,,1089.1453437805176,18.201212882995605
2684,0.3542075455188751,,1089.5462651252747,18.204924821853638
2685,0.35378989577293396,,1089.9459252357483,18.208635568618774
2686,0.35308417677879333,,1090.346337556839,18.21234440803528
2687,0.35238566994667053,,1090.7469668388367,18.216060161590576
2688,0.34967806935310364,,1091.1478233337402,18.21977186203003
2689,0.350477397441864,,1091.5486812591553,18.223477602005005
2690,0.3509814441204071,,1091.9484734535217,18.22718358039856
2691,0.351327121257782,,1092.3489105701447,18.23090696334839
2692,0.3536674678325653,,1092.7492246627808,18.234614849090576
2693,0.3527745306491852,,1093.1507198810577,18.238317489624023
2694,0.35276010632514954,,1093.5519714355469,18.242033004760742
2695,0.353365033864975,,1093.952119588852,18.245736360549927
2696,0.35273852944374084,,1094.3530523777008,18.249444246292114
2697,0.3524288833141327,,1094.7533299922943,18.253145933151245
2698,0.3525657057762146,,1095.1524865627289,18.256861925125122
2699,0.3528609573841095,,1095.5531477928162,18.260583639144897
2700,0.35301217436790466,,1095.9533982276917,18.264297246932983
2701,0.35332900285720825,,1096.3545083999634,18.26799988746643
2702,0.3532930016517639,,1096.7548480033875,18.271713256835938
2703,0.35431554913520813,,1097.4174513816833,18.275420904159546
2704,0.3542291522026062,,1097.8177890777588,18.27912473678589
2705,0.3547332286834717,,1098.2179000377655,18.282822608947754
2706,0.35528048872947693,,1098.6176662445068,18.286532640457153
2707,0.3550572693347931,,1099.017779827118,18.29023838043213
2708,0.35456758737564087,,1099.4173066616058,18.293957233428955
2709,0.3544235825538635,,1099.8181412220001,18.29767155647278
2710,0.35434436798095703,,1100.2192602157593,18.301382541656494
2711,0.3555973470211029,,1100.6185717582703,18.30509305000305
2712,0.35638946294784546,,1101.018871307373,18.308806896209717
2713,0.355194091796875,,1101.4191915988922,18.312541961669922
2714,0.3558421730995178,,1101.820062160492,18.31624722480774
2715,0.35676392912864685,,1102.2202854156494,18.319958448410034
2716,0.3580673336982727,,1102.6217648983002,18.323681831359863
2717,0.3580961227416992,,1103.0240547657013,18.3273983001709
2718,0.357390433549881,,1103.424625635147,18.33110547065735
2719,0.3580961227416992,,1103.8264336585999,18.334819078445435
2720,0.3601844608783722,,1104.2253160476685,18.33853578567505
2721,0.3606669008731842,,1104.626631975174,18.342250108718872
2722,0.3605877161026001,,1105.0274603366852,18.34595823287964
2723,0.3595651388168335,,1105.4283783435822,18.34966492652893
2724,0.35802412033081055,,1105.8280181884766,18.35337805747986
2725,0.357923299074173,,1106.2294092178345,18.357102394104004
2726,0.3570519685745239,,1106.6281139850616,18.360812425613403
2727,0.3572896122932434,,1107.0281784534454,18.364518404006958
2728,0.35649028420448303,,1107.4288194179535,18.368236780166626
2729,0.35588541626930237,,1107.8298652172089,18.371958017349243
2730,0.35556134581565857,,1108.2294449806213,18.37568736076355
2731,0.35512205958366394,,1108.6303210258484,18.379395723342896
2732,0.35674232244491577,,1109.0291833877563,18.383121967315674
2733,0.35746243596076965,,1109.4295117855072,18.38682985305786
2734,0.3585209846496582,,1109.8298752307892,18.390551567077637
2735,0.3583337664604187,,1110.2300443649292,18.394266843795776
2736,0.3592410981655121,,1110.631278038025,18.397983074188232
2737,0.3585929870605469,,1111.0321879386902,18.401699542999268
2738,0.3574696183204651,,1111.4318952560425,18.405407667160034
2739,0.357181578874588,,1111.831815481186,18.40912914276123
2740,0.35690075159072876,,1112.2329688072205,18.412837505340576
2741,0.35657671093940735,,1112.633095741272,18.416549921035767
2742,0.3561302423477173,,1113.0342898368835,18.42025136947632
2743,0.35598620772361755,,1113.4350473880768,18.4239661693573
2744,0.3557053804397583,,1113.8351340293884,18.42767882347107
2745,0.35588541626930237,,1114.235238313675,18.431385040283203
2746,0.35507169365882874,,1114.637568950653,18.435099124908447
2747,0.35528048872947693,,1115.0377218723297,18.438817024230957
2748,0.355618953704834,,1115.4379270076752,18.44252038002014
2749,0.3558925986289978,,1115.8385503292084,18.446227550506592
2750,0.3563966751098633,,1116.2383208274841,18.449939012527466
2751,0.3577432632446289,,1116.6366925239563,18.45364212989807
2752,0.3578296899795532,,1117.0382988452911,18.457355499267578
2753,0.3577144742012024,,1117.4386920928955,18.46105456352234
2754,0.3583913743495941,,1117.8391270637512,18.46476697921753
2755,0.3586218059062958,,1118.2397809028625,18.468477964401245
2756,0.3582545518875122,,1118.9032926559448,18.47219181060791
2757,0.3575560450553894,,1119.30424618721,18.47589945793152
2758,0.3558061718940735,,1119.704184770584,18.479607582092285
2759,0.3558061718940735,,1120.1050205230713,18.483325242996216
2760,0.3560582399368286,,1120.5052523612976,18.487033128738403
2761,0.35703757405281067,,1120.905375957489,18.49075746536255
2762,0.3557845950126648,,1121.3045961856842,18.4944589138031
2763,0.35510048270225525,,1121.7059421539307,18.498173713684082
2764,0.3557845950126648,,1122.1063740253448,18.501882791519165
2765,0.3556693494319916,,1122.5067307949066,18.505582571029663
2766,0.3548988401889801,,1122.9076125621796,18.509289503097534
2767,0.35542452335357666,,1123.3092081546783,18.51299738883972
2768,0.35611581802368164,,1123.7100231647491,18.516700983047485
2769,0.3559646010398865,,1124.1105017662048,18.52041792869568
2770,0.354927659034729,,1124.5119683742523,18.52411675453186
2771,0.3548700511455536,,1124.913381099701,18.527842044830322
2772,0.3557269871234894,,1125.3137259483337,18.53156018257141
2773,0.35646867752075195,,1125.7133538722992,18.53525948524475
2774,0.35684314370155334,,1126.1172893047333,18.538982629776
2775,0.35762083530426025,,1126.517948627472,18.54269313812256
2776,0.3572536110877991,,1126.9182660579681,18.54640245437622
2777,0.35679271817207336,,1127.3196663856506,18.550135850906372
2778,0.35612303018569946,,1127.7203419208527,18.553848266601562
2779,0.3559646010398865,,1128.1195085048676,18.557549238204956
2780,0.3554317355155945,,1128.519530057907,18.561280727386475
2781,0.35453879833221436,,1128.9213767051697,18.56498670578003
2782,0.3544739782810211,,1129.322697877884,18.568689584732056
2783,0.3551148772239685,,1129.722648859024,18.572399139404297
2784,0.3542579710483551,,1130.1234028339386,18.576133012771606
2785,0.35424357652664185,,1130.5222811698914,18.57986330986023
2786,0.35322821140289307,,1130.9221885204315,18.583590030670166
2787,0.3524792790412903,,1131.3228435516357,18.587306022644043
2788,0.3534442186355591,,1131.7231962680817,18.591012239456177
2789,0.3524577021598816,,1132.1238069534302,18.594729900360107
2790,0.3532570004463196,,1132.5247066020966,18.59843397140503
2791,0.3521408438682556,,1132.9245972633362,18.602142333984375
2792,0.3514711558818817,,1133.3242149353027,18.60585045814514
2793,0.34995171427726746,,1133.7251205444336,18.609557390213013
2794,0.3496708869934082,,1134.1259469985962,18.613260984420776
2795,0.3488067388534546,,1134.5273327827454,18.61697483062744
2796,0.3490299582481384,,1134.9276955127716,18.62068223953247
2797,0.34861230850219727,,1135.327202796936,18.624395608901978
2798,0.34930360317230225,,1135.727549791336,18.628092050552368
2799,0.3496708869934082,,1136.1277751922607,18.631804943084717
2800,0.35134872794151306,,1136.528127670288,18.635520219802856
2801,0.35226327180862427,,1136.9293978214264,18.639232635498047
2802,0.35238566994667053,,1137.3301208019257,18.642942428588867
2803,0.353206604719162,,1137.7300417423248,18.646647930145264
2804,0.35301217436790466,,1138.129117488861,18.650355339050293
2805,0.3533434271812439,,1138.5290234088898,18.654056310653687
2806,0.35349464416503906,,1138.9312176704407,18.65776014328003
2807,0.3556693494319916,,1139.3328669071198,18.661460876464844
2808,0.35515087842941284,,1139.7331533432007,18.665173768997192
2809,0.35502126812934875,,1140.3956508636475,18.66888189315796
2810,0.3555397391319275,,1140.7963182926178,18.67258858680725
2811,0.35550373792648315,,1141.195915222168,18.676296710968018
2812,0.3565118908882141,,1141.59645819664,18.679997205734253
2813,0.3568647503852844,,1141.9967577457428,18.683719873428345
2814,0.3560294210910797,,1142.3963391780853,18.68743348121643
2815,0.35587820410728455,,1142.7969508171082,18.691147327423096
2816,0.35515087842941284,,1143.1981856822968,18.69484853744507
2817,0.3549204468727112,,1143.598120689392,18.698558807373047
2818,0.35475483536720276,,1143.9979312419891,18.70226502418518
2819,0.3555181324481964,,1144.3980722427368,18.70597267150879
2820,0.35558295249938965,,1144.7973282337189,18.709688663482666
2821,0.3556261658668518,,1145.1968567371368,18.713407039642334
2822,0.35528048872947693,,1145.598308801651,18.717129230499268
2823,0.35615184903144836,,1145.9986505508423,18.720839023590088
2824,0.3559429943561554,,1146.399355173111,18.724552869796753
2825,0.35652628540992737,,1146.800012588501,18.728257656097412
2826,0.3560582399368286,,1147.1994354724884,18.731966733932495
2827,0.35737600922584534,,1147.6003546714783,18.735673189163208
2828,0.3580601215362549,,1148.0020458698273,18.739384412765503
2829,0.35810333490371704,,1148.4029791355133,18.74309778213501
2830,0.3598819971084595,,1148.8045947551727,18.746835231781006
2831,0.35976678133010864,,1149.2059514522552,18.75055241584778
2832,0.3598819971084595,,1149.6054484844208,18.75428557395935
2833,0.3597235679626465,,1150.0052864551544,18.7580087184906
2834,0.3559429943561554,,1150.405669927597,18.761748790740967
2835,0.3548988401889801,,1150.8057987689972,18.765485763549805
2836,0.3552156984806061,,1151.2057173252106,18.769230127334595
2837,0.3541499376296997,,1151.606913805008,18.772942781448364
2838,0.35463961958885193,,1152.007299900055,18.77665138244629
2839,0.35523730516433716,,1152.4078109264374,18.780364990234375
2840,0.35434436798095703,,1152.8084154129028,18.784085988998413
2841,0.35327860713005066,,1153.2098293304443,18.787801265716553
2842,0.3542075455188751,,1153.6092369556427,18.791504383087158
2843,0.35407793521881104,,1154.0118970870972,18.795205116271973
2844,0.35488444566726685,,1154.4123177528381,18.79891085624695
2845,0.35445237159729004,,1154.813026189804,18.802618741989136
2846,0.3535522520542145,,1155.2139341831207,18.80632996559143
2847,0.35402750968933105,,1155.616928577423,18.81004810333252
2848,0.35413554310798645,,1156.0158219337463,18.81375551223755
2849,0.3538258969783783,,1156.4184799194336,18.817452430725098
2850,0.3535522520542145,,1156.8187983036041,18.821167707443237
2851,0.3528537452220917,,1157.2201600074768,18.824890851974487
2852,0.3525368869304657,,1157.6207301616669,18.828603506088257
2853,0.35340824723243713,,1158.021855354309,18.83231806755066
2854,0.3529617488384247,,1158.4207258224487,18.836037635803223
2855,0.35177358984947205,,1158.8214673995972,18.83976411819458
2856,0.3506646156311035,,1159.2224547863007,18.843475580215454
2857,0.3490011692047119,,1159.6233270168304,18.847188711166382
2858,0.34834587574005127,,1160.0239427089691,18.85090160369873
2859,0.3493540287017822,,1160.424738407135,18.854607820510864
2860,0.34970685839653015,,1160.8249592781067,18.858319997787476
2861,0.35109665989875793,,1161.2261209487915,18.862035751342773
2862,0.3525584936141968,,1161.8922064304352,18.865744590759277
2863,0.35273852944374084,,1162.293552160263,18.869460582733154
2864,0.35306257009506226,,1162.6944887638092,18.873180866241455
2865,0.35260888934135437,,1163.0953576564789,18.876889944076538
2866,0.3528825342655182,,1163.498117685318,18.880603790283203
2867,0.3527745306491852,,1163.9010112285614,18.884329080581665
2868,0.35402029752731323,,1164.302217721939,18.888035535812378
2869,0.35346582531929016,,1164.70357131958,18.8917453289032
2870,0.35365307331085205,,1165.1033582687378,18.895466804504395
2871,0.3543659746646881,,1165.5052738189697,18.899178981781006
2872,0.3542291522026062,,1165.9062752723694,18.90289545059204
2873,0.3546036183834076,,1166.3088507652283,18.906607389450073
2874,0.3540923297405243,,1166.7103033065796,18.91030764579773
2875,0.35376107692718506,,1167.1102781295776,18.914016723632812
2876,0.35351625084877014,,1167.5093348026276,18.917726516723633
2877,0.3527817130088806,,1167.9111318588257,18.921433687210083
2878,0.35196080803871155,,1168.3125302791595,18.92513155937195
2879,0.34976449608802795,,1168.7139966487885,18.928844690322876
2880,0.34858351945877075,,1169.1173939704895,18.932549715042114
2881,0.3483818769454956,,1169.5185515880585,18.936259508132935
2882,0.34965646266937256,,1169.9187715053558,18.939957857131958
2883,0.35029736161231995,,1170.3190596103668,18.943662643432617
2884,0.3521408438682556,,1170.720124721527,18.947375774383545
2885,0.35278892517089844,,1171.1222910881042,18.951083183288574
2886,0.3523208796977997,,1171.5226120948792,18.9547917842865
2887,0.3522992730140686,,1171.9243190288544,18.958497285842896
2888,0.3533722162246704,,1172.3242583274841,18.96221375465393
2889,0.35412833094596863,,1172.7254276275635,18.965950965881348
2890,0.3536890745162964,,1173.1266396045685,18.96967577934265
2891,0.3553885221481323,,1173.5291166305542,18.973381519317627
2892,0.3561878502368927,,1173.9307079315186,18.977094411849976
2893,0.35595738887786865,,1174.3316705226898,18.980814456939697
2894,0.3561302423477173,,1174.7327167987823,18.984537601470947
2895,0.355302095413208,,1175.135412454605,18.988243579864502
2896,0.35525888204574585,,1175.5368292331696,18.991963624954224
2897,0.3562670648097992,,1175.9382753372192,18.99567985534668
2898,0.3557845950126648,,1176.3403191566467,18.99939799308777
2899,0.35559016466140747,,1176.7405054569244,19.003103733062744
2900,0.35539570450782776,,1177.1409890651703,19.006813049316406
2901,0.35518690943717957,,1177.5412318706512,19.010515213012695
2902,0.35472601652145386,,1177.9425988197327,19.014227867126465
2903,0.35413554310798645,,1178.343254327774,19.017924547195435
2904,0.35438036918640137,,1178.7444741725922,19.021633625030518
2905,0.3536890745162964,,1179.1454389095306,19.025346517562866
2906,0.35281774401664734,,1179.5467817783356,19.029058933258057
2907,0.35360264778137207,,1179.9460315704346,19.032765865325928
2908,0.35486283898353577,,1180.347063779831,19.036473274230957
2909,0.3546828031539917,,1180.7478096485138,19.04018759727478
2910,0.35463961958885193,,1181.1485521793365,19.04389786720276
2911,0.3531273901462555,,1181.549289226532,19.047616243362427
2912,0.35282495617866516,,1181.9497022628784,19.051329135894775
2913,0.35337942838668823,,1182.3496515750885,19.055036306381226
2914,0.3533073961734772,,1182.7502136230469,19.058751821517944
2915,0.3526737093925476,,1183.4182391166687,19.062458276748657
2916,0.35306257009506226,,1183.822161436081,19.06615948677063
2917,0.35408514738082886,,1184.223082780838,19.069860696792603
2918,0.35343703627586365,,1184.623920917511,19.07360577583313
2919,0.3529185354709625,,1185.0261116027832,19.07731556892395
2920,0.35260888934135437,,1185.4278044700623,19.08103346824646
2921,0.3524792790412903,,1185.8284485340118,19.08474040031433
2922,0.3516799509525299,,1186.2302916049957,19.088454723358154
2923,0.3512479066848755,,1186.6295669078827,19.09217619895935
2924,0.3505997955799103,,1187.0324349403381,19.095882654190063
2925,0.3493684232234955,,1187.431699514389,19.09960699081421
2926,0.34928199648857117,,1187.8333208560944,19.103312253952026
2927,0.34895795583724976,,1188.2341723442078,19.10702681541443
2928,0.3511110842227936,,1188.6365258693695,19.110737085342407
2929,0.3510678708553314,,1189.03524851799,19.114445686340332
2930,0.35110387206077576,,1189.4354228973389,19.1181538105011
2931,0.3522704541683197,,1189.8369047641754,19.121864318847656
2932,0.35222724080085754,,1190.23934841156,19.125565767288208
2933,0.35303375124931335,,1190.6406321525574,19.129281759262085
2934,0.35319218039512634,,1191.042137145996,19.132991790771484
2935,0.3534442186355591,,1191.4417626857758,19.13670039176941
2936,0.35391950607299805,,1191.8438165187836,19.14041018486023
2937,0.3546036183834076,,1192.2458970546722,19.144126415252686
2938,0.35620224475860596,,1192.6468756198883,19.14784550666809
2939,0.3547116219997406,,1193.0475430488586,19.15165948867798
2940,0.3548700511455536,,1193.4491751194,19.15540337562561
2941,0.3546324074268341,,1193.8500242233276,19.159104108810425
2942,0.35494205355644226,,1194.2502875328064,19.162813425064087
2943,0.35558295249938965,,1194.651315689087,19.166507244110107
2944,0.3551148772239685,,1195.0549836158752,19.17022442817688
2945,0.35577020049095154,,1195.4563992023468,19.173945665359497
2946,0.355510950088501,,1195.8573541641235,19.177666425704956
2947,0.3557557761669159,,1196.2585363388062,19.18137216567993
2948,0.35759204626083374,,1196.6580336093903,19.18508768081665
2949,0.3575560450553894,,1197.0609140396118,19.1888108253479
2950,0.35823294520378113,,1197.4616889953613,19.19252324104309
2951,0.35856419801712036,,1197.8643527030945,19.19624423980713
2952,0.35875141620635986,,1198.26553273201,19.200111150741577
2953,0.359061062335968,,1198.6667354106903,19.20382308959961
2954,0.3573112189769745,,1199.0659711360931,19.20752763748169
2955,0.35681432485580444,,1199.4696288108826,19.211241006851196
2956,0.355352520942688,,1199.8706986904144,19.21496558189392
2957,0.3560582399368286,,1200.2713854312897,19.218680143356323
2958,0.3560510277748108,,1200.672747850418,19.222396850585938
2959,0.35692232847213745,,1201.0736899375916,19.2261004447937
2960,0.35667750239372253,,1201.472755908966,19.229807376861572
2961,0.3569943606853485,,1201.8734216690063,19.233515739440918
2962,0.35670632123947144,,1202.2746033668518,19.237225770950317
2963,0.35724639892578125,,1202.6758167743683,19.24094533920288
2964,0.35748404264450073,,1203.07661652565,19.244669437408447
2965,0.35633906722068787,,1203.478188753128,19.248377799987793
2966,0.35597899556159973,,1203.8784801959991,19.25208616256714
2967,0.3563966751098633,,1204.2801942825317,19.25579285621643
2968,0.35652628540992737,,1204.946890592575,19.259495496749878
2969,0.3568359315395355,,1205.3468494415283,19.263213634490967
2970,0.355777382850647,,1205.748408794403,19.266926050186157
2971,0.35636064410209656,,1206.1492578983307,19.270630598068237
2972,0.35617345571517944,,1206.550631761551,19.27433753013611
2973,0.3553309142589569,,1206.9551467895508,19.27803874015808
2974,0.35483402013778687,,1207.3567876815796,19.281742811203003
2975,0.35453879833221436,,1207.7583944797516,19.28544569015503
2976,0.35525888204574585,,1208.1576137542725,19.289183616638184
2977,0.3549780547618866,,1208.5645732879639,19.29288411140442
2978,0.3545531928539276,,1208.967745065689,19.296595573425293
2979,0.35633906722068787,,1209.3689675331116,19.30031704902649
2980,0.3571527898311615,,1209.7698752880096,19.30402159690857
2981,0.3575632572174072,,1210.1702227592468,19.30773091316223
2982,0.3588378429412842,,1210.5698449611664,19.311442136764526
2983,0.35950756072998047,,1210.9717276096344,19.31515598297119
2984,0.3589746654033661,,1211.3712828159332,19.318869590759277
2985,0.35844898223876953,,1211.7732200622559,19.322582960128784
2986,0.35732561349868774,,1212.1769380569458,19.32628893852234
2987,0.3583121597766876,,1212.5782356262207,19.32999014854431
2988,0.3594067096710205,,1212.9786541461945,19.333698749542236
2989,0.35847777128219604,,1213.3791861534119,19.33740544319153
2990,0.357390433549881,,1213.7806584835052,19.341125011444092
2991,0.3574768304824829,,1214.182092666626,19.344835996627808
2992,0.35716718435287476,,1214.5885002613068,19.34854793548584
2993,0.3560870289802551,,1214.9903845787048,19.352258682250977
2994,0.3562166392803192,,1215.39080119133,19.355963230133057
2995,0.35620224475860596,,1215.790832042694,19.359663724899292
2996,0.3556261658668518,,1216.1916012763977,19.363380670547485
2997,0.3555973470211029,,1216.593989610672,19.367085695266724
2998,0.3551364839076996,,1216.9965164661407,19.370790243148804
2999,0.35515809059143066,,1217.3981628417969,19.3745014667511
3000,0.3544739782810211,,1217.8021717071533,20.745671272277832
3001,0.35464683175086975,,1218.2038345336914,20.749390602111816
3002,0.3542291522026062,,1218.604284286499,20.753095149993896
3003,0.35435158014297485,,1219.006915807724,20.756812572479248
3004,0.3538042902946472,,1219.4076764583588,20.7605299949646
3005,0.3537250757217407,,1219.8088188171387,20.764240026474
3006,0.3544379770755768,,1220.2080545425415,20.767942190170288
3007,0.3537466824054718,,1220.6087119579315,20.771652698516846
3008,0.35394832491874695,,1221.0122759342194,20.775351524353027
3009,0.35445958375930786,,1221.4137561321259,20.779064893722534
3010,0.3544379770755768,,1221.816185951233,20.78277826309204
3011,0.35489165782928467,,1222.2166969776154,20.786494255065918
3012,0.3547044098377228,,1222.6189782619476,20.790200233459473
3013,0.3538475036621094,,1223.0218675136566,20.79390573501587
3014,0.3536602556705475,,1223.4237735271454,20.79761266708374
3015,0.3536098599433899,,1223.8246779441833,20.801337957382202
3016,0.35389789938926697,,1224.2277970314026,20.8050479888916
3017,0.3537754714488983,,1224.6289749145508,20.808923482894897
3018,0.35311299562454224,,1225.0304493904114,20.812639474868774
3019,0.35343703627586365,,1225.4303514957428,20.816347360610962
3020,0.3535306453704834,,1225.831046819687,20.820054054260254
3021,0.3525368869304657,,1226.4966957569122,20.82376217842102
3022,0.3521336317062378,,1226.8978531360626,20.827468872070312
3023,0.35228487849235535,,1227.2984590530396,20.831173419952393
3024,0.3508014380931854,,1227.6990504264832,20.83489203453064
3025,0.3507150113582611,,1228.101013660431,20.838608741760254
3026,0.35126230120658875,,1228.5025651454926,20.842329740524292
3027,0.35148555040359497,,1228.903725862503,20.84605050086975
3028,0.3519535958766937,,1229.3051035404205,20.849770069122314
3029,0.3512190878391266,,1229.7057857513428,20.85347890853882
3030,0.35139191150665283,,1230.1063363552094,20.857191562652588
3031,0.3517087697982788,,1230.5080828666687,20.86089015007019
3032,0.35268092155456543,,1230.9091823101044,20.86461067199707
3033,0.3517879843711853,,1231.30996966362,20.868325233459473
3034,0.3531346023082733,,1231.7127459049225,20.872026681900024
3035,0.35319939255714417,,1232.112514257431,20.875739097595215
3036,0.3531777858734131,,1232.5144729614258,20.87945795059204
3037,0.35322099924087524,,1232.9158837795258,20.883171319961548
3038,0.3532426059246063,,1233.317592382431,20.886887311935425
3039,0.3532570004463196,,1233.7186284065247,20.89060401916504
3040,0.3538762927055359,,1234.1196236610413,20.894309759140015
3041,0.3542507588863373,,1234.5190196037292,20.89800500869751
3042,0.3538762927055359,,1234.9196071624756,20.901731491088867
3043,0.3539555072784424,,1235.3211052417755,20.905439853668213
3044,0.35482683777809143,,1235.722404718399,20.909147024154663
3045,0.35472601652145386,,1236.1223957538605,20.91285276412964
3046,0.3549780547618866,,1236.523907661438,20.916563272476196
3047,0.3549996614456177,,1236.9239220619202,20.92027997970581
3048,0.35643988847732544,,1237.3258142471313,20.92399764060974
3049,0.3573688268661499,,1237.7268347740173,20.927709341049194
3050,0.35826894640922546,,1238.129382610321,20.93141198158264
3051,0.35721758008003235,,1238.530425310135,20.93512535095215
3052,0.3573976159095764,,1238.9319117069244,20.93883776664734
3053,0.3585929870605469,,1239.3315732479095,20.94254755973816
3054,0.3580457270145416,,1239.7323672771454,20.946258068084717
3055,0.35834816098213196,,1240.1328213214874,20.94999408721924
3056,0.35713839530944824,,1240.5335659980774,20.953722715377808
3057,0.3573327958583832,,1240.9339599609375,20.95743727684021
3058,0.356648713350296,,1241.3362596035004,20.961153507232666
3059,0.35559016466140747,,1241.7360887527466,20.964862823486328
3060,0.3554029166698456,,1242.1363174915314,20.968570232391357
3061,0.35526609420776367,,1242.5421628952026,20.972285509109497
3062,0.3536602556705475,,1242.9440925121307,20.975988149642944
3063,0.3537754714488983,,1243.345652103424,20.97970700263977
3064,0.3540059030056,,1243.7481443881989,20.983424186706543
3065,0.35324981808662415,,1244.1485524177551,20.987135887145996
3066,0.3539051115512848,,1244.5497369766235,20.990851879119873
3067,0.3542867600917816,,1244.9508554935455,20.9945707321167
3068,0.3548124432563782,,1245.3526158332825,20.998285055160522
3069,0.3544955849647522,,1245.757295846939,21.001993417739868
3070,0.3559142053127289,,1246.1625101566315,21.00570845603943
3071,0.35697275400161743,,1246.5631353855133,21.009426593780518
3072,0.3572607934474945,,1246.9622178077698,21.01312756538391
3073,0.3579089045524597,,1247.368536233902,21.016833066940308
3074,0.35741204023361206,,1248.0349898338318,21.020541667938232
3075,0.3558925986289978,,1248.435664653778,21.024246215820312
3076,0.35607263445854187,,1248.8368837833405,21.027961015701294
3077,0.35597899556159973,,1249.2381258010864,21.03168034553528
3078,0.35684314370155334,,1249.6400134563446,21.03539538383484
3079,0.3564254939556122,,1250.042025089264,21.039103746414185
3080,0.3555757403373718,,1250.44234085083,21.042810678482056
3081,0.3541499376296997,,1250.8433005809784,21.046517848968506
3082,0.35415711998939514,,1251.2436423301697,21.05023455619812
3083,0.35412833094596863,,1251.6481640338898,21.053948163986206
3084,0.3538331091403961,,1252.049453496933,21.057655334472656
3085,0.3544955849647522,,1252.4531090259552,21.061367511749268
3086,0.35311299562454224,,1252.85365152359,21.06507921218872
3087,0.3537178635597229,,1253.2559928894043,21.06877040863037
3088,0.35412833094596863,,1253.6555955410004,21.07248067855835
3089,0.35424357652664185,,1254.058100938797,21.076191902160645
3090,0.35426515340805054,,1254.4592969417572,21.079904079437256
3091,0.3544955849647522,,1254.8619983196259,21.083611726760864
3092,0.35340824723243713,,1255.2637033462524,21.08732795715332
3093,0.35345861315727234,,1255.665691614151,21.09105157852173
3094,0.35354506969451904,,1256.064872264862,21.094761610031128
3095,0.35300496220588684,,1256.4685773849487,21.098472356796265
3096,0.3518383800983429,,1256.870353937149,21.102195024490356
3097,0.3512263000011444,,1257.2712993621826,21.10590124130249
3098,0.3496492803096771,,1257.6718153953552,21.10961079597473
3099,0.3487491309642792,,1258.072932958603,21.113316774368286
3100,0.34978610277175903,,1258.4737322330475,21.11702847480774
3101,0.3509814441204071,,1258.8741035461426,21.120741367340088
3102,0.35172319412231445,,1259.2749209403992,21.124450206756592
3103,0.3527025282382965,,1259.6763634681702,21.128167867660522
3104,0.35193198919296265,,1260.0774223804474,21.131897687911987
3105,0.35265931487083435,,1260.4792728424072,21.135613203048706
3106,0.3539051115512848,,1260.8796315193176,21.139320611953735
3107,0.3550572693347931,,1261.2802958488464,21.143030405044556
3108,0.35488444566726685,,1261.6864049434662,21.146721601486206
3109,0.35533812642097473,,1262.0865125656128,21.15042233467102
3110,0.3535594642162323,,1262.4880499839783,21.154134273529053
3111,0.3534802198410034,,1262.889513015747,21.1578426361084
3112,0.3542075455188751,,1263.2896423339844,21.16155767440796
3113,0.3547620177268982,,1263.6911697387695,21.16526746749878
3114,0.35507887601852417,,1264.0978293418884,21.16897749900818
3115,0.3542867600917816,,1264.4982006549835,21.172693490982056
3116,0.35510048270225525,,1264.8999600410461,21.176414251327515
3117,0.3547044098377228,,1265.300993680954,21.18013072013855
3118,0.35373225808143616,,1265.7023746967316,21.183841705322266
3119,0.3540131151676178,,1266.102258682251,21.187552213668823
3120,0.35337942838668823,,1266.5047900676727,21.191263675689697
3121,0.3536674678325653,,1266.9059619903564,21.19497513771057
3122,0.3538258969783783,,1267.3079574108124,21.19869112968445
3123,0.35384029150009155,,1267.7091081142426,21.202402353286743
3124,0.3539915084838867,,1268.1117169857025,21.206103563308716
3125,0.35443076491355896,,1268.5109021663666,21.20980405807495
3126,0.3533362150192261,,1268.9119565486908,21.21357798576355
3127,0.35124069452285767,,1269.5799677371979,21.217292547225952
3128,0.35074383020401,,1269.9813299179077,21.221004724502563
3129,0.3503405749797821,,1270.381510257721,21.224713802337646
3130,0.34972846508026123,,1270.7828032970428,21.228423595428467
3131,0.3503117561340332,,1271.1852223873138,21.2321560382843
3132,0.34930360317230225,,1271.5870897769928,21.235865354537964
3133,0.3501749336719513,,1271.9877421855927,21.23958158493042
3134,0.35134872794151306,,1272.3885385990143,21.243290901184082
3135,0.35171598196029663,,1272.788794517517,21.247002601623535
3136,0.35270974040031433,,1273.1894755363464,21.25070881843567
3137,0.3541787266731262,,1273.5911209583282,21.254425287246704
3138,0.3534514307975769,,1273.9959859848022,21.25813126564026
3139,0.3538835048675537,,1274.3972296714783,21.26184916496277
3140,0.3538835048675537,,1274.7986540794373,21.265540838241577
3141,0.3544379770755768,,1275.198454618454,21.269277095794678
3142,0.35438036918640137,,1275.6021893024445,21.272988080978394
3143,0.3546036183834076,,1276.0040199756622,21.276706218719482
3144,0.35411393642425537,,1276.4053461551666,21.280427932739258
3145,0.3531273901462555,,1276.8056843280792,21.284144401550293
3146,0.35402750968933105,,1277.2074284553528,21.28786039352417
3147,0.3551364839076996,,1277.60635304451,21.29157042503357
3148,0.35520851612091064,,1278.0068795681,21.295287370681763
3149,0.3536674678325653,,1278.4085686206818,21.29899501800537
3150,0.35448119044303894,,1278.8105864524841,21.302708625793457
3151,0.3536602556705475,,1279.2107038497925,21.306413173675537
3152,0.3539555072784424,,1279.612327337265,21.310121297836304
3153,0.35537412762641907,,1280.0122513771057,21.31382989883423
3154,0.3543299734592438,,1280.4132182598114,21.31754183769226
3155,0.35415711998939514,,1280.8148968219757,21.321250915527344
3156,0.3553597331047058,,1281.2165665626526,21.324965715408325
3157,0.35489165782928467,,1281.6167886257172,21.32868480682373
3158,0.35652628540992737,,1282.0183386802673,21.332393884658813
3159,0.35651907324790955,,1282.4195547103882,21.33610701560974
3160,0.3562958538532257,,1282.8201315402985,21.339824438095093
3161,0.35601502656936646,,1283.2210235595703,21.343547582626343
3162,0.3544163703918457,,1283.6231698989868,21.34726119041443
3163,0.35378268361091614,,1284.0289285182953,21.35095977783203
3164,0.35354506969451904,,1284.4299578666687,21.354665279388428
3165,0.35286813974380493,,1284.830840587616,21.358385801315308
3166,0.3532570004463196,,1285.230831861496,21.362082481384277
3167,0.3538762927055359,,1285.631361246109,21.365795135498047
3168,0.35327860713005066,,1286.0325932502747,21.369503259658813
3169,0.35226327180862427,,1286.433632850647,21.373217821121216
3170,0.35193198919296265,,1286.8345339298248,21.37692427635193
3171,0.35322099924087524,,1287.2354307174683,21.380629539489746
3172,0.3534514307975769,,1287.6345121860504,21.384339094161987
3173,0.35402750968933105,,1288.0347380638123,21.388051748275757
3174,0.35416433215141296,,1288.4350383281708,21.391762256622314
3175,0.3542219400405884,,1288.837596654892,21.39547371864319
3176,0.35448840260505676,,1289.2424457073212,21.399226665496826
3177,0.35466840863227844,,1289.6435015201569,21.402947187423706
3178,0.3540707230567932,,1290.043256521225,21.40665340423584
3179,0.3544091582298279,,1290.445006608963,21.410359859466553
3180,0.3530985713005066,,1291.1118137836456,21.41407012939453
3181,0.35356664657592773,,1291.5143151283264,21.41777515411377
3182,0.35356664657592773,,1291.9143750667572,21.421499013900757
3183,0.35407793521881104,,1292.3182656764984,21.425212860107422
3184,0.3540419042110443,,1292.7205765247345,21.42891788482666
3185,0.35391950607299805,,1293.1222376823425,21.43264603614807
3186,0.3543299734592438,,1293.5232713222504,21.436357021331787
3187,0.35381150245666504,,1293.925951719284,21.440064668655396
3188,0.3552229106426239,,1294.3254351615906,21.443773984909058
3189,0.35628145933151245,,1294.7258126735687,21.447506427764893
3190,0.35577020049095154,,1295.1270625591278,21.451215505599976
3191,0.3550932705402374,,1295.5285959243774,21.454930067062378
3192,0.35485562682151794,,1295.9293155670166,21.45863938331604
3193,0.3557053804397583,,1296.3315179347992,21.46234893798828
3194,0.356915146112442,,1296.730817079544,21.46606183052063
3195,0.35708796977996826,,1297.1317145824432,21.46976613998413
3196,0.3567783236503601,,1297.5330719947815,21.47346544265747
3197,0.35810333490371704,,1297.9335272312164,21.477174043655396
3198,0.35799530148506165,,1298.3339285850525,21.48087763786316
3199,0.3587874472141266,,1298.7352521419525,21.48458981513977
3200,0.3574768304824829,,1299.1356859207153,21.488291025161743
3201,0.3572031855583191,,1299.536740064621,21.49198341369629
3202,0.35600781440734863,,1299.9375891685486,21.49571180343628
3203,0.3556837737560272,,1300.338143825531,21.499427556991577
3204,0.3560870289802551,,1300.741131067276,21.503141164779663
3205,0.355352520942688,,1301.1430478096008,21.506852626800537
3206,0.3562886714935303,,1301.544025182724,21.51056718826294
3207,0.3560294210910797,,1301.9465668201447,21.514269590377808
3208,0.35611581802368164,,1302.3474233150482,21.51797318458557
3209,0.35673514008522034,,1302.7481846809387,21.52168583869934
3210,0.35649028420448303,,1303.151160478592,21.525390148162842
3211,0.3564758896827698,,1303.5534119606018,21.529106855392456
3212,0.3568359315395355,,1303.9527034759521,21.53281331062317
3213,0.3561806380748749,,1304.352280139923,21.53652334213257
3214,0.35569095611572266,,1304.755053281784,21.54022765159607
3215,0.3559214174747467,,1305.154996395111,21.543941736221313
3216,0.35544613003730774,,1305.5557856559753,21.547653198242188
3217,0.35627424716949463,,1305.957088470459,21.55136275291443
3218,0.35649028420448303,,1306.3575463294983,21.5550639629364
3219,0.3557557761669159,,1306.756718635559,21.558778285980225
3220,0.35582777857780457,,1307.1593506336212,21.56248641014099
3221,0.35507887601852417,,1307.5599253177643,21.566192865371704
3222,0.354769229888916,,1307.961942911148,21.56990885734558
3223,0.35469719767570496,,1308.3631570339203,21.573617935180664
3224,0.3519248068332672,,1308.7647762298584,21.57731294631958
3225,0.3506286144256592,,1309.1646831035614,21.581017017364502
3226,0.3510894775390625,,1309.566198348999,21.584728717803955
3227,0.35102468729019165,,1309.968337059021,21.58843159675598
3228,0.35124069452285767,,1310.3695969581604,21.592153072357178
3229,0.35188159346580505,,1310.7705817222595,21.595858097076416
3230,0.35295456647872925,,1311.1725187301636,21.599570751190186
3231,0.35332179069519043,,1311.573229789734,21.603269577026367
3232,0.354610800743103,,1311.9745466709137,21.60698366165161
3233,0.35399872064590454,,1312.6399145126343,21.610708713531494
3234,0.35356664657592773,,1313.0413579940796,21.614423990249634
3235,0.35440197587013245,,1313.4425287246704,21.618330478668213
3236,0.35438036918640137,,1313.8442733287811,21.62203574180603
3237,0.3545244038105011,,1314.245326757431,21.62574815750122
3238,0.354610800743103,,1314.6472465991974,21.629459857940674
3239,0.35485562682151794,,1315.0484144687653,21.633168697357178
3240,0.35496366024017334,,1315.448763847351,21.63686966896057
3241,0.35523730516433716,,1315.8485560417175,21.6405770778656
3242,0.3554101288318634,,1316.2495913505554,21.644282579421997
3243,0.35512927174568176,,1316.6510074138641,21.647984981536865
3244,0.35456037521362305,,1317.0541307926178,21.65169382095337
3245,0.3544739782810211,,1317.454839706421,21.65539813041687
3246,0.35415711998939514,,1317.8563084602356,21.65911340713501
3247,0.35488444566726685,,1318.2558550834656,21.662833213806152
3248,0.3540059030056,,1318.6579856872559,21.66655158996582
3249,0.3543875813484192,,1319.059785604477,21.670289039611816
3250,0.35448119044303894,,1319.4609439373016,21.67400860786438
3251,0.35491326451301575,,1319.8623161315918,21.677721977233887
3252,0.3558638095855713,,1320.2628614902496,21.68142032623291
3253,0.3558638095855713,,1320.663513660431,21.685120820999146
3254,0.35579177737236023,,1321.0637443065643,21.688841581344604
3255,0.35472601652145386,,1321.4684076309204,21.692554473876953
3256,0.35367467999458313,,1321.8699810504913,21.696263074874878
3257,0.35282495617866516,,1322.27538728714,21.699969053268433
3258,0.3512479066848755,,1322.6763467788696,21.70367431640625
3259,0.3514063358306885,,1323.0774929523468,21.707382678985596
3260,0.3520328402519226,,1323.477689743042,21.711097717285156
3261,0.3522776663303375,,1323.8793926239014,21.714831113815308
3262,0.3528609573841095,,1324.2807774543762,21.71854257583618
3263,0.35384029150009155,,1324.683168888092,21.722247838974
3264,0.35376107692718506,,1325.0844976902008,21.725969791412354
3265,0.35386189818382263,,1325.486141204834,21.729681253433228
3266,0.3540635406970978,,1325.8858602046967,21.733396768569946
3267,0.355302095413208,,1326.289704799652,21.73711919784546
3268,0.355777382850647,,1326.6920268535614,21.740832328796387
3269,0.35394832491874695,,1327.0935683250427,21.744553565979004
3270,0.35496366024017334,,1327.4958262443542,21.748257875442505
3271,0.3536962866783142,,1327.8972816467285,21.75197696685791
3272,0.35486283898353577,,1328.2975721359253,21.755692720413208
3273,0.3549780547618866,,1328.6986429691315,21.759405612945557
3274,0.3549204468727112,,1329.099535226822,21.763123273849487
3275,0.3550644814968109,,1329.5010313987732,21.766834497451782
3276,0.3553597331047058,,1329.9017639160156,21.770551681518555
3277,0.35491326451301575,,1330.3022394180298,21.774254322052002
3278,0.3554317355155945,,1330.7031717300415,21.777958154678345
3279,0.35577020049095154,,1331.1039080619812,21.78166913986206
3280,0.35595738887786865,,1331.5080733299255,21.78538465499878
3281,0.3564326763153076,,1331.9096190929413,21.78910231590271
3282,0.3575776517391205,,1332.3141264915466,21.792829036712646
3283,0.35762083530426025,,1332.7156164646149,21.79653239250183
3284,0.3576928675174713,,1333.1167538166046,21.80023431777954
3285,0.35839858651161194,,1333.518107175827,21.80395483970642
3286,0.35829055309295654,,1334.184240102768,21.80767035484314
3287,0.35874423384666443,,1334.585045337677,21.81137752532959
3288,0.35836976766586304,,1334.9841151237488,21.815106630325317
3289,0.35870102047920227,,1335.3872616291046,21.818813800811768
3290,0.35867223143577576,,1335.7880501747131,21.822529077529907
3291,0.35928431153297424,,1336.1908740997314,21.82624578475952
3292,0.35947152972221375,,1336.591497182846,21.829955101013184
3293,0.35823294520378113,,1336.9921052455902,21.833670139312744
3294,0.35888102650642395,,1337.3923270702362,21.83738136291504
3295,0.3594571352005005,,1337.792580127716,21.841102600097656
3296,0.357606440782547,,1338.1935167312622,21.844810009002686
3297,0.35700157284736633,,1338.5941364765167,21.84852910041809
3298,0.3566127121448517,,1338.9945847988129,21.8522367477417
3299,0.3570951819419861,,1339.396779537201,21.855937957763672
3300,0.3574480414390564,,1339.79731631279,21.859658002853394
3301,0.3568863570690155,,1340.1984233856201,21.863377571105957
3302,0.3578296899795532,,1340.599277973175,21.86708664894104
3303,0.35732561349868774,,1341.000011920929,21.87079906463623
3304,0.35684314370155334,,1341.4023196697235,21.874507188796997
3305,0.3567495346069336,,1341.8033564090729,21.878215074539185
3306,0.3569295406341553,,1342.205871105194,21.88191509246826
3307,0.3561086356639862,,1342.6061396598816,21.885618686676025
3308,0.3566703200340271,,1343.0082693099976,21.889350414276123
3309,0.3561590313911438,,1343.4080064296722,21.89306640625
3310,0.35530930757522583,,1343.810460805893,21.896777391433716
3311,0.35566216707229614,,1344.2112965583801,21.90048599243164
3312,0.35501405596733093,,1344.615666627884,21.90420174598694
3313,0.3561086356639862,,1345.0144803524017,21.907904148101807
3314,0.356915146112442,,1345.4156396389008,21.911614418029785
3315,0.35676392912864685,,1345.8165669441223,21.915324687957764
3316,0.35716718435287476,,1346.2175269126892,21.91903066635132
3317,0.35775047540664673,,1346.618724346161,21.922743558883667
3318,0.35842016339302063,,1347.019693851471,21.926448106765747
3319,0.3590826690196991,,1347.419293642044,21.930152654647827
3320,0.35937073826789856,,1347.8205609321594,21.93385648727417
3321,0.35960835218429565,,1348.220149755478,21.93757939338684
3322,0.35941392183303833,,1348.622326374054,21.94128727912903
3323,0.35909709334373474,,1349.0232427120209,21.94499635696411
3324,0.3588450253009796,,1349.4262735843658,21.9486985206604
3325,0.3583049476146698,,1349.8272795677185,21.95239782333374
3326,0.3575848639011383,,1350.228309392929,21.95610022544861
3327,0.3569583594799042,,1350.630027770996,21.959813594818115
3328,0.35649746656417847,,1351.0316088199615,21.963523626327515
3329,0.3562166392803192,,1351.433697938919,21.967235565185547
3330,0.3557557761669159,,1351.8347284793854,21.970948457717896
3331,0.3570231795310974,,1352.2356765270233,21.974672079086304
3332,0.3567495346069336,,1352.637264251709,21.978384733200073
3333,0.3563534617424011,,1353.038135766983,21.98209023475647
3334,0.35657671093940735,,1353.439344406128,21.98579478263855
3335,0.35633185505867004,,1353.8441326618195,21.989497184753418
3336,0.3561014235019684,,1354.2451524734497,21.993210554122925
3337,0.35638225078582764,,1354.6449806690216,21.996923685073853
3338,0.35692232847213745,,1355.0453436374664,22.000635862350464
3339,0.3560870289802551,,1355.7117824554443,22.004347324371338
3340,0.3576640784740448,,1356.1131880283356,22.008063077926636
3341,0.3573976159095764,,1356.5127902030945,22.01177167892456
3342,0.3575776517391205,,1356.9139411449432,22.015480279922485
3343,0.35851380228996277,,1357.3155002593994,22.019195556640625
3344,0.35759204626083374,,1357.7169299125671,22.022906064987183
3345,0.35754886269569397,,1358.117909669876,22.02661967277527
3346,0.3572896122932434,,1358.519915819168,22.03032612800598
3347,0.3575560450553894,,1358.9200308322906,22.034035205841064
3348,0.35764965415000916,,1359.3204081058502,22.037748098373413
3349,0.35687196254730225,,1359.7222137451172,22.041450023651123
3350,0.35726800560951233,,1360.1234509944916,22.04515552520752
3351,0.35748404264450073,,1360.5248324871063,22.048879861831665
3352,0.3574264347553253,,1360.9268746376038,22.052592039108276
3353,0.3585498034954071,,1361.3274855613708,22.056313037872314
3354,0.3592770993709564,,1361.726940870285,22.060016632080078
3355,0.35842016339302063,,1362.1336069107056,22.06373906135559
3356,0.35697275400161743,,1362.5324907302856,22.067450046539307
3357,0.3575056493282318,,1362.934543132782,22.071170330047607
3358,0.3574192225933075,,1363.3355026245117,22.07488775253296
3359,0.3579089045524597,,1363.7362706661224,22.078601121902466
3360,0.3571600019931793,,1364.1355695724487,22.08231258392334
3361,0.356648713350296,,1364.5382719039917,22.086045026779175
3362,0.3559214174747467,,1364.93896818161,22.089754581451416
3363,0.35690075159072876,,1365.3409390449524,22.093470096588135
3364,0.35620224475860596,,1365.7426354885101,22.097182035446167
3365,0.3561374247074127,,1366.1458473205566,22.100892543792725
3366,0.3556045591831207,,1366.5459175109863,22.104610681533813
3367,0.35552534461021423,,1366.947862148285,22.10832190513611
3368,0.35505008697509766,,1367.348834991455,22.11202120780945
3369,0.35512927174568176,,1367.7498998641968,22.11573553085327
3370,0.35501405596733093,,1368.1519451141357,22.119447708129883
3371,0.3556981682777405,,1368.5524830818176,22.123153924942017
3372,0.3548484444618225,,1368.954214811325,22.126868963241577
3373,0.35542452335357666,,1369.3564903736115,22.1305832862854
3374,0.355618953704834,,1369.7589993476868,22.134299278259277
3375,0.35638225078582764,,1370.1599435806274,22.138015508651733
3376,0.3563966751098633,,1370.562218427658,22.141723155975342
3377,0.35711678862571716,,1370.9623110294342,22.145435571670532
3378,0.3562166392803192,,1371.3631525039673,22.149125814437866
3379,0.3564254939556122,,1371.763013601303,22.153038501739502
3380,0.3575056493282318,,1372.164389848709,22.15674138069153
3381,0.35767126083374023,,1372.5648934841156,22.160465240478516
3382,0.3579593002796173,,1372.9666781425476,22.164177894592285
3383,0.35797372460365295,,1373.3668284416199,22.167892932891846
3384,0.3586218059062958,,1373.7686018943787,22.171783447265625
3385,0.3582041561603546,,1374.1696059703827,22.175496578216553
3386,0.35845616459846497,,1374.5700316429138,22.179213047027588
3387,0.35853540897369385,,1374.9712793827057,22.18293333053589
3388,0.35797372460365295,,1375.3737227916718,22.18665337562561
3389,0.3584993779659271,,1375.7746050357819,22.19037365913391
3390,0.35775047540664673,,1376.176367521286,22.19409728050232
3391,0.3578512966632843,,1376.5760216712952,22.19780707359314
3392,0.3577936887741089,,1377.24072432518,22.201523065567017
3393,0.3571600019931793,,1377.6420404911041,22.2052321434021
3394,0.35705915093421936,,1378.042714357376,22.20894145965576
3395,0.356915146112442,,1378.4435341358185,22.21265745162964
3396,0.3568863570690155,,1378.8455004692078,22.2163724899292
3397,0.35590702295303345,,1379.2469644546509,22.22007155418396
3398,0.3563966751098633,,1379.6487412452698,22.223780632019043
3399,0.3558638095855713,,1380.0506584644318,22.227487325668335
3400,0.35486283898353577,,1380.452359199524,22.231186151504517
3401,0.35461801290512085,,1380.8519897460938,22.234903812408447
3402,0.3561806380748749,,1381.2540912628174,22.238606691360474
3403,0.35615184903144836,,1381.6536781787872,22.24232316017151
3404,0.3574264347553253,,1382.056678533554,22.246032238006592
3405,0.3567711114883423,,1382.458708524704,22.24975562095642
3406,0.3557053804397583,,1382.8596885204315,22.25345754623413
3407,0.35590702295303345,,1383.2589600086212,22.25717782974243
3408,0.3562670648097992,,1383.6649219989777,22.260897159576416
3409,0.35612303018569946,,1384.0650136470795,22.264618635177612
3410,0.3559718132019043,,1384.4651069641113,22.268324375152588
3411,0.3560222089290619,,1384.8666906356812,22.27203679084778
3412,0.3562454581260681,,1385.2672493457794,22.275758028030396
3413,0.35603663325309753,,1385.6680343151093,22.279459714889526
3414,0.3559718132019043,,1386.0690064430237,22.28315782546997
3415,0.35665589570999146,,1386.4715282917023,22.28686261177063
3416,0.3559502065181732,,1386.8727321624756,22.290567874908447
3417,0.355086088180542,,1387.27374792099,22.294278860092163
3418,0.3552949130535126,,1387.6752519607544,22.298012495040894
3419,0.35547494888305664,,1388.0754311084747,22.30171799659729
3420,0.3549708425998688,,1388.4764125347137,22.30543327331543
3421,0.3542579710483551,,1388.8783075809479,22.309139013290405
3422,0.35346582531929016,,1389.2791743278503,22.31285858154297
3423,0.3535090386867523,,1389.681214094162,22.316575527191162
3424,0.353314608335495,,1390.081579208374,22.320295095443726
3425,0.353969931602478,,1390.4844710826874,22.324000120162964
3426,0.35482683777809143,,1390.8844556808472,22.327714204788208
3427,0.35471880435943604,,1391.2863030433655,22.331435918807983
3428,0.3548700511455536,,1391.6875216960907,22.335148334503174
3429,0.3545459806919098,,1392.0918288230896,22.33886742591858
3430,0.35607263445854187,,1392.49258351326,22.342578887939453
3431,0.3555685579776764,,1392.8937361240387,22.346288681030273
3432,0.355618953704834,,1393.2926094532013,22.349995374679565
3433,0.3556549549102783,,1393.6930997371674,22.353712797164917
3434,0.3556693494319916,,1394.0935254096985,22.35741686820984
3435,0.35530930757522583,,1394.4954705238342,22.361127614974976
3436,0.354927659034729,,1394.896239042282,22.364830493927002
3437,0.35474762320518494,,1395.2971503734589,22.36854577064514
3438,0.3546036183834076,,1395.6976318359375,22.372246503829956
3439,0.354661226272583,,1396.0983972549438,22.37595820426941
3440,0.35461801290512085,,1396.5010583400726,22.379666805267334
3441,0.355460524559021,,1396.9028038978577,22.38336968421936
3442,0.35566216707229614,,1397.3034129142761,22.387075901031494
3443,0.3561950623989105,,1397.7039630413055,22.39078712463379
3444,0.3566127121448517,,1398.1052961349487,22.39449667930603
3445,0.35678553581237793,,1398.771008014679,22.398217916488647
3446,0.35646867752075195,,1399.1731848716736,22.402024507522583
3447,0.35684314370155334,,1399.574019908905,22.405731201171875
3448,0.35746243596076965,,1399.974185705185,22.409574270248413
3449,0.3576280474662781,,1400.3766775131226,22.413295030593872
3450,0.35786569118499756,,1400.7768499851227,22.417033195495605
3451,0.3577144742012024,,1401.1783096790314,22.42074489593506
3452,0.35727521777153015,,1401.5797145366669,22.424461364746094
3453,0.35697275400161743,,1401.9802803993225,22.42816662788391
3454,0.35745522379875183,,1402.379344701767,22.431880712509155
3455,0.3571023643016815,,1402.7819604873657,22.435593366622925
3456,0.3576136529445648,,1403.1831142902374,22.439314365386963
3457,0.35797372460365295,,1403.5853033065796,22.44303250312805
3458,0.35665589570999146,,1403.9857499599457,22.44674777984619
3459,0.3568359315395355,,1404.3877761363983,22.450459957122803
3460,0.35684314370155334,,1404.7877283096313,22.454177141189575
3461,0.35665589570999146,,1405.189961194992,22.45787525177002
3462,0.3552229106426239,,1405.5915739536285,22.461583614349365
3463,0.3554677367210388,,1405.9941079616547,22.46529245376587
3464,0.35520851612091064,,1406.3965456485748,22.46900224685669
3465,0.3553885221481323,,1406.7974133491516,22.472727298736572
3466,0.3563246726989746,,1407.1979203224182,22.47644352912903
3467,0.3564542829990387,,1407.6000301837921,22.48015284538269
3468,0.355777382850647,,1408.0007863044739,22.483874082565308
3469,0.3563462495803833,,1408.40221118927,22.487590551376343
3470,0.3558061718940735,,1408.803966999054,22.491305828094482
3471,0.3553309142589569,,1409.2050511837006,22.49500608444214
3472,0.35523730516433716,,1409.6065874099731,22.49871850013733
3473,0.355302095413208,,1410.0073251724243,22.502432584762573
3474,0.3545244038105011,,1410.4095041751862,22.506174087524414
3475,0.3531849980354309,,1410.8116364479065,22.509878635406494
3476,0.3537754714488983,,1411.2125256061554,22.513598442077637
3477,0.35411393642425537,,1411.6137351989746,22.51732039451599
3478,0.35394832491874695,,1412.0155563354492,22.521029949188232
3479,0.3550572693347931,,1412.4148375988007,22.524744033813477
3480,0.354610800743103,,1412.8149712085724,22.5284583568573
3481,0.3551076650619507,,1413.2163138389587,22.532166957855225
3482,0.354236364364624,,1413.6173183918,22.53587579727173
3483,0.3543587625026703,,1414.0181057453156,22.53959083557129
3484,0.35381150245666504,,1414.418911933899,22.54330277442932
3485,0.35488444566726685,,1414.8193118572235,22.54702091217041
3486,0.3556045591831207,,1415.2205655574799,22.550731420516968
3487,0.35607263445854187,,1415.6210947036743,22.554433584213257
3488,0.35655510425567627,,1416.0226233005524,22.55814027786255
3489,0.35767847299575806,,1416.4233167171478,22.561846017837524
3490,0.35718879103660583,,1416.8248751163483,22.565563917160034
3491,0.35654789209365845,,1417.2253196239471,22.56926417350769
3492,0.35708796977996826,,1417.6254251003265,22.57296872138977
3493,0.35705915093421936,,1418.0298235416412,22.57667326927185
3494,0.35757046937942505,,1418.4317226409912,22.58039689064026
3495,0.3585785925388336,,1418.8325946331024,22.584100246429443
3496,0.35872259736061096,,1419.2331845760345,22.587809085845947
3497,0.3585209846496582,,1419.6366980075836,22.591505527496338
3498,0.35950756072998047,,1420.2997331619263,22.595208406448364
3499,0.3580096960067749,,1420.7007460594177,22.598914861679077
3500,0.3573688268661499,,1421.1013321876526,23.97059440612793
3501,0.3566342890262604,,1421.502513408661,23.974307775497437
3502,0.35719597339630127,,1421.9015362262726,23.978017330169678
3503,0.3559718132019043,,1422.302533864975,23.981723308563232
3504,0.3562886714935303,,1422.7041833400726,23.985445976257324
3505,0.3568647503852844,,1423.1049206256866,23.989158391952515
3506,0.3564326763153076,,1423.5053496360779,23.99286937713623
3507,0.3568287491798401,,1423.906243801117,23.996579885482788
3508,0.35667750239372253,,1424.3081481456757,24.000290393829346
3509,0.3569367527961731,,1424.7106819152832,24.003992319107056
3510,0.3576280474662781,,1425.1125729084015,24.00770092010498
3511,0.35762083530426025,,1425.5136034488678,24.011409521102905
3512,0.3577432632446289,,1425.9149956703186,24.015124559402466
3513,0.3558133840560913,,1426.316425561905,24.018832683563232
3514,0.3568863570690155,,1426.718881368637,24.022536516189575
3515,0.3572031855583191,,1427.1193759441376,24.02623724937439
3516,0.35754886269569397,,1427.5216269493103,24.02993941307068
3517,0.3578224778175354,,1427.9229423999786,24.03363609313965
3518,0.3572391867637634,,1428.32333278656,24.03735089302063
3519,0.3574192225933075,,1428.7227871418,24.04105305671692
3520,0.3569583594799042,,1429.1237144470215,24.04475998878479
3521,0.35705915093421936,,1429.5231883525848,24.04846501350403
3522,0.3569367527961731,,1429.9254145622253,24.052177906036377
3523,0.3568863570690155,,1430.326028585434,24.0558922290802
3524,0.3555181324481964,,1430.7274043560028,24.059602975845337
3525,0.35665589570999146,,1431.1270551681519,24.063312292099
3526,0.3563462495803833,,1431.529867887497,24.067015171051025
3527,0.3560006022453308,,1431.9306631088257,24.070722579956055
3528,0.3561806380748749,,1432.3329000473022,24.07443642616272
3529,0.3559934198856354,,1432.7327675819397,24.078146934509277
3530,0.3556261658668518,,1433.1348187923431,24.081849575042725
3531,0.35703036189079285,,1433.53502202034,24.085560083389282
3532,0.35711678862571716,,1433.9356079101562,24.089269638061523
3533,0.3588450253009796,,1434.3366975784302,24.092973947525024
3534,0.35834816098213196,,1434.738251209259,24.096675395965576
3535,0.3583841919898987,,1435.1396231651306,24.10039186477661
3536,0.3579521179199219,,1435.541081905365,24.104094982147217
3537,0.3578585088253021,,1435.9454731941223,24.107812881469727
3538,0.3566415011882782,,1436.3452184200287,24.111547231674194
3539,0.3569295406341553,,1436.7479100227356,24.115262746810913
3540,0.3558709919452667,,1437.1494109630585,24.11896514892578
3541,0.35689353942871094,,1437.5512223243713,24.122676610946655
3542,0.3564614951610565,,1437.952577829361,24.126384496688843
3543,0.3558998107910156,,1438.3544692993164,24.130082607269287
3544,0.35515087842941284,,1438.7551860809326,24.133789777755737
3545,0.3549780547618866,,1439.1573028564453,24.137489080429077
3546,0.3549492657184601,,1439.5579977035522,24.14119839668274
3547,0.3543083667755127,,1439.959138393402,24.144896268844604
3548,0.3546324074268341,,1440.3598489761353,24.14860224723816
3549,0.3548412322998047,,1440.7613096237183,24.152305603027344
3550,0.3549708425998688,,1441.1604669094086,24.156018495559692
3551,0.35633906722068787,,1441.824686050415,24.159717082977295
3552,0.3561374247074127,,1442.22603058815,24.163424015045166
3553,0.35625985264778137,,1442.6258418560028,24.1671245098114
3554,0.3561806380748749,,1443.025618314743,24.170827627182007
3555,0.3565118908882141,,1443.4271485805511,24.174548625946045
3556,0.35721758008003235,,1443.8293476104736,24.178266286849976
3557,0.35690075159072876,,1444.230699300766,24.18197798728943
3558,0.3573616147041321,,1444.6319060325623,24.185701847076416
3559,0.35643988847732544,,1445.0322785377502,24.189424753189087
3560,0.35700157284736633,,1445.4325931072235,24.19326162338257
3561,0.357232004404068,,1445.8374271392822,24.196985006332397
3562,0.35743364691734314,,1446.2392363548279,24.200697898864746
3563,0.35770729184150696,,1446.640945672989,24.204418420791626
3564,0.3579305112361908,,1447.0420343875885,24.20830726623535
3565,0.35797372460365295,,1447.4418342113495,24.212017059326172
3566,0.3579305112361908,,1447.8412075042725,24.215726375579834
3567,0.3576928675174713,,1448.2435355186462,24.219424724578857
3568,0.357073575258255,,1448.643967628479,24.223134756088257
3569,0.35724639892578125,,1449.0457565784454,24.226848125457764
3570,0.3574768304824829,,1449.446721315384,24.23056650161743
3571,0.3568287491798401,,1449.8481092453003,24.23426103591919
3572,0.35601502656936646,,1450.247142791748,24.237974643707275
3573,0.35510048270225525,,1450.6489279270172,24.24168562889099
3574,0.3548700511455536,,1451.049459695816,24.245400190353394
3575,0.3544451892375946,,1451.4504961967468,24.249110460281372
3576,0.35440197587013245,,1451.8511464595795,24.25282096862793
3577,0.3551653027534485,,1452.2511577606201,24.256529092788696
3578,0.35496366024017334,,1452.6506266593933,24.260243892669678
3579,0.35461801290512085,,1453.0520005226135,24.26394295692444
3580,0.3537250757217407,,1453.4529917240143,24.2676522731781
3581,0.35537412762641907,,1453.8545150756836,24.271360635757446
3582,0.3538546860218048,,1454.2554321289062,24.275073051452637
3583,0.3534514307975769,,1454.6570763587952,24.278786420822144
3584,0.35448840260505676,,1455.0562813282013,24.282499313354492
3585,0.35445958375930786,,1455.4579479694366,24.286211252212524
3586,0.35434436798095703,,1455.8586530685425,24.289921045303345
3587,0.35411393642425537,,1456.2619724273682,24.29362392425537
3588,0.3549492657184601,,1456.6633591651917,24.297441482543945
3589,0.35541731119155884,,1457.0648419857025,24.30115056037903
3590,0.3561374247074127,,1457.4650974273682,24.3048734664917
3591,0.3551076650619507,,1457.866683959961,24.308680534362793
3592,0.3552949130535126,,1458.2676208019257,24.312403202056885
3593,0.3556477725505829,,1458.6688141822815,24.316110610961914
3594,0.3548988401889801,,1459.0698947906494,24.319824934005737
3595,0.3545244038105011,,1459.4708182811737,24.323534727096558
3596,0.35429394245147705,,1459.871237039566,24.327261447906494
3597,0.3547116219997406,,1460.2725794315338,24.330968141555786
3598,0.35510048270225525,,1460.6749794483185,24.33468508720398
3599,0.35471880435943604,,1461.0758154392242,24.338395595550537
3600,0.3551653027534485,,1461.4783012866974,24.342105388641357
3601,0.3561662435531616,,1461.8788640499115,24.34580898284912
3602,0.3562670648097992,,1462.280196905136,24.34952664375305
3603,0.3552516996860504,,1462.6807379722595,24.35323739051819
3604,0.35611581802368164,,1463.3472802639008,24.35696268081665
3605,0.35564056038856506,,1463.7487030029297,24.360676527023315
3606,0.3565911054611206,,1464.1480433940887,24.364379405975342
3607,0.3559718132019043,,1464.5498232841492,24.36809229850769
3608,0.3558709919452667,,1464.951177597046,24.371814489364624
3609,0.35654789209365845,,1465.3529162406921,24.37553119659424
3610,0.35614463686943054,,1465.7537248134613,24.37923002243042
3611,0.35692232847213745,,1466.154748916626,24.382945775985718
3612,0.35738322138786316,,1466.5543806552887,24.38664984703064
3613,0.35762083530426025,,1466.9549281597137,24.39037775993347
3614,0.35710957646369934,,1467.3567349910736,24.394092559814453
3615,0.3576352596282959,,1467.757494688034,24.3978054523468
3616,0.3572031855583191,,1468.157978773117,24.40151333808899
3617,0.35703757405281067,,1468.5599052906036,24.405230283737183
3618,0.35587820410728455,,1468.9601817131042,24.408933401107788
3619,0.3568791449069977,,1469.360753774643,24.41265344619751
3620,0.35780808329582214,,1469.7660686969757,24.41636347770691
3621,0.35807451605796814,,1470.167180299759,24.42007827758789
3622,0.35697275400161743,,1470.5697855949402,24.423786878585815
3623,0.35625264048576355,,1470.971168756485,24.427491188049316
3624,0.3564326763153076,,1471.372073173523,24.431203365325928
3625,0.3558925986289978,,1471.7729222774506,24.43490719795227
3626,0.3559646010398865,,1472.1742689609528,24.438618898391724
3627,0.3555757403373718,,1472.5758514404297,24.442329168319702
3628,0.35515087842941284,,1472.9771873950958,24.446043252944946
3629,0.35550373792648315,,1473.3788316249847,24.44976806640625
3630,0.35489165782928467,,1473.779645204544,24.453466415405273
3631,0.35437318682670593,,1474.1799712181091,24.457169771194458
3632,0.3539339005947113,,1474.5810351371765,24.460888862609863
3633,0.35368186235427856,,1474.98233294487,24.46460485458374
3634,0.3545531928539276,,1475.3834671974182,24.46831727027893
3635,0.35531651973724365,,1475.7844512462616,24.472026348114014
3636,0.3546036183834076,,1476.1838319301605,24.47573494911194
3637,0.3560294210910797,,1476.5834460258484,24.479440927505493
3638,0.35614463686943054,,1476.983821630478,24.48315143585205
3639,0.3557341694831848,,1477.3849773406982,24.4868643283844
3640,0.3562886714935303,,1477.7860465049744,24.490564346313477
3641,0.35636064410209656,,1478.1868669986725,24.494274139404297
3642,0.35630306601524353,,1478.5883255004883,24.497977256774902
3643,0.3564614951610565,,1478.9882502555847,24.50169277191162
3644,0.3571023643016815,,1479.3888034820557,24.505394220352173
3645,0.35668471455574036,,1479.7894525527954,24.509110689163208
3646,0.35625985264778137,,1480.1917293071747,24.51282262802124
3647,0.355035662651062,,1480.593653678894,24.516528844833374
3648,0.3547980487346649,,1480.9943852424622,24.520246505737305
3649,0.35480523109436035,,1481.3950686454773,24.523954391479492
3650,0.3548124432563782,,1481.798864364624,24.52766466140747
3651,0.3555181324481964,,1482.1997821331024,24.53137969970703
3652,0.3557053804397583,,1482.599300146103,24.535091876983643
3653,0.3554677367210388,,1483.0019690990448,24.538800716400146
3654,0.35528770089149475,,1483.4024393558502,24.54249906539917
3655,0.3550068736076355,,1483.8030779361725,24.546207666397095
3656,0.35559016466140747,,1484.2034673690796,24.549912452697754
3657,0.3560222089290619,,1484.8676834106445,24.553634643554688
3658,0.35556134581565857,,1485.268982887268,24.557348012924194
3659,0.35545334219932556,,1485.6690402030945,24.561058044433594
3660,0.35512927174568176,,1486.070393562317,24.564768075942993
3661,0.35523730516433716,,1486.4710159301758,24.568474292755127
3662,0.3557557761669159,,1486.8732087612152,24.57218909263611
3663,0.3560798168182373,,1487.2742562294006,24.575907945632935
3664,0.3548124432563782,,1487.6758813858032,24.5796217918396
3665,0.3542795479297638,,1488.0762088298798,24.58333683013916
3666,0.3548484444618225,,1488.4795439243317,24.587052822113037
3667,0.3548124432563782,,1488.8812508583069,24.59077525138855
3668,0.35467562079429626,,1489.2835445404053,24.594481706619263
3669,0.3548988401889801,,1489.6854937076569,24.598198890686035
3670,0.35649746656417847,,1490.0870485305786,24.601908445358276
3671,0.3564038872718811,,1490.4893972873688,24.6056125164032
3672,0.3558998107910156,,1490.8897333145142,24.60931658744812
3673,0.3556765615940094,,1491.29075050354,24.613029718399048
3674,0.3556261658668518,,1491.6914792060852,24.616748332977295
3675,0.3545244038105011,,1492.0930502414703,24.620463132858276
3676,0.35475483536720276,,1492.4937789440155,24.62417435646057
3677,0.35448119044303894,,1492.8936862945557,24.627879858016968
3678,0.35375386476516724,,1493.2966146469116,24.63158893585205
3679,0.354877233505249,,1493.6978721618652,24.635307550430298
3680,0.35488444566726685,,1494.0990324020386,24.639021635055542
3681,0.3550644814968109,,1494.5015473365784,24.642735242843628
3682,0.35528048872947693,,1494.9030997753143,24.6464421749115
3683,0.3547404110431671,,1495.304538488388,24.65014410018921
3684,0.35564056038856506,,1495.7062585353851,24.653850317001343
3685,0.35612303018569946,,1496.107896566391,24.657559156417847
3686,0.35612303018569946,,1496.5084810256958,24.6612868309021
3687,0.3552444875240326,,1496.9106857776642,24.664998292922974
3688,0.3550284802913666,,1497.3127009868622,24.668707370758057
3689,0.35456758737564087,,1497.7131645679474,24.672410488128662
3690,0.355086088180542,,1498.1120691299438,24.676114559173584
3691,0.35625264048576355,,1498.513309955597,24.68000054359436
3692,0.3555757403373718,,1498.9133429527283,24.68370747566223
3693,0.35566216707229614,,1499.3148622512817,24.687418222427368
3694,0.355352520942688,,1499.7164442539215,24.69113278388977
3695,0.35501405596733093,,1500.1172921657562,24.6948401927948
3696,0.35520851612091064,,1500.51660323143,24.69855237007141
3697,0.3544955849647522,,1500.9179055690765,24.70226287841797
3698,0.3549204468727112,,1501.3186502456665,24.705973148345947
3699,0.3552013039588928,,1501.7202033996582,24.709689140319824
3700,0.35404911637306213,,1502.1221687793732,24.71339178085327
3701,0.35523730516433716,,1502.523413658142,24.71712040901184
3702,0.3560222089290619,,1502.9234521389008,24.720831394195557
3703,0.35649746656417847,,1503.3252441883087,24.724553108215332
3704,0.3560510277748108,,1503.7272086143494,24.728265047073364
3705,0.35528048872947693,,1504.1284866333008,24.731977462768555
3706,0.3558133840560913,,1504.5305473804474,24.73569369316101
3707,0.35574859380722046,,1504.931000471115,24.73940682411194
3708,0.3552949130535126,,1505.331753730774,24.74311876296997
3709,0.3554893434047699,,1505.7359337806702,24.746830701828003
3710,0.35579177737236023,,1506.4009535312653,24.750540256500244
3711,0.3563678562641144,,1506.8019547462463,24.7542462348938
3712,0.3576280474662781,,1507.2011120319366,24.757949113845825
3713,0.3566991090774536,,1507.6018590927124,24.761661529541016
3714,0.35719597339630127,,1508.0024816989899,24.765365600585938
3715,0.35700157284736633,,1508.4036791324615,24.76907444000244
3716,0.3561302423477173,,1508.8040690422058,24.77280044555664
3717,0.3562454581260681,,1509.2055549621582,24.77651047706604
3718,0.35464683175086975,,1509.6057810783386,24.78021764755249
3719,0.3540635406970978,,1510.006675004959,24.783933401107788
3720,0.354769229888916,,1510.4081361293793,24.78764295578003
3721,0.35412833094596863,,1510.80943441391,24.791346788406372
3722,0.35376107692718506,,1511.2099981307983,24.79504942893982
3723,0.35480523109436035,,1511.6117734909058,24.798759937286377
3724,0.3549852669239044,,1512.01269698143,24.802469730377197
3725,0.35592859983444214,,1512.412195444107,24.806177854537964
3726,0.3558998107910156,,1512.814838886261,24.80988121032715
3727,0.3565046787261963,,1513.2167687416077,24.81358504295349
3728,0.3563174605369568,,1513.61922621727,24.81728959083557
3729,0.3559142053127289,,1514.0202510356903,24.82100796699524
3730,0.3565046787261963,,1514.424239873886,24.82471251487732
3731,0.35617345571517944,,1514.82377743721,24.828418970108032
3732,0.3561590313911438,,1515.2258117198944,24.832130432128906
3733,0.35587820410728455,,1515.6251599788666,24.835831880569458
3734,0.35638946294784546,,1516.025985956192,24.839542150497437
3735,0.35574859380722046,,1516.427678346634,24.843247413635254
3736,0.35534533858299255,,1516.8288311958313,24.84696674346924
3737,0.3557557761669159,,1517.2301688194275,24.85066866874695
3738,0.35523730516433716,,1517.6329956054688,24.854538679122925
3739,0.3549204468727112,,1518.0336179733276,24.85824728012085
3740,0.35507169365882874,,1518.434977054596,24.86195731163025
3741,0.3545244038105011,,1518.8371839523315,24.86566162109375
3742,0.35528770089149475,,1519.2382946014404,24.869382858276367
3743,0.35552534461021423,,1519.6381595134735,24.873083114624023
3744,0.35615184903144836,,1520.0400657653809,24.876789093017578
3745,0.3554029166698456,,1520.4411959648132,24.88050150871277
3746,0.35502126812934875,,1520.8434822559357,24.884209871292114
3747,0.3544091582298279,,1521.2448103427887,24.887928009033203
3748,0.3547044098377228,,1521.645929813385,24.891632318496704
3749,0.354769229888916,,1522.0454287528992,24.895541429519653
3750,0.35552534461021423,,1522.448744058609,24.899239778518677
3751,0.357181578874588,,1522.8496599197388,24.902949571609497
3752,0.3576856851577759,,1523.2515242099762,24.906657457351685
3753,0.35770729184150696,,1523.6527478694916,24.910367488861084
3754,0.35767126083374023,,1524.0537974834442,24.914072275161743
3755,0.3566198945045471,,1524.453318119049,24.917781114578247
3756,0.3554965555667877,,1524.8538641929626,24.9216091632843
3757,0.35654789209365845,,1525.2545807361603,24.925312757492065
3758,0.3559214174747467,,1525.6555020809174,24.929027795791626
3759,0.3568287491798401,,1526.056310415268,24.932738780975342
3760,0.35679271817207336,,1526.458592414856,24.93645429611206
3761,0.35724639892578125,,1526.8589913845062,24.940157651901245
3762,0.35821133852005005,,1527.2603332996368,24.943855047225952
3763,0.35703757405281067,,1527.925823688507,24.947556257247925
3764,0.35745522379875183,,1528.3273661136627,24.951268672943115
3765,0.35749122500419617,,1528.7279424667358,24.95497155189514
3766,0.3569295406341553,,1529.1289672851562,24.95868730545044
3767,0.35681432485580444,,1529.532073020935,24.96239709854126
3768,0.35684314370155334,,1529.9336285591125,24.966105461120605
3769,0.3565983176231384,,1530.334331035614,24.969818353652954
3770,0.3563678562641144,,1530.7364692687988,24.973520517349243
3771,0.35579898953437805,,1531.1360702514648,24.977245092391968
3772,0.355352520942688,,1531.5367376804352,24.9809730052948
3773,0.35438036918640137,,1531.9378850460052,24.98468828201294
3774,0.35469719767570496,,1532.3389174938202,24.988396644592285
3775,0.35622385144233704,,1532.7391662597656,24.992100477218628
3776,0.3568647503852844,,1533.1406452655792,24.995807647705078
3777,0.3569583594799042,,1533.5407972335815,24.999517917633057
3778,0.35646867752075195,,1533.9415156841278,25.003230333328247
3779,0.35534533858299255,,1534.3434438705444,25.00694441795349
3780,0.35542452335357666,,1534.7446718215942,25.010660409927368
3781,0.3561086356639862,,1535.1453733444214,25.014371871948242
3782,0.356648713350296,,1535.5472302436829,25.01808476448059
3783,0.35523009300231934,,1535.9476432800293,25.021812438964844
3784,0.35561177134513855,,1536.3482630252838,25.025534868240356
3785,0.3558421730995178,,1536.75026845932,25.02925968170166
3786,0.3558709919452667,,1537.1510047912598,25.0329749584198
3787,0.3570663630962372,,1537.5523896217346,25.036672592163086
3788,0.3572607934474945,,1537.9541289806366,25.04042339324951
3789,0.35631027817726135,,1538.3566484451294,25.044121980667114
3790,0.3556693494319916,,1538.7561662197113,25.04783272743225
3791,0.35515087842941284,,1539.1579909324646,25.051539182662964
3792,0.3554965555667877,,1539.5588943958282,25.05525302886963
3793,0.35534533858299255,,1539.9612374305725,25.058972120285034
3794,0.355035662651062,,1540.3624737262726,25.062687397003174
3795,0.35552534461021423,,1540.763219833374,25.066410541534424
3796,0.35593581199645996,,1541.1631989479065,25.07013511657715
3797,0.3561014235019684,,1541.564573764801,25.07384443283081
3798,0.3559429943561554,,1541.9642441272736,25.077567100524902
3799,0.3560510277748108,,1542.3654217720032,25.0812771320343
3800,0.35700878500938416,,1542.766411781311,25.084981203079224
3801,0.3566919267177582,,1543.1675074100494,25.088693618774414
3802,0.35679271817207336,,1543.5675177574158,25.092392921447754
3803,0.3570663630962372,,1543.9681124687195,25.096104860305786
3804,0.35620224475860596,,1544.3699433803558,25.099837064743042
3805,0.3562670648097992,,1544.7720699310303,25.103556871414185
3806,0.35612303018569946,,1545.174106836319,25.107270002365112
3807,0.3561086356639862,,1545.5744712352753,25.110984563827515
3808,0.35646867752075195,,1545.975473165512,25.11469793319702
3809,0.35682153701782227,,1546.3775136470795,25.118518114089966
3810,0.3561806380748749,,1546.778593301773,25.122239351272583
3811,0.35646867752075195,,1547.1803278923035,25.12594747543335
3812,0.35660549998283386,,1547.582100391388,25.129658460617065
3813,0.3568791449069977,,1547.9836757183075,25.133368968963623
3814,0.3565118908882141,,1548.3874402046204,25.13707685470581
3815,0.35630306601524353,,1548.7870922088623,25.140789031982422
3816,0.3565046787261963,,1549.454227924347,25.144497871398926
3817,0.35788729786872864,,1549.8553564548492,25.148195505142212
3818,0.3574480414390564,,1550.255845785141,25.151907920837402
3819,0.35710957646369934,,1550.6578862667084,25.15566396713257
3820,0.3567207157611847,,1551.0588209629059,25.159382581710815
3821,0.35563337802886963,,1551.4600982666016,25.163086891174316
3822,0.35633906722068787,,1551.8617281913757,25.16679883003235
3823,0.3569871783256531,,1552.2624328136444,25.170511722564697
3824,0.3574480414390564,,1552.6630473136902,25.17422842979431
3825,0.35678553581237793,,1553.0635650157928,25.17793607711792
3826,0.3566127121448517,,1553.4646985530853,25.181639909744263
3827,0.35518690943717957,,1553.8664011955261,25.185346364974976
3828,0.3558709919452667,,1554.2676033973694,25.189071655273438
3829,0.35545334219932556,,1554.6685178279877,25.192792415618896
3830,0.3556045591831207,,1555.071501493454,25.196491241455078
3831,0.3549204468727112,,1555.471629858017,25.200201749801636
3832,0.3548124432563782,,1555.8756487369537,25.20392084121704
3833,0.35530930757522583,,1556.2779939174652,25.207634210586548
3834,0.35623103380203247,,1556.6797232627869,25.211342811584473
3835,0.35577020049095154,,1557.081563949585,25.215060234069824
3836,0.3561590313911438,,1557.4832093715668,25.218766689300537
3837,0.3560294210910797,,1557.8825347423553,25.222464323043823
3838,0.35697275400161743,,1558.2844352722168,25.226176023483276
3839,0.3568791449069977,,1558.6850774288177,25.22988510131836
3840,0.3570447564125061,,1559.0864038467407,25.233590841293335
3841,0.3566342890262604,,1559.4875977039337,25.237290859222412
3842,0.3564326763153076,,1559.8881657123566,25.241077184677124
3843,0.3575272560119629,,1560.2872140407562,25.244786024093628
3844,0.3577216863632202,,1560.6880509853363,25.248509168624878
3845,0.35776486992836,,1561.0892088413239,25.252219915390015
3846,0.35874423384666443,,1561.4899458885193,25.255929708480835
3847,0.35885941982269287,,1561.8915004730225,25.2596378326416
3848,0.3591690957546234,,1562.2935061454773,25.263341188430786
3849,0.3587298095226288,,1562.693149805069,25.267056703567505
3850,0.35842016339302063,,1563.0944137573242,25.270766496658325
3851,0.35870102047920227,,1563.4957218170166,25.27447509765625
3852,0.3584417700767517,,1563.8967354297638,25.278180360794067
3853,0.35845616459846497,,1564.2976667881012,25.281886339187622
3854,0.35869380831718445,,1564.6988248825073,25.28559899330139
3855,0.3580889403820038,,1565.099992275238,25.289302587509155
3856,0.3575272560119629,,1565.5009651184082,25.29301142692566
3857,0.3568287491798401,,1565.9024014472961,25.296725034713745
3858,0.35638225078582764,,1566.3039996623993,25.30043935775757
3859,0.35611581802368164,,1566.7072551250458,25.3041729927063
3860,0.3558925986289978,,1567.1076846122742,25.307876586914062
3861,0.35643988847732544,,1567.5090086460114,25.31158137321472
3862,0.355352520942688,,1567.9087171554565,25.3152973651886
3863,0.35558295249938965,,1568.3093311786652,25.31901979446411
3864,0.3556765615940094,,1568.7102372646332,25.322742700576782
3865,0.35625985264778137,,1569.11137509346,25.326449632644653
3866,0.3562670648097992,,1569.5112946033478,25.330157041549683
3867,0.3566631078720093,,1569.911473274231,25.33387565612793
3868,0.3560582399368286,,1570.3113343715668,25.33759093284607
3869,0.3559718132019043,,1570.9774279594421,25.34129571914673
3870,0.3550068736076355,,1571.3787639141083,25.345001697540283
3871,0.35523009300231934,,1571.783697128296,25.348710298538208
3872,0.355194091796875,,1572.1835587024689,25.35242533683777
3873,0.35478365421295166,,1572.5860443115234,25.356160163879395
3874,0.3555469512939453,,1572.9875388145447,25.359874486923218
3875,0.3563246726989746,,1573.3902168273926,25.36358666419983
3876,0.3557557761669159,,1573.7908899784088,25.367295026779175
3877,0.35630306601524353,,1574.1928346157074,25.37100315093994
3878,0.35649746656417847,,1574.5919799804688,25.374710083007812
3879,0.357124000787735,,1574.9939177036285,25.378420114517212
3880,0.35670632123947144,,1575.3949167728424,25.382129669189453
3881,0.3567495346069336,,1575.7968583106995,25.3858482837677
3882,0.356915146112442,,1576.1984899044037,25.38955307006836
3883,0.3568647503852844,,1576.5985960960388,25.39326810836792
3884,0.35703757405281067,,1576.99773478508,25.396974086761475
3885,0.35839858651161194,,1577.3997011184692,25.40068292617798
3886,0.35939231514930725,,1577.798790216446,25.404403924942017
3887,0.3590106666088104,,1578.201542854309,25.408122777938843
3888,0.35851380228996277,,1578.6035034656525,25.411827325820923
3889,0.35745522379875183,,1579.0051980018616,25.415526151657104
3890,0.3565694987773895,,1579.4053165912628,25.419233560562134
3891,0.3571527898311615,,1579.8064584732056,25.422943830490112
3892,0.35684314370155334,,1580.2072455883026,25.426650285720825
3893,0.35689353942871094,,1580.6089572906494,25.430372953414917
3894,0.35641828179359436,,1581.0114636421204,25.434086561203003
3895,0.3555181324481964,,1581.4123585224152,25.437803030014038
3896,0.35582056641578674,,1581.8146541118622,25.44150471687317
3897,0.3563678562641144,,1582.2149677276611,25.44520878791809
3898,0.3561014235019684,,1582.6159753799438,25.44891881942749
3899,0.35595738887786865,,1583.016212463379,25.45262384414673
3900,0.35622385144233704,,1583.4175553321838,25.45634436607361
3901,0.35697275400161743,,1583.8221011161804,25.460066080093384
3902,0.35684314370155334,,1584.2232174873352,25.46377444267273
3903,0.3569079339504242,,1584.6236765384674,25.46748185157776
3904,0.35711678862571716,,1585.0237205028534,25.47119426727295
3905,0.357181578874588,,1585.4256682395935,25.474910736083984
3906,0.35681432485580444,,1585.8258831501007,25.47862672805786
3907,0.3567711114883423,,1586.2282073497772,25.48232889175415
3908,0.35638225078582764,,1586.629810810089,25.48603630065918
3909,0.35678553581237793,,1587.0297565460205,25.489741802215576
3910,0.3563246726989746,,1587.4343309402466,25.493457555770874
3911,0.3566415011882782,,1587.8351559638977,25.49718475341797
3912,0.3564038872718811,,1588.2368159294128,25.50090503692627
3913,0.35601502656936646,,1588.6380162239075,25.50461983680725
3914,0.35601502656936646,,1589.0389635562897,25.508336782455444
3915,0.3568575382232666,,1589.4398324489594,25.512040376663208
3916,0.3565983176231384,,1589.8407287597656,25.515749216079712
3917,0.35628145933151245,,1590.2413988113403,25.51946258544922
3918,0.3569079339504242,,1590.642723083496,25.52318263053894
3919,0.356648713350296,,1591.0471103191376,25.52690076828003
3920,0.35679271817207336,,1591.4482481479645,25.530614852905273
3921,0.35675671696662903,,1591.849004983902,25.534318923950195
3922,0.3572391867637634,,1592.5160055160522,25.538029670715332
3923,0.3565406799316406,,1592.918020248413,25.541731595993042
3924,0.35558295249938965,,1593.3203012943268,25.545443058013916
3925,0.3557341694831848,,1593.720442533493,25.54915428161621
3926,0.3559934198856354,,1594.1211907863617,25.55304193496704
3927,0.3561590313911438,,1594.5222706794739,25.556752920150757
3928,0.3555469512939453,,1594.9228675365448,25.560466051101685
3929,0.3552444875240326,,1595.3235189914703,25.56418466567993
3930,0.35584938526153564,,1595.7243342399597,25.56789493560791
3931,0.3562670648097992,,1596.1234788894653,25.571603298187256
3932,0.3556981682777405,,1596.524484872818,25.575300216674805
3933,0.35574138164520264,,1596.924753665924,25.579002380371094
3934,0.3553309142589569,,1597.327065229416,25.582717418670654
3935,0.3555181324481964,,1597.7280175685883,25.5864315032959
3936,0.3545819818973541,,1598.128787279129,25.590136766433716
3937,0.35472601652145386,,1598.5287079811096,25.593843698501587
3938,0.35440197587013245,,1598.92991065979,25.597561359405518
3939,0.3553885221481323,,1599.3311507701874,25.601285219192505
3940,0.3562670648097992,,1599.732987165451,25.604997873306274
3941,0.3566198945045471,,1600.133710861206,25.608708381652832
3942,0.35631027817726135,,1600.5349588394165,25.612416744232178
3943,0.3561950623989105,,1600.935263633728,25.616122722625732
3944,0.3561374247074127,,1601.3363893032074,25.61983036994934
3945,0.3561950623989105,,1601.7389554977417,25.623528957366943
3946,0.3566127121448517,,1602.1406829357147,25.62723970413208
3947,0.3562670648097992,,1602.54390335083,25.630952835083008
3948,0.3571527898311615,,1602.9452075958252,25.634662628173828
3949,0.356965571641922,,1603.3460676670074,25.638367176055908
3950,0.3565694987773895,,1603.7465071678162,25.64207172393799
3951,0.35633185505867004,,1604.148755788803,25.645776987075806
3952,0.3560222089290619,,1604.5525960922241,25.6494882106781
3953,0.35604384541511536,,1604.9548666477203,25.653210163116455
3954,0.35606542229652405,,1605.3556244373322,25.656920909881592
3955,0.35582056641578674,,1605.759013414383,25.660630464553833
3956,0.35574138164520264,,1606.15877866745,25.66433572769165
3957,0.35534533858299255,,1606.5593402385712,25.668046236038208
3958,0.3548700511455536,,1606.9597747325897,25.671756982803345
3959,0.355352520942688,,1607.364467382431,25.675466775894165
3960,0.35486283898353577,,1607.7652204036713,25.67918872833252
3961,0.35507169365882874,,1608.1661429405212,25.68290138244629
3962,0.35612303018569946,,1608.5662746429443,25.686795711517334
3963,0.35660549998283386,,1608.9675016403198,25.690511226654053
3964,0.35550373792648315,,1609.368221282959,25.694215774536133
3965,0.35523009300231934,,1609.7693333625793,25.697931051254272
3966,0.35494205355644226,,1610.170065164566,25.701645851135254
3967,0.3549492657184601,,1610.571237564087,25.70535159111023
3968,0.3553813099861145,,1610.9726452827454,25.709074020385742
3969,0.35571977496147156,,1611.3737361431122,25.7127845287323
3970,0.35607263445854187,,1611.7744443416595,25.716502904891968
3971,0.3574408292770386,,1612.1773130893707,25.720224618911743
3972,0.3577216863632202,,1612.5794858932495,25.723937511444092
3973,0.3571311831474304,,1612.9805421829224,25.727646350860596
3974,0.3582041561603546,,1613.3831405639648,25.731353521347046
3975,0.357073575258255,,1614.0458986759186,25.735063552856445
3976,0.35657671093940735,,1614.4472301006317,25.738781213760376
3977,0.3573472201824188,,1614.8485672473907,25.742496728897095
3978,0.3567711114883423,,1615.2476634979248,25.74621343612671
3979,0.3571023643016815,,1615.6496345996857,25.74991250038147
3980,0.3567999303340912,,1616.0505175590515,25.753636360168457
3981,0.3565118908882141,,1616.4521424770355,25.75735354423523
3982,0.35606542229652405,,1616.8535194396973,25.761073112487793
3983,0.35675671696662903,,1617.254154920578,25.764787673950195
3984,0.3565046787261963,,1617.6551065444946,25.768516540527344
3985,0.35754165053367615,,1618.0555300712585,25.772225379943848
3986,0.3570951819419861,,1618.4562847614288,25.775940418243408
3987,0.3579089045524597,,1618.8566212654114,25.779650449752808
3988,0.35793769359588623,,1619.2581882476807,25.783363103866577
3989,0.35836976766586304,,1619.6590116024017,25.787065744400024
3990,0.35845616459846497,,1620.0613486766815,25.790765047073364
3991,0.35705915093421936,,1620.4616312980652,25.794482946395874
3992,0.35729682445526123,,1620.8639116287231,25.79821014404297
3993,0.35738322138786316,,1621.265968799591,25.801926136016846
3994,0.35668471455574036,,1621.6674296855927,25.80563712120056
3995,0.3562382459640503,,1622.067554473877,25.809356927871704
3996,0.35684314370155334,,1622.4688382148743,25.81307291984558
3997,0.3573184013366699,,1622.8686685562134,25.81678080558777
3998,0.3578008711338043,,1623.2715933322906,25.820496082305908
3999,0.3576928675174713,,1623.6737208366394,25.824209928512573
4000,0.3575056493282318,,1624.075560092926,27.196099758148193
4001,0.3563462495803833,,1624.4772636890411,27.199796676635742
4002,0.356807142496109,,1624.877758026123,27.20350980758667
4003,0.3568287491798401,,1625.2805938720703,27.207223892211914
4004,0.35638946294784546,,1625.6819038391113,27.21093487739563
4005,0.35595738887786865,,1626.084354877472,27.214646100997925
4006,0.3561662435531616,,1626.4862565994263,27.21835231781006
4007,0.35571256279945374,,1626.8888969421387,27.22206211090088
4008,0.355510950088501,,1627.2882168293,27.22576665878296
4009,0.35611581802368164,,1627.6921138763428,27.2294819355011
4010,0.3565622866153717,,1628.0938704013824,27.233200550079346
4011,0.3561302423477173,,1628.4951059818268,27.236910343170166
4012,0.3561806380748749,,1628.8969206809998,27.240633964538574
4013,0.35692232847213745,,1629.2988305091858,27.244347095489502
4014,0.3562094271183014,,1629.6979513168335,27.248062133789062
4015,0.3562094271183014,,1630.0985634326935,27.251768112182617
4016,0.356648713350296,,1630.5004336833954,27.255480527877808
4017,0.35684314370155334,,1630.9022493362427,27.259190559387207
4018,0.35700157284736633,,1631.3038699626923,27.262899160385132
4019,0.35684314370155334,,1631.7052025794983,27.2666118144989
4020,0.35675671696662903,,1632.1050817966461,27.270312786102295
4021,0.3565694987773895,,1632.504502773285,27.274019241333008
4022,0.35721758008003235,,1632.9070327281952,27.277722597122192
4023,0.35697996616363525,,1633.3082237243652,27.281439304351807
4024,0.3566919267177582,,1633.7093036174774,27.28515625
4025,0.35507887601852417,,1634.1118438243866,27.288864374160767
4026,0.3558061718940735,,1634.5117576122284,27.292572498321533
4027,0.35592859983444214,,1634.9122314453125,27.29628872871399
4028,0.35569095611572266,,1635.5796735286713,27.300007820129395
4029,0.3552516996860504,,1635.982787847519,27.30370283126831
4030,0.3563534617424011,,1636.3833351135254,27.307402849197388
4031,0.35588541626930237,,1636.7864348888397,27.31112051010132
4032,0.35713839530944824,,1637.18723487854,27.314834117889404
4033,0.35695114731788635,,1637.590699672699,27.318554162979126
4034,0.3573616147041321,,1637.9929270744324,27.322269439697266
4035,0.35708075761795044,,1638.39355134964,27.325985431671143
4036,0.35730400681495667,,1638.7932138442993,27.32969617843628
4037,0.3565911054611206,,1639.1950542926788,27.333404064178467
4038,0.3571527898311615,,1639.5957436561584,27.33709740638733
4039,0.35752004384994507,,1639.9970364570618,27.34080696105957
4040,0.35815373063087463,,1640.3971362113953,27.34450912475586
4041,0.35770007967948914,,1640.7991993427277,27.348217487335205
4042,0.35738322138786316,,1641.1997423171997,27.35193133354187
4043,0.3561014235019684,,1641.6018161773682,27.355634927749634
4044,0.35603663325309753,,1642.0025765895844,27.35934591293335
4045,0.35614463686943054,,1642.4041788578033,27.363046169281006
4046,0.35667750239372253,,1642.8049747943878,27.36676549911499
4047,0.3562166392803192,,1643.2062816619873,27.370567798614502
4048,0.3559429943561554,,1643.6074476242065,27.37428307533264
4049,0.35644710063934326,,1644.0074944496155,27.377981424331665
4050,0.3563678562641144,,1644.4091436862946,27.381691932678223
4051,0.3562454581260681,,1644.8108551502228,27.385395288467407
4052,0.35638225078582764,,1645.2127759456635,27.389115810394287
4053,0.35743364691734314,,1645.6131875514984,27.39281964302063
4054,0.35628145933151245,,1646.0143959522247,27.39654779434204
4055,0.3559934198856354,,1646.4163763523102,27.400254249572754
4056,0.3561086356639862,,1646.8171389102936,27.40396523475647
4057,0.3560870289802551,,1647.21915268898,27.40767741203308
4058,0.35660549998283386,,1647.6210238933563,27.41139030456543
4059,0.35681432485580444,,1648.0218298435211,27.41509699821472
4060,0.3572103977203369,,1648.425635099411,27.41879439353943
4061,0.357872873544693,,1648.8255898952484,27.422507762908936
4062,0.3582473695278168,,1649.2270171642303,27.42621374130249
4063,0.35888102650642395,,1649.6277401447296,27.429930210113525
4064,0.35842737555503845,,1650.0305843353271,27.433637380599976
4065,0.3584633767604828,,1650.4314398765564,27.437339544296265
4066,0.3574768304824829,,1650.8329772949219,27.441044092178345
4067,0.35708796977996826,,1651.2323377132416,27.44475269317627
4068,0.3566919267177582,,1651.6338970661163,27.44845747947693
4069,0.3567279279232025,,1652.035485982895,27.45233941078186
4070,0.35641828179359436,,1652.4367470741272,27.456058740615845
4071,0.3567999303340912,,1652.8369364738464,27.459766626358032
4072,0.3563966751098633,,1653.2387328147888,27.46347212791443
4073,0.35695114731788635,,1653.6382513046265,27.467164993286133
4074,0.35674232244491577,,1654.038507938385,27.470871448516846
4075,0.35684314370155334,,1654.4400644302368,27.474584817886353
4076,0.35730400681495667,,1654.8422832489014,27.47830367088318
4077,0.3571023643016815,,1655.242778301239,27.482008457183838
4078,0.35649746656417847,,1655.643839597702,27.4857120513916
4079,0.3566342890262604,,1656.0437586307526,27.48942470550537
4080,0.3559934198856354,,1656.4445610046387,27.49315643310547
4081,0.35676392912864685,,1657.1107559204102,27.496867895126343
4082,0.35692232847213745,,1657.511441230774,27.500584602355957
4083,0.3573616147041321,,1657.9120700359344,27.5042884349823
4084,0.35675671696662903,,1658.3142533302307,27.50800085067749
4085,0.35542452335357666,,1658.7151827812195,27.51171088218689
4086,0.3550644814968109,,1659.1170332431793,27.515428066253662
4087,0.3557557761669159,,1659.518480539322,27.519137620925903
4088,0.3559646010398865,,1659.9200475215912,27.522845029830933
4089,0.3544739782810211,,1660.3201968669891,27.526552438735962
4090,0.3557557761669159,,1660.7236642837524,27.53026556968689
4091,0.35604384541511536,,1661.1253609657288,27.53397822380066
4092,0.3558421730995178,,1661.5269684791565,27.53770136833191
4093,0.3560294210910797,,1661.927384853363,27.5414137840271
4094,0.3569079339504242,,1662.3280475139618,27.545111656188965
4095,0.35743364691734314,,1662.7281720638275,27.548815488815308
4096,0.357232004404068,,1663.1282653808594,27.552542448043823
4097,0.3575272560119629,,1663.5297491550446,27.55625319480896
4098,0.3576352596282959,,1663.931292295456,27.559963703155518
4099,0.3571743965148926,,1664.3316628932953,27.563682556152344
4100,0.3567783236503601,,1664.7327060699463,27.567388772964478
4101,0.3559646010398865,,1665.1345829963684,27.571115016937256
4102,0.35603663325309753,,1665.535276889801,27.574832916259766
4103,0.35582777857780457,,1665.935690164566,27.578545331954956
4104,0.3567279279232025,,1666.3381793498993,27.58225703239441
4105,0.3566127121448517,,1666.7425487041473,27.585970163345337
4106,0.3567999303340912,,1667.14302277565,27.589683055877686
4107,0.35671353340148926,,1667.5454742908478,27.593390703201294
4108,0.35631027817726135,,1667.946317434311,27.59709858894348
4109,0.35641106963157654,,1668.3492357730865,27.60080623626709
4110,0.35630306601524353,,1668.7499287128448,27.60452175140381
4111,0.35682153701782227,,1669.1522099971771,27.608226776123047
4112,0.3564830720424652,,1669.5528438091278,27.611936807632446
4113,0.3569439649581909,,1669.954933166504,27.615646839141846
4114,0.35743364691734314,,1670.354441165924,27.619359731674194
4115,0.3569871783256531,,1670.7550733089447,27.62307095527649
4116,0.3566127121448517,,1671.1559805870056,27.62678337097168
4117,0.3561302423477173,,1671.5563247203827,27.63049578666687
4118,0.3558638095855713,,1671.956870317459,27.634203910827637
4119,0.3561302423477173,,1672.3581521511078,27.637914180755615
4120,0.3563246726989746,,1672.7576713562012,27.641636848449707
4121,0.3565406799316406,,1673.1602926254272,27.64534640312195
4122,0.3571527898311615,,1673.5611295700073,27.64905571937561
4123,0.35714560747146606,,1673.962794303894,27.652770519256592
4124,0.3569439649581909,,1674.3631734848022,27.65647864341736
4125,0.35740482807159424,,1674.7640812397003,27.66018843650818
4126,0.35762083530426025,,1675.1642754077911,27.66391682624817
4127,0.3566919267177582,,1675.564606666565,27.66762113571167
4128,0.3564614951610565,,1675.9695160388947,27.67132592201233
4129,0.3562670648097992,,1676.3722813129425,27.675039291381836
4130,0.35611581802368164,,1676.7779908180237,27.678752422332764
4131,0.35703036189079285,,1677.1805849075317,27.682466745376587
4132,0.3576640784740448,,1677.5820178985596,27.686182022094727
4133,0.35776486992836,,1677.9813859462738,27.689886808395386
4134,0.35726800560951233,,1678.6467492580414,27.693599700927734
4135,0.35695114731788635,,1679.0479848384857,27.69732689857483
4136,0.35515087842941284,,1679.4483346939087,27.701038599014282
4137,0.35577020049095154,,1679.8512697219849,27.70474910736084
4138,0.3563246726989746,,1680.2517590522766,27.708460092544556
4139,0.3570663630962372,,1680.6535685062408,27.712175607681274
4140,0.35682153701782227,,1681.0550968647003,27.715900182724
4141,0.35767126083374023,,1681.4558608531952,27.71961498260498
4142,0.35775047540664673,,1681.8577184677124,27.72332191467285
4143,0.35646867752075195,,1682.2583501338959,27.727030515670776
4144,0.355618953704834,,1682.6589605808258,27.73076343536377
4145,0.3569871783256531,,1683.0610542297363,27.73447823524475
4146,0.3572031855583191,,1683.467167854309,27.73819899559021
4147,0.3565118908882141,,1683.8680601119995,27.7419114112854
4148,0.3561806380748749,,1684.2695863246918,27.745622634887695
4149,0.355618953704834,,1684.6697053909302,27.749330282211304
4150,0.35533812642097473,,1685.0722029209137,27.753045320510864
4151,0.35542452335357666,,1685.4733662605286,27.756755113601685
4152,0.3554677367210388,,1685.874225139618,27.76045846939087
4153,0.35604384541511536,,1686.2748000621796,27.76416850090027
4154,0.35597899556159973,,1686.676302909851,27.767874240875244
4155,0.356915146112442,,1687.0753717422485,27.771583318710327
4156,0.35711678862571716,,1687.475967168808,27.7752947807312
4157,0.3567783236503601,,1687.8768658638,27.77900242805481
4158,0.3563462495803833,,1688.2785277366638,27.78271770477295
4159,0.35633185505867004,,1688.6794846057892,27.78643250465393
4160,0.3561590313911438,,1689.080936908722,27.79014754295349
4161,0.35574859380722046,,1689.4808864593506,27.79386258125305
4162,0.35611581802368164,,1689.881770849228,27.797571420669556
4163,0.3565334975719452,,1690.2841522693634,27.8012797832489
4164,0.35615184903144836,,1690.684893131256,27.804993867874146
4165,0.35668471455574036,,1691.0866408348083,27.808706521987915
4166,0.35671353340148926,,1691.488168001175,27.812416076660156
4167,0.3573472201824188,,1691.8874852657318,27.81611680984497
4168,0.35776486992836,,1692.2878274917603,27.819843769073486
4169,0.3564254939556122,,1692.6904051303864,27.823554754257202
4170,0.35590702295303345,,1693.0926761627197,27.82726550102234
4171,0.3563462495803833,,1693.4951665401459,27.830981969833374
4172,0.35636064410209656,,1693.8965303897858,27.834691286087036
4173,0.3562670648097992,,1694.2978060245514,27.838407039642334
4174,0.35671353340148926,,1694.6993715763092,27.842111110687256
4175,0.3562670648097992,,1695.102487564087,27.845816373825073
4176,0.355302095413208,,1695.5031085014343,27.849517107009888
4177,0.3567207157611847,,1695.9041476249695,27.853237867355347
4178,0.35614463686943054,,1696.3061728477478,27.856945276260376
4179,0.35641828179359436,,1696.7079916000366,27.860641717910767
4180,0.35636064410209656,,1697.1073987483978,27.864360570907593
4181,0.35711678862571716,,1697.5110354423523,27.868067026138306
4182,0.3568575382232666,,1697.9113717079163,27.871781826019287
4183,0.3570231795310974,,1698.313016653061,27.87548804283142
4184,0.3571527898311615,,1698.7147839069366,27.87920308113098
4185,0.35687196254730225,,1699.116242647171,27.882914781570435
4186,0.3576136529445648,,1699.515730381012,27.886627197265625
4187,0.3570447564125061,,1700.1825468540192,27.89033794403076
4188,0.357232004404068,,1700.583327293396,27.894048929214478
4189,0.35678553581237793,,1700.984897851944,27.897760152816772
4190,0.3561950623989105,,1701.3854908943176,27.901479721069336
4191,0.35612303018569946,,1701.7858889102936,27.90519142150879
4192,0.3561806380748749,,1702.1868867874146,27.908926486968994
4193,0.35630306601524353,,1702.5884144306183,27.91264796257019
4194,0.3555973470211029,,1702.989284992218,27.916362524032593
4195,0.3560006022453308,,1703.3909034729004,27.920080423355103
4196,0.35545334219932556,,1703.7895221710205,27.9238018989563
4197,0.35584938526153564,,1704.1899087429047,27.927517414093018
4198,0.3557269871234894,,1704.591208934784,27.931227684020996
4199,0.35697275400161743,,1704.9909641742706,27.934932708740234
4200,0.35708796977996826,,1705.3919286727905,27.938639402389526
4201,0.356807142496109,,1705.7929017543793,27.94235348701477
4202,0.35654789209365845,,1706.1931705474854,27.946064233779907
4203,0.3563246726989746,,1706.5938529968262,27.949787855148315
4204,0.35611581802368164,,1706.9950029850006,27.953500747680664
4205,0.35566216707229614,,1707.3962457180023,27.957209587097168
4206,0.3568287491798401,,1707.7952663898468,27.96091914176941
4207,0.3565622866153717,,1708.196641921997,27.964645862579346
4208,0.35641106963157654,,1708.5968720912933,27.968371629714966
4209,0.3564254939556122,,1708.9975047111511,27.97208285331726
4210,0.3562382459640503,,1709.3990890979767,27.975791931152344
4211,0.3559142053127289,,1709.7992324829102,27.979508638381958
4212,0.3556693494319916,,1710.2020540237427,27.983220100402832
4213,0.3556837737560272,,1710.60405087471,27.986937284469604
4214,0.3557845950126648,,1711.0047183036804,27.99064803123474
4215,0.3556477725505829,,1711.4046499729156,27.99435257911682
4216,0.3560582399368286,,1711.805955171585,27.99805974960327
4217,0.3574192225933075,,1712.207352399826,28.00176763534546
4218,0.35703036189079285,,1712.6101319789886,28.00547742843628
4219,0.3564830720424652,,1713.0117461681366,28.009188890457153
4220,0.3564326763153076,,1713.4133081436157,28.01290774345398
4221,0.3564830720424652,,1713.8127722740173,28.01661777496338
4222,0.35668471455574036,,1714.2154014110565,28.02031898498535
4223,0.3569367527961731,,1714.6158485412598,28.02402901649475
4224,0.35674232244491577,,1715.0175712108612,28.02775001525879
4225,0.35690075159072876,,1715.4189717769623,28.031464338302612
4226,0.3561014235019684,,1715.8199648857117,28.03517723083496
4227,0.3571743965148926,,1716.2194838523865,28.0388925075531
4228,0.3560870289802551,,1716.620837688446,28.0426025390625
4229,0.3563174605369568,,1717.0214846134186,28.04632043838501
4230,0.3558998107910156,,1717.4227776527405,28.050034046173096
4231,0.3568287491798401,,1717.8240892887115,28.05375385284424
4232,0.35791608691215515,,1718.2254207134247,28.057467460632324
4233,0.357656866312027,,1718.6265513896942,28.061172246932983
4234,0.3568863570690155,,1719.027774810791,28.06487536430359
4235,0.3570447564125061,,1719.4292342662811,28.06858491897583
4236,0.35625264048576355,,1719.830830335617,28.072288513183594
4237,0.35574859380722046,,1720.232126235962,28.075993537902832
4238,0.3554677367210388,,1720.633695602417,28.07970643043518
4239,0.3554677367210388,,1721.036157131195,28.083436965942383
4240,0.35607263445854187,,1721.7021470069885,28.087153673171997
4241,0.35620224475860596,,1722.1029407978058,28.090861558914185
4242,0.3556981682777405,,1722.5050048828125,28.094565868377686
4243,0.35523730516433716,,1722.904573917389,28.098267555236816
4244,0.35494205355644226,,1723.305793762207,28.101988315582275
4245,0.3549996614456177,,1723.7071318626404,28.105697870254517
4246,0.35520851612091064,,1724.1078572273254,28.109413146972656
4247,0.35489165782928467,,1724.5089855194092,28.11313033103943
4248,0.35542452335357666,,1724.9092445373535,28.116835594177246
4249,0.355618953704834,,1725.3093101978302,28.120561599731445
4250,0.35556134581565857,,1725.710438966751,28.124274253845215
4251,0.35593581199645996,,1726.1121125221252,28.127984762191772
4252,0.3562094271183014,,1726.5111393928528,28.131696224212646
4253,0.35601502656936646,,1726.9111664295197,28.13540530204773
4254,0.35569095611572266,,1727.3122236728668,28.139116764068604
4255,0.35544613003730774,,1727.7123637199402,28.142823934555054
4256,0.35512927174568176,,1728.113510131836,28.146536111831665
4257,0.3566342890262604,,1728.514277935028,28.150251865386963
4258,0.3559646010398865,,1728.9155037403107,28.153961658477783
4259,0.3563534617424011,,1729.3163425922394,28.157667875289917
4260,0.35582777857780457,,1729.7181839942932,28.16137456893921
4261,0.3558709919452667,,1730.1185002326965,28.165082216262817
4262,0.3565694987773895,,1730.5196170806885,28.168794870376587
4263,0.3572536110877991,,1730.9209506511688,28.172507286071777
4264,0.35681432485580444,,1731.3219559192657,28.176210641860962
4265,0.3566415011882782,,1731.723039150238,28.179917812347412
4266,0.3564830720424652,,1732.124130487442,28.183621406555176
4267,0.35579177737236023,,1732.525260925293,28.18733263015747
4268,0.355777382850647,,1732.9259660243988,28.191049575805664
4269,0.35676392912864685,,1733.3282537460327,28.19476556777954
4270,0.3560510277748108,,1733.729281425476,28.198490381240845
4271,0.3562382459640503,,1734.1313326358795,28.20219326019287
4272,0.35579898953437805,,1734.5318803787231,28.206010103225708
4273,0.35561177134513855,,1734.9331822395325,28.209718942642212
4274,0.3563678562641144,,1735.3321106433868,28.21342372894287
4275,0.35466840863227844,,1735.7328355312347,28.21713948249817
4276,0.3554101288318634,,1736.13423538208,28.22084641456604
4277,0.3551653027534485,,1736.5358338356018,28.22455620765686
4278,0.35571256279945374,,1736.9365022182465,28.228270769119263
4279,0.3562094271183014,,1737.3376414775848,28.23197603225708
4280,0.35556134581565857,,1737.7376437187195,28.2356960773468
4281,0.3551148772239685,,1738.1384329795837,28.239410161972046
4282,0.3561662435531616,,1738.539636850357,28.243141412734985
4283,0.35671353340148926,,1738.9412627220154,28.246856212615967
4284,0.3558421730995178,,1739.3440372943878,28.250566244125366
4285,0.3559142053127289,,1739.7450721263885,28.254274368286133
4286,0.35601502656936646,,1740.1455402374268,28.257978439331055
4287,0.3549564480781555,,1740.5472087860107,28.26167583465576
4288,0.3560582399368286,,1740.9486951828003,28.265390396118164
4289,0.35539570450782776,,1741.3494322299957,28.269096851348877
4290,0.3565334975719452,,1741.752328157425,28.272795915603638
4291,0.3564758896827698,,1742.1553213596344,28.27649736404419
4292,0.3560006022453308,,1742.5576066970825,28.280200719833374
4293,0.35611581802368164,,1743.2219302654266,28.283915996551514
4294,0.35555413365364075,,1743.621904850006,28.287638902664185
4295,0.35595738887786865,,1744.0229132175446,28.291353702545166
4296,0.3556693494319916,,1744.4223527908325,28.295066595077515
4297,0.3558925986289978,,1744.8238484859467,28.298771858215332
4298,0.3565118908882141,,1745.2247445583344,28.302470207214355
4299,0.357124000787735,,1745.626430273056,28.30617380142212
4300,0.35685035586357117,,1746.0278153419495,28.309890270233154
4301,0.3552949130535126,,1746.4285910129547,28.31359624862671
4302,0.3554389178752899,,1746.828818321228,28.31730604171753
4303,0.3568575382232666,,1747.2302515506744,28.321016311645508
4304,0.3563534617424011,,1747.631692647934,28.324721813201904
4305,0.35722479224205017,,1748.0322465896606,28.3284432888031
4306,0.3567279279232025,,1748.4363312721252,28.332158088684082
4307,0.3570231795310974,,1748.8388299942017,28.335874319076538
4308,0.3569367527961731,,1749.2397556304932,28.33958411216736
4309,0.35700878500938416,,1749.6402037143707,28.34330129623413
4310,0.35644710063934326,,1750.0423216819763,28.34702157974243
4311,0.35652628540992737,,1750.4448618888855,28.35074019432068
4312,0.3560510277748108,,1750.8477971553802,28.354455947875977
4313,0.35700878500938416,,1751.2493605613708,28.358159065246582
4314,0.3569079339504242,,1751.65110373497,28.361859560012817
4315,0.3578296899795532,,1752.0508978366852,28.36556577682495
4316,0.3578008711338043,,1752.4542872905731,28.36928653717041
4317,0.3556477725505829,,1752.8554949760437,28.373003005981445
4318,0.35533812642097473,,1753.257907152176,28.376826524734497
4319,0.35713839530944824,,1753.6588308811188,28.380535125732422
4320,0.35754886269569397,,1754.0596334934235,28.384262561798096
4321,0.35611581802368164,,1754.458694934845,28.387970685958862
4322,0.35574859380722046,,1754.8604414463043,28.391685485839844
4323,0.3549564480781555,,1755.2610960006714,28.395400047302246
4324,0.35523009300231934,,1755.6626543998718,28.39913272857666
4325,0.3543371558189392,,1756.06458568573,28.40284013748169
4326,0.354877233505249,,1756.465048789978,28.406559944152832
4327,0.35534533858299255,,1756.8648998737335,28.410269737243652
4328,0.3558421730995178,,1757.2656698226929,28.413986682891846
4329,0.35491326451301575,,1757.6688408851624,28.417700052261353
4330,0.35584938526153564,,1758.0701689720154,28.421419382095337
4331,0.35598620772361755,,1758.4741325378418,28.42513155937195
4332,0.3559214174747467,,1758.8754997253418,28.428850889205933
4333,0.35627424716949463,,1759.2766954898834,28.432571172714233
4334,0.3562958538532257,,1759.6773657798767,28.43629503250122
4335,0.35592859983444214,,1760.0782842636108,28.44000554084778
4336,0.3559646010398865,,1760.4792928695679,28.443713903427124
4337,0.3555757403373718,,1760.8820366859436,28.447424173355103
4338,0.3559718132019043,,1761.2831087112427,28.451151132583618
4339,0.3554965555667877,,1761.6856663227081,28.454888820648193
4340,0.35617345571517944,,1762.0854043960571,28.45860266685486
4341,0.35582777857780457,,1762.4863867759705,28.46230697631836
4342,0.3555757403373718,,1762.8873031139374,28.466031789779663
4343,0.3550932705402374,,1763.2886006832123,28.469745874404907
4344,0.3556045591831207,,1763.6898548603058,28.47345495223999
4345,0.3554317355155945,,1764.091563463211,28.4771568775177
4346,0.35582056641578674,,1764.7553405761719,28.48093032836914
4347,0.3557629883289337,,1765.1580419540405,28.484639167785645
4348,0.3563678562641144,,1765.5598468780518,28.488349199295044
4349,0.35590702295303345,,1765.9618933200836,28.49205756187439
4350,0.35553252696990967,,1766.3616526126862,28.495769500732422
4351,0.3557629883289337,,1766.7628841400146,28.49947953224182
4352,0.3548124432563782,,1767.1634917259216,28.503190279006958
4353,0.3552733063697815,,1767.564419746399,28.506901502609253
4354,0.35615184903144836,,1767.9650447368622,28.510608434677124
4355,0.35534533858299255,,1768.3661181926727,28.51432228088379
4356,0.3559142053127289,,1768.7651634216309,28.518035411834717
4357,0.35646867752075195,,1769.1671452522278,28.521739721298218
4358,0.35545334219932556,,1769.5675735473633,28.525453567504883
4359,0.3547044098377228,,1769.969403743744,28.529165744781494
4360,0.35649746656417847,,1770.3741495609283,28.53287410736084
4361,0.3560006022453308,,1770.7744641304016,28.53658366203308
4362,0.35499244928359985,,1771.1742196083069,28.54030132293701
4363,0.3547980487346649,,1771.576022386551,28.544004917144775
4364,0.3557269871234894,,1771.976723909378,28.547713041305542
4365,0.3554893434047699,,1772.377559185028,28.55142903327942
4366,0.35533812642097473,,1772.7789340019226,28.55514645576477
4367,0.35574859380722046,,1773.1797869205475,28.55884861946106
4368,0.3566342890262604,,1773.5803892612457,28.56256651878357
4369,0.3565118908882141,,1773.9811539649963,28.566279411315918
4370,0.3557053804397583,,1774.38179397583,28.569990158081055
4371,0.35556134581565857,,1774.7820296287537,28.57370901107788
4372,0.3559934198856354,,1775.1874315738678,28.577425003051758
4373,0.35534533858299255,,1775.5886297225952,28.581153869628906
4374,0.35561177134513855,,1775.9909327030182,28.584858179092407
4375,0.3554821312427521,,1776.3913080692291,28.588571786880493
4376,0.3555469512939453,,1776.792429447174,28.592283248901367
4377,0.35512205958366394,,1777.1936042308807,28.595999002456665
4378,0.35510048270225525,,1777.5955200195312,28.599706411361694
4379,0.35530930757522583,,1777.9966785907745,28.60341477394104
4380,0.3552733063697815,,1778.3974041938782,28.607123136520386
4381,0.35564056038856506,,1778.7977015972137,28.610837697982788
4382,0.3555757403373718,,1779.199034690857,28.614550828933716
4383,0.35585659742355347,,1779.5995028018951,28.61827278137207
4384,0.35534533858299255,,1780.0009579658508,28.621968269348145
4385,0.35507887601852417,,1780.4010548591614,28.625683546066284
4386,0.35523730516433716,,1780.8017482757568,28.629395008087158
4387,0.3559502065181732,,1781.202627658844,28.633100271224976
4388,0.3560798168182373,,1781.6030793190002,28.636801958084106
4389,0.3564614951610565,,1782.0034141540527,28.64051389694214
4390,0.3561950623989105,,1782.4060397148132,28.6442289352417
4391,0.3563246726989746,,1782.8079347610474,28.647940158843994
4392,0.35714560747146606,,1783.2084193229675,28.65165066719055
4393,0.35671353340148926,,1783.6097683906555,28.655351638793945
4394,0.35644710063934326,,1784.0100615024567,28.65904712677002
4395,0.3571527898311615,,1784.4115152359009,28.662760257720947
4396,0.35644710063934326,,1784.8129963874817,28.666472673416138
4397,0.35662710666656494,,1785.2142536640167,28.670188903808594
4398,0.35603663325309753,,1785.6152353286743,28.673889636993408
4399,0.3565694987773895,,1786.2783961296082,28.6775963306427
4400,0.3567207157611847,,1786.6797261238098,28.68131160736084
4401,0.35662710666656494,,1787.0843088626862,28.685031175613403
4402,0.3572824001312256,,1787.4863185882568,28.68873882293701
4403,0.3562166392803192,,1787.8871834278107,28.69244146347046
4404,0.3560582399368286,,1788.2871313095093,28.696152925491333
4405,0.35641828179359436,,1788.688455581665,28.699856281280518
4406,0.3555181324481964,,1789.0898110866547,28.703561067581177
4407,0.35486283898353577,,1789.4905178546906,28.70728349685669
4408,0.35534533858299255,,1789.8913068771362,28.71099042892456
4409,0.35555413365364075,,1790.291445016861,28.71470332145691
4410,0.3554893434047699,,1790.6928746700287,28.718405723571777
4411,0.35582777857780457,,1791.0944466590881,28.72212290763855
4412,0.35526609420776367,,1791.4965720176697,28.725837469100952
4413,0.35582056641578674,,1791.8971321582794,28.72956609725952
4414,0.35606542229652405,,1792.296714067459,28.73327612876892
4415,0.35625264048576355,,1792.697069644928,28.736990928649902
4416,0.35623103380203247,,1793.0982041358948,28.74071168899536
4417,0.3564614951610565,,1793.4978468418121,28.744430780410767
4418,0.35638946294784546,,1793.8979771137238,28.748154401779175
4419,0.35597899556159973,,1794.2991032600403,28.751874446868896
4420,0.3561806380748749,,1794.6996014118195,28.75559139251709
4421,0.3561086356639862,,1795.099446296692,28.759313106536865
4422,0.3561086356639862,,1795.499930858612,28.763031244277954
4423,0.35670632123947144,,1795.9009535312653,28.766749382019043
4424,0.35708796977996826,,1796.3011548519135,28.770471572875977
4425,0.3558061718940735,,1796.7034273147583,28.774193286895752
4426,0.3564038872718811,,1797.1034798622131,28.777918577194214
4427,0.3565911054611206,,1797.505337715149,28.781638860702515
4428,0.3566198945045471,,1797.9045639038086,28.7853741645813
4429,0.3556261658668518,,1798.30477643013,28.789098739624023
4430,0.35623103380203247,,1798.7048165798187,28.792823314666748
4431,0.3563174605369568,,1799.1064467430115,28.796545028686523
4432,0.3561302423477173,,1799.5061020851135,28.800262212753296
4433,0.35651907324790955,,1799.9066934585571,28.803990602493286
4434,0.3564614951610565,,1800.3062541484833,28.807711601257324
4435,0.3562454581260681,,1800.708083152771,28.811428546905518
4436,0.35719597339630127,,1801.107751607895,28.81514620780945
4437,0.3558998107910156,,1801.508945465088,28.818873405456543
4438,0.35754886269569397,,1801.908929347992,28.82258915901184
4439,0.3572391867637634,,1802.3093345165253,28.82631492614746
4440,0.3569079339504242,,1802.709553718567,28.8300359249115
4441,0.357073575258255,,1803.109753370285,28.833755016326904
4442,0.3566198945045471,,1803.5099124908447,28.837477207183838
4443,0.3576280474662781,,1803.9111223220825,28.84119486808777
4444,0.35767847299575806,,1804.3111827373505,28.844909191131592
4445,0.35673514008522034,,1804.71209359169,28.848617553710938
4446,0.35670632123947144,,1805.1125266551971,28.852329969406128
4447,0.3571600019931793,,1805.5127229690552,28.85604500770569
4448,0.35654789209365845,,1805.9136216640472,28.859760284423828
4449,0.3558349907398224,,1806.3142218589783,28.863484859466553
4450,0.35662710666656494,,1806.713847875595,28.867206811904907
4451,0.35646867752075195,,1807.1140232086182,28.87093710899353
4452,0.35582777857780457,,1807.7776772975922,28.874655723571777
4453,0.3554677367210388,,1808.178474664688,28.87837290763855
4454,0.35622385144233704,,1808.5791022777557,28.88209557533264
4455,0.3568359315395355,,1808.9798913002014,28.885817766189575
4456,0.3564830720424652,,1809.3789796829224,28.88954997062683
4457,0.35574859380722046,,1809.7813098430634,28.893266916275024
4458,0.3567495346069336,,1810.1812915802002,28.896981716156006
4459,0.3556765615940094,,1810.5832870006561,28.900699138641357
4460,0.35585659742355347,,1810.9832949638367,28.904420375823975
4461,0.35582777857780457,,1811.3835361003876,28.90813112258911
4462,0.35453879833221436,,1811.7825772762299,28.911843299865723
4463,0.355035662651062,,1812.1855611801147,28.915563583374023
4464,0.3555685579776764,,1812.5856547355652,28.919275999069214
4465,0.35574859380722046,,1812.9872827529907,28.922991037368774
4466,0.35566216707229614,,1813.3880257606506,28.92671012878418
4467,0.35558295249938965,,1813.788417816162,28.930419921875
4468,0.3556549549102783,,1814.1875581741333,28.934159517288208
4469,0.35622385144233704,,1814.589033126831,28.937877655029297
4470,0.35574138164520264,,1814.9890432357788,28.941593885421753
4471,0.35587820410728455,,1815.3903958797455,28.945311069488525
4472,0.35539570450782776,,1815.7908823490143,28.949034929275513
4473,0.35510048270225525,,1816.191346168518,28.952766180038452
4474,0.35520851612091064,,1816.590982913971,28.95649766921997
4475,0.3557341694831848,,1816.992351770401,28.960203170776367
4476,0.3552949130535126,,1817.3942332267761,28.963907957077026
4477,0.3562886714935303,,1817.7949678897858,28.967612504959106
4478,0.35544613003730774,,1818.1966934204102,28.97133708000183
4479,0.3561662435531616,,1818.5969653129578,28.975049257278442
4480,0.35604384541511536,,1818.996990442276,28.97876787185669
4481,0.3557269871234894,,1819.3990552425385,28.98248815536499
4482,0.35643988847732544,,1819.7987489700317,28.986204147338867
4483,0.3555181324481964,,1820.1999781131744,28.98991823196411
4484,0.35482683777809143,,1820.6027660369873,28.99364161491394
4485,0.35545334219932556,,1821.004157781601,28.997363567352295
4486,0.35579177737236023,,1821.4049816131592,29.00107479095459
4487,0.35638225078582764,,1821.8048934936523,29.004804372787476
4488,0.3559502065181732,,1822.2063961029053,29.008513689041138
4489,0.3559718132019043,,1822.6071145534515,29.01222276687622
4490,0.3560510277748108,,1823.008048772812,29.015932321548462
4491,0.3558925986289978,,1823.4084482192993,29.019649505615234
4492,0.35541731119155884,,1823.8086326122284,29.023362636566162
4493,0.355035662651062,,1824.2079825401306,29.027087688446045
4494,0.3554677367210388,,1824.608806848526,29.030815601348877
4495,0.3547332286834717,,1825.0091207027435,29.034545183181763
4496,0.3551436960697174,,1825.4108684062958,29.038277626037598
4497,0.355618953704834,,1825.8103873729706,29.04200053215027
4498,0.3558638095855713,,1826.2106597423553,29.045719861984253
4499,0.355777382850647,,1826.610654592514,29.049439907073975
4500,0.35555413365364075,,1827.0107696056366,30.42094874382019
4501,0.3560006022453308,,1827.4114122390747,30.424657106399536
4502,0.355777382850647,,1827.8120601177216,30.42837381362915
4503,0.35559016466140747,,1828.2120578289032,30.432080507278442
4504,0.35536691546440125,,1828.6142287254333,30.43580985069275
4505,0.35482683777809143,,1829.279956817627,30.43953013420105
4506,0.35534533858299255,,1829.68061876297,30.443247079849243
4507,0.3545244038105011,,1830.0816023349762,30.446974277496338
4508,0.3556261658668518,,1830.4805133342743,30.450700283050537
4509,0.35507887601852417,,1830.8814823627472,30.45442008972168
4510,0.3545819818973541,,1831.2817182540894,30.45814561843872
4511,0.354927659034729,,1831.683587551117,30.461873054504395
4512,0.35607263445854187,,1832.0841701030731,30.465601205825806
4513,0.3555181324481964,,1832.4839503765106,30.469326972961426
4514,0.3560870289802551,,1832.8829138278961,30.47306227684021
4515,0.35633185505867004,,1833.2839591503143,30.476787328720093
4516,0.35536691546440125,,1833.684204339981,30.48049807548523
4517,0.3550932705402374,,1834.0850868225098,30.484232902526855
4518,0.35550373792648315,,1834.48481798172,30.487947463989258
4519,0.3551148772239685,,1834.8850634098053,30.491661548614502
4520,0.35598620772361755,,1835.2839517593384,30.495384454727173
4521,0.35655510425567627,,1835.6847922801971,30.4991135597229
4522,0.3559214174747467,,1836.0843393802643,30.502832889556885
4523,0.3562886714935303,,1836.48468375206,30.506560802459717
4524,0.35651907324790955,,1836.8851194381714,30.51027798652649
4525,0.35649746656417847,,1837.2851803302765,30.51399326324463
4526,0.3560798168182373,,1837.6848928928375,30.5177059173584
4527,0.3560798168182373,,1838.08505320549,30.521431922912598
4528,0.35612303018569946,,1838.485419511795,30.52515935897827
4529,0.35545334219932556,,1838.8851578235626,30.528887033462524
4530,0.35611581802368164,,1839.2854979038239,30.53261113166809
4531,0.35553252696990967,,1839.6857748031616,30.53632616996765
4532,0.3552156984806061,,1840.0860149860382,30.54005455970764
4533,0.35690075159072876,,1840.487910270691,30.54377317428589
4534,0.3561374247074127,,1840.8877046108246,30.547486066818237
4535,0.35638946294784546,,1841.288456439972,30.551212072372437
4536,0.35655510425567627,,1841.6884725093842,30.55493140220642
4537,0.3567999303340912,,1842.0903158187866,30.558654308319092
4538,0.35724639892578125,,1842.4914767742157,30.562382698059082
4539,0.35724639892578125,,1842.8913359642029,30.566110849380493
4540,0.35662710666656494,,1843.2942378520966,30.569833517074585
4541,0.35612303018569946,,1843.694581270218,30.573556184768677
4542,0.3571311831474304,,1844.0955286026,30.577268362045288
4543,0.3564326763153076,,1844.4958815574646,30.580984592437744
4544,0.3561374247074127,,1844.8961927890778,30.58469295501709
4545,0.35566216707229614,,1845.2953102588654,30.588423252105713
4546,0.35571256279945374,,1845.6950540542603,30.59212851524353
4547,0.3559502065181732,,1846.095309495926,30.595845222473145
4548,0.35584938526153564,,1846.4976134300232,30.599563360214233
4549,0.3568575382232666,,1846.8976647853851,30.60328435897827
4550,0.35654789209365845,,1847.2982912063599,30.60700821876526
4551,0.35628145933151245,,1847.6984777450562,30.61071228981018
4552,0.35633906722068787,,1848.0988624095917,30.614450216293335
4553,0.35584938526153564,,1848.4996738433838,30.61816906929016
4554,0.3556765615940094,,1848.9002633094788,30.621906280517578
4555,0.3566919267177582,,1849.2997605800629,30.625617027282715
4556,0.3561806380748749,,1849.7004599571228,30.62934637069702
4557,0.35593581199645996,,1850.1007022857666,30.6330726146698
4558,0.3558349907398224,,1850.7646043300629,30.636797189712524
4559,0.3564038872718811,,1851.1658685207367,30.640505075454712
4560,0.3559934198856354,,1851.567354440689,30.644216060638428
4561,0.355777382850647,,1851.9668192863464,30.64793634414673
4562,0.35556134581565857,,1852.367130279541,30.651662349700928
4563,0.3559142053127289,,1852.7686195373535,30.655370473861694
4564,0.35658392310142517,,1853.1690032482147,30.65908670425415
4565,0.3566631078720093,,1853.56969332695,30.662801027297974
4566,0.35628145933151245,,1853.9704937934875,30.66652536392212
4567,0.35646867752075195,,1854.3694913387299,30.670249462127686
4568,0.3562094271183014,,1854.7725069522858,30.67396640777588
4569,0.35636064410209656,,1855.1722276210785,30.67768621444702
4570,0.3559646010398865,,1855.5736229419708,30.681402444839478
4571,0.3558349907398224,,1855.9745168685913,30.68511462211609
4572,0.35552534461021423,,1856.3750233650208,30.68882656097412
4573,0.35654789209365845,,1856.7738687992096,30.692545652389526
4574,0.35670632123947144,,1857.175000667572,30.69626760482788
4575,0.3569079339504242,,1857.5749294757843,30.69998836517334
4576,0.3565622866153717,,1857.9762291908264,30.703712940216064
4577,0.35675671696662903,,1858.376430273056,30.70743227005005
4578,0.3562886714935303,,1858.7766625881195,30.711150646209717
4579,0.3562670648097992,,1859.1759495735168,30.71486234664917
4580,0.3562382459640503,,1859.5771658420563,30.718584060668945
4581,0.3560798168182373,,1859.976853609085,30.722299575805664
4582,0.35582777857780457,,1860.3760664463043,30.72601580619812
4583,0.35582777857780457,,1860.7763860225677,30.72974991798401
4584,0.35684314370155334,,1861.17742395401,30.733468294143677
4585,0.356648713350296,,1861.577880859375,30.737181186676025
4586,0.35622385144233704,,1861.979182958603,30.741045236587524
4587,0.35617345571517944,,1862.3794662952423,30.744754791259766
4588,0.3569367527961731,,1862.7798058986664,30.748470783233643
4589,0.35692232847213745,,1863.180252790451,30.752196550369263
4590,0.357073575258255,,1863.5802855491638,30.75591278076172
4591,0.35711678862571716,,1863.9802865982056,30.75963068008423
4592,0.3554821312427521,,1864.381759405136,30.763338565826416
4593,0.3559214174747467,,1864.7840204238892,30.76704239845276
4594,0.3557341694831848,,1865.1846787929535,30.770754098892212
4595,0.35675671696662903,,1865.5849652290344,30.774468660354614
4596,0.3571600019931793,,1865.9848928451538,30.77818465232849
4597,0.3569943606853485,,1866.3870441913605,30.78189730644226
4598,0.35695114731788635,,1866.7879693508148,30.78560733795166
4599,0.3568359315395355,,1867.1899018287659,30.789320707321167
4600,0.3571600019931793,,1867.5903658866882,30.793039083480835
4601,0.3569943606853485,,1867.9915010929108,30.79676604270935
4602,0.35695114731788635,,1868.3930866718292,30.80048441886902
4603,0.35676392912864685,,1868.7931189537048,30.804206132888794
4604,0.35671353340148926,,1869.1934332847595,30.807949542999268
4605,0.35713839530944824,,1869.5950462818146,30.811657905578613
4606,0.3573472201824188,,1869.9947671890259,30.815366506576538
4607,0.3562886714935303,,1870.3956019878387,30.81907367706299
4608,0.35695114731788635,,1870.7956178188324,30.82280468940735
4609,0.35662710666656494,,1871.1960463523865,30.826528549194336
4610,0.3568287491798401,,1871.595950603485,30.83024525642395
4611,0.3566919267177582,,1872.2588555812836,30.83396053314209
4612,0.35668471455574036,,1872.6602854728699,30.83767342567444
4613,0.35692232847213745,,1873.0600028038025,30.841395616531372
4614,0.35630306601524353,,1873.4602069854736,30.845130681991577
4615,0.3568287491798401,,1873.8602933883667,30.848857402801514
4616,0.35737600922584534,,1874.2612791061401,30.852575063705444
4617,0.3570951819419861,,1874.6611647605896,30.856293201446533
4618,0.35678553581237793,,1875.062195777893,30.86001682281494
4619,0.3567495346069336,,1875.4620819091797,30.86374020576477
4620,0.3568287491798401,,1875.8623259067535,30.867464065551758
4621,0.3571600019931793,,1876.2626514434814,30.87118172645569
4622,0.35690075159072876,,1876.6638469696045,30.874901056289673
4623,0.35622385144233704,,1877.0649888515472,30.87862539291382
4624,0.3568791449069977,,1877.4650402069092,30.882344484329224
4625,0.3566631078720093,,1877.8656482696533,30.886067628860474
4626,0.35670632123947144,,1878.2653136253357,30.889790296554565
4627,0.3563966751098633,,1878.6661341190338,30.893531322479248
4628,0.35641106963157654,,1879.067673444748,30.897247314453125
4629,0.35636064410209656,,1879.4697456359863,30.90096664428711
4630,0.3558998107910156,,1879.8704614639282,30.9046893119812
4631,0.35673514008522034,,1880.270915031433,30.90840768814087
4632,0.3566703200340271,,1880.6709327697754,30.91212797164917
4633,0.3572103977203369,,1881.0722770690918,30.915858507156372
4634,0.35727521777153015,,1881.4727816581726,30.91957926750183
4635,0.355194091796875,,1881.8743350505829,30.923300743103027
4636,0.35633906722068787,,1882.274493932724,30.927022218704224
4637,0.35721758008003235,,1882.6751708984375,30.93073534965515
4638,0.3556477725505829,,1883.0739033222198,30.93446445465088
4639,0.35667750239372253,,1883.476357460022,30.938181400299072
4640,0.35633185505867004,,1883.876294851303,30.94189715385437
4641,0.35625985264778137,,1884.2773060798645,30.945618867874146
4642,0.35654789209365845,,1884.6778450012207,30.94934916496277
4643,0.35655510425567627,,1885.0778696537018,30.95307421684265
4644,0.3566342890262604,,1885.4779949188232,30.95678472518921
4645,0.35614463686943054,,1885.8791048526764,30.960505962371826
4646,0.35601502656936646,,1886.2792496681213,30.96422815322876
4647,0.35614463686943054,,1886.6808981895447,30.967940092086792
4648,0.35600781440734863,,1887.0810203552246,30.971670389175415
4649,0.3570231795310974,,1887.4812443256378,30.97539258003235
4650,0.35716718435287476,,1887.8808994293213,30.979102611541748
4651,0.3560870289802551,,1888.2828323841095,30.982832193374634
4652,0.35598620772361755,,1888.6826615333557,30.986568212509155
4653,0.35673514008522034,,1889.0837156772614,30.990285634994507
4654,0.3558349907398224,,1889.4848761558533,30.994011163711548
4655,0.35577020049095154,,1889.8846681118011,30.997730255126953
4656,0.35627424716949463,,1890.2843792438507,31.00146222114563
4657,0.35597899556159973,,1890.686383485794,31.00518274307251
4658,0.3558998107910156,,1891.0865485668182,31.00891876220703
4659,0.3555685579776764,,1891.4861958026886,31.01265025138855
4660,0.3559934198856354,,1891.8877973556519,31.016364574432373
4661,0.35559016466140747,,1892.2877388000488,31.02008295059204
4662,0.35579177737236023,,1892.6888797283173,31.023792505264282
4663,0.3559646010398865,,1893.088360786438,31.02751111984253
4664,0.35600781440734863,,1893.7537784576416,31.03122568130493
4665,0.3564326763153076,,1894.1546320915222,31.034931421279907
4666,0.35643988847732544,,1894.5542621612549,31.038641452789307
4667,0.3561302423477173,,1894.9550235271454,31.042357921600342
4668,0.35679271817207336,,1895.355667591095,31.046074867248535
4669,0.35649746656417847,,1895.756432056427,31.04978895187378
4670,0.3555181324481964,,1896.1562700271606,31.053534507751465
4671,0.355618953704834,,1896.5572400093079,31.057262659072876
4672,0.35646867752075195,,1896.9566135406494,31.060970783233643
4673,0.3572824001312256,,1897.3566212654114,31.0647029876709
4674,0.355777382850647,,1897.7570459842682,31.06843328475952
4675,0.3558349907398224,,1898.158595085144,31.072150945663452
4676,0.3558349907398224,,1898.558988571167,31.07587218284607
4677,0.3559142053127289,,1898.9597096443176,31.079582929611206
4678,0.357124000787735,,1899.3596546649933,31.083308458328247
4679,0.35590702295303345,,1899.7602019309998,31.087029933929443
4680,0.35660549998283386,,1900.1613011360168,31.090763330459595
4681,0.3563246726989746,,1900.5632076263428,31.094496250152588
4682,0.3561374247074127,,1900.9649760723114,31.098215579986572
4683,0.35741204023361206,,1901.3650052547455,31.101928234100342
4684,0.3569871783256531,,1901.7654976844788,31.1056489944458
4685,0.35703757405281067,,1902.1650564670563,31.109374046325684
4686,0.356648713350296,,1902.5664999485016,31.113088369369507
4687,0.3569295406341553,,1902.9666874408722,31.11679458618164
4688,0.35762083530426025,,1903.3674457073212,31.120514154434204
4689,0.35655510425567627,,1903.767770767212,31.124228477478027
4690,0.3570159673690796,,1904.1678383350372,31.127940893173218
4691,0.35729682445526123,,1904.5675642490387,31.13166880607605
4692,0.3574768304824829,,1904.9680080413818,31.135385751724243
4693,0.3573327958583832,,1905.3680684566498,31.139103174209595
4694,0.356807142496109,,1905.769138097763,31.14283323287964
4695,0.3575272560119629,,1906.1696708202362,31.146547317504883
4696,0.3566703200340271,,1906.5704913139343,31.150274753570557
4697,0.357656866312027,,1906.9708921909332,31.153989791870117
4698,0.35697996616363525,,1907.3726124763489,31.157706260681152
4699,0.3570519685745239,,1907.7729024887085,31.161425828933716
4700,0.35773608088493347,,1908.1730983257294,31.165140867233276
4701,0.3575848639011383,,1908.5749502182007,31.168856859207153
4702,0.35754886269569397,,1908.9752547740936,31.17256760597229
4703,0.3574480414390564,,1909.3770973682404,31.176273107528687
4704,0.3568647503852844,,1909.7768545150757,31.180007219314575
4705,0.3579881191253662,,1910.1786677837372,31.183719396591187
4706,0.35783690214157104,,1910.578863143921,31.18743371963501
4707,0.3573327958583832,,1910.9816434383392,31.191152095794678
4708,0.35754886269569397,,1911.381208896637,31.19488215446472
4709,0.3568863570690155,,1911.7811603546143,31.19859552383423
4710,0.35772886872291565,,1912.1808302402496,31.20232129096985
4711,0.35759925842285156,,1912.5830812454224,31.206061840057373
4712,0.35764244198799133,,1912.9822254180908,31.2097749710083
4713,0.3577432632446289,,1913.3831675052643,31.2134907245636
4714,0.3582257628440857,,1913.7837386131287,31.2172110080719
4715,0.3575056493282318,,1914.183836221695,31.220932483673096
4716,0.3583553731441498,,1914.583752632141,31.224661111831665
4717,0.35665589570999146,,1915.2468943595886,31.22837543487549
4718,0.3577432632446289,,1915.6485970020294,31.23209047317505
4719,0.3584705889225006,,1916.0475742816925,31.23581075668335
4720,0.35674232244491577,,1916.448487520218,31.23952841758728
4721,0.3572031855583191,,1916.8486893177032,31.24324941635132
4722,0.35620224475860596,,1917.2496066093445,31.24696707725525
4723,0.35703757405281067,,1917.6488227844238,31.250688552856445
4724,0.356915146112442,,1918.0491983890533,31.254404306411743
4725,0.35719597339630127,,1918.4485926628113,31.258141040802002
4726,0.3569079339504242,,1918.8492331504822,31.26186227798462
4727,0.3563174605369568,,1919.2500212192535,31.2655770778656
4728,0.357232004404068,,1919.6511013507843,31.26928949356079
4729,0.3570951819419861,,1920.0508995056152,31.27301812171936
4730,0.3564758896827698,,1920.4511497020721,31.276740312576294
4731,0.35714560747146606,,1920.8506531715393,31.280467748641968
4732,0.3567999303340912,,1921.251229763031,31.284186363220215
4733,0.35679271817207336,,1921.6517961025238,31.288089990615845
4734,0.35668471455574036,,1922.052634716034,31.291810512542725
4735,0.35689353942871094,,1922.452608346939,31.29553532600403
4736,0.3570159673690796,,1922.8533008098602,31.299254179000854
4737,0.35700157284736633,,1923.2542045116425,31.302971363067627
4738,0.35730400681495667,,1923.6542286872864,31.30668354034424
4739,0.35685035586357117,,1924.0560538768768,31.31040382385254
4740,0.3568287491798401,,1924.4559371471405,31.31412363052368
4741,0.3568791449069977,,1924.8567118644714,31.317841291427612
4742,0.35730400681495667,,1925.257003068924,31.32156538963318
4743,0.3569871783256531,,1925.6576302051544,31.32528591156006
4744,0.35646867752075195,,1926.0574462413788,31.329005241394043
4745,0.356807142496109,,1926.4586544036865,31.332739114761353
4746,0.35721758008003235,,1926.8595669269562,31.33645796775818
4747,0.3561014235019684,,1927.2596881389618,31.34017062187195
4748,0.3568575382232666,,1927.6592354774475,31.34388279914856
4749,0.3568647503852844,,1928.0594284534454,31.347606420516968
4750,0.35601502656936646,,1928.45973777771,31.351319074630737
4751,0.35556134581565857,,1928.8595552444458,31.35504460334778
4752,0.35754165053367615,,1929.2594013214111,31.358765840530396
4753,0.3571023643016815,,1929.6598410606384,31.362487077713013
4754,0.3574696183204651,,1930.0600004196167,31.366206407546997
4755,0.35668471455574036,,1930.4605450630188,31.369933366775513
4756,0.35695114731788635,,1930.8602933883667,31.37365746498108
4757,0.3562958538532257,,1931.2630105018616,31.377370595932007
4758,0.35622385144233704,,1931.6626682281494,31.381085872650146
4759,0.3568647503852844,,1932.0637023448944,31.384809017181396
4760,0.357232004404068,,1932.4639956951141,31.388522148132324
4761,0.35722479224205017,,1932.8640468120575,31.392247438430786
4762,0.35727521777153015,,1933.2644250392914,31.39596438407898
4763,0.357181578874588,,1933.665866136551,31.399685382843018
4764,0.35759925842285156,,1934.0664041042328,31.403396606445312
4765,0.35754165053367615,,1934.466857433319,31.407124280929565
4766,0.3575272560119629,,1934.8672366142273,31.410850286483765
4767,0.35703036189079285,,1935.2669894695282,31.4145667552948
4768,0.35622385144233704,,1935.6662757396698,31.41827654838562
4769,0.35670632123947144,,1936.0655953884125,31.42200779914856
4770,0.35665589570999146,,1936.7327065467834,31.425729513168335
4771,0.35655510425567627,,1937.1335651874542,31.429435968399048
4772,0.35722479224205017,,1937.5338900089264,31.433149099349976
4773,0.3570159673690796,,1937.9346098899841,31.436869144439697
4774,0.3572391867637634,,1938.334909439087,31.44058918952942
4775,0.35740482807159424,,1938.7374711036682,31.444316387176514
4776,0.35781529545783997,,1939.1367573738098,31.448033809661865
4777,0.3571527898311615,,1939.5370724201202,31.451754093170166
4778,0.35671353340148926,,1939.9361958503723,31.455474138259888
4779,0.3567495346069336,,1940.336345911026,31.459190607070923
4780,0.35710957646369934,,1940.7378568649292,31.46291422843933
4781,0.35695114731788635,,1941.1379809379578,31.466628313064575
4782,0.3566703200340271,,1941.53782248497,31.47034192085266
4783,0.357073575258255,,1941.938443660736,31.474064826965332
4784,0.35722479224205017,,1942.3374891281128,31.477795600891113
4785,0.3561374247074127,,1942.7377970218658,31.481523513793945
4786,0.35633906722068787,,1943.1380732059479,31.485231399536133
4787,0.3560582399368286,,1943.5384302139282,31.488958835601807
4788,0.3562958538532257,,1943.938152551651,31.492679119110107
4789,0.3568791449069977,,1944.3385796546936,31.496394157409668
4790,0.35684314370155334,,1944.7384221553802,31.50011444091797
4791,0.35612303018569946,,1945.1386229991913,31.50382971763611
4792,0.3567279279232025,,1945.5395488739014,31.507545709609985
4793,0.3565118908882141,,1945.9396617412567,31.51126265525818
4794,0.35754886269569397,,1946.3403232097626,31.514994859695435
4795,0.35705915093421936,,1946.7416923046112,31.51870322227478
4796,0.35665589570999146,,1947.141689300537,31.522425889968872
4797,0.35708075761795044,,1947.54301071167,31.526135683059692
4798,0.35660549998283386,,1947.9446930885315,31.52985167503357
4799,0.3561878502368927,,1948.3446943759918,31.53356432914734
4800,0.35749122500419617,,1948.745335817337,31.537277221679688
4801,0.3574696183204651,,1949.1461400985718,31.54099440574646
4802,0.35776486992836,,1949.5460186004639,31.544707536697388
4803,0.3568287491798401,,1949.9459962844849,31.548423051834106
4804,0.3566991090774536,,1950.3466067314148,31.55216336250305
4805,0.35695114731788635,,1950.747445344925,31.555887460708618
4806,0.357124000787735,,1951.1491906642914,31.5596182346344
4807,0.3571311831474304,,1951.5495886802673,31.563332080841064
4808,0.356965571641922,,1951.9498460292816,31.56705331802368
4809,0.3574696183204651,,1952.3487901687622,31.57076930999756
4810,0.35759925842285156,,1952.7484798431396,31.57449436187744
4811,0.3571311831474304,,1953.148487329483,31.578216791152954
4812,0.3562166392803192,,1953.5488409996033,31.581934213638306
4813,0.35670632123947144,,1953.9490520954132,31.585659503936768
4814,0.356807142496109,,1954.3486807346344,31.589372873306274
4815,0.357232004404068,,1954.747982263565,31.593099117279053
4816,0.35684314370155334,,1955.1501450538635,31.59681749343872
4817,0.3576280474662781,,1955.5497426986694,31.600539445877075
4818,0.3575272560119629,,1955.9511523246765,31.604267597198486
4819,0.35673514008522034,,1956.3511810302734,31.607991933822632
4820,0.35762083530426025,,1956.7519381046295,31.611697673797607
4821,0.35741204023361206,,1957.1517508029938,31.615404844284058
4822,0.35713839530944824,,1957.5528502464294,31.619117498397827
4823,0.35700878500938416,,1958.218428850174,31.622851133346558
4824,0.3571527898311615,,1958.6198301315308,31.62656283378601
4825,0.3567279279232025,,1959.0195343494415,31.630279541015625
4826,0.35627424716949463,,1959.4206039905548,31.63401174545288
4827,0.35697275400161743,,1959.8218638896942,31.63773250579834
4828,0.35718879103660583,,1960.2219989299774,31.641458749771118
4829,0.3568287491798401,,1960.6224100589752,31.645182132720947
4830,0.3575056493282318,,1961.0227208137512,31.64889144897461
4831,0.35654789209365845,,1961.4221951961517,31.652610540390015
4832,0.3562958538532257,,1961.8224563598633,31.65632963180542
4833,0.35710957646369934,,1962.2228541374207,31.660054206848145
4834,0.3580096960067749,,1962.6231107711792,31.66377305984497
4835,0.35781529545783997,,1963.022697210312,31.66749143600464
4836,0.35764965415000916,,1963.423835515976,31.67121386528015
4837,0.35685035586357117,,1963.8232073783875,31.67494297027588
4838,0.3575272560119629,,1964.2239978313446,31.678655862808228
4839,0.35726800560951233,,1964.6249742507935,31.68237829208374
4840,0.35724639892578125,,1965.0257015228271,31.686105966567993
4841,0.35727521777153015,,1965.4256117343903,31.689821481704712
4842,0.3572031855583191,,1965.8265240192413,31.69353675842285
4843,0.3568287491798401,,1966.2265605926514,31.697251796722412
4844,0.3575272560119629,,1966.6265354156494,31.70098376274109
4845,0.35697275400161743,,1967.0269119739532,31.704707145690918
4846,0.3572824001312256,,1967.428126335144,31.70842432975769
4847,0.3573616147041321,,1967.8282251358032,31.71214199066162
4848,0.3566415011882782,,1968.229106426239,31.7158682346344
4849,0.35708075761795044,,1968.6303617954254,31.719600200653076
4850,0.35687196254730225,,1969.031370639801,31.723318338394165
4851,0.35764244198799133,,1969.4326221942902,31.72704267501831
4852,0.35741204023361206,,1969.8327095508575,31.73075580596924
4853,0.3577720820903778,,1970.2326238155365,31.734477996826172
4854,0.3578585088253021,,1970.6332318782806,31.738199710845947
4855,0.35741204023361206,,1971.0339515209198,31.741921424865723
4856,0.35652628540992737,,1971.4330871105194,31.745652675628662
4857,0.35685035586357117,,1971.8340241909027,31.749379634857178
4858,0.35724639892578125,,1972.2340214252472,31.753085136413574
4859,0.35625264048576355,,1972.6345269680023,31.75680685043335
4860,0.3562382459640503,,1973.0348551273346,31.76051115989685
4861,0.35710957646369934,,1973.4352130889893,31.764223098754883
4862,0.3571527898311615,,1973.834686756134,31.767947673797607
4863,0.35738322138786316,,1974.235859632492,31.77168560028076
4864,0.35749122500419617,,1974.6370055675507,31.775402784347534
4865,0.3572391867637634,,1975.0373842716217,31.779123783111572
4866,0.3566991090774536,,1975.4376759529114,31.782838821411133
4867,0.35748404264450073,,1975.8380370140076,31.7865629196167
4868,0.3566631078720093,,1976.237807750702,31.79028630256653
4869,0.35620224475860596,,1976.6402251720428,31.794013738632202
4870,0.3560582399368286,,1977.0418348312378,31.797731161117554
4871,0.3564542829990387,,1977.441792011261,31.801456212997437
4872,0.3560798168182373,,1977.8439030647278,31.805176973342896
4873,0.3562886714935303,,1978.2455878257751,31.80889344215393
4874,0.3565406799316406,,1978.646271944046,31.81261897087097
4875,0.3567207157611847,,1979.0457096099854,31.816345691680908
4876,0.3570519685745239,,1979.7098805904388,31.820063829421997
4877,0.3570159673690796,,1980.1107218265533,31.823776721954346
4878,0.3566703200340271,,1980.509649515152,31.827510356903076
4879,0.35687196254730225,,1980.9102652072906,31.83122730255127
4880,0.35668471455574036,,1981.3108043670654,31.834954023361206
4881,0.3569439649581909,,1981.7112927436829,31.838680505752563
4882,0.3574480414390564,,1982.1106610298157,31.8423912525177
4883,0.3573184013366699,,1982.5113203525543,31.846100568771362
4884,0.3564758896827698,,1982.9111561775208,31.84981870651245
4885,0.3558349907398224,,1983.3124685287476,31.853537797927856
4886,0.3558421730995178,,1983.7131350040436,31.85725426673889
4887,0.355777382850647,,1984.1142752170563,31.86096501350403
4888,0.35818973183631897,,1984.5138139724731,31.864684581756592
4889,0.3569367527961731,,1984.9147958755493,31.868396997451782
4890,0.3563534617424011,,1985.314633846283,31.872112035751343
4891,0.35603663325309753,,1985.7157146930695,31.87582015991211
4892,0.35714560747146606,,1986.1155862808228,31.879543781280518
4893,0.35667750239372253,,1986.517371416092,31.883264541625977
4894,0.3573327958583832,,1986.9186372756958,31.886988639831543
4895,0.3572103977203369,,1987.3190522193909,31.890722274780273
4896,0.3572607934474945,,1987.7191243171692,31.894458532333374
4897,0.35631027817726135,,1988.120894908905,31.898176193237305
4898,0.356648713350296,,1988.5209844112396,31.901906490325928
4899,0.3568863570690155,,1988.9217972755432,31.905627250671387
4900,0.3566127121448517,,1989.3225629329681,31.909348011016846
4901,0.35718879103660583,,1989.7233188152313,31.913057804107666
4902,0.3574408292770386,,1990.1243381500244,31.916764736175537
4903,0.3566342890262604,,1990.5245130062103,31.92047905921936
4904,0.35729682445526123,,1990.9253287315369,31.92418885231018
4905,0.3566415011882782,,1991.3266370296478,31.927918434143066
4906,0.3572896122932434,,1991.7279996871948,31.931642532348633
4907,0.3573688268661499,,1992.128751039505,31.935352087020874
4908,0.35713839530944824,,1992.5289363861084,31.9390709400177
4909,0.3565694987773895,,1992.927939414978,31.94280171394348
4910,0.3565911054611206,,1993.329302072525,31.94652533531189
4911,0.3575632572174072,,1993.7284173965454,31.95024847984314
4912,0.3575848639011383,,1994.1297426223755,31.953964710235596
4913,0.35718879103660583,,1994.5305831432343,31.957684755325317
4914,0.35697275400161743,,1994.9316065311432,31.961397647857666
4915,0.35721758008003235,,1995.3306999206543,31.96511673927307
4916,0.35776486992836,,1995.7313358783722,31.96882915496826
4917,0.35641828179359436,,1996.1313769817352,31.972540140151978
4918,0.35703036189079285,,1996.5317256450653,31.97625732421875
4919,0.357124000787735,,1996.9314715862274,31.979974269866943
4920,0.35748404264450073,,1997.3318774700165,31.983703136444092
4921,0.35705915093421936,,1997.7318992614746,31.98741579055786
4922,0.35780808329582214,,1998.1327707767487,31.991133213043213
4923,0.35684314370155334,,1998.5328629016876,31.994850873947144
4924,0.35738322138786316,,1998.9336204528809,31.99857759475708
4925,0.356807142496109,,1999.3339455127716,32.00230121612549
4926,0.35684314370155334,,1999.734156370163,32.006014585494995
4927,0.3579881191253662,,2000.1340963840485,32.0097279548645
4928,0.35777926445007324,,2000.534405708313,32.01344680786133
4929,0.35788729786872864,,2001.1999735832214,32.01715970039368
4930,0.35667750239372253,,2001.6029419898987,32.02088022232056
4931,0.35689353942871094,,2002.003003358841,32.02459383010864
4932,0.3569295406341553,,2002.4040577411652,32.02831983566284
4933,0.35729682445526123,,2002.8055217266083,32.0320360660553
4934,0.35595738887786865,,2003.2064442634583,32.03575587272644
4935,0.357606440782547,,2003.6062517166138,32.03949785232544
4936,0.35682153701782227,,2004.0068662166595,32.04321813583374
4937,0.3571527898311615,,2004.4055852890015,32.04694104194641
4938,0.35595738887786865,,2004.8075067996979,32.05065393447876
4939,0.3562166392803192,,2005.208693265915,32.054359674453735
4940,0.3569079339504242,,2005.6097493171692,32.058064222335815
4941,0.35582056641578674,,2006.009225845337,32.061795711517334
4942,0.3557053804397583,,2006.4103882312775,32.065515756607056
4943,0.3563246726989746,,2006.8096318244934,32.06923532485962
4944,0.3563174605369568,,2007.2106432914734,32.072962522506714
4945,0.3559502065181732,,2007.6111073493958,32.076693534851074
4946,0.35606542229652405,,2008.0115609169006,32.08042573928833
4947,0.3569583594799042,,2008.4106957912445,32.08414840698242
4948,0.3570159673690796,,2008.8115859031677,32.087868213653564
4949,0.3565694987773895,,2009.2112383842468,32.091583013534546
4950,0.3564830720424652,,2009.6124999523163,32.095290660858154
4951,0.3578296899795532,,2010.0129964351654,32.099003076553345
4952,0.35721758008003235,,2010.4135465621948,32.1027193069458
4953,0.35682153701782227,,2010.8131248950958,32.106438875198364
4954,0.35718879103660583,,2011.2140321731567,32.110156774520874
4955,0.35711678862571716,,2011.6139965057373,32.11387658119202
4956,0.35569095611572266,,2012.013440132141,32.11760210990906
4957,0.35607263445854187,,2012.4140212535858,32.12132120132446
4958,0.3554893434047699,,2012.8154108524323,32.125049114227295
4959,0.35644710063934326,,2013.2152862548828,32.128764390945435
4960,0.35655510425567627,,2013.615617275238,32.13248610496521
4961,0.35630306601524353,,2014.0152323246002,32.136184215545654
4962,0.356648713350296,,2014.4155218601227,32.139930963516235
4963,0.3569367527961731,,2014.8157398700714,32.14372777938843
4964,0.3569583594799042,,2015.2161543369293,32.14746451377869
4965,0.35623103380203247,,2015.6163487434387,32.15118885040283
4966,0.3563678562641144,,2016.0177969932556,32.15490460395813
4967,0.3564614951610565,,2016.4174118041992,32.15861749649048
4968,0.357124000787735,,2016.8177406787872,32.16232705116272
4969,0.35722479224205017,,2017.2192199230194,32.16606831550598
4970,0.35633185505867004,,2017.620379447937,32.169782400131226
4971,0.35708796977996826,,2018.021047115326,32.173500299453735
4972,0.3569295406341553,,2018.421334028244,32.177223205566406
4973,0.35678553581237793,,2018.8205137252808,32.18098592758179
4974,0.35636064410209656,,2019.2233655452728,32.184696674346924
4975,0.35676392912864685,,2019.624505519867,32.18841338157654
4976,0.3558998107910156,,2020.024403810501,32.19213008880615
4977,0.3569079339504242,,2020.424967765808,32.19584560394287
4978,0.35687196254730225,,2020.825991153717,32.19956564903259
4979,0.3565622866153717,,2021.2262334823608,32.2032835483551
4980,0.3568863570690155,,2021.6256821155548,32.207008600234985
4981,0.35628145933151245,,2022.0271785259247,32.210726499557495
4982,0.3559502065181732,,2022.696781873703,32.21444344520569
4983,0.3569079339504242,,2023.0971865653992,32.218162298202515
4984,0.3568359315395355,,2023.4981338977814,32.22188067436218
4985,0.3569871783256531,,2023.898631811142,32.22561168670654
4986,0.3570663630962372,,2024.2999024391174,32.229355573654175
4987,0.35657671093940735,,2024.6999249458313,32.233081579208374
4988,0.35682153701782227,,2025.1000220775604,32.23680377006531
4989,0.35689353942871094,,2025.49942278862,32.24051809310913
4990,0.35652628540992737,,2025.9005851745605,32.24423599243164
4991,0.35611581802368164,,2026.3014385700226,32.2479522228241
4992,0.3563174605369568,,2026.7021570205688,32.25167369842529
4993,0.35667750239372253,,2027.101675271988,32.25539946556091
4994,0.35633185505867004,,2027.5018227100372,32.25911521911621
4995,0.3564830720424652,,2027.902097940445,32.26282858848572
4996,0.3573112189769745,,2028.30193567276,32.26653051376343
4997,0.35643988847732544,,2028.7018580436707,32.270246505737305
4998,0.3563678562641144,,2029.10338306427,32.2739691734314
4999,0.35607263445854187,,2029.503934621811,32.27768802642822
5000,0.35631027817726135,,2029.9037928581238,33.650030851364136
5001,0.35671353340148926,,2030.3043327331543,33.65374732017517
5002,0.3570519685745239,,2030.7052409648895,33.65745830535889
5003,0.3569079339504242,,2031.1058404445648,33.661192655563354
5004,0.3569871783256531,,2031.5080351829529,33.6649112701416
5005,0.35676392912864685,,2031.9082808494568,33.66862440109253
5006,0.3549852669239044,,2032.308512687683,33.67233896255493
5007,0.3549780547618866,,2032.7093980312347,33.67605781555176
5008,0.35633185505867004,,2033.1104707717896,33.67978048324585
5009,0.3559646010398865,,2033.510927438736,33.683491706848145
5010,0.3563462495803833,,2033.9114055633545,33.68720293045044
5011,0.3563534617424011,,2034.3117542266846,33.690924882888794
5012,0.3568575382232666,,2034.712593793869,33.694652795791626
5013,0.3561086356639862,,2035.1118931770325,33.69836783409119
5014,0.3557341694831848,,2035.512514591217,33.70208263397217
5015,0.3558061718940735,,2035.9125955104828,33.70581007003784
5016,0.35571977496147156,,2036.3139398097992,33.70951819419861
5017,0.35646867752075195,,2036.713663816452,33.71322965621948
5018,0.35564056038856506,,2037.1140840053558,33.71695637702942
5019,0.35604384541511536,,2037.5140674114227,33.72068238258362
5020,0.3559214174747467,,2037.915372133255,33.7243926525116
5021,0.3563966751098633,,2038.315635919571,33.728110790252686
5022,0.35679271817207336,,2038.7162001132965,33.73181939125061
5023,0.35592859983444214,,2039.1165328025818,33.7355272769928
5024,0.35703757405281067,,2039.5171344280243,33.73924112319946
5025,0.35649028420448303,,2039.918436050415,33.742961168289185
5026,0.35684314370155334,,2040.319412469864,33.74669647216797
5027,0.35711678862571716,,2040.7212109565735,33.75040674209595
5028,0.35700157284736633,,2041.121491909027,33.754127740859985
5029,0.3571311831474304,,2041.5218942165375,33.7578399181366
5030,0.356915146112442,,2041.9230675697327,33.76155424118042
5031,0.3558709919452667,,2042.3245167732239,33.76529264450073
5032,0.35690075159072876,,2042.7255373001099,33.76902627944946
5033,0.3556549549102783,,2043.1260888576508,33.77275347709656
5034,0.35585659742355347,,2043.5279037952423,33.77646732330322
5035,0.3559934198856354,,2044.195024728775,33.78019142150879
5036,0.3557629883289337,,2044.5958352088928,33.78394961357117
5037,0.3568575382232666,,2044.995535850525,33.78767466545105
5038,0.3561662435531616,,2045.3966152668,33.79138970375061
5039,0.3552516996860504,,2045.7964324951172,33.79511880874634
5040,0.35612303018569946,,2046.1964530944824,33.79884099960327
5041,0.3562958538532257,,2046.5959708690643,33.802565574645996
5042,0.3566415011882782,,2046.9964621067047,33.80629062652588
5043,0.3560582399368286,,2047.3968727588654,33.81000638008118
5044,0.35611581802368164,,2047.796148777008,33.813719034194946
5045,0.3561014235019684,,2048.1962394714355,33.8174524307251
5046,0.35633906722068787,,2048.5967450141907,33.82118344306946
5047,0.35523730516433716,,2048.9962208271027,33.82491207122803
5048,0.3547620177268982,,2049.397319793701,33.82862305641174
5049,0.3549564480781555,,2049.7965428829193,33.83235001564026
5050,0.35582777857780457,,2050.197629928589,33.836063861846924
5051,0.3571311831474304,,2050.59894156456,33.83979392051697
5052,0.3560006022453308,,2050.9988667964935,33.84351563453674
5053,0.3555757403373718,,2051.3985302448273,33.84724950790405
5054,0.35636064410209656,,2051.800448179245,33.85096287727356
5055,0.35601502656936646,,2052.199206829071,33.854697465896606
5056,0.3561014235019684,,2052.5994925498962,33.85841369628906
5057,0.3557845950126648,,2053.0023550987244,33.86213755607605
5058,0.35689353942871094,,2053.4027059078217,33.86586356163025
5059,0.3566127121448517,,2053.8025345802307,33.86956810951233
5060,0.3565983176231384,,2054.202600479126,33.873291969299316
5061,0.3559934198856354,,2054.6037998199463,33.876999378204346
5062,0.35633185505867004,,2055.0038566589355,33.8807315826416
5063,0.35631027817726135,,2055.405448436737,33.88444805145264
5064,0.3561590313911438,,2055.8059191703796,33.888163328170776
5065,0.3558349907398224,,2056.2058820724487,33.89189600944519
5066,0.35598620772361755,,2056.6056077480316,33.895622968673706
5067,0.3556045591831207,,2057.0064935684204,33.899343490600586
5068,0.35595738887786865,,2057.406091928482,33.90306782722473
5069,0.35607263445854187,,2057.8075230121613,33.906790256500244
5070,0.3564758896827698,,2058.2072932720184,33.910508155822754
5071,0.3561014235019684,,2058.6073751449585,33.91423034667969
5072,0.3558709919452667,,2059.007916212082,33.91794180870056
5073,0.35595738887786865,,2059.4082446098328,33.92166519165039
5074,0.35563337802886963,,2059.8091762065887,33.925379514694214
5075,0.35559016466140747,,2060.210151910782,33.929099559783936
5076,0.35638946294784546,,2060.6106741428375,33.932847023010254
5077,0.3564326763153076,,2061.0107612609863,33.9365758895874
5078,0.3564614951610565,,2061.4118716716766,33.94028663635254
5079,0.3563462495803833,,2061.8116085529327,33.94401454925537
5080,0.356807142496109,,2062.211680173874,33.94772791862488
5081,0.35695114731788635,,2062.611778497696,33.95144557952881
5082,0.35646867752075195,,2063.0123608112335,33.955164432525635
5083,0.3563462495803833,,2063.4121446609497,33.9588840007782
5084,0.3569079339504242,,2063.8115062713623,33.96262264251709
5085,0.357181578874588,,2064.2151787281036,33.96634483337402
5086,0.35721758008003235,,2064.6153767108917,33.970062017440796
5087,0.356807142496109,,2065.0155737400055,33.97378754615784
5088,0.3558998107910156,,2065.6819229125977,33.9775025844574
5089,0.3556693494319916,,2066.0827465057373,33.981215476989746
5090,0.35622385144233704,,2066.4838829040527,33.984936475753784
5091,0.3562886714935303,,2066.884785890579,33.98865532875061
5092,0.35726800560951233,,2067.2856299877167,33.992372035980225
5093,0.35697996616363525,,2067.6858286857605,33.996092319488525
5094,0.3565406799316406,,2068.085191965103,33.999802112579346
5095,0.35623103380203247,,2068.4863047599792,34.00352120399475
5096,0.35496366024017334,,2068.886036157608,34.007246255874634
5097,0.3560006022453308,,2069.2866690158844,34.010963916778564
5098,0.35651907324790955,,2069.6877677440643,34.01468372344971
5099,0.35764965415000916,,2070.0878372192383,34.01840305328369
5100,0.3571527898311615,,2070.487596988678,34.0221312046051
5101,0.35710957646369934,,2070.8884422779083,34.025856018066406
5102,0.3573616147041321,,2071.288286447525,34.02957820892334
5103,0.35687196254730225,,2071.687535762787,34.033294439315796
5104,0.356807142496109,,2072.0890367031097,34.03701114654541
5105,0.3572824001312256,,2072.4885926246643,34.040735960006714
5106,0.35684314370155334,,2072.8882327079773,34.044456481933594
5107,0.35675671696662903,,2073.288680076599,34.048168420791626
5108,0.3575776517391205,,2073.689682483673,34.051884174346924
5109,0.3571023643016815,,2074.091044187546,34.05560278892517
5110,0.3569871783256531,,2074.4916071891785,34.05932927131653
5111,0.3571311831474304,,2074.892238378525,34.06304717063904
5112,0.35625264048576355,,2075.2919833660126,34.066768407821655
5113,0.3568287491798401,,2075.6931035518646,34.07047629356384
5114,0.3557269871234894,,2076.093010902405,34.07420587539673
5115,0.3559934198856354,,2076.494084596634,34.077956438064575
5116,0.3569871783256531,,2076.8956186771393,34.081690549850464
5117,0.35606542229652405,,2077.2956643104553,34.08540868759155
5118,0.35571256279945374,,2077.695789337158,34.08912372589111
5119,0.35718879103660583,,2078.098538160324,34.092838764190674
5120,0.3563750684261322,,2078.4987032413483,34.09654498100281
5121,0.3563966751098633,,2078.898143053055,34.100260972976685
5122,0.3572607934474945,,2079.298879623413,34.10397815704346
5123,0.35752004384994507,,2079.6991107463837,34.10769963264465
5124,0.3568647503852844,,2080.1001784801483,34.111416816711426
5125,0.35773608088493347,,2080.499242782593,34.11513924598694
5126,0.35751283168792725,,2080.899832010269,34.118855476379395
5127,0.3564830720424652,,2081.3001153469086,34.12256908416748
5128,0.35617345571517944,,2081.7015211582184,34.126290798187256
5129,0.35788729786872864,,2082.100917816162,34.13003611564636
5130,0.35681432485580444,,2082.5018994808197,34.133748054504395
5131,0.35633906722068787,,2082.901297569275,34.1374728679657
5132,0.3569943606853485,,2083.3022153377533,34.141193866729736
5133,0.35649746656417847,,2083.701995372772,34.14491152763367
5134,0.35625985264778137,,2084.1035170555115,34.14863419532776
5135,0.3568647503852844,,2084.5032801628113,34.152350187301636
5136,0.3570159673690796,,2084.9046523571014,34.156068325042725
5137,0.3576928675174713,,2085.304356813431,34.15978717803955
5138,0.3571600019931793,,2085.7045867443085,34.16351056098938
5139,0.3559429943561554,,2086.104469537735,34.16722798347473
5140,0.3558638095855713,,2086.505761384964,34.17094659805298
5141,0.35542452335357666,,2087.1725721359253,34.174657106399536
5142,0.3558638095855713,,2087.572578191757,34.17837405204773
5143,0.35625264048576355,,2087.973882675171,34.18210244178772
5144,0.3552013039588928,,2088.3750100135803,34.18583083152771
5145,0.355510950088501,,2088.7755255699158,34.189552307128906
5146,0.3561950623989105,,2089.1758658885956,34.193272829055786
5147,0.3568575382232666,,2089.575263261795,34.19699549674988
5148,0.35582777857780457,,2089.97971701622,34.20072555541992
5149,0.3571023643016815,,2090.3794836997986,34.20444083213806
5150,0.35585659742355347,,2090.7794756889343,34.20815992355347
5151,0.3558998107910156,,2091.179720878601,34.21187710762024
5152,0.3559934198856354,,2091.5797033309937,34.21572542190552
5153,0.35611581802368164,,2091.978568792343,34.21944069862366
5154,0.35673514008522034,,2092.3801276683807,34.22315859794617
5155,0.3565118908882141,,2092.7803103923798,34.22687864303589
5156,0.3566415011882782,,2093.179779291153,34.23059105873108
5157,0.3560294210910797,,2093.5804357528687,34.2343053817749
5158,0.35668471455574036,,2093.981189250946,34.23802161216736
5159,0.3554965555667877,,2094.3805747032166,34.24174165725708
5160,0.35662710666656494,,2094.781802892685,34.24547457695007
5161,0.35601502656936646,,2095.181747198105,34.249194622039795
5162,0.35689353942871094,,2095.5826058387756,34.25292086601257
5163,0.35697996616363525,,2095.982506275177,34.25664305686951
5164,0.35563337802886963,,2096.382477760315,34.26036810874939
5165,0.3565983176231384,,2096.782644510269,34.264081954956055
5166,0.3562166392803192,,2097.186066865921,34.26780605316162
5167,0.35665589570999146,,2097.5859546661377,34.27152466773987
5168,0.3562094271183014,,2097.986241340637,34.275248765945435
5169,0.35623103380203247,,2098.3886132240295,34.27895545959473
5170,0.3567279279232025,,2098.788492679596,34.28268098831177
5171,0.35651907324790955,,2099.1890590190887,34.28638958930969
5172,0.357181578874588,,2099.5895330905914,34.2901816368103
5173,0.35587820410728455,,2099.9898602962494,34.29391312599182
5174,0.3561014235019684,,2100.3905761241913,34.29763579368591
5175,0.356648713350296,,2100.7918407917023,34.301358699798584
5176,0.35705915093421936,,2101.192445039749,34.30508351325989
5177,0.356965571641922,,2101.5949585437775,34.308791399002075
5178,0.3576280474662781,,2102.0000145435333,34.312516927719116
5179,0.35700157284736633,,2102.404497385025,34.31623029708862
5180,0.35620224475860596,,2102.8093712329865,34.320011138916016
5181,0.3559214174747467,,2103.215644836426,34.32372760772705
5182,0.3558925986289978,,2103.6217033863068,34.327433824539185
5183,0.3556765615940094,,2104.025149345398,34.331148624420166
5184,0.3567495346069336,,2104.4303257465363,34.33487129211426
5185,0.3562454581260681,,2104.832097053528,34.33859419822693
5186,0.35655510425567627,,2105.2337276935577,34.34231424331665
5187,0.3556549549102783,,2105.6364109516144,34.346017599105835
5188,0.35607263445854187,,2106.041536808014,34.349719524383545
5189,0.3564038872718811,,2106.442037343979,34.35344219207764
5190,0.3556693494319916,,2106.8439836502075,34.35715866088867
5191,0.3574408292770386,,2107.2441952228546,34.36086440086365
5192,0.3566415011882782,,2107.64497423172,34.3645920753479
5193,0.3575560450553894,,2108.0457422733307,34.36830496788025
5194,0.3572896122932434,,2108.7148547172546,34.372021198272705
5195,0.35631027817726135,,2109.1158678531647,34.37574505805969
5196,0.35600781440734863,,2109.5156297683716,34.37946343421936
5197,0.35673514008522034,,2109.9172673225403,34.38318657875061
5198,0.35687196254730225,,2110.3197014331818,34.38698983192444
5199,0.3568647503852844,,2110.7202591896057,34.39071226119995
5200,0.356965571641922,,2111.120841741562,34.394429206848145
5201,0.35695114731788635,,2111.5244295597076,34.3981511592865
5202,0.3572391867637634,,2111.925986289978,34.401864767074585
5203,0.35681432485580444,,2112.329593896866,34.40558075904846
5204,0.3565046787261963,,2112.733018875122,34.40930104255676
5205,0.3563678562641144,,2113.1342375278473,34.41303277015686
5206,0.3566991090774536,,2113.534269094467,34.41675543785095
5207,0.35711678862571716,,2113.9329261779785,34.420475482940674
5208,0.35719597339630127,,2114.3310401439667,34.42420506477356
5209,0.3569943606853485,,2114.729236125946,34.42792201042175
5210,0.35697275400161743,,2115.129586458206,34.431644439697266
5211,0.3570447564125061,,2115.529408454895,34.43536591529846
5212,0.3564038872718811,,2115.9304554462433,34.439077854156494
5213,0.3580385148525238,,2116.3315045833588,34.442790508270264
5214,0.3574696183204651,,2116.7327468395233,34.446505308151245
5215,0.3578585088253021,,2117.1338679790497,34.45022892951965
5216,0.3562958538532257,,2117.535893678665,34.45396614074707
5217,0.3562670648097992,,2117.9370861053467,34.45768761634827
5218,0.35697996616363525,,2118.338394165039,34.461403369903564
5219,0.3572391867637634,,2118.7399566173553,34.46512770652771
5220,0.35764244198799133,,2119.1413826942444,34.46885657310486
5221,0.35730400681495667,,2119.5446429252625,34.47257685661316
5222,0.35668471455574036,,2119.9457545280457,34.476296186447144
5223,0.35606542229652405,,2120.346059322357,34.480021238327026
5224,0.35627424716949463,,2120.746597766876,34.48375916481018
5225,0.35788729786872864,,2121.148238182068,34.487473487854004
5226,0.3566342890262604,,2121.5489723682404,34.49119973182678
5227,0.3564254939556122,,2121.949186563492,34.494919776916504
5228,0.3562094271183014,,2122.353217601776,34.49863934516907
5229,0.35690075159072876,,2122.754770755768,34.50235939025879
5230,0.3573472201824188,,2123.156222343445,34.50607872009277
5231,0.35643988847732544,,2123.560131072998,34.509798526763916
5232,0.35705915093421936,,2123.9642412662506,34.51353478431702
5233,0.35588541626930237,,2124.3689835071564,34.51727247238159
5234,0.3566919267177582,,2124.771911382675,34.52098274230957
5235,0.35627424716949463,,2125.1757476329803,34.52470397949219
5236,0.3569295406341553,,2125.579649209976,34.52842950820923
5237,0.35657671093940735,,2125.9845066070557,34.53216886520386
5238,0.35644710063934326,,2126.384188890457,34.535892963409424
5239,0.35633906722068787,,2126.7830967903137,34.53960728645325
5240,0.35713839530944824,,2127.18630361557,34.54332876205444
5241,0.3575848639011383,,2127.589937210083,34.5470449924469
5242,0.3566342890262604,,2127.989585161209,34.550755739212036
5243,0.35633185505867004,,2128.389860868454,34.55446267127991
5244,0.35597899556159973,,2128.7920808792114,34.55818033218384
5245,0.35679271817207336,,2129.192547559738,34.561893463134766
5246,0.3575272560119629,,2129.5939004421234,34.56560826301575
5247,0.3573616147041321,,2130.2605233192444,34.569326639175415
5248,0.3573688268661499,,2130.660938501358,34.573055267333984
5249,0.357073575258255,,2131.061984062195,34.57676911354065
5250,0.35721758008003235,,2131.463049888611,34.58049011230469
5251,0.35681432485580444,,2131.864157676697,34.58421087265015
5252,0.3576928675174713,,2132.264322042465,34.58793354034424
5253,0.35615184903144836,,2132.664993286133,34.5916633605957
5254,0.3565046787261963,,2133.067127466202,34.59539794921875
5255,0.3573616147041321,,2133.468896627426,34.59911251068115
5256,0.3566631078720093,,2133.8684916496277,34.602837324142456
5257,0.35569095611572266,,2134.2699570655823,34.60656428337097
5258,0.35627424716949463,,2134.670891523361,34.61027407646179
5259,0.3567207157611847,,2135.0718491077423,34.613978147506714
5260,0.35697996616363525,,2135.4726543426514,34.61769771575928
5261,0.35802412033081055,,2135.8732657432556,34.62141156196594
5262,0.35713839530944824,,2136.2772920131683,34.62512683868408
5263,0.35674232244491577,,2136.679084300995,34.62884259223938
5264,0.35646867752075195,,2137.0795731544495,34.63257193565369
5265,0.3565046787261963,,2137.4807393550873,34.63629770278931
5266,0.3572824001312256,,2137.8832092285156,34.64002275466919
5267,0.35641828179359436,,2138.28360080719,34.6437451839447
5268,0.3561806380748749,,2138.684818506241,34.64746141433716
5269,0.3558421730995178,,2139.0860464572906,34.65115809440613
5270,0.35710957646369934,,2139.486583471298,34.654892683029175
5271,0.357656866312027,,2139.88706946373,34.658650159835815
5272,0.35770729184150696,,2140.288405895233,34.66236996650696
5273,0.35802412033081055,,2140.688802242279,34.66609573364258
5274,0.3570447564125061,,2141.090586423874,34.66981887817383
5275,0.35811054706573486,,2141.4919805526733,34.67353677749634
5276,0.3572103977203369,,2141.8933477401733,34.677263021469116
5277,0.3573112189769745,,2142.2935593128204,34.68097925186157
5278,0.35719597339630127,,2142.6955444812775,34.684693574905396
5279,0.35674232244491577,,2143.0953681468964,34.6884069442749
5280,0.35710957646369934,,2143.4959943294525,34.692124366760254
5281,0.3565983176231384,,2143.897071838379,34.69584631919861
5282,0.3571023643016815,,2144.298185825348,34.699575424194336
5283,0.35652628540992737,,2144.6982185840607,34.70329713821411
5284,0.35743364691734314,,2145.100578069687,34.70702266693115
5285,0.35678553581237793,,2145.5030732154846,34.71090650558472
5286,0.35670632123947144,,2145.9036536216736,34.71462798118591
5287,0.35670632123947144,,2146.3050203323364,34.71834897994995
5288,0.3557053804397583,,2146.705914258957,34.722065687179565
5289,0.35655510425567627,,2147.1071660518646,34.725783586502075
5290,0.3564542829990387,,2147.5080630779266,34.729501485824585
5291,0.35561177134513855,,2147.9090583324432,34.733227491378784
5292,0.35636064410209656,,2148.310593366623,34.736952781677246
5293,0.35767126083374023,,2148.711311340332,34.740668296813965
5294,0.35657671093940735,,2149.111606836319,34.74439239501953
5295,0.35726800560951233,,2149.5121026039124,34.74811601638794
5296,0.35705915093421936,,2149.911880970001,34.75183391571045
5297,0.35646867752075195,,2150.3133244514465,34.75556397438049
5298,0.35697996616363525,,2150.7142593860626,34.75927734375
5299,0.35710957646369934,,2151.1156718730927,34.76299166679382
5300,0.3569583594799042,,2151.783660173416,34.766709327697754
5301,0.35757046937942505,,2152.184083223343,34.770418643951416
5302,0.3573184013366699,,2152.584822177887,34.77413082122803
5303,0.3577216863632202,,2152.987634420395,34.77784061431885
5304,0.3575344383716583,,2153.3893105983734,34.781556129455566
5305,0.35777926445007324,,2153.7899520397186,34.7852737903595
5306,0.3572896122932434,,2154.190594434738,34.78899097442627
5307,0.3572607934474945,,2154.5916278362274,34.79271149635315
5308,0.357124000787735,,2154.992599964142,34.79642701148987
5309,0.3572607934474945,,2155.392936229706,34.80014991760254
5310,0.35714560747146606,,2155.7937150001526,34.803871154785156
5311,0.35638225078582764,,2156.194970846176,34.80758833885193
5312,0.3584057688713074,,2156.59614944458,34.811301946640015
5313,0.3577216863632202,,2156.9974467754364,34.81501531600952
5314,0.3572031855583191,,2157.39768743515,34.818727016448975
5315,0.3575776517391205,,2157.798860311508,34.82246136665344
5316,0.35636064410209656,,2158.2000789642334,34.826180934906006
5317,0.3575848639011383,,2158.600572824478,34.82990860939026
5318,0.35649028420448303,,2159.001543045044,34.83362293243408
5319,0.3563750684261322,,2159.4030661582947,34.83734655380249
5320,0.35793769359588623,,2159.804170370102,34.84108018875122
5321,0.35708075761795044,,2160.204278945923,34.84479546546936
5322,0.35767126083374023,,2160.605192422867,34.84852409362793
5323,0.3575056493282318,,2161.005922317505,34.852235555648804
5324,0.35697996616363525,,2161.4064705371857,34.856067180633545
5325,0.357498437166214,,2161.807563304901,34.85978555679321
5326,0.35667750239372253,,2162.2070684432983,34.86350226402283
5327,0.35726800560951233,,2162.608480453491,34.86722207069397
5328,0.35671353340148926,,2163.0102772712708,34.870951414108276
5329,0.3564830720424652,,2163.4108691215515,34.87468099594116
5330,0.35713839530944824,,2163.8126311302185,34.878408432006836
5331,0.3577720820903778,,2164.214782476425,34.88212776184082
5332,0.35700157284736633,,2164.615941286087,34.88585352897644
5333,0.3565694987773895,,2165.0167939662933,34.88957118988037
5334,0.3581465184688568,,2165.4185497760773,34.893290758132935
5335,0.3574192225933075,,2165.8193147182465,34.89698576927185
5336,0.3581465184688568,,2166.2200508117676,34.900697469711304
5337,0.35752004384994507,,2166.620968580246,34.90442609786987
5338,0.35641828179359436,,2167.021608352661,34.90814995765686
5339,0.3574696183204651,,2167.4235038757324,34.91186332702637
5340,0.35692232847213745,,2167.8244576454163,34.915586948394775
5341,0.35714560747146606,,2168.22567987442,34.91929745674133
5342,0.3579521179199219,,2168.62668132782,34.92302465438843
5343,0.3570159673690796,,2169.028270959854,34.92674493789673
5344,0.35741204023361206,,2169.42991566658,34.93046188354492
5345,0.35620224475860596,,2169.8300087451935,34.934178829193115
5346,0.3577144742012024,,2170.23153591156,34.9378924369812
5347,0.3575344383716583,,2170.6330416202545,34.94160556793213
5348,0.357340008020401,,2171.0340111255646,34.94532895088196
5349,0.3572607934474945,,2171.435378074646,34.949044704437256
5350,0.3574480414390564,,2171.8355073928833,34.952752113342285
5351,0.3570519685745239,,2172.237335205078,34.95646691322327
5352,0.356915146112442,,2172.6390953063965,34.96018600463867
5353,0.3580601215362549,,2173.304290533066,34.96390223503113
5354,0.3580457270145416,,2173.7054047584534,34.96761775016785
5355,0.3576856851577759,,2174.105745077133,34.971336364746094
5356,0.3576856851577759,,2174.5066034793854,34.975056171417236
5357,0.3570231795310974,,2174.907439470291,34.97880029678345
5358,0.35764244198799133,,2175.3076314926147,34.9825165271759
5359,0.3572607934474945,,2175.70960021019,34.98623967170715
5360,0.3571600019931793,,2176.1111702919006,34.989956855773926
5361,0.35794490575790405,,2176.51207447052,34.99368357658386
5362,0.3568647503852844,,2176.9133360385895,34.99740505218506
5363,0.35735440254211426,,2177.314551115036,35.00112318992615
5364,0.35745522379875183,,2177.717833042145,35.004844188690186
5365,0.35615184903144836,,2178.119060277939,35.00856280326843
5366,0.35713839530944824,,2178.5196204185486,35.01228642463684
5367,0.35748404264450073,,2178.920306444168,35.01600456237793
5368,0.357498437166214,,2179.321961402893,35.01973271369934
5369,0.3577216863632202,,2179.7236070632935,35.02344226837158
5370,0.3572103977203369,,2180.1232788562775,35.02716112136841
5371,0.35735440254211426,,2180.524982213974,35.030882596969604
5372,0.3572103977203369,,2180.926427125931,35.03480625152588
5373,0.35754886269569397,,2181.32746052742,35.03852367401123
5374,0.35815373063087463,,2181.727625131607,35.04223418235779
5375,0.357606440782547,,2182.129836320877,35.04594349861145
5376,0.3573184013366699,,2182.5311784744263,35.049659729003906
5377,0.3573327958583832,,2182.9313271045685,35.053364992141724
5378,0.3573327958583832,,2183.33206987381,35.0570809841156
5379,0.35781529545783997,,2183.7323820590973,35.060789823532104
5380,0.3563966751098633,,2184.133540391922,35.06449580192566
5381,0.3572536110877991,,2184.535142660141,35.06819462776184
5382,0.3577216863632202,,2184.9350543022156,35.071906089782715
5383,0.3573976159095764,,2185.335508108139,35.07562470436096
5384,0.3564038872718811,,2185.737280368805,35.07933235168457
5385,0.3572031855583191,,2186.1383934020996,35.08305335044861
5386,0.3565622866153717,,2186.539247751236,35.086763858795166
5387,0.357656866312027,,2186.940496444702,35.090479373931885
5388,0.35743364691734314,,2187.3419773578644,35.09418606758118
5389,0.3575056493282318,,2187.7436804771423,35.09788775444031
5390,0.356807142496109,,2188.1445014476776,35.1016001701355
5391,0.3573976159095764,,2188.544697999954,35.10530948638916
5392,0.3569583594799042,,2188.946449279785,35.109007358551025
5393,0.3573688268661499,,2189.3484556674957,35.112712144851685
5394,0.35737600922584534,,2189.7510340213776,35.116416215896606
5395,0.3571743965148926,,2190.15091919899,35.120134592056274
5396,0.3574192225933075,,2190.553178548813,35.123849391937256
5397,0.35754165053367615,,2190.954662799835,35.12756276130676
5398,0.35641828179359436,,2191.3553998470306,35.131277084350586
5399,0.3572031855583191,,2191.7569074630737,35.13498878479004
5400,0.35604384541511536,,2192.1582095623016,35.13870167732239
5401,0.35721758008003235,,2192.5598788261414,35.14241099357605
5402,0.3569871783256531,,2192.960760831833,35.1461284160614
5403,0.3563750684261322,,2193.3616898059845,35.14983105659485
5404,0.35741204023361206,,2193.761799097061,35.15354943275452
5405,0.3586218059062958,,2194.1637494564056,35.15724563598633
5406,0.3572607934474945,,2194.8277728557587,35.16096830368042
5407,0.357872873544693,,2195.2291440963745,35.16467475891113
5408,0.35714560747146606,,2195.6305758953094,35.16837763786316
5409,0.35783690214157104,,2196.031001806259,35.17209315299988
5410,0.3565406799316406,,2196.4328892230988,35.17579936981201
5411,0.3573184013366699,,2196.8338634967804,35.17950797080994
5412,0.35751283168792725,,2197.23548913002,35.18322229385376
5413,0.35748404264450073,,2197.6348326206207,35.18694543838501
5414,0.3579016923904419,,2198.0339748859406,35.190653800964355
5415,0.35800251364707947,,2198.4353444576263,35.1943678855896
5416,0.35716718435287476,,2198.8373742103577,35.198084592819214
5417,0.3575848639011383,,2199.238545179367,35.20180010795593
5418,0.35794490575790405,,2199.6393632888794,35.20550537109375
5419,0.3569439649581909,,2200.041734933853,35.20922803878784
5420,0.3567999303340912,,2200.444431066513,35.212934732437134
5421,0.3569367527961731,,2200.8442957401276,35.216644525527954
5422,0.35729682445526123,,2201.2462527751923,35.22034978866577
5423,0.3569439649581909,,2201.6472232341766,35.22406220436096
5424,0.35700878500938416,,2202.047159433365,35.22777557373047
5425,0.3562094271183014,,2202.447420835495,35.23149037361145
5426,0.3560870289802551,,2202.8475201129913,35.235206604003906
5427,0.35681432485580444,,2203.2495126724243,35.23891234397888
5428,0.35687196254730225,,2203.6510181427,35.24264097213745
5429,0.35670632123947144,,2204.054079055786,35.24634885787964
5430,0.3568287491798401,,2204.4556033611298,35.25006699562073
5431,0.35678553581237793,,2204.8581128120422,35.25377559661865
5432,0.3572607934474945,,2205.2592306137085,35.25748300552368
5433,0.3569871783256531,,2205.662251472473,35.26118612289429
5434,0.3566991090774536,,2206.0631222724915,35.26489233970642
5435,0.3569367527961731,,2206.464355945587,35.268608808517456
5436,0.35668471455574036,,2206.8662374019623,35.27233839035034
5437,0.35641106963157654,,2207.267734527588,35.276039123535156
5438,0.35633185505867004,,2207.6672394275665,35.279746532440186
5439,0.3568647503852844,,2208.069634914398,35.28346061706543
5440,0.35682153701782227,,2208.4722282886505,35.287169456481934
5441,0.3564326763153076,,2208.8729717731476,35.290876150131226
5442,0.3567279279232025,,2209.274517774582,35.29458928108215
5443,0.35684314370155334,,2209.6761589050293,35.298298597335815
5444,0.3561950623989105,,2210.0769538879395,35.30200743675232
5445,0.35713839530944824,,2210.47647023201,35.305726051330566
5446,0.35777926445007324,,2210.878403902054,35.30943036079407
5447,0.3569439649581909,,2211.2795572280884,35.31313753128052
5448,0.35721758008003235,,2211.678735256195,35.316832304000854
5449,0.3564758896827698,,2212.0815591812134,35.32054567337036
5450,0.35654789209365845,,2212.482369184494,35.324257612228394
5451,0.3564038872718811,,2212.884305000305,35.327961683273315
5452,0.3563174605369568,,2213.2862737178802,35.33167624473572
5453,0.35597899556159973,,2213.6874191761017,35.3353910446167
5454,0.35710957646369934,,2214.087551355362,35.33909749984741
5455,0.35754886269569397,,2214.4892978668213,35.342806577682495
5456,0.35811054706573486,,2214.8899075984955,35.34651517868042
5457,0.3560006022453308,,2215.2902698516846,35.35022211074829
5458,0.3570159673690796,,2215.6916513442993,35.353931188583374
5459,0.357124000787735,,2216.357625722885,35.35765075683594
5460,0.35735440254211426,,2216.7599477767944,35.361385345458984
5461,0.35676392912864685,,2217.160464525223,35.365092277526855
5462,0.3570519685745239,,2217.5616393089294,35.36879754066467
5463,0.35714560747146606,,2217.963340997696,35.372517108917236
5464,0.3561878502368927,,2218.3647367954254,35.37623596191406
5465,0.35681432485580444,,2218.7646484375,35.37994718551636
5466,0.3564542829990387,,2219.1658189296722,35.38364863395691
5467,0.3572103977203369,,2219.5668914318085,35.3873496055603
5468,0.3579016923904419,,2219.9678740501404,35.39106273651123
5469,0.3574480414390564,,2220.369233608246,35.39477324485779
5470,0.3563750684261322,,2220.768933534622,35.39847683906555
5471,0.357073575258255,,2221.1709966659546,35.40221428871155
5472,0.3574480414390564,,2221.5730516910553,35.405925273895264
5473,0.3570159673690796,,2221.9749989509583,35.40963625907898
5474,0.3578224778175354,,2222.3766531944275,35.413339138031006
5475,0.3573184013366699,,2222.7776329517365,35.41705012321472
5476,0.35644710063934326,,2223.1788868904114,35.420754194259644
5477,0.3568287491798401,,2223.5808894634247,35.42447781562805
5478,0.35592859983444214,,2223.9812433719635,35.42818021774292
5479,0.35689353942871094,,2224.382029056549,35.43189024925232
5480,0.35590702295303345,,2224.783595561981,35.4356005191803
5481,0.35631027817726135,,2225.187159061432,35.43931555747986
5482,0.3562958538532257,,2225.587228536606,35.44303321838379
5483,0.3571311831474304,,2225.9894058704376,35.44674825668335
5484,0.35740482807159424,,2226.391057729721,35.4504508972168
5485,0.3561086356639862,,2226.792076587677,35.45416045188904
5486,0.3572607934474945,,2227.1933612823486,35.457876443862915
5487,0.35781529545783997,,2227.594593524933,35.46157956123352
5488,0.35749122500419617,,2227.9958312511444,35.46528339385986
5489,0.3568287491798401,,2228.3968336582184,35.46899223327637
5490,0.35625264048576355,,2228.798030614853,35.47270369529724
5491,0.35655510425567627,,2229.199138879776,35.47642230987549
5492,0.357073575258255,,2229.5997376441956,35.480138063430786
5493,0.3563966751098633,,2230.0009293556213,35.48384428024292
5494,0.3573616147041321,,2230.4013464450836,35.48755598068237
5495,0.3570159673690796,,2230.8033215999603,35.49126648902893
5496,0.3569871783256531,,2231.204968690872,35.494974851608276
5497,0.35668471455574036,,2231.605382204056,35.49869465827942
5498,0.35673514008522034,,2232.0060291290283,35.502394914627075
5499,0.35722479224205017,,2232.4075841903687,35.506110429763794
5500,0.35679271817207336,,2232.808844804764,36.88097023963928
5501,0.357181578874588,,2233.2107014656067,36.88467860221863
5502,0.35700878500938416,,2233.6127803325653,36.888386964797974
5503,0.35674232244491577,,2234.0135974884033,36.89210343360901
5504,0.3564542829990387,,2234.4155457019806,36.89581251144409
5505,0.35652628540992737,,2234.81614613533,36.89952850341797
5506,0.3576136529445648,,2235.2174859046936,36.90325140953064
5507,0.35754165053367615,,2235.6169469356537,36.906962633132935
5508,0.357606440782547,,2236.017363548279,36.91067981719971
5509,0.3566703200340271,,2236.4185013771057,36.91438698768616
5510,0.3571023643016815,,2236.8201966285706,36.91810703277588
5511,0.35690075159072876,,2237.2209775447845,36.92181372642517
5512,0.3571023643016815,,2237.8889253139496,36.92553234100342
5513,0.3565983176231384,,2238.290272951126,36.92925000190735
5514,0.35714560747146606,,2238.6921458244324,36.932950496673584
5515,0.3569943606853485,,2239.092708826065,36.9366819858551
5516,0.3573688268661499,,2239.4951355457306,36.94040369987488
5517,0.35711678862571716,,2239.897299528122,36.944109201431274
5518,0.35767126083374023,,2240.299079656601,36.9478178024292
5519,0.3579809069633484,,2240.6993429660797,36.951520919799805
5520,0.356807142496109,,2241.0999178886414,36.955228090286255
5521,0.356965571641922,,2241.500585079193,36.95893621444702
5522,0.35737600922584534,,2241.9016971588135,36.962644815444946
5523,0.35775047540664673,,2242.302538871765,36.966360092163086
5524,0.35735440254211426,,2242.703615427017,36.97007203102112
5525,0.35759204626083374,,2243.105386018753,36.97378635406494
5526,0.35831934213638306,,2243.5056943893433,36.97748851776123
5527,0.3578944802284241,,2243.9059205055237,36.981197357177734
5528,0.35676392912864685,,2244.307063102722,36.98490929603577
5529,0.35676392912864685,,2244.708769798279,36.98861384391785
5530,0.3569943606853485,,2245.1086761951447,36.99231791496277
5531,0.35649028420448303,,2245.510115623474,36.996028661727905
5532,0.3566127121448517,,2245.910749912262,36.999738454818726
5533,0.3564614951610565,,2246.312028646469,37.00344252586365
5534,0.3562886714935303,,2246.713667869568,37.00715613365173
5535,0.35676392912864685,,2247.1144897937775,37.01087999343872
5536,0.3569439649581909,,2247.515243291855,37.01459002494812
5537,0.35641828179359436,,2247.9165613651276,37.01830196380615
5538,0.3565983176231384,,2248.3170142173767,37.02201795578003
5539,0.3564254939556122,,2248.716976881027,37.025723934173584
5540,0.35700878500938416,,2249.1173255443573,37.029428482055664
5541,0.35703036189079285,,2249.519593000412,37.0331335067749
5542,0.357390433549881,,2249.9205317497253,37.03684592247009
5543,0.3572896122932434,,2250.32169508934,37.04055714607239
5544,0.35700878500938416,,2250.721569776535,37.04427099227905
5545,0.35700878500938416,,2251.1239557266235,37.0479736328125
5546,0.3556261658668518,,2251.527095556259,37.05167579650879
5547,0.356807142496109,,2251.928069114685,37.055389404296875
5548,0.35703757405281067,,2252.3285517692566,37.05909562110901
5549,0.35692232847213745,,2252.7297172546387,37.06280708312988
5550,0.3572536110877991,,2253.131328344345,37.066519260406494
5551,0.3570951819419861,,2253.532172679901,37.07023906707764
5552,0.357340008020401,,2253.9329323768616,37.073949337005615
5553,0.35600781440734863,,2254.334183692932,37.077670097351074
5554,0.3565334975719452,,2254.7364571094513,37.081379652023315
5555,0.3567495346069336,,2255.138367176056,37.085092544555664
5556,0.3561950623989105,,2255.53853225708,37.08880424499512
5557,0.3562670648097992,,2255.9399428367615,37.0925133228302
5558,0.3565622866153717,,2256.341607570648,37.096224308013916
5559,0.35652628540992737,,2256.7427842617035,37.09994339942932
5560,0.3570159673690796,,2257.143133163452,37.103665828704834
5561,0.35743364691734314,,2257.5448727607727,37.10737490653992
5562,0.3566631078720093,,2257.9461109638214,37.111114740371704
5563,0.35601502656936646,,2258.3465485572815,37.11482334136963
5564,0.35646867752075195,,2258.747107028961,37.11853265762329
5565,0.35668471455574036,,2259.4107909202576,37.12224221229553
5566,0.3563462495803833,,2259.81182718277,37.12595796585083
5567,0.3569439649581909,,2260.2125174999237,37.12965798377991
5568,0.35711678862571716,,2260.613594532013,37.133363008499146
5569,0.35625264048576355,,2261.014794588089,37.137080907821655
5570,0.3558349907398224,,2261.4157218933105,37.14079999923706
5571,0.35622385144233704,,2261.8158719539642,37.14450550079346
5572,0.3561662435531616,,2262.216759443283,37.148213624954224
5573,0.35603663325309753,,2262.618028640747,37.15192174911499
5574,0.35641106963157654,,2263.0189781188965,37.155630111694336
5575,0.356807142496109,,2263.4205927848816,37.159355878829956
5576,0.3559429943561554,,2263.822475671768,37.163071155548096
5577,0.35612303018569946,,2264.2240104675293,37.1667799949646
5578,0.35687196254730225,,2264.6256909370422,37.17050337791443
5579,0.35541731119155884,,2265.0266675949097,37.17421746253967
5580,0.3562886714935303,,2265.4286007881165,37.17792749404907
5581,0.356648713350296,,2265.8298416137695,37.181641578674316
5582,0.3567207157611847,,2266.2314491271973,37.185344219207764
5583,0.35674232244491577,,2266.6316175460815,37.18904781341553
5584,0.35695114731788635,,2267.0324976444244,37.192768573760986
5585,0.35678553581237793,,2267.434581518173,37.19648289680481
5586,0.35636064410209656,,2267.8361356258392,37.200191020965576
5587,0.35674232244491577,,2268.2369589805603,37.204023361206055
5588,0.3569439649581909,,2268.637705564499,37.207741498947144
5589,0.3574696183204651,,2269.0393137931824,37.2114577293396
5590,0.3572607934474945,,2269.4425477981567,37.21518015861511
5591,0.356965571641922,,2269.8432960510254,37.21896052360535
5592,0.3570447564125061,,2270.244831085205,37.22266864776611
5593,0.356648713350296,,2270.6459777355194,37.22637462615967
5594,0.35678553581237793,,2271.0459949970245,37.23008489608765
5595,0.35649028420448303,,2271.446664571762,37.233805418014526
5596,0.3568287491798401,,2271.846924304962,37.237518310546875
5597,0.3563462495803833,,2272.2486202716827,37.24123549461365
5598,0.3565911054611206,,2272.650008916855,37.244948625564575
5599,0.3561086356639862,,2273.0515308380127,37.24865698814392
5600,0.3564830720424652,,2273.4528069496155,37.252408027648926
5601,0.35687196254730225,,2273.853809595108,37.256115674972534
5602,0.357181578874588,,2274.2582354545593,37.259835958480835
5603,0.35622385144233704,,2274.658831834793,37.26354670524597
5604,0.3559646010398865,,2275.0603535175323,37.267253160476685
5605,0.35627424716949463,,2275.460225343704,37.270976066589355
5606,0.3566631078720093,,2275.86155462265,37.27468299865723
5607,0.35660549998283386,,2276.2620997428894,37.27841782569885
5608,0.3569079339504242,,2276.663893699646,37.282121896743774
5609,0.35625264048576355,,2277.065865278244,37.28583383560181
5610,0.3563246726989746,,2277.466958761215,37.28954577445984
5611,0.3559934198856354,,2277.868331670761,37.29324722290039
5612,0.3558925986289978,,2278.2688620090485,37.296956300735474
5613,0.3558998107910156,,2278.6698570251465,37.3006637096405
5614,0.35644710063934326,,2279.072215795517,37.304383754730225
5615,0.3559718132019043,,2279.472860097885,37.30809235572815
5616,0.3566631078720093,,2279.8738284111023,37.31180500984192
5617,0.35615184903144836,,2280.274587869644,37.315513372421265
5618,0.3562886714935303,,2280.9392054080963,37.31922125816345
5619,0.35625985264778137,,2281.340187072754,37.32292723655701
5620,0.35641106963157654,,2281.741596698761,37.32663822174072
5621,0.3567495346069336,,2282.1426270008087,37.3303484916687
5622,0.35649028420448303,,2282.5435395240784,37.3340699672699
5623,0.3564830720424652,,2282.943845272064,37.3377799987793
5624,0.3568287491798401,,2283.3440821170807,37.34149694442749
5625,0.3564038872718811,,2283.74577999115,37.34520411491394
5626,0.35607263445854187,,2284.1475570201874,37.3489089012146
5627,0.3561086356639862,,2284.5478041172028,37.35262179374695
5628,0.35553252696990967,,2284.9496216773987,37.35648536682129
5629,0.35590702295303345,,2285.352872133255,37.36019492149353
5630,0.3561014235019684,,2285.75359416008,37.36389756202698
5631,0.3561662435531616,,2286.1545720100403,37.36760401725769
5632,0.35606542229652405,,2286.5554003715515,37.37131881713867
5633,0.35603663325309753,,2286.957370042801,37.375022888183594
5634,0.3561806380748749,,2287.358174562454,37.3787317276001
5635,0.35597899556159973,,2287.7585842609406,37.38244581222534
5636,0.3555973470211029,,2288.160154104233,37.38616228103638
5637,0.3561806380748749,,2288.5609498023987,37.38986921310425
5638,0.35533812642097473,,2288.961203098297,37.39357829093933
5639,0.3554317355155945,,2289.3618624210358,37.39729070663452
5640,0.35614463686943054,,2289.7641983032227,37.40100359916687
5641,0.355777382850647,,2290.165875673294,37.40471029281616
5642,0.3563534617424011,,2290.565797805786,37.40842008590698
5643,0.35697996616363525,,2290.967397928238,37.412129402160645
5644,0.35611581802368164,,2291.3685121536255,37.41584134101868
5645,0.3560006022453308,,2291.768544435501,37.419551849365234
5646,0.35523009300231934,,2292.16912984848,37.42325949668884
5647,0.3560798168182373,,2292.5693888664246,37.427149057388306
5648,0.3571023643016815,,2292.9722561836243,37.430853843688965
5649,0.35612303018569946,,2293.3789100646973,37.43456554412842
5650,0.3560582399368286,,2293.7796573638916,37.4382848739624
5651,0.3564254939556122,,2294.181948900223,37.44199323654175
5652,0.35620224475860596,,2294.583419561386,37.44569420814514
5653,0.3563750684261322,,2294.984661579132,37.449397802352905
5654,0.3560798168182373,,2295.3850066661835,37.453107595443726
5655,0.3568359315395355,,2295.786416530609,37.45681309700012
5656,0.3564614951610565,,2296.186684846878,37.46052289009094
5657,0.3564254939556122,,2296.5877952575684,37.464235067367554
5658,0.3561878502368927,,2296.989429473877,37.46793580055237
5659,0.35727521777153015,,2297.3896322250366,37.4716477394104
5660,0.35692232847213745,,2297.7915675640106,37.475350856781006
5661,0.35607263445854187,,2298.194018602371,37.479050397872925
5662,0.3559142053127289,,2298.5965983867645,37.48276090621948
5663,0.35655510425567627,,2298.99698638916,37.486462116241455
5664,0.35615184903144836,,2299.398131608963,37.490171670913696
5665,0.3555469512939453,,2299.800169467926,37.49387550354004
5666,0.3555469512939453,,2300.2006549835205,37.49758529663086
5667,0.35628145933151245,,2300.601551055908,37.50129008293152
5668,0.3562886714935303,,2301.0020456314087,37.50501036643982
5669,0.3561662435531616,,2301.4030344486237,37.508729457855225
5670,0.3562382459640503,,2301.804191350937,37.5124351978302
5671,0.3563462495803833,,2302.46808886528,37.51614022254944
5672,0.3556765615940094,,2302.86980342865,37.51985430717468
5673,0.3564542829990387,,2303.2704355716705,37.52357006072998
5674,0.3570447564125061,,2303.6705601215363,37.52728080749512
5675,0.3565622866153717,,2304.071439266205,37.53099703788757
5676,0.3567711114883423,,2304.472510576248,37.53471302986145
5677,0.356915146112442,,2304.874682664871,37.538416385650635
5678,0.35633185505867004,,2305.276897907257,37.542118549346924
5679,0.35582777857780457,,2305.6762924194336,37.545833587646484
5680,0.35654789209365845,,2306.0789465904236,37.54954957962036
5681,0.3558925986289978,,2306.4805586338043,37.55327081680298
5682,0.3582257628440857,,2306.8817131519318,37.55697798728943
5683,0.35675671696662903,,2307.2834935188293,37.56069254875183
5684,0.3573184013366699,,2307.6854643821716,37.56441068649292
5685,0.35598620772361755,,2308.0871608257294,37.56812572479248
5686,0.3566991090774536,,2308.487767934799,37.57183885574341
5687,0.35643988847732544,,2308.888496160507,37.575552225112915
5688,0.35652628540992737,,2309.2893493175507,37.57926678657532
5689,0.3569943606853485,,2309.6886076927185,37.58297109603882
5690,0.3561806380748749,,2310.08926320076,37.58667540550232
5691,0.3561590313911438,,2310.488576412201,37.59038805961609
5692,0.3566919267177582,,2310.891014099121,37.59410810470581
5693,0.35641828179359436,,2311.2932481765747,37.5978147983551
5694,0.3564614951610565,,2311.6937108039856,37.60153412818909
5695,0.3563678562641144,,2312.095374584198,37.605236291885376
5696,0.3569943606853485,,2312.4970514774323,37.60894989967346
5697,0.35697996616363525,,2312.8978247642517,37.61266279220581
5698,0.3563678562641144,,2313.298489332199,37.616371870040894
5699,0.35607263445854187,,2313.699252843857,37.620068311691284
5700,0.35673514008522034,,2314.0999846458435,37.623783826828
5701,0.35682153701782227,,2314.5005280971527,37.62749767303467
5702,0.3564326763153076,,2314.9009153842926,37.631208419799805
5703,0.35571977496147156,,2315.3010935783386,37.63491916656494
5704,0.35625985264778137,,2315.7017130851746,37.63862657546997
5705,0.3564758896827698,,2316.1056699752808,37.64232587814331
5706,0.355777382850647,,2316.507376909256,37.6460280418396
5707,0.35590702295303345,,2316.908263206482,37.649739503860474
5708,0.3563462495803833,,2317.308956861496,37.653443336486816
5709,0.35654789209365845,,2317.7112624645233,37.657153606414795
5710,0.35611581802368164,,2318.112478017807,37.66087317466736
5711,0.3562166392803192,,2318.512561559677,37.66457438468933
5712,0.3558133840560913,,2318.9134726524353,37.66829037666321
5713,0.35566216707229614,,2319.314437866211,37.67200422286987
5714,0.35539570450782776,,2319.714423894882,37.67571187019348
5715,0.3563966751098633,,2320.1141560077667,37.67942833900452
5716,0.3566127121448517,,2320.5156619548798,37.683143854141235
5717,0.3564326763153076,,2320.9176523685455,37.68685579299927
5718,0.35667750239372253,,2321.3191645145416,37.69058012962341
5719,0.355618953704834,,2321.720419883728,37.69429111480713
5720,0.3564038872718811,,2322.1217923164368,37.69801068305969
5721,0.35563337802886963,,2322.5229439735413,37.70172166824341
5722,0.355618953704834,,2322.9240674972534,37.70542764663696
5723,0.35598620772361755,,2323.3244268894196,37.70914030075073
5724,0.35603663325309753,,2323.9918336868286,37.71283984184265
5725,0.35600781440734863,,2324.3938732147217,37.716554164886475
5726,0.3562166392803192,,2324.7954020500183,37.72026562690735
5727,0.35547494888305664,,2325.1965985298157,37.723976612091064
5728,0.35523009300231934,,2325.5985593795776,37.727678298950195
5729,0.35633185505867004,,2326.0002739429474,37.73139524459839
5730,0.3567783236503601,,2326.401011943817,37.735100984573364
5731,0.3566415011882782,,2326.802248239517,37.73881816864014
5732,0.35559016466140747,,2327.203387260437,37.74252486228943
5733,0.3562382459640503,,2327.6043105125427,37.74622869491577
5734,0.3562454581260681,,2328.005334377289,37.74994206428528
5735,0.3555181324481964,,2328.4051127433777,37.753662109375
5736,0.3563462495803833,,2328.806061267853,37.757364988327026
5737,0.3563750684261322,,2329.2108874320984,37.761080503463745
5738,0.3563174605369568,,2329.6107037067413,37.764772176742554
5739,0.3567207157611847,,2330.011559009552,37.768487215042114
5740,0.3568647503852844,,2330.4127666950226,37.77219820022583
5741,0.3572103977203369,,2330.8119554519653,37.77591276168823
5742,0.35675671696662903,,2331.2120583057404,37.77962851524353
5743,0.3564614951610565,,2331.613353252411,37.78333878517151
5744,0.35671353340148926,,2332.013885974884,37.787044048309326
5745,0.3567207157611847,,2332.414921283722,37.79076862335205
5746,0.3557845950126648,,2332.8160791397095,37.794485330581665
5747,0.3561014235019684,,2333.216360092163,37.79819416999817
5748,0.35651907324790955,,2333.6177990436554,37.80190181732178
5749,0.35660549998283386,,2334.023786306381,37.80561065673828
5750,0.35674232244491577,,2334.424753665924,37.80932259559631
5751,0.3564758896827698,,2334.82653093338,37.81303071975708
5752,0.3560798168182373,,2335.227795600891,37.816742181777954
5753,0.3566703200340271,,2335.6286079883575,37.820454120635986
5754,0.3563246726989746,,2336.0293214321136,37.82416749000549
5755,0.3556549549102783,,2336.4289586544037,37.82786965370178
5756,0.3564038872718811,,2336.8295710086823,37.83156991004944
5757,0.3567783236503601,,2337.2293231487274,37.835280418395996
5758,0.35622385144233704,,2337.630180835724,37.838990926742554
5759,0.35651907324790955,,2338.0320324897766,37.842702865600586
5760,0.35607263445854187,,2338.433084964752,37.84640979766846
5761,0.35670632123947144,,2338.833983898163,37.85011959075928
5762,0.35682153701782227,,2339.235132932663,37.85383486747742
5763,0.35631027817726135,,2339.6373014450073,37.85754060745239
5764,0.3553309142589569,,2340.039366722107,37.861242055892944
5765,0.35643988847732544,,2340.439688205719,37.86495327949524
5766,0.35689353942871094,,2340.840018749237,37.86865735054016
5767,0.35654789209365845,,2341.2420420646667,37.872368574142456
5768,0.3561302423477173,,2341.6421921253204,37.876078367233276
5769,0.3569079339504242,,2342.0416753292084,37.879783153533936
5770,0.35641106963157654,,2342.4426872730255,37.88349175453186
5771,0.35597899556159973,,2342.842887401581,37.887202739715576
5772,0.3572536110877991,,2343.2434821128845,37.8909113407135
5773,0.35676392912864685,,2343.6449513435364,37.894617319107056
5774,0.357606440782547,,2344.046353816986,37.898343086242676
5775,0.35667750239372253,,2344.4468429088593,37.90204644203186
5776,0.3562094271183014,,2344.848491668701,37.90575194358826
5777,0.35627424716949463,,2345.5130383968353,37.90946960449219
5778,0.35595738887786865,,2345.9145629405975,37.91317009925842
5779,0.35665589570999146,,2346.3147435188293,37.91687083244324
5780,0.35649028420448303,,2346.7162413597107,37.920573472976685
5781,0.35649746656417847,,2347.117735862732,37.92428946495056
5782,0.35689353942871094,,2347.518312692642,37.92799615859985
5783,0.356648713350296,,2347.918669939041,37.93170881271362
5784,0.35689353942871094,,2348.3199989795685,37.93542456626892
5785,0.3557845950126648,,2348.7209436893463,37.93913221359253
5786,0.3567207157611847,,2349.12180185318,37.942845821380615
5787,0.3567783236503601,,2349.5228271484375,37.94655179977417
5788,0.35670632123947144,,2349.9246051311493,37.95026159286499
5789,0.3562094271183014,,2350.3269765377045,37.953985929489136
5790,0.3568287491798401,,2350.7288072109222,37.95769262313843
5791,0.35703036189079285,,2351.129474401474,37.96140813827515
5792,0.35644710063934326,,2351.5295794010162,37.96511197090149
5793,0.3565118908882141,,2351.9319038391113,37.968825578689575
5794,0.35631027817726135,,2352.3334538936615,37.97253179550171
5795,0.35690075159072876,,2352.7340240478516,37.97624397277832
5796,0.35636064410209656,,2353.1353940963745,37.979957580566406
5797,0.3564542829990387,,2353.53643989563,37.98368048667908
5798,0.357181578874588,,2353.936250925064,37.98737978935242
5799,0.35646867752075195,,2354.337112426758,37.991092920303345
5800,0.35612303018569946,,2354.7372646331787,37.994816064834595
5801,0.35662710666656494,,2355.138868331909,37.99852108955383
5802,0.35687196254730225,,2355.540477991104,38.002235412597656
5803,0.3568791449069977,,2355.940953731537,38.00594234466553
5804,0.35714560747146606,,2356.3420975208282,38.00965404510498
5805,0.35710957646369934,,2356.743681192398,38.013362407684326
5806,0.35718879103660583,,2357.1451408863068,38.017066955566406
5807,0.3569583594799042,,2357.54692530632,38.02077507972717
5808,0.356915146112442,,2357.9475996494293,38.024484634399414
5809,0.35625264048576355,,2358.348618030548,38.02818727493286
5810,0.357232004404068,,2358.7499709129333,38.03190350532532
5811,0.3570447564125061,,2359.151603937149,38.03560423851013
5812,0.3574192225933075,,2359.5506043434143,38.03931713104248
5813,0.35718879103660583,,2359.95298743248,38.04302406311035
5814,0.3564758896827698,,2360.355753660202,38.04673147201538
5815,0.3573616147041321,,2360.7573368549347,38.05044412612915
5816,0.3573472201824188,,2361.1591942310333,38.05415749549866
5817,0.35679271817207336,,2361.5607464313507,38.057881593704224
5818,0.3562670648097992,,2361.961175441742,38.061588525772095
5819,0.3569943606853485,,2362.3615679740906,38.06531238555908
5820,0.3570663630962372,,2362.7642509937286,38.069047927856445
5821,0.3569439649581909,,2363.164538860321,38.07276773452759
5822,0.3565046787261963,,2363.565514564514,38.076486349105835
5823,0.3563246726989746,,2363.9660761356354,38.08019757270813
5824,0.35625264048576355,,2364.3663363456726,38.08390665054321
5825,0.35735440254211426,,2364.768409729004,38.08761477470398
5826,0.35757046937942505,,2365.170142173767,38.0913245677948
5827,0.35689353942871094,,2365.5720562934875,38.09502863883972
5828,0.35643988847732544,,2365.9707555770874,38.09878492355347
5829,0.356965571641922,,2366.3721466064453,38.10249733924866
5830,0.3559429943561554,,2367.0399849414825,38.10620737075806
5831,0.356648713350296,,2367.4407613277435,38.10992169380188
5832,0.3561662435531616,,2367.841369152069,38.1136417388916
5833,0.3574768304824829,,2368.243114233017,38.117356061935425
5834,0.3572103977203369,,2368.644347667694,38.12120294570923
5835,0.3562094271183014,,2369.045114994049,38.12491703033447
5836,0.3556477725505829,,2369.4463007450104,38.12861490249634
5837,0.35555413365364075,,2369.847489595413,38.13233017921448
5838,0.35660549998283386,,2370.2480034828186,38.1360387802124
5839,0.3569439649581909,,2370.6487267017365,38.13973832130432
5840,0.3564326763153076,,2371.049214363098,38.14345049858093
5841,0.3561086356639862,,2371.449758529663,38.14715909957886
5842,0.3560006022453308,,2371.8510224819183,38.15086793899536
5843,0.35612303018569946,,2372.253586769104,38.15457534790039
5844,0.3567999303340912,,2372.6532077789307,38.158286809921265
5845,0.35607263445854187,,2373.0546038150787,38.16200518608093
5846,0.35606542229652405,,2373.4572870731354,38.165711402893066
5847,0.3566198945045471,,2373.857503414154,38.16942286491394
5848,0.35651907324790955,,2374.258969306946,38.173134565353394
5849,0.35654789209365845,,2374.660530567169,38.17684864997864
5850,0.3562958538532257,,2375.0610229969025,38.180556535720825
5851,0.3569439649581909,,2375.4617831707,38.184303283691406
5852,0.3565118908882141,,2375.8626515865326,38.18801426887512
5853,0.35641828179359436,,2376.263959646225,38.19171595573425
5854,0.356648713350296,,2376.6650156974792,38.19542407989502
5855,0.35649746656417847,,2377.065972328186,38.19913840293884
5856,0.3573688268661499,,2377.467368364334,38.20284676551819
5857,0.3567495346069336,,2377.868485212326,38.206557750701904
5858,0.3562094271183014,,2378.2713916301727,38.21028017997742
5859,0.3563678562641144,,2378.671447992325,38.21398997306824
5860,0.35574138164520264,,2379.0728919506073,38.217700481414795
5861,0.3565118908882141,,2379.474042892456,38.22140622138977
5862,0.3562886714935303,,2379.8751978874207,38.225119829177856
5863,0.3565118908882141,,2380.2755193710327,38.22882962226868
5864,0.3563966751098633,,2380.6775856018066,38.23253560066223
5865,0.3565406799316406,,2381.079449415207,38.23624300956726
5866,0.3568863570690155,,2381.480706214905,38.23994755744934
5867,0.35708796977996826,,2381.8815953731537,38.24367046356201
5868,0.3567279279232025,,2382.281937599182,38.247387647628784
5869,0.35587820410728455,,2382.684194803238,38.25109267234802
5870,0.3564254939556122,,2383.086207151413,38.25480127334595
5871,0.3564326763153076,,2383.4873452186584,38.25852179527283
5872,0.3564326763153076,,2383.889222383499,38.262229442596436
5873,0.3562094271183014,,2384.2907145023346,38.26593208312988
5874,0.3564542829990387,,2384.6911013126373,38.2696487903595
5875,0.3563966751098633,,2385.0924088954926,38.273372411727905
5876,0.35633185505867004,,2385.4929354190826,38.277084827423096
5877,0.3571600019931793,,2385.893884897232,38.28078627586365
5878,0.35675671696662903,,2386.2942230701447,38.28449892997742
5879,0.35652628540992737,,2386.695662021637,38.288207054138184
5880,0.3566703200340271,,2387.0974230766296,38.29192519187927
5881,0.35579177737236023,,2387.496623277664,38.295637369155884
5882,0.3570159673690796,,2387.8985364437103,38.2993597984314
5883,0.3559934198856354,,2388.564234972,38.30306577682495
5884,0.3580385148525238,,2388.9645714759827,38.306777238845825
5885,0.35681432485580444,,2389.3652822971344,38.310484170913696
5886,0.35730400681495667,,2389.7656354904175,38.314199686050415
5887,0.35716718435287476,,2390.1672842502594,38.31791543960571
5888,0.35679271817207336,,2390.567853450775,38.32162809371948
5889,0.35773608088493347,,2390.9690232276917,38.3253276348114
5890,0.35751283168792725,,2391.370433330536,38.32904672622681
5891,0.35722479224205017,,2391.7717468738556,38.3327534198761
5892,0.35730400681495667,,2392.1719517707825,38.33646202087402
5893,0.3572896122932434,,2392.573963880539,38.340176820755005
5894,0.3568863570690155,,2392.975131750107,38.343886613845825
5895,0.35716718435287476,,2393.3752179145813,38.3475923538208
5896,0.3566415011882782,,2393.7760617733,38.35130429267883
5897,0.3573976159095764,,2394.1764256954193,38.355010747909546
5898,0.35740482807159424,,2394.5773665905,38.358715295791626
5899,0.35735440254211426,,2394.9786117076874,38.36241817474365
5900,0.3568287491798401,,2395.377621650696,38.36612820625305
5901,0.3565694987773895,,2395.779383659363,38.369844913482666
5902,0.35681432485580444,,2396.1798219680786,38.37355899810791
5903,0.35689353942871094,,2396.5804738998413,38.37727689743042
5904,0.35727521777153015,,2396.9816296100616,38.38098382949829
5905,0.3571023643016815,,2397.383039712906,38.38469457626343
5906,0.35738322138786316,,2397.7840180397034,38.38840699195862
5907,0.3574264347553253,,2398.1845140457153,38.39211654663086
5908,0.35764244198799133,,2398.5856091976166,38.39596486091614
5909,0.35689353942871094,,2398.9866988658905,38.399672746658325
5910,0.3573472201824188,,2399.387852191925,38.40338635444641
5911,0.35617345571517944,,2399.789729833603,38.40708899497986
5912,0.3572031855583191,,2400.190573453903,38.41080141067505
5913,0.35718879103660583,,2400.5920057296753,38.41450262069702
5914,0.3567495346069336,,2400.9981417655945,38.41821050643921
5915,0.3572391867637634,,2401.3982503414154,38.42191553115845
5916,0.35676392912864685,,2401.7997653484344,38.42562484741211
5917,0.35697275400161743,,2402.2014212608337,38.42933988571167
5918,0.3570519685745239,,2402.6022577285767,38.433051109313965
5919,0.35667750239372253,,2403.005249261856,38.4367733001709
5920,0.3568647503852844,,2403.4055371284485,38.44048595428467
5921,0.3568359315395355,,2403.8064851760864,38.44420123100281
5922,0.3566415011882782,,2404.2071392536163,38.44791841506958
5923,0.35697996616363525,,2404.608135700226,38.451634645462036
5924,0.3566919267177582,,2405.008628845215,38.45533752441406
5925,0.35719597339630127,,2405.408768415451,38.45904326438904
5926,0.35741204023361206,,2405.810814857483,38.46275186538696
5927,0.3559142053127289,,2406.211799144745,38.466591358184814
5928,0.35633906722068787,,2406.613435268402,38.47029376029968
5929,0.35668471455574036,,2407.0144872665405,38.47400951385498
5930,0.35625985264778137,,2407.4153883457184,38.477723360061646
5931,0.3563246726989746,,2407.8166964054108,38.481444120407104
5932,0.35585659742355347,,2408.2172355651855,38.4851758480072
5933,0.35611581802368164,,2408.6178290843964,38.488895416259766
5934,0.3561950623989105,,2409.0184309482574,38.49260854721069
5935,0.35796651244163513,,2409.419305086136,38.49632120132446
5936,0.35633185505867004,,2410.0816791057587,38.5000376701355
5937,0.356648713350296,,2410.482407093048,38.50375699996948
5938,0.3561806380748749,,2410.8846142292023,38.50747013092041
5939,0.35658392310142517,,2411.2846174240112,38.511186361312866
5940,0.3566415011882782,,2411.6863832473755,38.51491141319275
5941,0.35649028420448303,,2412.087277173996,38.51862025260925
5942,0.35611581802368164,,2412.4876341819763,38.52234125137329
5943,0.35633906722068787,,2412.8883039951324,38.5260488986969
5944,0.3566342890262604,,2413.288622379303,38.52975511550903
5945,0.3567783236503601,,2413.6899757385254,38.53349208831787
5946,0.35695114731788635,,2414.0916786193848,38.537198543548584
5947,0.35609421133995056,,2414.492597579956,38.540910720825195
5948,0.356915146112442,,2414.8933670520782,38.54461717605591
5949,0.35724639892578125,,2415.2945008277893,38.54832649230957
5950,0.35708075761795044,,2415.6953337192535,38.552027225494385
5951,0.3572896122932434,,2416.0968194007874,38.55573630332947
5952,0.3571527898311615,,2416.49804854393,38.55945587158203
5953,0.3572103977203369,,2416.898864507675,38.56315779685974
5954,0.3560870289802551,,2417.299642801285,38.56686592102051
5955,0.35615184903144836,,2417.6998834609985,38.570584774017334
5956,0.3563966751098633,,2418.100307226181,38.57429647445679
5957,0.35670632123947144,,2418.500997543335,38.578001976013184
5958,0.3566703200340271,,2418.902287721634,38.581714391708374
5959,0.3562670648097992,,2419.3029425144196,38.585530519485474
5960,0.35644710063934326,,2419.70356631279,38.589248180389404
5961,0.35682153701782227,,2420.104752779007,38.592955350875854
5962,0.3564758896827698,,2420.50616979599,38.59667205810547
5963,0.35597899556159973,,2420.9091198444366,38.60037708282471
5964,0.35600781440734863,,2421.310604572296,38.60409331321716
5965,0.3566198945045471,,2421.7109682559967,38.60786485671997
5966,0.3573112189769745,,2422.110779762268,38.61157536506653
5967,0.3572391867637634,,2422.5113084316254,38.61529302597046
5968,0.35665589570999146,,2422.911758184433,38.619003772735596
5969,0.35604384541511536,,2423.313024044037,38.622721910476685
5970,0.3566703200340271,,2423.7159638404846,38.626426458358765
5971,0.35646867752075195,,2424.116951227188,38.630138635635376
5972,0.3559502065181732,,2424.5176227092743,38.63384652137756
5973,0.3570951819419861,,2424.9183688163757,38.63755536079407
5974,0.3567999303340912,,2425.3196227550507,38.64126634597778
5975,0.3563462495803833,,2425.719569683075,38.64497137069702
5976,0.35754165053367615,,2426.119905233383,38.64867949485779
5977,0.35697275400161743,,2426.5211474895477,38.652397871017456
5978,0.3568647503852844,,2426.92169713974,38.656121015548706
5979,0.35697996616363525,,2427.3214251995087,38.65983605384827
5980,0.35770007967948914,,2427.722408771515,38.66367840766907
5981,0.35724639892578125,,2428.123171567917,38.667378664016724
5982,0.35824015736579895,,2428.5247626304626,38.67107391357422
5983,0.35714560747146606,,2428.925682783127,38.674787521362305
5984,0.3564830720424652,,2429.327118873596,38.67850184440613
5985,0.3568359315395355,,2429.7286098003387,38.68220591545105
5986,0.35764965415000916,,2430.1290514469147,38.68591833114624
5987,0.3569583594799042,,2430.5302019119263,38.689629316329956
5988,0.35735440254211426,,2430.930593252182,38.693344593048096
5989,0.3574768304824829,,2431.595283508301,38.697062969207764
5990,0.35751283168792725,,2431.9965541362762,38.70077848434448
5991,0.35767847299575806,,2432.396933555603,38.70448112487793
5992,0.357124000787735,,2432.7971234321594,38.708205461502075
5993,0.35743364691734314,,2433.198988676071,38.71191644668579
5994,0.3573976159095764,,2433.599152803421,38.715630531311035
5995,0.35729682445526123,,2433.9995148181915,38.71934723854065
5996,0.35722479224205017,,2434.4005975723267,38.72305154800415
5997,0.3570159673690796,,2434.8002886772156,38.726760149002075
5998,0.35757046937942505,,2435.201078414917,38.730461835861206
5999,0.3572536110877991,,2435.6025907993317,38.73416543006897
6000,0.3574408292770386,,2436.0042293071747,40.106528759002686
