it,rel_l1err,rc,rt_solve,rt_log
0,1.1465359926223755,-20.324920654296875,2.29636812210083,1.9348409175872803
1,1.1766372919082642,,2.8540520668029785,1.9497921466827393
2,1.1968544721603394,,3.410076379776001,1.9647648334503174
3,1.2717995643615723,,3.966580629348755,1.9797108173370361
4,1.3217952251434326,,4.522754907608032,1.9946601390838623
5,1.3212299346923828,,5.079044818878174,2.0096206665039062
6,1.3347773551940918,,5.634988069534302,2.0245859622955322
7,1.3277467489242554,,6.19131064414978,2.0395283699035645
8,1.314106822013855,,6.747600317001343,2.054481267929077
9,1.3111568689346313,,7.303986310958862,2.0694408416748047
10,1.2931381464004517,,7.85976767539978,2.0844058990478516
11,1.289386510848999,,8.415830612182617,2.099374532699585
12,1.2724779844284058,,8.971639156341553,2.1143524646759033
13,1.2437900304794312,,9.527905702590942,2.129298210144043
14,1.2340046167373657,,10.083679437637329,2.1442434787750244
15,1.2293791770935059,,10.640287637710571,2.159191131591797
16,1.2175530195236206,,11.1963210105896,2.174133539199829
17,1.2042447328567505,,11.753246068954468,2.1890976428985596
18,1.1950030326843262,,12.309239864349365,2.204047441482544
19,1.1914854049682617,,12.865446329116821,2.2190234661102295
20,1.1864466667175293,,13.421727418899536,2.233975648880005
21,1.1803275346755981,,13.978104591369629,2.2489306926727295
22,1.1701946258544922,,14.534040451049805,2.2639212608337402
23,1.1660455465316772,,15.09051775932312,2.278876781463623
24,1.1594990491867065,,15.6464262008667,2.293825626373291
25,1.157840371131897,,16.20259976387024,2.308786392211914
26,1.157064437866211,,16.75828766822815,2.32375431060791
27,1.1601988077163696,,17.31436800956726,2.3387045860290527
28,1.164049506187439,,17.870362758636475,2.3536558151245117
29,1.1621986627578735,,18.426486492156982,2.3686487674713135
30,1.1554393768310547,,18.982670307159424,2.383854627609253
31,1.1565124988555908,,19.54012131690979,2.3988077640533447
32,1.1573381423950195,,20.09607243537903,2.413771390914917
33,1.1557151079177856,,20.652506828308105,2.428720712661743
34,1.1572555303573608,,21.208165884017944,2.4436709880828857
35,1.159666657447815,,21.764426469802856,2.45862078666687
36,1.1621886491775513,,22.320050716400146,2.4735777378082275
37,1.1640616655349731,,22.876439571380615,2.4885411262512207
38,1.1638226509094238,,23.432210683822632,2.5034983158111572
39,1.1597092151641846,,23.988569498062134,2.5184550285339355
40,1.1596808433532715,,24.54456901550293,2.53342342376709
41,1.1577852964401245,,25.101043462753296,2.5483756065368652
42,1.1607147455215454,,25.657582759857178,2.563319683074951
43,1.1594429016113281,,26.214022159576416,2.5782651901245117
44,1.1622967720031738,,26.770004272460938,2.5932347774505615
45,1.1572072505950928,,27.326863527297974,2.6081910133361816
46,1.1518031358718872,,27.882905960083008,2.6231493949890137
47,1.1489906311035156,,28.439398527145386,2.638087749481201
48,1.1417338848114014,,28.995314359664917,2.653035879135132
49,1.1388622522354126,,29.551870346069336,2.6679954528808594
50,1.1341264247894287,,30.107869625091553,2.6829378604888916
51,1.1348856687545776,,30.666192531585693,2.697885274887085
52,1.1243637800216675,,31.548527479171753,2.712832450866699
53,1.1262702941894531,,32.10503649711609,2.7281148433685303
54,1.1163004636764526,,32.66372489929199,2.743079662322998
55,1.1138825416564941,,33.22034478187561,2.7580370903015137
56,1.1146485805511475,,33.776551723480225,2.772991180419922
57,1.1071313619613647,,34.3330717086792,2.7879390716552734
58,1.105767011642456,,34.889100551605225,2.802901268005371
59,1.0999975204467773,,35.44580006599426,2.8178446292877197
60,1.1016433238983154,,36.00220537185669,2.83280873298645
61,1.094921350479126,,36.558839082717896,2.84775710105896
62,1.089829444885254,,37.115012645721436,2.8627092838287354
63,1.08489990234375,,37.67180609703064,2.8776633739471436
64,1.0738229751586914,,38.22834777832031,2.892620086669922
65,1.0681061744689941,,38.78560256958008,2.9075825214385986
66,1.0608302354812622,,39.34209203720093,2.9225387573242188
67,1.0526738166809082,,39.89915323257446,2.937507390975952
68,1.0566028356552124,,40.45630097389221,2.9524643421173096
69,1.047263741493225,,41.0126314163208,2.9674088954925537
70,1.041237473487854,,41.5688853263855,2.982365846633911
71,1.0360060930252075,,42.12557816505432,2.9973292350769043
72,1.0274138450622559,,42.68275856971741,3.0122909545898438
73,1.0216504335403442,,43.23959493637085,3.027238607406616
74,1.0178364515304565,,43.795624017715454,3.0421953201293945
75,1.0134787559509277,,44.35231685638428,3.057156801223755
76,1.0084810256958008,,44.908438205718994,3.0721001625061035
77,1.0095982551574707,,45.46486687660217,3.0870521068573
78,1.0032497644424438,,46.021143198013306,3.1020052433013916
79,0.9901027679443359,,46.577688455581665,3.1169562339782715
80,0.9820374846458435,,47.13392186164856,3.1319026947021484
81,0.9725545048713684,,47.69080948829651,3.146850824356079
82,0.9706169962882996,,48.246914863586426,3.1617918014526367
83,0.9645094275474548,,48.80335021018982,3.1767423152923584
84,0.965194046497345,,49.359742641448975,3.191701889038086
85,0.9529852867126465,,49.9162323474884,3.2066495418548584
86,0.9520449638366699,,50.47252559661865,3.221599817276001
87,0.9437134265899658,,51.02916932106018,3.236553907394409
88,0.9442029595375061,,51.58536767959595,3.2515101432800293
89,0.9374475479125977,,52.14214849472046,3.266448736190796
90,0.9382364749908447,,52.69926118850708,3.2813897132873535
91,0.9332621693611145,,53.25611090660095,3.2963428497314453
92,0.9312490224838257,,53.812209606170654,3.311286211013794
93,0.9245766997337341,,54.36981153488159,3.3262314796447754
94,0.9265856742858887,,54.92625880241394,3.3411786556243896
95,0.9199977517127991,,55.48295211791992,3.3561322689056396
96,0.9162554144859314,,56.040852069854736,3.3711013793945312
97,0.9143238067626953,,56.59745144844055,3.386042833328247
98,0.9101731777191162,,57.15364956855774,3.400991916656494
99,0.90239417552948,,57.71054410934448,3.4159533977508545
100,0.9182642698287964,,58.26675343513489,3.43091082572937
101,0.9036782383918762,,58.82353687286377,3.445859670639038
102,0.8876267671585083,,59.37964177131653,3.460808515548706
103,0.8933513164520264,,59.93636703491211,3.475773334503174
104,0.8991652727127075,,60.81926107406616,3.49074387550354
105,0.8771090507507324,,61.37614679336548,3.5056796073913574
106,0.8768129944801331,,61.93237018585205,3.5206196308135986
107,0.8756128549575806,,62.48892092704773,3.5355629920959473
108,0.8728477358818054,,63.04548192024231,3.5505287647247314
109,0.877151608467102,,63.60232329368591,3.5654826164245605
110,0.8591729998588562,,64.15856552124023,3.580416202545166
111,0.8593398332595825,,64.71520185470581,3.5953779220581055
112,0.8452738523483276,,65.27184724807739,3.6103315353393555
113,0.8512285947799683,,65.82856678962708,3.625290632247925
114,0.8448000550270081,,66.38515257835388,3.640244483947754
115,0.8426564335823059,,66.94198894500732,3.6551945209503174
116,0.829547107219696,,67.4981255531311,3.6701743602752686
117,0.8399000763893127,,68.05494356155396,3.6851353645324707
118,0.8518832921981812,,68.61105418205261,3.700101852416992
119,0.8245062232017517,,69.16747617721558,3.7150557041168213
120,0.8328464031219482,,69.72368788719177,3.7300171852111816
121,0.8143835663795471,,70.28044438362122,3.744964599609375
122,0.8269451856613159,,70.83675837516785,3.7599093914031982
123,0.8237355947494507,,71.3932294845581,3.774864673614502
124,0.8312267065048218,,71.94936442375183,3.789829969406128
125,0.8264173865318298,,72.50588822364807,3.804776430130005
126,0.8156450390815735,,73.06251168251038,3.8197243213653564
127,0.7978496551513672,,73.61900901794434,3.834672212600708
128,0.8067514896392822,,74.17549705505371,3.8496317863464355
129,0.7944515347480774,,74.73228716850281,3.864586114883423
130,0.7909303307533264,,75.28840637207031,3.8795387744903564
131,0.7936894297599792,,75.84538292884827,3.8944857120513916
132,0.7805383205413818,,76.40121936798096,3.9094364643096924
133,0.8000164031982422,,76.95773935317993,3.924400568008423
134,0.792778730392456,,77.5138258934021,3.9393506050109863
135,0.7831215858459473,,78.07087898254395,3.9543192386627197
136,0.7771533131599426,,78.62688660621643,3.96927547454834
137,0.7864981889724731,,79.18352031707764,3.9842166900634766
138,0.7783709168434143,,79.7396867275238,3.9991650581359863
139,0.7700976729393005,,80.29623413085938,4.014116287231445
140,0.7753188014030457,,80.85241174697876,4.029069423675537
141,0.7635469436645508,,81.40899229049683,4.044029235839844
142,0.7518448829650879,,81.96519732475281,4.058984041213989
143,0.7529603838920593,,82.52210903167725,4.073925256729126
144,0.7559701800346375,,83.0783863067627,4.0888831615448
145,0.7439230680465698,,83.63514399528503,4.103843927383423
146,0.7478129267692566,,84.19144105911255,4.1187903881073
147,0.73738032579422,,84.74810600280762,4.133739948272705
148,0.7322948575019836,,85.30427193641663,4.148701190948486
149,0.735706090927124,,85.86081719398499,4.1636505126953125
150,0.7533865571022034,,86.41701745986938,4.1785969734191895
151,0.7506986856460571,,86.97341561317444,4.193549394607544
152,0.7366649508476257,,87.52958416938782,4.208506345748901
153,0.7337821125984192,,88.08614253997803,4.223460912704468
154,0.736560583114624,,88.6421959400177,4.238405466079712
155,0.7257444858551025,,89.19884490966797,4.253350734710693
156,0.7236524224281311,,90.08153414726257,4.268296480178833
157,0.7183192372322083,,90.63841438293457,4.283265590667725
158,0.7144023180007935,,91.19476699829102,4.298219680786133
159,0.7142465710639954,,91.75138306617737,4.313157558441162
160,0.7011420726776123,,92.30807256698608,4.328101873397827
161,0.7030410170555115,,92.86530590057373,4.343064546585083
162,0.6972300410270691,,93.42176723480225,4.358025789260864
163,0.6918733716011047,,93.97838091850281,4.372976303100586
164,0.698612630367279,,94.534512758255,4.387912034988403
165,0.6830068826675415,,95.09112215042114,4.40288519859314
166,0.6961820721626282,,95.64733386039734,4.417829751968384
167,0.683806300163269,,96.20400547981262,4.4327712059021
168,0.6639372110366821,,96.76014924049377,4.447729110717773
169,0.6810716390609741,,97.31670594215393,4.462679862976074
170,0.7176445126533508,,97.8729875087738,4.477635860443115
171,0.6925522089004517,,98.42952370643616,4.492560148239136
172,0.686271607875824,,98.98548579216003,4.5075085163116455
173,0.6826139688491821,,99.54190611839294,4.522464036941528
174,0.682445228099823,,100.09795832633972,4.537412881851196
175,0.6799598336219788,,100.6546995639801,4.5523681640625
176,0.6699855327606201,,101.21080827713013,4.567310333251953
177,0.6675253510475159,,101.76759672164917,4.582277774810791
178,0.6561600565910339,,102.32391715049744,4.597238063812256
179,0.6415942907333374,,102.88099837303162,4.612188339233398
180,0.6417878866195679,,103.43714189529419,4.627127408981323
181,0.6482779383659363,,103.99366068840027,4.64208197593689
182,0.6577394008636475,,104.54997515678406,4.6570351123809814
183,0.6498470902442932,,105.10661244392395,4.671974420547485
184,0.6572749018669128,,105.6626946926117,4.686927795410156
185,0.6415116190910339,,106.21918153762817,4.701884746551514
186,0.6615609526634216,,106.7754328250885,4.716842174530029
187,0.6658775806427002,,107.33223938941956,4.731782913208008
188,0.6784682273864746,,107.88831830024719,4.746722459793091
189,0.6572568416595459,,108.44516205787659,4.761678695678711
190,0.6430683732032776,,109.00142669677734,4.776648044586182
191,0.6507925391197205,,109.5575590133667,4.791590690612793
192,0.6387031674385071,,110.1151876449585,4.806544542312622
193,0.6218968033790588,,110.67226576805115,4.821507692337036
194,0.6233413219451904,,111.22843408584595,4.836465120315552
195,0.6280959248542786,,111.78509187698364,4.851412773132324
196,0.6421263217926025,,112.34145951271057,4.86635947227478
197,0.6740623712539673,,112.89782428741455,4.881336688995361
198,0.659636914730072,,113.4543297290802,4.896285772323608
199,0.6164883971214294,,114.01105976104736,4.911243915557861
200,0.6212154030799866,,114.56715226173401,4.926205396652222
201,0.5941022634506226,,115.12377738952637,4.941154479980469
202,0.5896179676055908,,115.67993879318237,4.956099987030029
203,0.5908726453781128,,116.23674869537354,4.971059560775757
204,0.6320887804031372,,116.79282450675964,4.986018180847168
205,0.6165996193885803,,117.3494348526001,5.000971078872681
206,0.6487462520599365,,117.90546178817749,5.015917539596558
207,0.6401118636131287,,118.4618604183197,5.030879735946655
208,0.6386770606040955,,119.3444607257843,5.04584264755249
209,0.6259425282478333,,119.9013876914978,5.060807943344116
210,0.6495295166969299,,120.45814895629883,5.0757670402526855
211,0.6709736585617065,,121.01465153694153,5.090716361999512
212,0.7107313275337219,,121.57081937789917,5.105680227279663
213,0.7036978602409363,,122.12754273414612,5.120633125305176
214,0.6927403211593628,,122.6840033531189,5.135571718215942
215,0.6972500681877136,,123.2406497001648,5.150531053543091
216,0.6708604693412781,,123.79681706428528,5.165483713150024
217,0.6268803477287292,,124.35327696800232,5.180432319641113
218,0.6463031768798828,,124.9095230102539,5.1953699588775635
219,0.649032473564148,,125.46677613258362,5.2103025913238525
220,0.6393455862998962,,126.02265524864197,5.225270986557007
221,0.6708212494850159,,126.57944703102112,5.240239143371582
222,0.6584857106208801,,127.13554620742798,5.2551963329315186
223,0.6201468110084534,,127.6919777393341,5.270145416259766
224,0.5947760939598083,,128.2483513355255,5.28510046005249
225,0.6267250180244446,,128.80516242980957,5.300070762634277
226,0.6136436462402344,,129.36154532432556,5.31501579284668
227,0.6717471480369568,,129.9182322025299,5.329972982406616
228,0.6610070466995239,,130.47467374801636,5.3449249267578125
229,0.6047456860542297,,131.0312795639038,5.359888315200806
230,0.6338130831718445,,131.5877869129181,5.374844312667847
231,0.6064167022705078,,132.14421391487122,5.389809608459473
232,0.6314526200294495,,132.70047044754028,5.404764890670776
233,0.6135373115539551,,133.25707268714905,5.419710397720337
234,0.6304643154144287,,133.81331491470337,5.434653997421265
235,0.637256920337677,,134.36995720863342,5.449602365493774
236,0.6555055975914001,,134.92638182640076,5.464569568634033
237,0.6686492562294006,,135.48291754722595,5.479517459869385
238,0.672881007194519,,136.03916025161743,5.494473218917847
239,0.6422240138053894,,136.59572196006775,5.5094194412231445
240,0.6292291879653931,,137.1529107093811,5.524375677108765
241,0.6294180154800415,,137.70947694778442,5.5393226146698
242,0.6346868276596069,,138.2656307220459,5.554264307022095
243,0.6885159015655518,,138.8222393989563,5.569218635559082
244,0.7224358320236206,,139.3783473968506,5.584165096282959
245,0.7275546789169312,,139.93482494354248,5.599122762680054
246,0.7152723670005798,,140.49120926856995,5.614065885543823
247,0.7082385420799255,,141.04777908325195,5.629011392593384
248,0.6844460368156433,,141.6038465499878,5.643962860107422
249,0.6751289367675781,,142.1605064868927,5.658915996551514
250,0.6295467615127563,,142.71686625480652,5.6738600730896
251,0.6284388899803162,,143.27362298965454,5.688804388046265
252,0.5758981108665466,,143.82990503311157,5.703756332397461
253,0.6238370537757874,,144.38666129112244,5.718716382980347
254,0.5761240124702454,,144.94382858276367,5.733654499053955
255,0.5759389400482178,,145.50071334838867,5.748600721359253
256,0.6001344919204712,,146.05724120140076,5.7635650634765625
257,0.5643919110298157,,146.6135938167572,5.778526067733765
258,0.5225415229797363,,147.16986966133118,5.793478012084961
259,0.5650644302368164,,147.72640705108643,5.808427572250366
260,0.5280824899673462,,148.60866022109985,5.823369979858398
261,0.5485004782676697,,149.16571474075317,5.8383283615112305
262,0.551291286945343,,149.72166180610657,5.853274822235107
263,0.5173688530921936,,150.27803707122803,5.868219375610352
264,0.5025320649147034,,150.8343150615692,5.883179664611816
265,0.5011887550354004,,151.39100551605225,5.8981382846832275
266,0.5171588063240051,,151.94716691970825,5.913095712661743
267,0.49871179461479187,,152.5038390159607,5.928049087524414
268,0.46909624338150024,,153.06002926826477,5.943003416061401
269,0.46857506036758423,,153.61655807495117,5.957953929901123
270,0.45318275690078735,,154.17276406288147,5.972927570343018
271,0.4752499759197235,,154.72964787483215,5.987865924835205
272,0.4493754208087921,,155.28598856925964,6.002809047698975
273,0.46522456407546997,,155.84260392189026,6.017747163772583
274,0.4805116653442383,,156.39885926246643,6.032702445983887
275,0.4640295207500458,,156.95541787147522,6.04764986038208
276,0.4391527473926544,,157.51151633262634,6.062598466873169
277,0.44203826785087585,,158.06790709495544,6.0775487422943115
278,0.43609005212783813,,158.62435698509216,6.0925047397613525
279,0.4349837601184845,,159.18090915679932,6.107451915740967
280,0.4259570240974426,,159.73718762397766,6.122398853302002
281,0.41811928153038025,,160.2936680316925,6.137364625930786
282,0.41955113410949707,,160.8503794670105,6.152314186096191
283,0.4475732743740082,,161.40683698654175,6.167249441146851
284,0.4577735364437103,,161.9629726409912,6.182196378707886
285,0.46437913179397583,,162.5206003189087,6.197153568267822
286,0.4653090238571167,,163.07684898376465,6.212096452713013
287,0.4586755335330963,,163.63363409042358,6.227032899856567
288,0.4088045060634613,,164.18989872932434,6.2419750690460205
289,0.4527701437473297,,164.746928691864,6.256936550140381
290,0.4402705132961273,,165.30299043655396,6.271893262863159
291,0.46637752652168274,,165.85965299606323,6.286831617355347
292,0.4594228267669678,,166.41586136817932,6.301782608032227
293,0.425605833530426,,166.97226405143738,6.316739559173584
294,0.4064401090145111,,167.52871370315552,6.331692457199097
295,0.4171328544616699,,168.08548617362976,6.346644639968872
296,0.39777517318725586,,168.64161944389343,6.361600160598755
297,0.4246579706668854,,169.19825172424316,6.376553535461426
298,0.42262035608291626,,169.75452399253845,6.391515254974365
299,0.4284643530845642,,170.31122612953186,6.406461954116821
300,0.46787717938423157,,170.86769652366638,6.421411752700806
301,0.4612036645412445,,171.42424845695496,6.436357259750366
302,0.4226469099521637,,171.9803981781006,6.4513161182403564
303,0.38352322578430176,,172.53753304481506,6.466270923614502
304,0.36974573135375977,,173.09455037117004,6.481211185455322
305,0.40848204493522644,,173.6517527103424,6.49619722366333
306,0.38287463784217834,,174.2079758644104,6.511170864105225
307,0.3984232246875763,,174.76488661766052,6.526148080825806
308,0.3831276595592499,,175.32098412513733,6.541094541549683
309,0.3862243890762329,,175.87765884399414,6.556043863296509
310,0.3897998332977295,,176.43392038345337,6.571006774902344
311,0.3991395831108093,,176.99054622650146,6.585946798324585
312,0.40416523814201355,,177.87295842170715,6.600934743881226
313,0.3943803608417511,,178.42954754829407,6.615877866744995
314,0.37168821692466736,,178.98509883880615,6.630826473236084
315,0.40252241492271423,,179.5410749912262,6.645773887634277
316,0.3895357847213745,,180.09667682647705,6.660719871520996
317,0.3766823410987854,,180.65263748168945,6.6756579875946045
318,0.38966912031173706,,181.20847082138062,6.690614223480225
319,0.3729722201824188,,181.76546549797058,6.7055768966674805
320,0.38700854778289795,,182.32115769386292,6.720529556274414
321,0.3759256601333618,,182.87736463546753,6.7354748249053955
322,0.3920341432094574,,183.4334921836853,6.750443935394287
323,0.37210825085639954,,183.9894437789917,6.76539945602417
324,0.39236125349998474,,184.54603505134583,6.780355215072632
325,0.38025516271591187,,185.10219359397888,6.795292377471924
326,0.3971381187438965,,185.65789556503296,6.810261964797974
327,0.40460899472236633,,186.2137360572815,6.825202703475952
328,0.3797147274017334,,186.76931619644165,6.840137243270874
329,0.40002045035362244,,187.32533836364746,6.855095386505127
330,0.4551132023334503,,187.8810019493103,6.870062351226807
331,0.4549351632595062,,188.43698453903198,6.885021686553955
332,0.5065053105354309,,188.9926245212555,6.899957895278931
333,0.4653445780277252,,189.5483160018921,6.9149088859558105
334,0.4654347896575928,,190.10376524925232,6.929871559143066
335,0.5003595948219299,,190.6598355770111,6.9448254108428955
336,0.4966803789138794,,191.21529817581177,6.959794998168945
337,0.5518974661827087,,191.77144813537598,6.9747419357299805
338,0.5128540992736816,,192.32720351219177,6.989683389663696
339,0.5153105854988098,,192.8831250667572,7.004646062850952
340,0.46134325861930847,,193.43855547904968,7.0195934772491455
341,0.45424750447273254,,193.9947907924652,7.034536600112915
342,0.4802877902984619,,194.55028581619263,7.04948616027832
343,0.42838191986083984,,195.1061692237854,7.064431428909302
344,0.4452785849571228,,195.66167497634888,7.079397201538086
345,0.44055941700935364,,196.2180995941162,7.094345569610596
346,0.451862096786499,,196.77358746528625,7.1092939376831055
347,0.46023377776145935,,197.32976579666138,7.124269247055054
348,0.43251776695251465,,197.88516449928284,7.1392199993133545
349,0.3921727240085602,,198.44117188453674,7.1541783809661865
350,0.39852362871170044,,198.99645066261292,7.169139385223389
351,0.47085660696029663,,199.55243158340454,7.1840832233428955
352,0.5622952580451965,,200.10806488990784,7.199033737182617
353,0.5599005818367004,,200.6643044948578,7.213965177536011
354,0.4737224876880646,,201.22108340263367,7.228912591934204
355,0.48256704211235046,,201.77703404426575,7.243847846984863
356,0.4627685248851776,,202.33258199691772,7.2588136196136475
357,0.5829883813858032,,202.88856148719788,7.273770093917847
358,0.6005567312240601,,203.44414901733398,7.288717031478882
359,0.5929779410362244,,204.0009582042694,7.3036744594573975
360,0.5567813515663147,,204.5563838481903,7.318636655807495
361,0.5512794256210327,,205.11267733573914,7.333581209182739
362,0.48934486508369446,,205.6683325767517,7.348524808883667
363,0.45174822211265564,,206.22467231750488,7.363467693328857
364,0.43160176277160645,,207.10637974739075,7.378411054611206
365,0.48822417855262756,,207.66241550445557,7.393369197845459
366,0.47234877943992615,,208.2186131477356,7.408318519592285
367,0.4337172210216522,,208.7746546268463,7.4232707023620605
368,0.428926020860672,,209.33026003837585,7.438216686248779
369,0.4528006315231323,,209.88623356819153,7.453143119812012
370,0.3921249210834503,,210.44209337234497,7.468094110488892
371,0.389753520488739,,210.9982316493988,7.483039140701294
372,0.45302125811576843,,211.55398869514465,7.4979846477508545
373,0.4532398581504822,,212.11005759239197,7.512929677963257
374,0.3944249153137207,,212.66562461853027,7.527852535247803
375,0.41816282272338867,,213.22191643714905,7.542779445648193
376,0.3981025516986847,,213.77746534347534,7.557727336883545
377,0.40218231081962585,,214.3333375453949,7.572695016860962
378,0.38561728596687317,,214.88910841941833,7.5876452922821045
379,0.37256693840026855,,215.4450170993805,7.602584600448608
380,0.40829384326934814,,216.00083112716675,7.617532253265381
381,0.39917975664138794,,216.55709385871887,7.632460355758667
382,0.37451109290122986,,217.112722158432,7.647413730621338
383,0.36524710059165955,,217.66899132728577,7.662346839904785
384,0.38729432225227356,,218.22487902641296,7.67729926109314
385,0.437407910823822,,218.78120303153992,7.692250490188599
386,0.445707231760025,,219.33686470985413,7.707157135009766
387,0.4724273979663849,,219.89332604408264,7.722117185592651
388,0.44541239738464355,,220.44873428344727,7.737059593200684
389,0.3865281641483307,,221.00498247146606,7.751999616622925
390,0.3504519462585449,,221.5606827735901,7.766960859298706
391,0.3878788650035858,,222.11648201942444,7.781896591186523
392,0.3688425123691559,,222.6723508834839,7.796827793121338
393,0.49661633372306824,,223.22833919525146,7.811784029006958
394,0.5162665843963623,,223.7837438583374,7.8267292976379395
395,0.45863571763038635,,224.33989071846008,7.841666221618652
396,0.37290138006210327,,224.89589309692383,7.856599569320679
397,0.41574743390083313,,225.45188307762146,7.871561288833618
398,0.40767034888267517,,226.0076220035553,7.8865063190460205
399,0.3343571126461029,,226.5639271736145,7.901443958282471
400,0.32480645179748535,,227.12000608444214,7.916422128677368
401,0.334078311920166,,227.6761553287506,7.931378602981567
402,0.3342438042163849,,228.23199272155762,7.946322679519653
403,0.3221535384654999,,228.7881805896759,7.961250305175781
404,0.3116949796676636,,229.34382677078247,7.976192474365234
405,0.3197568655014038,,229.89936208724976,7.991142749786377
406,0.3047313392162323,,230.4552149772644,8.006090641021729
407,0.31598085165023804,,231.0112190246582,8.021046876907349
408,0.31160542368888855,,231.56722402572632,8.035981893539429
409,0.3046702444553375,,232.12321090698242,8.050929069519043
410,0.29907217621803284,,232.6789515018463,8.065864562988281
411,0.2825862765312195,,233.23503303527832,8.08080792427063
412,0.28816133737564087,,233.79069137573242,8.095746517181396
413,0.2934086322784424,,234.34653568267822,8.110690116882324
414,0.2977483570575714,,234.90232825279236,8.125656604766846
415,0.2992982864379883,,235.4602997303009,8.140602588653564
416,0.31441888213157654,,236.34217071533203,8.155555725097656
417,0.31513848900794983,,236.89818572998047,8.170504570007324
418,0.31240877509117126,,237.45351243019104,8.18547010421753
419,0.321919322013855,,238.0092101097107,8.200413227081299
420,0.32234689593315125,,238.5648422241211,8.21532654762268
421,0.32034462690353394,,239.12064480781555,8.230278968811035
422,0.32064419984817505,,239.67620873451233,8.245221853256226
423,0.33692479133605957,,240.2323613166809,8.260181188583374
424,0.3252163231372833,,240.78778052330017,8.275126934051514
425,0.3293411433696747,,241.34377336502075,8.290075063705444
426,0.3154985010623932,,241.89942240715027,8.305008888244629
427,0.3331688642501831,,242.45565056800842,8.319960355758667
428,0.33701378107070923,,243.01100826263428,8.334919214248657
429,0.3247191607952118,,243.56743383407593,8.349870204925537
430,0.3272233307361603,,244.12283849716187,8.364825010299683
431,0.32648134231567383,,244.67950105667114,8.3797926902771
432,0.3380899131298065,,245.23603510856628,8.394731044769287
433,0.3338053226470947,,245.79216599464417,8.40967845916748
434,0.323894739151001,,246.3479220867157,8.424640417098999
435,0.32374340295791626,,246.90443181991577,8.43960452079773
436,0.32390302419662476,,247.45991492271423,8.454562425613403
437,0.322264164686203,,248.01572036743164,8.469508171081543
438,0.3270571529865265,,248.57118582725525,8.484444618225098
439,0.326163649559021,,249.1276023387909,8.499388217926025
440,0.343916654586792,,249.68323731422424,8.514338254928589
441,0.3465087413787842,,250.23918318748474,8.529283285140991
442,0.3188464343547821,,250.79489970207214,8.544261932373047
443,0.30944839119911194,,251.35110878944397,8.559196472167969
444,0.32134807109832764,,251.90680313110352,8.57411503791809
445,0.341674268245697,,252.46277046203613,8.589060544967651
446,0.37815797328948975,,253.01863718032837,8.604016065597534
447,0.3856200873851776,,253.57476902008057,8.618968486785889
448,0.39682427048683167,,254.1303951740265,8.63392424583435
449,0.3250334858894348,,254.68654656410217,8.648881196975708
450,0.332552433013916,,255.2428023815155,8.663822174072266
451,0.3084832429885864,,255.79887795448303,8.678775548934937
452,0.3313327431678772,,256.35468459129333,8.69372296333313
453,0.3277015686035156,,256.9106328487396,8.7086763381958
454,0.349134236574173,,257.46610283851624,8.723631143569946
455,0.31103119254112244,,258.02225828170776,8.738581418991089
456,0.2890903353691101,,258.5781044960022,8.753525733947754
457,0.28744491934776306,,259.133975982666,8.76846432685852
458,0.3306575417518616,,259.68966364860535,8.783433675765991
459,0.27627408504486084,,260.2455539703369,8.798389196395874
460,0.28381726145744324,,260.8011634349823,8.813345909118652
461,0.2957443594932556,,261.3571813106537,8.828290462493896
462,0.27224206924438477,,261.9132285118103,8.843221426010132
463,0.2796145975589752,,262.47048115730286,8.858174800872803
464,0.27416563034057617,,263.02612042427063,8.87312650680542
465,0.28768062591552734,,263.5821945667267,8.8880774974823
466,0.28680163621902466,,264.137624502182,8.90302562713623
467,0.28998708724975586,,264.69367146492004,8.917972326278687
468,0.2800348699092865,,265.57525062561035,8.9329195022583
469,0.27801528573036194,,266.13137912750244,8.94786524772644
470,0.29168936610221863,,266.6867640018463,8.962817668914795
471,0.2774760127067566,,267.24315333366394,8.977771043777466
472,0.28929010033607483,,267.798752784729,8.992694854736328
473,0.3060298562049866,,268.35475182533264,9.007631063461304
474,0.26287388801574707,,268.91014790534973,9.022584915161133
475,0.2619611322879791,,269.4660701751709,9.03753399848938
476,0.2593071460723877,,270.0218198299408,9.052472352981567
477,0.27992013096809387,,270.57786440849304,9.067417621612549
478,0.2779163420200348,,271.13359785079956,9.082342624664307
479,0.27546244859695435,,271.6895823478699,9.097317695617676
480,0.28211280703544617,,272.24534344673157,9.11227011680603
481,0.2716400921344757,,272.8023416996002,9.127214670181274
482,0.32813942432403564,,273.35791635513306,9.142174243927002
483,0.27893179655075073,,273.91400480270386,9.157126903533936
484,0.27449098229408264,,274.4698398113251,9.172054052352905
485,0.2780517339706421,,275.02589774131775,9.186996221542358
486,0.28480130434036255,,275.5816442966461,9.201950550079346
487,0.27470484375953674,,276.1381859779358,9.216910123825073
488,0.25761157274246216,,276.69364523887634,9.231853008270264
489,0.283856600522995,,277.2494878768921,9.246813535690308
490,0.26660725474357605,,277.8051583766937,9.261776208877563
491,0.2744743227958679,,278.3612699508667,9.276744604110718
492,0.2704079747200012,,278.9174692630768,9.29170298576355
493,0.25425681471824646,,279.4734561443329,9.306644439697266
494,0.2646156847476959,,280.0289776325226,9.32158613204956
495,0.27603060007095337,,280.5852656364441,9.336530208587646
496,0.25938135385513306,,281.1415469646454,9.35150146484375
497,0.25318366289138794,,281.69752049446106,9.36644959449768
498,0.2527906894683838,,282.2534239292145,9.381398677825928
499,0.25679290294647217,,282.8093719482422,9.396360158920288
500,0.2595391869544983,-0.027685431763529778,283.36521100997925,11.154079914093018
501,0.24883915483951569,,283.9212598800659,11.16903018951416
502,0.24745693802833557,,284.4768269062042,11.183985948562622
503,0.2526944577693939,,285.032776594162,11.19892954826355
504,0.25468000769615173,,285.5882351398468,11.213887214660645
505,0.2506636083126068,,286.14425110816956,11.228843688964844
506,0.25086888670921326,,286.6998908519745,11.2437903881073
507,0.2509968876838684,,287.2562036514282,11.258747339248657
508,0.26665863394737244,,287.81257343292236,11.273711442947388
509,0.27447330951690674,,288.3693537712097,11.28868842124939
510,0.2673768401145935,,288.925062417984,11.303629398345947
511,0.2745673656463623,,289.4810345172882,11.318568229675293
512,0.2551036775112152,,290.0364942550659,11.33350658416748
513,0.257747620344162,,290.5930676460266,11.348456621170044
514,0.2438494712114334,,291.1486406326294,11.363403797149658
515,0.29562312364578247,,291.7048273086548,11.37835168838501
516,0.3398752510547638,,292.26052165031433,11.393300294876099
517,0.33711135387420654,,292.81675148010254,11.408249616622925
518,0.3720071017742157,,293.37247490882874,11.423189163208008
519,0.31049826741218567,,293.92857456207275,11.438127517700195
520,0.2916329503059387,,294.81053853034973,11.453076362609863
521,0.26926615834236145,,295.36705684661865,11.46800971031189
522,0.28506577014923096,,295.92281436920166,11.482959032058716
523,0.26541975140571594,,296.47938776016235,11.497952461242676
524,0.24615754187107086,,297.03485083580017,11.512888193130493
525,0.22746257483959198,,297.5909090042114,11.527827739715576
526,0.2374194711446762,,298.1465108394623,11.542781591415405
527,0.25062161684036255,,298.7026119232178,11.557724714279175
528,0.2364441156387329,,299.25832891464233,11.572669506072998
529,0.22259868681430817,,299.8148281574249,11.587628364562988
530,0.2263154834508896,,300.37030053138733,11.602577924728394
531,0.2269461452960968,,300.92646765708923,11.617515802383423
532,0.22694934904575348,,301.4820485115051,11.63245415687561
533,0.2248782515525818,,302.0380561351776,11.647387027740479
534,0.21896784007549286,,302.59436202049255,11.662338018417358
535,0.22611132264137268,,303.15035581588745,11.677287101745605
536,0.22165560722351074,,303.7058515548706,11.692237615585327
537,0.2179247885942459,,304.26162457466125,11.707170486450195
538,0.23444844782352448,,304.81766963005066,11.722145795822144
539,0.2128424346446991,,305.37367939949036,11.737090110778809
540,0.21388213336467743,,305.9290590286255,11.752025842666626
541,0.22571644186973572,,306.4851191043854,11.766964435577393
542,0.2380506992340088,,307.0407404899597,11.781910181045532
543,0.22951503098011017,,307.5968267917633,11.796870470046997
544,0.43021026253700256,,308.1522252559662,11.81182599067688
545,0.28404688835144043,,308.70806646347046,11.826775074005127
546,0.2733980119228363,,309.2634644508362,11.841727495193481
547,0.25637945532798767,,309.81955909729004,11.85666036605835
548,0.2505573630332947,,310.37529587745667,11.871625661849976
549,0.24085378646850586,,310.9312183856964,11.886568784713745
550,0.24488499760627747,,311.48679399490356,11.901511192321777
551,0.25288480520248413,,312.0429332256317,11.916440486907959
552,0.23057867586612701,,312.5985298156738,11.931376218795776
553,0.23511654138565063,,313.1545059680939,11.946316242218018
554,0.22612681984901428,,313.71022295951843,11.961264371871948
555,0.2238374799489975,,314.2664964199066,11.976218223571777
556,0.21854324638843536,,314.8217761516571,11.991176128387451
557,0.2044522911310196,,315.37785625457764,12.00611162185669
558,0.21548427641391754,,315.9334855079651,12.021076679229736
559,0.2023078054189682,,316.4894301891327,12.036026239395142
560,0.19439972937107086,,317.0449802875519,12.050973653793335
561,0.2005365788936615,,317.60096168518066,12.065937280654907
562,0.19209957122802734,,318.1567645072937,12.080888748168945
563,0.20062856376171112,,318.71297335624695,12.095838785171509
564,0.1908382922410965,,319.2683346271515,12.110789775848389
565,0.18583159148693085,,319.8243443965912,12.125728368759155
566,0.18172600865364075,,320.37988901138306,12.140685558319092
567,0.1946384459733963,,320.9359860420227,12.155641555786133
568,0.19374242424964905,,321.49160170555115,12.170605421066284
569,0.22036631405353546,,322.0477569103241,12.18551754951477
570,0.19275397062301636,,322.6035466194153,12.200483322143555
571,0.20216241478919983,,323.1597936153412,12.21544885635376
572,0.17590270936489105,,324.0416181087494,12.230406999588013
573,0.18876001238822937,,324.5975728034973,12.245354175567627
574,0.18866495788097382,,325.1530771255493,12.26028823852539
575,0.17428500950336456,,325.7093598842621,12.27523922920227
576,0.1781655251979828,,326.2653648853302,12.290180444717407
577,0.17598338425159454,,326.82115030288696,12.305140256881714
578,0.18710215389728546,,327.37670493125916,12.320086240768433
579,0.18214844167232513,,327.93291664123535,12.335020303726196
580,0.16722187399864197,,328.4883589744568,12.349959373474121
581,0.18565358221530914,,329.04443740844727,12.364904403686523
582,0.18502074480056763,,329.60028982162476,12.379851818084717
583,0.18437552452087402,,330.15608191490173,12.39478874206543
584,0.17441247403621674,,330.7115201950073,12.409738779067993
585,0.18600678443908691,,331.26728343963623,12.424682378768921
586,0.2033192217350006,,331.8233630657196,12.43961477279663
587,0.21351298689842224,,332.3793239593506,12.454574584960938
588,0.2084505259990692,,332.9348928928375,12.469511270523071
589,0.1941383332014084,,333.4908392429352,12.484451532363892
590,0.20808649063110352,,334.0460956096649,12.499411344528198
591,0.24068200588226318,,334.60196828842163,12.514328002929688
592,0.23392587900161743,,335.1574637889862,12.52929139137268
593,0.26694050431251526,,335.7133092880249,12.544238090515137
594,0.2569895088672638,,336.26876997947693,12.559188604354858
595,0.2776588797569275,,336.8245749473572,12.57414197921753
596,0.2713705897331238,,337.38044571876526,12.589066743850708
597,0.259733647108078,,337.93688344955444,12.604021787643433
598,0.2679321765899658,,338.49234986305237,12.61896562576294
599,0.2251947969198227,,339.0485908985138,12.633898496627808
600,0.19681595265865326,,339.60398292541504,12.648837089538574
601,0.2122821807861328,,340.1599988937378,12.663800239562988
602,0.19501975178718567,,340.7157464027405,12.678762912750244
603,0.22752119600772858,,341.2718825340271,12.693702459335327
604,0.21125555038452148,,341.8277118206024,12.70864200592041
605,0.20311713218688965,,342.3837003707886,12.723609924316406
606,0.21380828320980072,,342.93967866897583,12.73855185508728
607,0.23392030596733093,,343.4956223964691,12.753506422042847
608,0.24363699555397034,,344.0512046813965,12.768440008163452
609,0.28633517026901245,,344.6070330142975,12.783382177352905
610,0.2869020700454712,,345.16256189346313,12.798333406448364
611,0.36467215418815613,,345.71856904029846,12.813283681869507
612,0.30848923325538635,,346.27408957481384,12.828237533569336
613,0.2972874939441681,,346.83015751838684,12.843178987503052
614,0.3021801710128784,,347.3857316970825,12.858121395111084
615,0.2585875689983368,,347.94174456596375,12.873080253601074
616,0.36154258251190186,,348.4975950717926,12.888015985488892
617,0.3010956943035126,,349.05387449264526,12.90297555923462
618,0.30253687500953674,,349.61025166511536,12.917919158935547
619,0.2645081579685211,,350.1662907600403,12.932863473892212
620,0.289249986410141,,350.7221899032593,12.947821855545044
621,0.3247058391571045,,351.2782578468323,12.962770462036133
622,0.2755768299102783,,351.833792924881,12.977734327316284
623,0.2419067919254303,,352.3897738456726,12.992685794830322
624,0.2783443033695221,,353.2717344760895,13.007634162902832
625,0.31456515192985535,,353.82747197151184,13.022586584091187
626,0.3433930575847626,,354.383095741272,13.037542581558228
627,0.351378858089447,,354.9390618801117,13.052486658096313
628,0.32739877700805664,,355.49447870254517,13.06743597984314
629,0.3374471366405487,,356.05035948753357,13.082388401031494
630,0.3215131461620331,,356.6059293746948,13.097337484359741
631,0.3026658296585083,,357.16188979148865,13.112284421920776
632,0.32251599431037903,,357.7173798084259,13.127225399017334
633,0.33283373713493347,,358.2734522819519,13.142169952392578
634,0.37186720967292786,,358.82916808128357,13.157118558883667
635,0.2741401195526123,,359.38585686683655,13.172081708908081
636,0.24081021547317505,,359.942040681839,13.187041521072388
637,0.22621552646160126,,360.4979844093323,13.201984167098999
638,0.20917189121246338,,361.0535364151001,13.216940641403198
639,0.22525158524513245,,361.6098141670227,13.231891632080078
640,0.22147050499916077,,362.16538643836975,13.246827125549316
641,0.21802671253681183,,362.7215623855591,13.261770725250244
642,0.22207127511501312,,363.277140378952,13.276716232299805
643,0.21125753223896027,,363.83264327049255,13.291672706604004
644,0.2095153033733368,,364.38820576667786,13.306607961654663
645,0.20241035521030426,,364.9443693161011,13.321562767028809
646,0.23487421870231628,,365.50010895729065,13.336513042449951
647,0.2605365514755249,,366.0562105178833,13.351447820663452
648,0.23558372259140015,,366.6119589805603,13.36639952659607
649,0.2671584188938141,,367.1680703163147,13.381375312805176
650,0.2128104716539383,,367.7244598865509,13.396331548690796
651,0.24434426426887512,,368.2808361053467,13.411289930343628
652,0.24714387953281403,,368.8368284702301,13.426241159439087
653,0.2099025398492813,,369.39283323287964,13.44121766090393
654,0.20668569207191467,,369.9487154483795,13.45620346069336
655,0.23265647888183594,,370.5051326751709,13.471138000488281
656,0.21062910556793213,,371.0605866909027,13.486074686050415
657,0.22495296597480774,,371.616596698761,13.501014947891235
658,0.20048891007900238,,372.1719825267792,13.515969038009644
659,0.20386861264705658,,372.72784399986267,13.530908584594727
660,0.2102646380662918,,373.28399777412415,13.545855522155762
661,0.21403804421424866,,373.84005212783813,13.560798645019531
662,0.20509956777095795,,374.39535093307495,13.575752258300781
663,0.21976204216480255,,374.95137882232666,13.590699672698975
664,0.2211095541715622,,375.5070776939392,13.605637788772583
665,0.2018221616744995,,376.06355714797974,13.620595693588257
666,0.19975005090236664,,376.6191442012787,13.63554310798645
667,0.2123887836933136,,377.17513728141785,13.650507926940918
668,0.19219043850898743,,377.7306113243103,13.665460348129272
669,0.19871501624584198,,378.2865171432495,13.680396795272827
670,0.1888718158006668,,378.84201407432556,13.69534182548523
671,0.19712069630622864,,379.39809226989746,13.710287809371948
672,0.19860681891441345,,379.9536509513855,13.725225687026978
673,0.19435492157936096,,380.509859085083,13.740172863006592
674,0.19444596767425537,,381.06554222106934,13.755119323730469
675,0.1933656483888626,,381.62136602401733,13.770064115524292
676,0.1952657848596573,,382.50313329696655,13.784996271133423
677,0.2607281804084778,,383.0589427947998,13.799937963485718
678,0.2761648893356323,,383.6143090724945,13.814895629882812
679,0.2542960047721863,,384.1702411174774,13.829833507537842
680,0.25783106684684753,,384.7257008552551,13.844779014587402
681,0.24831023812294006,,385.28251028060913,13.859753370285034
682,0.2995494306087494,,385.83814430236816,13.874704599380493
683,0.33151358366012573,,386.3946945667267,13.889817237854004
684,0.23538003861904144,,386.953586101532,13.904760837554932
685,0.2318589687347412,,387.5094790458679,13.919694662094116
686,0.21469208598136902,,388.06493759155273,13.934629201889038
687,0.24990016222000122,,388.6211097240448,13.949578046798706
688,0.23504683375358582,,389.1767382621765,13.964526891708374
689,0.2389022260904312,,389.7371754646301,13.979480504989624
690,0.19445128738880157,,390.2926905155182,13.99443531036377
691,0.18454575538635254,,390.8489646911621,14.00938105583191
692,0.19447986781597137,,391.4043860435486,14.024334192276001
693,0.19445312023162842,,391.96027302742004,14.039283752441406
694,0.18378446996212006,,392.51590299606323,14.054217338562012
695,0.2256670743227005,,393.07203578948975,14.069177627563477
696,0.23285119235515594,,393.627379655838,14.084124326705933
697,0.18977856636047363,,394.18396067619324,14.099065780639648
698,0.19358466565608978,,394.73966670036316,14.114010572433472
699,0.19611014425754547,,395.2962384223938,14.12898588180542
700,0.20412737131118774,,395.8520975112915,14.143932819366455
701,0.24223773181438446,,396.40825295448303,14.158885955810547
702,0.18720735609531403,,396.964403629303,14.173831939697266
703,0.1842542141675949,,397.5204346179962,14.188786029815674
704,0.1771884709596634,,398.07621335983276,14.203723192214966
705,0.17225733399391174,,398.6322865486145,14.21868348121643
706,0.1736460030078888,,399.18787479400635,14.2336266040802
707,0.1823892742395401,,399.74406576156616,14.248590469360352
708,0.18614642322063446,,400.29970955848694,14.263546705245972
709,0.18119224905967712,,400.85581374168396,14.278504371643066
710,0.1963941752910614,,401.41141843795776,14.293453931808472
711,0.21639488637447357,,401.9674599170685,14.308402299880981
712,0.18542993068695068,,402.52303099632263,14.323351383209229
713,0.2062230259180069,,403.07911348342896,14.338304281234741
714,0.21933551132678986,,403.63472867012024,14.353244066238403
715,0.19120292365550995,,404.1907424926758,14.36819863319397
716,0.19889402389526367,,404.7462739944458,14.383144617080688
717,0.22378169000148773,,405.3024265766144,14.398086071014404
718,0.2380400002002716,,405.8579432964325,14.41303277015686
719,0.2533741891384125,,406.4139347076416,14.427996397018433
720,0.20195786654949188,,406.9695861339569,14.44296145439148
721,0.21393854916095734,,407.52580070495605,14.457913398742676
722,0.1860252469778061,,408.0814456939697,14.472846508026123
723,0.2255595624446869,,408.6379554271698,14.487786769866943
724,0.26551347970962524,,409.1934540271759,14.502726316452026
725,0.25273972749710083,,409.74951434135437,14.517690420150757
726,0.20714400708675385,,410.30512952804565,14.532628297805786
727,0.21720288693904877,,410.8611526489258,14.547582864761353
728,0.2287484109401703,,411.7428243160248,14.562527894973755
729,0.22200241684913635,,412.298996925354,14.577466487884521
730,0.29004526138305664,,412.85489320755005,14.592429876327515
731,0.22618983685970306,,413.41116428375244,14.60737681388855
732,0.22894228994846344,,413.96689891815186,14.622329950332642
733,0.21357940137386322,,414.52297258377075,14.637288570404053
734,0.21736232936382294,,415.0784764289856,14.652230739593506
735,0.20605486631393433,,415.63420605659485,14.667171001434326
736,0.18766891956329346,,416.1897933483124,14.68212366104126
737,0.21178936958312988,,416.7460401058197,14.697085618972778
738,0.2072429358959198,,417.3016822338104,14.712015390396118
739,0.20913773775100708,,417.8575098514557,14.726964950561523
740,0.287075400352478,,418.41303396224976,14.741925239562988
741,0.2982533872127533,,418.9687764644623,14.756869792938232
742,0.2526257634162903,,419.5243716239929,14.77180528640747
743,0.33234018087387085,,420.0803325176239,14.786760091781616
744,0.31386709213256836,,420.6363453865051,14.80171012878418
745,0.3145206570625305,,421.19258093833923,14.816650390625
746,0.3118438720703125,,421.74810099601746,14.831614017486572
747,0.29226818680763245,,422.3044533729553,14.846573114395142
748,0.23022626340389252,,422.86000657081604,14.861534833908081
749,0.2500613331794739,,423.41627764701843,14.876782894134521
750,0.2931775152683258,,423.9724326133728,14.891725540161133
751,0.3116972744464874,,424.52844285964966,14.906695365905762
752,0.2584628164768219,,425.0838921070099,14.921641826629639
753,0.2318207174539566,,425.639746427536,14.936594486236572
754,0.2111760824918747,,426.19541692733765,14.951552629470825
755,0.21941493451595306,,426.75126361846924,14.966495037078857
756,0.20089024305343628,,427.3068742752075,14.981440544128418
757,0.2350328117609024,,427.86298751831055,14.996394634246826
758,0.21368826925754547,,428.4185953140259,15.011342287063599
759,0.19418273866176605,,428.9745843410492,15.026282548904419
760,0.19900734722614288,,429.5299861431122,15.041245222091675
761,0.18079398572444916,,430.0864591598511,15.056197881698608
762,0.20188267529010773,,430.64221572875977,15.071154594421387
763,0.19456204771995544,,431.19824838638306,15.0861074924469
764,0.19384264945983887,,431.7547814846039,15.101082801818848
765,0.21555662155151367,,432.3114993572235,15.116028785705566
766,0.20611684024333954,,432.86723136901855,15.13096833229065
767,0.2465832531452179,,433.42306542396545,15.14591097831726
768,0.19447557628154755,,433.978581905365,15.160865306854248
769,0.19934818148612976,,434.5343894958496,15.175821542739868
770,0.19236938655376434,,435.08981347084045,15.190759181976318
771,0.19146454334259033,,435.6459197998047,15.205706119537354
772,0.18978863954544067,,436.20125818252563,15.220647811889648
773,0.1821373999118805,,436.7571635246277,15.235588073730469
774,0.18810629844665527,,437.3126618862152,15.250552415847778
775,0.21278096735477448,,437.86838388442993,15.26550030708313
776,0.23242852091789246,,438.4240562915802,15.280460834503174
777,0.26328423619270325,,438.98081827163696,15.295410394668579
778,0.19944033026695251,,439.53660798072815,15.310349225997925
779,0.2636491358280182,,440.09304022789,15.325310707092285
780,0.2902756333351135,,440.97488021850586,15.340266942977905
781,0.2551133632659912,,441.5308647155762,15.355211973190308
782,0.2238544076681137,,442.0865795612335,15.370147228240967
783,0.22033509612083435,,442.6425504684448,15.385103464126587
784,0.21307379007339478,,443.1980381011963,15.400031805038452
785,0.20264771580696106,,443.75390696525574,15.414986371994019
786,0.20657390356063843,,444.3096594810486,15.429926633834839
787,0.19064922630786896,,444.86593437194824,15.444866418838501
788,0.1954275369644165,,445.421480178833,15.45981216430664
789,0.2008972465991974,,445.9774634838104,15.474763631820679
790,0.1988186091184616,,446.53309512138367,15.489712476730347
791,0.19019080698490143,,447.089097738266,15.50464415550232
792,0.20268701016902924,,447.64487981796265,15.519595861434937
793,0.19720743596553802,,448.201220035553,15.53454041481018
794,0.18553157150745392,,448.7567365169525,15.549492835998535
795,0.1998686045408249,,449.3129086494446,15.564460515975952
796,0.2215263396501541,,449.8685681819916,15.57939887046814
797,0.20939983427524567,,450.42454409599304,15.594338655471802
798,0.22679249942302704,,450.98009610176086,15.609277963638306
799,0.1987648904323578,,451.5361416339874,15.624213457107544
800,0.19392997026443481,,452.09170722961426,15.639149904251099
801,0.1783737689256668,,452.6476163864136,15.65408730506897
802,0.1965094804763794,,453.2033426761627,15.66902780532837
803,0.202553853392601,,453.75909209251404,15.683979988098145
804,0.1956298053264618,,454.3146815299988,15.698913812637329
805,0.19974160194396973,,454.87064480781555,15.713875532150269
806,0.18565724790096283,,455.426406621933,15.728830337524414
807,0.20423422753810883,,455.98293232917786,15.74376630783081
808,0.17740347981452942,,456.5383005142212,15.758718490600586
809,0.18140141665935516,,457.09482502937317,15.773671865463257
810,0.1914605051279068,,457.65078020095825,15.788622379302979
811,0.17804743349552155,,458.2068974971771,15.803573369979858
812,0.17568925023078918,,458.7622961997986,15.818516969680786
813,0.18173091113567352,,459.3182566165924,15.833459615707397
814,0.1989595890045166,,459.8738491535187,15.848397254943848
815,0.21877102553844452,,460.430052280426,15.863377094268799
816,0.2335488498210907,,460.985960483551,15.87832236289978
817,0.20996350049972534,,461.5421152114868,15.893261432647705
818,0.192119762301445,,462.09777307510376,15.908225059509277
819,0.1823490858078003,,462.65342450141907,15.923159837722778
820,0.17915600538253784,,463.20916533470154,15.938100814819336
821,0.18420234322547913,,463.7651867866516,15.953044891357422
822,0.17986656725406647,,464.3207778930664,15.96798062324524
823,0.18462781608104706,,464.8767890930176,15.98292350769043
824,0.17413651943206787,,465.4324035644531,15.99787449836731
825,0.17314082384109497,,465.98921489715576,16.012856245040894
826,0.17181266844272614,,466.5450336933136,16.027822732925415
827,0.1851968914270401,,467.10148096084595,16.04277229309082
828,0.17862360179424286,,467.6574990749359,16.057727336883545
829,0.17208519577980042,,468.21365761756897,16.072673797607422
830,0.19739587604999542,,468.76922821998596,16.08762788772583
831,0.2134418785572052,,469.32528352737427,16.102561712265015
832,0.1823432892560959,,470.207093000412,16.117513179779053
833,0.17350764572620392,,470.7632706165314,16.132458209991455
834,0.18553470075130463,,471.3189642429352,16.147408962249756
835,0.16752880811691284,,471.8749132156372,16.16235661506653
836,0.1776273548603058,,472.43081402778625,16.17729115486145
837,0.20301352441310883,,472.9867639541626,16.192240953445435
838,0.18409863114356995,,473.54244017601013,16.20718240737915
839,0.18668346107006073,,474.09861063957214,16.22212839126587
840,0.18803976476192474,,474.65464425086975,16.237066507339478
841,0.18442106246948242,,475.211030960083,16.252014875411987
842,0.1760275661945343,,475.766720533371,16.266967058181763
843,0.16657225787639618,,476.3227381706238,16.281933546066284
844,0.16504670679569244,,476.8781921863556,16.296881437301636
845,0.16243557631969452,,477.43409156799316,16.31185793876648
846,0.17117957770824432,,477.98981642723083,16.32681131362915
847,0.16972339153289795,,478.54581475257874,16.341745615005493
848,0.1603097766637802,,479.1014940738678,16.356691360473633
849,0.16383740305900574,,479.658340215683,16.371636867523193
850,0.15717819333076477,,480.2140221595764,16.38658857345581
851,0.15738601982593536,,480.77010130882263,16.40152382850647
852,0.16723695397377014,,481.32560563087463,16.41647505760193
853,0.16500648856163025,,481.8817162513733,16.4314227104187
854,0.17226821184158325,,482.43687915802,16.446370124816895
855,0.18721292912960052,,482.9931948184967,16.461334466934204
856,0.19144439697265625,,483.54854822158813,16.47627854347229
857,0.17782758176326752,,484.1045320034027,16.49121642112732
858,0.17909373342990875,,484.6602976322174,16.506166219711304
859,0.17386989295482635,,485.21690344810486,16.521119832992554
860,0.17328476905822754,,485.7728650569916,16.536062479019165
861,0.17122188210487366,,486.32903504371643,16.551004886627197
862,0.19918370246887207,,486.88459062576294,16.565953016281128
863,0.20224544405937195,,487.44058322906494,16.580891370773315
864,0.19670185446739197,,487.99626755714417,16.595837354660034
865,0.17431165277957916,,488.552307844162,16.610801219940186
866,0.17839820683002472,,489.10798716545105,16.62574338912964
867,0.1781671643257141,,489.6639256477356,16.6406888961792
868,0.17380046844482422,,490.21964836120605,16.65565538406372
869,0.18042080104351044,,490.7757828235626,16.67060136795044
870,0.1984717845916748,,491.3318359851837,16.68553328514099
871,0.19168445467948914,,491.8878552913666,16.700475215911865
872,0.17441831529140472,,492.4434587955475,16.71544623374939
873,0.17723295092582703,,492.9997627735138,16.730393409729004
874,0.16822338104248047,,493.555468082428,16.745343446731567
875,0.1627834290266037,,494.1117286682129,16.76029133796692
876,0.17158593237400055,,494.6674747467041,16.77523899078369
877,0.18503372371196747,,495.22336864471436,16.790178298950195
878,0.2042573094367981,,495.77900290489197,16.80513048171997
879,0.1928934007883072,,496.33513832092285,16.82008981704712
880,0.20095601677894592,,496.89069843292236,16.835039377212524
881,0.1970108449459076,,497.44686245918274,16.849992036819458
882,0.17375658452510834,,498.00233364105225,16.864932775497437
883,0.1727220118045807,,498.5585124492645,16.87988543510437
884,0.1625705361366272,,499.4401533603668,16.894827365875244
885,0.1601564884185791,,499.9961693286896,16.909770488739014
886,0.16922326385974884,,500.55200266838074,16.924726963043213
887,0.1579001247882843,,501.1080391407013,16.939677715301514
888,0.15837527811527252,,501.6638226509094,16.95461916923523
889,0.1646338254213333,,502.22005891799927,16.969566822052002
890,0.18627679347991943,,502.77686762809753,16.984525442123413
891,0.17744070291519165,,503.33373498916626,16.999464988708496
892,0.16982267796993256,,503.8892958164215,17.014408349990845
893,0.16739864647388458,,504.4454288482666,17.02937626838684
894,0.17244380712509155,,505.00105261802673,17.044318914413452
895,0.17800143361091614,,505.5571882724762,17.059259176254272
896,0.20802746713161469,,506.1128022670746,17.074198484420776
897,0.16894476115703583,,506.6688497066498,17.089162826538086
898,0.17713285982608795,,507.2247633934021,17.104105949401855
899,0.1736936718225479,,507.7805724143982,17.11905026435852
900,0.17830339074134827,,508.3367385864258,17.134010076522827
901,0.1750723123550415,,508.892950296402,17.148941040039062
902,0.17328308522701263,,509.44871830940247,17.16387939453125
903,0.1721501350402832,,510.00480484962463,17.1788272857666
904,0.17100858688354492,,510.5608341693878,17.193769454956055
905,0.1653413325548172,,511.11706733703613,17.208698511123657
906,0.15876543521881104,,511.6733207702637,17.22364854812622
907,0.16007587313652039,,512.2295999526978,17.23859715461731
908,0.15771232545375824,,512.7851271629333,17.253539562225342
909,0.17732226848602295,,513.3413977622986,17.26848530769348
910,0.181909441947937,,513.8971400260925,17.283435344696045
911,0.17384354770183563,,514.453263759613,17.29838228225708
912,0.17976529896259308,,515.0092217922211,17.3133282661438
913,0.18504467606544495,,515.5652329921722,17.32828688621521
914,0.16726316511631012,,516.1208736896515,17.343226432800293
915,0.17938944697380066,,516.6771104335785,17.35817861557007
916,0.17188148200511932,,517.232880115509,17.373128414154053
917,0.1807776689529419,,517.7889676094055,17.38807463645935
918,0.17340098321437836,,518.3445813655853,17.403016090393066
919,0.16274279356002808,,518.9006760120392,17.417962312698364
920,0.17649468779563904,,519.4567341804504,17.432902574539185
921,0.16633352637290955,,520.0126411914825,17.44784188270569
922,0.1717570722103119,,520.5682690143585,17.462790727615356
923,0.17475895583629608,,521.1240925788879,17.477757453918457
924,0.1757262796163559,,521.6800560951233,17.492698431015015
925,0.17545907199382782,,522.2363722324371,17.5076322555542
926,0.1718486100435257,,522.7920608520508,17.522560596466064
927,0.19588865339756012,,523.3482458591461,17.53750205039978
928,0.1753217577934265,,523.9037578105927,17.552441835403442
929,0.16457852721214294,,524.4597444534302,17.567395448684692
930,0.1715722531080246,,525.0153255462646,17.582342386245728
931,0.16013488173484802,,525.5716722011566,17.5972900390625
932,0.16302786767482758,,526.1271743774414,17.612252235412598
933,0.15906104445457458,,526.6836071014404,17.627198696136475
934,0.15385191142559052,,527.2392609119415,17.642141580581665
935,0.1579437553882599,,527.7953383922577,17.657089233398438
936,0.1708725541830063,,528.6776213645935,17.672046661376953
937,0.16388379037380219,,529.2344083786011,17.686997175216675
938,0.16566619277000427,,529.790342092514,17.7019362449646
939,0.15373386442661285,,530.3464748859406,17.716882944107056
940,0.1742510050535202,,530.9021229743958,17.73184084892273
941,0.18085084855556488,,531.4582901000977,17.74679660797119
942,0.20695804059505463,,532.0143280029297,17.76174783706665
943,0.1812823861837387,,532.5703566074371,17.776689291000366
944,0.18563373386859894,,533.1262488365173,17.79163694381714
945,0.1673429310321808,,533.6823816299438,17.80657982826233
946,0.196671724319458,,534.2382686138153,17.821516275405884
947,0.18692991137504578,,534.7945263385773,17.83646249771118
948,0.21555258333683014,,535.3500876426697,17.85140609741211
949,0.2103378176689148,,535.9061322212219,17.866347551345825
950,0.21512959897518158,,536.4616844654083,17.88128685951233
951,0.226898655295372,,537.0176248550415,17.896225452423096
952,0.21501290798187256,,537.5740435123444,17.911174058914185
953,0.2483876645565033,,538.130270242691,17.926137685775757
954,0.21200798451900482,,538.6865348815918,17.941086769104004
955,0.18632914125919342,,539.242537021637,17.956035375595093
956,0.1739148646593094,,539.7982685565948,17.970977783203125
957,0.16984128952026367,,540.3544571399689,17.985926389694214
958,0.17819735407829285,,540.9100756645203,18.0008602142334
959,0.17821075022220612,,541.4660930633545,18.01580810546875
960,0.16797778010368347,,542.0218653678894,18.030751943588257
961,0.17076362669467926,,542.5778572559357,18.045700550079346
962,0.17371462285518646,,543.1333394050598,18.0606529712677
963,0.1743452101945877,,543.689240694046,18.075600147247314
964,0.17649772763252258,,544.244918346405,18.090571641921997
965,0.17186181247234344,,544.800891160965,18.10551929473877
966,0.1791069507598877,,545.3567025661469,18.120455026626587
967,0.1907169222831726,,545.9126269817352,18.135406494140625
968,0.16600477695465088,,546.4687883853912,18.150365114212036
969,0.16065619885921478,,547.0251188278198,18.165308952331543
970,0.1781216412782669,,547.5809998512268,18.18024516105652
971,0.1693325787782669,,548.1368918418884,18.195195198059082
972,0.17687533795833588,,548.6925299167633,18.210139513015747
973,0.17211537063121796,,549.2487051486969,18.225078105926514
974,0.16611310839653015,,549.8043916225433,18.240026235580444
975,0.17776954174041748,,550.3606889247894,18.254961729049683
976,0.16915126144886017,,550.9165234565735,18.269917488098145
977,0.1627441644668579,,551.4725546836853,18.284865617752075
978,0.17030373215675354,,552.0279722213745,18.29982280731201
979,0.1670653074979782,,552.5840322971344,18.314769983291626
980,0.16846336424350739,,553.1395444869995,18.32971477508545
981,0.19808398187160492,,553.6954922676086,18.34468984603882
982,0.18837827444076538,,554.25110912323,18.35964322090149
983,0.21223676204681396,,554.8069927692413,18.374591827392578
984,0.21789120137691498,,555.3628351688385,18.389557123184204
985,0.20720432698726654,,555.9187805652618,18.404495000839233
986,0.1601734310388565,,556.4744899272919,18.419471263885498
987,0.16704542934894562,,557.0308573246002,18.43441891670227
988,0.18648265302181244,,557.9126443862915,18.44936728477478
989,0.1816585212945938,,558.4688537120819,18.464308261871338
990,0.15509265661239624,,559.0242965221405,18.479241847991943
991,0.15940909087657928,,559.5803532600403,18.494194984436035
992,0.1688917577266693,,560.135871887207,18.509138584136963
993,0.1723196804523468,,560.6920952796936,18.524080514907837
994,0.1787843257188797,,561.247701883316,18.539026021957397
995,0.183095782995224,,561.8038234710693,18.553985357284546
996,0.1656465083360672,,562.3598666191101,18.56893754005432
997,0.16772158443927765,,562.9159090518951,18.583881855010986
998,0.20662271976470947,,563.4717962741852,18.59882879257202
999,0.1585829108953476,,564.0280227661133,18.613770008087158
1000,0.24417546391487122,-0.010182870551943779,564.5841846466064,20.371272563934326
1001,0.21625283360481262,,565.140127658844,20.386212587356567
1002,0.19905738532543182,,565.6958968639374,20.401152849197388
1003,0.18181023001670837,,566.2521774768829,20.416112661361694
1004,0.17940783500671387,,566.8077487945557,20.43105912208557
1005,0.17978180944919586,,567.3641505241394,20.445996522903442
1006,0.1948288232088089,,567.9193024635315,20.46094036102295
1007,0.21916256844997406,,568.4754421710968,20.475881814956665
1008,0.1905762255191803,,569.0310206413269,20.490816116333008
1009,0.18513332307338715,,569.5873861312866,20.505768299102783
1010,0.19148747622966766,,570.1429727077484,20.520718574523926
1011,0.1794186383485794,,570.6989097595215,20.535653352737427
1012,0.18746724724769592,,571.2547419071198,20.550591230392456
1013,0.18873102962970734,,571.8106827735901,20.565747499465942
1014,0.17395713925361633,,572.3671472072601,20.580684185028076
1015,0.2471097707748413,,572.923136472702,20.595629453659058
1016,0.2357795089483261,,573.4789302349091,20.61057186126709
1017,0.2237057089805603,,574.0353362560272,20.62554144859314
1018,0.19383785128593445,,574.5911231040955,20.64048933982849
1019,0.19050942361354828,,575.1470510959625,20.655434131622314
1020,0.20436373353004456,,575.7026853561401,20.6703999042511
1021,0.17928138375282288,,576.2586905956268,20.685354232788086
1022,0.1738867163658142,,576.8142430782318,20.700295448303223
1023,0.17215070128440857,,577.3702673912048,20.715246200561523
1024,0.18198135495185852,,577.9260847568512,20.730204820632935
1025,0.18204352259635925,,578.4822721481323,20.74516010284424
1026,0.16926276683807373,,579.0378806591034,20.760114431381226
1027,0.1705070585012436,,579.5938529968262,20.775059938430786
1028,0.18291793763637543,,580.1497204303741,20.789995908737183
1029,0.20923252403736115,,580.7059335708618,20.80493974685669
1030,0.17988307774066925,,581.2624251842499,20.81992220878601
1031,0.16055680811405182,,581.8182134628296,20.834882974624634
1032,0.16925650835037231,,582.373984336853,20.849822759628296
1033,0.16844715178012848,,582.9300503730774,20.864760875701904
1034,0.197416752576828,,583.4859368801117,20.87969160079956
1035,0.1816146820783615,,584.0419085025787,20.894654989242554
1036,0.17752481997013092,,584.5974266529083,20.909607648849487
1037,0.18085215985774994,,585.153440952301,20.924548864364624
1038,0.18506602942943573,,585.709780216217,20.939485549926758
1039,0.19490887224674225,,586.2659502029419,20.95443558692932
1040,0.18755701184272766,,587.1478736400604,20.969386100769043
1041,0.19034196436405182,,587.7039523124695,20.98433756828308
1042,0.1669589728116989,,588.2594377994537,20.999269008636475
1043,0.17360824346542358,,588.8157999515533,21.014233827590942
1044,0.1978178769350052,,589.3712201118469,21.029186725616455
1045,0.16431275010108948,,589.9273264408112,21.04413390159607
1046,0.16079406440258026,,590.4831078052521,21.059083938598633
1047,0.1537744700908661,,591.0393440723419,21.074020862579346
1048,0.16905604302883148,,591.5950789451599,21.088971853256226
1049,0.17924143373966217,,592.1512026786804,21.103928804397583
1050,0.16761286556720734,,592.7070105075836,21.118861198425293
1051,0.19195087254047394,,593.262998342514,21.133820056915283
1052,0.2131475955247879,,593.8187091350555,21.148776054382324
1053,0.2641032040119171,,594.3748030662537,21.163737535476685
1054,0.16729627549648285,,594.9304547309875,21.178702354431152
1055,0.17069011926651,,595.4864354133606,21.193645238876343
1056,0.1686195284128189,,596.0420405864716,21.208595514297485
1057,0.18777024745941162,,596.5982463359833,21.223543405532837
1058,0.16624511778354645,,597.1538832187653,21.238481521606445
1059,0.17329399287700653,,597.7103385925293,21.253411531448364
1060,0.2185785174369812,,598.2668659687042,21.268367528915405
1061,0.20298588275909424,,598.8233985900879,21.28334903717041
1062,0.18914949893951416,,599.3791098594666,21.298306941986084
1063,0.1689438819885254,,599.935286283493,21.313263177871704
1064,0.17710839211940765,,600.4909358024597,21.328233003616333
1065,0.19753210246562958,,601.0469133853912,21.34317374229431
1066,0.21381507813930511,,601.6025652885437,21.35811185836792
1067,0.2510494291782379,,602.1587402820587,21.37306261062622
1068,0.2571638524532318,,602.7143368721008,21.388022422790527
1069,0.2563648819923401,,603.2705380916595,21.402963161468506
1070,0.18859697878360748,,603.8262641429901,21.41791272163391
1071,0.2017633020877838,,604.3825583457947,21.432864665985107
1072,0.21271926164627075,,604.9380915164948,21.44780707359314
1073,0.2627129852771759,,605.4943804740906,21.462748050689697
1074,0.3527153432369232,,606.0498716831207,21.477998971939087
1075,0.3221454620361328,,606.6069147586823,21.492951154708862
1076,0.2867799997329712,,607.1625723838806,21.507898807525635
1077,0.2889189124107361,,607.7188835144043,21.522855043411255
1078,0.35280829668045044,,608.2748765945435,21.53780961036682
1079,0.3718007206916809,,608.8311367034912,21.552745819091797
1080,0.3261047899723053,,609.3871762752533,21.56769895553589
1081,0.23626218736171722,,609.9432563781738,21.582669734954834
1082,0.3002482056617737,,610.4988796710968,21.597604990005493
1083,0.34556806087493896,,611.054883480072,21.612547874450684
1084,0.3201647400856018,,611.6105353832245,21.627504348754883
1085,0.34604763984680176,,612.16632771492,21.642457485198975
1086,0.3409629166126251,,612.7221345901489,21.657403707504272
1087,0.2456376850605011,,613.2781400680542,21.672344207763672
1088,0.24376623332500458,,613.8336448669434,21.68729543685913
1089,0.21926063299179077,,614.3899698257446,21.702245473861694
1090,0.21748661994934082,,614.945549249649,21.717196702957153
1091,0.26368337869644165,,615.5015821456909,21.732131481170654
1092,0.25595012307167053,,616.3832929134369,21.747069597244263
1093,0.24037809669971466,,616.9395799636841,21.762031316757202
1094,0.17902041971683502,,617.4956181049347,21.77696943283081
1095,0.20717684924602509,,618.051629781723,21.79192304611206
1096,0.17027398943901062,,618.6071429252625,21.80687117576599
1097,0.15593133866786957,,619.163364648819,21.82182812690735
1098,0.14801818132400513,,619.718906879425,21.83676767349243
1099,0.14808747172355652,,620.2749445438385,21.851703643798828
1100,0.16319343447685242,,620.8305807113647,21.866639852523804
1101,0.15572680532932281,,621.3869476318359,21.881599187850952
1102,0.1453043818473816,,621.9426372051239,21.89655828475952
1103,0.1458352953195572,,622.4986476898193,21.911503791809082
1104,0.13613320887088776,,623.054190158844,21.926445722579956
1105,0.14412683248519897,,623.6103537082672,21.941396951675415
1106,0.1450817883014679,,624.1660861968994,21.95636510848999
1107,0.17504684627056122,,624.7220211029053,21.971302270889282
1108,0.17761842906475067,,625.277765750885,21.986247777938843
1109,0.19108238816261292,,625.8339786529541,22.001211881637573
1110,0.1868342012166977,,626.3904974460602,22.016148328781128
1111,0.190754234790802,,626.9468924999237,22.031100034713745
1112,0.17220616340637207,,627.502299785614,22.046038389205933
1113,0.1732952892780304,,628.0584273338318,22.0609872341156
1114,0.16710084676742554,,628.614105463028,22.075947999954224
1115,0.14121146500110626,,629.1704921722412,22.090884685516357
1116,0.13621006906032562,,629.726145029068,22.105828285217285
1117,0.13151146471500397,,630.2822620868683,22.120779752731323
1118,0.1251884549856186,,630.8379554748535,22.135717630386353
1119,0.12634612619876862,,631.393951177597,22.150656938552856
1120,0.1343841701745987,,631.9496960639954,22.16559410095215
1121,0.1327207088470459,,632.5055539608002,22.18053698539734
1122,0.12782692909240723,,633.0618114471436,22.195483446121216
1123,0.13766519725322723,,633.6180510520935,22.210428953170776
1124,0.13692021369934082,,634.1737039089203,22.225366592407227
1125,0.12288787215948105,,634.7298650741577,22.240301847457886
1126,0.1277143508195877,,635.2858400344849,22.255236387252808
1127,0.13100388646125793,,635.8420305252075,22.270172595977783
1128,0.12262973189353943,,636.3974022865295,22.285121202468872
1129,0.11741858720779419,,636.9534821510315,22.300068616867065
1130,0.11267084628343582,,637.5092203617096,22.315009355545044
1131,0.12273525446653366,,638.065247297287,22.329960823059082
1132,0.1231832429766655,,638.6207165718079,22.344907999038696
1133,0.12512527406215668,,639.1768960952759,22.359849452972412
1134,0.11540710180997849,,639.7324275970459,22.374789476394653
1135,0.11384202539920807,,640.2886202335358,22.389728546142578
1136,0.11110974103212357,,640.8438110351562,22.4046688079834
1137,0.12095928937196732,,641.4003033638,22.41961646080017
1138,0.12043309211730957,,641.9561336040497,22.43455696105957
1139,0.11801886558532715,,642.5122759342194,22.449519872665405
1140,0.12586480379104614,,643.0683379173279,22.46445941925049
1141,0.11758265644311905,,643.6248443126678,22.479422569274902
1142,0.12271202355623245,,644.181069612503,22.49436855316162
1143,0.12001317739486694,,644.7376229763031,22.509302854537964
1144,0.11465229839086533,,645.6192140579224,22.524245500564575
1145,0.13432428240776062,,646.1753921508789,22.53920316696167
1146,0.12911951541900635,,646.7311766147614,22.55415987968445
1147,0.12106490135192871,,647.2869219779968,22.569108724594116
1148,0.11813829839229584,,647.8428103923798,22.584042072296143
1149,0.1132846400141716,,648.3989279270172,22.598984718322754
1150,0.11576277017593384,,648.954690694809,22.613943338394165
1151,0.11943590641021729,,649.5109736919403,22.628892183303833
1152,0.11232410371303558,,650.0665280818939,22.643846035003662
1153,0.1140243411064148,,650.6227235794067,22.65879464149475
1154,0.1311592161655426,,651.1784551143646,22.673734188079834
1155,0.12872064113616943,,651.7354793548584,22.68868112564087
1156,0.13643556833267212,,652.29110455513,22.703617334365845
1157,0.11441771686077118,,652.8481433391571,22.71855139732361
1158,0.11769106239080429,,653.4037878513336,22.733495235443115
1159,0.11746706813573837,,653.9598791599274,22.74843668937683
1160,0.1195649579167366,,654.5154786109924,22.763402223587036
1161,0.13349634408950806,,655.0714409351349,22.778341054916382
1162,0.13940899074077606,,655.6267287731171,22.793312072753906
1163,0.12711648643016815,,656.1827530860901,22.808247566223145
1164,0.15090297162532806,,656.7386267185211,22.823193073272705
1165,0.12467127293348312,,657.2945306301117,22.838131427764893
1166,0.14557525515556335,,657.8504412174225,22.853069305419922
1167,0.1335618942975998,,658.4065470695496,22.868016719818115
1168,0.1425924301147461,,658.9620022773743,22.882951021194458
1169,0.13508209586143494,,659.5183439254761,22.897897481918335
1170,0.14542965590953827,,660.0739560127258,22.912858963012695
1171,0.1516313999891281,,660.6303350925446,22.927804946899414
1172,0.13317614793777466,,661.1860773563385,22.942748069763184
1173,0.1359177678823471,,661.7421307563782,22.9576997756958
1174,0.1422995626926422,,662.2979874610901,22.972644329071045
1175,0.1313505321741104,,662.8543093204498,22.98759412765503
1176,0.12808571755886078,,663.4099013805389,23.00253176689148
1177,0.11821820586919785,,663.9659743309021,23.017491340637207
1178,0.12089848518371582,,664.5217704772949,23.032435178756714
1179,0.12697891891002655,,665.0779693126678,23.04739260673523
1180,0.16406835615634918,,665.6336014270782,23.0623517036438
1181,0.15431326627731323,,666.1895735263824,23.077299118041992
1182,0.20039363205432892,,666.7452051639557,23.092252492904663
1183,0.22885163128376007,,667.3012266159058,23.10720705986023
1184,0.16091391444206238,,667.8569095134735,23.122153282165527
1185,0.19263525307178497,,668.413325548172,23.137099742889404
1186,0.21191664040088654,,668.9690070152283,23.152043342590332
1187,0.21066050231456757,,669.5254950523376,23.166993618011475
1188,0.17658059298992157,,670.0814542770386,23.181930541992188
1189,0.12768830358982086,,670.6380472183228,23.196882724761963
1190,0.11927381157875061,,671.1939563751221,23.211841821670532
1191,0.12611867487430573,,671.7499942779541,23.226799964904785
1192,0.13423168659210205,,672.30548787117,23.241758584976196
1193,0.13208986818790436,,672.8614709377289,23.256704807281494
1194,0.14620110392570496,,673.4174559116364,23.27166509628296
1195,0.1382293999195099,,673.9735267162323,23.28660273551941
1196,0.17945930361747742,,674.8553493022919,23.301551818847656
1197,0.13317644596099854,,675.4116423130035,23.316507816314697
1198,0.1928296834230423,,675.9673926830292,23.331461906433105
1199,0.2364620715379715,,676.5234236717224,23.346404552459717
1200,0.16464541852474213,,677.0792281627655,23.36134910583496
1201,0.21199911832809448,,677.635392665863,23.376317501068115
1202,0.15452541410923004,,678.1912980079651,23.391258716583252
1203,0.1791827380657196,,678.7479438781738,23.406221628189087
1204,0.16791941225528717,,679.3039515018463,23.421183347702026
1205,0.1945105791091919,,679.8601474761963,23.436118364334106
1206,0.15304267406463623,,680.4160921573639,23.45107078552246
1207,0.16447703540325165,,680.9722874164581,23.46601629257202
1208,0.12286216765642166,,681.5280723571777,23.48097276687622
1209,0.15505461394786835,,682.0842001438141,23.49592423439026
1210,0.14455845952033997,,682.6398437023163,23.510869026184082
1211,0.12761691212654114,,683.1960363388062,23.525831937789917
1212,0.11729354411363602,,683.7518696784973,23.54078221321106
1213,0.12283379584550858,,684.3078873157501,23.555724382400513
1214,0.13110795617103577,,684.8635892868042,23.570664405822754
1215,0.11134950816631317,,685.4199583530426,23.58560276031494
1216,0.10749697685241699,,685.9756488800049,23.600545644760132
1217,0.10725655406713486,,686.531848192215,23.6154842376709
1218,0.11056622117757797,,687.0875749588013,23.630427598953247
1219,0.11366020143032074,,687.6438641548157,23.645381927490234
1220,0.10557365417480469,,688.1998386383057,23.660334825515747
1221,0.12058007717132568,,688.7563338279724,23.675286054611206
1222,0.13884033262729645,,689.3119633197784,23.690225839614868
1223,0.1702824980020523,,689.8680100440979,23.70517110824585
1224,0.12109968066215515,,690.4238555431366,23.720109462738037
1225,0.12751787900924683,,690.9799065589905,23.735039949417114
1226,0.11951106041669846,,691.5354685783386,23.749979972839355
1227,0.12330441176891327,,692.0919470787048,23.76493000984192
1228,0.135299950838089,,692.6475961208344,23.77990174293518
1229,0.11822077631950378,,693.2038860321045,23.79484486579895
1230,0.1146802008152008,,693.7594861984253,23.809796810150146
1231,0.20905108749866486,,694.3156795501709,23.82476234436035
1232,0.14951549470424652,,694.8712847232819,23.839707851409912
1233,0.11363466084003448,,695.4275531768799,23.854661464691162
1234,0.11535817384719849,,695.983122587204,23.86960458755493
1235,0.1108240932226181,,696.5392682552338,23.8845636844635
1236,0.12404641509056091,,697.0949029922485,23.899506092071533
1237,0.13330747187137604,,697.6512014865875,23.914446592330933
1238,0.1422528624534607,,698.2067337036133,23.92940330505371
1239,0.1110871359705925,,698.7629387378693,23.944356203079224
1240,0.11486601829528809,,699.3184194564819,23.959299564361572
1241,0.11552223563194275,,699.8747425079346,23.974246978759766
1242,0.11947944760322571,,700.4303748607635,23.989182710647583
1243,0.11750941723585129,,700.9866020679474,24.004122734069824
1244,0.11632047593593597,,701.5422251224518,24.01905608177185
1245,0.11579673737287521,,702.0985455513,24.034000873565674
1246,0.1207699328660965,,702.6542658805847,24.048941612243652
1247,0.11288127303123474,,703.2106599807739,24.063873529434204
1248,0.10638934373855591,,704.0927152633667,24.0788254737854
1249,0.13505208492279053,,704.648848772049,24.09380555152893
1250,0.12406795471906662,,705.20463347435,24.108744621276855
1251,0.1169385313987732,,705.7609255313873,24.123695611953735
1252,0.10305476933717728,,706.3167119026184,24.138652324676514
1253,0.14518600702285767,,706.8729135990143,24.153602361679077
1254,0.13238199055194855,,707.4284114837646,24.168535232543945
1255,0.12087864428758621,,707.9846169948578,24.183478355407715
1256,0.1284017413854599,,708.5404889583588,24.198434114456177
1257,0.12481965124607086,,709.0965926647186,24.213398933410645
1258,0.12846440076828003,,709.6522307395935,24.22834014892578
1259,0.1400274634361267,,710.20845246315,24.24329447746277
1260,0.1309228539466858,,710.7641847133636,24.258247137069702
1261,0.13170143961906433,,711.320262670517,24.273191928863525
1262,0.10634421557188034,,711.8756935596466,24.288137912750244
1263,0.10584859549999237,,712.4314723014832,24.30308246612549
1264,0.11062916368246078,,712.9871306419373,24.31803011894226
1265,0.13032683730125427,,713.5427927970886,24.332968711853027
1266,0.11434906721115112,,714.0984470844269,24.34794330596924
1267,0.10606471449136734,,714.6549370288849,24.36288547515869
1268,0.11184655874967575,,715.2108073234558,24.377853393554688
1269,0.11235634982585907,,715.767920255661,24.392822265625
1270,0.11666055768728256,,716.3238129615784,24.407773971557617
1271,0.1128571480512619,,716.8799588680267,24.422720909118652
1272,0.11815551668405533,,717.435521364212,24.437665939331055
1273,0.1286057084798813,,717.9915297031403,24.452600479125977
1274,0.10949490964412689,,718.5472767353058,24.46754741668701
1275,0.09998965263366699,,719.1032581329346,24.482499361038208
1276,0.10534416139125824,,719.6631548404694,24.497443199157715
1277,0.11172022670507431,,720.2191565036774,24.512388706207275
1278,0.11062920093536377,,720.7748289108276,24.52732801437378
1279,0.10954880714416504,,721.330911397934,24.542289972305298
1280,0.10228412598371506,,721.8864579200745,24.55722188949585
1281,0.10165518522262573,,722.4425685405731,24.572160005569458
1282,0.10375155508518219,,722.9984610080719,24.587119817733765
1283,0.10203299671411514,,723.5554139614105,24.602065563201904
1284,0.10299883782863617,,724.111471414566,24.617010831832886
1285,0.10814931988716125,,724.6675636768341,24.631951093673706
1286,0.10645735263824463,,725.2232208251953,24.64692258834839
1287,0.09882350265979767,,725.7791607379913,24.66187834739685
1288,0.09936337918043137,,726.3349480628967,24.676815509796143
1289,0.11008669435977936,,726.8908107280731,24.69176983833313
1290,0.13485954701900482,,727.4470403194427,24.706711769104004
1291,0.12084675580263138,,728.0032761096954,24.721660375595093
1292,0.14845137298107147,,728.5590388774872,24.736602306365967
1293,0.10445250570774078,,729.1149485111237,24.751555919647217
1294,0.107566699385643,,729.670681476593,24.766500234603882
1295,0.10546931624412537,,730.2267673015594,24.781443119049072
1296,0.11070428043603897,,730.7824943065643,24.796406507492065
1297,0.13055503368377686,,731.3384394645691,24.811344861984253
1298,0.0991247296333313,,731.8946299552917,24.826300144195557
1299,0.10105195641517639,,732.4508640766144,24.841248750686646
1300,0.10289070755243301,,733.3328037261963,24.856196403503418
1301,0.10823135823011398,,733.8889298439026,24.871138095855713
1302,0.10692334175109863,,734.4445023536682,24.88607668876648
1303,0.0952824279665947,,735.0005700588226,24.901037216186523
1304,0.09676621109247208,,735.5563843250275,24.91597604751587
1305,0.10154694318771362,,736.1126797199249,24.93091320991516
1306,0.09757302701473236,,736.6683173179626,24.945852756500244
1307,0.0982280820608139,,737.2243640422821,24.960830688476562
1308,0.09871932864189148,,737.7801895141602,24.975768566131592
1309,0.0970853716135025,,738.3361704349518,24.9906964302063
1310,0.09351480007171631,,738.8917942047119,25.005637168884277
1311,0.09730146825313568,,739.4484634399414,25.020586252212524
1312,0.09881448745727539,,740.0038678646088,25.03571105003357
1313,0.1163748949766159,,740.5601544380188,25.05065393447876
1314,0.09605245292186737,,741.1163153648376,25.065614700317383
1315,0.11158658564090729,,741.672979593277,25.08056116104126
1316,0.10320626944303513,,742.2294743061066,25.095516204833984
1317,0.10418368130922318,,742.7856833934784,25.110471963882446
1318,0.09811830520629883,,743.3413679599762,25.125420093536377
1319,0.09625208377838135,,743.8974001407623,25.14036798477173
1320,0.09538407623767853,,744.453132390976,25.155324697494507
1321,0.09239830821752548,,745.0093524456024,25.170278787612915
1322,0.08954785764217377,,745.5650026798248,25.185219526290894
1323,0.14530570805072784,,746.1211853027344,25.20017409324646
1324,0.1012820303440094,,746.6768519878387,25.215142011642456
1325,0.09978639334440231,,747.2331037521362,25.230095148086548
1326,0.1001327782869339,,747.7886991500854,25.24503469467163
1327,0.09572009742259979,,748.3448920249939,25.259997129440308
1328,0.09404096007347107,,748.9004714488983,25.274956703186035
1329,0.09545968472957611,,749.4569270610809,25.289899110794067
1330,0.09339264035224915,,750.013388633728,25.304859399795532
1331,0.09545189142227173,,750.5694272518158,25.319814682006836
1332,0.11511661857366562,,751.1260285377502,25.33476424217224
1333,0.1025092825293541,,751.6821355819702,25.34969687461853
1334,0.0993640124797821,,752.2377321720123,25.36464023590088
1335,0.10726777464151382,,752.7936737537384,25.379589557647705
1336,0.10454224795103073,,753.3494353294373,25.394529581069946
1337,0.10840260237455368,,753.9057097434998,25.409501314163208
1338,0.10555777698755264,,754.4612739086151,25.424436569213867
1339,0.1047244668006897,,755.0176930427551,25.439374446868896
1340,0.09422159940004349,,755.5735666751862,25.454317092895508
1341,0.0925440788269043,,756.1295459270477,25.469265937805176
1342,0.0939628854393959,,756.6852276325226,25.484222650527954
1343,0.09490939974784851,,757.2413113117218,25.499166011810303
1344,0.09584997594356537,,757.7969257831573,25.514151096343994
1345,0.10063105076551437,,758.352926492691,25.52910327911377
1346,0.11097431927919388,,758.9088070392609,25.544044256210327
1347,0.09008298814296722,,759.4649221897125,25.559011697769165
1348,0.08978576958179474,,760.0208649635315,25.573970079421997
1349,0.08984976261854172,,760.577241897583,25.588914394378662
1350,0.09409094601869583,,761.1331033706665,25.603872776031494
1351,0.08816350996494293,,761.6894764900208,25.618828296661377
1352,0.1213531419634819,,762.5713410377502,25.633782625198364
1353,0.10423548519611359,,763.1280374526978,25.64873456954956
1354,0.09306323528289795,,763.6837000846863,25.663678646087646
1355,0.0978226587176323,,764.23970246315,25.67866015434265
1356,0.10158485919237137,,764.7952499389648,25.693601608276367
1357,0.09731040149927139,,765.3514053821564,25.7085542678833
1358,0.09360573440790176,,765.9071815013885,25.72351360321045
1359,0.0938531830906868,,766.4634292125702,25.73845100402832
1360,0.09733735024929047,,767.0191957950592,25.753392934799194
1361,0.10079845786094666,,767.5753345489502,25.76834273338318
1362,0.09213913977146149,,768.1311542987823,25.78327751159668
1363,0.09545256942510605,,768.6871135234833,25.798213958740234
1364,0.09107668697834015,,769.2436172962189,25.813167810440063
1365,0.09446119517087936,,769.7995510101318,25.82813000679016
1366,0.10350455343723297,,770.355437040329,25.84308624267578
1367,0.1007893830537796,,770.9116222858429,25.858011722564697
1368,0.10294640064239502,,771.4672179222107,25.872973203659058
1369,0.09435445070266724,,772.0233602523804,25.887924671173096
1370,0.09219331294298172,,772.5789744853973,25.902851819992065
1371,0.0935278981924057,,773.1352372169495,25.917808294296265
1372,0.09350262582302094,,773.690756559372,25.93277621269226
1373,0.09431291371583939,,774.2467057704926,25.947720527648926
1374,0.09252044558525085,,774.8028917312622,25.96265459060669
1375,0.09042654186487198,,775.3589673042297,25.977612257003784
1376,0.0877930149435997,,775.9144406318665,25.992555141448975
1377,0.09914777427911758,,776.4705777168274,26.00750470161438
1378,0.09957227855920792,,777.0265347957611,26.0224506855011
1379,0.09608564525842667,,777.5826089382172,26.037392616271973
1380,0.08730661123991013,,778.1388387680054,26.052348375320435
1381,0.10422749817371368,,778.6949236392975,26.06730318069458
1382,0.09344958513975143,,779.250372171402,26.082271337509155
1383,0.08791623264551163,,779.8064701557159,26.097209215164185
1384,0.0878714919090271,,780.362334728241,26.112149953842163
1385,0.08774871379137039,,780.9184222221375,26.127116441726685
1386,0.08910134434700012,,781.4741344451904,26.142049074172974
1387,0.08825335651636124,,782.0305571556091,26.156994342803955
1388,0.08838009089231491,,782.586484670639,26.17194676399231
1389,0.0868726298213005,,783.1427283287048,26.186892986297607
1390,0.08548000454902649,,783.6984279155731,26.201837062835693
1391,0.08815299719572067,,784.2549538612366,26.2167809009552
1392,0.10798513144254684,,784.8108704090118,26.23173713684082
1393,0.09365237504243851,,785.3673057556152,26.24667716026306
1394,0.08781349658966064,,785.9236721992493,26.261619329452515
1395,0.09011127054691315,,786.4805166721344,26.27657651901245
1396,0.08555810153484344,,787.0366096496582,26.291527271270752
1397,0.08820417523384094,,787.5930683612823,26.306477069854736
1398,0.09341301023960114,,788.1486303806305,26.321443796157837
1399,0.0914301946759224,,788.7047519683838,26.336392879486084
1400,0.11002230644226074,,789.2606682777405,26.35133695602417
1401,0.1003287136554718,,789.8166351318359,26.36627769470215
1402,0.09698882699012756,,790.3721990585327,26.381235361099243
1403,0.0877334401011467,,790.9281792640686,26.39618229866028
1404,0.0917864739894867,,791.8099348545074,26.41112494468689
1405,0.10283694416284561,,792.3661572933197,26.426059246063232
1406,0.08590810000896454,,792.9220564365387,26.4410138130188
1407,0.08859801292419434,,793.4781811237335,26.455954790115356
1408,0.09039571136236191,,794.0339641571045,26.470896244049072
1409,0.09055110812187195,,794.5902404785156,26.485864877700806
1410,0.08881567418575287,,795.146824836731,26.500807762145996
1411,0.10045772045850754,,795.7035894393921,26.515757083892822
1412,0.0972677692770958,,796.2594404220581,26.530699968338013
1413,0.0864841416478157,,796.815586566925,26.545653104782104
1414,0.11543776839971542,,797.3712782859802,26.56060290336609
1415,0.18714316189289093,,797.9275379180908,26.57554292678833
1416,0.12400823086500168,,798.4836676120758,26.590478897094727
1417,0.11019214242696762,,799.039614200592,26.605420351028442
1418,0.10249469429254532,,799.5952754020691,26.62035870552063
1419,0.09985319525003433,,800.1516246795654,26.635299682617188
1420,0.09705375134944916,,800.7073736190796,26.65025043487549
1421,0.0921279713511467,,801.2634506225586,26.665183782577515
1422,0.09630115330219269,,801.819277048111,26.680134296417236
1423,0.09837627410888672,,802.3757748603821,26.69508409500122
1424,0.09660188853740692,,802.9316449165344,26.71002507209778
1425,0.09439871460199356,,803.4882020950317,26.72499918937683
1426,0.09724781662225723,,804.0441298484802,26.739959239959717
1427,0.09767302125692368,,804.6004800796509,26.75490117073059
1428,0.09530848264694214,,805.1561985015869,26.76986265182495
1429,0.09141874313354492,,805.7124783992767,26.784817695617676
1430,0.08916307985782623,,806.2682871818542,26.799763679504395
1431,0.08565336465835571,,806.8245277404785,26.814706325531006
1432,0.08393017202615738,,807.3802497386932,26.829648971557617
1433,0.08588486164808273,,807.9363949298859,26.844610452651978
1434,0.08279889076948166,,808.4921865463257,26.859556198120117
1435,0.08582203090190887,,809.0481140613556,26.874492645263672
1436,0.08740869164466858,,809.6036574840546,26.889452934265137
1437,0.08311895281076431,,810.1602435112,26.904396295547485
1438,0.08703221380710602,,810.7160851955414,26.9193377494812
1439,0.09047779440879822,,811.2724652290344,26.934272527694702
1440,0.09015808999538422,,811.828361749649,26.949233531951904
1441,0.09323655813932419,,812.3843929767609,26.96417474746704
1442,0.10953912883996964,,812.9406390190125,26.97911810874939
1443,0.08991242200136185,,813.4971525669098,26.99410915374756
1444,0.08281771838665009,,814.0528509616852,27.009050846099854
1445,0.08949117362499237,,814.6090245246887,27.02400827407837
1446,0.08469425141811371,,815.164665222168,27.038963556289673
1447,0.08271525055170059,,815.7208099365234,27.05391502380371
1448,0.0847286581993103,,816.2764782905579,27.068866729736328
1449,0.08449884504079819,,816.8328104019165,27.083820343017578
1450,0.08232418447732925,,817.3885984420776,27.0987765789032
1451,0.08227051794528961,,817.944682598114,27.11371612548828
1452,0.0826982632279396,,818.500646352768,27.12866473197937
1453,0.08467843383550644,,819.0568063259125,27.143619298934937
1454,0.08957729488611221,,819.6127243041992,27.158562183380127
1455,0.09006594121456146,,820.1689441204071,27.17349410057068
1456,0.09736502170562744,,821.05095744133,27.188434600830078
1457,0.09409908205270767,,821.6076543331146,27.203401565551758
1458,0.0938679501414299,,822.1637904644012,27.218356132507324
1459,0.09665846079587936,,822.7201986312866,27.233299016952515
1460,0.08317473530769348,,823.2759313583374,27.248252153396606
1461,0.08729805797338486,,823.832025051117,27.26321053504944
1462,0.0891936719417572,,824.3880016803741,27.278191804885864
1463,0.08225035667419434,,824.9444782733917,27.293145418167114
1464,0.08684169501066208,,825.5001003742218,27.308091163635254
1465,0.1001480370759964,,826.056304693222,27.32303237915039
1466,0.09697206318378448,,826.6132202148438,27.337985038757324
1467,0.10189749300479889,,827.1693289279938,27.352939128875732
1468,0.10001862794160843,,827.7251052856445,27.36789107322693
1469,0.0908241719007492,,828.281256198883,27.382835388183594
1470,0.08715473860502243,,828.8367488384247,27.397774934768677
1471,0.15167534351348877,,829.3928890228271,27.41273045539856
1472,0.17815473675727844,,829.9484481811523,27.427673816680908
1473,0.13244910538196564,,830.5044620037079,27.442635536193848
1474,0.11032064259052277,,831.0600099563599,27.45759129524231
1475,0.09515897184610367,,831.6168913841248,27.472545385360718
1476,0.0931471735239029,,832.172774553299,27.487501859664917
1477,0.10322953760623932,,832.7289416790009,27.50247025489807
1478,0.10468069463968277,,833.2846825122833,27.517420053482056
1479,0.09895139187574387,,833.8412878513336,27.532354593276978
1480,0.09638034552335739,,834.3971245288849,27.54731559753418
1481,0.09539632499217987,,834.9530811309814,27.56226897239685
1482,0.10043935477733612,,835.5086369514465,27.57721519470215
1483,0.09849375486373901,,836.0647332668304,27.59215497970581
1484,0.09583500027656555,,836.6204478740692,27.60712742805481
1485,0.09287673234939575,,837.1764969825745,27.62207317352295
1486,0.09133238345384598,,837.7323558330536,27.6370050907135
1487,0.09042961150407791,,838.2884900569916,27.651955604553223
1488,0.09105086326599121,,838.8440208435059,27.666908740997314
1489,0.09648982435464859,,839.4000089168549,27.68185257911682
1490,0.1075206995010376,,839.9557905197144,27.696797609329224
1491,0.09484553337097168,,840.5121295452118,27.711743116378784
1492,0.09913593530654907,,841.0683741569519,27.726707458496094
1493,0.1284988671541214,,841.6245250701904,27.74165105819702
1494,0.09460090100765228,,842.1797802448273,27.75660729408264
1495,0.09323837608098984,,842.7359480857849,27.771553993225098
1496,0.09615820646286011,,843.2918627262115,27.786489248275757
1497,0.09211000800132751,,843.84796667099,27.801448583602905
1498,0.09575922042131424,,844.4046361446381,27.816393852233887
1499,0.09163888543844223,,844.9607994556427,27.83133888244629
1500,0.09299083799123764,-0.005472411867231131,845.5171203613281,29.588637590408325
1501,0.09525390714406967,,846.0735156536102,29.603585720062256
1502,0.09325598180294037,,846.6291918754578,29.61853814125061
1503,0.09201976656913757,,847.185380935669,29.63349723815918
1504,0.08973662555217743,,847.741042137146,29.648438930511475
1505,0.09490389376878738,,848.2970089912415,29.663377285003662
1506,0.09326768666505814,,848.852653503418,29.678333520889282
1507,0.09089381992816925,,849.408769607544,29.693300485610962
1508,0.08966609835624695,,850.2908215522766,29.708244562149048
1509,0.0897967517375946,,850.8469216823578,29.7231867313385
1510,0.09252990782260895,,851.4026374816895,29.73813772201538
1511,0.0906371995806694,,851.958842754364,29.753089904785156
1512,0.09402043372392654,,852.5147287845612,29.768035173416138
1513,0.09283480048179626,,853.0711643695831,29.782992362976074
1514,0.09447947144508362,,853.6269662380219,29.797922372817993
1515,0.09724609553813934,,854.1833579540253,29.812860250473022
1516,0.08823280036449432,,854.7391216754913,29.827807426452637
1517,0.08869844675064087,,855.295681476593,29.84276008605957
1518,0.09037366509437561,,855.8516132831573,29.857689142227173
1519,0.09166847914457321,,856.4083993434906,29.87264370918274
1520,0.08909279853105545,,856.9645285606384,29.887593269348145
1521,0.09075058251619339,,857.5213091373444,29.90252709388733
1522,0.09808620065450668,,858.0769970417023,29.91745924949646
1523,0.09784923493862152,,858.6333739757538,29.932398319244385
1524,0.09206710755825043,,859.1893215179443,29.947357416152954
1525,0.08949750661849976,,859.7453813552856,29.962287664413452
1526,0.08850090950727463,,860.3010897636414,29.97722887992859
1527,0.08488490432500839,,860.857316493988,29.99217939376831
1528,0.08430652320384979,,861.4130840301514,30.007118225097656
1529,0.08495376259088516,,861.9691865444183,30.022067546844482
1530,0.08316612243652344,,862.524905204773,30.037034273147583
1531,0.0915427953004837,,863.0810523033142,30.05197501182556
1532,0.08862222731113434,,863.6368081569672,30.066908597946167
1533,0.09430961310863495,,864.1938304901123,30.081894159317017
1534,0.09485723078250885,,864.749746799469,30.096842050552368
1535,0.087553471326828,,865.3066101074219,30.111793756484985
1536,0.09741909056901932,,865.8625204563141,30.126731872558594
1537,0.08871231228113174,,866.4209496974945,30.141863584518433
1538,0.10091572999954224,,866.9774866104126,30.15679907798767
1539,0.10453392565250397,,867.5336470603943,30.171735048294067
1540,0.11067385971546173,,868.0894711017609,30.186702966690063
1541,0.10463821142911911,,868.6453049182892,30.201669931411743
1542,0.09714224934577942,,869.2013611793518,30.21662211418152
1543,0.10524891316890717,,869.7576451301575,30.231559991836548
1544,0.10096339881420135,,870.3134462833405,30.24651837348938
1545,0.10015816986560822,,870.8697514533997,30.261478900909424
1546,0.09927572309970856,,871.4253890514374,30.276407480239868
1547,0.11272589862346649,,871.9817671775818,30.29137086868286
1548,0.12475565820932388,,872.5377430915833,30.306316375732422
1549,0.1378001719713211,,873.0941047668457,30.32124614715576
1550,0.1841031014919281,,873.6499447822571,30.33621096611023
1551,0.1794101595878601,,874.20605635643,30.35117483139038
1552,0.22665837407112122,,874.761777639389,30.36610746383667
1553,0.21693168580532074,,875.3181073665619,30.381059408187866
1554,0.23131389915943146,,875.8738458156586,30.395989418029785
1555,0.21464575827121735,,876.4300916194916,30.41094136238098
1556,0.21821551024913788,,876.9857552051544,30.42589497566223
1557,0.21684442460536957,,877.5417559146881,30.44084119796753
1558,0.2185332030057907,,878.0975713729858,30.45578145980835
1559,0.13100916147232056,,878.6537044048309,30.470727682113647
1560,0.15368297696113586,,879.5356330871582,30.48567795753479
1561,0.1571197658777237,,880.0916278362274,30.500629663467407
1562,0.13099688291549683,,880.6471371650696,30.51558494567871
1563,0.11933770775794983,,881.2036612033844,30.53052592277527
1564,0.10088860243558884,,881.75936460495,30.545482873916626
1565,0.126104936003685,,882.3162753582001,30.560451984405518
1566,0.1438681185245514,,882.8718116283417,30.575401306152344
1567,0.13022084534168243,,883.4292356967926,30.59035086631775
1568,0.11968264728784561,,883.9849791526794,30.605305910110474
1569,0.09810001403093338,,884.5411970615387,30.620275020599365
1570,0.1248994693160057,,885.096875667572,30.635211944580078
1571,0.1249418705701828,,885.65314245224,30.6501727104187
1572,0.10920356214046478,,886.2088923454285,30.665148973464966
1573,0.096390500664711,,886.7651693820953,30.680097579956055
1574,0.11687609553337097,,887.3209648132324,30.695046424865723
1575,0.09087540954351425,,887.8770768642426,30.70999765396118
1576,0.09723265469074249,,888.4327816963196,30.724931001663208
1577,0.0938945859670639,,888.9889335632324,30.73988676071167
1578,0.08679623156785965,,889.5448281764984,30.75483751296997
1579,0.09057176113128662,,890.1009874343872,30.76976490020752
1580,0.08394358307123184,,890.6565098762512,30.784719228744507
1581,0.08783470839262009,,891.213579416275,30.79967951774597
1582,0.08373714238405228,,891.7696413993835,30.81462335586548
1583,0.08331673592329025,,892.3263771533966,30.829575538635254
1584,0.08752121031284332,,892.8826234340668,30.844547986984253
1585,0.08248840272426605,,893.4392294883728,30.859503746032715
1586,0.08188795298337936,,893.9952707290649,30.87445306777954
1587,0.083281010389328,,894.5514636039734,30.889395236968994
1588,0.08073417842388153,,895.1072952747345,30.90435767173767
1589,0.07788406312465668,,895.6635727882385,30.91931414604187
1590,0.08051354438066483,,896.2193772792816,30.9342360496521
1591,0.07755543291568756,,896.7754344940186,30.949193716049194
1592,0.07834109663963318,,897.3312990665436,30.964149713516235
1593,0.07776488363742828,,897.8874442577362,30.979098796844482
1594,0.08274248987436295,,898.4431054592133,30.994039058685303
1595,0.08330496400594711,,898.9991886615753,31.008994817733765
1596,0.07962168008089066,,899.5547249317169,31.023942708969116
1597,0.07938195019960403,,900.1110997200012,31.03889012336731
1598,0.08072548359632492,,900.6669523715973,31.053846836090088
1599,0.07854939252138138,,901.2233762741089,31.068805932998657
1600,0.07947245985269547,,901.7789413928986,31.083740949630737
1601,0.08133301138877869,,902.335000038147,31.098695278167725
1602,0.08070256561040878,,902.8909430503845,31.113632202148438
1603,0.0832965075969696,,903.4472930431366,31.128567457199097
1604,0.10769108682870865,,904.0031387805939,31.143516302108765
1605,0.11216109991073608,,904.559725522995,31.158455848693848
1606,0.10186155885457993,,905.1157882213593,31.17339277267456
1607,0.10236560553312302,,905.6718573570251,31.18833351135254
1608,0.08959874510765076,,906.2277295589447,31.203306436538696
1609,0.08222602307796478,,906.783842086792,31.218271255493164
1610,0.08256080001592636,,907.3398959636688,31.233216047286987
1611,0.08455436676740646,,907.8959820270538,31.248153686523438
1612,0.0794103741645813,,908.7781457901001,31.263095140457153
1613,0.07875503599643707,,909.334715127945,31.278045415878296
1614,0.08132611960172653,,909.8910157680511,31.292986631393433
1615,0.07986204326152802,,910.4478125572205,31.307923555374146
1616,0.07734373211860657,,911.0037512779236,31.322871923446655
1617,0.08446414023637772,,911.5599961280823,31.337814331054688
1618,0.08236129581928253,,912.1161389350891,31.352760076522827
1619,0.07898686081171036,,912.6719615459442,31.367721557617188
1620,0.0838509202003479,,913.2278339862823,31.382686138153076
1621,0.08367884904146194,,913.7840769290924,31.397632598876953
1622,0.08497116714715958,,914.3398673534393,31.412570238113403
1623,0.07844720035791397,,914.8960921764374,31.427507877349854
1624,0.0792120099067688,,915.4517691135406,31.44245171546936
1625,0.07808899879455566,,916.008070230484,31.457392930984497
1626,0.08046746253967285,,916.5643830299377,31.47233510017395
1627,0.08400177210569382,,917.1207392215729,31.487298488616943
1628,0.07609643042087555,,917.676206111908,31.502249717712402
1629,0.07786393910646439,,918.2323155403137,31.51719903945923
1630,0.09733796864748001,,918.7884111404419,31.532148599624634
1631,0.09650886803865433,,919.3449327945709,31.547100067138672
1632,0.09278267621994019,,919.9007761478424,31.56204581260681
1633,0.08214369416236877,,920.4569284915924,31.577011823654175
1634,0.0827411338686943,,921.0126929283142,31.591951608657837
1635,0.09771102666854858,,921.568852186203,31.606916904449463
1636,0.09685267508029938,,922.124543428421,31.62187933921814
1637,0.09165189415216446,,922.6809105873108,31.636837005615234
1638,0.0872720330953598,,923.2367212772369,31.651779651641846
1639,0.08529248833656311,,923.7929677963257,31.666752099990845
1640,0.09052170813083649,,924.3487043380737,31.681699514389038
1641,0.083372563123703,,924.9050049781799,31.69664168357849
1642,0.08249451965093613,,925.460729598999,31.711591005325317
1643,0.08368895202875137,,926.0170035362244,31.72654128074646
1644,0.08709283918142319,,926.5729162693024,31.7415030002594
1645,0.08314080536365509,,927.1294305324554,31.756441593170166
1646,0.07962922751903534,,927.6852312088013,31.771376609802246
1647,0.08131394535303116,,928.2432971000671,31.786344289779663
1648,0.07594536244869232,,928.7991728782654,31.801304578781128
1649,0.07766277343034744,,929.3555459976196,31.81626033782959
1650,0.08522108197212219,,929.9114768505096,31.83120632171631
1651,0.11715006828308105,,930.4679520130157,31.846149682998657
1652,0.09680359810590744,,931.0236644744873,31.86109709739685
1653,0.10740014165639877,,931.5800449848175,31.876036405563354
1654,0.09571363031864166,,932.1357634067535,31.89097023010254
1655,0.10980706661939621,,932.6920819282532,31.90593695640564
1656,0.10591503977775574,,933.248104095459,31.920870304107666
1657,0.10355759412050247,,933.804514169693,31.935822010040283
1658,0.09593196213245392,,934.3603205680847,31.95075559616089
1659,0.08283161371946335,,934.9168157577515,31.96570086479187
1660,0.08695860207080841,,935.4728286266327,31.98065161705017
1661,0.08526557683944702,,936.0298879146576,31.995596408843994
1662,0.08147235214710236,,936.5858075618744,32.010530948638916
1663,0.0918423980474472,,937.1427826881409,32.02550411224365
1664,0.08671382814645767,,938.0250256061554,32.040465354919434
1665,0.08844923228025436,,938.5812730789185,32.055418729782104
1666,0.08744493871927261,,939.1370792388916,32.07036900520325
1667,0.09166348725557327,,939.6932063102722,32.085309982299805
1668,0.08657439798116684,,940.249648809433,32.100289821624756
1669,0.09114272892475128,,940.8058686256409,32.11523962020874
1670,0.10018955916166306,,941.3615574836731,32.13017296791077
1671,0.08629193156957626,,941.917854309082,32.14512348175049
1672,0.08994042128324509,,942.4735338687897,32.16007137298584
1673,0.09719488024711609,,943.0297951698303,32.17501735687256
1674,0.0897865891456604,,943.585328578949,32.18995928764343
1675,0.08100718259811401,,944.1416490077972,32.204907178878784
1676,0.08950935304164886,,944.6977996826172,32.2198531627655
1677,0.12732365727424622,,945.2539150714874,32.234809160232544
1678,0.12372070550918579,,945.8097498416901,32.24974608421326
1679,0.14398594200611115,,946.3659679889679,32.26468324661255
1680,0.18537591397762299,,946.92156457901,32.279624462127686
1681,0.09638986736536026,,947.4778399467468,32.29457449913025
1682,0.0969410240650177,,948.0334765911102,32.3095223903656
1683,0.11264022439718246,,948.5896759033203,32.32445192337036
1684,0.10845854878425598,,949.1455709934235,32.33940553665161
1685,0.11710861325263977,,949.7015936374664,32.35436224937439
1686,0.10433441400527954,,950.2574193477631,32.3693106174469
1687,0.13008245825767517,,950.8138217926025,32.38425946235657
1688,0.11161859333515167,,951.369594335556,32.39920616149902
1689,0.10866252332925797,,951.9262406826019,32.41415190696716
1690,0.10327595472335815,,952.4818320274353,32.429113149642944
1691,0.0962541252374649,,953.0380980968475,32.44406056404114
1692,0.08843597769737244,,953.5941150188446,32.45898795127869
1693,0.10739532858133316,,954.1509938240051,32.47394371032715
1694,0.10055466741323471,,954.7073233127594,32.48889875411987
1695,0.11544787883758545,,955.2640399932861,32.50387239456177
1696,0.13475437462329865,,955.8200182914734,32.51882028579712
1697,0.1056242361664772,,956.3761949539185,32.53378129005432
1698,0.10181991010904312,,956.9319331645966,32.54872703552246
1699,0.09834303706884384,,957.4879910945892,32.56367039680481
1700,0.10118058323860168,,958.0439448356628,32.57861518859863
1701,0.12940555810928345,,958.6001360416412,32.59357714653015
1702,0.12631657719612122,,959.1558792591095,32.60853385925293
1703,0.10264493525028229,,959.7122316360474,32.62349534034729
1704,0.09551435708999634,,960.2681500911713,32.63844037055969
1705,0.10159183293581009,,960.8244280815125,32.65339541435242
1706,0.09642594307661057,,961.3802161216736,32.66835308074951
1707,0.10272553563117981,,961.937563419342,32.6833074092865
1708,0.09940124303102493,,962.4939289093018,32.69825720787048
1709,0.10596383363008499,,963.0505056381226,32.713194847106934
1710,0.10552774369716644,,963.6065318584442,32.728156089782715
1711,0.10418210923671722,,964.1627957820892,32.74310779571533
1712,0.09480851143598557,,964.7186872959137,32.758068799972534
1713,0.10110613703727722,,965.2749280929565,32.773035526275635
1714,0.09848079085350037,,965.8307044506073,32.78798532485962
1715,0.08708352595567703,,966.3870148658752,32.80294942855835
1716,0.08588796108961105,,967.2690241336823,32.81789517402649
1717,0.08238846063613892,,967.8254475593567,32.832842111587524
1718,0.08301204442977905,,968.3814322948456,32.84778332710266
1719,0.09601221233606339,,968.9378061294556,32.86272835731506
1720,0.09238048642873764,,969.4935977458954,32.87766742706299
1721,0.08135273307561874,,970.0501101016998,32.89262390136719
1722,0.07830029726028442,,970.6058712005615,32.907567262649536
1723,0.08238425850868225,,971.162255525589,32.92252230644226
1724,0.08145759999752045,,971.7186524868011,32.937459230422974
1725,0.08350365608930588,,972.2754571437836,32.95240330696106
1726,0.08682813495397568,,972.8316462039948,32.967350244522095
1727,0.08382847905158997,,973.3879923820496,32.982293128967285
1728,0.0844435766339302,,973.943929195404,32.997233390808105
1729,0.07981827110052109,,974.5004019737244,33.012181997299194
1730,0.07604397088289261,,975.0563414096832,33.02714133262634
1731,0.07599286735057831,,975.6128861904144,33.042078256607056
1732,0.08020934462547302,,976.168509721756,33.057013273239136
1733,0.08002248406410217,,976.7248649597168,33.07198977470398
1734,0.07712835818529129,,977.2806870937347,33.086934089660645
1735,0.079035684466362,,977.8369109630585,33.10187816619873
1736,0.0870431512594223,,978.3926107883453,33.116820335388184
1737,0.09050188958644867,,978.948518037796,33.13177156448364
1738,0.08078685402870178,,979.5043144226074,33.14671969413757
1739,0.07618626952171326,,980.0606582164764,33.161667585372925
1740,0.08341313153505325,,980.6167464256287,33.176621198654175
1741,0.08217411488294601,,981.1730346679688,33.19156241416931
1742,0.07721935957670212,,981.72940325737,33.20650672912598
1743,0.08391179889440536,,982.2886567115784,33.22145628929138
1744,0.08179827779531479,,982.8445730209351,33.236403465270996
1745,0.07985290139913559,,983.4009199142456,33.25134897232056
1746,0.07565552741289139,,983.957188129425,33.26629042625427
1747,0.08326130360364914,,984.513293504715,33.28123641014099
1748,0.14346598088741302,,985.0692462921143,33.29617738723755
1749,0.16179199516773224,,985.6256799697876,33.31111979484558
1750,0.13701388239860535,,986.1814277172089,33.326088190078735
1751,0.10728925466537476,,986.7376298904419,33.34102487564087
1752,0.1252194344997406,,987.2940266132355,33.35596466064453
1753,0.09298460185527802,,987.850389957428,33.37091064453125
1754,0.10571601241827011,,988.4062306880951,33.38585638999939
1755,0.0867840126156807,,988.9626245498657,33.400789976119995
1756,0.08835295587778091,,989.5186400413513,33.41573643684387
1757,0.0860227718949318,,990.0749261379242,33.430731773376465
1758,0.08480426669120789,,990.6315064430237,33.44567370414734
1759,0.08833052217960358,,991.187775850296,33.46061134338379
1760,0.08528304100036621,,991.7436573505402,33.47555613517761
1761,0.0808153823018074,,992.2999155521393,33.49049711227417
1762,0.08874042332172394,,992.8559000492096,33.505433082580566
1763,0.07957915961742401,,993.4124252796173,33.520381689071655
1764,0.0824994370341301,,993.9684762954712,33.53531861305237
1765,0.09440182149410248,,994.5246622562408,33.5502724647522
1766,0.08107966184616089,,995.080372095108,33.56522035598755
1767,0.08103089779615402,,995.6367528438568,33.58014893531799
1768,0.08493679761886597,,996.5187892913818,33.59510350227356
1769,0.0982537791132927,,997.0751240253448,33.61004614830017
1770,0.08834521472454071,,997.6310300827026,33.62500476837158
1771,0.09144409745931625,,998.1875007152557,33.63995981216431
1772,0.08408588171005249,,998.7438390254974,33.654892683029175
1773,0.08338045328855515,,999.3006427288055,33.66991996765137
1774,0.08083755522966385,,999.8571083545685,33.68488311767578
1775,0.07761336117982864,,1000.4133172035217,33.69982671737671
1776,0.07650186121463776,,1000.9692664146423,33.71477651596069
1777,0.08180053532123566,,1001.5255420207977,33.72973656654358
1778,0.08849606662988663,,1002.0811777114868,33.74470400810242
1779,0.07718678563833237,,1002.6374230384827,33.75965094566345
1780,0.08012629300355911,,1003.1933073997498,33.77459502220154
1781,0.07714108377695084,,1003.7494773864746,33.78954005241394
1782,0.07627285271883011,,1004.3053822517395,33.80449104309082
1783,0.0735844150185585,,1004.8616564273834,33.81944155693054
1784,0.07792884111404419,,1005.4172959327698,33.834391355514526
1785,0.07639903575181961,,1005.9735460281372,33.84936499595642
1786,0.07971695810556412,,1006.5296113491058,33.8643217086792
1787,0.07879120111465454,,1007.0860149860382,33.87926912307739
1788,0.07929173111915588,,1007.6425175666809,33.89422297477722
1789,0.07666071504354477,,1008.1990087032318,33.90916848182678
1790,0.08162625133991241,,1008.755912065506,33.924131631851196
1791,0.08282545208930969,,1009.3122568130493,33.939069747924805
1792,0.08110208064317703,,1009.8679287433624,33.954023361206055
1793,0.08177751302719116,,1010.4242722988129,33.968966245651245
1794,0.0777493342757225,,1010.9806535243988,33.98391914367676
1795,0.08466915041208267,,1011.5369548797607,33.998878955841064
1796,0.08376132696866989,,1012.0931377410889,34.01381874084473
1797,0.08707763254642487,,1012.6493396759033,34.02875638008118
1798,0.08100244402885437,,1013.2053515911102,34.043704986572266
1799,0.07685211300849915,,1013.761771440506,34.05863833427429
1800,0.08528515696525574,,1014.3177571296692,34.07358241081238
1801,0.07359365373849869,,1014.8740379810333,34.08853769302368
1802,0.07530766725540161,,1015.4302189350128,34.1034791469574
1803,0.07695438712835312,,1015.987133026123,34.11842465400696
1804,0.08051782846450806,,1016.5432527065277,34.133376359939575
1805,0.07611642777919769,,1017.0995783805847,34.14833307266235
1806,0.07736428827047348,,1017.6556308269501,34.1632776260376
1807,0.07364724576473236,,1018.2121620178223,34.17821979522705
1808,0.07364153861999512,,1018.7680952548981,34.19315004348755
1809,0.07359563559293747,,1019.324456691742,34.20809721946716
1810,0.07419824600219727,,1019.8805804252625,34.22303795814514
1811,0.07614566385746002,,1020.4369511604309,34.237985372543335
1812,0.07819582521915436,,1020.9927849769592,34.25294089317322
1813,0.07339919358491898,,1021.5490834712982,34.267881870269775
1814,0.07323770970106125,,1022.105131149292,34.28284502029419
1815,0.07535938173532486,,1022.6619539260864,34.29780054092407
1816,0.07525566220283508,,1023.2179419994354,34.31274390220642
1817,0.08148255944252014,,1023.7742328643799,34.32770323753357
1818,0.0809892863035202,,1024.3303122520447,34.342650413513184
1819,0.07970590889453888,,1024.88658618927,34.357603788375854
1820,0.07976575940847397,,1025.7694380283356,34.372560024261475
1821,0.08040090650320053,,1026.3259925842285,34.38750767707825
1822,0.07737059146165848,,1026.8821742534637,34.402451515197754
1823,0.07787167280912399,,1027.4384031295776,34.4174222946167
1824,0.0769527480006218,,1027.9944732189178,34.43235898017883
1825,0.08010704070329666,,1028.5509750843048,34.447322368621826
1826,0.08434494584798813,,1029.1067917346954,34.462260246276855
1827,0.07778410613536835,,1029.663384437561,34.477197885513306
1828,0.09952159225940704,,1030.2198767662048,34.492164850234985
1829,0.13893622159957886,,1030.776285648346,34.507102489471436
1830,0.11219708621501923,,1031.3322870731354,34.52204155921936
1831,0.07516539841890335,,1031.8890223503113,34.5369975566864
1832,0.12567521631717682,,1032.445066690445,34.55195927619934
1833,0.10822747647762299,,1033.0016796588898,34.56691265106201
1834,0.08322884887456894,,1033.5575120449066,34.58185410499573
1835,0.07198505848646164,,1034.114095211029,34.59680533409119
1836,0.07365063577890396,,1034.6710228919983,34.61173701286316
1837,0.07745438814163208,,1035.2277162075043,34.626689195632935
1838,0.07207442820072174,,1035.783889055252,34.641631841659546
1839,0.07155181467533112,,1036.3403041362762,34.65658640861511
1840,0.0721406489610672,,1036.8958642482758,34.671547651290894
1841,0.07284117490053177,,1037.4520099163055,34.68650579452515
1842,0.08055174350738525,,1038.007749080658,34.701738595962524
1843,0.07703467458486557,,1038.5650062561035,34.71668004989624
1844,0.07961902022361755,,1039.121129989624,34.73162317276001
1845,0.07733696699142456,,1039.677653312683,34.746577739715576
1846,0.07726699858903885,,1040.2337017059326,34.76153111457825
1847,0.07419826835393906,,1040.790148973465,34.77647018432617
1848,0.07693620026111603,,1041.3461844921112,34.79141139984131
1849,0.07668378204107285,,1041.902669429779,34.806349754333496
1850,0.07238516956567764,,1042.4586896896362,34.82129240036011
1851,0.0710938423871994,,1043.015317440033,34.83624839782715
1852,0.07238589227199554,,1043.5714151859283,34.85120940208435
1853,0.07157479971647263,,1044.1280796527863,34.86615061759949
1854,0.07355187833309174,,1044.6844964027405,34.88110041618347
1855,0.07915249466896057,,1045.241022348404,34.89604568481445
1856,0.07534406334161758,,1045.7970814704895,34.9110050201416
1857,0.07146511226892471,,1046.3541283607483,34.92595314979553
1858,0.07274342328310013,,1046.9102356433868,34.9409065246582
1859,0.10568426549434662,,1047.4667778015137,34.955854654312134
1860,0.08139713108539581,,1048.0224432945251,34.970794677734375
1861,0.07711552083492279,,1048.5787646770477,34.985732078552246
1862,0.1055113822221756,,1049.1346559524536,35.00067138671875
1863,0.07369253039360046,,1049.6911494731903,35.015625953674316
1864,0.0741187334060669,,1050.24697804451,35.030564069747925
1865,0.07784624397754669,,1050.8033130168915,35.045501947402954
1866,0.07274821400642395,,1051.3592674732208,35.06044840812683
1867,0.07472596317529678,,1051.9160974025726,35.0754017829895
1868,0.07154545187950134,,1052.4723374843597,35.09034729003906
1869,0.07277148962020874,,1053.0288891792297,35.10531711578369
1870,0.07266519218683243,,1053.5856232643127,35.12026810646057
1871,0.0677984431385994,,1054.1418824195862,35.135215044021606
1872,0.0701560452580452,,1055.0246665477753,35.15015769004822
1873,0.06761914491653442,,1055.5811309814453,35.16512870788574
1874,0.06836719810962677,,1056.1368441581726,35.18006730079651
1875,0.06643790751695633,,1056.6932578086853,35.19502067565918
1876,0.0674852803349495,,1057.2492501735687,35.20997977256775
1877,0.06831908226013184,,1057.8058652877808,35.224933385849
1878,0.07505994290113449,,1058.3621096611023,35.23989796638489
1879,0.07214854657649994,,1058.918410539627,35.25483465194702
1880,0.06907326728105545,,1059.4745872020721,35.26978921890259
1881,0.0679350346326828,,1060.0309228897095,35.28474473953247
1882,0.07003325968980789,,1060.5867612361908,35.29968190193176
1883,0.07323835045099258,,1061.1433157920837,35.314640045166016
1884,0.07720739394426346,,1061.6991171836853,35.32959532737732
1885,0.06984399259090424,,1062.255914926529,35.344542026519775
1886,0.07052189856767654,,1062.81209897995,35.35949945449829
1887,0.07263694703578949,,1063.3687856197357,35.374452352523804
1888,0.07529449462890625,,1063.924926996231,35.38939690589905
1889,0.07160008698701859,,1064.4812359809875,35.40433359146118
1890,0.06770266592502594,,1065.0371129512787,35.419278144836426
1891,0.06864454597234726,,1065.593563079834,35.434237003326416
1892,0.07074745744466782,,1066.1497957706451,35.44917869567871
1893,0.07079645991325378,,1066.706173658371,35.46412491798401
1894,0.06816759705543518,,1067.262440443039,35.47908282279968
1895,0.06845422089099884,,1067.8190603256226,35.49403524398804
1896,0.06611430644989014,,1068.3749704360962,35.50898504257202
1897,0.06919010728597641,,1068.9316577911377,35.523935317993164
1898,0.0724969431757927,,1069.4878890514374,35.53887391090393
1899,0.06813257932662964,,1070.0451159477234,35.55382251739502
1900,0.0682280883193016,,1070.6009209156036,35.56877112388611
1901,0.06755959987640381,,1071.157770872116,35.583741664886475
1902,0.0674731656908989,,1071.7139143943787,35.59869408607483
1903,0.06845235079526901,,1072.2704429626465,35.61362671852112
1904,0.06582757085561752,,1072.8264286518097,35.62858295440674
1905,0.06728235632181168,,1073.382667541504,35.64355754852295
1906,0.0675441175699234,,1073.938634634018,35.65849709510803
1907,0.06446385383605957,,1074.4950745105743,35.67344045639038
1908,0.06820196658372879,,1075.0511496067047,35.68838953971863
1909,0.06498076766729355,,1075.6075792312622,35.70334482192993
1910,0.06517817080020905,,1076.163547039032,35.7182936668396
1911,0.06619805842638016,,1076.7196435928345,35.733245611190796
1912,0.0646161139011383,,1077.2754712104797,35.74818968772888
1913,0.06359374523162842,,1077.831818819046,35.76314353942871
1914,0.06606899201869965,,1078.3884603977203,35.778077125549316
1915,0.06964505463838577,,1078.9453909397125,35.79302620887756
1916,0.0697796493768692,,1079.5016129016876,35.80796813964844
1917,0.06850503385066986,,1080.0582811832428,35.822932720184326
1918,0.07407230138778687,,1080.61426115036,35.83788561820984
1919,0.09281335026025772,,1081.170996427536,35.85283064842224
1920,0.06864286959171295,,1081.7273333072662,35.86778020858765
1921,0.06702448427677155,,1082.2834815979004,35.882752656936646
1922,0.07061659544706345,,1082.839260816574,35.89796185493469
1923,0.0698438286781311,,1083.3961918354034,35.91289710998535
1924,0.06837087124586105,,1084.2785367965698,35.92783761024475
1925,0.06713805347681046,,1084.8348178863525,35.94278001785278
1926,0.06886190176010132,,1085.390837430954,35.95773196220398
1927,0.06996601074934006,,1085.9473741054535,35.97266745567322
1928,0.06910942494869232,,1086.5031979084015,35.98761510848999
1929,0.07717948406934738,,1087.0598464012146,36.00256633758545
1930,0.07665780931711197,,1087.6163573265076,36.01751971244812
1931,0.07039465755224228,,1088.1728031635284,36.03246259689331
1932,0.07114087790250778,,1088.7288568019867,36.04740381240845
1933,0.06832214444875717,,1089.285626411438,36.06234693527222
1934,0.06835158914327621,,1089.8414511680603,36.07728838920593
1935,0.07300291210412979,,1090.3979473114014,36.092243909835815
1936,0.08883245289325714,,1090.954086303711,36.10718274116516
1937,0.07121500372886658,,1091.5103921890259,36.1221399307251
1938,0.08297493308782578,,1092.0664534568787,36.13708829879761
1939,0.07354718446731567,,1092.622837305069,36.15202856063843
1940,0.06910104304552078,,1093.1786448955536,36.166970014572144
1941,0.07065092772245407,,1093.735491991043,36.18191576004028
1942,0.0666603371500969,,1094.2918407917023,36.196861028671265
1943,0.0703405812382698,,1094.8482513427734,36.21180510520935
1944,0.07109962403774261,,1095.4041624069214,36.226752519607544
1945,0.07249163836240768,,1095.960718870163,36.241703510284424
1946,0.0668570026755333,,1096.5166823863983,36.256638050079346
1947,0.06622222065925598,,1097.074181318283,36.27158451080322
1948,0.06988392770290375,,1097.630265712738,36.28652739524841
1949,0.07339977473020554,,1098.1871688365936,36.30149292945862
1950,0.06751231849193573,,1098.7432050704956,36.31645464897156
1951,0.06993724405765533,,1099.2997207641602,36.33142304420471
1952,0.0673905611038208,,1099.8560795783997,36.3463613986969
1953,0.06963203847408295,,1100.4127707481384,36.36133408546448
1954,0.06817279011011124,,1100.9688131809235,36.376277923583984
1955,0.0896025151014328,,1101.5253291130066,36.391218185424805
1956,0.14182686805725098,,1102.0812678337097,36.40619158744812
1957,0.07374610751867294,,1102.6378955841064,36.42114305496216
1958,0.073036789894104,,1103.1940774917603,36.43609261512756
1959,0.07311128079891205,,1103.7507872581482,36.451045989990234
1960,0.07118292897939682,,1104.3069412708282,36.46599745750427
1961,0.07487849146127701,,1104.863399028778,36.48095631599426
1962,0.07750774919986725,,1105.4201500415802,36.49589443206787
1963,0.07131292670965195,,1105.97709274292,36.51085901260376
1964,0.06873506307601929,,1106.5332145690918,36.525818824768066
1965,0.07113347202539444,,1107.089640378952,36.54076552391052
1966,0.07010912150144577,,1107.6456718444824,36.55571699142456
1967,0.06912786513566971,,1108.2020680904388,36.57068371772766
1968,0.06895977258682251,,1108.7581114768982,36.58563566207886
1969,0.06859694421291351,,1109.3146424293518,36.60059189796448
1970,0.07173583656549454,,1109.8705513477325,36.615530252456665
1971,0.070106640458107,,1110.4270241260529,36.630481243133545
1972,0.0689258873462677,,1110.9829380512238,36.64542245864868
1973,0.06949909776449203,,1111.5391759872437,36.66036939620972
1974,0.07128260284662247,,1112.095419883728,36.675318241119385
1975,0.07857121527194977,,1112.6517462730408,36.690279483795166
1976,0.07329585403203964,,1113.5336327552795,36.70523142814636
1977,0.07988670468330383,,1114.0902044773102,36.720176458358765
1978,0.0794898271560669,,1114.6464030742645,36.73516249656677
1979,0.07093456387519836,,1115.203024148941,36.75010704994202
1980,0.0734245777130127,,1115.759070634842,36.765063762664795
1981,0.07536881417036057,,1116.315670490265,36.78000092506409
1982,0.07877074182033539,,1116.8716340065002,36.79494380950928
1983,0.0850125178694725,,1117.428771018982,36.809905767440796
1984,0.0818420872092247,,1117.9847197532654,36.82486057281494
1985,0.07779178768396378,,1118.541089773178,36.83982872962952
1986,0.07363902032375336,,1119.097205877304,36.85477137565613
1987,0.0742374062538147,,1119.6536719799042,36.86971712112427
1988,0.07307340204715729,,1120.2094900608063,36.88468265533447
1989,0.07040906697511673,,1120.7659811973572,36.89962649345398
1990,0.06970803439617157,,1121.32204079628,36.91457533836365
1991,0.07145127654075623,,1121.8785269260406,36.92953276634216
1992,0.06938055157661438,,1122.434422492981,36.944477558135986
1993,0.07170358300209045,,1122.9913251399994,36.95941996574402
1994,0.07004870474338531,,1123.547595500946,36.97438883781433
1995,0.06901801377534866,,1124.1042258739471,36.98933529853821
1996,0.07269435375928879,,1124.660328388214,37.00427985191345
1997,0.07226169109344482,,1125.217158794403,37.01923847198486
1998,0.06987547129392624,,1125.7734398841858,37.03417491912842
1999,0.06957422196865082,,1126.3300569057465,37.04912996292114
2000,0.07161065936088562,-0.007155195809900761,1126.8858976364136,38.8063530921936
2001,0.08415752649307251,,1127.442360162735,38.82129096984863
2002,0.07024681568145752,,1127.9983489513397,38.83623290061951
2003,0.06907467544078827,,1128.5547604560852,38.85119032859802
2004,0.0686105415225029,,1129.1111142635345,38.86614489555359
2005,0.06798763573169708,,1129.6672642230988,38.88109350204468
2006,0.06756961345672607,,1130.2231800556183,38.89604926109314
2007,0.06858383864164352,,1130.7796742916107,38.91100096702576
2008,0.08868668973445892,,1131.3358361721039,38.92595839500427
2009,0.06549777835607529,,1131.892540216446,38.94090509414673
2010,0.06881493330001831,,1132.4483730793,38.95583391189575
2011,0.0749591663479805,,1133.004801273346,38.97078037261963
2012,0.08088545501232147,,1133.5609722137451,38.98572039604187
2013,0.06798544526100159,,1134.1173288822174,39.00070858001709
2014,0.06576044857501984,,1134.6734433174133,39.01564908027649
2015,0.10141520202159882,,1135.2299790382385,39.03060722351074
2016,0.06449540704488754,,1135.7857720851898,39.045567750930786
2017,0.06455444544553757,,1136.342396736145,39.06050634384155
2018,0.06551358848810196,,1136.8984897136688,39.07545852661133
2019,0.06588800251483917,,1137.4549279212952,39.09038949012756
2020,0.06393825262784958,,1138.0111799240112,39.105345487594604
2021,0.06574434041976929,,1138.567828655243,39.120298624038696
2022,0.0645744726061821,,1139.124038219452,39.13523769378662
2023,0.06911305338144302,,1139.6808235645294,39.1502001285553
2024,0.07242451608181,,1140.236862897873,39.16515755653381
2025,0.08142538368701935,,1140.7944111824036,39.1801221370697
2026,0.06586182117462158,,1141.3505423069,39.195064306259155
2027,0.0787079855799675,,1141.9068598747253,39.2100248336792
2028,0.06797982007265091,,1142.7890837192535,39.22499394416809
2029,0.06606248766183853,,1143.345422744751,39.23993921279907
2030,0.06721528619527817,,1143.9012961387634,39.254881143569946
2031,0.0662282407283783,,1144.4577379226685,39.26983666419983
2032,0.06259377300739288,,1145.0136282444,39.284769773483276
2033,0.06339526921510696,,1145.5704221725464,39.29972434043884
2034,0.0671703889966011,,1146.1264953613281,39.31467628479004
2035,0.06804350763559341,,1146.682730436325,39.32961392402649
2036,0.06794551014900208,,1147.2385935783386,39.34458684921265
2037,0.06552643328905106,,1147.794998884201,39.35953378677368
2038,0.06313110888004303,,1148.352576494217,39.374499559402466
2039,0.06923984736204147,,1148.9089319705963,39.389432191848755
2040,0.0693868100643158,,1149.4651885032654,39.40439486503601
2041,0.0656152069568634,,1150.021832227707,39.41933465003967
2042,0.06288252770900726,,1150.5776171684265,39.43427133560181
2043,0.06516430526971817,,1151.1341423988342,39.4492130279541
2044,0.06637774407863617,,1151.6901650428772,39.46416521072388
2045,0.06383252143859863,,1152.2466559410095,39.47910475730896
2046,0.067977674305439,,1152.8035316467285,39.494051456451416
2047,0.06723213195800781,,1153.359959602356,39.508989572525024
2048,0.06376110762357712,,1153.9157099723816,39.52393054962158
2049,0.06564666330814362,,1154.4723618030548,39.53888654708862
2050,0.06590303033590317,,1155.02827835083,39.55382513999939
2051,0.06206280365586281,,1155.5847036838531,39.568788051605225
2052,0.06267375499010086,,1156.1406996250153,39.583728075027466
2053,0.062437720596790314,,1156.6972346305847,39.59868097305298
2054,0.07055918127298355,,1157.253808259964,39.61363887786865
2055,0.06403477489948273,,1157.8100934028625,39.6285765171051
2056,0.06088464707136154,,1158.3658425807953,39.643513917922974
2057,0.06482557952404022,,1158.9223585128784,39.65846562385559
2058,0.06399436295032501,,1159.4784500598907,39.67342448234558
2059,0.06671863794326782,,1160.0349938869476,39.688363790512085
2060,0.06619717925786972,,1160.5909564495087,39.70329785346985
2061,0.07528789341449738,,1161.1473276615143,39.71826171875
2062,0.06608478724956512,,1161.7035374641418,39.73320913314819
2063,0.06411954760551453,,1162.2598412036896,39.74815607070923
2064,0.06426796317100525,,1162.8157687187195,39.763097524642944
2065,0.06898514181375504,,1163.372328042984,39.778045892715454
2066,0.0680738240480423,,1163.9283919334412,39.7930006980896
2067,0.06643036752939224,,1164.4852275848389,39.80793881416321
2068,0.06534023582935333,,1165.0411472320557,39.822882413864136
2069,0.07058282941579819,,1165.5974867343903,39.83782887458801
2070,0.06481461226940155,,1166.1536617279053,39.85277605056763
2071,0.06353510171175003,,1166.7108578681946,39.867711544036865
2072,0.06356555968523026,,1167.2669551372528,39.88265252113342
2073,0.06819242984056473,,1167.8240342140198,39.89761257171631
2074,0.06854784488677979,,1168.380205631256,39.91255474090576
2075,0.06370899826288223,,1168.9367542266846,39.927491903305054
2076,0.062094807624816895,,1169.4930534362793,39.94244146347046
2077,0.06678301095962524,,1170.0495536327362,39.95738244056702
2078,0.08397060632705688,,1170.605483531952,39.972355127334595
2079,0.06309182941913605,,1171.1618957519531,39.98729920387268
2080,0.06229791045188904,,1172.0451247692108,40.00225353240967
2081,0.06797520071268082,,1172.6014635562897,40.01720929145813
2082,0.06569865345954895,,1173.1575198173523,40.03215789794922
2083,0.06527385860681534,,1173.7140226364136,40.04711103439331
2084,0.06201198697090149,,1174.2703108787537,40.062066078186035
2085,0.06274959444999695,,1174.8273882865906,40.077011585235596
2086,0.06367218494415283,,1175.385041475296,40.09198808670044
2087,0.06276176124811172,,1175.94158244133,40.106937646865845
2088,0.05944625288248062,,1176.498125076294,40.12189245223999
2089,0.0649089440703392,,1177.0542166233063,40.136844635009766
2090,0.06485967338085175,,1177.6101269721985,40.15181541442871
2091,0.0762154832482338,,1178.166527748108,40.16675782203674
2092,0.05996434763073921,,1178.7230997085571,40.181705951690674
2093,0.06617055088281631,,1179.2798235416412,40.196648597717285
2094,0.06061577424407005,,1179.8360424041748,40.211602449417114
2095,0.07449859380722046,,1180.3925466537476,40.22655892372131
2096,0.08060342818498611,,1180.948142528534,40.24151277542114
2097,0.07329148799180984,,1181.5045573711395,40.25647211074829
2098,0.08071774989366531,,1182.0607435703278,40.271424770355225
2099,0.05871900916099548,,1182.6175577640533,40.286370277404785
2100,0.06889049708843231,,1183.1735677719116,40.30131936073303
2101,0.07115289568901062,,1183.7299094200134,40.316272258758545
2102,0.06196102127432823,,1184.2863283157349,40.331215143203735
2103,0.05975933000445366,,1184.8428103923798,40.346166372299194
2104,0.06524103879928589,,1185.3991713523865,40.36113977432251
2105,0.06645988672971725,,1185.9554779529572,40.376086711883545
2106,0.06575194001197815,,1186.5113425254822,40.391029834747314
2107,0.06067577749490738,,1187.0677931308746,40.40596318244934
2108,0.07883569598197937,,1187.6248409748077,40.420910596847534
2109,0.06390342861413956,,1188.181616783142,40.435856342315674
2110,0.061318669468164444,,1188.7376832962036,40.450801610946655
2111,0.0833413377404213,,1189.2941522598267,40.46575117111206
2112,0.06024140119552612,,1189.8503704071045,40.48070406913757
2113,0.060161713510751724,,1190.4069550037384,40.49564862251282
2114,0.06179666146636009,,1190.9630014896393,40.51060748100281
2115,0.0627482458949089,,1191.519525527954,40.52556657791138
2116,0.061467260122299194,,1192.0757179260254,40.54053354263306
2117,0.06069372594356537,,1192.6322412490845,40.555474519729614
2118,0.05860639363527298,,1193.1882739067078,40.57041525840759
2119,0.056809958070516586,,1193.7448143959045,40.585352659225464
2120,0.06138501316308975,,1194.301197052002,40.60031080245972
2121,0.05939410254359245,,1194.8574585914612,40.61527180671692
2122,0.058817677199840546,,1195.4135386943817,40.630208253860474
2123,0.06334363669157028,,1195.97012591362,40.6451575756073
2124,0.0605427548289299,,1196.5262031555176,40.660104274749756
2125,0.05912109464406967,,1197.0827922821045,40.67507362365723
2126,0.0594215914607048,,1197.6386892795563,40.69028043746948
2127,0.06169494241476059,,1198.1958260536194,40.70523738861084
2128,0.05864392966032028,,1198.7518210411072,40.72019696235657
2129,0.05568347126245499,,1199.308158159256,40.73514461517334
2130,0.056787747889757156,,1199.8646802902222,40.75009846687317
2131,0.07033757120370865,,1200.421098947525,40.76504826545715
2132,0.06117185577750206,,1201.3032047748566,40.78000497817993
2133,0.06655934453010559,,1201.8598010540009,40.79494667053223
2134,0.07273323833942413,,1202.4159564971924,40.809889793395996
2135,0.07925135642290115,,1202.9725880622864,40.824833393096924
2136,0.058480408042669296,,1203.5288500785828,40.83977460861206
2137,0.057753123342990875,,1204.0853493213654,40.85471320152283
2138,0.05984268710017204,,1204.6415028572083,40.86967492103577
2139,0.05835668370127678,,1205.19814991951,40.88461232185364
2140,0.05812535062432289,,1205.7543654441833,40.899574279785156
2141,0.056507449597120285,,1206.3108134269714,40.914522886276245
2142,0.06442691385746002,,1206.8669202327728,40.92947769165039
2143,0.06112128123641014,,1207.4232590198517,40.94442105293274
2144,0.06065075844526291,,1207.9793038368225,40.95936417579651
2145,0.062164194881916046,,1208.5357673168182,40.974324226379395
2146,0.06445876508951187,,1209.0916967391968,40.98927164077759
2147,0.07310248911380768,,1209.6482510566711,41.004209756851196
2148,0.07183413952589035,,1210.204249382019,41.01914620399475
2149,0.059816859662532806,,1210.7605254650116,41.03409290313721
2150,0.06281635165214539,,1211.316914319992,41.0490517616272
2151,0.060487497597932816,,1211.8737936019897,41.06401324272156
2152,0.06565298140048981,,1212.430187702179,41.078957080841064
2153,0.059435680508613586,,1212.9865682125092,41.09390592575073
2154,0.06071297079324722,,1213.542634010315,41.10885715484619
2155,0.07046059519052505,,1214.0989792346954,41.12379169464111
2156,0.06534316390752792,,1214.6546773910522,41.1387665271759
2157,0.06368331611156464,,1215.211109638214,41.15370559692383
2158,0.07007801532745361,,1215.7671146392822,41.16864275932312
2159,0.06299091130495071,,1216.323427438736,41.18361687660217
2160,0.07398706674575806,,1216.879798412323,41.19857168197632
2161,0.06471200287342072,,1217.4364671707153,41.21355128288269
2162,0.06395149976015091,,1217.9924194812775,41.22848963737488
2163,0.060505084693431854,,1218.5488426685333,41.24343776702881
2164,0.06435167044401169,,1219.1049568653107,41.25838756561279
2165,0.059207163751125336,,1219.6614322662354,41.27332663536072
2166,0.05734548345208168,,1220.2185037136078,41.288286447525024
2167,0.0592464804649353,,1220.7750630378723,41.303232192993164
2168,0.05596983805298805,,1221.3316686153412,41.31818509101868
2169,0.05563454329967499,,1221.8886399269104,41.333128452301025
2170,0.05593135580420494,,1222.4449079036713,41.34805512428284
2171,0.057248517870903015,,1223.0012905597687,41.3630211353302
2172,0.059385109692811966,,1223.5579783916473,41.37796211242676
2173,0.05547071248292923,,1224.114333152771,41.392924308776855
2174,0.05444471538066864,,1224.67054438591,41.40787053108215
2175,0.06038728728890419,,1225.2268822193146,41.422816038131714
2176,0.05472970008850098,,1225.7832112312317,41.43777513504028
2177,0.05387940630316734,,1226.3399407863617,41.452714920043945
2178,0.05472130700945854,,1226.8960118293762,41.467674016952515
2179,0.052891459316015244,,1227.4523639678955,41.48262143135071
2180,0.0576116144657135,,1228.0082123279572,41.497565269470215
2181,0.053572628647089005,,1228.5649247169495,41.512521505355835
2182,0.05295823886990547,,1229.1213240623474,41.52746057510376
2183,0.05427772179245949,,1229.67795753479,41.542433977127075
2184,0.056165661662817,,1230.5604767799377,41.5574004650116
2185,0.05785006284713745,,1231.1169893741608,41.57233810424805
2186,0.05274483934044838,,1231.6730697154999,41.587279319763184
2187,0.05317511036992073,,1232.2297399044037,41.602224826812744
2188,0.052770789712667465,,1232.7856414318085,41.617186546325684
2189,0.07174242287874222,,1233.3422565460205,41.63216042518616
2190,0.05860532820224762,,1233.8984866142273,41.64709758758545
2191,0.05208166688680649,,1234.4548835754395,41.66203951835632
2192,0.0524904802441597,,1235.0109884738922,41.676990270614624
2193,0.052643176168203354,,1235.5678753852844,41.69192957878113
2194,0.05136140063405037,,1236.1234831809998,41.7068874835968
2195,0.052012212574481964,,1236.6803488731384,41.72183322906494
2196,0.0523664727807045,,1237.2366733551025,41.73706674575806
2197,0.05270314961671829,,1237.793830871582,41.752025842666626
2198,0.05227138102054596,,1238.3499450683594,41.766969203948975
2199,0.05135779827833176,,1238.9067046642303,41.78194499015808
2200,0.05122409760951996,,1239.4628636837006,41.79688882827759
2201,0.05268000066280365,,1240.019522190094,41.81183314323425
2202,0.05098544433712959,,1240.5754039287567,41.82677984237671
2203,0.05239374563097954,,1241.131903886795,41.84172010421753
2204,0.05195549502968788,,1241.6878073215485,41.85666847229004
2205,0.0525519996881485,,1242.2442231178284,41.87162733078003
2206,0.05229635536670685,,1242.8002429008484,41.886574268341064
2207,0.05229102447628975,,1243.356683731079,41.901520013809204
2208,0.05426621064543724,,1243.9124035835266,41.91647434234619
2209,0.05153195559978485,,1244.4688169956207,41.931418657302856
2210,0.051250558346509933,,1245.0252161026,41.946367263793945
2211,0.05218082293868065,,1245.581736087799,41.96132135391235
2212,0.05422535166144371,,1246.1376268863678,41.97625994682312
2213,0.05287402123212814,,1246.6944301128387,41.99122095108032
2214,0.05321996286511421,,1247.2510840892792,42.00616788864136
2215,0.053721509873867035,,1247.8075218200684,42.021217823028564
2216,0.06462234258651733,,1248.3638863563538,42.036171436309814
2217,0.056626301258802414,,1248.9204623699188,42.05113506317139
2218,0.07540358603000641,,1249.4768285751343,42.06607103347778
2219,0.06650848686695099,,1250.033661365509,42.081029176712036
2220,0.07669349759817123,,1250.5896244049072,42.095993518829346
2221,0.06629262119531631,,1251.146109342575,42.11093544960022
2222,0.05120407044887543,,1251.7021968364716,42.125877380371094
2223,0.05455504730343819,,1252.258632659912,42.14082932472229
2224,0.11227469891309738,,1252.8144826889038,42.1557731628418
2225,0.09455220401287079,,1253.3708865642548,42.17073082923889
2226,0.09659263491630554,,1253.9267449378967,42.18568539619446
2227,0.073866106569767,,1254.4831511974335,42.20061898231506
2228,0.06704778224229813,,1255.039308309555,42.215566873550415
2229,0.0665462538599968,,1255.595930814743,42.23052406311035
2230,0.06115655601024628,,1256.1519000530243,42.24546241760254
2231,0.05820530280470848,,1256.7084436416626,42.260409116744995
2232,0.06898131966590881,,1257.264652967453,42.27535939216614
2233,0.06693423539400101,,1257.8211777210236,42.290305614471436
2234,0.06536585837602615,,1258.3775029182434,42.305240631103516
2235,0.061817388981580734,,1258.934668302536,42.32017993927002
2236,0.059350743889808655,,1259.8182485103607,42.33513903617859
2237,0.06472224742174149,,1260.3748457431793,42.35010385513306
2238,0.0617661252617836,,1260.9310371875763,42.36504769325256
2239,0.06210872530937195,,1261.4872360229492,42.37999773025513
2240,0.058928925544023514,,1262.0431790351868,42.39494752883911
2241,0.06147586554288864,,1262.5994231700897,42.409902572631836
2242,0.06164517253637314,,1263.155688047409,42.424845933914185
2243,0.059591446071863174,,1263.712245941162,42.43979525566101
2244,0.06202948838472366,,1264.2682933807373,42.45476269721985
2245,0.06295741349458694,,1264.8249824047089,42.46971607208252
2246,0.05933541804552078,,1265.3810818195343,42.4846830368042
2247,0.06172389164566994,,1265.9381725788116,42.49963593482971
2248,0.0603867769241333,,1266.49445438385,42.51458382606506
2249,0.05929270386695862,,1267.0506420135498,42.529526710510254
2250,0.05852503702044487,,1267.6069595813751,42.54446792602539
2251,0.059414900839328766,,1268.1637969017029,42.559417486190796
2252,0.059699177742004395,,1268.7201719284058,42.5743567943573
2253,0.059007033705711365,,1269.2766070365906,42.58930420875549
2254,0.06019008532166481,,1269.8327894210815,42.604249000549316
2255,0.06233176961541176,,1270.389211654663,42.61919188499451
2256,0.060076478868722916,,1270.9457235336304,42.634151220321655
2257,0.05903732404112816,,1271.5022490024567,42.649080991744995
2258,0.05982302129268646,,1272.0582218170166,42.66401267051697
2259,0.060380734503269196,,1272.6147243976593,42.67896270751953
2260,0.06164686009287834,,1273.1708567142487,42.6939058303833
2261,0.05434136465191841,,1273.7272646427155,42.70885443687439
2262,0.054455678910017014,,1274.2835052013397,42.723795652389526
2263,0.057016875594854355,,1274.8400974273682,42.738749265670776
2264,0.05874214693903923,,1275.3966035842896,42.75369715690613
2265,0.060714442282915115,,1275.953503370285,42.768638372421265
2266,0.05473989248275757,,1276.509690284729,42.78358483314514
2267,0.05539644882082939,,1277.0661029815674,42.79853630065918
2268,0.05262606590986252,,1277.622341632843,42.813488245010376
2269,0.05483144894242287,,1278.1790058612823,42.82843589782715
2270,0.05524175614118576,,1278.7351534366608,42.84339642524719
2271,0.05256136506795883,,1279.2918584346771,42.858356952667236
2272,0.05526785925030708,,1279.8481404781342,42.87330412864685
2273,0.054089922457933426,,1280.4050562381744,42.888243675231934
2274,0.055848442018032074,,1280.9613645076752,42.90320920944214
2275,0.0513143390417099,,1281.517680644989,42.91815376281738
2276,0.05155806243419647,,1282.0738062858582,42.933103799819946
2277,0.05257958173751831,,1282.6306190490723,42.948039054870605
2278,0.05206601694226265,,1283.186677455902,42.96297478675842
2279,0.052891701459884644,,1283.7435772418976,42.97795605659485
2280,0.055732276290655136,,1284.2999873161316,42.99292540550232
2281,0.0536729171872139,,1284.856695652008,43.007885456085205
2282,0.05200142040848732,,1285.4129056930542,43.02283191680908
2283,0.052161168307065964,,1285.9693920612335,43.037790298461914
2284,0.05422558635473251,,1286.525490283966,43.05274796485901
2285,0.053975626826286316,,1287.0822525024414,43.06769371032715
2286,0.05067707225680351,,1287.6384439468384,43.08264112472534
2287,0.05144863203167915,,1288.195069551468,43.09760546684265
2288,0.053008195012807846,,1289.077115535736,43.11257982254028
2289,0.051771145313978195,,1289.6336026191711,43.12752413749695
2290,0.05091675743460655,,1290.189799785614,43.14246582984924
2291,0.05289589613676071,,1290.746263742447,43.157419204711914
2292,0.05384770408272743,,1291.3024656772614,43.17237949371338
2293,0.05338246375322342,,1291.8597326278687,43.18734622001648
2294,0.062245506793260574,,1292.4159593582153,43.20227909088135
2295,0.05458594113588333,,1292.9734847545624,43.217231035232544
2296,0.05335734412074089,,1293.5296473503113,43.23217272758484
2297,0.05892898514866829,,1294.0863666534424,43.24711227416992
2298,0.06225665658712387,,1294.6433625221252,43.26206350326538
2299,0.055953215807676315,,1295.1998445987701,43.2770140171051
2300,0.056932393461465836,,1295.7561976909637,43.2919602394104
2301,0.05712844058871269,,1296.3128113746643,43.306901693344116
2302,0.05385979637503624,,1296.8688325881958,43.32185697555542
2303,0.05311332270503044,,1297.4254326820374,43.33680510520935
2304,0.05527348071336746,,1297.9815425872803,43.351738691329956
2305,0.056309208273887634,,1298.5381107330322,43.36669421195984
2306,0.05514806509017944,,1299.0941534042358,43.38162970542908
2307,0.05155302956700325,,1299.6507623195648,43.39658236503601
2308,0.05363357439637184,,1300.207549571991,43.411534547805786
2309,0.0508410818874836,,1300.764321565628,43.42649841308594
2310,0.05271798372268677,,1301.3203818798065,43.44143533706665
2311,0.05243665724992752,,1301.8768355846405,43.456382274627686
2312,0.05417082831263542,,1302.4328610897064,43.471322536468506
2313,0.05609283968806267,,1302.989396572113,43.486252784729004
2314,0.061632074415683746,,1303.5453162193298,43.501198291778564
2315,0.05356663092970848,,1304.101833820343,43.5161669254303
2316,0.04977165162563324,,1304.65802693367,43.53111743927002
2317,0.05340847000479698,,1305.2144968509674,43.546058177948
2318,0.05228948965668678,,1305.7705917358398,43.560999393463135
2319,0.05194263160228729,,1306.327653169632,43.57594847679138
2320,0.05005562677979469,,1306.8835997581482,43.59088850021362
2321,0.051258452236652374,,1307.440093278885,43.6058304309845
2322,0.049874790012836456,,1307.9957921504974,43.62078022956848
2323,0.0490807443857193,,1308.5522315502167,43.635709285736084
2324,0.04993277043104172,,1309.108408689499,43.65067005157471
2325,0.049846041947603226,,1309.6658840179443,43.66561484336853
2326,0.05082286521792412,,1310.2217988967896,43.68056774139404
2327,0.050937626510858536,,1310.7788634300232,43.69552159309387
2328,0.050422120839357376,,1311.335042476654,43.7104868888855
2329,0.049451008439064026,,1311.8915684223175,43.7254581451416
2330,0.05031605437397957,,1312.4479277133942,43.740400075912476
2331,0.050912681967020035,,1313.004497051239,43.75534510612488
2332,0.06607167422771454,,1313.5605943202972,43.77030563354492
2333,0.05847717821598053,,1314.1172666549683,43.785271883010864
2334,0.06023981422185898,,1314.6734771728516,43.80022430419922
2335,0.056596219539642334,,1315.2299604415894,43.81516933441162
2336,0.06295470893383026,,1315.786164522171,43.830129861831665
2337,0.05138807371258736,,1316.3426032066345,43.84508204460144
2338,0.05203346163034439,,1316.8986947536469,43.86002039909363
2339,0.05470078065991402,,1317.4548513889313,43.87496280670166
2340,0.05174028500914574,,1318.33815407753,43.88991618156433
2341,0.052221935242414474,,1318.8947703838348,43.90486121177673
2342,0.05077714845538139,,1319.4510598182678,43.919816732406616
2343,0.051568638533353806,,1320.007648229599,43.93477535247803
2344,0.05175619572401047,,1320.5636456012726,43.94971561431885
2345,0.052770666778087616,,1321.1205053329468,43.964664697647095
2346,0.052471887320280075,,1321.6767246723175,43.97962427139282
2347,0.04968150705099106,,1322.2331511974335,43.99458384513855
2348,0.04927453771233559,,1322.7893598079681,44.00952100753784
2349,0.051294680684804916,,1323.3459539413452,44.024465799331665
2350,0.04887689650058746,,1323.9022614955902,44.03941988945007
2351,0.051445260643959045,,1324.4587223529816,44.05435514450073
2352,0.04906623438000679,,1325.014969587326,44.06929659843445
2353,0.04848099127411842,,1325.5712971687317,44.08425521850586
2354,0.048550866544246674,,1326.127204656601,44.09922003746033
2355,0.04900313913822174,,1326.6837508678436,44.114187717437744
2356,0.05930226296186447,,1327.2401456832886,44.12911939620972
2357,0.05000245198607445,,1327.7968492507935,44.144076108932495
2358,0.049388475716114044,,1328.3529787063599,44.159024715423584
2359,0.04863693192601204,,1328.909538269043,44.1739661693573
2360,0.049272362142801285,,1329.4657158851624,44.18891978263855
2361,0.04972255975008011,,1330.0222561359406,44.203877687454224
2362,0.05170130729675293,,1330.578420162201,44.21882224082947
2363,0.05528741329908371,,1331.1348972320557,44.23375177383423
2364,0.05578920990228653,,1331.6910858154297,44.24870944023132
2365,0.051385194063186646,,1332.2476840019226,44.26365923881531
2366,0.05116843432188034,,1332.8038091659546,44.27860641479492
2367,0.05186361446976662,,1333.3601610660553,44.293556451797485
2368,0.06696230173110962,,1333.9163210391998,44.30850386619568
2369,0.053192101418972015,,1334.4731621742249,44.32344079017639
2370,0.053243134170770645,,1335.0291180610657,44.338377714157104
2371,0.052878834307193756,,1335.5857286453247,44.35332179069519
2372,0.05718149244785309,,1336.1417589187622,44.36826968193054
2373,0.05501621589064598,,1336.698715686798,44.383219718933105
2374,0.058018431067466736,,1337.254920721054,44.39819097518921
2375,0.05561744049191475,,1337.8120608329773,44.41312599182129
2376,0.06136975809931755,,1338.3680367469788,44.42806124687195
2377,0.056411635130643845,,1338.9246373176575,44.44301223754883
2378,0.05477607995271683,,1339.4809079170227,44.45796084403992
2379,0.05982845276594162,,1340.037570476532,44.472906827926636
2380,0.06003771349787712,,1340.5936486721039,44.48783254623413
2381,0.055522240698337555,,1341.1500825881958,44.50278568267822
2382,0.05720430612564087,,1341.7066187858582,44.517725706100464
2383,0.058182492852211,,1342.263133764267,44.53266739845276
2384,0.055424489080905914,,1342.8191709518433,44.54761862754822
2385,0.059215474873781204,,1343.375565290451,44.562556982040405
2386,0.0604567676782608,,1343.931878566742,44.577508211135864
2387,0.06806349754333496,,1344.4883131980896,44.59246015548706
2388,0.06540806591510773,,1345.0442900657654,44.607409715652466
2389,0.07606406509876251,,1345.6009747982025,44.622368574142456
2390,0.05913591384887695,,1346.157007932663,44.63731026649475
2391,0.056602850556373596,,1346.7132794857025,44.65226912498474
2392,0.05416765436530113,,1347.5952043533325,44.66723871231079
2393,0.05651111528277397,,1348.1516690254211,44.682183504104614
2394,0.056631822139024734,,1348.707777261734,44.697128772735596
2395,0.06165045499801636,,1349.2642018795013,44.712090253829956
2396,0.06179593503475189,,1349.8202440738678,44.727036237716675
2397,0.0590224489569664,,1350.3764674663544,44.74197196960449
2398,0.057499777525663376,,1350.9326932430267,44.75691318511963
2399,0.05497731268405914,,1351.4891653060913,44.771859645843506
2400,0.058946795761585236,,1352.0451350212097,44.78681254386902
2401,0.05913851410150528,,1352.6017706394196,44.80175232887268
2402,0.056229107081890106,,1353.1579794883728,44.81670045852661
2403,0.06053783744573593,,1353.714991569519,44.83162999153137
2404,0.058758243918418884,,1354.2711942195892,44.84659123420715
2405,0.06555604189634323,,1354.8278036117554,44.86152529716492
2406,0.06411143392324448,,1355.384595155716,44.876474142074585
2407,0.057729098945856094,,1355.9411833286285,44.89142298698425
2408,0.05533556267619133,,1356.4971985816956,44.90635871887207
2409,0.056344013661146164,,1357.0535871982574,44.92130494117737
2410,0.051294710487127304,,1357.6097309589386,44.93625807762146
2411,0.050287920981645584,,1358.1663756370544,44.95120120048523
2412,0.0610755980014801,,1358.7224192619324,44.966150999069214
2413,0.05546758323907852,,1359.2787218093872,44.98108673095703
2414,0.05872628465294838,,1359.834937095642,44.99601864814758
2415,0.058388788253068924,,1360.3914263248444,45.01094889640808
2416,0.053134508430957794,,1360.9472980499268,45.02590560913086
2417,0.059622928500175476,,1361.504014968872,45.04085326194763
2418,0.06423398107290268,,1362.0603415966034,45.055787324905396
2419,0.05961077660322189,,1362.616804599762,45.07073998451233
2420,0.06625554710626602,,1363.1730887889862,45.085679054260254
2421,0.06427397578954697,,1363.7294709682465,45.100621461868286
2422,0.06135645881295204,,1364.285957813263,45.11557483673096
2423,0.06082431972026825,,1364.8426036834717,45.13051199913025
2424,0.0551859512925148,,1365.3992705345154,45.14546608924866
2425,0.05360151454806328,,1365.955819606781,45.1604106426239
2426,0.05707817152142525,,1366.5120673179626,45.175358057022095
2427,0.05339469015598297,,1367.0686628818512,45.19029641151428
2428,0.055508702993392944,,1367.6246893405914,45.20525670051575
2429,0.0524958111345768,,1368.1812369823456,45.22019577026367
2430,0.05097276717424393,,1368.737177848816,45.235145568847656
2431,0.052766572684049606,,1369.2935256958008,45.25008940696716
2432,0.054421816021203995,,1369.8497397899628,45.265039682388306
2433,0.05328689515590668,,1370.4063124656677,45.279993534088135
2434,0.05858466401696205,,1370.9621953964233,45.294934034347534
2435,0.0503937304019928,,1371.5186748504639,45.30987000465393
2436,0.05097819119691849,,1372.0752720832825,45.324811935424805
2437,0.050682686269283295,,1372.63197016716,45.339765310287476
2438,0.05136343091726303,,1373.1882462501526,45.354706048965454
2439,0.05212225019931793,,1373.7450811862946,45.36965489387512
2440,0.05201900377869606,,1374.3012714385986,45.384605407714844
2441,0.05206931009888649,,1374.8575756549835,45.3995463848114
2442,0.0511939600110054,,1375.4136445522308,45.414488792419434
2443,0.05173459276556969,,1375.9702742099762,45.42943358421326
2444,0.05325959622859955,,1376.8526408672333,45.4443736076355
2445,0.05375005304813385,,1377.409598350525,45.45932698249817
2446,0.053119439631700516,,1377.965633392334,45.474268198013306
2447,0.05387440696358681,,1378.5217592716217,45.489214181900024
2448,0.05314341187477112,,1379.0777938365936,45.504167556762695
2449,0.051747601479291916,,1379.6344270706177,45.519103050231934
2450,0.05216187983751297,,1380.1904466152191,45.53406763076782
2451,0.05617813393473625,,1380.7468349933624,45.54900550842285
2452,0.05178254470229149,,1381.3037467002869,45.56395244598389
2453,0.05171807482838631,,1381.8604204654694,45.578895807266235
2454,0.05163084715604782,,1382.4171471595764,45.593870639801025
2455,0.05207224562764168,,1382.9737112522125,45.608814001083374
2456,0.05501287057995796,,1383.5297980308533,45.623756408691406
2457,0.054035477340221405,,1384.0861780643463,45.63871622085571
2458,0.05135616660118103,,1384.6423285007477,45.6536705493927
2459,0.05215643346309662,,1385.1987760066986,45.66860747337341
2460,0.05510542169213295,,1385.7547583580017,45.6835458278656
2461,0.0522126704454422,,1386.3126692771912,45.69850945472717
2462,0.051022008061409,,1386.8687160015106,45.71346187591553
2463,0.051751408725976944,,1387.4251804351807,45.728413820266724
2464,0.05197255685925484,,1387.9811341762543,45.74336838722229
2465,0.052480097860097885,,1388.5376179218292,45.75831341743469
2466,0.052147746086120605,,1389.0941305160522,45.77324557304382
2467,0.051921553909778595,,1389.6510834693909,45.78820538520813
2468,0.0507206991314888,,1390.2073202133179,45.80314564704895
2469,0.05202433466911316,,1390.7638218402863,45.81812310218811
2470,0.052111126482486725,,1391.3200662136078,45.833075523376465
2471,0.05130518227815628,,1391.8766713142395,45.84802317619324
2472,0.052993953227996826,,1392.4327504634857,45.862964153289795
2473,0.05206460505723953,,1392.989245891571,45.87793755531311
2474,0.05449753254652023,,1393.5454511642456,45.89289212226868
2475,0.05534299463033676,,1394.10182929039,45.90782833099365
2476,0.05983104929327965,,1394.6579616069794,45.92278051376343
2477,0.058214131742715836,,1395.2148852348328,45.93773126602173
2478,0.064259372651577,,1395.770958662033,45.95267128944397
2479,0.07697446644306183,,1396.3276689052582,45.967618227005005
2480,0.051675669848918915,,1396.883982181549,45.98256802558899
2481,0.05363936722278595,,1397.4407188892365,45.9975163936615
2482,0.052514687180519104,,1397.996829032898,46.01245999336243
2483,0.053504664450883865,,1398.5536658763885,46.027406215667725
2484,0.05301309749484062,,1399.1099107265472,46.042360067367554
2485,0.05425367131829262,,1399.666372537613,46.05730652809143
2486,0.05369516462087631,,1400.223180770874,46.072264194488525
2487,0.05292699486017227,,1400.7803719043732,46.08719754219055
2488,0.05230135843157768,,1401.3365468978882,46.10213112831116
2489,0.05201408267021179,,1401.8930287361145,46.11708855628967
2490,0.0518648624420166,,1402.448852777481,46.13203048706055
2491,0.051877036690711975,,1403.0055363178253,46.14698529243469
2492,0.05277327075600624,,1403.5618014335632,46.16192674636841
2493,0.05421042814850807,,1404.1183633804321,46.17688775062561
2494,0.05885815992951393,,1404.6745142936707,46.19183015823364
2495,0.1149597018957138,,1405.2310128211975,46.20676875114441
2496,0.0624859482049942,,1406.1132061481476,46.22171378135681
2497,0.0761866346001625,,1406.669596672058,46.23664307594299
2498,0.09504100680351257,,1407.2259027957916,46.25159001350403
2499,0.0563567653298378,,1407.7826449871063,46.2665331363678
2500,0.05407986417412758,-0.003807434579357505,1408.3388159275055,48.024107933044434
2501,0.05403752997517586,,1408.8953862190247,48.039050340652466
2502,0.05295410379767418,,1409.451339483261,48.053993940353394
2503,0.05093231424689293,,1410.0079333782196,48.06895470619202
2504,0.0528733916580677,,1410.5641436576843,48.0839056968689
2505,0.05301610007882118,,1411.1208157539368,48.09886050224304
2506,0.054010987281799316,,1411.6769423484802,48.11380195617676
2507,0.05168022960424423,,1412.2335631847382,48.12873911857605
2508,0.0567302443087101,,1412.7898786067963,48.14367890357971
2509,0.053715676069259644,,1413.3462316989899,48.158629179000854
2510,0.05216680094599724,,1413.9024860858917,48.17358446121216
2511,0.05321840941905975,,1414.4590437412262,48.188535928726196
2512,0.05539800971746445,,1415.015400648117,48.20347785949707
2513,0.05458647012710571,,1415.571926832199,48.218419551849365
2514,0.05480235815048218,,1416.128173828125,48.233375787734985
2515,0.05306496098637581,,1416.6848125457764,48.248321771621704
2516,0.051781654357910156,,1417.2409191131592,48.26326084136963
2517,0.05149398371577263,,1417.7974212169647,48.278199672698975
2518,0.05474425107240677,,1418.353462934494,48.29313611984253
2519,0.055235981941223145,,1418.9100794792175,48.3080849647522
2520,0.05376288667321205,,1419.466322183609,48.32303547859192
2521,0.0551489032804966,,1420.0229449272156,48.337990522384644
2522,0.057440899312496185,,1420.5789449214935,48.35295748710632
2523,0.05192304775118828,,1421.1353771686554,48.36790442466736
2524,0.05920208990573883,,1421.6916329860687,48.38285207748413
2525,0.06690932810306549,,1422.2481985092163,48.39782786369324
2526,0.05736217275261879,,1422.8046381473541,48.41278672218323
2527,0.06720005720853806,,1423.3611149787903,48.42774271965027
2528,0.060380224138498306,,1423.9176585674286,48.442700147628784
2529,0.058888014405965805,,1424.4746398925781,48.45765137672424
2530,0.05982374772429466,,1425.0312914848328,48.47264242172241
2531,0.058220770210027695,,1425.5879232883453,48.48759984970093
2532,0.06326840817928314,,1426.1441915035248,48.502535343170166
2533,0.05859784781932831,,1426.700558423996,48.51748967170715
2534,0.05511663109064102,,1427.2564055919647,48.53243589401245
2535,0.05367037653923035,,1427.8131482601166,48.54738450050354
2536,0.052876073867082596,,1428.369411945343,48.56233096122742
2537,0.05950675159692764,,1428.9258315563202,48.57728433609009
2538,0.05358510464429855,,1429.4818091392517,48.59227180480957
2539,0.05233246833086014,,1430.0383245944977,48.60721564292908
2540,0.05450257286429405,,1430.594515800476,48.622148275375366
2541,0.05388623848557472,,1431.151210308075,48.63708543777466
2542,0.052936799824237823,,1431.707465171814,48.652037382125854
2543,0.053840186446905136,,1432.264038324356,48.66698956489563
2544,0.05179217830300331,,1432.8212945461273,48.681946754455566
2545,0.053596507757902145,,1433.377780675888,48.696905851364136
2546,0.05491889640688896,,1433.9348163604736,48.71186900138855
2547,0.052283138036727905,,1434.4914507865906,48.72682595252991
2548,0.06453751772642136,,1435.3736763000488,48.741788148880005
2549,0.055678147822618484,,1435.9305005073547,48.75674819946289
2550,0.05418086796998978,,1436.4878087043762,48.771692991256714
2551,0.05479490011930466,,1437.044361114502,48.786653995513916
2552,0.052253127098083496,,1437.6006286144257,48.801599979400635
2553,0.056320082396268845,,1438.1569843292236,48.81653332710266
2554,0.05660608410835266,,1438.7130568027496,48.83147573471069
2555,0.0536080002784729,,1439.2697122097015,48.846429109573364
2556,0.056954436004161835,,1439.8258123397827,48.86141848564148
2557,0.05327855795621872,,1440.3823726177216,48.876365661621094
2558,0.05283772572875023,,1440.9384002685547,48.8912992477417
2559,0.0516807921230793,,1441.4952895641327,48.906245708465576
2560,0.052927713841199875,,1442.051448583603,48.92118453979492
2561,0.05467682331800461,,1442.6083884239197,48.93613052368164
2562,0.058696042746305466,,1443.1641030311584,48.951088190078735
2563,0.05723770335316658,,1443.7208395004272,48.966039180755615
2564,0.06309820711612701,,1444.2768304347992,48.980985164642334
2565,0.059681326150894165,,1444.8334727287292,48.995927572250366
2566,0.054577067494392395,,1445.3896532058716,49.01086378097534
2567,0.053745023906230927,,1445.946409702301,49.02580714225769
2568,0.05996498838067055,,1446.5026650428772,49.04075217247009
2569,0.0544947125017643,,1447.0594007968903,49.055705308914185
2570,0.05495753139257431,,1447.6156115531921,49.070650815963745
2571,0.05475974082946777,,1448.172592639923,49.08560872077942
2572,0.05954819172620773,,1448.7286128997803,49.100555658340454
2573,0.05906848981976509,,1449.2851355075836,49.11548399925232
2574,0.055870894342660904,,1449.8414919376373,49.13043212890625
2575,0.06435442715883255,,1450.3984467983246,49.14539289474487
2576,0.059188537299633026,,1450.9552118778229,49.160497188568115
2577,0.08311503380537033,,1451.5153279304504,49.17566728591919
2578,0.05440793186426163,,1452.072227716446,49.19061470031738
2579,0.05950791761279106,,1452.6287906169891,49.20555305480957
2580,0.059688638895750046,,1453.1848106384277,49.220510959625244
2581,0.06115816906094551,,1453.7414593696594,49.235450744628906
2582,0.0608297623693943,,1454.2979788780212,49.25039792060852
2583,0.06229087710380554,,1454.8545980453491,49.26533579826355
2584,0.06004177778959274,,1455.4108505249023,49.28029680252075
2585,0.060356538742780685,,1455.9673824310303,49.295236587524414
2586,0.06274698674678802,,1456.5234332084656,49.31018924713135
2587,0.057915691286325455,,1457.0800914764404,49.32515025138855
2588,0.06675581634044647,,1457.6363453865051,49.34009623527527
2589,0.06174948811531067,,1458.1929190158844,49.35503530502319
2590,0.05851723626255989,,1458.7491915225983,49.37000322341919
2591,0.06158721446990967,,1459.3056106567383,49.38496470451355
2592,0.06268729269504547,,1459.86248087883,49.39991998672485
2593,0.06172151863574982,,1460.4193778038025,49.41486668586731
2594,0.06418642401695251,,1460.9755568504333,49.429810523986816
2595,0.062296003103256226,,1461.5320644378662,49.44476342201233
2596,0.0638556182384491,,1462.088222026825,49.45971441268921
2597,0.057449642568826675,,1462.6447658538818,49.47466516494751
2598,0.057677894830703735,,1463.2007491588593,49.489607095718384
2599,0.05621398612856865,,1463.7572815418243,49.504558086395264
2600,0.05981767177581787,,1464.6398086547852,49.51952123641968
2601,0.05481624975800514,,1465.1963205337524,49.53448009490967
2602,0.05632498860359192,,1465.7524354457855,49.54942345619202
2603,0.058045465499162674,,1466.3089067935944,49.56436538696289
2604,0.056216802448034286,,1466.8650097846985,49.57931160926819
2605,0.05437259003520012,,1467.4213230609894,49.594260692596436
2606,0.05539938062429428,,1467.9774119853973,49.60920977592468
2607,0.05459264665842056,,1468.5342082977295,49.62415337562561
2608,0.056313544511795044,,1469.089962720871,49.63911485671997
2609,0.056750886142253876,,1469.6465249061584,49.65406107902527
2610,0.05567255616188049,,1470.2025318145752,49.66899037361145
2611,0.05504516512155533,,1470.7590129375458,49.683937788009644
2612,0.05567893013358116,,1471.314725637436,49.698888063430786
2613,0.05525806546211243,,1471.8715257644653,49.713831424713135
2614,0.05522410571575165,,1472.4276251792908,49.72877097129822
2615,0.06556744873523712,,1472.9837799072266,49.74371099472046
2616,0.05365650728344917,,1473.5398290157318,49.75865983963013
2617,0.06004098430275917,,1474.0972137451172,49.773624420166016
2618,0.053592704236507416,,1474.6532409191132,49.78858208656311
2619,0.05518641695380211,,1475.2096462249756,49.80351758003235
2620,0.05819401517510414,,1475.7658305168152,49.81847047805786
2621,0.055439453572034836,,1476.3224861621857,49.83341670036316
2622,0.058922331780195236,,1476.8785333633423,49.848374128341675
2623,0.05922962725162506,,1477.4364368915558,49.86331248283386
2624,0.05710877850651741,,1477.9925527572632,49.87825345993042
2625,0.05997408553957939,,1478.5494735240936,49.893203258514404
2626,0.060479775071144104,,1479.1055805683136,49.90813374519348
2627,0.05743508040904999,,1479.6621351242065,49.923094511032104
2628,0.05423467978835106,,1480.2180724143982,49.938042640686035
2629,0.056837741285562515,,1480.7745411396027,49.95299673080444
2630,0.0562635138630867,,1481.330567598343,49.96794271469116
2631,0.05806535854935646,,1481.8870146274567,49.98289179801941
2632,0.058267273008823395,,1482.443365097046,49.99783897399902
2633,0.06079201400279999,,1482.9999973773956,50.012794971466064
2634,0.05949717015028,,1483.5567739009857,50.02773952484131
2635,0.06300975382328033,,1484.113177061081,50.04269313812256
2636,0.05796069651842117,,1484.669308423996,50.05764889717102
2637,0.05724997818470001,,1485.2257766723633,50.07259654998779
2638,0.055014871060848236,,1485.7817318439484,50.087536334991455
2639,0.0586615689098835,,1486.3381838798523,50.10249376296997
2640,0.05631410703063011,,1486.8942708969116,50.11743354797363
2641,0.06205202639102936,,1487.450782775879,50.132386445999146
2642,0.0568319596350193,,1488.0069468021393,50.14733815193176
2643,0.055942364037036896,,1488.563381910324,50.16228747367859
2644,0.05814768746495247,,1489.1194162368774,50.17725372314453
2645,0.05807643383741379,,1489.6760523319244,50.192211627960205
2646,0.05789162963628769,,1490.2318348884583,50.207136392593384
2647,0.057946398854255676,,1490.7882537841797,50.22209095954895
2648,0.056730967015028,,1491.3442733287811,50.237046241760254
2649,0.06059222295880318,,1491.901272058487,50.25199270248413
2650,0.06393776088953018,,1492.4575238227844,50.266947984695435
2651,0.056744035333395004,,1493.0141744613647,50.28187966346741
2652,0.053371403366327286,,1493.8963088989258,50.296818017959595
2653,0.05250633880496025,,1494.4530782699585,50.31177878379822
2654,0.057426635175943375,,1495.0092520713806,50.326722860336304
2655,0.060260433703660965,,1495.566577911377,50.34167742729187
2656,0.05857181176543236,,1496.1226890087128,50.356616735458374
2657,0.05365142598748207,,1496.6800112724304,50.371575593948364
2658,0.06007840856909752,,1497.23606300354,50.386542081832886
2659,0.054432015866041183,,1497.7927660942078,50.40147805213928
2660,0.05449262633919716,,1498.3488252162933,50.41642928123474
2661,0.05527583509683609,,1498.9052300453186,50.43136286735535
2662,0.05259120836853981,,1499.4615030288696,50.44630408287048
2663,0.05535842850804329,,1500.0180687904358,50.46125268936157
2664,0.06332909315824509,,1500.5741078853607,50.476191997528076
2665,0.05901907756924629,,1501.1309607028961,50.4911470413208
2666,0.0566665418446064,,1501.687178850174,50.506088733673096
2667,0.059631891548633575,,1502.2436981201172,50.52102279663086
2668,0.06737667322158813,,1502.7996697425842,50.53595995903015
2669,0.06388060003519058,,1503.3563287258148,50.55091834068298
2670,0.057452332228422165,,1503.9124035835266,50.56587028503418
2671,0.058925192803144455,,1504.4696564674377,50.580806016922
2672,0.058016687631607056,,1505.0256447792053,50.59574770927429
2673,0.060881443321704865,,1505.5833849906921,50.61070799827576
2674,0.05409437417984009,,1506.1396026611328,50.625656843185425
2675,0.055025357753038406,,1506.6970310211182,50.64058995246887
2676,0.05170771852135658,,1507.2537121772766,50.655527114868164
2677,0.056181926280260086,,1507.8103547096252,50.67048215866089
2678,0.05398503690958023,,1508.3662505149841,50.685428857803345
2679,0.05468137562274933,,1508.922932624817,50.700363636016846
2680,0.051768358796834946,,1509.4791550636292,50.71531128883362
2681,0.0536288283765316,,1510.035403251648,50.73024821281433
2682,0.053381308913230896,,1510.5914494991302,50.74518966674805
2683,0.052796754986047745,,1511.1481320858002,50.76012206077576
2684,0.05328948050737381,,1511.7042496204376,50.77505707740784
2685,0.053268130868673325,,1512.260413646698,50.79000759124756
2686,0.05326860025525093,,1512.8167555332184,50.80494284629822
2687,0.053659096360206604,,1513.3733577728271,50.819883584976196
2688,0.053953565657138824,,1513.929281949997,50.83482098579407
2689,0.05410097539424896,,1514.4857432842255,50.849772930145264
2690,0.05918021500110626,,1515.041862487793,50.86473107337952
2691,0.056772489100694656,,1515.5984926223755,50.879690408706665
2692,0.05597864091396332,,1516.154504776001,50.89463138580322
2693,0.05648975446820259,,1516.7111582756042,50.90956449508667
2694,0.05273410677909851,,1517.2672975063324,50.92452645301819
2695,0.05587675794959068,,1517.8237726688385,50.93947911262512
2696,0.05641820654273033,,1518.3797731399536,50.954427003860474
2697,0.05386030673980713,,1518.93643784523,50.969380378723145
2698,0.05201750993728638,,1519.492763519287,50.98431396484375
2699,0.056357111781835556,,1520.0494775772095,50.99925780296326
2700,0.053983986377716064,,1520.6055281162262,51.01419138908386
2701,0.0533740408718586,,1521.162040233612,51.029141426086426
2702,0.056468814611434937,,1521.7181742191315,51.04408669471741
2703,0.05427353084087372,,1522.2751874923706,51.059032678604126
2704,0.05509289354085922,,1523.1579928398132,51.07398796081543
2705,0.05666240677237511,,1523.7145109176636,51.08894968032837
2706,0.0546017624437809,,1524.2704474925995,51.103888750076294
2707,0.05651620775461197,,1524.8270938396454,51.1188485622406
2708,0.053814709186553955,,1525.3829731941223,51.133790731430054
2709,0.05366382375359535,,1525.9393784999847,51.148743867874146
2710,0.05499634891748428,,1526.4953157901764,51.16369891166687
2711,0.051957614719867706,,1527.0517649650574,51.17864227294922
2712,0.05225120857357979,,1527.6076562404633,51.193602323532104
2713,0.05191851407289505,,1528.164273738861,51.20854711532593
2714,0.05417283624410629,,1528.720377445221,51.22350549697876
2715,0.05391805246472359,,1529.2768788337708,51.238455057144165
2716,0.05105971917510033,,1529.832935810089,51.2534065246582
2717,0.052016738802194595,,1530.3891394138336,51.26835370063782
2718,0.051993902772665024,,1530.9460625648499,51.28331971168518
2719,0.051524680107831955,,1531.5025990009308,51.29829144477844
2720,0.05107453465461731,,1532.0593116283417,51.313260555267334
2721,0.05120895802974701,,1532.6157290935516,51.32820677757263
2722,0.05293235555291176,,1533.1717734336853,51.343165159225464
2723,0.052452072501182556,,1533.7283155918121,51.35810875892639
2724,0.051247864961624146,,1534.284366607666,51.37306237220764
2725,0.05015754699707031,,1534.841115951538,51.388023138046265
2726,0.050567883998155594,,1535.397043466568,51.40298557281494
2727,0.05902956426143646,,1535.9534873962402,51.41793155670166
2728,0.05124429613351822,,1536.5095791816711,51.43286871910095
2729,0.052852995693683624,,1537.0660243034363,51.44783091545105
2730,0.05353298783302307,,1537.6220834255219,51.46277832984924
2731,0.0535423681139946,,1538.1786205768585,51.4777135848999
2732,0.051461271941661835,,1538.734692811966,51.49266600608826
2733,0.051422327756881714,,1539.2911901474,51.50761580467224
2734,0.05415528267621994,,1539.847564458847,51.52257537841797
2735,0.05105210840702057,,1540.4040615558624,51.53752517700195
2736,0.04999144747853279,,1540.9602251052856,51.5524845123291
2737,0.051465023308992386,,1541.5170736312866,51.5674467086792
2738,0.051032572984695435,,1542.07310962677,51.582401275634766
2739,0.05043090879917145,,1542.6299567222595,51.597338914871216
2740,0.051161330193281174,,1543.1860609054565,51.61228084564209
2741,0.052579596638679504,,1543.7425417900085,51.627235412597656
2742,0.05192861706018448,,1544.2985451221466,51.642183780670166
2743,0.05336731672286987,,1544.8550245761871,51.6571261882782
2744,0.05232027545571327,,1545.411076784134,51.67209196090698
2745,0.05096597969532013,,1545.9675970077515,51.687031745910645
2746,0.050805531442165375,,1546.5238347053528,51.7019898891449
2747,0.05404188111424446,,1547.0802738666534,51.71695685386658
2748,0.05285540595650673,,1547.6365139484406,51.731898069381714
2749,0.05105234682559967,,1548.1930377483368,51.74685096740723
2750,0.05423557385802269,,1548.7492263317108,51.76180148124695
2751,0.05373311787843704,,1549.305680513382,51.776742935180664
2752,0.05770818889141083,,1549.861627817154,51.7917103767395
2753,0.0565880686044693,,1550.4189193248749,51.80666375160217
2754,0.05162298306822777,,1550.975378036499,51.821622371673584
2755,0.051299791783094406,,1551.532029390335,51.83656668663025
2756,0.053757745772600174,,1552.4145345687866,51.85151791572571
2757,0.05211588740348816,,1552.9711287021637,51.86646103858948
2758,0.06025787815451622,,1553.5274817943573,51.88140845298767
2759,0.0537874810397625,,1554.0838947296143,51.89636945724487
2760,0.05342009291052818,,1554.6402339935303,51.911317110061646
2761,0.058406759053468704,,1555.1965744495392,51.92626118659973
2762,0.059847310185432434,,1555.752762556076,51.94120526313782
2763,0.054192543029785156,,1556.3089489936829,51.956146478652954
2764,0.0546322762966156,,1556.8650259971619,51.97109508514404
2765,0.058942705392837524,,1557.4215412139893,51.98604416847229
2766,0.07854470610618591,,1557.9791107177734,52.000972509384155
2767,0.06660113483667374,,1558.535760641098,52.01591515541077
2768,0.05463399365544319,,1559.0917937755585,52.03087115287781
2769,0.056082312017679214,,1559.6482038497925,52.0458242893219
2770,0.06517340987920761,,1560.2044644355774,52.060789585113525
2771,0.07228805124759674,,1560.7609233856201,52.075735092163086
2772,0.06988246738910675,,1561.316888809204,52.0906777381897
2773,0.06796952337026596,,1561.873496055603,52.105634927749634
2774,0.05555761232972145,,1562.4296181201935,52.12057447433472
2775,0.053096745163202286,,1562.9860436916351,52.135533809661865
2776,0.05399313196539879,,1563.5423018932343,52.150482177734375
2777,0.05222474783658981,,1564.0987508296967,52.16542053222656
2778,0.05546428635716438,,1564.654779434204,52.18036437034607
2779,0.051621805876493454,,1565.21133685112,52.19532060623169
2780,0.05035858973860741,,1565.7672402858734,52.21027374267578
2781,0.05496682971715927,,1566.324060201645,52.22521686553955
2782,0.05118278041481972,,1566.8805313110352,52.240153312683105
2783,0.050521064549684525,,1567.4370894432068,52.25510025024414
2784,0.0508735291659832,,1567.9937226772308,52.27006220817566
2785,0.057360075414180756,,1568.5504150390625,52.28500533103943
2786,0.052182793617248535,,1569.1064534187317,52.2999529838562
2787,0.05303098261356354,,1569.6628730297089,52.31491541862488
2788,0.05248382315039635,,1570.219031572342,52.32986640930176
2789,0.059932444244623184,,1570.7757823467255,52.34481358528137
2790,0.06460031121969223,,1571.3319051265717,52.35975217819214
2791,0.058414481580257416,,1571.888620376587,52.374701261520386
2792,0.05557846277952194,,1572.444727897644,52.38964343070984
2793,0.05674357712268829,,1573.0011582374573,52.40459060668945
2794,0.05555704981088638,,1573.5573017597198,52.41952610015869
2795,0.06191800907254219,,1574.1138417720795,52.43447780609131
2796,0.06468319147825241,,1574.6701085567474,52.449424028396606
2797,0.0584968701004982,,1575.2267179489136,52.46438026428223
2798,0.05680335685610771,,1575.783432006836,52.47933840751648
2799,0.05482159182429314,,1576.3399193286896,52.49428749084473
2800,0.06024959683418274,,1576.8966970443726,52.509278774261475
2801,0.0567418597638607,,1577.45352435112,52.52422881126404
2802,0.05825085565447807,,1578.0103754997253,52.539172410964966
2803,0.06035096198320389,,1578.56720328331,52.55412411689758
2804,0.05876803770661354,,1579.1233587265015,52.56906270980835
2805,0.056473374366760254,,1579.6798248291016,52.58400106430054
2806,0.055551741272211075,,1580.2358131408691,52.598939180374146
2807,0.056388162076473236,,1580.7922484874725,52.613887786865234
2808,0.05654160678386688,,1581.673936367035,52.628825664520264
2809,0.05373845994472504,,1582.2302327156067,52.64377427101135
2810,0.05543709918856621,,1582.7862980365753,52.658719062805176
2811,0.05458778142929077,,1583.3426909446716,52.673665046691895
2812,0.056829310953617096,,1583.8990433216095,52.688612937927246
2813,0.056095074862241745,,1584.4559240341187,52.70356106758118
2814,0.057214464992284775,,1585.011866569519,52.718509674072266
2815,0.05341382324695587,,1585.5684349536896,52.733444929122925
2816,0.05446605384349823,,1586.1245698928833,52.748393058776855
2817,0.05165284499526024,,1586.6810336112976,52.763344049453735
2818,0.05102023854851723,,1587.2370345592499,52.77827835083008
2819,0.05347924306988716,,1587.7933869361877,52.7932186126709
2820,0.05403831973671913,,1588.34930062294,52.808159828186035
2821,0.05145407095551491,,1588.9056408405304,52.823110818862915
2822,0.052635788917541504,,1589.461348772049,52.838051080703735
2823,0.055499784648418427,,1590.0181045532227,52.85299897193909
2824,0.05235552787780762,,1590.5741124153137,52.86795234680176
2825,0.0537324957549572,,1591.1305203437805,52.88291049003601
2826,0.055674273520708084,,1591.686344385147,52.89786148071289
2827,0.05414367839694023,,1592.242820739746,52.91280698776245
2828,0.05325198173522949,,1592.7988612651825,52.9277400970459
2829,0.05675053596496582,,1593.355232000351,52.94269418716431
2830,0.05670568719506264,,1593.9117939472198,52.95763182640076
2831,0.05570663884282112,,1594.4684090614319,52.97256588935852
2832,0.057331908494234085,,1595.02529835701,52.98752474784851
2833,0.05692605301737785,,1595.5817914009094,53.00247859954834
2834,0.05670629441738129,,1596.1377940177917,53.01742506027222
2835,0.05871693789958954,,1596.694669008255,53.03238773345947
2836,0.05522109940648079,,1597.2506880760193,53.0473473072052
2837,0.05512460321187973,,1597.8070712089539,53.062291860580444
2838,0.05261024460196495,,1598.3630051612854,53.077240228652954
2839,0.05596640333533287,,1598.9196121692657,53.092182874679565
2840,0.05381777882575989,,1599.4756021499634,53.1071252822876
2841,0.05389232188463211,,1600.0320837497711,53.1220817565918
2842,0.05225212126970291,,1600.5880782604218,53.13702082633972
2843,0.055491600185632706,,1601.144511461258,53.15196704864502
2844,0.05425455421209335,,1601.7006888389587,53.16691327095032
2845,0.055696964263916016,,1602.2572939395905,53.18187069892883
2846,0.055812664330005646,,1602.813381910324,53.19682025909424
2847,0.056066907942295074,,1603.3699026107788,53.21177792549133
2848,0.0583704374730587,,1603.926293849945,53.22673034667969
2849,0.05863397195935249,,1604.4827859401703,53.241676330566406
2850,0.056882500648498535,,1605.038830280304,53.25662446022034
2851,0.05596277862787247,,1605.5964033603668,53.27156138420105
2852,0.053965404629707336,,1606.1521644592285,53.28651452064514
2853,0.053722791373729706,,1606.7085428237915,53.30147361755371
2854,0.05297167971730232,,1607.2647469043732,53.31641364097595
2855,0.05105476826429367,,1607.8212151527405,53.33137130737305
2856,0.053292904049158096,,1608.3772201538086,53.34634780883789
2857,0.05158311128616333,,1608.9336352348328,53.361292362213135
2858,0.053200140595436096,,1609.4898521900177,53.376235485076904
2859,0.051896706223487854,,1610.045828819275,53.39119577407837
2860,0.0523250550031662,,1610.9280517101288,53.406145334243774
2861,0.05108093097805977,,1611.4847118854523,53.42111372947693
2862,0.050453606992959976,,1612.040888786316,53.436055183410645
2863,0.04987940192222595,,1612.5974252223969,53.45098686218262
2864,0.05108664557337761,,1613.153422832489,53.46592903137207
2865,0.04961824044585228,,1613.7102901935577,53.480894327163696
2866,0.05219908058643341,,1614.2662343978882,53.49583315849304
2867,0.05056937038898468,,1614.822503566742,53.510759115219116
2868,0.06618717312812805,,1615.378451347351,53.525723695755005
2869,0.0494212880730629,,1615.9349093437195,53.5406699180603
2870,0.052158910781145096,,1616.491054058075,53.5556275844574
2871,0.05430348217487335,,1617.0475618839264,53.57058501243591
2872,0.05230996012687683,,1617.6035494804382,53.58552598953247
2873,0.05187544971704483,,1618.160168647766,53.60046625137329
2874,0.05450912192463875,,1618.716145992279,53.61540365219116
2875,0.05396919324994087,,1619.2727346420288,53.63035583496094
2876,0.051793117076158524,,1619.8289346694946,53.645296573638916
2877,0.05058540031313896,,1620.3853492736816,53.66023397445679
2878,0.05139073356986046,,1620.9417119026184,53.67518448829651
2879,0.051160942763090134,,1621.498408317566,53.690131425857544
2880,0.05115704983472824,,1622.054804801941,53.70507526397705
2881,0.05128040164709091,,1622.6115148067474,53.720024824142456
2882,0.05169722065329552,,1623.1677739620209,53.7349808216095
2883,0.05369643121957779,,1623.7242271900177,53.74992609024048
2884,0.05171087011694908,,1624.2803897857666,53.76485896110535
2885,0.0532345250248909,,1624.8371894359589,53.77982139587402
2886,0.05508190393447876,,1625.393661737442,53.794761657714844
2887,0.05542391538619995,,1625.9502475261688,53.8097038269043
2888,0.053373876959085464,,1626.506239414215,53.8246648311615
2889,0.05278542637825012,,1627.0625369548798,53.839614152908325
2890,0.051874060183763504,,1627.618834733963,53.854578495025635
2891,0.049898840487003326,,1628.1752383708954,53.86951756477356
2892,0.0495920367538929,,1628.731198310852,53.884453535079956
2893,0.04997112601995468,,1629.2879700660706,53.899404764175415
2894,0.0518377460539341,,1629.8440766334534,53.914347648620605
2895,0.05039205029606819,,1630.400784254074,53.929298877716064
2896,0.05145905911922455,,1630.9571478366852,53.94423794746399
2897,0.04957081750035286,,1631.5134785175323,53.95918369293213
2898,0.051502078771591187,,1632.069561958313,53.97413206100464
2899,0.051796283572912216,,1632.6263589859009,53.98907160758972
2900,0.05157174915075302,,1633.1825678348541,54.00400996208191
2901,0.053365323692560196,,1633.7388939857483,54.01895570755005
2902,0.05458929389715195,,1634.2948668003082,54.03390288352966
2903,0.053475867956876755,,1634.8514001369476,54.048850297927856
2904,0.051259446889162064,,1635.4075150489807,54.06378245353699
2905,0.05233629792928696,,1635.9642326831818,54.07872700691223
2906,0.05180548131465912,,1636.520385980606,54.09367632865906
2907,0.052067846059799194,,1637.0775859355927,54.10861396789551
2908,0.050790391862392426,,1637.6336390972137,54.1235568523407
2909,0.050278376787900925,,1638.1899437904358,54.13849472999573
2910,0.05124150216579437,,1638.7458457946777,54.15343499183655
2911,0.05313984304666519,,1639.3021688461304,54.16836142539978
2912,0.052919939160346985,,1640.184846162796,54.183303117752075
2913,0.05177183821797371,,1640.741150856018,54.1982581615448
2914,0.05239588022232056,,1641.2969694137573,54.21320056915283
2915,0.052538540214300156,,1641.8533327579498,54.22813296318054
2916,0.050721533596515656,,1642.4094409942627,54.243077754974365
2917,0.0508735291659832,,1642.965900182724,54.2580246925354
2918,0.05211280286312103,,1643.5218443870544,54.27296209335327
2919,0.05290737375617027,,1644.0786390304565,54.28792142868042
2920,0.056116800755262375,,1644.6347086429596,54.30286478996277
2921,0.053223978728055954,,1645.1910803318024,54.31782388687134
2922,0.0531398206949234,,1645.7470965385437,54.33276724815369
2923,0.05417371168732643,,1646.3034541606903,54.34771203994751
2924,0.053691912442445755,,1646.8595151901245,54.362656354904175
2925,0.06477915495634079,,1647.4168138504028,54.377601146698
2926,0.07877563685178757,,1647.9729199409485,54.392549991607666
2927,0.05862953141331673,,1648.5296733379364,54.40750312805176
2928,0.05662055313587189,,1649.0862262248993,54.42244529724121
2929,0.05597419664263725,,1649.6425440311432,54.437384843826294
2930,0.0545615553855896,,1650.198543548584,54.45233607292175
2931,0.05568036809563637,,1650.7550902366638,54.46728181838989
2932,0.052627045661211014,,1651.3113832473755,54.482234716415405
2933,0.054073359817266464,,1651.867916584015,54.49717450141907
2934,0.0559612400829792,,1652.4240911006927,54.51211953163147
2935,0.051916055381298065,,1652.9805665016174,54.52705192565918
2936,0.05390644818544388,,1653.536716222763,54.54200196266174
2937,0.05982343852519989,,1654.0931680202484,54.55695557594299
2938,0.05483538284897804,,1654.649207353592,54.57189083099365
2939,0.05949186533689499,,1655.2057166099548,54.5868284702301
2940,0.05777180567383766,,1655.7621154785156,54.601778507232666
2941,0.0551711767911911,,1656.3185760974884,54.61671590805054
2942,0.05259763449430466,,1656.874718427658,54.631651878356934
2943,0.0519346185028553,,1657.431125164032,54.64659357070923
2944,0.05193875730037689,,1657.987247467041,54.661547899246216
2945,0.05184643343091011,,1658.5435709953308,54.67650294303894
2946,0.051363635808229446,,1659.0994763374329,54.691450357437134
2947,0.056028030812740326,,1659.655951499939,54.706401109695435
2948,0.05306010693311691,,1660.2118532657623,54.72134065628052
2949,0.054390374571084976,,1660.7687537670135,54.73628854751587
2950,0.051286373287439346,,1661.3246395587921,54.75125741958618
2951,0.05021793767809868,,1661.8812351226807,54.76622533798218
2952,0.054452188313007355,,1662.4371893405914,54.78116178512573
2953,0.05432307347655296,,1662.993599653244,54.79611420631409
2954,0.053450923413038254,,1663.549476146698,54.81107187271118
2955,0.05401132255792618,,1664.106012582779,54.826019048690796
2956,0.05409524589776993,,1664.6619820594788,54.84096026420593
2957,0.053547631949186325,,1665.2188889980316,54.8559193611145
2958,0.05190778523683548,,1665.7749257087708,54.87086510658264
2959,0.05281407758593559,,1666.332571029663,54.885828256607056
2960,0.05070825666189194,,1666.8890707492828,54.90078783035278
2961,0.05151231214404106,,1667.4455680847168,54.915748834609985
2962,0.05314306542277336,,1668.0016193389893,54.9307119846344
2963,0.05127163976430893,,1668.5580704212189,54.94566059112549
2964,0.05151829868555069,,1669.44064950943,54.96060395240784
2965,0.05710688978433609,,1669.9972434043884,54.975544452667236
2966,0.05390205979347229,,1670.553437948227,54.99049186706543
2967,0.05754475295543671,,1671.1101570129395,55.00545573234558
2968,0.05406651273369789,,1671.6663110256195,55.02044868469238
2969,0.054442163556814194,,1672.222844839096,55.03538465499878
2970,0.05312512814998627,,1672.7794435024261,55.050321102142334
2971,0.05271824821829796,,1673.3360524177551,55.065276861190796
2972,0.049724940210580826,,1673.892639875412,55.08023738861084
2973,0.05066809803247452,,1674.449543952942,55.09518218040466
2974,0.05087589472532272,,1675.0055034160614,55.11013913154602
2975,0.0499960333108902,,1675.5621683597565,55.12511110305786
2976,0.05571626126766205,,1676.118436574936,55.140063524246216
2977,0.053546663373708725,,1676.6748530864716,55.155006885528564
2978,0.04886827990412712,,1677.2311654090881,55.1699435710907
2979,0.052166424691677094,,1677.7877492904663,55.18490242958069
2980,0.05009424313902855,,1678.3438589572906,55.19985342025757
2981,0.04758913442492485,,1678.9001717567444,55.21479320526123
2982,0.04895608127117157,,1679.4561154842377,55.22973561286926
2983,0.054241374135017395,,1680.0128262043,55.24469256401062
2984,0.05127202719449997,,1680.5685393810272,55.259631872177124
2985,0.048394959419965744,,1681.1250755786896,55.274572134017944
2986,0.050296586006879807,,1681.6812343597412,55.28952097892761
2987,0.049121610820293427,,1682.2376415729523,55.30446529388428
2988,0.0520266517996788,,1682.793954372406,55.31941270828247
2989,0.055134959518909454,,1683.3505442142487,55.33435606956482
2990,0.051492225378751755,,1683.9065759181976,55.349294662475586
2991,0.051541272550821304,,1684.4638855457306,55.364243507385254
2992,0.04881643131375313,,1685.020208120346,55.379186391830444
2993,0.0492452010512352,,1685.5766384601593,55.394142389297485
2994,0.050931062549352646,,1686.132872581482,55.40909814834595
2995,0.04937702417373657,,1686.6891918182373,55.4240345954895
2996,0.048410315066576004,,1687.2451031208038,55.43898940086365
2997,0.05917280539870262,,1687.8014779090881,55.45392847061157
2998,0.04867611825466156,,1688.3573038578033,55.46887755393982
2999,0.04811124876141548,,1688.9138762950897,55.48382210731506
3000,0.048429980874061584,-0.002985915634781122,1689.4698469638824,57.24128031730652
3001,0.04892870783805847,,1690.0265414714813,57.256227016448975
3002,0.05054393783211708,,1690.5825567245483,57.27117109298706
3003,0.04900297895073891,,1691.1396613121033,57.286112785339355
3004,0.04908296838402748,,1691.6957037448883,57.30106067657471
3005,0.05098864808678627,,1692.2523128986359,57.315995931625366
3006,0.0514945313334465,,1692.8082778453827,57.330952405929565
3007,0.04944906756281853,,1693.365108013153,57.3458936214447
3008,0.051242418587207794,,1693.9212863445282,57.36083936691284
3009,0.051201652735471725,,1694.4775924682617,57.37578296661377
3010,0.052251167595386505,,1695.0335147380829,57.390724897384644
3011,0.056446682661771774,,1695.5900015830994,57.40566921234131
3012,0.0560106597840786,,1696.1465225219727,57.42062258720398
3013,0.05143267661333084,,1696.7029852867126,57.435561180114746
3014,0.05069240555167198,,1697.2589123249054,57.45049977302551
3015,0.05187969654798508,,1697.815441608429,57.46544933319092
3016,0.05327925831079483,,1698.6972122192383,57.48041319847107
3017,0.05240985006093979,,1699.253695487976,57.49535918235779
3018,0.050563547760248184,,1699.8098924160004,57.510297536849976
3019,0.0512101873755455,,1700.3664751052856,57.52524256706238
3020,0.05121002346277237,,1700.922329902649,57.540199995040894
3021,0.05087587609887123,,1701.4788916110992,57.55516719818115
3022,0.051313333213329315,,1702.0348496437073,57.570107221603394
3023,0.04961413890123367,,1702.5914187431335,57.58505153656006
3024,0.04917095601558685,,1703.1475007534027,57.599998235702515
3025,0.04943615943193436,,1703.7039332389832,57.61494779586792
3026,0.05063416063785553,,1704.2600095272064,57.62988781929016
3027,0.04991646111011505,,1704.816545009613,57.64482641220093
3028,0.05514631047844887,,1705.3728296756744,57.6597740650177
3029,0.05350324511528015,,1705.9292986392975,57.674710750579834
3030,0.05183357372879982,,1706.4852404594421,57.689661502838135
3031,0.050884004682302475,,1707.041795015335,57.704609870910645
3032,0.05387990549206734,,1707.597887992859,57.71954607963562
3033,0.0504419170320034,,1708.1551082134247,57.73448729515076
3034,0.05123542994260788,,1708.71111536026,57.749443769454956
3035,0.04944673180580139,,1709.2682898044586,57.764405965805054
3036,0.048699624836444855,,1709.8242089748383,57.779369831085205
3037,0.0524628721177578,,1710.3805253505707,57.794310092926025
3038,0.05495712161064148,,1710.9365022182465,57.80926251411438
3039,0.049495402723550797,,1711.4932463169098,57.82421350479126
3040,0.0508899912238121,,1712.0491743087769,57.8391489982605
3041,0.051897164434194565,,1712.6055555343628,57.854093074798584
3042,0.054930686950683594,,1713.1615900993347,57.86903476715088
3043,0.04894254729151726,,1713.7181210517883,57.883975982666016
3044,0.04862752929329872,,1714.2742342948914,57.8989155292511
3045,0.04821920767426491,,1714.8308370113373,57.91387391090393
3046,0.05264906957745552,,1715.3868477344513,57.928810834884644
3047,0.05023489519953728,,1715.9431655406952,57.94374704360962
3048,0.050219543278217316,,1716.4990870952606,57.95869779586792
3049,0.048340100795030594,,1717.0561633110046,57.97364163398743
3050,0.05021753907203674,,1717.6122364997864,57.98858642578125
3051,0.04749476537108421,,1718.1697490215302,58.00354719161987
3052,0.04915378615260124,,1718.7258393764496,58.01850175857544
3053,0.048922114074230194,,1719.2823684215546,58.03344464302063
3054,0.05012848973274231,,1719.8388798236847,58.04838180541992
3055,0.04903409630060196,,1720.3955483436584,58.06332731246948
3056,0.049903176724910736,,1720.9517090320587,58.07829141616821
3057,0.04785044491291046,,1721.5081510543823,58.09324312210083
3058,0.04921635240316391,,1722.0641787052155,58.108174324035645
3059,0.0482604056596756,,1722.6207208633423,58.12311339378357
3060,0.048110418021678925,,1723.176884174347,58.138057708740234
3061,0.049338243901729584,,1723.7333631515503,58.15301060676575
3062,0.050179384648799896,,1724.2895390987396,58.167948722839355
3063,0.04728357493877411,,1724.8457956314087,58.18288850784302
3064,0.046784210950136185,,1725.4022986888885,58.197845220565796
3065,0.047242410480976105,,1725.9589540958405,58.2127845287323
3066,0.04679739847779274,,1726.51478433609,58.227725982666016
3067,0.04627813398838043,,1727.0714395046234,58.2426655292511
3068,0.04696585610508919,,1727.9535646438599,58.2576208114624
3069,0.051565516740083694,,1728.5100955963135,58.27256941795349
3070,0.047968700528144836,,1729.066267490387,58.287517070770264
3071,0.04813506454229355,,1729.6227459907532,58.30245566368103
3072,0.04971344396471977,,1730.1786668300629,58.317405462265015
3073,0.048272766172885895,,1730.7350528240204,58.33235430717468
3074,0.054395269602537155,,1731.2909185886383,58.34728717803955
3075,0.047825198620557785,,1731.8480896949768,58.362260580062866
3076,0.05385861545801163,,1732.4043853282928,58.377201795578
3077,0.04860333353281021,,1732.9610011577606,58.39214634895325
3078,0.05041619390249252,,1733.5170364379883,58.40708541870117
3079,0.04864789918065071,,1734.073332309723,58.42201614379883
3080,0.04762314632534981,,1734.6296701431274,58.43697190284729
3081,0.04932515323162079,,1735.186537027359,58.45192861557007
3082,0.047863904386758804,,1735.7426872253418,58.46688199043274
3083,0.04674210026860237,,1736.3000166416168,58.48182773590088
3084,0.05121316388249397,,1736.8559193611145,58.4967885017395
3085,0.0482482872903347,,1737.4125010967255,58.51174235343933
3086,0.0459505096077919,,1737.9687616825104,58.52669143676758
3087,0.061198994517326355,,1738.5253944396973,58.54165768623352
3088,0.04888225346803665,,1739.081521987915,58.55660653114319
3089,0.04702769219875336,,1739.6380896568298,58.571537017822266
3090,0.049814775586128235,,1740.1943356990814,58.58648705482483
3091,0.04848853498697281,,1740.7508506774902,58.60143423080444
3092,0.04775882139801979,,1741.3068597316742,58.61639142036438
3093,0.04860631376504898,,1741.863361120224,58.63134217262268
3094,0.04837336763739586,,1742.4192004203796,58.64628744125366
3095,0.04612314701080322,,1742.9759600162506,58.661221504211426
3096,0.049270838499069214,,1743.5329387187958,58.67617726325989
3097,0.04608960449695587,,1744.089522600174,58.69114089012146
3098,0.050464555621147156,,1744.6455550193787,58.70608997344971
3099,0.05639069154858589,,1745.202542066574,58.72104454040527
3100,0.07548534870147705,,1745.7584791183472,58.73598790168762
3101,0.06375859677791595,,1746.3149209022522,58.750943422317505
3102,0.04759817570447922,,1746.8710057735443,58.76590132713318
3103,0.04629554972052574,,1747.4276654720306,58.78084397315979
3104,0.045445311814546585,,1747.9835407733917,58.79578757286072
3105,0.04480005428195,,1748.5398473739624,58.810747146606445
3106,0.0492837056517601,,1749.0958020687103,58.82569599151611
3107,0.04541953653097153,,1749.6523990631104,58.84063768386841
3108,0.04571547359228134,,1750.20867395401,58.85556507110596
3109,0.045616548508405685,,1750.765033006668,58.8705153465271
3110,0.046082645654678345,,1751.3210747241974,58.885451316833496
3111,0.04613427072763443,,1751.8775651454926,58.900392055511475
3112,0.047276657074689865,,1752.433674812317,58.91533017158508
3113,0.04609622433781624,,1752.9903004169464,58.93027925491333
3114,0.04771123081445694,,1753.5462937355042,58.94523358345032
3115,0.0456332229077816,,1754.102877855301,58.96017837524414
3116,0.04748767986893654,,1754.6588807106018,58.97513031959534
3117,0.047455549240112305,,1755.2155265808105,58.99006986618042
3118,0.04830782860517502,,1755.771586894989,59.00502371788025
3119,0.04700234904885292,,1756.3281471729279,59.01997351646423
3120,0.04591798782348633,,1757.2099363803864,59.03492498397827
3121,0.04596259817481041,,1757.7665467262268,59.04987072944641
3122,0.046313632279634476,,1758.322550535202,59.064818143844604
3123,0.04602683708071709,,1758.8791682720184,59.07975697517395
3124,0.046060435473918915,,1759.4352068901062,59.09471559524536
3125,0.046470094472169876,,1759.9917454719543,59.10966372489929
3126,0.04661925882101059,,1760.5479171276093,59.12460970878601
3127,0.04651159048080444,,1761.1045134067535,59.139564752578735
3128,0.0469139963388443,,1761.6604688167572,59.154518842697144
3129,0.05052340775728226,,1762.2167806625366,59.16947293281555
3130,0.04713887348771095,,1762.7737510204315,59.184427976608276
3131,0.04569091647863388,,1763.330177783966,59.19935464859009
3132,0.04583733156323433,,1763.8861258029938,59.2143030166626
3133,0.04549209401011467,,1764.4427435398102,59.22925853729248
3134,0.04566189646720886,,1764.9988141059875,59.24420714378357
3135,0.046709999442100525,,1765.5555262565613,59.259156465530396
3136,0.04565775394439697,,1766.1117279529572,59.27409839630127
3137,0.045258913189172745,,1766.6678750514984,59.28906202316284
3138,0.045822255313396454,,1767.224416255951,59.30400776863098
3139,0.04774826020002365,,1767.7807984352112,59.318947553634644
3140,0.045581988990306854,,1768.336885213852,59.33389735221863
3141,0.04600157588720322,,1768.893343925476,59.34884786605835
3142,0.045165129005908966,,1769.4494876861572,59.3637900352478
3143,0.04639428108930588,,1770.0060398578644,59.378732204437256
3144,0.04508193954825401,,1770.5624334812164,59.39368987083435
3145,0.04494893550872803,,1771.1189737319946,59.40863490104675
3146,0.04662122577428818,,1771.6744689941406,59.423590421676636
3147,0.04537317529320717,,1772.2309226989746,59.43852972984314
3148,0.048068881034851074,,1772.786898136139,59.45348024368286
3149,0.04728640243411064,,1773.343712568283,59.468432903289795
3150,0.046658921986818314,,1773.9008860588074,59.4833824634552
3151,0.046018801629543304,,1774.4574086666107,59.498329162597656
3152,0.04553933069109917,,1775.0134751796722,59.51327729225159
3153,0.060505978763103485,,1775.569946527481,59.528220891952515
3154,0.04719599708914757,,1776.126207113266,59.54317831993103
3155,0.04624353349208832,,1776.6828045845032,59.5581111907959
3156,0.04591234400868416,,1777.2390887737274,59.57307314872742
3157,0.04752098768949509,,1777.795824766159,59.588040351867676
3158,0.04971039667725563,,1778.3518748283386,59.60297918319702
3159,0.04792734608054161,,1778.9088463783264,59.6179358959198
3160,0.05019959807395935,,1779.4651131629944,59.632896900177
3161,0.044979508966207504,,1780.0218200683594,59.647849321365356
3162,0.04907764494419098,,1780.5787200927734,59.66283583641052
3163,0.047060299664735794,,1781.1352696418762,59.67778706550598
3164,0.045284949243068695,,1781.6915843486786,59.69276285171509
3165,0.04875117540359497,,1782.248131275177,59.707700967788696
3166,0.05648531764745712,,1782.8040943145752,59.72263956069946
3167,0.051877666264772415,,1783.3604221343994,59.73760104179382
3168,0.051644109189510345,,1783.9164412021637,59.75254940986633
3169,0.08648921549320221,,1784.4730823040009,59.76750183105469
3170,0.04910438880324364,,1785.029138803482,59.78244090080261
3171,0.04622119665145874,,1785.585931301117,59.79738664627075
3172,0.04907139763236046,,1786.4681527614594,59.812331199645996
3173,0.046444859355688095,,1787.024560213089,59.827274799346924
3174,0.04728299751877785,,1787.5808300971985,59.842223167419434
3175,0.046104319393634796,,1788.1374197006226,59.85717225074768
3176,0.04580651596188545,,1788.6944427490234,59.87210988998413
3177,0.04627060517668724,,1789.2508506774902,59.887073278427124
3178,0.04624224454164505,,1789.8074321746826,59.902036905288696
3179,0.04711953178048134,,1790.3638162612915,59.91697096824646
3180,0.047570597380399704,,1790.9204397201538,59.9319167137146
3181,0.04605976119637489,,1791.4769358634949,59.9468674659729
3182,0.04588622599840164,,1792.032867193222,59.96181511878967
3183,0.0458550900220871,,1792.5894763469696,59.97675919532776
3184,0.04647077992558479,,1793.145637512207,59.99173164367676
3185,0.046246130019426346,,1793.7021343708038,60.00667715072632
3186,0.04683557152748108,,1794.258243560791,60.02164053916931
3187,0.0462178960442543,,1794.8147661685944,60.036582231521606
3188,0.04796623811125755,,1795.3707482814789,60.051515102386475
3189,0.046384453773498535,,1795.927518606186,60.06646776199341
3190,0.0461878702044487,,1796.483680486679,60.081400632858276
3191,0.04736700654029846,,1797.0405342578888,60.09634804725647
3192,0.046518728137016296,,1797.5966715812683,60.11130499839783
3193,0.046154964715242386,,1798.1532933712006,60.12624144554138
3194,0.04617328196763992,,1798.7094686031342,60.141188859939575
3195,0.04598367214202881,,1799.2657451629639,60.1561541557312
3196,0.046190571039915085,,1799.8216931819916,60.17110228538513
3197,0.046041302382946014,,1800.3782110214233,60.1860466003418
3198,0.04661574587225914,,1800.9341413974762,60.20100688934326
3199,0.045977652072906494,,1801.490672826767,60.21596121788025
3200,0.04588855057954788,,1802.0465817451477,60.23091197013855
3201,0.046221598982810974,,1802.6034486293793,60.245869398117065
3202,0.045682553201913834,,1803.159618139267,60.26082253456116
3203,0.04604014381766319,,1803.7159531116486,60.27576208114624
3204,0.04662619158625603,,1804.2720074653625,60.2907190322876
3205,0.04633975401520729,,1804.8285093307495,60.30564522743225
3206,0.04666565731167793,,1805.3846633434296,60.32058572769165
3207,0.04651740565896034,,1805.9414072036743,60.33552885055542
3208,0.047203972935676575,,1806.49791431427,60.350467920303345
3209,0.04669869691133499,,1807.0541875362396,60.36541128158569
3210,0.046980004757642746,,1807.6113150119781,60.380364656448364
3211,0.04754314944148064,,1808.1679368019104,60.39531469345093
3212,0.047809701412916183,,1808.7239277362823,60.41028428077698
3213,0.046819038689136505,,1809.2804477214813,60.425217628479004
3214,0.04753191024065018,,1809.8366980552673,60.440162897109985
3215,0.04813089966773987,,1810.3932552337646,60.45511746406555
3216,0.04800403490662575,,1810.949406862259,60.47006344795227
3217,0.0498267337679863,,1811.506160736084,60.4850172996521
3218,0.04760947450995445,,1812.0622560977936,60.49998235702515
3219,0.04780763387680054,,1812.6187145709991,60.514951944351196
3220,0.048178043216466904,,1813.1749157905579,60.52990508079529
3221,0.05037825182080269,,1813.7315866947174,60.54484486579895
3222,0.049923259764909744,,1814.2882702350616,60.5598030090332
3223,0.0503586083650589,,1814.8446698188782,60.5747447013855
3224,0.05040382966399193,,1815.727692604065,60.58968782424927
3225,0.05082517862319946,,1816.2844309806824,60.604644775390625
3226,0.05086444318294525,,1816.8402318954468,60.61959767341614
3227,0.048979502171278,,1817.39684009552,60.63455295562744
3228,0.047989025712013245,,1817.9528594017029,60.649484157562256
3229,0.049185726791620255,,1818.5094766616821,60.66445469856262
3230,0.047685395926237106,,1819.0658121109009,60.67940974235535
3231,0.04751865938305855,,1819.622751712799,60.69434690475464
3232,0.04828810691833496,,1820.178965330124,60.70928621292114
3233,0.04787240922451019,,1820.735491514206,60.7242476940155
3234,0.048684168606996536,,1821.2915997505188,60.73920655250549
3235,0.04773932695388794,,1821.8479738235474,60.75415277481079
3236,0.04807433485984802,,1822.4039142131805,60.769110918045044
3237,0.047453902661800385,,1822.9601883888245,60.78407692909241
3238,0.046850137412548065,,1823.5164012908936,60.799028635025024
3239,0.04878711700439453,,1824.0731303691864,60.81400227546692
3240,0.04912015050649643,,1824.6293342113495,60.828951835632324
3241,0.04825986921787262,,1825.18603682518,60.84390306472778
3242,0.04918334260582924,,1825.742369890213,60.85885834693909
3243,0.04864475876092911,,1826.2994928359985,60.87381100654602
3244,0.049143362790346146,,1826.855448961258,60.88876414299011
3245,0.048606302589178085,,1827.4117295742035,60.903703451156616
3246,0.04910717159509659,,1827.9675707817078,60.91864848136902
3247,0.047959692776203156,,1828.5240275859833,60.933600664138794
3248,0.04857372120022774,,1829.0802397727966,60.94853639602661
3249,0.049103088676929474,,1829.6369099617004,60.96347689628601
3250,0.04804687947034836,,1830.1931204795837,60.978429079055786
3251,0.048131346702575684,,1830.7496831417084,60.99338746070862
3252,0.0498758964240551,,1831.305781841278,61.008331537246704
3253,0.04781709238886833,,1831.8622443675995,61.023274421691895
3254,0.04765985906124115,,1832.4182212352753,61.038235664367676
3255,0.04862436279654503,,1832.9744145870209,61.05317449569702
3256,0.049123868346214294,,1833.5306150913239,61.068116903305054
3257,0.04764758422970772,,1834.087586402893,61.083048582077026
3258,0.04785091429948807,,1834.643782377243,61.098002433776855
3259,0.04747740179300308,,1835.2005116939545,61.11295294761658
3260,0.04861197620630264,,1835.7564420700073,61.127891063690186
3261,0.05108456313610077,,1836.3131136894226,61.14283490180969
3262,0.0487547293305397,,1836.8690435886383,61.15778613090515
3263,0.047031864523887634,,1837.4255044460297,61.17272996902466
3264,0.0475081168115139,,1837.9820749759674,61.18765997886658
3265,0.04831315577030182,,1838.5385990142822,61.20260429382324
3266,0.04851767420768738,,1839.0948622226715,61.21754693984985
3267,0.048629745841026306,,1839.6513953208923,61.23247933387756
3268,0.04873372241854668,,1840.2078852653503,61.24743461608887
3269,0.05042849853634834,,1840.7645752429962,61.262371301651
3270,0.0521848164498806,,1841.3205757141113,61.27731919288635
3271,0.05094991251826286,,1841.8769967556,61.29226994514465
3272,0.04953913763165474,,1842.4331743717194,61.30720806121826
3273,0.05026362091302872,,1842.989548921585,61.322145223617554
3274,0.04968297854065895,,1843.545695066452,61.33708071708679
3275,0.04978465661406517,,1844.102313041687,61.35203242301941
3276,0.047387246042490005,,1844.9845042228699,61.36696648597717
3277,0.0479770302772522,,1845.5410561561584,61.38190412521362
3278,0.04964645206928253,,1846.0971517562866,61.396857261657715
3279,0.048092905431985855,,1846.6534333229065,61.41181206703186
3280,0.04751971736550331,,1847.2095947265625,61.426764249801636
3281,0.04787793010473251,,1847.7661621570587,61.44170880317688
3282,0.04754341021180153,,1848.3221900463104,61.456653118133545
3283,0.04793300852179527,,1848.8788576126099,61.47159814834595
3284,0.047927290201187134,,1849.435046672821,61.486536264419556
3285,0.048143960535526276,,1849.991872549057,61.50147795677185
3286,0.047390926629304886,,1850.5477089881897,61.516417026519775
3287,0.04859998822212219,,1851.1045243740082,61.53136730194092
3288,0.04976213723421097,,1851.6605203151703,61.54630470275879
3289,0.050940997898578644,,1852.2176940441132,61.561272859573364
3290,0.05020798742771149,,1852.7737400531769,61.57621169090271
3291,0.04965836927294731,,1853.3301911354065,61.59143424034119
3292,0.04879641532897949,,1853.8870124816895,61.606372117996216
3293,0.04937666654586792,,1854.4434385299683,61.621299266815186
3294,0.05254534259438515,,1854.9996871948242,61.63623261451721
3295,0.04928243160247803,,1855.5563898086548,61.65118193626404
3296,0.04727551341056824,,1856.1122250556946,61.66612482070923
3297,0.05054344981908798,,1856.6688039302826,61.68108415603638
3298,0.04915665462613106,,1857.2250657081604,61.69601583480835
3299,0.04788824915885925,,1857.7817442417145,61.710975646972656
3300,0.04907819256186485,,1858.337696313858,61.72591853141785
3301,0.049422699958086014,,1858.894243478775,61.74086117744446
3302,0.04929635301232338,,1859.4504532814026,61.75579905509949
3303,0.048457223922014236,,1860.0076541900635,61.77073335647583
3304,0.04808294400572777,,1860.5635879039764,61.78568077087402
3305,0.04832790791988373,,1861.1208803653717,61.8006157875061
3306,0.04759389907121658,,1861.6776266098022,61.81556272506714
3307,0.04808376729488373,,1862.2340071201324,61.83049988746643
3308,0.04752637818455696,,1862.7899186611176,61.84544897079468
3309,0.052017953246831894,,1863.3464515209198,61.86039352416992
3310,0.049662549048662186,,1863.902447938919,61.87533783912659
3311,0.046987082809209824,,1864.459213256836,61.89028453826904
3312,0.04787223041057587,,1865.015321969986,61.9052312374115
3313,0.04885134845972061,,1865.5716753005981,61.92016673088074
3314,0.05001320689916611,,1866.1277153491974,61.93513250350952
3315,0.05496649071574211,,1866.6842031478882,61.95008111000061
3316,0.060199443250894547,,1867.2402923107147,61.965028524398804
3317,0.060009218752384186,,1867.7969052791595,61.97997856140137
3318,0.05227880924940109,,1868.3532485961914,61.99493861198425
3319,0.051667530089616776,,1868.9096446037292,62.00987672805786
3320,0.04885945841670036,,1869.4656133651733,62.02481484413147
3321,0.04939607158303261,,1870.0221500396729,62.03976607322693
3322,0.04813125357031822,,1870.5780758857727,62.054731130599976
3323,0.048675697296857834,,1871.1347546577454,62.06968879699707
3324,0.048198796808719635,,1871.6907987594604,62.08490562438965
3325,0.04958868399262428,,1872.2476780414581,62.09985852241516
3326,0.04815250635147095,,1872.8037703037262,62.11479997634888
3327,0.04933284595608711,,1873.3608434200287,62.129735469818115
3328,0.05002451315522194,,1874.2429587841034,62.14467525482178
3329,0.04857885092496872,,1874.7992310523987,62.15961933135986
3330,0.0483526885509491,,1875.3552951812744,62.17456650733948
3331,0.048172108829021454,,1875.9117329120636,62.1895112991333
3332,0.050338368862867355,,1876.467828989029,62.20445013046265
3333,0.04808783158659935,,1877.0242989063263,62.2194128036499
3334,0.04733728989958763,,1877.5803542137146,62.23438572883606
3335,0.04750105366110802,,1878.1377580165863,62.249342918395996
3336,0.047094378620386124,,1878.6937634944916,62.26430630683899
3337,0.0471983477473259,,1879.2502093315125,62.279261350631714
3338,0.04723390191793442,,1879.8060109615326,62.29419994354248
3339,0.04662825167179108,,1880.3625745773315,62.30914783477783
3340,0.046531643718481064,,1880.9184892177582,62.32412505149841
3341,0.046512287110090256,,1881.475037574768,62.339083671569824
3342,0.0469808429479599,,1882.0312497615814,62.35402703285217
3343,0.047305669635534286,,1882.587788105011,62.369001150131226
3344,0.04744170606136322,,1883.14408826828,62.383962869644165
3345,0.048451561480760574,,1883.7008862495422,62.39891529083252
3346,0.049724604934453964,,1884.2571022510529,62.413859128952026
3347,0.04982367530465126,,1884.8134515285492,62.428807973861694
3348,0.0501779206097126,,1885.3698062896729,62.44374895095825
3349,0.049237899482250214,,1885.9263956546783,62.458699464797974
3350,0.05055573210120201,,1886.4828262329102,62.47364330291748
3351,0.06173030659556389,,1887.0395016670227,62.48858308792114
3352,0.06239544227719307,,1887.595745563507,62.50353407859802
3353,0.06143065541982651,,1888.1524395942688,62.518492460250854
3354,0.055722806602716446,,1888.7084674835205,62.533427476882935
3355,0.053841281682252884,,1889.2650570869446,62.54836678504944
3356,0.050622399896383286,,1889.821486234665,62.56331133842468
3357,0.05214893817901611,,1890.3780796527863,62.57828497886658
3358,0.047670818865299225,,1890.9339475631714,62.59325408935547
3359,0.04895605146884918,,1891.4904186725616,62.60819339752197
3360,0.04907004162669182,,1892.0467581748962,62.62314748764038
3361,0.049467649310827255,,1892.6032302379608,62.63810157775879
3362,0.05282779783010483,,1893.1592037677765,62.653040647506714
3363,0.05019836500287056,,1893.7157423496246,62.66799831390381
3364,0.050604864954948425,,1894.2716083526611,62.68294048309326
3365,0.05063007026910782,,1894.828115940094,62.69790458679199
3366,0.05158963054418564,,1895.3842918872833,62.712859869003296
3367,0.05028606206178665,,1895.9410133361816,62.72781014442444
3368,0.05012243986129761,,1896.4968802928925,62.742767572402954
3369,0.055405393242836,,1897.0543313026428,62.757713079452515
3370,0.05210542678833008,,1897.6104583740234,62.77267050743103
3371,0.05114298686385155,,1898.1669099330902,62.78761315345764
3372,0.05763174220919609,,1898.7230298519135,62.802560806274414
3373,0.05250942334532738,,1899.2794749736786,62.81751203536987
3374,0.05145556107163429,,1899.835771560669,62.83247232437134
3375,0.05082990601658821,,1900.392322063446,62.84741234779358
3376,0.04944009333848953,,1900.9484617710114,62.86236262321472
3377,0.05134221166372299,,1901.5050690174103,62.877331495285034
3378,0.05078909918665886,,1902.0613045692444,62.89227604866028
3379,0.0500238873064518,,1902.617989063263,62.9072105884552
3380,0.0498526431620121,,1903.5002410411835,62.92216491699219
3381,0.04992194473743439,,1904.0570454597473,62.93711805343628
3382,0.05027831345796585,,1904.613297700882,62.95205307006836
3383,0.050017282366752625,,1905.1700508594513,62.966981410980225
3384,0.04939683526754379,,1905.7267253398895,62.98192119598389
3385,0.049281246960163116,,1906.2833135128021,62.99688696861267
3386,0.05128080025315285,,1906.8394708633423,63.01183032989502
3387,0.051376231014728546,,1907.3959431648254,63.026777029037476
3388,0.05239613354206085,,1907.9521598815918,63.04171180725098
3389,0.0519428551197052,,1908.509036064148,63.05666542053223
3390,0.05032404512166977,,1909.0652854442596,63.07159924507141
3391,0.0550520122051239,,1909.621839761734,63.086535930633545
3392,0.05153210833668709,,1910.1778874397278,63.10148048400879
3393,0.051637157797813416,,1910.7344307899475,63.11641812324524
3394,0.05249099060893059,,1911.2906894683838,63.13138675689697
3395,0.052728213369846344,,1911.8472437858582,63.14633297920227
3396,0.049104321748018265,,1912.4033417701721,63.1612765789032
3397,0.048398058861494064,,1912.9599494934082,63.1762158870697
3398,0.04991865158081055,,1913.5162525177002,63.19116234779358
3399,0.05089741572737694,,1914.072405576706,63.206103801727295
3400,0.050959039479494095,,1914.6287252902985,63.221046447753906
3401,0.05137282609939575,,1915.1856331825256,63.23598599433899
3402,0.05273543298244476,,1915.7415719032288,63.25095200538635
3403,0.05096456781029701,,1916.2983016967773,63.2658908367157
3404,0.04882115125656128,,1916.8545298576355,63.28083920478821
3405,0.05000809580087662,,1917.4110243320465,63.295788288116455
3406,0.049460671842098236,,1917.9672482013702,63.31075048446655
3407,0.048170074820518494,,1918.5237345695496,63.325719594955444
3408,0.049087729305028915,,1919.0800213813782,63.34068274497986
3409,0.05480367690324783,,1919.6366357803345,63.3556432723999
3410,0.05077951401472092,,1920.1927633285522,63.37059211730957
3411,0.051931239664554596,,1920.7499289512634,63.38552927970886
3412,0.05163716524839401,,1921.3062109947205,63.400492668151855
3413,0.051505617797374725,,1921.8626132011414,63.415449380874634
3414,0.0548941045999527,,1922.4189257621765,63.43038988113403
3415,0.05481357499957085,,1922.97549533844,63.44533729553223
3416,0.0505530871450901,,1923.5320024490356,63.46027207374573
3417,0.05274978652596474,,1924.0890440940857,63.47523379325867
3418,0.053353965282440186,,1924.6452598571777,63.49017834663391
3419,0.05220828577876091,,1925.2019929885864,63.505143880844116
3420,0.0512145534157753,,1925.7580952644348,63.520073652267456
3421,0.05079291760921478,,1926.3147320747375,63.535024881362915
3422,0.05304653197526932,,1926.8708665370941,63.54998517036438
3423,0.050790030509233475,,1927.4271366596222,63.564934730529785
3424,0.05017445981502533,,1927.9832973480225,63.579890727996826
3425,0.049591995775699615,,1928.5400834083557,63.5948371887207
3426,0.04884642735123634,,1929.0962662696838,63.60981369018555
3427,0.0491555817425251,,1929.6527924537659,63.62475872039795
3428,0.0492231585085392,,1930.2086555957794,63.63970160484314
3429,0.05194053426384926,,1930.7649965286255,63.65467667579651
3430,0.04926719516515732,,1931.3212287425995,63.669631004333496
3431,0.050550997257232666,,1931.8787093162537,63.684561014175415
3432,0.04938732832670212,,1932.761906862259,63.69951796531677
3433,0.05033353343605995,,1933.3185260295868,63.7144615650177
3434,0.04994751513004303,,1933.8748211860657,63.72970628738403
3435,0.048652563244104385,,1934.4321863651276,63.744645833969116
3436,0.050200968980789185,,1934.9883160591125,63.75959658622742
3437,0.050426315516233444,,1935.5450887680054,63.774534702301025
3438,0.04940376803278923,,1936.1014196872711,63.7894983291626
3439,0.048195477575063705,,1936.6578569412231,63.804434061050415
3440,0.04742937162518501,,1937.2139167785645,63.81937766075134
3441,0.0541316457092762,,1937.7702071666718,63.83431553840637
3442,0.05068013072013855,,1938.3262650966644,63.84926199913025
3443,0.050098877400159836,,1938.88289809227,63.86424398422241
3444,0.050683990120887756,,1939.439029455185,63.87918472290039
3445,0.051014821976423264,,1939.995902299881,63.89413619041443
3446,0.0551442988216877,,1940.5520858764648,63.909074783325195
3447,0.05134135112166405,,1941.1085035800934,63.92402935028076
3448,0.05165993794798851,,1941.6644694805145,63.9389762878418
3449,0.05096897482872009,,1942.221272945404,63.95392966270447
3450,0.05187077447772026,,1942.7774572372437,63.968881130218506
3451,0.0514613576233387,,1943.3339676856995,63.98381996154785
3452,0.054011270403862,,1943.8898038864136,63.998767137527466
3453,0.05492605268955231,,1944.4470057487488,64.01372623443604
3454,0.057795096188783646,,1945.003119468689,64.02866172790527
3455,0.05551997572183609,,1945.5594646930695,64.04360604286194
3456,0.05433398485183716,,1946.1153674125671,64.05856776237488
3457,0.05210930481553078,,1946.671766281128,64.07351088523865
3458,0.05227337405085564,,1947.2278718948364,64.08846068382263
3459,0.05122274532914162,,1947.784243106842,64.1033935546875
3460,0.05148288607597351,,1948.3404095172882,64.11835885047913
3461,0.05044243112206459,,1948.8968868255615,64.13329458236694
3462,0.05058622732758522,,1949.453031539917,64.14823412895203
3463,0.04913764074444771,,1950.0093665122986,64.16319346427917
3464,0.04874284937977791,,1950.5658600330353,64.1781485080719
3465,0.05029861629009247,,1951.1225547790527,64.19311666488647
3466,0.04714738950133324,,1951.6784591674805,64.2080557346344
3467,0.04896073043346405,,1952.2349507808685,64.22301411628723
3468,0.048074133694171906,,1952.7909111976624,64.23797512054443
3469,0.04783962294459343,,1953.3476777076721,64.25291872024536
3470,0.04887061566114426,,1953.9038410186768,64.26786875724792
3471,0.04892512038350105,,1954.460129737854,64.28281116485596
3472,0.0504983589053154,,1955.016295671463,64.2977683544159
3473,0.050453606992959976,,1955.572863817215,64.31272530555725
3474,0.04938257113099098,,1956.129364490509,64.32767343521118
3475,0.048640985041856766,,1956.6858060359955,64.34262084960938
3476,0.05086614191532135,,1957.2419288158417,64.35757446289062
3477,0.05010588467121124,,1957.798986673355,64.37253069877625
3478,0.04934341087937355,,1958.354864358902,64.38749623298645
3479,0.048286549746990204,,1958.9113981723785,64.40244817733765
3480,0.048064492642879486,,1959.467726945877,64.41740489006042
3481,0.050643615424633026,,1960.0246694087982,64.43235468864441
3482,0.04958514869213104,,1960.5808591842651,64.44731450080872
3483,0.049958210438489914,,1961.1373958587646,64.46226835250854
3484,0.04961708188056946,,1962.0196268558502,64.47721648216248
3485,0.04809102043509483,,1962.5759816169739,64.49216055870056
3486,0.04906090721487999,,1963.1320436000824,64.50711703300476
3487,0.050849549472332,,1963.688455581665,64.52206587791443
3488,0.05412768945097923,,1964.24432015419,64.53700804710388
3489,0.047503720968961716,,1964.8007681369781,64.55193495750427
3490,0.04744961857795715,,1965.3572070598602,64.56687831878662
3491,0.0471760593354702,,1965.9139294624329,64.58184146881104
3492,0.04935136437416077,,1966.469963312149,64.59679079055786
3493,0.05141375958919525,,1967.0265128612518,64.61173415184021
3494,0.05078262463212013,,1967.5827553272247,64.62667274475098
3495,0.04880824685096741,,1968.1396961212158,64.64161610603333
3496,0.049589432775974274,,1968.6957263946533,64.65655660629272
3497,0.05082335323095322,,1969.2521948814392,64.67150378227234
3498,0.050844043493270874,,1969.808207988739,64.68646216392517
3499,0.050815731287002563,,1970.3648071289062,64.70140957832336
3500,0.05015798285603523,-0.00250886008143425,1970.9211921691895,66.4591224193573
3501,0.049735426902770996,,1971.4776701927185,66.47406601905823
3502,0.04851863160729408,,1972.0338425636292,66.48900151252747
3503,0.04958120733499527,,1972.5905072689056,66.5039529800415
3504,0.05319322273135185,,1973.146611213684,66.5189220905304
3505,0.04921666532754898,,1973.703560590744,66.53384828567505
3506,0.04773281142115593,,1974.2597219944,66.54878640174866
3507,0.050005145370960236,,1974.8161115646362,66.56375026702881
3508,0.05018598958849907,,1975.372755765915,66.57869839668274
3509,0.04964089393615723,,1975.9290676116943,66.59362506866455
3510,0.0516885444521904,,1976.4851667881012,66.60855841636658
3511,0.051791343837976456,,1977.0415959358215,66.6235203742981
3512,0.052244704216718674,,1977.5976281166077,66.63847160339355
3513,0.052413154393434525,,1978.1542365550995,66.65340685844421
3514,0.05255445837974548,,1978.710292816162,66.66835141181946
3515,0.05394231528043747,,1979.2668523788452,66.68330478668213
3516,0.05352919548749924,,1979.8236815929413,66.69826054573059
3517,0.05053684115409851,,1980.3800253868103,66.71320724487305
3518,0.04966265708208084,,1980.9360120296478,66.72815251350403
3519,0.05130895599722862,,1981.4925208091736,66.74310684204102
3520,0.050059448927640915,,1982.0487034320831,66.75804948806763
3521,0.05220046639442444,,1982.605033159256,66.7730073928833
3522,0.050605472177267075,,1983.1613817214966,66.78794884681702
3523,0.056045278906822205,,1983.7177503108978,66.80291438102722
3524,0.05669628828763962,,1984.2740836143494,66.817862033844
3525,0.05132247880101204,,1984.830637216568,66.83282566070557
3526,0.05164891481399536,,1985.3867890834808,66.8477635383606
3527,0.05143263190984726,,1985.9433679580688,66.86270451545715
3528,0.051417041569948196,,1986.4994695186615,66.87764620780945
3529,0.0515681691467762,,1987.056173324585,66.8925929069519
3530,0.05027492344379425,,1987.612271785736,66.90752482414246
3531,0.05000673234462738,,1988.16854929924,66.92248058319092
3532,0.051570530980825424,,1988.7245988845825,66.93745350837708
3533,0.04981818050146103,,1989.2809710502625,66.9524028301239
3534,0.05182819813489914,,1989.8371279239655,66.96734857559204
3535,0.05367090925574303,,1990.3936038017273,66.9823043346405
3536,0.04966483265161514,,1991.2756805419922,66.99725842475891
3537,0.05205858126282692,,1991.8326361179352,67.01221418380737
3538,0.050520654767751694,,1992.3892974853516,67.02716159820557
3539,0.0546688586473465,,1992.9460201263428,67.04211068153381
3540,0.051810335367918015,,1993.5023851394653,67.05707740783691
3541,0.0516476146876812,,1994.059268951416,67.07201194763184
3542,0.05228791385889053,,1994.6154301166534,67.08696389198303
3543,0.05611677095293999,,1995.1721222400665,67.10189938545227
3544,0.051560234278440475,,1995.7283926010132,67.1168577671051
3545,0.05104586482048035,,1996.284827709198,67.13180160522461
3546,0.04974796622991562,,1996.840908050537,67.14672565460205
3547,0.04802296683192253,,1997.3976156711578,67.16166400909424
3548,0.04833069071173668,,1997.9539523124695,67.17662048339844
3549,0.052948787808418274,,1998.5105483531952,67.1915647983551
3550,0.05377526208758354,,1999.0667159557343,67.20650124549866
3551,0.05059772729873657,,1999.6233904361725,67.22144532203674
3552,0.053299348801374435,,2000.1792328357697,67.23639416694641
3553,0.050606049597263336,,2000.7357568740845,67.25137424468994
3554,0.04919210076332092,,2001.29261636734,67.26631093025208
3555,0.05195219814777374,,2001.8491694927216,67.28124642372131
3556,0.05174296721816063,,2002.4054219722748,67.29620003700256
3557,0.050077855587005615,,2002.961974143982,67.31114912033081
3558,0.048990398645401,,2003.5186059474945,67.32609486579895
3559,0.04838988184928894,,2004.0752682685852,67.3410427570343
3560,0.04708641767501831,,2004.6311626434326,67.35600090026855
3561,0.04851410165429115,,2005.1877300739288,67.37095308303833
3562,0.04840363934636116,,2005.743609905243,67.385897397995
3563,0.05044917017221451,,2006.3001124858856,67.40085124969482
3564,0.04726498946547508,,2006.8562812805176,67.41579484939575
3565,0.050321001559495926,,2007.4127080440521,67.43073797225952
3566,0.04975366219878197,,2007.9686479568481,67.44568467140198
3567,0.04824032634496689,,2008.52512216568,67.46062469482422
3568,0.04950973764061928,,2009.0811841487885,67.47558331489563
3569,0.04922840744256973,,2009.63836145401,67.4905264377594
3570,0.04972298815846443,,2010.19424533844,67.50547051429749
3571,0.04809816926717758,,2010.7509150505066,67.52041220664978
3572,0.048460885882377625,,2011.3068289756775,67.53537130355835
3573,0.04753810912370682,,2011.8635005950928,67.55032563209534
3574,0.04914245009422302,,2012.419620513916,67.56526517868042
3575,0.04875704646110535,,2012.975873708725,67.58020353317261
3576,0.050684213638305664,,2013.5318944454193,67.59517097473145
3577,0.05066288262605667,,2014.0883009433746,67.61012077331543
3578,0.0489603728055954,,2014.6443209648132,67.62505435943604
3579,0.05027339607477188,,2015.2012512683868,67.63999700546265
3580,0.050848379731178284,,2015.7571575641632,67.65494394302368
3581,0.0486445389688015,,2016.3135271072388,67.66988849639893
3582,0.04901614785194397,,2016.8698089122772,67.68482828140259
3583,0.05369118973612785,,2017.4262490272522,67.69995760917664
3584,0.048454463481903076,,2017.9823429584503,67.71491765975952
3585,0.05114850401878357,,2018.538673877716,67.7298686504364
3586,0.05325733870267868,,2019.095190525055,67.74480032920837
3587,0.05290304124355316,,2019.6516845226288,67.75973701477051
3588,0.05255550518631935,,2020.5346927642822,67.77469825744629
3589,0.05066236853599548,,2021.091686964035,67.7896478176117
3590,0.04995713755488396,,2021.6476829051971,67.80460214614868
3591,0.04990726336836815,,2022.204178571701,67.81953024864197
3592,0.04978054761886597,,2022.759991645813,67.83446526527405
3593,0.048138443380594254,,2023.316477060318,67.84941935539246
3594,0.049112316220998764,,2023.8725008964539,67.8643856048584
3595,0.05152326077222824,,2024.4289095401764,67.87933301925659
3596,0.05045710876584053,,2024.98472905159,67.89427328109741
3597,0.0491180457174778,,2025.5411279201508,67.90921187400818
3598,0.04738115891814232,,2026.0969851016998,67.92414879798889
3599,0.047447409480810165,,2026.6533958911896,67.93909192085266
3600,0.04896221682429314,,2027.209763765335,67.95403838157654
3601,0.05054640397429466,,2027.7666807174683,67.96900534629822
3602,0.04814807325601578,,2028.3225994110107,67.98396301269531
3603,0.04825892671942711,,2028.8794195652008,67.99889874458313
3604,0.04900556802749634,,2029.4356834888458,68.01385688781738
3605,0.04775410518050194,,2029.9922125339508,68.02880191802979
3606,0.047219838947057724,,2030.548363685608,68.04373860359192
3607,0.047319669276475906,,2031.1048080921173,68.05869388580322
3608,0.048138342797756195,,2031.6610736846924,68.0736403465271
3609,0.048164933919906616,,2032.2174501419067,68.08860278129578
3610,0.048099711537361145,,2032.7736341953278,68.10354995727539
3611,0.04868822544813156,,2033.3303182125092,68.11849904060364
3612,0.0485449880361557,,2033.8867750167847,68.13345551490784
3613,0.04714135080575943,,2034.443389415741,68.14840316772461
3614,0.04832835495471954,,2034.9992694854736,68.16335248947144
3615,0.05095729976892471,,2035.555546283722,68.17830610275269
3616,0.04986700415611267,,2036.1116342544556,68.1932601928711
3617,0.04933382570743561,,2036.6682658195496,68.20820832252502
3618,0.04986327141523361,,2037.2242267131805,68.22315955162048
3619,0.048927534371614456,,2037.7807745933533,68.23809957504272
3620,0.048909951001405716,,2038.3369765281677,68.25306224822998
3621,0.04879571869969368,,2038.8938891887665,68.26800966262817
3622,0.0491427481174469,,2039.450073003769,68.28295159339905
3623,0.05272303521633148,,2040.0065491199493,68.29788494110107
3624,0.048661280423402786,,2040.56276845932,68.31283688545227
3625,0.04927073046565056,,2041.1192436218262,68.32779049873352
3626,0.049812689423561096,,2041.6754207611084,68.34275794029236
3627,0.05021123215556145,,2042.2320020198822,68.3577024936676
3628,0.04887964949011803,,2042.7881453037262,68.37266206741333
3629,0.04912698641419411,,2043.3448033332825,68.38760828971863
3630,0.04861720651388168,,2043.9005932807922,68.4025571346283
3631,0.049369510263204575,,2044.4569714069366,68.41751074790955
3632,0.05078434571623802,,2045.0127489566803,68.4324426651001
3633,0.05032624676823616,,2045.5692069530487,68.4473717212677
3634,0.05075676739215851,,2046.125304222107,68.46231031417847
3635,0.04952156916260719,,2046.6822204589844,68.47726583480835
3636,0.05052472651004791,,2047.2382600307465,68.49219870567322
3637,0.04793247580528259,,2047.7944040298462,68.5071313381195
3638,0.04817201942205429,,2048.350383758545,68.52206802368164
3639,0.05006997659802437,,2048.9070131778717,68.53701639175415
3640,0.04747483879327774,,2049.7888090610504,68.55196213722229
3641,0.04788277670741081,,2050.345602273941,68.56690120697021
3642,0.04772210121154785,,2050.9022603034973,68.58183121681213
3643,0.047609418630599976,,2051.4588911533356,68.59677076339722
3644,0.048291247338056564,,2052.014844417572,68.61172389984131
3645,0.04879127815365791,,2052.5711455345154,68.62666344642639
3646,0.0497150681912899,,2053.127202987671,68.64161348342896
3647,0.04752786085009575,,2053.6837129592896,68.65655589103699
3648,0.04984661191701889,,2054.239864587784,68.67151832580566
3649,0.0509859062731266,,2054.7967417240143,68.68648529052734
3650,0.04884518310427666,,2055.352747440338,68.7014217376709
3651,0.048943474888801575,,2055.909316778183,68.71635460853577
3652,0.05026906728744507,,2056.4653499126434,68.73130178451538
3653,0.04961376264691353,,2057.02170920372,68.7462272644043
3654,0.04889090731739998,,2057.577893972397,68.76116418838501
3655,0.04910685122013092,,2058.134394645691,68.77610683441162
3656,0.049100253731012344,,2058.69039106369,68.79105377197266
3657,0.04864637926220894,,2059.2467982769012,68.80599665641785
3658,0.048454612493515015,,2059.8026287555695,68.82092714309692
3659,0.04918495565652847,,2060.3590121269226,68.83587098121643
3660,0.04862736538052559,,2060.915038585663,68.8508231639862
3661,0.04987799748778343,,2061.4719150066376,68.86576008796692
3662,0.04846402257680893,,2062.0278508663177,68.88069272041321
3663,0.04821094870567322,,2062.584561109543,68.89563274383545
3664,0.047374699264764786,,2063.140551328659,68.91059279441833
3665,0.05123181268572807,,2063.697504043579,68.92552900314331
3666,0.048795588314533234,,2064.2534980773926,68.9404935836792
3667,0.04744777828454971,,2064.810579061508,68.95549440383911
3668,0.04830717667937279,,2065.366592645645,68.97044348716736
3669,0.04933219775557518,,2065.923009157181,68.9853823184967
3670,0.048189904540777206,,2066.479022026062,69.00031781196594
3671,0.047480691224336624,,2067.035615682602,69.01525235176086
3672,0.0478786937892437,,2067.591596364975,69.03020524978638
3673,0.04796149581670761,,2068.148077249527,69.04514718055725
3674,0.048029616475105286,,2068.7039291858673,69.0600905418396
3675,0.04772355780005455,,2069.2603855133057,69.07502174377441
3676,0.04818024858832359,,2069.8166320323944,69.08997631072998
3677,0.048057787120342255,,2070.3731100559235,69.10493755340576
3678,0.048309385776519775,,2070.929276704788,69.11987662315369
3679,0.047628581523895264,,2071.4859676361084,69.13482546806335
3680,0.04763820394873619,,2072.042249917984,69.14978408813477
3681,0.048182498663663864,,2072.5991871356964,69.16473364830017
3682,0.0483950674533844,,2073.155131816864,69.1796760559082
3683,0.04810604080557823,,2073.7116737365723,69.1946177482605
3684,0.047873493283987045,,2074.268955230713,69.20958852767944
3685,0.04840432107448578,,2074.8256707191467,69.22453880310059
3686,0.04880553483963013,,2075.38165307045,69.23946642875671
3687,0.04977358132600784,,2075.938146352768,69.25440788269043
3688,0.048254046589136124,,2076.4941647052765,69.26936316490173
3689,0.047409120947122574,,2077.0502939224243,69.28430390357971
3690,0.04736838862299919,,2077.6062614917755,69.29924941062927
3691,0.04714515060186386,,2078.162659883499,69.31420707702637
3692,0.0471983402967453,,2079.0447885990143,69.32915592193604
3693,0.047766461968421936,,2079.6014969348907,69.34410619735718
3694,0.048012878745794296,,2080.1575367450714,69.35904860496521
3695,0.04761067405343056,,2080.713791370392,69.37398386001587
3696,0.04957544431090355,,2081.27014875412,69.38892698287964
3697,0.0482434406876564,,2081.826646089554,69.40387845039368
3698,0.04901103675365448,,2082.3826665878296,69.41883659362793
3699,0.049626465886831284,,2082.9391644001007,69.43377494812012
3700,0.04882837459445,,2083.495404481888,69.4487247467041
3701,0.04889636114239693,,2084.051988840103,69.46368932723999
3702,0.04997649043798447,,2084.6078791618347,69.47862911224365
3703,0.04922625049948692,,2085.1645720005035,69.49355912208557
3704,0.04852573201060295,,2085.72051858902,69.50850296020508
3705,0.04908746853470802,,2086.277364253998,69.5234477519989
3706,0.04854680970311165,,2086.833458185196,69.53839087486267
3707,0.048522379249334335,,2087.3898713588715,69.55332493782043
3708,0.04866331070661545,,2087.945828437805,69.56827354431152
3709,0.04824665188789368,,2088.5020310878754,69.58320665359497
3710,0.04790300503373146,,2089.058351278305,69.59813904762268
3711,0.04883546754717827,,2089.6150155067444,69.61307644844055
3712,0.04883286729454994,,2090.1713614463806,69.62801885604858
3713,0.04852347820997238,,2090.7286369800568,69.64297652244568
3714,0.04843515902757645,,2091.284846305847,69.65791702270508
3715,0.04912763833999634,,2091.8416776657104,69.67288303375244
3716,0.04765409603714943,,2092.3980243206024,69.68783974647522
3717,0.04788731411099434,,2092.95459485054,69.7027895450592
3718,0.04981042817234993,,2093.5107839107513,69.71775341033936
3719,0.05007779970765114,,2094.0674238204956,69.73268485069275
3720,0.048081036657094955,,2094.6235053539276,69.74764800071716
3721,0.049585018306970596,,2095.180369615555,69.76260590553284
3722,0.04868938773870468,,2095.7366309165955,69.7775526046753
3723,0.04710070788860321,,2096.2934300899506,69.79250454902649
3724,0.048491302877664566,,2096.8498413562775,69.807448387146
3725,0.04747282341122627,,2097.406222820282,69.82241320610046
3726,0.047478944063186646,,2097.9629168510437,69.83734679222107
3727,0.047337375581264496,,2098.5191597938538,69.85228729248047
3728,0.04795185849070549,,2099.076055765152,69.86751317977905
3729,0.04657949507236481,,2099.633399963379,69.88246870040894
3730,0.04750463739037514,,2100.1893362998962,69.89741277694702
3731,0.04722912609577179,,2100.7458691596985,69.91235160827637
3732,0.04691173881292343,,2101.3023023605347,69.92756223678589
3733,0.04660329595208168,,2101.8599812984467,69.9425094127655
3734,0.047316744923591614,,2102.4162356853485,69.95745348930359
3735,0.04655516520142555,,2102.972665309906,69.97241878509521
3736,0.04685060307383537,,2103.5288043022156,69.98738527297974
3737,0.04733971133828163,,2104.085506439209,70.0023546218872
3738,0.04687616601586342,,2104.6418035030365,70.01732397079468
3739,0.04698389768600464,,2105.1982147693634,70.03227496147156
3740,0.04835747182369232,,2105.754478931427,70.04722738265991
3741,0.05109366774559021,,2106.3114886283875,70.06216645240784
3742,0.04747374728322029,,2106.867652654648,70.07711553573608
3743,0.04695219174027443,,2107.424261569977,70.0920524597168
3744,0.04847351089119911,,2108.3069450855255,70.1070020198822
3745,0.04737403243780136,,2108.863373041153,70.12195420265198
3746,0.047492075711488724,,2109.4195404052734,70.13689112663269
3747,0.04761364310979843,,2109.976749897003,70.15185403823853
3748,0.048001062124967575,,2110.532560110092,70.16678857803345
3749,0.04774819687008858,,2111.0892355442047,70.18172359466553
3750,0.04744406417012215,,2111.6452519893646,70.19670629501343
3751,0.048356734216213226,,2112.2020013332367,70.21165013313293
3752,0.047058604657649994,,2112.757951259613,70.22657561302185
3753,0.04750479385256767,,2113.3145883083344,70.2415292263031
3754,0.04679614305496216,,2113.870358467102,70.25647616386414
3755,0.04739255830645561,,2114.427046060562,70.27142715454102
3756,0.047165025025606155,,2114.982899904251,70.28636980056763
3757,0.04756687581539154,,2115.5397741794586,70.30131435394287
3758,0.048124007880687714,,2116.0960314273834,70.31626176834106
3759,0.04729437083005905,,2116.6524336338043,70.33121418952942
3760,0.047734856605529785,,2117.208590745926,70.34617757797241
3761,0.04867807775735855,,2117.765192270279,70.36111736297607
3762,0.0486086830496788,,2118.3218562602997,70.3760917186737
3763,0.04878213629126549,,2118.8785271644592,70.39102792739868
3764,0.04886668175458908,,2119.434862613678,70.40597248077393
3765,0.049488309770822525,,2119.9912672042847,70.42092156410217
3766,0.04859107732772827,,2120.5471889972687,70.43588304519653
3767,0.0477762371301651,,2121.103582382202,70.45086026191711
3768,0.04918547347187996,,2121.6597287654877,70.46580600738525
3769,0.047849658876657486,,2122.216110229492,70.4807641506195
3770,0.048779312521219254,,2122.772198200226,70.49572372436523
3771,0.04898698255419731,,2123.328557252884,70.51068210601807
3772,0.047244735062122345,,2123.884522676468,70.52562594413757
3773,0.04702294245362282,,2124.441403865814,70.54059147834778
3774,0.047929126769304276,,2124.997577190399,70.55555176734924
3775,0.048509448766708374,,2125.554122686386,70.57050681114197
3776,0.047509271651506424,,2126.1101536750793,70.58544611930847
3777,0.04780474305152893,,2126.666603565216,70.60043430328369
3778,0.04674999788403511,,2127.222640514374,70.61540079116821
3779,0.046892475336790085,,2127.7794280052185,70.63035249710083
3780,0.04695143923163414,,2128.3355622291565,70.64529299736023
3781,0.04853934049606323,,2128.89208650589,70.66024255752563
3782,0.04765879362821579,,2129.447858572006,70.67520117759705
3783,0.04789653420448303,,2130.004384994507,70.69015550613403
3784,0.04661184549331665,,2130.560391187668,70.70511531829834
3785,0.04784220829606056,,2131.117176771164,70.72006440162659
3786,0.048003293573856354,,2131.6732070446014,70.73501491546631
3787,0.04840660095214844,,2132.229845046997,70.74998044967651
3788,0.04786254093050957,,2132.7857172489166,70.76492619514465
3789,0.0478132888674736,,2133.342682361603,70.77987909317017
3790,0.04635992273688316,,2133.8985669612885,70.79484105110168
3791,0.04789698123931885,,2134.455274105072,70.80978083610535
3792,0.04780002683401108,,2135.011379480362,70.82471442222595
3793,0.04729141667485237,,2135.5685238838196,70.83965110778809
3794,0.04651370644569397,,2136.1250143051147,70.8546233177185
3795,0.047336578369140625,,2136.6821672916412,70.86958432197571
3796,0.04786742851138115,,2137.564450979233,70.88452911376953
3797,0.048349156975746155,,2138.1212561130524,70.89947819709778
3798,0.04812409728765488,,2138.677238225937,70.9144172668457
3799,0.04772227257490158,,2139.233779668808,70.92936587333679
3800,0.04856773093342781,,2139.790079832077,70.94430899620056
3801,0.04855804890394211,,2140.346510887146,70.95924305915833
3802,0.04945480450987816,,2140.902633190155,70.97417783737183
3803,0.047637443989515305,,2141.45920586586,70.98912835121155
3804,0.047321777790784836,,2142.0152792930603,71.0040762424469
3805,0.04770185425877571,,2142.571925640106,71.01903247833252
3806,0.04915419593453407,,2143.128203868866,71.03396201133728
3807,0.047176677733659744,,2143.6848859786987,71.04890751838684
3808,0.0475165918469429,,2144.241788625717,71.06385111808777
3809,0.047088056802749634,,2144.798487663269,71.07879400253296
3810,0.04658978804945946,,2145.3557262420654,71.09374499320984
3811,0.04793650656938553,,2145.9120543003082,71.10867166519165
3812,0.046873483806848526,,2146.4679884910583,71.12362766265869
3813,0.046605486422777176,,2147.0245339870453,71.13857078552246
3814,0.04724808782339096,,2147.5805609226227,71.15352034568787
3815,0.04765865206718445,,2148.1369619369507,71.16845703125
3816,0.04674270376563072,,2148.6929004192352,71.18340587615967
3817,0.047614678740501404,,2149.2493166923523,71.19835233688354
3818,0.04844432324171066,,2149.8055448532104,71.21329188346863
3819,0.04854182153940201,,2150.3620824813843,71.2282350063324
3820,0.047650519758462906,,2150.918145418167,71.2431788444519
3821,0.04816229268908501,,2151.4749200344086,71.2581205368042
3822,0.04780387505888939,,2152.031040430069,71.27307224273682
3823,0.04926183819770813,,2152.588021993637,71.28802037239075
3824,0.04965537413954735,,2153.1442742347717,71.30297756195068
3825,0.04798310995101929,,2153.7007958889008,71.31793165206909
3826,0.047698330134153366,,2154.256669521332,71.33287191390991
3827,0.04768732190132141,,2154.8131840229034,71.34781455993652
3828,0.04672200232744217,,2155.3691766262054,71.36275124549866
3829,0.047553788870573044,,2155.9257764816284,71.37770366668701
3830,0.045720089226961136,,2156.4818637371063,71.39265775680542
3831,0.04547455534338951,,2157.0386605262756,71.40759921073914
3832,0.046697478741407394,,2157.5945723056793,71.4225435256958
3833,0.04736579209566116,,2158.1512315273285,71.43748354911804
3834,0.046842001378536224,,2158.7073736190796,71.45243191719055
3835,0.0471353717148304,,2159.263718366623,71.4673707485199
3836,0.046464111655950546,,2159.819653749466,71.48232579231262
3837,0.046779558062553406,,2160.376096010208,71.4972620010376
3838,0.046137504279613495,,2160.932002067566,71.51220726966858
3839,0.047473154962062836,,2161.488598585129,71.52715992927551
3840,0.05001414194703102,,2162.0452938079834,71.54210376739502
3841,0.04711480438709259,,2162.60155749321,71.55704975128174
3842,0.04670439660549164,,2163.157681941986,71.57199621200562
3843,0.04875904321670532,,2163.7149951457977,71.58696460723877
3844,0.046681959182024,,2164.271235704422,71.60191488265991
3845,0.04728361964225769,,2164.8277566432953,71.61685943603516
3846,0.04786916822195053,,2165.3840086460114,71.63179850578308
3847,0.04799845069646835,,2165.94070148468,71.64678168296814
3848,0.05043184384703636,,2166.8229937553406,71.66174006462097
3849,0.05064261332154274,,2167.3795325756073,71.6767029762268
3850,0.04943845793604851,,2167.9358325004578,71.69166111946106
3851,0.049180157482624054,,2168.4923038482666,71.70659971237183
3852,0.04923706129193306,,2169.0486657619476,71.72155618667603
3853,0.048757828772068024,,2169.6050941944122,71.73650169372559
3854,0.05193709209561348,,2170.161273956299,71.75145483016968
3855,0.04682224243879318,,2170.718014717102,71.76637816429138
3856,0.05111193656921387,,2171.2742381095886,71.7813229560852
3857,0.047379933297634125,,2171.830729484558,71.79629230499268
3858,0.04788200557231903,,2172.38720703125,71.81123661994934
3859,0.0472014918923378,,2172.9437947273254,71.82618641853333
3860,0.046318694949150085,,2173.4998772144318,71.84114265441895
3861,0.05198322609066963,,2174.0565559864044,71.85608077049255
3862,0.048362065106630325,,2174.6126375198364,71.87102890014648
3863,0.04746338725090027,,2175.169245481491,71.88598370552063
3864,0.04603230953216553,,2175.7253999710083,71.90095973014832
3865,0.04590562358498573,,2176.281879425049,71.91591310501099
3866,0.04638475924730301,,2176.8381819725037,71.93085265159607
3867,0.04652225226163864,,2177.394757270813,71.9458110332489
3868,0.04647049307823181,,2177.950989961624,71.96076583862305
3869,0.04755789414048195,,2178.507344722748,71.97571420669556
3870,0.0509326197206974,,2179.063484430313,71.99066495895386
3871,0.0473887175321579,,2179.6201508045197,72.005624294281
3872,0.04882238060235977,,2180.176474571228,72.02058124542236
3873,0.04772380366921425,,2180.733649253845,72.03552961349487
3874,0.047235406935214996,,2181.2901310920715,72.05049061775208
3875,0.04761669039726257,,2181.8466641902924,72.06543278694153
3876,0.0495324581861496,,2182.402749300003,72.08038115501404
3877,0.048596449196338654,,2182.959311723709,72.09535074234009
3878,0.04765181988477707,,2183.5153052806854,72.1102876663208
3879,0.0480988547205925,,2184.071763277054,72.12522339820862
3880,0.046471208333969116,,2184.6278219223022,72.14018177986145
3881,0.046469248831272125,,2185.184337615967,72.15512108802795
3882,0.04653402790427208,,2185.74022936821,72.17005848884583
3883,0.04679713770747185,,2186.296582221985,72.18499207496643
3884,0.046110861003398895,,2186.8525280952454,72.19996070861816
3885,0.0455288402736187,,2187.408999681473,72.21490740776062
3886,0.046645283699035645,,2187.9650659561157,72.22981667518616
3887,0.04644235223531723,,2188.521595478058,72.24476194381714
3888,0.046556517481803894,,2189.0776541233063,72.25970983505249
3889,0.047318633645772934,,2189.6346883773804,72.27465486526489
3890,0.047396667301654816,,2190.1907284259796,72.28958702087402
3891,0.048104073852300644,,2190.747099161148,72.30452227592468
3892,0.04807195067405701,,2191.3032653331757,72.31947565078735
3893,0.04824141040444374,,2191.8593492507935,72.33442401885986
3894,0.046764060854911804,,2192.4157133102417,72.34936690330505
3895,0.05007924139499664,,2192.971869468689,72.36430501937866
3896,0.047050341963768005,,2193.5279190540314,72.37926506996155
3897,0.04791191592812538,,2194.0839898586273,72.39421153068542
3898,0.048690758645534515,,2194.640284538269,72.40913486480713
3899,0.046906255185604095,,2195.1967256069183,72.42407703399658
3900,0.04691701382398605,,2196.0794036388397,72.4390139579773
3901,0.04815680906176567,,2196.6357746124268,72.45396113395691
3902,0.047014277428388596,,2197.1919860839844,72.4689028263092
3903,0.04690757766366005,,2197.7486941814423,72.48385739326477
3904,0.046072669327259064,,2198.304609298706,72.49879574775696
3905,0.04780261591076851,,2198.8611364364624,72.51374959945679
3906,0.04785110428929329,,2199.417234659195,72.52870798110962
3907,0.047895949333906174,,2199.973657846451,72.54364085197449
3908,0.048528801649808884,,2200.5297360420227,72.558584690094
3909,0.04779729247093201,,2201.0859591960907,72.57353043556213
3910,0.04650284722447395,,2201.641943693161,72.58846950531006
3911,0.04625912755727768,,2202.1983568668365,72.60341739654541
3912,0.04775601997971535,,2202.7542333602905,72.61836910247803
3913,0.047956682741642,,2203.310851097107,72.63331747055054
3914,0.04646705090999603,,2203.867084980011,72.64824366569519
3915,0.048215024173259735,,2204.4243528842926,72.66318583488464
3916,0.046901121735572815,,2204.9805080890656,72.67812371253967
3917,0.051003821194171906,,2205.5368905067444,72.6930820941925
3918,0.04648517817258835,,2206.092896461487,72.70803737640381
3919,0.046266328543424606,,2206.6497535705566,72.72298073768616
3920,0.049412790685892105,,2207.2061183452606,72.73789763450623
3921,0.046834301203489304,,2207.7628502845764,72.75284695625305
3922,0.04729662835597992,,2208.319185256958,72.76781415939331
3923,0.048656165599823,,2208.8757190704346,72.78277444839478
3924,0.048497509211301804,,2209.431672334671,72.79771208763123
3925,0.048353299498558044,,2209.98837685585,72.8126745223999
3926,0.04737262800335884,,2210.544138431549,72.82761311531067
3927,0.047255754470825195,,2211.100478410721,72.84256625175476
3928,0.04610582813620567,,2211.6564049720764,72.85750722885132
3929,0.046938952058553696,,2212.2129011154175,72.8724570274353
3930,0.04816800728440285,,2212.76895070076,72.88739895820618
3931,0.046813130378723145,,2213.325421333313,72.90235209465027
3932,0.04792344197630882,,2213.88129901886,72.91728234291077
3933,0.04684136062860489,,2214.4377431869507,72.93223094940186
3934,0.04575297236442566,,2214.9938275814056,72.94717216491699
3935,0.04774068295955658,,2215.5511960983276,72.96212959289551
3936,0.048085443675518036,,2216.108039855957,72.97707271575928
3937,0.04628633335232735,,2216.664955854416,72.99201536178589
3938,0.04604106396436691,,2217.2217819690704,73.0069568157196
3939,0.047986339777708054,,2217.7783958911896,73.0219178199768
3940,0.04688021540641785,,2218.334353208542,73.03686380386353
3941,0.04884618893265724,,2218.8907363414764,73.0517988204956
3942,0.047528453171253204,,2219.4465539455414,73.0667552947998
3943,0.047695282846689224,,2220.0028142929077,73.08169364929199
3944,0.04754409193992615,,2220.5587587356567,73.09664535522461
3945,0.04630478098988533,,2221.1154475212097,73.11160254478455
3946,0.047229960560798645,,2221.671499967575,73.12654519081116
3947,0.046151284128427505,,2222.2277908325195,73.14149689674377
3948,0.04939219355583191,,2222.7837393283844,73.1564462184906
3949,0.04895643889904022,,2223.34016084671,73.17138862609863
3950,0.046230342239141464,,2223.896024942398,73.1863284111023
3951,0.04668252542614937,,2224.452912092209,73.20127129554749
3952,0.046182721853256226,,2225.3350665569305,73.21621918678284
3953,0.04726860299706459,,2225.8915774822235,73.23116278648376
3954,0.04939061030745506,,2226.4475207328796,73.2461187839508
3955,0.046858347952365875,,2227.0040760040283,73.26106023788452
3956,0.045971617102622986,,2227.560294151306,73.27601194381714
3957,0.046428367495536804,,2228.1172864437103,73.29096841812134
3958,0.046373624354600906,,2228.673728942871,73.30591940879822
3959,0.04897920414805412,,2229.2304627895355,73.3208589553833
3960,0.04942617192864418,,2229.7864861488342,73.33580756187439
3961,0.046350207179784775,,2230.3427464962006,73.35075759887695
3962,0.046224527060985565,,2230.8986983299255,73.36570858955383
3963,0.04686155915260315,,2231.455313205719,73.38065361976624
3964,0.04532242938876152,,2232.0114209651947,73.39560556411743
3965,0.04648427665233612,,2232.567703962326,73.41052913665771
3966,0.0469120629131794,,2233.1238355636597,73.42548537254333
3967,0.046788495033979416,,2233.681140422821,73.44043350219727
3968,0.04712020233273506,,2234.2369723320007,73.45537066459656
3969,0.04802284762263298,,2234.793253183365,73.47054600715637
3970,0.046691276133060455,,2235.3498165607452,73.48550271987915
3971,0.04607371240854263,,2235.906393289566,73.50044870376587
3972,0.04772663116455078,,2236.462332010269,73.5154037475586
3973,0.04631835222244263,,2237.0186433792114,73.53034353256226
3974,0.0464799627661705,,2237.574642896652,73.54529452323914
3975,0.048334598541259766,,2238.131204366684,73.56022667884827
3976,0.0475722998380661,,2238.6874611377716,73.57518076896667
3977,0.045928630977869034,,2239.24387383461,73.59014177322388
3978,0.04625378176569939,,2239.800276517868,73.60509014129639
3979,0.04654818773269653,,2240.3565242290497,73.62003517150879
3980,0.0451088473200798,,2240.9124269485474,73.6349720954895
3981,0.04636334627866745,,2241.4687383174896,73.64992046356201
3982,0.046785201877355576,,2242.0252742767334,73.66487574577332
3983,0.04637450352311134,,2242.5819981098175,73.68008995056152
3984,0.046435825526714325,,2243.1389548778534,73.69505476951599
3985,0.04681503027677536,,2243.6955201625824,73.70998549461365
3986,0.050262514501810074,,2244.251950740814,73.72493577003479
3987,0.05019335448741913,,2244.808474302292,73.73988556861877
3988,0.04986952617764473,,2245.364584684372,73.7548418045044
3989,0.04927951097488403,,2245.920835018158,73.76977682113647
3990,0.0455513559281826,,2246.476892709732,73.78472995758057
3991,0.04710610583424568,,2247.033605337143,73.79967093467712
3992,0.04630925506353378,,2247.5894632339478,73.814608335495
3993,0.046028975397348404,,2248.14604306221,73.82954359054565
3994,0.0470401756465435,,2248.7020649909973,73.84449887275696
3995,0.04643698036670685,,2249.2584385871887,73.85945653915405
3996,0.04621715471148491,,2249.814304113388,73.87438869476318
3997,0.04820943623781204,,2250.370855331421,73.88933563232422
3998,0.04747063294053078,,2250.9272651672363,73.90429449081421
3999,0.04685558006167412,,2251.4845004081726,73.91923666000366
4000,0.047174468636512756,-0.002149134175851941,2252.0407869815826,75.6765525341034
4001,0.04958796128630638,,2252.5974309444427,75.69149613380432
4002,0.04747989401221275,,2253.1536786556244,75.70644927024841
4003,0.04758311063051224,,2253.709990501404,75.72140431404114
4004,0.047494012862443924,,2254.592194080353,75.73635911941528
4005,0.049782123416662216,,2255.1487381458282,75.75129699707031
4006,0.047373346984386444,,2255.7050857543945,75.76624393463135
4007,0.047319334000349045,,2256.2618539333344,75.78120732307434
4008,0.047775134444236755,,2256.8180277347565,75.79616498947144
4009,0.04738088697195053,,2257.3747198581696,75.81111526489258
4010,0.047212716192007065,,2257.930860519409,75.82606101036072
4011,0.04589739814400673,,2258.4875819683075,75.84101462364197
4012,0.04620872437953949,,2259.043593645096,75.85594630241394
4013,0.04708598181605339,,2259.6008031368256,75.87088775634766
4014,0.04644203931093216,,2260.1570811271667,75.88584208488464
4015,0.04727769270539284,,2260.7138319015503,75.90078496932983
4016,0.04875680431723595,,2261.2697281837463,75.91574048995972
4017,0.04732312634587288,,2261.8263535499573,75.93069005012512
4018,0.0472291000187397,,2262.3820803165436,75.94564509391785
4019,0.046974070370197296,,2262.9387650489807,75.96057724952698
4020,0.046666115522384644,,2263.495279073715,75.97553539276123
4021,0.046124834567308426,,2264.051666736603,75.99050664901733
4022,0.04648343101143837,,2264.6079947948456,76.00545263290405
4023,0.046524934470653534,,2265.164805650711,76.02038598060608
4024,0.046420689672231674,,2265.7211735248566,76.03532457351685
4025,0.04605216905474663,,2266.2777774333954,76.0502781867981
4026,0.04652544483542442,,2266.8338737487793,76.06522059440613
4027,0.04666737839579582,,2267.390769004822,76.08014488220215
4028,0.046822816133499146,,2267.9470553398132,76.09510636329651
4029,0.04681332781910896,,2268.503534555435,76.11005067825317
4030,0.04703519120812416,,2269.059989452362,76.12498807907104
4031,0.047422926872968674,,2269.616635322571,76.13994812965393
4032,0.04744966700673103,,2270.1728079319,76.15488481521606
4033,0.04683225601911545,,2270.729364156723,76.16984820365906
4034,0.04713887348771095,,2271.2855393886566,76.18479299545288
4035,0.04658464714884758,,2271.841865539551,76.1997299194336
4036,0.04692623391747475,,2272.398052930832,76.21467733383179
4037,0.046797819435596466,,2272.9545497894287,76.22962999343872
4038,0.046816371381282806,,2273.510492324829,76.24459338188171
4039,0.04597894102334976,,2274.0669825077057,76.25953698158264
4040,0.047742556780576706,,2274.623137950897,76.27446150779724
4041,0.04794246330857277,,2275.1805324554443,76.2894172668457
4042,0.054234202951192856,,2275.7369697093964,76.30435943603516
4043,0.04597652330994606,,2276.293965578079,76.31930184364319
4044,0.04715045168995857,,2276.8503353595734,76.33424353599548
4045,0.04943174123764038,,2277.4073753356934,76.34921073913574
4046,0.04809361696243286,,2277.9641151428223,76.36417746543884
4047,0.04839277267456055,,2278.5210032463074,76.37911438941956
4048,0.04677828773856163,,2279.077463388443,76.39407181739807
4049,0.04718992859125137,,2279.633838415146,76.40900802612305
4050,0.05015192925930023,,2280.189934492111,76.42395496368408
4051,0.04780319333076477,,2280.746377468109,76.43890953063965
4052,0.048192545771598816,,2281.3024520874023,76.4538459777832
4053,0.04999363794922829,,2281.859189271927,76.46879887580872
4054,0.04805127531290054,,2282.415214061737,76.48374271392822
4055,0.04780710116028786,,2282.9716370105743,76.49869084358215
4056,0.04787628352642059,,2283.8539106845856,76.51365447044373
4057,0.04621828719973564,,2284.410361289978,76.52859711647034
4058,0.04753684997558594,,2284.967170715332,76.54354047775269
4059,0.046723831444978714,,2285.5238280296326,76.5584933757782
4060,0.04715412110090256,,2286.0800318717957,76.57344198226929
4061,0.04683350399136543,,2286.636437177658,76.58837842941284
4062,0.04792835935950279,,2287.192838191986,76.6033399105072
4063,0.04753418639302254,,2287.7494082450867,76.61829280853271
4064,0.04740438610315323,,2288.3053629398346,76.63323903083801
4065,0.04731427878141403,,2288.8619804382324,76.64820313453674
4066,0.0470554381608963,,2289.4181747436523,76.66314387321472
4067,0.046589866280555725,,2289.9747684001923,76.6780936717987
4068,0.04787896201014519,,2290.5307862758636,76.69303703308105
4069,0.047473859041929245,,2291.087305545807,76.70797801017761
4070,0.0472293496131897,,2291.643312931061,76.72291493415833
4071,0.04700331389904022,,2292.199891805649,76.73784470558167
4072,0.04666248708963394,,2292.756088733673,76.75279140472412
4073,0.04729504510760307,,2293.3127710819244,76.76774263381958
4074,0.04685503989458084,,2293.8693845272064,76.7827000617981
4075,0.04824850708246231,,2294.425785779953,76.79764461517334
4076,0.04739652946591377,,2294.981822490692,76.81260871887207
4077,0.04672403261065483,,2295.538329601288,76.82756304740906
4078,0.046605706214904785,,2296.094670534134,76.84249830245972
4079,0.0466490313410759,,2296.6511964797974,76.85744094848633
4080,0.047885648906230927,,2297.207307577133,76.87241816520691
4081,0.04699649661779404,,2297.7638578414917,76.88737511634827
4082,0.04816780984401703,,2298.320240497589,76.90231466293335
4083,0.04773205891251564,,2298.877249479294,76.91727471351624
4084,0.04736686497926712,,2299.433295726776,76.932208776474
4085,0.050641339272260666,,2299.9897797107697,76.94716310501099
4086,0.04810044541954994,,2300.545857667923,76.9621148109436
4087,0.04753819480538368,,2301.1022489070892,76.97705149650574
4088,0.047716859728097916,,2301.658575296402,76.99200773239136
4089,0.04931717365980148,,2302.2149267196655,77.00696444511414
4090,0.047482430934906006,,2302.7709305286407,77.02191352844238
4091,0.04761767014861107,,2303.3279662132263,77.03685522079468
4092,0.04785136133432388,,2303.884082555771,77.05179953575134
4093,0.04580986872315407,,2304.441087245941,77.06675815582275
4094,0.04677093029022217,,2304.9973521232605,77.08172154426575
4095,0.04718152433633804,,2305.553790330887,77.09667134284973
4096,0.04748315364122391,,2306.1099791526794,77.1116406917572
4097,0.04680551961064339,,2306.6664152145386,77.12661576271057
4098,0.0476885661482811,,2307.2225637435913,77.14155197143555
4099,0.04681473970413208,,2307.7791063785553,77.15649509429932
4100,0.04709676653146744,,2308.335282564163,77.17144012451172
4101,0.04671381413936615,,2308.8914308547974,77.18638134002686
4102,0.0472794845700264,,2309.4477388858795,77.201327085495
4103,0.04755239561200142,,2310.004251241684,77.21628022193909
4104,0.04699539393186569,,2310.560574531555,77.23123598098755
4105,0.0456048958003521,,2311.1169741153717,77.24617409706116
4106,0.04673406109213829,,2311.673943758011,77.26114153862
4107,0.046756867319345474,,2312.230738401413,77.2761173248291
4108,0.046937789767980576,,2313.113367795944,77.2910795211792
4109,0.04784894734621048,,2313.67019033432,77.30602741241455
4110,0.04657226428389549,,2314.226112127304,77.3209719657898
4111,0.04609517753124237,,2314.782375574112,77.33593893051147
4112,0.0474766381084919,,2315.338469982147,77.35087728500366
4113,0.04645064100623131,,2315.894989967346,77.36582636833191
4114,0.04792807996273041,,2316.450978040695,77.38078927993774
4115,0.04934233799576759,,2317.007605791092,77.3957347869873
4116,0.04699376970529556,,2317.563633918762,77.41067457199097
4117,0.04966920241713524,,2318.1202731132507,77.4256181716919
4118,0.046672094613313675,,2318.6762976646423,77.44058871269226
4119,0.04742364585399628,,2319.2327177524567,77.45553016662598
4120,0.046490151435136795,,2319.788682937622,77.47048687934875
4121,0.046533968299627304,,2320.3451623916626,77.48544406890869
4122,0.04686284437775612,,2320.901112318039,77.50038552284241
4123,0.046903710812330246,,2321.457723379135,77.51532483100891
4124,0.04621519148349762,,2322.013844013214,77.53027701377869
4125,0.04721510410308838,,2322.571103334427,77.54524087905884
4126,0.04695095121860504,,2323.1270723342896,77.56018018722534
4127,0.04709622636437416,,2323.683622121811,77.57511758804321
4128,0.04681127145886421,,2324.239823818207,77.59007120132446
4129,0.04680369049310684,,2324.7961061000824,77.60501146316528
4130,0.047213178128004074,,2325.35214304924,77.61994576454163
4131,0.04789511859416962,,2325.908608675003,77.6348876953125
4132,0.046789560467004776,,2326.4644107818604,77.64983034133911
4133,0.04689889773726463,,2327.021042585373,77.66477036476135
4134,0.047292981296777725,,2327.5771927833557,77.67971682548523
4135,0.048602137714624405,,2328.1336722373962,77.69466209411621
4136,0.048749011009931564,,2328.6898906230927,77.70961380004883
4137,0.04879991337656975,,2329.2464752197266,77.7245466709137
4138,0.048434484750032425,,2329.8027975559235,77.73949337005615
4139,0.0481349341571331,,2330.3595929145813,77.75444269180298
4140,0.04794367030262947,,2330.915899991989,77.76938796043396
4141,0.04830231890082359,,2331.472361087799,77.78433275222778
4142,0.0469343438744545,,2332.0284419059753,77.7992844581604
4143,0.047948647290468216,,2332.5849072933197,77.81424045562744
4144,0.049174800515174866,,2333.141056060791,77.82918238639832
4145,0.048711441457271576,,2333.697676420212,77.84413409233093
4146,0.04788877069950104,,2334.254368543625,77.85908150672913
4147,0.047478772699832916,,2334.810792207718,77.87403416633606
4148,0.0476820170879364,,2335.3670160770416,77.88898396492004
4149,0.04797004163265228,,2335.923502445221,77.90393280982971
4150,0.04771975427865982,,2336.479551792145,77.91886973381042
4151,0.04745884984731674,,2337.0362277030945,77.93383145332336
4152,0.04740713909268379,,2337.592445373535,77.9487931728363
4153,0.04791484400629997,,2338.148874282837,77.96372961997986
4154,0.04917605593800545,,2338.7051134109497,77.978670835495
4155,0.048466991633176804,,2339.2617762088776,77.99361848831177
4156,0.04839184880256653,,2339.8178572654724,78.0085608959198
4157,0.04875803366303444,,2340.3745341300964,78.02351665496826
4158,0.04834074154496193,,2340.9307265281677,78.03845596313477
4159,0.047692712396383286,,2341.4872238636017,78.05340814590454
4160,0.04834551364183426,,2342.3695509433746,78.06837463378906
4161,0.04665717855095863,,2342.926125526428,78.08332705497742
4162,0.0487668402493,,2343.4823541641235,78.09826922416687
4163,0.05079660564661026,,2344.038875102997,78.11323261260986
4164,0.04741863161325455,,2344.5949532985687,78.1281943321228
4165,0.0480763241648674,,2345.151463985443,78.14315485954285
4166,0.048227667808532715,,2345.707660675049,78.15810823440552
4167,0.04743901267647743,,2346.26437830925,78.17304301261902
4168,0.04809572920203209,,2346.820514202118,78.18797659873962
4169,0.04735856130719185,,2347.377208709717,78.20293307304382
4170,0.04880571737885475,,2347.9337074756622,78.21788167953491
4171,0.04717668890953064,,2348.490844964981,78.23283529281616
4172,0.04715218394994736,,2349.04704618454,78.2477810382843
4173,0.04706194996833801,,2349.6046764850616,78.26273345947266
4174,0.04798918217420578,,2350.1606452465057,78.27768802642822
4175,0.04771504923701286,,2350.7172021865845,78.29264187812805
4176,0.047405414283275604,,2351.27348279953,78.30760717391968
4177,0.047135572880506516,,2351.83016705513,78.32257342338562
4178,0.046957943588495255,,2352.386150598526,78.33751726150513
4179,0.04699321463704109,,2352.942580461502,78.35247468948364
4180,0.04693787917494774,,2353.4986565113068,78.36742520332336
4181,0.046903982758522034,,2354.054943561554,78.38238406181335
4182,0.04683198779821396,,2354.6109578609467,78.3973343372345
4183,0.04754473641514778,,2355.1676816940308,78.41227698326111
4184,0.04687996953725815,,2355.723850250244,78.42722535133362
4185,0.04707001522183418,,2356.280221939087,78.44218969345093
4186,0.04701601341366768,,2356.8371317386627,78.45713901519775
4187,0.04681531712412834,,2357.393694162369,78.47209143638611
4188,0.046567052602767944,,2357.9505314826965,78.48704504966736
4189,0.04693394526839256,,2358.5080087184906,78.50202131271362
4190,0.04689459875226021,,2359.0642836093903,78.5169734954834
4191,0.04742257297039032,,2359.62068772316,78.53192925453186
4192,0.0480441115796566,,2360.1767740249634,78.54688262939453
4193,0.04767629876732826,,2360.7333495616913,78.56185841560364
4194,0.04757086932659149,,2361.289637327194,78.57679343223572
4195,0.047405365854501724,,2361.8461906909943,78.5917398929596
4196,0.04732019454240799,,2362.4022216796875,78.60670065879822
4197,0.04826585203409195,,2362.9586594104767,78.62164402008057
4198,0.05070829391479492,,2363.51496219635,78.6365921497345
4199,0.04788077250123024,,2364.071469783783,78.65153670310974
4200,0.048644885420799255,,2364.6272830963135,78.6664867401123
4201,0.04777759313583374,,2365.1841475963593,78.68143939971924
4202,0.04761478677392006,,2365.7402715682983,78.69637942314148
4203,0.04794394597411156,,2366.2968685626984,78.71146321296692
4204,0.05035821348428726,,2366.8530266284943,78.72641587257385
4205,0.047954898327589035,,2367.4094829559326,78.74137139320374
4206,0.04726496711373329,,2367.9657599925995,78.75631999969482
4207,0.047960065305233,,2368.5223870277405,78.77126097679138
4208,0.04694701358675957,,2369.078375339508,78.78620743751526
4209,0.04732890799641609,,2369.635034799576,78.80115604400635
4210,0.047148000448942184,,2370.1911709308624,78.81610631942749
4211,0.047740645706653595,,2370.7474570274353,78.83104133605957
4212,0.04770693555474281,,2371.629408597946,78.84598207473755
4213,0.04749501496553421,,2372.18607711792,78.86093521118164
4214,0.050008777529001236,,2372.7422387599945,78.87588763237
4215,0.04813231900334358,,2373.298796415329,78.89083647727966
4216,0.04804198443889618,,2373.855008840561,78.90578246116638
4217,0.047361813485622406,,2374.4119436740875,78.92073369026184
4218,0.04882708936929703,,2374.9679822921753,78.93567609786987
4219,0.047131918370723724,,2375.524633407593,78.9506266117096
4220,0.04755197465419769,,2376.0811717510223,78.96558880805969
4221,0.04722224175930023,,2376.6377251148224,78.98054194450378
4222,0.047889139503240585,,2377.1935822963715,78.99550032615662
4223,0.047856654971838,,2377.750062227249,79.01043915748596
4224,0.04831887409090996,,2378.3061032295227,79.02538847923279
4225,0.04841286689043045,,2378.86265873909,79.04032850265503
4226,0.04880616441369057,,2379.418798685074,79.05527877807617
4227,0.04794345051050186,,2379.974997520447,79.07022833824158
4228,0.0486283078789711,,2380.53116774559,79.08518362045288
4229,0.048787955194711685,,2381.087721347809,79.10013842582703
4230,0.04870977997779846,,2381.644078016281,79.11509156227112
4231,0.04961010068655014,,2382.200659751892,79.13003921508789
4232,0.048946257680654526,,2382.757025718689,79.14499258995056
4233,0.04767787083983421,,2383.3139657974243,79.15992975234985
4234,0.04737984761595726,,2383.8706889152527,79.17487120628357
4235,0.04937297850847244,,2384.427397251129,79.18982887268066
4236,0.04914644733071327,,2384.98380279541,79.20477294921875
4237,0.049933552742004395,,2385.540167570114,79.21972227096558
4238,0.049016475677490234,,2386.0962512493134,79.2346625328064
4239,0.05055277794599533,,2386.652719974518,79.24960470199585
4240,0.04998309537768364,,2387.208641767502,79.26454973220825
4241,0.05017905682325363,,2387.7650063037872,79.27950930595398
4242,0.05015992373228073,,2388.3213539123535,79.29444670677185
4243,0.048914264887571335,,2388.877842903137,79.30940771102905
4244,0.0484766811132431,,2389.433848619461,79.32435536384583
4245,0.048045720905065536,,2389.9902427196503,79.33931064605713
4246,0.048939384520053864,,2390.5462305545807,79.3542652130127
4247,0.04861010983586311,,2391.1027417182922,79.3692078590393
4248,0.04975072667002678,,2391.658704519272,79.38415384292603
4249,0.048715896904468536,,2392.215358018875,79.39910340309143
4250,0.050173208117485046,,2392.771707057953,79.41405296325684
4251,0.049487046897411346,,2393.328855752945,79.42900514602661
4252,0.04955626651644707,,2393.8854851722717,79.44393873214722
4253,0.04759080335497856,,2394.442043066025,79.45890069007874
4254,0.04886483773589134,,2394.9980974197388,79.47384452819824
4255,0.04770781099796295,,2395.554661989212,79.48880529403687
4256,0.047729622572660446,,2396.1107544898987,79.50378465652466
4257,0.04935320094227791,,2396.6671149730682,79.5187349319458
4258,0.04845026507973671,,2397.2231874465942,79.53366804122925
4259,0.05144575610756874,,2397.7796478271484,79.5486261844635
4260,0.04996242746710777,,2398.3357105255127,79.56356501579285
4261,0.04894864931702614,,2398.89226102829,79.57851552963257
4262,0.049237582832574844,,2399.4484434127808,79.59345746040344
4263,0.04876604303717613,,2400.0048887729645,79.60841012001038
4264,0.048480745404958725,,2400.8871932029724,79.62336349487305
4265,0.048174306750297546,,2401.4438660144806,79.63829851150513
4266,0.04846635088324547,,2402.0000126361847,79.65324711799622
4267,0.048748232424259186,,2402.55704498291,79.6681900024414
4268,0.04706259444355965,,2403.113396167755,79.68314719200134
4269,0.04741064831614494,,2403.670202255249,79.69808959960938
4270,0.0477423220872879,,2404.226360797882,79.71301746368408
4271,0.04779838025569916,,2404.7829570770264,79.727952003479
4272,0.04865695536136627,,2405.3395166397095,79.74289655685425
4273,0.04793975129723549,,2405.8961322307587,79.75786113739014
4274,0.04752270132303238,,2406.4521539211273,79.7728066444397
4275,0.048017796128988266,,2407.008765935898,79.78775238990784
4276,0.04900762066245079,,2407.565007686615,79.80271339416504
4277,0.04695415496826172,,2408.121559381485,79.81768369674683
4278,0.047364164143800735,,2408.677567243576,79.83263111114502
4279,0.04711470007896423,,2409.234053373337,79.84757828712463
4280,0.04823944345116615,,2409.7900726795197,79.86253571510315
4281,0.04832569137215614,,2410.3468041419983,79.87748312950134
4282,0.049397703260183334,,2410.90292263031,79.89242625236511
4283,0.048447899520397186,,2411.459478378296,79.90736198425293
4284,0.047728799283504486,,2412.016020298004,79.92232203483582
4285,0.04917069151997566,,2412.5724153518677,79.93727564811707
4286,0.04959838464856148,,2413.1286866664886,79.95223140716553
4287,0.04899298772215843,,2413.6853563785553,79.9671700000763
4288,0.05052013695240021,,2414.241371154785,79.98211789131165
4289,0.04849740490317345,,2414.797606229782,79.99706053733826
4290,0.04758301004767418,,2415.3537480831146,80.01201391220093
4291,0.04796541482210159,,2415.9103405475616,80.02697396278381
4292,0.05003046989440918,,2416.466608762741,80.04191946983337
4293,0.048630762845277786,,2417.023884534836,80.05686473846436
4294,0.049358297139406204,,2417.5799691677094,80.07183313369751
4295,0.04897531494498253,,2418.136590719223,80.08678770065308
4296,0.048191629350185394,,2418.6927235126495,80.10172963142395
4297,0.047973066568374634,,2419.249451637268,80.11668348312378
4298,0.04832245409488678,,2419.8056490421295,80.13162398338318
4299,0.048920489847660065,,2420.3629767894745,80.14657306671143
4300,0.04888564720749855,,2420.9198772907257,80.1615617275238
4301,0.04744904860854149,,2421.4768290519714,80.17654848098755
4302,0.04739468917250633,,2422.0330135822296,80.19148755073547
4303,0.047248270362615585,,2422.5895552635193,80.20643138885498
4304,0.047960761934518814,,2423.145878314972,80.22137713432312
4305,0.048587169498205185,,2423.702338695526,80.2363178730011
4306,0.0488336943089962,,2424.2585043907166,80.2512435913086
4307,0.04763402044773102,,2424.8152194023132,80.26619601249695
4308,0.04884079471230507,,2425.3711397647858,80.28113126754761
4309,0.0513756163418293,,2425.92754983902,80.29607677459717
4310,0.049214355647563934,,2426.4832816123962,80.31104159355164
4311,0.048658039420843124,,2427.0395278930664,80.32599234580994
4312,0.04827193543314934,,2427.5954711437225,80.34094023704529
4313,0.04781251773238182,,2428.1527848243713,80.35588669776917
4314,0.04873741790652275,,2428.709290266037,80.37084746360779
4315,0.047798238694667816,,2429.2658610343933,80.38579869270325
4316,0.048911675810813904,,2430.148720264435,80.40074419975281
4317,0.047235798090696335,,2430.7054347991943,80.41568565368652
4318,0.047738559544086456,,2431.261482000351,80.43063282966614
4319,0.04818810150027275,,2431.8182747364044,80.44558954238892
4320,0.048965439200401306,,2432.374645471573,80.46054816246033
4321,0.05681857094168663,,2432.931180000305,80.4755048751831
4322,0.0495825856924057,,2433.487240791321,80.49044489860535
4323,0.050217896699905396,,2434.043687105179,80.50538110733032
4324,0.047934774309396744,,2434.600038290024,80.52031588554382
4325,0.04905557259917259,,2435.1562197208405,80.53526258468628
4326,0.05136130377650261,,2435.7121551036835,80.55019736289978
4327,0.04875078797340393,,2436.2688710689545,80.56516623497009
4328,0.04763021320104599,,2436.824981212616,80.58010983467102
4329,0.05106336250901222,,2437.381637096405,80.59505128860474
4330,0.04832437261939049,,2437.9378066062927,80.60999059677124
4331,0.04800911620259285,,2438.494465112686,80.6249475479126
4332,0.051213447004556656,,2439.0508847236633,80.639897108078
4333,0.0479728989303112,,2439.607663631439,80.65483665466309
4334,0.04816979914903641,,2440.163553237915,80.66977953910828
4335,0.048181939870119095,,2440.7203035354614,80.68474626541138
4336,0.04730936884880066,,2441.2766287326813,80.6996922492981
4337,0.047054924070835114,,2441.8329932689667,80.71464443206787
4338,0.04776648432016373,,2442.3891015052795,80.72960090637207
4339,0.04758911207318306,,2442.945803642273,80.7445421218872
4340,0.04747943952679634,,2443.5021855831146,80.75948071479797
4341,0.047903452068567276,,2444.0586261749268,80.77441120147705
4342,0.04752973094582558,,2444.614632844925,80.78934574127197
4343,0.047359105199575424,,2445.171189069748,80.80428814888
4344,0.0480610653758049,,2445.72754573822,80.81924438476562
4345,0.04705137386918068,,2446.284859418869,80.83420658111572
4346,0.04850197583436966,,2446.840883255005,80.84916043281555
4347,0.048470743000507355,,2447.397314786911,80.86410307884216
4348,0.04804481938481331,,2447.9541461467743,80.879061460495
4349,0.049120865762233734,,2448.5108177661896,80.89400458335876
4350,0.048496097326278687,,2449.0668501853943,80.90895748138428
4351,0.049605581909418106,,2449.6234719753265,80.92391300201416
4352,0.04871393367648125,,2450.1798527240753,80.93885636329651
4353,0.049256205558776855,,2450.7374546527863,80.95381712913513
4354,0.0490063913166523,,2451.293734550476,80.96875548362732
4355,0.04825316369533539,,2451.850140094757,80.98371124267578
4356,0.04845650866627693,,2452.406710624695,80.99865531921387
4357,0.04792604222893715,,2452.96328997612,81.01359677314758
4358,0.0477401427924633,,2453.5194132328033,81.0285382270813
4359,0.04708032310009003,,2454.0760781764984,81.04349303245544
4360,0.04745643213391304,,2454.632238149643,81.0584363937378
4361,0.04706018790602684,,2455.1892585754395,81.07337856292725
4362,0.04685797542333603,,2455.7454216480255,81.08834290504456
4363,0.04861702397465706,,2456.3018176555634,81.1032943725586
4364,0.04657849296927452,,2456.8579857349396,81.1182472705841
4365,0.0470784567296505,,2457.4144327640533,81.13318037986755
4366,0.048003364354372025,,2457.970728635788,81.14811706542969
4367,0.04881112277507782,,2458.527523994446,81.16307616233826
4368,0.047663118690252304,,2459.410032749176,81.17802858352661
4369,0.049736421555280685,,2459.966537952423,81.19296836853027
4370,0.047590333968400955,,2460.5227184295654,81.20791482925415
4371,0.047218404710292816,,2461.0793783664703,81.22286033630371
4372,0.04851962625980377,,2461.635577440262,81.23780608177185
4373,0.04775269702076912,,2462.19216132164,81.25275874137878
4374,0.04891742765903473,,2462.748287677765,81.26768469810486
4375,0.047316402196884155,,2463.3047609329224,81.28262233734131
4376,0.04716121777892113,,2463.8609476089478,81.29757404327393
4377,0.04668216407299042,,2464.4178771972656,81.31252574920654
4378,0.04629090055823326,,2464.9743180274963,81.32746767997742
4379,0.04801046475768089,,2465.5307772159576,81.34242343902588
4380,0.04681852087378502,,2466.086793422699,81.35738039016724
4381,0.0484723299741745,,2466.643135070801,81.37234282493591
4382,0.04734942689538002,,2467.199390888214,81.3872880935669
4383,0.0472692996263504,,2467.755789041519,81.40224814414978
4384,0.046747080981731415,,2468.3117802143097,81.41719675064087
4385,0.04688205197453499,,2468.868186712265,81.4321460723877
4386,0.046750955283641815,,2469.424262523651,81.44708895683289
4387,0.047095462679862976,,2469.980622291565,81.46203923225403
4388,0.047924816608428955,,2470.536731481552,81.47699046134949
4389,0.048162419348955154,,2471.0932636260986,81.49193120002747
4390,0.047610413283109665,,2471.6491882801056,81.50687575340271
4391,0.04765915125608444,,2472.206732273102,81.52182412147522
4392,0.04823790863156319,,2472.7627437114716,81.53677916526794
4393,0.04823226481676102,,2473.3193032741547,81.55173921585083
4394,0.04689113423228264,,2473.8755209445953,81.56668400764465
4395,0.046801190823316574,,2474.432119369507,81.58163118362427
4396,0.04677346348762512,,2474.988170146942,81.59658217430115
4397,0.047881342470645905,,2475.5448808670044,81.61155009269714
4398,0.04761974513530731,,2476.101599216461,81.62649703025818
4399,0.047835227102041245,,2476.6580255031586,81.64144158363342
4400,0.04803931713104248,,2477.21409535408,81.65638041496277
4401,0.04797883331775665,,2477.7707250118256,81.67135167121887
4402,0.049047742038965225,,2478.326821088791,81.68628931045532
4403,0.047017887234687805,,2478.883490085602,81.70123958587646
4404,0.04717246815562248,,2479.439488172531,81.71619629859924
4405,0.04626116901636124,,2479.996237754822,81.7311577796936
4406,0.046513400971889496,,2480.5523648262024,81.7460994720459
4407,0.0473213829100132,,2481.108924150467,81.76104998588562
4408,0.04639274254441261,,2481.665161371231,81.77600145339966
4409,0.04715743288397789,,2482.2217388153076,81.79094934463501
4410,0.04819030687212944,,2482.777808189392,81.80588436126709
4411,0.04678260535001755,,2483.334698677063,81.82082676887512
4412,0.04722569137811661,,2483.890889644623,81.83579277992249
4413,0.04817395284771919,,2484.447391271591,81.85073852539062
4414,0.04730157181620598,,2485.003592967987,81.86569285392761
4415,0.04596444219350815,,2485.560086965561,81.88064694404602
4416,0.04627815634012222,,2486.1160366535187,81.89560055732727
4417,0.04612451046705246,,2486.672569513321,81.91056299209595
4418,0.04699217155575752,,2487.2286710739136,81.92550587654114
4419,0.04773557558655739,,2487.785843372345,81.94046950340271
4420,0.046095144003629684,,2488.6681339740753,81.95540714263916
4421,0.046912774443626404,,2489.224599838257,81.97034454345703
4422,0.048069462180137634,,2489.7809686660767,81.98528385162354
4423,0.04762561246752739,,2490.337481021881,82.00024056434631
4424,0.04700663685798645,,2490.893812417984,82.01518321037292
4425,0.04636383056640625,,2491.4505989551544,82.03013586997986
4426,0.045787263661623,,2492.0069794654846,82.04508376121521
4427,0.0458720326423645,,2492.5636200904846,82.06003260612488
4428,0.04665056988596916,,2493.1198647022247,82.07496523857117
4429,0.046666983515024185,,2493.676288843155,82.08991312980652
4430,0.04629918187856674,,2494.2325081825256,82.10487055778503
4431,0.04663281887769699,,2494.7892129421234,82.1198182106018
4432,0.04664469510316849,,2495.3462402820587,82.13476538658142
4433,0.046456851065158844,,2495.902928829193,82.14971160888672
4434,0.04665318503975868,,2496.4589669704437,82.16466641426086
4435,0.047053683549165726,,2497.0153634548187,82.17961192131042
4436,0.04630042612552643,,2497.5714938640594,82.19457125663757
4437,0.04583757370710373,,2498.127993822098,82.20953226089478
4438,0.048452917486429214,,2498.6841490268707,82.22446870803833
4439,0.048464782536029816,,2499.240857362747,82.23941540718079
4440,0.046338118612766266,,2499.7979266643524,82.25436663627625
4441,0.04621640965342522,,2500.35413312912,82.26930737495422
4442,0.04659922420978546,,2500.910243034363,82.28426241874695
4443,0.04739870876073837,,2501.4678971767426,82.29921770095825
4444,0.04664761200547218,,2502.0243124961853,82.31416153907776
4445,0.04660181328654289,,2502.5807871818542,82.3291027545929
4446,0.046467479318380356,,2503.1372096538544,82.34404301643372
4447,0.04643562436103821,,2503.69393825531,82.35901069641113
4448,0.04633099585771561,,2504.249930381775,82.37395668029785
4449,0.047013770788908005,,2504.806384086609,82.38890862464905
4450,0.045917630195617676,,2505.3627002239227,82.40384674072266
4451,0.04599957913160324,,2505.9192616939545,82.41880416870117
4452,0.046930935233831406,,2506.475378036499,82.4337637424469
4453,0.049247149378061295,,2507.0318257808685,82.44870924949646
4454,0.0487530380487442,,2507.5879139900208,82.46366453170776
4455,0.04680116847157478,,2508.1449086666107,82.47860956192017
4456,0.0468815378844738,,2508.7009859085083,82.49356389045715
4457,0.04707315191626549,,2509.257470846176,82.50853180885315
4458,0.046743180602788925,,2509.8137125968933,82.52346467971802
4459,0.046441979706287384,,2510.370353460312,82.5384271144867
4460,0.04925208538770676,,2510.9260692596436,82.55336165428162
4461,0.046892859041690826,,2511.4827704429626,82.56831979751587
4462,0.047502629458904266,,2512.038672208786,82.58327507972717
4463,0.04636345058679581,,2512.5953011512756,82.59823179244995
4464,0.04535587131977081,,2513.151330471039,82.61318850517273
4465,0.045562807470560074,,2513.7078387737274,82.6281259059906
4466,0.045112863183021545,,2514.264033794403,82.64309573173523
4467,0.045584309846162796,,2514.8208208084106,82.65802764892578
4468,0.04563034698367119,,2515.376837015152,82.6729679107666
4469,0.04583697021007538,,2515.933448791504,82.68791627883911
4470,0.045248985290527344,,2516.489459514618,82.70285725593567
4471,0.0474533811211586,,2517.0459504127502,82.71781849861145
4472,0.04575071111321449,,2517.9285860061646,82.73275947570801
4473,0.045343849807977676,,2518.485306739807,82.74770045280457
4474,0.04556208848953247,,2519.041752576828,82.76289010047913
4475,0.0453408919274807,,2519.599225282669,82.77785134315491
4476,0.04500687122344971,,2520.155279159546,82.79279804229736
4477,0.04503197595477104,,2520.711981534958,82.80775356292725
4478,0.045423805713653564,,2521.2681601047516,82.8226969242096
4479,0.045274149626493454,,2521.8245809078217,82.83764863014221
4480,0.046496257185935974,,2522.380785226822,82.85259079933167
4481,0.04623127356171608,,2522.937203645706,82.86753749847412
4482,0.04593832045793533,,2523.4936666488647,82.88248658180237
4483,0.04574598744511604,,2524.0501277446747,82.8974232673645
4484,0.046762000769376755,,2524.6069688796997,82.9123809337616
4485,0.045734092593193054,,2525.1634225845337,82.92732000350952
4486,0.04669664055109024,,2525.719728946686,82.94226598739624
4487,0.046702828258275986,,2526.276640176773,82.95720291137695
4488,0.04909411072731018,,2526.8330297470093,82.9721462726593
4489,0.04560805857181549,,2527.389657974243,82.9871039390564
4490,0.045585792511701584,,2527.9455420970917,83.00204515457153
4491,0.04674987122416496,,2528.502208471298,83.01700830459595
4492,0.04648025333881378,,2529.0583407878876,83.03194952011108
4493,0.045722007751464844,,2529.6151835918427,83.04690408706665
4494,0.04705401510000229,,2530.17134642601,83.06186556816101
4495,0.04643787443637848,,2530.7280490398407,83.07681965827942
4496,0.046577341854572296,,2531.2839200496674,83.09175205230713
4497,0.04647867754101753,,2531.840413570404,83.10669350624084
4498,0.0469311848282814,,2532.396346092224,83.12166047096252
4499,0.04609222337603569,,2532.9529941082,83.1366240978241
4500,0.0482560470700264,-0.0019465896766632795,2533.508989095688,84.8942608833313
4501,0.04688424989581108,,2534.0657711029053,84.90920448303223
4502,0.046383947134017944,,2534.6222751140594,84.92417073249817
4503,0.04561040922999382,,2535.1793904304504,84.9391222000122
4504,0.045796386897563934,,2535.735400915146,84.95409178733826
4505,0.047063522040843964,,2536.2920055389404,84.96903085708618
4506,0.045761093497276306,,2536.848285675049,84.9839699268341
4507,0.04648681357502937,,2537.4048953056335,84.99892497062683
4508,0.0465792752802372,,2537.960813522339,85.01388144493103
4509,0.04579867795109749,,2538.5175149440765,85.02884817123413
4510,0.04833894595503807,,2539.0739703178406,85.04378986358643
4511,0.048727210611104965,,2539.63037276268,85.05871939659119
4512,0.04831787943840027,,2540.1865072250366,85.07365584373474
4513,0.046203721314668655,,2540.7429823875427,85.08859586715698
4514,0.046103112399578094,,2541.298810482025,85.10355472564697
4515,0.04542773962020874,,2541.8554499149323,85.11850452423096
4516,0.04617316648364067,,2542.4116661548615,85.13347125053406
4517,0.04660387709736824,,2542.9684801101685,85.14841103553772
4518,0.04937540367245674,,2543.526006937027,85.16334939002991
4519,0.046429380774497986,,2544.082494497299,85.17830038070679
4520,0.04654012992978096,,2544.6383938789368,85.19326210021973
4521,0.04664439335465431,,2545.1948051452637,85.20822834968567
4522,0.046089932322502136,,2545.750863313675,85.22317790985107
4523,0.04656944051384926,,2546.3071677684784,85.23813271522522
4524,0.045438338071107864,,2547.1900742053986,85.25308609008789
4525,0.045744698494672775,,2547.746710062027,85.26803779602051
4526,0.045665886253118515,,2548.3025641441345,85.28297209739685
4527,0.04534735158085823,,2548.8591248989105,85.2979097366333
4528,0.046894896775484085,,2549.415267467499,85.31285285949707
4529,0.046322815120220184,,2549.971734523773,85.32780337333679
4530,0.045882903039455414,,2550.5277848243713,85.34276103973389
4531,0.04609275236725807,,2551.0840735435486,85.35769820213318
4532,0.04679880291223526,,2551.640519618988,85.3726589679718
4533,0.04654927924275398,,2552.19713640213,85.38760924339294
4534,0.04493599757552147,,2552.753296852112,85.40256547927856
4535,0.04531467333436012,,2553.3103063106537,85.41750931739807
4536,0.045596543699502945,,2553.866367340088,85.43243956565857
4537,0.044989027082920074,,2554.4227945804596,85.44740056991577
4538,0.0454837828874588,,2554.9788591861725,85.46234393119812
4539,0.04657804220914841,,2555.5354850292206,85.4773018360138
4540,0.046267785131931305,,2556.0916223526,85.4922525882721
4541,0.046502429991960526,,2556.648136138916,85.50722026824951
4542,0.04609876498579979,,2557.2042384147644,85.52219223976135
4543,0.04522184655070305,,2557.760854244232,85.5371482372284
4544,0.0448470413684845,,2558.3170869350433,85.552086353302
4545,0.04537421092391014,,2558.874162197113,85.56703352928162
4546,0.04479428753256798,,2559.430829524994,85.58198094367981
4547,0.04559406638145447,,2559.9874284267426,85.59692811965942
4548,0.0464584082365036,,2560.5437145233154,85.61185789108276
4549,0.045246124267578125,,2561.100389957428,85.62682819366455
4550,0.045251790434122086,,2561.656598329544,85.64176344871521
4551,0.04542523995041847,,2562.213525533676,85.65671157836914
4552,0.04586208611726761,,2562.769973039627,85.67165684700012
4553,0.04564058035612106,,2563.3264791965485,85.68660807609558
4554,0.045083653181791306,,2563.8826048374176,85.70155382156372
4555,0.04564114287495613,,2564.4394550323486,85.71649765968323
4556,0.04555881395936012,,2564.995440006256,85.73144388198853
4557,0.04491599649190903,,2565.5519077777863,85.74639058113098
4558,0.04507013037800789,,2566.108338356018,85.76133418083191
4559,0.04554244130849838,,2566.6648399829865,85.77627873420715
4560,0.0453057587146759,,2567.2210400104523,85.7912278175354
4561,0.045657314360141754,,2567.777619123459,85.80617928504944
4562,0.044833581894636154,,2568.3333127498627,85.821115732193
4563,0.04671222344040871,,2568.8902077674866,85.83607792854309
4564,0.04538111388683319,,2569.446875333786,85.85103058815002
4565,0.0446171760559082,,2570.0034568309784,85.8659782409668
4566,0.04460480809211731,,2570.560176372528,85.88092756271362
4567,0.04515010863542557,,2571.117411851883,85.89589262008667
4568,0.04555497318506241,,2571.6735117435455,85.9108498096466
4569,0.045033447444438934,,2572.230257987976,85.92579627037048
4570,0.04518011584877968,,2572.786430120468,85.94074940681458
4571,0.04459486901760101,,2573.3429658412933,85.95570302009583
4572,0.0446595773100853,,2573.89918756485,85.97063970565796
4573,0.04442258179187775,,2574.4556214809418,85.98561072349548
4574,0.044686898589134216,,2575.0117127895355,86.00055241584778
4575,0.04569970816373825,,2575.5682513713837,86.01551008224487
4576,0.04478307068347931,,2576.4506096839905,86.03045010566711
4577,0.044436804950237274,,2577.0071547031403,86.04540777206421
4578,0.0454864501953125,,2577.563178539276,86.06037092208862
4579,0.04558044299483299,,2578.121344566345,86.07531380653381
4580,0.04514124244451523,,2578.6776444911957,86.09026217460632
4581,0.04443434998393059,,2579.2342751026154,86.10522079467773
4582,0.04456663131713867,,2579.7906486988068,86.12016582489014
4583,0.04530687630176544,,2580.347229719162,86.13510537147522
4584,0.04530053958296776,,2580.903392314911,86.15005683898926
4585,0.044631779193878174,,2581.459880590439,86.16500306129456
4586,0.04481637477874756,,2582.0159442424774,86.17994022369385
4587,0.045275624841451645,,2582.5730888843536,86.19488382339478
4588,0.044884007424116135,,2583.1290152072906,86.20983982086182
4589,0.044618770480155945,,2583.685388803482,86.22478914260864
4590,0.04408154636621475,,2584.241639852524,86.23972010612488
4591,0.044938381761312485,,2584.798243522644,86.25467467308044
4592,0.044011007994413376,,2585.354529619217,86.26961612701416
4593,0.044546034187078476,,2585.9111523628235,86.28457021713257
4594,0.04381158947944641,,2586.468282699585,86.29952311515808
4595,0.044852323830127716,,2587.025239944458,86.31445860862732
4596,0.04497064650058746,,2587.581358194351,86.32942223548889
4597,0.044508256018161774,,2588.138221502304,86.34436058998108
4598,0.04434508830308914,,2588.694857120514,86.3593282699585
4599,0.04444342106580734,,2589.2516708374023,86.37431049346924
4600,0.04403528571128845,,2589.80792760849,86.38926672935486
4601,0.044905345886945724,,2590.3646574020386,86.40422940254211
4602,0.044583696871995926,,2590.9207994937897,86.41919112205505
4603,0.04490822181105614,,2591.4774916172028,86.43414616584778
4604,0.044806841760873795,,2592.0334689617157,86.44908595085144
4605,0.04629325866699219,,2592.5901494026184,86.46402525901794
4606,0.0446612611413002,,2593.1472952365875,86.47897338867188
4607,0.04524378478527069,,2593.705806493759,86.49416279792786
4608,0.047038059681653976,,2594.2717311382294,86.50910234451294
4609,0.04481248930096626,,2594.828288793564,86.52403736114502
4610,0.045000094920396805,,2595.384455680847,86.53899097442627
4611,0.044751472771167755,,2595.9411582946777,86.55395007133484
4612,0.04540127143263817,,2596.4973413944244,86.56891584396362
4613,0.04461470618844032,,2597.0538392066956,86.58387184143066
4614,0.04457184299826622,,2597.610076904297,86.59882831573486
4615,0.04509212449193001,,2598.1665880680084,86.61376237869263
4616,0.04457737132906914,,2598.7231435775757,86.62872672080994
4617,0.046671412885189056,,2599.2796256542206,86.6436779499054
4618,0.04446052387356758,,2599.8356862068176,86.65861988067627
4619,0.04462037608027458,,2600.392194032669,86.67355799674988
4620,0.044879522174596786,,2600.94842338562,86.6885461807251
4621,0.04453824833035469,,2601.505096912384,86.70349764823914
4622,0.04443729296326637,,2602.0614778995514,86.71845650672913
4623,0.04453906789422035,,2602.61807346344,86.73341631889343
4624,0.04425598680973053,,2603.1744174957275,86.74837160110474
4625,0.04402625188231468,,2603.731118917465,86.7633171081543
4626,0.04471113905310631,,2604.2872569561005,86.77825784683228
4627,0.04465518891811371,,2604.8439362049103,86.79321813583374
4628,0.044660892337560654,,2605.726583480835,86.80816698074341
4629,0.04419375956058502,,2606.2840247154236,86.82312345504761
4630,0.044400036334991455,,2606.8402948379517,86.83809208869934
4631,0.04408225417137146,,2607.3968114852905,86.85303568840027
4632,0.044736430048942566,,2607.9530715942383,86.86799645423889
4633,0.04454812407493591,,2608.5096940994263,86.88296484947205
4634,0.045547228306531906,,2609.0653483867645,86.89791011810303
4635,0.045730188488960266,,2609.6218979358673,86.91285824775696
4636,0.0451197512447834,,2610.177894592285,86.92779850959778
4637,0.044412605464458466,,2610.7344131469727,86.94273948669434
4638,0.04387279227375984,,2611.2904756069183,86.95769762992859
4639,0.04454498365521431,,2611.8469326496124,86.9726231098175
4640,0.0449385941028595,,2612.403135538101,86.98757076263428
4641,0.04455839470028877,,2612.9598121643066,87.00252294540405
4642,0.04423265531659126,,2613.5161237716675,87.01749181747437
4643,0.04489431530237198,,2614.072779893875,87.03243350982666
4644,0.044029802083969116,,2614.62886428833,87.04739022254944
4645,0.044903915375471115,,2615.185647726059,87.06234645843506
4646,0.04417524114251137,,2615.7419307231903,87.07730054855347
4647,0.04501337558031082,,2616.2987875938416,87.09225606918335
4648,0.044216856360435486,,2616.8548352718353,87.10722851753235
4649,0.043904297053813934,,2617.4114751815796,87.12218236923218
4650,0.04330885410308838,,2617.968223810196,87.13713359832764
4651,0.04344383254647255,,2618.524975538254,87.15209436416626
4652,0.045217711478471756,,2619.080991268158,87.16703128814697
4653,0.04357955604791641,,2619.637604236603,87.18198156356812
4654,0.044981855899095535,,2620.1938903331757,87.19692897796631
4655,0.04449263960123062,,2620.7503333091736,87.21188259124756
4656,0.04470006003975868,,2621.306316137314,87.22681403160095
4657,0.04405859485268593,,2621.8629426956177,87.24177074432373
4658,0.04411063715815544,,2622.419145345688,87.25670957565308
4659,0.043729498982429504,,2622.975723028183,87.27166104316711
4660,0.04414137080311775,,2623.5317993164062,87.28660845756531
4661,0.04387054219841957,,2624.088919878006,87.30155944824219
4662,0.04343486204743385,,2624.645430088043,87.31652879714966
4663,0.04456642270088196,,2625.202271938324,87.33147478103638
4664,0.04432186111807823,,2625.7584755420685,87.34642505645752
4665,0.04374881461262703,,2626.3150091171265,87.36138582229614
4666,0.04387487471103668,,2626.8713932037354,87.37633919715881
4667,0.04442207142710686,,2627.428112268448,87.39128470420837
4668,0.043667666614055634,,2627.9841265678406,87.40623331069946
4669,0.04389842599630356,,2628.5407655239105,87.42120838165283
4670,0.0440477691590786,,2629.0969836711884,87.43615555763245
4671,0.04399368166923523,,2629.6540620326996,87.45111656188965
4672,0.0440569631755352,,2630.2102320194244,87.46606755256653
4673,0.04389099031686783,,2630.7671773433685,87.48102617263794
4674,0.04404749348759651,,2631.3232765197754,87.49598622322083
4675,0.04522155597805977,,2631.8802950382233,87.5109395980835
4676,0.045757874846458435,,2632.4367146492004,87.52589559555054
4677,0.04311896115541458,,2632.9941959381104,87.54084777832031
4678,0.04887116327881813,,2633.5503811836243,87.55581164360046
4679,0.04451652616262436,,2634.106986761093,87.57075572013855
4680,0.04408378526568413,,2634.9887504577637,87.5857105255127
4681,0.044225845485925674,,2635.545105457306,87.60066556930542
4682,0.04418686777353287,,2636.1012377738953,87.61562514305115
4683,0.04392855241894722,,2636.658116579056,87.6305718421936
4684,0.04443270340561867,,2637.2140312194824,87.6455249786377
4685,0.04322316497564316,,2637.7704627513885,87.66047286987305
4686,0.043122995644807816,,2638.326446056366,87.67540836334229
4687,0.043116044253110886,,2638.8829820156097,87.69037222862244
4688,0.04367624595761299,,2639.4388959407806,87.7053165435791
4689,0.04358499497175217,,2639.9952158927917,87.72027087211609
4690,0.04343254119157791,,2640.551627635956,87.7352249622345
4691,0.04357292130589485,,2641.108866453171,87.7501871585846
4692,0.043727681040763855,,2641.665370464325,87.76513171195984
4693,0.044230859726667404,,2642.2218379974365,87.78009748458862
4694,0.04300327226519585,,2642.778490781784,87.79503965377808
4695,0.04373062402009964,,2643.335164308548,87.80998229980469
4696,0.04320795089006424,,2643.891638278961,87.82494688034058
4697,0.04459919407963753,,2644.4479751586914,87.83989477157593
4698,0.0429927334189415,,2645.0040481090546,87.85483574867249
4699,0.04295412078499794,,2645.560601711273,87.86979413032532
4700,0.04370971769094467,,2646.117017507553,87.88474798202515
4701,0.0435141883790493,,2646.673493385315,87.89967846870422
4702,0.0426446758210659,,2647.2295892238617,87.91489601135254
4703,0.04315444827079773,,2647.7867686748505,87.92983484268188
4704,0.04384959116578102,,2648.3428559303284,87.9447751045227
4705,0.043698955327272415,,2648.8994431495667,87.95973014831543
4706,0.042867694050073624,,2649.456141233444,87.97470450401306
4707,0.04389745742082596,,2650.0126893520355,87.98966097831726
4708,0.043827805668115616,,2650.569035053253,88.00459623336792
4709,0.04375702515244484,,2651.1259684562683,88.01954865455627
4710,0.04381515085697174,,2651.6821982860565,88.03450322151184
4711,0.04356728494167328,,2652.2390727996826,88.04945850372314
4712,0.04360181465744972,,2652.7951843738556,88.0643880367279
4713,0.04387836158275604,,2653.352174282074,88.0793387889862
4714,0.043513279408216476,,2653.908263683319,88.09429693222046
4715,0.043703462928533554,,2654.4646458625793,88.10925102233887
4716,0.043865934014320374,,2655.020894050598,88.12421798706055
4717,0.04364174231886864,,2655.5773270130157,88.13917088508606
4718,0.043485116213560104,,2656.133820295334,88.1541211605072
4719,0.043637845665216446,,2656.6903188228607,88.16906142234802
4720,0.043569181114435196,,2657.2464435100555,88.1840090751648
4721,0.04366278648376465,,2657.80287361145,88.19895005226135
4722,0.04339395463466644,,2658.3587911129,88.21389293670654
4723,0.04419627785682678,,2658.9160401821136,88.22885012626648
4724,0.04367486760020256,,2659.472088098526,88.24379086494446
4725,0.04294257238507271,,2660.028505563736,88.25873899459839
4726,0.04376723989844322,,2660.585297346115,88.27372217178345
4727,0.04319729283452034,,2661.141843318939,88.28867650032043
4728,0.04507814720273018,,2661.6977875232697,88.30362963676453
4729,0.04435272887349129,,2662.2543635368347,88.31856083869934
4730,0.04400782659649849,,2662.8104712963104,88.33351254463196
4731,0.04292061924934387,,2663.3673706054688,88.34848117828369
4732,0.043330445885658264,,2664.2498993873596,88.36343741416931
4733,0.043746862560510635,,2664.8066856861115,88.37838935852051
4734,0.0441453754901886,,2665.3632986545563,88.39334440231323
4735,0.04357613995671272,,2665.919807910919,88.4083104133606
4736,0.04385462775826454,,2666.475986480713,88.42326712608337
4737,0.044229425489902496,,2667.0327973365784,88.43824696540833
4738,0.04370822757482529,,2667.5891523361206,88.45319247245789
4739,0.04363618046045303,,2668.1458315849304,88.46817398071289
4740,0.044841039925813675,,2668.7020354270935,88.48312306404114
4741,0.043587878346443176,,2669.258806705475,88.49807620048523
4742,0.04408068209886551,,2669.814966917038,88.51302981376648
4743,0.04336237534880638,,2670.3715467453003,88.52797317504883
4744,0.043214570730924606,,2670.927648305893,88.54292416572571
4745,0.044821880757808685,,2671.484186410904,88.55788707733154
4746,0.04399854317307472,,2672.0403616428375,88.57283067703247
4747,0.04610534384846687,,2672.5969276428223,88.58777832984924
4748,0.04546896368265152,,2673.153114795685,88.60271883010864
4749,0.04464805871248245,,2673.7095096111298,88.61767435073853
4750,0.0436524897813797,,2674.2654230594635,88.63262438774109
4751,0.0454549714922905,,2674.8218953609467,88.64760088920593
4752,0.04622991755604744,,2675.3779191970825,88.66255164146423
4753,0.043300140649080276,,2675.934713125229,88.67749404907227
4754,0.04455629736185074,,2676.490958929062,88.6924352645874
4755,0.04407239332795143,,2677.048142671585,88.70739603042603
4756,0.04297385737299919,,2677.604378938675,88.72233414649963
4757,0.0428151860833168,,2678.1608896255493,88.73727631568909
4758,0.04328932985663414,,2678.7170102596283,88.75221490859985
4759,0.042928021401166916,,2679.2735056877136,88.76717019081116
4760,0.04341510310769081,,2679.829611301422,88.78211331367493
4761,0.04331083595752716,,2680.386344432831,88.79707074165344
4762,0.04431651160120964,,2680.9425439834595,88.8120129108429
4763,0.044473644345998764,,2681.498679161072,88.82695364952087
4764,0.04342324286699295,,2682.0551149845123,88.8419098854065
4765,0.043568290770053864,,2682.6117396354675,88.8568525314331
4766,0.04335397481918335,,2683.167917728424,88.87180662155151
4767,0.04277686029672623,,2683.72425699234,88.88676333427429
4768,0.04270579293370247,,2684.2803683280945,88.90171313285828
4769,0.04278744384646416,,2684.836949110031,88.91665887832642
4770,0.04323393851518631,,2685.3932695388794,88.93160724639893
4771,0.04443893954157829,,2685.950049638748,88.94656610488892
4772,0.04602530971169472,,2686.5065281391144,88.96151852607727
4773,0.046098388731479645,,2687.0630910396576,88.97647261619568
4774,0.04305161535739899,,2687.6192281246185,88.9914059638977
4775,0.042620208114385605,,2688.1756625175476,89.00636982917786
4776,0.04252767190337181,,2688.7320499420166,89.0213189125061
4777,0.042748674750328064,,2689.2887012958527,89.03626942634583
4778,0.04264948144555092,,2689.8448565006256,89.05121374130249
4779,0.04253554344177246,,2690.4013435840607,89.06615424156189
4780,0.04233473539352417,,2690.9575760364532,89.08109831809998
4781,0.04259684309363365,,2691.5141546726227,89.09604740142822
4782,0.04251802712678909,,2692.070362329483,89.11099481582642
4783,0.043076228350400925,,2692.626881837845,89.12594532966614
4784,0.04283613711595535,,2693.509212732315,89.14089369773865
4785,0.04256206005811691,,2694.065717935562,89.15584325790405
4786,0.04281063750386238,,2694.6219580173492,89.1707751750946
4787,0.04350171238183975,,2695.1785752773285,89.18572521209717
4788,0.04239819198846817,,2695.7348489761353,89.20066714286804
4789,0.0430932454764843,,2696.2915835380554,89.21562361717224
4790,0.04345526546239853,,2696.8478388786316,89.23055911064148
4791,0.043831437826156616,,2697.404402256012,89.2455108165741
4792,0.04312732070684433,,2697.9605147838593,89.26045608520508
4793,0.0425984226167202,,2698.517176628113,89.27539777755737
4794,0.04276483878493309,,2699.0732107162476,89.29034090042114
4795,0.042527612298727036,,2699.629925966263,89.30529808998108
4796,0.042714741080999374,,2700.1869173049927,89.3202748298645
4797,0.04316325858235359,,2700.743893146515,89.33525204658508
4798,0.042425692081451416,,2701.299953699112,89.35019874572754
4799,0.042468611150979996,,2701.8564732074738,89.36514782905579
4800,0.0428338460624218,,2702.412415266037,89.38011026382446
4801,0.04254073277115822,,2702.969320297241,89.39505767822266
4802,0.04259641468524933,,2703.525773048401,89.40998649597168
4803,0.04387835040688515,,2704.0828380584717,89.42491960525513
4804,0.043786197900772095,,2704.639263153076,89.43988561630249
4805,0.042823124676942825,,2705.1962621212006,89.45487093925476
4806,0.04316628351807594,,2705.7525272369385,89.46980547904968
4807,0.042187001556158066,,2706.308946609497,89.48475098609924
4808,0.044364482164382935,,2706.865154027939,89.49969816207886
4809,0.04463260993361473,,2707.4218401908875,89.51464104652405
4810,0.04263003170490265,,2707.9780106544495,89.52960515022278
4811,0.042635735124349594,,2708.5345587730408,89.54456615447998
4812,0.045260630548000336,,2709.090619802475,89.55950593948364
4813,0.04396038502454758,,2709.6471338272095,89.57445764541626
4814,0.042239461094141006,,2710.2033841609955,89.5894103050232
4815,0.04258770868182182,,2710.7597913742065,89.60435843467712
4816,0.042625151574611664,,2711.3157336711884,89.61933755874634
4817,0.04244491085410118,,2711.872185945511,89.63428401947021
4818,0.04204869642853737,,2712.429596424103,89.64923119544983
4819,0.0423240140080452,,2712.9860911369324,89.66416716575623
4820,0.042855702340602875,,2713.5423908233643,89.67911958694458
4821,0.04267368093132973,,2714.099510908127,89.69407796859741
4822,0.04330210015177727,,2714.6556148529053,89.70900988578796
4823,0.04270460829138756,,2715.2122740745544,89.72413682937622
4824,0.04289660230278969,,2715.7683811187744,89.73907804489136
4825,0.043026410043239594,,2716.3248534202576,89.75402021408081
4826,0.04262836277484894,,2716.8809649944305,89.76897740364075
4827,0.04220247641205788,,2717.4375519752502,89.78391909599304
4828,0.04299605265259743,,2717.9933822155,89.79886817932129
4829,0.04429635405540466,,2718.54989862442,89.81382012367249
4830,0.044149000197649,,2719.106224298477,89.82875466346741
4831,0.04436575621366501,,2719.6628663539886,89.84370136260986
4832,0.04232356324791908,,2720.219036102295,89.85864639282227
4833,0.042883723974227905,,2720.7760417461395,89.87360644340515
4834,0.04320039600133896,,2721.3320944309235,89.88854718208313
4835,0.0419272743165493,,2721.8886756896973,89.90348029136658
4836,0.042824484407901764,,2722.770802259445,89.91851902008057
4837,0.04278631508350372,,2723.3273940086365,89.93347024917603
4838,0.042448047548532486,,2723.88356423378,89.94842863082886
4839,0.04381616786122322,,2724.4405081272125,89.96338629722595
4840,0.043307509273290634,,2724.996431350708,89.97833395004272
4841,0.044580135494470596,,2725.5529038906097,89.99328923225403
4842,0.04435477778315544,,2726.1092162132263,90.00824451446533
4843,0.043274715542793274,,2726.6656613349915,90.02318668365479
4844,0.04198149964213371,,2727.2214324474335,90.03813362121582
4845,0.04251052811741829,,2727.7781195640564,90.05310344696045
4846,0.04287434741854668,,2728.334486246109,90.06805324554443
4847,0.04417438060045242,,2728.891035079956,90.08300065994263
4848,0.04232323169708252,,2729.4471287727356,90.0979495048523
4849,0.042392291128635406,,2730.00342297554,90.11289238929749
4850,0.042298588901758194,,2730.560368537903,90.12783169746399
4851,0.04365822672843933,,2731.1168382167816,90.14277219772339
4852,0.04256371781229973,,2731.6728506088257,90.15771460533142
4853,0.04315048083662987,,2732.2305569648743,90.172682762146
4854,0.04303580895066261,,2732.7868371009827,90.18763494491577
4855,0.042388979345560074,,2733.3433730602264,90.20260977745056
4856,0.04432486370205879,,2733.8996980190277,90.21756362915039
4857,0.04685075953602791,,2734.456250667572,90.2324960231781
4858,0.04412304237484932,,2735.0124485492706,90.24743342399597
4859,0.043409258127212524,,2735.5690429210663,90.26239085197449
4860,0.04328563064336777,,2736.125763654709,90.2773666381836
4861,0.044100116938352585,,2736.6822814941406,90.29230666160583
4862,0.0422888919711113,,2737.238496541977,90.3072497844696
4863,0.04294591769576073,,2737.794981479645,90.32219362258911
4864,0.042312249541282654,,2738.350965499878,90.33715105056763
4865,0.0429404079914093,,2738.9076313972473,90.35209703445435
4866,0.04346973076462746,,2739.4641971588135,90.36705350875854
4867,0.042960625141859055,,2740.0209171772003,90.38200402259827
4868,0.04322434589266777,,2740.577037334442,90.39696550369263
4869,0.04694241285324097,,2741.133720636368,90.41190218925476
4870,0.04338328167796135,,2741.6898050308228,90.42683339118958
4871,0.045211177319288254,,2742.2463014125824,90.44177746772766
4872,0.04353959485888481,,2742.8024945259094,90.4567379951477
4873,0.04742848873138428,,2743.3591899871826,90.47169327735901
4874,0.04317598417401314,,2743.9153413772583,90.48663473129272
4875,0.0421183742582798,,2744.472013950348,90.50158715248108
4876,0.04308038204908371,,2745.028279066086,90.5165183544159
4877,0.04304568096995354,,2745.5846829414368,90.53144955635071
4878,0.04402456060051918,,2746.140971660614,90.54640126228333
4879,0.043913643807172775,,2746.6978838443756,90.56136178970337
4880,0.04344036057591438,,2747.253878593445,90.57630705833435
4881,0.0437454991042614,,2747.8109905719757,90.59124183654785
4882,0.0430341474711895,,2748.36714053154,90.60618758201599
4883,0.04292125627398491,,2748.9237961769104,90.62116312980652
4884,0.04266657680273056,,2749.4797258377075,90.63610696792603
4885,0.042125802487134933,,2750.036585330963,90.6510579586029
4886,0.04203309118747711,,2750.592662334442,90.66599607467651
4887,0.0428171306848526,,2751.1491932868958,90.68094801902771
4888,0.04180246964097023,,2752.0314943790436,90.6958978176117
4889,0.042158693075180054,,2752.5880477428436,90.7108428478241
4890,0.042638473212718964,,2753.144120693207,90.72578048706055
4891,0.0419740229845047,,2753.7005953788757,90.7407443523407
4892,0.04176747798919678,,2754.2567100524902,90.75569105148315
4893,0.04198399931192398,,2754.813256263733,90.77064228057861
4894,0.043538711965084076,,2755.3694002628326,90.78558135032654
4895,0.04463031515479088,,2755.9260108470917,90.80053210258484
4896,0.042627863585948944,,2756.482059240341,90.81546592712402
4897,0.043654102832078934,,2757.0385620594025,90.83041977882385
4898,0.04385343939065933,,2757.594407558441,90.84537124633789
4899,0.04268164932727814,,2758.151377439499,90.86030387878418
4900,0.042463887482881546,,2758.7075803279877,90.87526631355286
4901,0.04194212332367897,,2759.2640759944916,90.89020347595215
4902,0.042585499584674835,,2759.8205535411835,90.90514540672302
4903,0.04244386777281761,,2760.3769805431366,90.92008423805237
4904,0.043617233633995056,,2760.932973384857,90.93502616882324
4905,0.042956605553627014,,2761.489674806595,90.94998121261597
4906,0.04346417263150215,,2762.0456166267395,90.96493363380432
4907,0.04366974160075188,,2762.6020805835724,90.97989583015442
4908,0.043556805700063705,,2763.158038854599,90.99483704566956
4909,0.0448579303920269,,2763.7147040367126,91.00977420806885
4910,0.0451987162232399,,2764.2705931663513,91.0247073173523
4911,0.04470166563987732,,2764.827033996582,91.03964972496033
4912,0.04281769320368767,,2765.3834385871887,91.05462884902954
4913,0.04265696182847023,,2765.9402985572815,91.069575548172
4914,0.04214142635464668,,2766.4962480068207,91.08451557159424
4915,0.04219350591301918,,2767.052832841873,91.09946179389954
4916,0.04273951053619385,,2767.608916759491,91.11442065238953
4917,0.04272787645459175,,2768.16561293602,91.12937688827515
4918,0.04353668540716171,,2768.721928834915,91.14432001113892
4919,0.04617411643266678,,2769.2784271240234,91.15926051139832
4920,0.04501240327954292,,2769.834616422653,91.17420482635498
4921,0.043065767735242844,,2770.39137840271,91.1891541481018
4922,0.042620379477739334,,2770.9486014842987,91.20410490036011
4923,0.041722219437360764,,2771.5054953098297,91.21904301643372
4924,0.041437819600105286,,2772.0615940093994,91.23400378227234
4925,0.04163048416376114,,2772.6180856227875,91.2489538192749
4926,0.04236749932169914,,2773.1740922927856,91.26391649246216
4927,0.04231296479701996,,2773.730448246002,91.2788622379303
4928,0.042370330542325974,,2774.2864186763763,91.29382300376892
4929,0.0423603355884552,,2774.842890024185,91.30876231193542
4930,0.04160822555422783,,2775.3992149829865,91.32370114326477
4931,0.04205083101987839,,2775.9562923908234,91.33863997459412
4932,0.04140933230519295,,2776.5123171806335,91.35381007194519
4933,0.041333943605422974,,2777.0694551467896,91.3687801361084
4934,0.04173384606838226,,2777.6256186962128,91.38373517990112
4935,0.04157909378409386,,2778.1821653842926,91.39867901802063
4936,0.04159943014383316,,2778.7382094860077,91.41362714767456
4937,0.042675383388996124,,2779.294771671295,91.42857503890991
4938,0.04145513474941254,,2779.850918531418,91.44351577758789
4939,0.042266394942998886,,2780.407180786133,91.45846772193909
4940,0.043687064200639725,,2781.2894213199615,91.47340989112854
4941,0.04305361956357956,,2781.8459305763245,91.48835849761963
4942,0.04334760457277298,,2782.401967048645,91.50330257415771
4943,0.04340599849820137,,2782.958517551422,91.51824569702148
4944,0.042587362229824066,,2783.5152814388275,91.53320050239563
4945,0.04140873998403549,,2784.0724878311157,91.54813981056213
4946,0.04126114398241043,,2784.628640651703,91.56308817863464
4947,0.04131895676255226,,2785.1847157478333,91.57801961898804
4948,0.041517000645399094,,2785.7410707473755,91.5929844379425
4949,0.04134642705321312,,2786.2976698875427,91.60791349411011
4950,0.04122321307659149,,2786.8538479804993,91.62285017967224
4951,0.04135674610733986,,2787.410712003708,91.63779926300049
4952,0.04133513942360878,,2787.9667904376984,91.652752161026
4953,0.04286559671163559,,2788.5235919952393,91.66770434379578
4954,0.04160371795296669,,2789.0797696113586,91.68266320228577
4955,0.04323817417025566,,2789.6361680030823,91.69760608673096
4956,0.042670633643865585,,2790.1921665668488,91.71255588531494
4957,0.041852984577417374,,2790.748634815216,91.72749638557434
4958,0.04203103110194206,,2791.3045403957367,91.74246048927307
4959,0.0425419844686985,,2791.8610570430756,91.75739312171936
4960,0.04369834065437317,,2792.4172818660736,91.77233815193176
4961,0.042196113616228104,,2792.974956512451,91.78729343414307
4962,0.04191005602478981,,2793.5312502384186,91.80223798751831
4963,0.042688921093940735,,2794.0876145362854,91.81718754768372
4964,0.04282465577125549,,2794.6437430381775,91.83213663101196
4965,0.041856855154037476,,2795.200738430023,91.84707617759705
4966,0.041460070759058,,2795.7570593357086,91.86204075813293
4967,0.04220351204276085,,2796.3134138584137,91.87696266174316
4968,0.042077839374542236,,2796.869450569153,91.89190244674683
4969,0.042910221964120865,,2797.4259684085846,91.90685415267944
4970,0.04148269444704056,,2797.9823219776154,91.92181634902954
4971,0.04240839183330536,,2798.538720369339,91.93674612045288
4972,0.04211548715829849,,2799.094803094864,91.9516932964325
4973,0.04109453782439232,,2799.651113510132,91.96664619445801
4974,0.041486889123916626,,2800.2074568271637,91.98158979415894
4975,0.04275703802704811,,2800.763952732086,91.99652862548828
4976,0.04156942665576935,,2801.320190668106,92.01148533821106
4977,0.042366500943899155,,2801.8769969940186,92.02643036842346
4978,0.041393037885427475,,2802.433183670044,92.04137992858887
4979,0.042222604155540466,,2802.989696264267,92.05632877349854
4980,0.04339089244604111,,2803.54638338089,92.07129526138306
4981,0.04325304925441742,,2804.102966070175,92.08625078201294
4982,0.04165588691830635,,2804.6590054035187,92.10119724273682
4983,0.04372282326221466,,2805.215577363968,92.1161482334137
4984,0.04329783469438553,,2805.771675825119,92.13109040260315
4985,0.04190083593130112,,2806.328247308731,92.14604544639587
4986,0.04606890305876732,,2806.885000705719,92.1609992980957
4987,0.044912297278642654,,2807.441482067108,92.17595386505127
4988,0.042545635253190994,,2807.997587442398,92.19090342521667
4989,0.0425446555018425,,2808.554232120514,92.2058482170105
4990,0.04246160760521889,,2809.11030459404,92.2208001613617
4991,0.043182238936424255,,2809.666905403137,92.23574638366699
4992,0.04167298600077629,,2810.54962682724,92.25069379806519
4993,0.042568303644657135,,2811.1064715385437,92.26564645767212
4994,0.04148858040571213,,2811.662865638733,92.28060817718506
4995,0.04179031401872635,,2812.2194204330444,92.29555487632751
4996,0.04126814007759094,,2812.775876760483,92.3104944229126
4997,0.04155464097857475,,2813.332487344742,92.32545375823975
4998,0.04143674299120903,,2813.8885412216187,92.34041452407837
4999,0.04122539982199669,,2814.4454090595245,92.35535979270935
5000,0.04153764992952347,-0.001763547072187066,2815.001673221588,94.1129264831543
5001,0.04145394265651703,,2815.558391571045,94.12787318229675
5002,0.04082028567790985,,2816.1146097183228,94.14283657073975
5003,0.0413021445274353,,2816.6711337566376,94.15778517723083
5004,0.04095606878399849,,2817.227392911911,94.1727397441864
5005,0.04144962504506111,,2817.7837884426117,94.18767929077148
5006,0.04199247807264328,,2818.3401300907135,94.20263504981995
5007,0.04115663841366768,,2818.8973727226257,94.21758484840393
5008,0.041508905589580536,,2819.4535229206085,94.23254489898682
5009,0.042448580265045166,,2820.0100276470184,94.24749875068665
5010,0.04248730465769768,,2820.565779685974,94.26243472099304
5011,0.042619738727808,,2821.1221323013306,94.27738070487976
5012,0.04259331151843071,,2821.6780445575714,94.29232048988342
5013,0.04303474351763725,,2822.234322309494,94.30727505683899
5014,0.0416967049241066,,2822.7904052734375,94.32222008705139
5015,0.04169367998838425,,2823.3469531536102,94.33715963363647
5016,0.043765563517808914,,2823.9028692245483,94.35213732719421
5017,0.0415264293551445,,2824.4596605300903,94.36708879470825
5018,0.04133610427379608,,2825.0154802799225,94.38202857971191
5019,0.04149463772773743,,2825.5719859600067,94.39698958396912
5020,0.041612409055233,,2826.1281323432922,94.41193866729736
5021,0.04172375053167343,,2826.684722661972,94.42688703536987
5022,0.04136880859732628,,2827.240748643875,94.44184494018555
5023,0.04113416001200676,,2827.7980506420135,94.45678615570068
5024,0.04142579808831215,,2828.354352712631,94.47173523902893
5025,0.04257781058549881,,2828.91087269783,94.48669171333313
5026,0.041710272431373596,,2829.4669535160065,94.50164580345154
5027,0.041948579251766205,,2830.023419380188,94.51659345626831
5028,0.04272962734103203,,2830.5800499916077,94.53153848648071
5029,0.04149015620350838,,2831.13654756546,94.54647660255432
5030,0.04232344031333923,,2831.6925616264343,94.5614185333252
5031,0.04167419672012329,,2832.2494592666626,94.57639145851135
5032,0.041541993618011475,,2832.805729866028,94.5913290977478
5033,0.04221618175506592,,2833.3626141548157,94.60629367828369
5034,0.045019831508398056,,2833.918839454651,94.62123775482178
5035,0.043071262538433075,,2834.475242137909,94.63619136810303
5036,0.04156806319952011,,2835.0313363075256,94.65115237236023
5037,0.0416480228304863,,2835.5881493091583,94.66609144210815
5038,0.04174743592739105,,2836.1443989276886,94.68103504180908
5039,0.04258942976593971,,2836.7010550498962,94.69597434997559
5040,0.04195777326822281,,2837.2571351528168,94.7109124660492
5041,0.04238158091902733,,2837.8135290145874,94.72584843635559
5042,0.042566586285829544,,2838.3696806430817,94.74079155921936
5043,0.04237742722034454,,2838.9258234500885,94.75573658943176
5044,0.04242648184299469,,2839.8081221580505,94.77068781852722
5045,0.04199434444308281,,2840.364565372467,94.78563785552979
5046,0.041992925107479095,,2840.9208290576935,94.80058646202087
5047,0.04248683527112007,,2841.477406024933,94.8158073425293
5048,0.042623888701200485,,2842.034223794937,94.83075666427612
5049,0.041520457714796066,,2842.591329097748,94.84571146965027
5050,0.04118099436163902,,2843.1473186016083,94.86065745353699
5051,0.04127577319741249,,2843.703688621521,94.87560963630676
5052,0.04177119582891464,,2844.2598915100098,94.89054799079895
5053,0.04174257442355156,,2844.816864967346,94.90548419952393
5054,0.04175194725394249,,2845.3735234737396,94.9204511642456
5055,0.042078647762537,,2845.9300441741943,94.93540263175964
5056,0.042385123670101166,,2846.4864711761475,94.95036172866821
5057,0.04147865250706673,,2847.042842388153,94.96529507637024
5058,0.04197348281741142,,2847.5987663269043,94.98024940490723
5059,0.04236853867769241,,2848.1552267074585,94.99521660804749
5060,0.04196733981370926,,2848.711497068405,95.01015663146973
5061,0.042778175324201584,,2849.268079996109,95.02511358261108
5062,0.0413966104388237,,2849.8243041038513,95.0400538444519
5063,0.04161670431494713,,2850.3807859420776,95.05500316619873
5064,0.04138966277241707,,2850.9368460178375,95.06994533538818
5065,0.041269153356552124,,2851.4934797286987,95.08488416671753
5066,0.04198760166764259,,2852.049842596054,95.09982442855835
5067,0.04216231405735016,,2852.606416940689,95.1147723197937
5068,0.0418708398938179,,2853.162793159485,95.12974166870117
5069,0.04158299043774605,,2853.7202372550964,95.14467978477478
5070,0.04207123443484306,,2854.276911020279,95.15963363647461
5071,0.04156569764018059,,2854.8332912921906,95.1745924949646
5072,0.04135580733418465,,2855.3902208805084,95.18955159187317
5073,0.0418979674577713,,2855.947030544281,95.20450115203857
5074,0.04234534502029419,,2856.5030677318573,95.21943664550781
5075,0.041309766471385956,,2857.0595285892487,95.23437333106995
5076,0.04212828725576401,,2857.6155281066895,95.24931526184082
5077,0.04153792932629585,,2858.1721453666687,95.26424741744995
5078,0.04169695824384689,,2858.7282190322876,95.27921915054321
5079,0.04333125054836273,,2859.2846014499664,95.29416155815125
5080,0.04197634011507034,,2859.8404784202576,95.30910158157349
5081,0.04197860509157181,,2860.3970861434937,95.3240339756012
5082,0.0422474704682827,,2860.953024864197,95.33896946907043
5083,0.04464973136782646,,2861.509878873825,95.35393714904785
5084,0.042303211987018585,,2862.0664069652557,95.36887693405151
5085,0.04533765837550163,,2862.6229271888733,95.38383269309998
5086,0.04188566282391548,,2863.178922891617,95.39878034591675
5087,0.04226664826273918,,2863.735481739044,95.41371631622314
5088,0.043400660157203674,,2864.291661977768,95.42866897583008
5089,0.04266812652349472,,2864.8481543064117,95.44360280036926
5090,0.04144694283604622,,2865.4041862487793,95.45854949951172
5091,0.04166429117321968,,2865.961059331894,95.47350645065308
5092,0.04180334880948067,,2866.51709651947,95.48844146728516
5093,0.04147534817457199,,2867.073616027832,95.50338435173035
5094,0.04570513218641281,,2867.629543542862,95.51832556724548
5095,0.042924411594867706,,2868.1861033439636,95.53329563140869
5096,0.0428241565823555,,2869.068083524704,95.54826068878174
5097,0.04364815354347229,,2869.6244597434998,95.56321930885315
5098,0.04268231987953186,,2870.180512189865,95.57817482948303
5099,0.042283590883016586,,2870.7371306419373,95.59312438964844
5100,0.04167432337999344,,2871.293202161789,95.60807824134827
5101,0.04240579903125763,,2871.849931716919,95.62303161621094
5102,0.04198804497718811,,2872.4062118530273,95.63797330856323
5103,0.042774468660354614,,2872.963234901428,95.65293622016907
5104,0.0435209646821022,,2873.519454717636,95.6678876876831
5105,0.042884767055511475,,2874.0762531757355,95.68284511566162
5106,0.04334056377410889,,2874.6321527957916,95.69781017303467
5107,0.04215339198708534,,2875.1886084079742,95.71275639533997
5108,0.04186520725488663,,2875.7446298599243,95.72770500183105
5109,0.042267873883247375,,2876.301249742508,95.74265480041504
5110,0.04207469895482063,,2876.857499361038,95.7576072216034
5111,0.04193378984928131,,2877.4141879081726,95.77255702018738
5112,0.041755642741918564,,2877.970598936081,95.78749775886536
5113,0.042582910507917404,,2878.52708363533,95.80245041847229
5114,0.04304446652531624,,2879.084935903549,95.81740260124207
5115,0.042011942714452744,,2879.64164686203,95.83235335350037
5116,0.04292147234082222,,2880.1978583335876,95.84730386734009
5117,0.04384356737136841,,2880.7545187473297,95.86225724220276
5118,0.04261903464794159,,2881.310679912567,95.8771858215332
5119,0.04406583681702614,,2881.8675260543823,95.89213633537292
5120,0.041990380734205246,,2882.4237036705017,95.90709280967712
5121,0.043402235954999924,,2882.980450153351,95.92204260826111
5122,0.0421951524913311,,2883.5365755558014,95.93698692321777
5123,0.04177255928516388,,2884.0930716991425,95.95194697380066
5124,0.042497530579566956,,2884.6489810943604,95.96690630912781
5125,0.042187511920928955,,2885.2056093215942,95.9818606376648
5126,0.041881486773490906,,2885.761654138565,95.9968032836914
5127,0.042397551238536835,,2886.318355321884,96.01174235343933
5128,0.04219109192490578,,2886.874588251114,96.02669262886047
5129,0.04199519008398056,,2887.43133187294,96.04165577888489
5130,0.04127569496631622,,2887.9873695373535,96.05661916732788
5131,0.04157228022813797,,2888.5440270900726,96.0715754032135
5132,0.04194482043385506,,2889.1002037525177,96.08652758598328
5133,0.0422082357108593,,2889.6572568416595,96.10147547721863
5134,0.04195746034383774,,2890.2137978076935,96.1164186000824
5135,0.04158574715256691,,2890.770504951477,96.13137149810791
5136,0.04171095788478851,,2891.3266208171844,96.1463234424591
5137,0.04226842150092125,,2891.883306980133,96.16128206253052
5138,0.04191894084215164,,2892.439338207245,96.17621874809265
5139,0.04243600741028786,,2892.9958584308624,96.19117641448975
5140,0.04232831299304962,,2893.5520734786987,96.20612120628357
5141,0.041357770562171936,,2894.1084938049316,96.2210750579834
5142,0.041144855320453644,,2894.664623975754,96.23601222038269
5143,0.04094848781824112,,2895.221173763275,96.25095343589783
5144,0.04148296266794205,,2895.777230978012,96.26591229438782
5145,0.04150392487645149,,2896.334009170532,96.28085494041443
5146,0.04175806790590286,,2896.8902971744537,96.2958071231842
5147,0.041334912180900574,,2897.4468972682953,96.31075882911682
5148,0.04135079309344292,,2898.3289189338684,96.32572031021118
5149,0.041642043739557266,,2898.885886669159,96.34067749977112
5150,0.04134096950292587,,2899.4419758319855,96.35561871528625
5151,0.0414033904671669,,2899.998451948166,96.37057137489319
5152,0.04075884073972702,,2900.5546038150787,96.38550186157227
5153,0.04168737307190895,,2901.1111102104187,96.4004533290863
5154,0.0417112298309803,,2901.667851448059,96.41540050506592
5155,0.040674690157175064,,2902.2242302894592,96.43035531044006
5156,0.04108540341258049,,2902.7801773548126,96.44529986381531
5157,0.04182436689734459,,2903.336747646332,96.46022939682007
5158,0.041582174599170685,,2903.8928656578064,96.47518515586853
5159,0.04141375422477722,,2904.4493803977966,96.49012470245361
5160,0.04117843508720398,,2905.005540370941,96.50505352020264
5161,0.04131758585572243,,2905.562076807022,96.52000904083252
5162,0.04131989926099777,,2906.1181178092957,96.53495597839355
5163,0.041508741676807404,,2906.6749675273895,96.54988837242126
5164,0.04146283119916916,,2907.2311091423035,96.56483387947083
5165,0.04103689268231392,,2907.787440299988,96.57979488372803
5166,0.04182837903499603,,2908.3434734344482,96.59473896026611
5167,0.040761422365903854,,2908.900267601013,96.60969281196594
5168,0.040915582329034805,,2909.4567263126373,96.62462711334229
5169,0.04080958664417267,,2910.013272047043,96.63958668708801
5170,0.04040668159723282,,2910.5695424079895,96.65457248687744
5171,0.040532879531383514,,2911.1261496543884,96.669508934021
5172,0.04148039594292641,,2911.6824004650116,96.68446135520935
5173,0.041691605001688004,,2912.238933324814,96.69942116737366
5174,0.040774647146463394,,2912.7951295375824,96.71435570716858
5175,0.04116518050432205,,2913.3518962860107,96.7293164730072
5176,0.04164116457104683,,2913.907859325409,96.74426507949829
5177,0.04152464494109154,,2914.464365005493,96.75920724868774
5178,0.041342124342918396,,2915.020699739456,96.77415752410889
5179,0.04142472520470619,,2915.577359676361,96.78909182548523
5180,0.041016966104507446,,2916.1337928771973,96.80405235290527
5181,0.041471514850854874,,2916.6904759407043,96.81900405883789
5182,0.04131462797522545,,2917.2472760677338,96.83396291732788
5183,0.041451551020145416,,2917.8039202690125,96.84890961647034
5184,0.04169847071170807,,2918.360221862793,96.86384606361389
5185,0.04110051691532135,,2918.916784286499,96.87879037857056
5186,0.0410483293235302,,2919.4727931022644,96.89374423027039
5187,0.04174913838505745,,2920.0296800136566,96.90867972373962
5188,0.040330611169338226,,2920.585672855377,96.9236192703247
5189,0.041278183460235596,,2921.14208316803,96.93856978416443
5190,0.04082048311829567,,2921.6979813575745,96.95351839065552
5191,0.04106321558356285,,2922.2544655799866,96.96845269203186
5192,0.040809839963912964,,2922.810510635376,96.98339509963989
5193,0.04110434651374817,,2923.366743326187,96.99833631515503
5194,0.04101426154375076,,2923.9229350090027,97.01327252388
5195,0.041157037019729614,,2924.4794046878815,97.02823138237
5196,0.04172025993466377,,2925.0363223552704,97.04317331314087
5197,0.04142273962497711,,2925.592992782593,97.05811786651611
5198,0.04161766171455383,,2926.149199485779,97.07306289672852
5199,0.04147037863731384,,2926.7063150405884,97.08804130554199
5200,0.042142581194639206,,2927.588752269745,97.10300350189209
5201,0.041750308126211166,,2928.1452898979187,97.11795783042908
5202,0.041517473757267,,2928.7012457847595,97.1329140663147
5203,0.042157575488090515,,2929.2578949928284,97.14785552024841
5204,0.0420694462954998,,2929.8138177394867,97.16281819343567
5205,0.0419502779841423,,2930.3701915740967,97.17776036262512
5206,0.04145650193095207,,2930.9262385368347,97.19270944595337
5207,0.04161427170038223,,2931.4832684993744,97.20764207839966
5208,0.04285343736410141,,2932.039281845093,97.22257709503174
5209,0.04203484207391739,,2932.595765352249,97.23753619194031
5210,0.04111149162054062,,2933.151986837387,97.25247764587402
5211,0.04112808406352997,,2933.7087621688843,97.26741981506348
5212,0.040344350039958954,,2934.2647500038147,97.28237867355347
5213,0.04096435010433197,,2934.82119846344,97.29733061790466
5214,0.041136257350444794,,2935.377213716507,97.31227707862854
5215,0.040251199156045914,,2935.933844566345,97.32722854614258
5216,0.04113489389419556,,2936.489722967148,97.3421688079834
5217,0.04093458876013756,,2937.046607732773,97.35711765289307
5218,0.04081712290644646,,2937.6026442050934,97.3720633983612
5219,0.0401262529194355,,2938.15922999382,97.3870038986206
5220,0.04050777107477188,,2938.7153749465942,97.4019718170166
5221,0.040472663938999176,,2939.2719435691833,97.41692280769348
5222,0.040667470544576645,,2939.8278584480286,97.43187046051025
5223,0.040372084826231,,2940.3843955993652,97.44683241844177
5224,0.0407344214618206,,2940.9407143592834,97.4618022441864
5225,0.040959544479846954,,2941.4971041679382,97.47674894332886
5226,0.0403900183737278,,2942.053289413452,97.4916934967041
5227,0.04010729119181633,,2942.6100809574127,97.50665926933289
5228,0.04084957018494606,,2943.1667466163635,97.52160239219666
5229,0.0409703329205513,,2943.723886489868,97.53654789924622
5230,0.040854912251234055,,2944.279904127121,97.55149626731873
5231,0.040059834718704224,,2944.8368849754333,97.56646943092346
5232,0.04030507430434227,,2945.393018722534,97.58141469955444
5233,0.04027529060840607,,2945.949832677841,97.59636092185974
5234,0.04032861068844795,,2946.505925655365,97.61132383346558
5235,0.04040156304836273,,2947.0625224113464,97.62626695632935
5236,0.04097951576113701,,2947.618829011917,97.6412079334259
5237,0.04112971946597099,,2948.1753120422363,97.65617537498474
5238,0.04125561937689781,,2948.7318003177643,97.67112421989441
5239,0.04065791144967079,,2949.2882754802704,97.68607020378113
5240,0.040905434638261795,,2949.844345331192,97.70100402832031
5241,0.04091672971844673,,2950.4009602069855,97.71597266197205
5242,0.04107023775577545,,2950.9571499824524,97.73091959953308
5243,0.04103860631585121,,2951.5139503479004,97.74586987495422
5244,0.04083812236785889,,2952.070192337036,97.7608253955841
5245,0.04059218615293503,,2952.626780986786,97.77577757835388
5246,0.04107235372066498,,2953.183023929596,97.79072976112366
5247,0.04118675738573074,,2953.7396194934845,97.80569195747375
5248,0.04077346622943878,,2954.2956879138947,97.82064652442932
5249,0.041553985327482224,,2954.8522074222565,97.83558773994446
5250,0.040980175137519836,,2955.4083671569824,97.85054302215576
5251,0.04054848849773407,,2955.964801311493,97.86550450325012
5252,0.040686704218387604,,2956.847263097763,97.88047003746033
5253,0.041932810097932816,,2957.4038240909576,97.89542269706726
5254,0.0415266789495945,,2957.9600834846497,97.91036677360535
5255,0.04097096621990204,,2958.5167014598846,97.92533111572266
5256,0.04167703539133072,,2959.0728375911713,97.94029092788696
5257,0.042240843176841736,,2959.629554271698,97.95521807670593
5258,0.040888868272304535,,2960.185793399811,97.97016453742981
5259,0.04083503782749176,,2960.742735147476,97.98512840270996
5260,0.04061024263501167,,2961.29891705513,98.00006580352783
5261,0.04055975377559662,,2961.855701446533,98.01501417160034
5262,0.041766781359910965,,2962.4118614196777,98.029958486557
5263,0.04077111929655075,,2962.9685442447662,98.04490041732788
5264,0.04068056121468544,,2963.524540901184,98.05984783172607
5265,0.04126622527837753,,2964.0810453891754,98.07480216026306
5266,0.04065276309847832,,2964.637320995331,98.08975625038147
5267,0.04081536829471588,,2965.1939809322357,98.10469126701355
5268,0.04092535376548767,,2965.7500030994415,98.11962413787842
5269,0.04071757197380066,,2966.3065345287323,98.13457465171814
5270,0.04071102291345596,,2966.862688779831,98.14951300621033
5271,0.040420372039079666,,2967.419451713562,98.16446828842163
5272,0.04052251577377319,,2967.975599050522,98.1794204711914
5273,0.04039744660258293,,2968.531974554062,98.19436860084534
5274,0.04096328839659691,,2969.088014125824,98.20932388305664
5275,0.039856892079114914,,2969.6445758342743,98.22427153587341
5276,0.040631793439388275,,2970.20068693161,98.23921465873718
5277,0.040189363062381744,,2970.7574899196625,98.25417065620422
5278,0.039958663284778595,,2971.3136842250824,98.26910281181335
5279,0.039838165044784546,,2971.8701627254486,98.28406763076782
5280,0.0408601276576519,,2972.426602602005,98.29900240898132
5281,0.04100771248340607,,2972.9832332134247,98.31396746635437
5282,0.04256834834814072,,2973.539384841919,98.32892489433289
5283,0.04082619398832321,,2974.0960330963135,98.34386444091797
5284,0.04103592783212662,,2974.651885032654,98.35879683494568
5285,0.03971417620778084,,2975.2084534168243,98.37374329566956
5286,0.03992583602666855,,2975.7644340991974,98.38869190216064
5287,0.041133008897304535,,2976.3214938640594,98.40361475944519
5288,0.04085199907422066,,2976.877669811249,98.41854524612427
5289,0.04092981666326523,,2977.4342086315155,98.43350100517273
5290,0.04108985513448715,,2977.9902999401093,98.44845032691956
5291,0.04071712866425514,,2978.5468480587006,98.46338939666748
5292,0.04083787649869919,,2979.1028401851654,98.47833013534546
5293,0.04074021801352501,,2979.659527540207,98.49329257011414
5294,0.04106999933719635,,2980.2156002521515,98.50827503204346
5295,0.040783580392599106,,2980.772143125534,98.52321124076843
5296,0.04038478061556816,,2981.3279213905334,98.53816556930542
5297,0.040544625371694565,,2981.884316921234,98.55310463905334
5298,0.04078783839941025,,2982.440326690674,98.56805062294006
5299,0.04085858538746834,,2982.996899366379,98.58299374580383
5300,0.042627472430467606,,2983.552881002426,98.59794020652771
5301,0.04089171439409256,,2984.1096670627594,98.6128797531128
5302,0.04098525270819664,,2984.6659972667694,98.62784028053284
5303,0.040909867733716965,,2985.2222821712494,98.64279794692993
5304,0.04072288051247597,,2986.1042110919952,98.65777635574341
5305,0.04102054983377457,,2986.66055560112,98.67271876335144
5306,0.041091300547122955,,2987.2167630195618,98.6876573562622
5307,0.04203541949391365,,2987.7736134529114,98.7025933265686
5308,0.04006491228938103,,2988.3301315307617,98.71753454208374
5309,0.04008820652961731,,2988.886584043503,98.7324903011322
5310,0.041249003261327744,,2989.44314289093,98.74745845794678
5311,0.04118100553750992,,2989.999899625778,98.76240754127502
5312,0.041814934462308884,,2990.5558009147644,98.77735805511475
5313,0.04033554717898369,,2991.112416744232,98.79232001304626
5314,0.041465602815151215,,2991.6680796146393,98.80726432800293
5315,0.04197601228952408,,2992.2245860099792,98.8221983909607
5316,0.0415923148393631,,2992.7807743549347,98.83715748786926
5317,0.04391604661941528,,2993.3374366760254,98.85210108757019
5318,0.04088602215051651,,2993.893486261368,98.86705374717712
5319,0.04093242064118385,,2994.450071334839,98.88200211524963
5320,0.04137261211872101,,2995.006012916565,98.8969612121582
5321,0.04064616188406944,,2995.562348842621,98.91192173957825
5322,0.040911298245191574,,2996.1190133094788,98.92686724662781
5323,0.040836773812770844,,2996.67671084404,98.94181418418884
5324,0.04182480648159981,,2997.23259305954,98.95676469802856
5325,0.0407361164689064,,2997.7891788482666,98.97171688079834
5326,0.04008302837610245,,2998.346179485321,98.98665261268616
5327,0.04083674028515816,,2998.9027404785156,99.001620054245
5328,0.04091698303818703,,2999.458530187607,99.01657724380493
5329,0.041325587779283524,,3000.0150940418243,99.03151392936707
5330,0.041102297604084015,,3000.571380138397,99.04645991325378
5331,0.04120658338069916,,3001.127908229828,99.06141591072083
5332,0.0408775769174099,,3001.6838603019714,99.07635998725891
5333,0.04095636308193207,,3002.2404868602753,99.091304063797
5334,0.040732432156801224,,3002.796724796295,99.10624885559082
5335,0.04102003201842308,,3003.353173971176,99.12119960784912
5336,0.04040740802884102,,3003.9091165065765,99.13614535331726
5337,0.0412006638944149,,3004.4659144878387,99.15110397338867
5338,0.04042055830359459,,3005.022238969803,99.16606092453003
5339,0.041385818272829056,,3005.5786502361298,99.18100309371948
5340,0.04030760005116463,,3006.1344034671783,99.19594383239746
5341,0.04023757204413414,,3006.690784931183,99.21088767051697
5342,0.041639044880867004,,3007.246938943863,99.22584414482117
5343,0.04098879545927048,,3007.8040215969086,99.24078440666199
5344,0.04117966815829277,,3008.3602073192596,99.25571799278259
5345,0.04130987823009491,,3008.9166514873505,99.2706663608551
5346,0.040761206299066544,,3009.4726479053497,99.28561162948608
5347,0.04202966392040253,,3010.0290348529816,99.30056476593018
5348,0.04017583280801773,,3010.585158109665,99.31551718711853
5349,0.0410686619579792,,3011.1413476467133,99.33045363426208
5350,0.041331999003887177,,3011.6974201202393,99.34539794921875
5351,0.04046208783984184,,3012.2538464069366,99.36035442352295
5352,0.04186944663524628,,3012.8098390102386,99.3752954006195
5353,0.04146890342235565,,3013.3665437698364,99.39023804664612
5354,0.04116762802004814,,3013.9226846694946,99.40518689155579
5355,0.041220035403966904,,3014.479733467102,99.4201500415802
5356,0.041158467531204224,,3015.362236022949,99.43511438369751
5357,0.041321899741888046,,3015.9191331863403,99.45004630088806
5358,0.04054735600948334,,3016.4759764671326,99.46499300003052
5359,0.039961379021406174,,3017.032656431198,99.47994637489319
5360,0.04076231271028519,,3017.588682413101,99.4948890209198
5361,0.040734194219112396,,3018.1452412605286,99.509840965271
5362,0.04020938277244568,,3018.7014071941376,99.52477955818176
5363,0.04085223004221916,,3019.2580559253693,99.53973388671875
5364,0.04048965126276016,,3019.8144133090973,99.5546760559082
5365,0.039855752140283585,,3020.3707411289215,99.5696337223053
5366,0.04060492292046547,,3020.9265530109406,99.58458089828491
5367,0.0403294563293457,,3021.4832389354706,99.59952020645142
5368,0.040652208030223846,,3022.0392405986786,99.61447477340698
5369,0.04088078811764717,,3022.596081495285,99.62943196296692
5370,0.040584318339824677,,3023.1524691581726,99.64437055587769
5371,0.041241154074668884,,3023.709259033203,99.65931606292725
5372,0.04023214057087898,,3024.265617132187,99.67425346374512
5373,0.04096001386642456,,3024.8223185539246,99.68921136856079
5374,0.041305091232061386,,3025.378794670105,99.70416498184204
5375,0.04107092693448067,,3025.935291290283,99.71911144256592
5376,0.04099416732788086,,3026.4912853240967,99.73408818244934
5377,0.04100114852190018,,3027.047872543335,99.74903345108032
5378,0.041509516537189484,,3027.604120016098,99.76398134231567
5379,0.04037106782197952,,3028.160828590393,99.77892255783081
5380,0.04173392429947853,,3028.7171573638916,99.79387140274048
5381,0.04092920199036598,,3029.27366566658,99.80882096290588
5382,0.04110991954803467,,3029.8294892311096,99.82376527786255
5383,0.041892290115356445,,3030.386104822159,99.83873009681702
5384,0.041661180555820465,,3030.9420454502106,99.85367107391357
5385,0.0435318760573864,,3031.4991552829742,99.8686170578003
5386,0.04092508181929588,,3032.054893016815,99.88356256484985
5387,0.040860261768102646,,3032.6113135814667,99.89849328994751
5388,0.04241050034761429,,3033.167547941208,99.91343188285828
5389,0.041730448603630066,,3033.724189043045,99.92837619781494
5390,0.04030566290020943,,3034.2803480625153,99.94333744049072
5391,0.040562327951192856,,3034.837169647217,99.95829153060913
5392,0.04076828062534332,,3035.3933823108673,99.97323513031006
5393,0.04022276774048805,,3035.9499146938324,99.98818802833557
5394,0.04050460830330849,,3036.5059802532196,100.00313019752502
5395,0.041059527546167374,,3037.0629165172577,100.01808261871338
5396,0.04129224270582199,,3037.6190276145935,100.03302478790283
5397,0.04186118394136429,,3038.175633907318,100.04796862602234
5398,0.04178783297538757,,3038.731699705124,100.06290817260742
5399,0.04099000617861748,,3039.2881214618683,100.07785749435425
5400,0.04176963493227959,,3039.844200372696,100.09281063079834
5401,0.04079045355319977,,3040.4007313251495,100.10774683952332
5402,0.041353490203619,,3040.9568285942078,100.12270498275757
5403,0.04007572680711746,,3041.5140929222107,100.13764142990112
5404,0.04072020202875137,,3042.0701911449432,100.15257334709167
5405,0.04095998406410217,,3042.626937389374,100.16751289367676
5406,0.041184328496456146,,3043.183851957321,100.18247318267822
5407,0.04143998399376869,,3043.74027967453,100.1974081993103
5408,0.040801193565130234,,3044.6229243278503,100.21236634254456
5409,0.041667040437459946,,3045.178879737854,100.22730302810669
5410,0.04368588328361511,,3045.7350096702576,100.24224853515625
5411,0.0415242537856102,,3046.2914192676544,100.25719690322876
5412,0.041749827563762665,,3046.847335577011,100.27214288711548
5413,0.043137695640325546,,3047.4038882255554,100.28709864616394
5414,0.0430305041372776,,3047.9599828720093,100.30209231376648
5415,0.04497181251645088,,3048.516545534134,100.31703114509583
5416,0.04115944728255272,,3049.0726130008698,100.33198547363281
5417,0.04202717915177345,,3049.629388332367,100.3469307422638
5418,0.04199197515845299,,3050.185625553131,100.36187481880188
5419,0.04034031182527542,,3050.7423028945923,100.37682366371155
5420,0.04123125597834587,,3051.298442363739,100.39176392555237
5421,0.04163432493805885,,3051.85510969162,100.4067108631134
5422,0.041792746633291245,,3052.411127090454,100.42165040969849
5423,0.04081260412931442,,3052.967777490616,100.43659734725952
5424,0.04050801321864128,,3053.523743867874,100.45154690742493
5425,0.041033271700143814,,3054.0802114009857,100.46650505065918
5426,0.041590720415115356,,3054.636191368103,100.48145127296448
5427,0.040093183517456055,,3055.1934032440186,100.49639654159546
5428,0.04235811531543732,,3055.7493703365326,100.51134729385376
5429,0.041986823081970215,,3056.3058466911316,100.52628517150879
5430,0.0429556667804718,,3056.861929178238,100.54125118255615
5431,0.04006063938140869,,3057.418536901474,100.55620622634888
5432,0.045325472950935364,,3057.974535226822,100.57115864753723
5433,0.041617464274168015,,3058.531320810318,100.58611822128296
5434,0.040912412106990814,,3059.087790250778,100.60106492042542
5435,0.040442273020744324,,3059.644402742386,100.6160192489624
5436,0.04093489050865173,,3060.200735807419,100.63095879554749
5437,0.04087849706411362,,3060.7576143741608,100.64596676826477
5438,0.04089527204632759,,3061.3138921260834,100.66093611717224
5439,0.04015560820698738,,3061.870334148407,100.67587041854858
5440,0.041052546352148056,,3062.426546573639,100.69081449508667
5441,0.04080023244023323,,3062.9831080436707,100.70576095581055
5442,0.03990368917584419,,3063.5402886867523,100.72072458267212
5443,0.04043138027191162,,3064.0968730449677,100.73566508293152
5444,0.04103699326515198,,3064.652931213379,100.7505989074707
5445,0.04099273681640625,,3065.2095127105713,100.76554942131042
5446,0.04143092781305313,,3065.7659537792206,100.78048777580261
5447,0.04060133546590805,,3066.322816133499,100.79544520378113
5448,0.04087597131729126,,3066.879418373108,100.81039118766785
5449,0.04100979492068291,,3067.4361231327057,100.82532477378845
5450,0.040275689214468,,3067.9924297332764,100.84027695655823
5451,0.04118343070149422,,3068.5492231845856,100.85523104667664
5452,0.04140673950314522,,3069.1053013801575,100.87017774581909
5453,0.04059138149023056,,3069.662018299103,100.88513708114624
5454,0.04124830290675163,,3070.2196230888367,100.90008878707886
5455,0.041599877178668976,,3070.7764506340027,100.91503930091858
5456,0.041319090873003006,,3071.3328533172607,100.92997789382935
5457,0.04174882173538208,,3071.889542579651,100.94492554664612
5458,0.04072338715195656,,3072.4457683563232,100.95986938476562
5459,0.04069302976131439,,3073.0021510124207,100.9748227596283
5460,0.0406608060002327,,3073.8844125270844,100.9897849559784
5461,0.04133937135338783,,3074.440844774246,101.00499057769775
5462,0.04110647737979889,,3074.997684955597,101.0199453830719
5463,0.04218084365129471,,3075.5542027950287,101.03488564491272
5464,0.04183707386255264,,3076.1106371879578,101.04983115196228
5465,0.041150107979774475,,3076.667840242386,101.06477737426758
5466,0.04100045934319496,,3077.2239656448364,101.07973265647888
5467,0.04112920165061951,,3077.7806553840637,101.09468293190002
5468,0.04099955037236214,,3078.336629629135,101.10964608192444
5469,0.04157542064785957,,3078.8936488628387,101.12459516525269
5470,0.04060649126768112,,3079.4497599601746,101.13953447341919
5471,0.04059416055679321,,3080.0064063072205,101.15447306632996
5472,0.04063231498003006,,3080.562694787979,101.16942763328552
5473,0.04054346680641174,,3081.119303226471,101.18436431884766
5474,0.040712323039770126,,3081.675361394882,101.19931173324585
5475,0.04109626263380051,,3082.2321875095367,101.21426844596863
5476,0.04105120524764061,,3082.7883639335632,101.22922682762146
5477,0.04087809473276138,,3083.3449187278748,101.24417448043823
5478,0.04193899407982826,,3083.901020050049,101.25911068916321
5479,0.04155535250902176,,3084.4576382637024,101.2740478515625
5480,0.04114316403865814,,3085.0138783454895,101.28898668289185
5481,0.041389089077711105,,3085.570560693741,101.30392336845398
5482,0.04151120036840439,,3086.1273217201233,101.3188693523407
5483,0.04193757846951485,,3086.6840019226074,101.33381724357605
5484,0.042309436947107315,,3087.240339040756,101.3487777709961
5485,0.042540501803159714,,3087.798631668091,101.3637466430664
5486,0.04285239428281784,,3088.35489487648,101.3787031173706
5487,0.04256400838494301,,3088.9116084575653,101.39366626739502
5488,0.04380083829164505,,3089.4677906036377,101.40862679481506
5489,0.0417964868247509,,3090.024391412735,101.42357277870178
5490,0.04199757054448128,,3090.581120491028,101.43851828575134
5491,0.043365709483623505,,3091.137720346451,101.45347476005554
5492,0.04291556403040886,,3091.6938061714172,101.46842455863953
5493,0.043509308248758316,,3092.2504415512085,101.48335933685303
5494,0.04270230978727341,,3092.806761741638,101.49831652641296
5495,0.04395928606390953,,3093.363500356674,101.5132827758789
5496,0.04450765252113342,,3093.919956445694,101.5282244682312
5497,0.04364530369639397,,3094.476833820343,101.54317593574524
5498,0.04133078455924988,,3095.033066034317,101.55812811851501
5499,0.04238814860582352,,3095.5899291038513,101.57309436798096
5500,0.042437389492988586,-0.0017036634963005781,3096.1461267471313,103.3310158252716
5501,0.042039964348077774,,3096.7027456760406,103.34596538543701
5502,0.04101322591304779,,3097.2587082386017,103.36090040206909
5503,0.04225056618452072,,3097.815374851227,103.37584972381592
5504,0.0440974161028862,,3098.371286392212,103.39081406593323
5505,0.045024096965789795,,3098.927761077881,103.40575075149536
5506,0.044276971369981766,,3099.4842681884766,103.42068791389465
5507,0.04402168467640877,,3100.0409274101257,103.4356472492218
5508,0.045228976756334305,,3100.5971307754517,103.45060205459595
5509,0.043031103909015656,,3101.153875350952,103.46555972099304
5510,0.04320111498236656,,3101.7107541561127,103.48052453994751
5511,0.04237903654575348,,3102.267797470093,103.4954743385315
5512,0.04315805062651634,,3103.1502192020416,103.510427236557
5513,0.04341932758688927,,3103.7070026397705,103.52538418769836
5514,0.04353128373622894,,3104.263091802597,103.5403323173523
5515,0.042189981788396835,,3104.8195333480835,103.55526852607727
5516,0.042243022471666336,,3105.375780105591,103.57022714614868
5517,0.04196491464972496,,3105.932384490967,103.58518362045288
5518,0.04182453081011772,,3106.488499879837,103.60012984275818
5519,0.042052023112773895,,3107.045014858246,103.61507487297058
5520,0.041754718869924545,,3107.601133823395,103.63030529022217
5521,0.04277338832616806,,3108.158373594284,103.64524245262146
5522,0.042980242520570755,,3108.7144632339478,103.66018033027649
5523,0.04232542961835861,,3109.271229505539,103.67513799667358
5524,0.04196423292160034,,3109.8272495269775,103.69008016586304
5525,0.04394695535302162,,3110.3840584754944,103.70502066612244
5526,0.041964076459407806,,3110.9403042793274,103.71997046470642
5527,0.04291776195168495,,3111.4972949028015,103.73493981361389
5528,0.04189487174153328,,3112.053550004959,103.74988532066345
5529,0.043219879269599915,,3112.610336303711,103.76484084129333
5530,0.04237547144293785,,3113.1666054725647,103.77977991104126
5531,0.04220449924468994,,3113.7232432365417,103.79473614692688
5532,0.04428405314683914,,3114.2798306941986,103.80968260765076
5533,0.04328024759888649,,3114.8366446495056,103.82462453842163
5534,0.04290056973695755,,3115.3927257061005,103.83957481384277
5535,0.04318428784608841,,3115.9492530822754,103.85452508926392
5536,0.0421690009534359,,3116.505391597748,103.86946773529053
5537,0.042975980788469315,,3117.0618777275085,103.88441610336304
5538,0.04200727865099907,,3117.618090391159,103.89935517311096
5539,0.04228867590427399,,3118.174936056137,103.91429424285889
5540,0.043333832174539566,,3118.7309346199036,103.92925834655762
5541,0.0433354526758194,,3119.2876019477844,103.94421577453613
5542,0.04244401678442955,,3119.8435876369476,103.95914697647095
5543,0.04223253205418587,,3120.400093793869,103.97410225868225
5544,0.04458731412887573,,3120.9562649726868,103.98906302452087
5545,0.04450703039765358,,3121.512817621231,104.00401186943054
5546,0.04364373907446861,,3122.0690376758575,104.01894998550415
5547,0.04364427924156189,,3122.6254971027374,104.03389644622803
5548,0.04252488166093826,,3123.181594848633,104.0488383769989
5549,0.041893258690834045,,3123.7381880283356,104.06379747390747
5550,0.04221241921186447,,3124.294358253479,104.07873940467834
5551,0.04247028008103371,,3124.850756883621,104.0936872959137
5552,0.041810326278209686,,3125.4067783355713,104.10863828659058
5553,0.04215899854898453,,3125.9637451171875,104.12358045578003
5554,0.04154406115412712,,3126.5199184417725,104.13851165771484
5555,0.041708849370479584,,3127.0762894153595,104.15346455574036
5556,0.04237242788076401,,3127.6326191425323,104.16840934753418
5557,0.0419548861682415,,3128.1893310546875,104.18334031105042
5558,0.04232045263051987,,3128.745568037033,104.19829082489014
5559,0.04256368800997734,,3129.3023495674133,104.21323919296265
5560,0.04357065260410309,,3129.858321905136,104.22819328308105
5561,0.04498313367366791,,3130.415395975113,104.24317169189453
5562,0.04172753915190697,,3130.9713220596313,104.25813794136047
5563,0.041860416531562805,,3131.52801322937,104.27309393882751
5564,0.04171696677803993,,3132.410474061966,104.28804755210876
5565,0.04150981083512306,,3132.9669392108917,104.30300712585449
5566,0.04223661124706268,,3133.5230395793915,104.31795072555542
5567,0.04310939833521843,,3134.0795505046844,104.33290386199951
5568,0.04343625530600548,,3134.6359174251556,104.3478455543518
5569,0.042175132781267166,,3135.192403793335,104.36280560493469
5570,0.043180856853723526,,3135.748770713806,104.37774658203125
5571,0.04198739677667618,,3136.3052475452423,104.39270853996277
5572,0.0417795367538929,,3136.861426591873,104.40766644477844
5573,0.04270016774535179,,3137.419028520584,104.42263674736023
5574,0.04169141501188278,,3137.9756774902344,104.43758082389832
5575,0.04157279059290886,,3138.5324025154114,104.45252060890198
5576,0.04164556786417961,,3139.0886883735657,104.46747756004333
5577,0.04295939579606056,,3139.646283388138,104.48242521286011
5578,0.04347826540470123,,3140.202411174774,104.49736428260803
5579,0.044916871935129166,,3140.758822441101,104.51232743263245
5580,0.04413805529475212,,3141.3149466514587,104.52726745605469
5581,0.0415632538497448,,3141.8716928958893,104.54221224784851
5582,0.04196123033761978,,3142.428108215332,104.5571539402008
5583,0.041613250970840454,,3142.984920024872,104.57211327552795
5584,0.04205192252993584,,3143.5407497882843,104.58705163002014
5585,0.045709043741226196,,3144.0973706245422,104.60199737548828
5586,0.042511992156505585,,3144.653481721878,104.61695003509521
5587,0.042162518948316574,,3145.209867477417,104.63190221786499
5588,0.042216964066028595,,3145.7660636901855,104.64685535430908
5589,0.04230174422264099,,3146.3228330612183,104.66178178787231
5590,0.04185039550065994,,3146.878941297531,104.67672729492188
5591,0.04162072017788887,,3147.43567609787,104.69167375564575
5592,0.041576359421014786,,3147.9918303489685,104.70661497116089
5593,0.04126330837607384,,3148.5484499931335,104.72158527374268
5594,0.04154721274971962,,3149.1045439243317,104.73651552200317
5595,0.04221411049365997,,3149.6617794036865,104.75147008895874
5596,0.042063359171152115,,3150.2177925109863,104.76641964912415
5597,0.04220893234014511,,3150.7741963863373,104.78134846687317
5598,0.04223477840423584,,3151.3300426006317,104.7962908744812
5599,0.04120185598731041,,3151.8866539001465,104.81123924255371
5600,0.04158373922109604,,3152.4430015087128,104.82619524002075
5601,0.04278583824634552,,3152.999622106552,104.841139793396
5602,0.042257390916347504,,3153.555684566498,104.85610175132751
5603,0.04174616560339928,,3154.1122572422028,104.87104868888855
5604,0.04237676411867142,,3154.6683564186096,104.885995388031
5605,0.04379221796989441,,3155.2249658107758,104.90096831321716
5606,0.042196232825517654,,3155.7817862033844,104.91592192649841
5607,0.04233405366539955,,3156.339013814926,104.93088364601135
5608,0.04163075238466263,,3156.895416498184,104.9458122253418
5609,0.04321136698126793,,3157.4519255161285,104.96076440811157
5610,0.04235785827040672,,3158.0081210136414,104.97577357292175
5611,0.042215947061777115,,3158.564885854721,104.99071979522705
5612,0.042288120836019516,,3159.121046066284,105.00566983222961
5613,0.04182003438472748,,3159.677437543869,105.02062940597534
5614,0.04249860346317291,,3160.2336604595184,105.03558230400085
5615,0.04196936637163162,,3160.790454149246,105.05052089691162
5616,0.04152534902095795,,3161.6733248233795,105.06546020507812
5617,0.042088136076927185,,3162.229667186737,105.08041620254517
5618,0.042134691029787064,,3162.7855727672577,105.09537672996521
5619,0.04191118851304054,,3163.3419790267944,105.11032128334045
5620,0.042172934859991074,,3163.8982656002045,105.12526655197144
5621,0.0425938218832016,,3164.4553582668304,105.1402382850647
5622,0.04171352833509445,,3165.011875629425,105.15519261360168
5623,0.041476257145404816,,3165.5685369968414,105.17015767097473
5624,0.04118923470377922,,3166.125074863434,105.18511033058167
5625,0.04188022017478943,,3166.6818873882294,105.20005393028259
5626,0.041310135275125504,,3167.238057613373,105.21501660346985
5627,0.04120955616235733,,3167.7944869995117,105.22996735572815
5628,0.041560519486665726,,3168.3509361743927,105.24493336677551
5629,0.041401371359825134,,3168.907382249832,105.25988388061523
5630,0.04173264279961586,,3169.463146686554,105.2748475074768
5631,0.042735755443573,,3170.0196187496185,105.28979873657227
5632,0.04216526076197624,,3170.5756504535675,105.30473804473877
5633,0.04222693666815758,,3171.132175207138,105.31968212127686
5634,0.041895028203725815,,3171.6882994174957,105.33462262153625
5635,0.04164035618305206,,3172.2451260089874,105.34958457946777
5636,0.041811417788267136,,3172.8012936115265,105.36453056335449
5637,0.041276514530181885,,3173.3581001758575,105.37948060035706
5638,0.0414886400103569,,3173.9144139289856,105.39445686340332
5639,0.04158617928624153,,3174.471204519272,105.4094066619873
5640,0.04194303974509239,,3175.0275218486786,105.42435193061829
5641,0.042796485126018524,,3175.5841143131256,105.43930459022522
5642,0.042522937059402466,,3176.140341758728,105.45426201820374
5643,0.04222526028752327,,3176.6969668865204,105.46920371055603
5644,0.04260138049721718,,3177.253143787384,105.4841423034668
5645,0.042615994811058044,,3177.809764146805,105.49910950660706
5646,0.042633913457393646,,3178.3659434318542,105.51406145095825
5647,0.04178479313850403,,3178.9223561286926,105.52901148796082
5648,0.042004648596048355,,3179.4783930778503,105.54396843910217
5649,0.041851408779621124,,3180.0346581935883,105.5589005947113
5650,0.0420924611389637,,3180.590789079666,105.57384657859802
5651,0.04267561435699463,,3181.147440433502,105.58878087997437
5652,0.041537344455718994,,3181.703322172165,105.60373735427856
5653,0.04216224327683449,,3182.260097026825,105.61870074272156
5654,0.041513025760650635,,3182.8160548210144,105.63363790512085
5655,0.041892632842063904,,3183.37304353714,105.64861488342285
5656,0.04192530736327171,,3183.929080724716,105.66355156898499
5657,0.04202821105718613,,3184.485651254654,105.67849802970886
5658,0.04211581498384476,,3185.042397737503,105.69345831871033
5659,0.042811669409275055,,3185.5989441871643,105.7084059715271
5660,0.04174169898033142,,3186.1548807621,105.72335839271545
5661,0.04182489216327667,,3186.7111632823944,105.7382869720459
5662,0.04231998324394226,,3187.2673897743225,105.7532525062561
5663,0.04354704171419144,,3187.8240053653717,105.76820397377014
5664,0.042502034455537796,,3188.380117416382,105.78314995765686
5665,0.042202286422252655,,3188.9366743564606,105.79810428619385
5666,0.04193254932761192,,3189.492639541626,105.81304979324341
5667,0.042533427476882935,,3190.049139022827,105.82799124717712
5668,0.04262445122003555,,3190.9317195415497,105.8429503440857
5669,0.04290908947587013,,3191.488179206848,105.85788655281067
5670,0.04238079860806465,,3192.0443897247314,105.87282347679138
5671,0.043031711131334305,,3192.6009335517883,105.88778448104858
5672,0.04184067249298096,,3193.157366991043,105.90272808074951
5673,0.041932009160518646,,3193.713606119156,105.91768550872803
5674,0.042075466364622116,,3194.269499063492,105.93261981010437
5675,0.041692886501550674,,3194.826060295105,105.9475748538971
5676,0.04298469424247742,,3195.381839990616,105.96254014968872
5677,0.04191550612449646,,3195.938266515732,105.97749042510986
5678,0.04174073413014412,,3196.494419336319,105.99243021011353
5679,0.042130246758461,,3197.0513911247253,106.00737452507019
5680,0.04210766404867172,,3197.6073513031006,106.0223171710968
5681,0.04232201352715492,,3198.1639065742493,106.0372543334961
5682,0.04221697151660919,,3198.7200317382812,106.05220580101013
5683,0.04171700030565262,,3199.2766098976135,106.06716799736023
5684,0.041974615305662155,,3199.8327553272247,106.08210182189941
5685,0.04343220591545105,,3200.389596223831,106.09704875946045
5686,0.04285678267478943,,3200.946248292923,106.11227345466614
5687,0.042403966188430786,,3201.5031549930573,106.1272087097168
5688,0.04251232370734215,,3202.059423685074,106.14216542243958
5689,0.04308585822582245,,3202.6159539222717,106.15712571144104
5690,0.04292267933487892,,3203.1721851825714,106.17209935188293
5691,0.04471774399280548,,3203.728632926941,106.18703889846802
5692,0.0431225560605526,,3204.284770011902,106.20197033882141
5693,0.04363682121038437,,3204.841415643692,106.21692991256714
5694,0.04233470559120178,,3205.3974504470825,106.23186469078064
5695,0.04208720102906227,,3205.95428109169,106.24682235717773
5696,0.04206056147813797,,3206.510435819626,106.26177382469177
5697,0.042597074061632156,,3207.0668399333954,106.27674102783203
5698,0.04262130334973335,,3207.6229515075684,106.29168152809143
5699,0.04163682460784912,,3208.179488658905,106.30662822723389
5700,0.04165610671043396,,3208.735809803009,106.32157921791077
5701,0.041814643889665604,,3209.292898416519,106.33652138710022
5702,0.041810065507888794,,3209.8490347862244,106.35146880149841
5703,0.0415908619761467,,3210.40536570549,106.36643981933594
5704,0.041621413081884384,,3210.961735725403,106.38140892982483
5705,0.04186572879552841,,3211.518538951874,106.39634346961975
5706,0.04199850186705589,,3212.0744998455048,106.41129422187805
5707,0.04250536486506462,,3212.6309826374054,106.42626714706421
5708,0.0430963858962059,,3213.187107563019,106.44120860099792
5709,0.04248238727450371,,3213.743502855301,106.45614361763
5710,0.04221227392554283,,3214.2995641231537,106.47109079360962
5711,0.042064521461725235,,3214.8559608459473,106.4860417842865
5712,0.04207510128617287,,3215.4117896556854,106.50098657608032
5713,0.04176041856408119,,3215.9684793949127,106.51592016220093
5714,0.04220907390117645,,3216.524585723877,106.5308723449707
5715,0.04188008978962898,,3217.0811347961426,106.54581689834595
5716,0.04232955724000931,,3217.6381261348724,106.56075811386108
5717,0.04217183589935303,,3218.1948277950287,106.57571506500244
5718,0.042204294353723526,,3218.7508041858673,106.59065842628479
5719,0.04299502074718475,,3219.307358980179,106.60561442375183
5720,0.04292704537510872,,3220.189440011978,106.62058711051941
5721,0.043935857713222504,,3220.746657371521,106.63556289672852
5722,0.0429549515247345,,3221.3026707172394,106.65050029754639
5723,0.04183089733123779,,3221.8592216968536,106.66544914245605
5724,0.04091436415910721,,3222.4155547618866,106.68040108680725
5725,0.041047271341085434,,3222.972200870514,106.69536757469177
5726,0.04143447056412697,,3223.5283098220825,106.71030449867249
5727,0.0411413200199604,,3224.0845069885254,106.72524237632751
5728,0.04148950055241585,,3224.6403303146362,106.74021196365356
5729,0.04128952696919441,,3225.1967589855194,106.75516867637634
5730,0.041418809443712234,,3225.752888917923,106.77010488510132
5731,0.0422297902405262,,3226.3093049526215,106.7850730419159
5732,0.04199410602450371,,3226.8659160137177,106.80002951622009
5733,0.042765919119119644,,3227.4223141670227,106.81497025489807
5734,0.04203889146447182,,3227.9785780906677,106.82990574836731
5735,0.04200398176908493,,3228.5348467826843,106.84487104415894
5736,0.04126806557178497,,3229.0916509628296,106.85985064506531
5737,0.04109741374850273,,3229.648436307907,106.87482142448425
5738,0.04112496227025986,,3230.2045068740845,106.88977670669556
5739,0.040526848286390305,,3230.760956287384,106.9047281742096
5740,0.04064568877220154,,3231.3170878887177,106.91969060897827
5741,0.04101182520389557,,3231.873472929001,106.93464875221252
5742,0.041251566261053085,,3232.4298870563507,106.94960069656372
5743,0.0409974679350853,,3232.986349105835,106.96456265449524
5744,0.04089096561074257,,3233.5423369407654,106.97951579093933
5745,0.04081527516245842,,3234.099088191986,106.99448108673096
5746,0.04103190824389458,,3234.6550481319427,107.00943660736084
5747,0.04133465513586998,,3235.2115156650543,107.02439880371094
5748,0.04092364013195038,,3235.7681987285614,107.03936505317688
5749,0.04126182198524475,,3236.3249230384827,107.0543417930603
5750,0.04193061217665672,,3236.880875349045,107.0692822933197
5751,0.04208110645413399,,3237.437720298767,107.08423662185669
5752,0.041419174522161484,,3237.9940626621246,107.09920811653137
5753,0.04119180515408516,,3238.5504932403564,107.11415886878967
5754,0.041282061487436295,,3239.1064324378967,107.12910151481628
5755,0.04133282229304314,,3239.663043498993,107.14406895637512
5756,0.04094935953617096,,3240.219183921814,107.159019947052
5757,0.04088466241955757,,3240.775639772415,107.1739764213562
5758,0.04082257300615311,,3241.331739425659,107.18892240524292
5759,0.04095033183693886,,3241.888349533081,107.2038893699646
5760,0.04143805056810379,,3242.4441792964935,107.21885561943054
5761,0.04127533733844757,,3243.000752687454,107.23379015922546
5762,0.04104873165488243,,3243.557020187378,107.24872851371765
5763,0.0411728098988533,,3244.113682985306,107.26366329193115
5764,0.040818143635988235,,3244.670023202896,107.27862167358398
5765,0.04160995036363602,,3245.226730823517,107.29358220100403
5766,0.04063025861978531,,3245.782994031906,107.30853271484375
5767,0.040570005774497986,,3246.3394722938538,107.32348918914795
5768,0.040895115584135056,,3246.895721435547,107.33845138549805
5769,0.0406515933573246,,3247.452228307724,107.35342168807983
5770,0.04078482836484909,,3248.0083849430084,107.36835217475891
5771,0.040759459137916565,,3248.5650165081024,107.38329815864563
5772,0.04051149636507034,,3249.4476029872894,107.3982400894165
5773,0.04064991697669029,,3250.004068136215,107.41320753097534
5774,0.040484268218278885,,3250.5601999759674,107.42814803123474
5775,0.040513865649700165,,3251.116770505905,107.44308280944824
5776,0.04028991609811783,,3251.673058271408,107.45804214477539
5777,0.04081166163086891,,3252.229683637619,107.47300124168396
5778,0.04055231437087059,,3252.7856056690216,107.4879503250122
5779,0.0404617041349411,,3253.3420145511627,107.50289392471313
5780,0.04101530462503433,,3253.898148059845,107.51783895492554
5781,0.040818989276885986,,3254.455178976059,107.53279161453247
5782,0.0414433628320694,,3255.0113422870636,107.5477454662323
5783,0.04117675870656967,,3255.568114757538,107.56268048286438
5784,0.04153440147638321,,3256.124748945236,107.577632188797
5785,0.04126935079693794,,3256.6812467575073,107.59258151054382
5786,0.04132650047540665,,3257.237513065338,107.60753607749939
5787,0.04090927913784981,,3257.7941727638245,107.62249231338501
5788,0.04022771120071411,,3258.350255250931,107.6374192237854
5789,0.040064048022031784,,3258.9069468975067,107.65235686302185
5790,0.04025295749306679,,3259.462872982025,107.66731691360474
5791,0.04070025309920311,,3260.0194301605225,107.68225717544556
5792,0.04040113836526871,,3260.5755486488342,107.69720554351807
5793,0.0404040552675724,,3261.131931066513,107.71216154098511
5794,0.04026854783296585,,3261.6879398822784,107.72712349891663
5795,0.0405520498752594,,3262.244419813156,107.74206113815308
5796,0.040705692023038864,,3262.8006331920624,107.75699806213379
5797,0.04144424945116043,,3263.3571083545685,107.77193665504456
5798,0.040873851627111435,,3263.9133410453796,107.78689980506897
5799,0.04085448011755943,,3264.469796895981,107.80183839797974
5800,0.04041456803679466,,3265.0262281894684,107.81677746772766
5801,0.04149998724460602,,3265.5827493667603,107.83172130584717
5802,0.041608963161706924,,3266.138892889023,107.84666228294373
5803,0.04211711883544922,,3266.6956911087036,107.86163091659546
5804,0.04076872020959854,,3267.251827478409,107.87658309936523
5805,0.040574055165052414,,3267.808821439743,107.89152693748474
5806,0.040511008352041245,,3268.365083217621,107.90647768974304
5807,0.04149291664361954,,3268.921668767929,107.92142868041992
5808,0.0400727204978466,,3269.477775812149,107.93637657165527
5809,0.04089972376823425,,3270.034075021744,107.95131731033325
5810,0.040305476635694504,,3270.5903816223145,107.96627283096313
5811,0.0404135063290596,,3271.1468300819397,107.98122096061707
5812,0.04077489674091339,,3271.7030940055847,107.99616646766663
5813,0.042072318494319916,,3272.259574651718,108.01113080978394
5814,0.04150319844484329,,3272.81697678566,108.02609491348267
5815,0.04082554578781128,,3273.374478340149,108.04103016853333
5816,0.04084958881139755,,3273.9312036037445,108.0560142993927
5817,0.04139072448015213,,3274.4876379966736,108.07096767425537
5818,0.04083313047885895,,3275.0436112880707,108.08590912818909
5819,0.04083254560828209,,3275.5998768806458,108.10084867477417
5820,0.0409536249935627,,3276.155860185623,108.11580157279968
5821,0.041419707238674164,,3276.7124569416046,108.13075923919678
5822,0.04117758572101593,,3277.26838350296,108.14569473266602
5823,0.04107869043946266,,3277.824873685837,108.16064262390137
5824,0.04085443913936615,,3278.707042455673,108.17559599876404
5825,0.040858570486307144,,3279.2634994983673,108.19056844711304
5826,0.04079228639602661,,3279.8202838897705,108.20551681518555
5827,0.04075029864907265,,3280.3764986991882,108.22046995162964
5828,0.04075045511126518,,3280.9332118034363,108.23542666435242
5829,0.039848122745752335,,3281.48978805542,108.25037217140198
5830,0.04008511081337929,,3282.0456051826477,108.26532196998596
5831,0.040839869529008865,,3282.601972103119,108.28032064437866
5832,0.040681980550289154,,3283.1582210063934,108.29527068138123
5833,0.04139173403382301,,3283.714635372162,108.31021976470947
5834,0.04154358431696892,,3284.270685195923,108.32516646385193
5835,0.04070489853620529,,3284.8272793293,108.34010648727417
5836,0.041798364371061325,,3285.3832371234894,108.35505223274231
5837,0.04073016345500946,,3285.9398398399353,108.3700065612793
5838,0.04100858047604561,,3286.4959740638733,108.38494062423706
5839,0.04173082485795021,,3287.0524184703827,108.39987826347351
5840,0.041041526943445206,,3287.6086122989655,108.41481351852417
5841,0.04046562314033508,,3288.165371656418,108.42979645729065
5842,0.040406763553619385,,3288.721132516861,108.44475746154785
5843,0.04095225781202316,,3289.2779772281647,108.45970106124878
5844,0.04069056361913681,,3289.8341059684753,108.47464227676392
5845,0.040615007281303406,,3290.3904979228973,108.48958945274353
5846,0.04060348868370056,,3290.946695804596,108.50454449653625
5847,0.04074198380112648,,3291.5038397312164,108.51948261260986
5848,0.0407581552863121,,3292.0598208904266,108.53443741798401
5849,0.04057957977056503,,3292.616312980652,108.54938578605652
5850,0.04063070937991142,,3293.172503709793,108.56432509422302
5851,0.04051438719034195,,3293.7289624214172,108.57927823066711
5852,0.04071347787976265,,3294.2848432064056,108.59424066543579
5853,0.040712159126996994,,3294.8413512706757,108.60918521881104
5854,0.04033084958791733,,3295.397391796112,108.62412881851196
5855,0.04209999740123749,,3295.953969478607,108.63907814025879
5856,0.04064064100384712,,3296.510060787201,108.65402054786682
5857,0.04042471572756767,,3297.0664088726044,108.66896629333496
5858,0.04022841900587082,,3297.6225247383118,108.68393778800964
5859,0.04061809182167053,,3298.179001569748,108.6988878250122
5860,0.040821101516485214,,3298.7359120845795,108.71384119987488
5861,0.04098110646009445,,3299.292227268219,108.7287905216217
5862,0.04086627811193466,,3299.848475933075,108.74373984336853
5863,0.041206344962120056,,3300.4051434993744,108.75870132446289
5864,0.041285451501607895,,3300.9615445137024,108.7736656665802
5865,0.04103723168373108,,3301.519814014435,108.78861737251282
5866,0.040700964629650116,,3302.0758979320526,108.80356407165527
5867,0.04155426844954491,,3302.6323792934418,108.81850171089172
5868,0.040417540818452835,,3303.188944339752,108.83347487449646
5869,0.04066852480173111,,3303.7453904151917,108.8484206199646
5870,0.040681391954422,,3304.3014533519745,108.86337041854858
5871,0.040379129350185394,,3304.8580849170685,108.87831664085388
5872,0.039910927414894104,,3305.4142611026764,108.89328122138977
5873,0.040263134986162186,,3305.970813512802,108.90824151039124
5874,0.040308158844709396,,3306.5269451141357,108.92318654060364
5875,0.040676549077034,,3307.0838191509247,108.93815040588379
5876,0.04107493534684181,,3307.966419696808,108.953115940094
5877,0.04109637439250946,,3308.523065328598,108.96808123588562
5878,0.0415867455303669,,3309.078975200653,108.98303651809692
5879,0.0418710857629776,,3309.6354813575745,108.99799036979675
5880,0.04107052832841873,,3310.19188952446,109.01293730735779
5881,0.0416223518550396,,3310.748223543167,109.02788782119751
5882,0.04185386002063751,,3311.304438352585,109.04282522201538
5883,0.04142417386174202,,3311.861021757126,109.05776882171631
5884,0.04062579572200775,,3312.4169838428497,109.07270503044128
5885,0.04062331095337868,,3312.973329782486,109.08766865730286
5886,0.04068411886692047,,3313.529464006424,109.10262203216553
5887,0.04107951372861862,,3314.085968732834,109.11756873130798
5888,0.04106886312365532,,3314.641967535019,109.13251495361328
5889,0.04099142923951149,,3315.199132204056,109.14747524261475
5890,0.04097670316696167,,3315.755435228348,109.162428855896
5891,0.04093826562166214,,3316.3122656345367,109.17736434936523
5892,0.041017044335603714,,3316.8682923316956,109.19229793548584
5893,0.04133075475692749,,3317.4250032901764,109.20725631713867
5894,0.04096810519695282,,3317.981073141098,109.22220206260681
5895,0.041852861642837524,,3318.537539958954,109.23715853691101
5896,0.04129587113857269,,3319.0935657024384,109.252121925354
5897,0.04167408496141434,,3319.64985871315,109.26707601547241
5898,0.04187190160155296,,3320.2057766914368,109.28201937675476
5899,0.04171137884259224,,3320.7623250484467,109.29696488380432
5900,0.04116712883114815,,3321.318169116974,109.31191444396973
5901,0.040578633546829224,,3321.874691724777,109.32687020301819
5902,0.0414586141705513,,3322.4307260513306,109.34182214736938
5903,0.04154195263981819,,3322.9872727394104,109.35677433013916
5904,0.04100252687931061,,3323.5432381629944,109.37171530723572
5905,0.0413084477186203,,3324.0996539592743,109.38665843009949
5906,0.041567761451005936,,3324.655651330948,109.40162324905396
5907,0.04195354878902435,,3325.212039709091,109.41656541824341
5908,0.04110134392976761,,3325.7685379981995,109.4315094947815
5909,0.040807146579027176,,3326.3254582881927,109.44645261764526
5910,0.04139159992337227,,3326.881886959076,109.46139645576477
5911,0.040699031203985214,,3327.4384911060333,109.47634363174438
5912,0.04072681814432144,,3327.994416952133,109.49128007888794
5913,0.040688809007406235,,3328.5508844852448,109.50624060630798
5914,0.04062309116125107,,3329.106943845749,109.52119565010071
5915,0.040686506778001785,,3329.6635897159576,109.53613352775574
5916,0.041093647480010986,,3330.2195568084717,109.55105972290039
5917,0.04061637446284294,,3330.776007413864,109.56602573394775
5918,0.04056587442755699,,3331.331953525543,109.58098220825195
5919,0.04224202781915665,,3331.88831114769,109.59590768814087
5920,0.04128103330731392,,3332.4444391727448,109.61085200309753
5921,0.040629737079143524,,3333.000972509384,109.62579584121704
5922,0.040819182991981506,,3333.557068347931,109.64074087142944
5923,0.041808146983385086,,3334.1137828826904,109.65572118759155
5924,0.04200044646859169,,3334.6705038547516,109.6706612110138
5925,0.04181436449289322,,3335.2272095680237,109.6856141090393
5926,0.04141039773821831,,3335.7836298942566,109.7005546092987
5927,0.04200955480337143,,3336.3404109477997,109.71549224853516
5928,0.04108722135424614,,3337.2220289707184,109.7304458618164
5929,0.04093572497367859,,3337.7785234451294,109.74537754058838
5930,0.04107413813471794,,3338.33465719223,109.76033067703247
5931,0.04124956950545311,,3338.8916075229645,109.7752742767334
5932,0.041233960539102554,,3339.44757938385,109.79021120071411
5933,0.041908398270606995,,3340.004286289215,109.80514621734619
5934,0.041811250150203705,,3340.5603370666504,109.82013130187988
5935,0.041424304246902466,,3341.116833925247,109.83507537841797
5936,0.04109932854771614,,3341.672866344452,109.85001015663147
5937,0.041914183646440506,,3342.229398727417,109.86495327949524
5938,0.041188597679138184,,3342.7854418754578,109.87990236282349
5939,0.04111408814787865,,3343.3424243927,109.89484691619873
5940,0.04160406067967415,,3343.8987379074097,109.90978813171387
5941,0.04215286672115326,,3344.4550445079803,109.92475247383118
5942,0.04271535947918892,,3345.01123714447,109.939777135849
5943,0.0435769259929657,,3345.5683999061584,109.95474886894226
5944,0.04221270978450775,,3346.12482714653,109.9697003364563
5945,0.04327554628252983,,3346.68160033226,109.98463821411133
5946,0.04233376681804657,,3347.237668991089,109.99958205223083
5947,0.04229896143078804,,3347.794189453125,110.01451635360718
5948,0.04196866229176521,,3348.3503143787384,110.0294599533081
5949,0.0417286641895771,,3348.9068591594696,110.04440021514893
5950,0.04167027771472931,,3349.462783098221,110.05935859680176
5951,0.041504524648189545,,3350.0193498134613,110.07429909706116
5952,0.042111821472644806,,3350.576051712036,110.08923053741455
5953,0.04177883639931679,,3351.132512331009,110.10418200492859
5954,0.04154500365257263,,3351.688684940338,110.11912608146667
5955,0.042017072439193726,,3352.245780467987,110.1340742111206
5956,0.042078349739313126,,3352.8018577098846,110.1490113735199
5957,0.04213883727788925,,3353.3585283756256,110.1639494895935
5958,0.04205556586384773,,3353.9148557186127,110.1789014339447
5959,0.04172904044389725,,3354.473377466202,110.19385838508606
5960,0.04258379340171814,,3355.029353618622,110.20881342887878
5961,0.042584240436553955,,3355.5860617160797,110.2237663269043
5962,0.04203932732343674,,3356.142058134079,110.23870944976807
5963,0.04260273650288582,,3356.6984419822693,110.25364589691162
5964,0.04215778037905693,,3357.254396915436,110.26858711242676
5965,0.041900523006916046,,3357.8106853961945,110.28352642059326
5966,0.04172288998961449,,3358.3672847747803,110.29846215248108
5967,0.04143660143017769,,3358.923814535141,110.31343197822571
5968,0.041311025619506836,,3359.479834794998,110.32836937904358
5969,0.041132375597953796,,3360.036259174347,110.34332299232483
5970,0.04117041826248169,,3360.5927608013153,110.35828995704651
5971,0.04127449542284012,,3361.149097919464,110.37323689460754
5972,0.04155668243765831,,3361.7050206661224,110.38817548751831
5973,0.041645340621471405,,3362.261883020401,110.40311765670776
5974,0.0414237305521965,,3362.8179733753204,110.41805458068848
5975,0.04065181687474251,,3363.3742549419403,110.43300867080688
5976,0.040720731019973755,,3363.930074453354,110.44796872138977
5977,0.04128190875053406,,3364.486272096634,110.46293759346008
5978,0.041628483682870865,,3365.042331933975,110.4778778553009
5979,0.04188698157668114,,3365.598828792572,110.49281525611877
5980,0.041120171546936035,,3366.4810779094696,110.50775265693665
5981,0.04128093644976616,,3367.0375502109528,110.52271127700806
5982,0.04129723086953163,,3367.593451976776,110.53767609596252
5983,0.04143309220671654,,3368.150260448456,110.55261373519897
5984,0.04061437398195267,,3368.7061886787415,110.56755232810974
5985,0.04094529524445534,,3369.262665271759,110.5824921131134
5986,0.04142381250858307,,3369.818635702133,110.5974292755127
5987,0.040780603885650635,,3370.375736951828,110.61236071586609
5988,0.04179433360695839,,3370.9316062927246,110.62731552124023
5989,0.04179363325238228,,3371.4880294799805,110.64226365089417
5990,0.042028699070215225,,3372.044714450836,110.65723991394043
5991,0.04139501228928566,,3372.601275205612,110.67218446731567
5992,0.04131385311484337,,3373.15758562088,110.68712949752808
5993,0.04204091057181358,,3373.7140135765076,110.70208072662354
5994,0.04176414757966995,,3374.2705578804016,110.71702480316162
5995,0.04218918830156326,,3374.8269789218903,110.73199462890625
5996,0.043220944702625275,,3375.3829612731934,110.7469220161438
5997,0.04194321110844612,,3375.939442873001,110.76185965538025
5998,0.04131684824824333,,3376.495717048645,110.77680349349976
5999,0.04138084128499031,,3377.052294254303,110.79174876213074
6000,0.04167445749044418,-0.0016662494745105505,3377.608366727829,112.54941773414612
6001,0.041844047605991364,,3378.1651179790497,112.56437516212463
6002,0.043050821870565414,,3378.721370458603,112.57932710647583
6003,0.04317712038755417,,3379.278076171875,112.59428668022156
6004,0.04419858753681183,,3379.834255218506,112.60922837257385
6005,0.04242261126637459,,3380.3907544612885,112.62417817115784
6006,0.04139091446995735,,3380.946409702301,112.63913702964783
6007,0.04134376719594002,,3381.5027956962585,112.65406227111816
6008,0.04123348370194435,,3382.058664083481,112.66902112960815
6009,0.04169720783829689,,3382.6151773929596,112.68398785591125
6010,0.041641537100076675,,3383.171241044998,112.69895219802856
6011,0.04195455089211464,,3383.7277088165283,112.71388554573059
6012,0.04255708307027817,,3384.284014940262,112.72882318496704
6013,0.042709093540906906,,3384.840605735779,112.74379754066467
6014,0.04339864104986191,,3385.396624326706,112.75873231887817
6015,0.0420692153275013,,3385.9535818099976,112.77367687225342
6016,0.04212278872728348,,3386.509705543518,112.7886312007904
6017,0.04317629709839821,,3387.06644487381,112.80360102653503
6018,0.04311297461390495,,3387.62260723114,112.81856203079224
6019,0.04308407008647919,,3388.179646730423,112.83350110054016
6020,0.04226948320865631,,3388.735654592514,112.84846067428589
6021,0.04327782988548279,,3389.292127609253,112.8634033203125
6022,0.0451299324631691,,3389.847953081131,112.87834739685059
6023,0.04420018568634987,,3390.404482126236,112.89329290390015
6024,0.04142269119620323,,3390.9605662822723,112.90823984146118
6025,0.04216938093304634,,3391.5170283317566,112.92317295074463
6026,0.04328343644738197,,3392.073253393173,112.93812322616577
6027,0.04292149096727371,,3392.6296887397766,112.95307421684265
6028,0.04288540035486221,,3393.1859905719757,112.96803140640259
6029,0.04223525896668434,,3393.7424862384796,112.98297333717346
6030,0.04351784288883209,,3394.2984290122986,112.99793553352356
6031,0.04230611026287079,,3394.8548135757446,113.01286625862122
6032,0.04343670606613159,,3395.7375721931458,113.02780747413635
6033,0.042045436799526215,,3396.294401407242,113.04275250434875
6034,0.04210497811436653,,3396.850513458252,113.05771899223328
6035,0.044636912643909454,,3397.407086133957,113.07266783714294
6036,0.044453125447034836,,3397.9634885787964,113.08763480186462
6037,0.045733630657196045,,3398.5201020240784,113.10256934165955
6038,0.04411250352859497,,3399.076067686081,113.117520570755
6039,0.04546133056282997,,3399.632498025894,113.13247156143188
6040,0.04747691750526428,,3400.1883471012115,113.14741134643555
6041,0.044926706701517105,,3400.7446825504303,113.1623682975769
6042,0.04210962727665901,,3401.300681114197,113.17733144760132
6043,0.041860781610012054,,3401.857090950012,113.19226479530334
6044,0.041856519877910614,,3402.413779735565,113.20721101760864
6045,0.04253661632537842,,3402.970322370529,113.22214460372925
6046,0.04209897294640541,,3403.5263221263885,113.23710036277771
6047,0.04129530489444733,,3404.0828564167023,113.2520341873169
6048,0.041252948343753815,,3404.638875722885,113.26697897911072
6049,0.04232602193951607,,3405.1951611042023,113.28194499015808
6050,0.041893862187862396,,3405.751442193985,113.29690313339233
6051,0.041258156299591064,,3406.307903289795,113.31185007095337
6052,0.04172114282846451,,3406.8638019561768,113.3267891407013
6053,0.042392950505018234,,3407.4202473163605,113.34174275398254
6054,0.04182591289281845,,3407.9765014648438,113.35668849945068
6055,0.04131234809756279,,3408.5330963134766,113.37164664268494
6056,0.041816532611846924,,3409.0892210006714,113.38658857345581
6057,0.040776267647743225,,3409.6462755203247,113.40152978897095
6058,0.04298773035407066,,3410.202308177948,113.41647529602051
6059,0.042471643537282944,,3410.7591404914856,113.43141555786133
6060,0.040018655359745026,,3411.3150610923767,113.4463517665863
6061,0.04047670587897301,,3411.87188911438,113.46131110191345
6062,0.042594172060489655,,3412.4278044700623,113.47626113891602
6063,0.03978395462036133,,3412.9846041202545,113.49121451377869
6064,0.04053938388824463,,3413.541035413742,113.506174325943
6065,0.04077877104282379,,3414.0976564884186,113.52112436294556
6066,0.04073762148618698,,3414.6540207862854,113.53610754013062
6067,0.041738372296094894,,3415.210695743561,113.55106258392334
6068,0.0411161407828331,,3415.7668175697327,113.56600880622864
6069,0.0406520776450634,,3416.323362827301,113.58095693588257
6070,0.04086565226316452,,3416.8797245025635,113.5959050655365
6071,0.04073299467563629,,3417.4362831115723,113.6108603477478
6072,0.04064369946718216,,3417.992440700531,113.62580347061157
6073,0.04032701253890991,,3418.5489666461945,113.6407539844513
6074,0.04067374765872955,,3419.1050860881805,113.6557080745697
6075,0.04063692316412926,,3419.6614413261414,113.67065811157227
6076,0.0400957427918911,,3420.2187082767487,113.68561124801636
6077,0.040174588561058044,,3420.7753574848175,113.70056056976318
6078,0.040010374039411545,,3421.331995487213,113.71550464630127
6079,0.03989257663488388,,3421.889296770096,113.73044466972351
6080,0.039860211312770844,,3422.445394515991,113.74539017677307
6081,0.04054899141192436,,3423.001978635788,113.76034474372864
6082,0.041033025830984116,,3423.558488368988,113.77529430389404
6083,0.04014921188354492,,3424.1150271892548,113.79022979736328
6084,0.040395498275756836,,3424.997087955475,113.80516386032104
6085,0.04083138704299927,,3425.5536499023438,113.82012391090393
6086,0.03925497829914093,,3426.1099264621735,113.8350727558136
6087,0.03899974375963211,,3426.666454553604,113.85000848770142
6088,0.0399249829351902,,3427.2225205898285,113.86496162414551
6089,0.03945034369826317,,3427.778995990753,113.87990164756775
6090,0.039661381393671036,,3428.3351516723633,113.89485692977905
6091,0.0400153212249279,,3428.89165019989,113.90980124473572
6092,0.04018780589103699,,3429.447648525238,113.92473578453064
6093,0.03995232656598091,,3430.004437685013,113.93968224525452
6094,0.03974546864628792,,3430.5606224536896,113.95463156700134
6095,0.03971848636865616,,3431.1171414852142,113.96956324577332
6096,0.03980215638875961,,3431.673228740692,113.98451924324036
6097,0.03916765749454498,,3432.2299427986145,113.99947500228882
6098,0.039692047983407974,,3432.7861194610596,114.01442885398865
6099,0.03956437483429909,,3433.3432660102844,114.02935934066772
6100,0.03954852372407913,,3433.8993396759033,114.04429817199707
6101,0.03941726312041283,,3434.455866575241,114.05926299095154
6102,0.038905639201402664,,3435.011594057083,114.07422518730164
6103,0.039527732878923416,,3435.5682780742645,114.08916211128235
6104,0.0393485352396965,,3436.124351501465,114.10409450531006
6105,0.03937727212905884,,3436.6808013916016,114.11904811859131
6106,0.03926919773221016,,3437.2365968227386,114.13399291038513
6107,0.03942210599780083,,3437.7929544448853,114.1489269733429
6108,0.03925994038581848,,3438.348920583725,114.16386580467224
6109,0.0388060063123703,,3438.905497074127,114.17881298065186
6110,0.039457302540540695,,3439.4620971679688,114.19375443458557
6111,0.03933092951774597,,3440.018571138382,114.20869278907776
6112,0.03971429169178009,,3440.5745825767517,114.22363257408142
6113,0.038700055330991745,,3441.131201982498,114.23857879638672
6114,0.039511922746896744,,3441.688225030899,114.25353288650513
6115,0.03915536403656006,,3442.2448558807373,114.2684600353241
6116,0.03922700136899948,,3442.801258325577,114.28340220451355
6117,0.03941382095217705,,3443.3577728271484,114.2983500957489
6118,0.03945828229188919,,3443.9138848781586,114.31333374977112
6119,0.039364174008369446,,3444.4703481197357,114.32828259468079
6120,0.03951238468289375,,3445.0267617702484,114.34322595596313
6121,0.039076898247003555,,3445.5832867622375,114.35818123817444
6122,0.040060870349407196,,3446.139449596405,114.37312865257263
6123,0.04027951881289482,,3446.69589471817,114.3880763053894
6124,0.03959101438522339,,3447.2519364356995,114.40303444862366
6125,0.04021751508116722,,3447.808338403702,114.41797637939453
6126,0.04049573838710785,,3448.3651542663574,114.43293619155884
6127,0.040335025638341904,,3448.921880722046,114.44788694381714
6128,0.03979652747511864,,3449.4780123233795,114.46284461021423
6129,0.03997061774134636,,3450.0345640182495,114.47778868675232
6130,0.03966213017702103,,3450.5911271572113,114.49272537231445
6131,0.03950643166899681,,3451.1476163864136,114.50770115852356
6132,0.04014969244599342,,3451.703710794449,114.5226423740387
6133,0.04002346470952034,,3452.2602100372314,114.53759527206421
6134,0.039686501026153564,,3452.816414833069,114.55253839492798
6135,0.03937813267111778,,3453.373031139374,114.56750750541687
6136,0.03979261592030525,,3454.254716157913,114.58245134353638
6137,0.040105607360601425,,3454.8113164901733,114.59739661216736
6138,0.03985392302274704,,3455.3673644065857,114.61234140396118
6139,0.039680078625679016,,3455.926992416382,114.62729525566101
6140,0.039772842079401016,,3456.483114719391,114.64224195480347
6141,0.039513200521469116,,3457.0401363372803,114.65718364715576
6142,0.03972070291638374,,3457.5962924957275,114.67212438583374
6143,0.03963625431060791,,3458.1526260375977,114.6870584487915
6144,0.0392291359603405,,3458.7085893154144,114.70200252532959
6145,0.039824411273002625,,3459.264981031418,114.71701622009277
6146,0.039668068289756775,,3459.820919275284,114.73195767402649
6147,0.03950359299778938,,3460.377249479294,114.74690008163452
6148,0.039910733699798584,,3460.9333021640778,114.7618682384491
6149,0.03880344703793526,,3461.4899520874023,114.7768120765686
6150,0.03865344449877739,,3462.0460131168365,114.79175519943237
6151,0.03923771530389786,,3462.6024873256683,114.80670595169067
6152,0.03901854529976845,,3463.15860414505,114.82166051864624
6153,0.038725320249795914,,3463.715127468109,114.83661007881165
6154,0.039390090852975845,,3464.2713458538055,114.85154700279236
6155,0.03885675221681595,,3464.8276574611664,114.86648035049438
6156,0.039362259209156036,,3465.383625984192,114.88143467903137
6157,0.03904103860259056,,3465.940076828003,114.89637684822083
6158,0.03941722214221954,,3466.49662566185,114.91133093833923
6159,0.039444450289011,,3467.0537374019623,114.926278591156
6160,0.039744842797517776,,3467.609959125519,114.94126892089844
6161,0.03964979201555252,,3468.1666939258575,114.95620679855347
6162,0.04023010656237602,,3468.7235703468323,114.97115206718445
6163,0.03941872715950012,,3469.2804260253906,114.98609757423401
6164,0.03919578716158867,,3469.836715221405,115.00103855133057
6165,0.039756085723638535,,3470.393315553665,115.01599979400635
6166,0.03930923342704773,,3470.949394226074,115.0309362411499
6167,0.038158565759658813,,3471.506079673767,115.04588866233826
6168,0.03796745091676712,,3472.0622651576996,115.06086730957031
6169,0.038925785571336746,,3472.618504047394,115.07582831382751
6170,0.0386711023747921,,3473.174521446228,115.0907690525055
6171,0.03834257647395134,,3473.730974674225,115.10571122169495
6172,0.038587477058172226,,3474.2871820926666,115.12065076828003
6173,0.03837766870856285,,3474.8436324596405,115.13560271263123
6174,0.038532014936208725,,3475.3995900154114,115.15054488182068
6175,0.039049986749887466,,3475.9565980434418,115.1654806137085
6176,0.03847874328494072,,3476.5127940177917,115.18042206764221
6177,0.03795873746275902,,3477.0691554546356,115.19535636901855
6178,0.0375613197684288,,3477.625068664551,115.2103099822998
6179,0.039280738681554794,,3478.1819252967834,115.22526955604553
6180,0.039607834070920944,,3478.7380735874176,115.24022102355957
6181,0.03940720483660698,,3479.2944498062134,115.25515723228455
6182,0.039515525102615356,,3479.8506796360016,115.27010250091553
6183,0.039354681968688965,,3480.407747745514,115.28505229949951
6184,0.038978803902864456,,3480.9639632701874,115.2999894618988
6185,0.0392545647919178,,3481.520681142807,115.31494355201721
6186,0.038565851747989655,,3482.076804637909,115.32989740371704
6187,0.038374025374650955,,3482.633369922638,115.34483981132507
6188,0.03913060203194618,,3483.515746116638,115.35977697372437
6189,0.039247386157512665,,3484.0722150802612,115.37472701072693
6190,0.038713548332452774,,3484.628816843033,115.38968324661255
6191,0.03826044127345085,,3485.1859266757965,115.40481209754944
6192,0.038697499781847,,3485.742212533951,115.41977024078369
6193,0.038915909826755524,,3486.2991347312927,115.43473219871521
6194,0.03912206366658211,,3486.8554644584656,115.44967842102051
6195,0.03789548948407173,,3487.4120717048645,115.4646348953247
6196,0.03847022354602814,,3487.9683167934418,115.4795789718628
6197,0.038947444409132004,,3488.5249004364014,115.49453401565552
6198,0.03941421955823898,,3489.0809020996094,115.50948810577393
6199,0.040725938975811005,,3489.637640953064,115.52444672584534
6200,0.0398135632276535,,3490.193767309189,115.53940415382385
6201,0.03991975635290146,,3490.7502386569977,115.55434966087341
6202,0.0396537147462368,,3491.306181907654,115.56930351257324
6203,0.03864067420363426,,3491.8628916740417,115.58426976203918
6204,0.03931739181280136,,3492.419576883316,115.59920573234558
6205,0.04035648703575134,,3492.976071834564,115.61414909362793
6206,0.03924313932657242,,3493.532731771469,115.62909197807312
6207,0.03876608982682228,,3494.0895693302155,115.64403128623962
6208,0.03862124681472778,,3494.645646572113,115.65899777412415
6209,0.03838279843330383,,3495.2023816108704,115.6739604473114
6210,0.038008276373147964,,3495.758416891098,115.68890285491943
6211,0.038279786705970764,,3496.3149297237396,115.70385098457336
6212,0.03886173665523529,,3496.8711490631104,115.71880030632019
6213,0.039273303002119064,,3497.428246974945,115.73375248908997
6214,0.038322851061820984,,3497.984488964081,115.7487154006958
6215,0.038095105439424515,,3498.5410504341125,115.76365089416504
6216,0.03772468864917755,,3499.097123146057,115.77861022949219
6217,0.038057420402765274,,3499.6535515785217,115.7935802936554
6218,0.037106189876794815,,3500.209639310837,115.80852389335632
6219,0.03813939541578293,,3500.766099691391,115.82346296310425
6220,0.038187891244888306,,3501.3223226070404,115.83841109275818
6221,0.03852057829499245,,3501.8791069984436,115.85336351394653
6222,0.03882357478141785,,3502.43554520607,115.86830472946167
6223,0.039310816675424576,,3502.992228269577,115.88324165344238
6224,0.03880452737212181,,3503.5487954616547,115.89820384979248
6225,0.038431115448474884,,3504.105758666992,115.91315412521362
6226,0.03841320797801018,,3504.6618931293488,115.92812657356262
6227,0.038559768348932266,,3505.2184875011444,115.94306707382202
6228,0.03870559483766556,,3505.7745389938354,115.95801424980164
6229,0.03894359618425369,,3506.331312417984,115.97295498847961
6230,0.04185691103339195,,3506.8874096870422,115.98789668083191
6231,0.03994739055633545,,3507.443945169449,116.00284314155579
6232,0.03852146863937378,,3507.999983549118,116.01777648925781
6233,0.03844494745135307,,3508.5564761161804,116.0327205657959
6234,0.03822746500372887,,3509.1130664348602,116.0476861000061
6235,0.038496632128953934,,3509.6695857048035,116.0626335144043
6236,0.03965142369270325,,3510.225858926773,116.07758855819702
6237,0.03730244189500809,,3510.7824132442474,116.09254431724548
6238,0.03784326836466789,,3511.3393824100494,116.10747981071472
6239,0.03849149867892265,,3511.8959064483643,116.1224160194397
6240,0.039132844656705856,,3512.7785506248474,116.1373598575592
6241,0.03702743723988533,,3513.3344197273254,116.15233826637268
6242,0.037564996629953384,,3513.8906829357147,116.16729474067688
6243,0.03833724185824394,,3514.4472992420197,116.18224620819092
6244,0.03754659369587898,,3515.003693819046,116.19719505310059
6245,0.037194956094026566,,3515.560297012329,116.2121570110321
6246,0.03896906599402428,,3516.1170740127563,116.22711563110352
6247,0.0375533327460289,,3516.6736261844635,116.24205613136292
6248,0.037219446152448654,,3517.2299876213074,116.25700783729553
6249,0.039362311363220215,,3517.7866117954254,116.27197170257568
6250,0.041701868176460266,,3518.34291267395,116.2869200706482
6251,0.04161522164940834,,3518.8994615077972,116.30188274383545
6252,0.03970811516046524,,3519.455637693405,116.31684947013855
6253,0.03900724649429321,,3520.0125954151154,116.33181762695312
6254,0.03950728848576546,,3520.569103002548,116.34676218032837
6255,0.03822360932826996,,3521.1256437301636,116.36171579360962
6256,0.03902653232216835,,3521.681882619858,116.37666702270508
6257,0.036993857473134995,,3522.238794565201,116.39163088798523
6258,0.03700312599539757,,3522.7950801849365,116.4065797328949
6259,0.038531914353370667,,3523.3517327308655,116.42151641845703
6260,0.03940998390316963,,3523.9079310894012,116.43646478652954
6261,0.038147423416376114,,3524.464542865753,116.45141983032227
6262,0.03814470395445824,,3525.0207285881042,116.46639466285706
6263,0.03783777728676796,,3525.5773117542267,116.48134398460388
6264,0.03696157783269882,,3526.1333281993866,116.49631094932556
6265,0.036874815821647644,,3526.690179824829,116.51123881340027
6266,0.037070099264383316,,3527.2467365264893,116.52619004249573
6267,0.03693466633558273,,3527.803828239441,116.54112076759338
6268,0.03712357580661774,,3528.3602578639984,116.55607080459595
6269,0.03686480596661568,,3528.9168128967285,116.57104229927063
6270,0.03677103668451309,,3529.4729719161987,116.58601427078247
6271,0.036876000463962555,,3530.0298080444336,116.60097694396973
6272,0.03858698904514313,,3530.5860669612885,116.61595487594604
6273,0.03711842745542526,,3531.1428785324097,116.63091039657593
6274,0.03676889091730118,,3531.699070453644,116.64586544036865
6275,0.03753583878278732,,3532.255533218384,116.6608190536499
6276,0.03785878047347069,,3532.8118476867676,116.67577075958252
6277,0.03722970932722092,,3533.3683688640594,116.69072389602661
6278,0.03868640214204788,,3533.9245312213898,116.70567727088928
6279,0.03868782892823219,,3534.4811992645264,116.72062921524048
6280,0.03798845410346985,,3535.037272453308,116.73558616638184
6281,0.03821669518947601,,3535.5938372612,116.75053596496582
6282,0.03702082484960556,,3536.149861574173,116.7654960155487
6283,0.03834855929017067,,3536.706373691559,116.78043675422668
6284,0.03791584447026253,,3537.2625617980957,116.79539942741394
6285,0.03691444918513298,,3537.8191413879395,116.81035017967224
6286,0.03764350712299347,,3538.375552415848,116.8253026008606
6287,0.03810203820466995,,3538.932471513748,116.8402464389801
6288,0.03708970546722412,,3539.488906621933,116.8551938533783
6289,0.03810187429189682,,3540.045578479767,116.87015151977539
6290,0.03817469999194145,,3540.601874113083,116.88509202003479
6291,0.03827661648392677,,3541.1585023403168,116.90004110336304
6292,0.03881780803203583,,3542.041157722473,116.9149956703186
6293,0.038901060819625854,,3542.5977714061737,116.92995047569275
6294,0.039356477558612823,,3543.1539294719696,116.94490504264832
6295,0.037909019738435745,,3543.7102329730988,116.95983695983887
6296,0.03782422095537186,,3544.2663848400116,116.97478365898132
6297,0.03764058277010918,,3544.823229074478,116.98975014686584
6298,0.038582101464271545,,3545.379857778549,117.00469613075256
6299,0.03889565169811249,,3545.9364173412323,117.01964402198792
6300,0.0371127650141716,,3546.4926879405975,117.03459596633911
6301,0.03765115514397621,,3547.049350976944,117.04955577850342
6302,0.03824424743652344,,3547.605653524399,117.0645043849945
6303,0.038842953741550446,,3548.162158727646,117.0794448852539
6304,0.03838759660720825,,3548.718023300171,117.0943775177002
6305,0.03939633443951607,,3549.2748403549194,117.10932469367981
6306,0.038588088005781174,,3549.830912590027,117.12430477142334
6307,0.038254816085100174,,3550.3876078128815,117.13924717903137
6308,0.03752640262246132,,3550.9437279701233,117.15420150756836
6309,0.037876226007938385,,3551.500955104828,117.16915845870972
6310,0.03753279149532318,,3552.0574107170105,117.18410396575928
6311,0.0371231883764267,,3552.6137988567352,117.1990418434143
6312,0.03700294345617294,,3553.169994831085,117.21397829055786
6313,0.038128312677145004,,3553.726529598236,117.22893285751343
6314,0.03842876851558685,,3554.282745361328,117.24388694763184
6315,0.038209155201911926,,3554.8395080566406,117.25883054733276
6316,0.03834420442581177,,3555.3959510326385,117.27377676963806
6317,0.038116469979286194,,3555.953001976013,117.2887327671051
6318,0.03889397531747818,,3556.5092029571533,117.30368208885193
6319,0.03887377306818962,,3557.065810918808,117.3186264038086
6320,0.0381452776491642,,3557.622074842453,117.33356189727783
6321,0.0375651940703392,,3558.178267478943,117.34853458404541
6322,0.03783232346177101,,3558.73445725441,117.36349534988403
6323,0.03796975687146187,,3559.291007041931,117.37843084335327
6324,0.03814287483692169,,3559.8470911979675,117.39337730407715
6325,0.03799257054924965,,3560.403810977936,117.40832996368408
6326,0.03780333325266838,,3560.9599533081055,117.42328929901123
6327,0.03861187770962715,,3561.516722679138,117.4382266998291
6328,0.038790926337242126,,3562.0729134082794,117.45316243171692
6329,0.038197629153728485,,3562.629693031311,117.46811890602112
6330,0.03903568908572197,,3563.186691045761,117.48307156562805
6331,0.039157480001449585,,3563.7433972358704,117.49801659584045
6332,0.04045967385172844,,3564.29958319664,117.51295638084412
6333,0.0414300262928009,,3564.8567600250244,117.52790093421936
6334,0.03921768069267273,,3565.413063287735,117.54285764694214
6335,0.03885927423834801,,3565.969955444336,117.55779695510864
6336,0.037912748754024506,,3566.5257771015167,117.57275605201721
6337,0.03830580785870552,,3567.0830779075623,117.58771133422852
6338,0.038039665669202805,,3567.6393213272095,117.60266137123108
6339,0.03876398503780365,,3568.1962382793427,117.61763715744019
6340,0.0380539670586586,,3568.7524769306183,117.63258099555969
6341,0.037961848080158234,,3569.3091628551483,117.64754366874695
6342,0.03808971494436264,,3569.865258216858,117.66250610351562
6343,0.038083482533693314,,3570.4217245578766,117.67747569084167
6344,0.038262806832790375,,3571.303906440735,117.69242548942566
6345,0.03978017345070839,,3571.8609702587128,117.70738458633423
6346,0.03968535736203194,,3572.4172780513763,117.722323179245
6347,0.0378853864967823,,3572.973917722702,117.73729872703552
6348,0.03869232162833214,,3573.530681848526,117.75224995613098
6349,0.03867095708847046,,3574.0875854492188,117.76720428466797
6350,0.03868047893047333,,3574.6439366340637,117.78214716911316
6351,0.03846720978617668,,3575.200789451599,117.79708313941956
6352,0.03791528567671776,,3575.7569918632507,117.81203389167786
6353,0.03931085020303726,,3576.3136343955994,117.82699298858643
6354,0.0404697023332119,,3576.869991540909,117.84193444252014
6355,0.03924347460269928,,3577.4267649650574,117.85688471794128
6356,0.03886647894978523,,3577.9835126399994,117.8718364238739
6357,0.03852264955639839,,3578.540251970291,117.8868088722229
6358,0.03867986798286438,,3579.0964891910553,117.90175795555115
6359,0.039972104132175446,,3579.652986764908,117.91671752929688
6360,0.03843989595770836,,3580.209125518799,117.93167185783386
6361,0.0404103621840477,,3580.765660047531,117.94661498069763
6362,0.04078037291765213,,3581.3217720985413,117.96157312393188
6363,0.03914510831236839,,3581.8783316612244,117.97651958465576
6364,0.03678613901138306,,3582.4344630241394,117.9914915561676
6365,0.03763633966445923,,3582.991718530655,118.00644755363464
6366,0.039881519973278046,,3583.5479729175568,118.02138948440552
6367,0.03965215012431145,,3584.1042985916138,118.0363392829895
6368,0.038751084357500076,,3584.6607336997986,118.05129313468933
6369,0.03789816424250603,,3585.2175068855286,118.06625580787659
6370,0.03901027888059616,,3585.7738647460938,118.081214427948
6371,0.039469946175813675,,3586.330692052841,118.09618139266968
6372,0.038532059639692307,,3586.886950969696,118.11114072799683
6373,0.03809388726949692,,3587.443599462509,118.12608408927917
6374,0.0375087633728981,,3587.9997193813324,118.1410539150238
6375,0.037430308759212494,,3588.5562670230865,118.15600037574768
6376,0.037355463951826096,,3589.1123690605164,118.17096328735352
6377,0.03822220861911774,,3589.668868303299,118.18590927124023
6378,0.03738771751523018,,3590.2251024246216,118.20088863372803
6379,0.03814534842967987,,3590.7820587158203,118.21586275100708
6380,0.03835172578692436,,3591.338742494583,118.2308177947998
6381,0.03838791698217392,,3591.895697593689,118.24581956863403
6382,0.039138708263635635,,3592.4523029327393,118.26076698303223
6383,0.03892110288143158,,3593.009119749069,118.27572798728943
6384,0.03776758164167404,,3593.565421819687,118.29069089889526
6385,0.037459928542375565,,3594.122020959854,118.30563855171204
6386,0.038908347487449646,,3594.6783213615417,118.32061386108398
6387,0.03861964866518974,,3595.2349231243134,118.33555340766907
6388,0.038588784635066986,,3595.791178226471,118.35051989555359
6389,0.03883703798055649,,3596.3479046821594,118.36547350883484
6390,0.04050365835428238,,3596.904109954834,118.38043546676636
6391,0.040530286729335785,,3597.46076130867,118.39538025856018
6392,0.040660057216882706,,3598.016951560974,118.41033005714417
6393,0.03866657242178917,,3598.5738697052,118.42527770996094
6394,0.04097563773393631,,3599.1301624774933,118.44023275375366
6395,0.039544377475976944,,3599.6868658065796,118.45519042015076
6396,0.03969842195510864,,3600.5695724487305,118.47014427185059
6397,0.03718806058168411,,3601.1262633800507,118.48510336875916
6398,0.03751221299171448,,3601.682267665863,118.50005841255188
6399,0.03814171999692917,,3602.238962173462,118.51506543159485
6400,0.03999746963381767,,3602.79528093338,118.53003168106079
6401,0.03863714262843132,,3603.3521597385406,118.54499459266663
6402,0.03826264292001724,,3603.9083960056305,118.55995655059814
6403,0.03813482075929642,,3604.4649918079376,118.57491493225098
6404,0.03778691589832306,,3605.021100997925,118.5898666381836
6405,0.037564292550086975,,3605.577731370926,118.60481333732605
6406,0.03722737729549408,,3606.1338148117065,118.61979222297668
6407,0.03886853903532028,,3606.6906139850616,118.63475728034973
6408,0.040903784334659576,,3607.246994495392,118.64971256256104
6409,0.04131343215703964,,3607.8035006523132,118.66469359397888
6410,0.04270561411976814,,3608.3595485687256,118.67965292930603
6411,0.041341133415699005,,3608.916360139847,118.69461297988892
6412,0.04066535830497742,,3609.4723415374756,118.70956206321716
6413,0.04068968817591667,,3610.029139995575,118.72449922561646
6414,0.03754957765340805,,3610.5859911441803,118.73946166038513
6415,0.038125310093164444,,3611.142647743225,118.75441646575928
6416,0.03821076825261116,,3611.698966026306,118.7693977355957
6417,0.037645190954208374,,3612.2555589675903,118.78434991836548
6418,0.03758196905255318,,3612.8117294311523,118.79931569099426
6419,0.03805098682641983,,3613.3684940338135,118.81426095962524
6420,0.038295235484838486,,3613.924962282181,118.82919597625732
6421,0.038413599133491516,,3614.4816584587097,118.84415483474731
6422,0.038931217044591904,,3615.0377814769745,118.85910844802856
6423,0.03875663876533508,,3615.594238758087,118.87406969070435
6424,0.03876626119017601,,3616.150401353836,118.88902926445007
6425,0.037396389991045,,3616.7070400714874,118.90400815010071
6426,0.03869849443435669,,3617.2631385326385,118.91896486282349
6427,0.038815755397081375,,3617.819754600525,118.93391132354736
6428,0.0385264977812767,,3618.3761510849,118.94886088371277
6429,0.03973293676972389,,3618.932844877243,118.96382212638855
6430,0.03923185542225838,,3619.489193201065,118.97877717018127
6431,0.03855867683887482,,3620.0456454753876,118.99373126029968
6432,0.03927282616496086,,3620.6021988391876,119.00867962837219
6433,0.039628349244594574,,3621.1589324474335,119.02365827560425
6434,0.04086317494511604,,3621.715225458145,119.03860306739807
6435,0.04046569764614105,,3622.2723355293274,119.05355548858643
6436,0.04070502519607544,,3622.829259634018,119.06849646568298
6437,0.03874722495675087,,3623.389921426773,119.0834538936615
6438,0.03790288791060448,,3623.9462616443634,119.09840297698975
6439,0.03785420581698418,,3624.5028207302094,119.1133644580841
6440,0.03775986656546593,,3625.0592131614685,119.12832808494568
6441,0.038682226091623306,,3625.6159043312073,119.14330983161926
6442,0.04066278412938118,,3626.1722736358643,119.15826487541199
6443,0.04011339694261551,,3626.7291927337646,119.1732120513916
6444,0.038988128304481506,,3627.2853605747223,119.18815755844116
6445,0.04119721055030823,,3627.8420119285583,119.20311260223389
6446,0.0408107154071331,,3628.3985307216644,119.21807336807251
6447,0.03954990208148956,,3628.95489692688,119.23302721977234
6448,0.039209894835948944,,3629.837915420532,119.24801588058472
6449,0.0387575626373291,,3630.3945791721344,119.26297330856323
6450,0.03983325883746147,,3630.9507422447205,119.27795267105103
6451,0.03954282030463219,,3631.507171154022,119.29290056228638
6452,0.040462855249643326,,3632.0634264945984,119.30785799026489
6453,0.03869131952524185,,3632.620244026184,119.32282018661499
6454,0.03865361586213112,,3633.176642179489,119.33776378631592
6455,0.03830420598387718,,3633.7331550121307,119.35272574424744
6456,0.039393723011016846,,3634.289811849594,119.36767959594727
6457,0.03851858153939247,,3634.846568584442,119.38264870643616
6458,0.03849567100405693,,3635.4026732444763,119.39762568473816
6459,0.0389200784265995,,3635.9593274593353,119.41257762908936
6460,0.03774826228618622,,3636.514718770981,119.42754030227661
6461,0.038353078067302704,,3637.0716269016266,119.44250583648682
6462,0.038666218519210815,,3637.6280851364136,119.4574646949768
6463,0.03827168792486191,,3638.1849615573883,119.47243785858154
6464,0.03879452869296074,,3638.7418172359467,119.48740077018738
6465,0.03883584588766098,,3639.298526763916,119.50234794616699
6466,0.03881130367517471,,3639.8548958301544,119.5173110961914
6467,0.03867413103580475,,3640.411375284195,119.53227710723877
6468,0.0381670817732811,,3640.96763586998,119.54721879959106
6469,0.03987543657422066,,3641.5240762233734,119.56217241287231
6470,0.041575729846954346,,3642.0803050994873,119.57715177536011
6471,0.0390489399433136,,3642.6372492313385,119.59211993217468
6472,0.03841722384095192,,3643.1936309337616,119.60708212852478
6473,0.03864135965704918,,3643.7503230571747,119.62202572822571
6474,0.03748065233230591,,3644.30633020401,119.63699150085449
6475,0.039419010281562805,,3644.863396883011,119.65195894241333
6476,0.03989872708916664,,3645.4199829101562,119.66690921783447
6477,0.04050392657518387,,3645.977031469345,119.6818597316742
6478,0.03903938829898834,,3646.533177137375,119.69682931900024
6479,0.039162587374448776,,3647.089950799942,119.71178221702576
6480,0.03905588760972023,,3647.646433353424,119.72672963142395
6481,0.03818066418170929,,3648.2030668258667,119.74167847633362
6482,0.037637609988451004,,3648.759527683258,119.75663757324219
6483,0.03844170272350311,,3649.316068649292,119.77158761024475
6484,0.03764581307768822,,3649.8725640773773,119.78654384613037
6485,0.037813909351825714,,3650.4292027950287,119.80149936676025
6486,0.03760417923331261,,3650.9857490062714,119.8164598941803
6487,0.03757420927286148,,3651.542353630066,119.83141589164734
6488,0.03770051896572113,,3652.0988416671753,119.8463728427887
6489,0.038836002349853516,,3652.6554811000824,119.86134386062622
6490,0.037158455699682236,,3653.211667537689,119.87630128860474
6491,0.03809090703725815,,3653.768189907074,119.89126300811768
6492,0.039478849619627,,3654.3248267173767,119.90624475479126
6493,0.04005683213472366,,3654.8816347122192,119.92121696472168
6494,0.03924625739455223,,3655.437843322754,119.93618297576904
6495,0.038314685225486755,,3655.994388818741,119.95122361183167
6496,0.03682585060596466,,3656.5513632297516,119.96620678901672
6497,0.038042619824409485,,3657.108149766922,119.98115849494934
6498,0.038261525332927704,,3657.6647396087646,119.99610376358032
6499,0.03854317218065262,,3658.221667766571,120.01105213165283
6500,0.03712986037135124,-0.0015523114707320929,3659.1043026447296,121.76849365234375
6501,0.037711478769779205,,3659.660977125168,121.78344178199768
6502,0.03902552276849747,,3660.2174339294434,121.79840922355652
6503,0.03776580095291138,,3660.774402856827,121.81335592269897
6504,0.03923278674483299,,3661.331067800522,121.82830667495728
6505,0.04022354632616043,,3661.8881900310516,121.84325861930847
6506,0.04006141424179077,,3662.4449286460876,121.85822558403015
6507,0.04003724083304405,,3663.001741170883,121.87319421768188
6508,0.04042590782046318,,3663.5579385757446,121.88814949989319
6509,0.040513865649700165,,3664.1144876480103,121.90310144424438
6510,0.039309062063694,,3664.6707730293274,121.91804313659668
6511,0.037981364876031876,,3665.2275161743164,121.93298745155334
6512,0.03799004852771759,,3665.783716440201,121.94794511795044
6513,0.03721260651946068,,3666.340628862381,121.96288800239563
6514,0.0373053178191185,,3666.897050380707,121.97782874107361
6515,0.0380953848361969,,3667.4537427425385,121.99279236793518
6516,0.04033923149108887,,3668.0101556777954,122.00774955749512
6517,0.04068510979413986,,3668.5668601989746,122.02270460128784
6518,0.04057365283370018,,3669.123080253601,122.03764390945435
6519,0.03923012688755989,,3669.6805016994476,122.05262851715088
6520,0.03882910683751106,,3670.2367882728577,122.06758689880371
6521,0.03932827711105347,,3670.793425321579,122.08254289627075
6522,0.039760150015354156,,3671.3496191501617,122.09750509262085
6523,0.0374518446624279,,3671.9062502384186,122.11246418952942
6524,0.038467418402433395,,3672.4624276161194,122.12743997573853
6525,0.037135589867830276,,3673.0189292430878,122.14239859580994
6526,0.03862326592206955,,3673.5755524635315,122.15734362602234
6527,0.039201606065034866,,3674.1320905685425,122.1722993850708
6528,0.04038326069712639,,3674.6884558200836,122.18725609779358
6529,0.037922412157058716,,3675.245284318924,122.2022135257721
6530,0.036992255598306656,,3675.8016119003296,122.21716570854187
6531,0.03688803315162659,,3676.3584473133087,122.23212170600891
6532,0.03796824812889099,,3676.9146485328674,122.24707126617432
6533,0.037060342729091644,,3677.471255302429,122.26201605796814
6534,0.03756558522582054,,3678.0273818969727,122.27696704864502
6535,0.038722943514585495,,3678.583832025528,122.29191446304321
6536,0.038331370800733566,,3679.139925479889,122.30688142776489
6537,0.038128260523080826,,3679.696902990341,122.32182431221008
6538,0.03739435225725174,,3680.253078222275,122.33676481246948
6539,0.03857776150107384,,3680.810260772705,122.35173773765564
6540,0.03739621117711067,,3681.3669486045837,122.36670422554016
6541,0.038836877793073654,,3681.923581838608,122.38165593147278
6542,0.039573296904563904,,3682.4798250198364,122.39666271209717
6543,0.039153508841991425,,3683.0364661216736,122.41161751747131
6544,0.039206329733133316,,3683.5926201343536,122.42659759521484
6545,0.03796256333589554,,3684.1495566368103,122.44155669212341
6546,0.03727506846189499,,3684.7057843208313,122.45651197433472
6547,0.039716511964797974,,3685.2624430656433,122.47147989273071
6548,0.04092998430132866,,3685.8187572956085,122.48643016815186
6549,0.03837677463889122,,3686.375330924988,122.50138020515442
6550,0.037675466388463974,,3686.9370362758636,122.5163300037384
6551,0.03924122452735901,,3687.493819475174,122.53128862380981
6552,0.038880422711372375,,3688.376263856888,122.5462384223938
6553,0.039782050997018814,,3688.9328203201294,122.56119632720947
6554,0.037718575447797775,,3689.489046573639,122.57616877555847
6555,0.03848050907254219,,3690.046373605728,122.59110689163208
6556,0.038928233087062836,,3690.6023242473602,122.6060688495636
6557,0.03866468742489815,,3691.1590809822083,122.62101984024048
6558,0.039105333387851715,,3691.7152812480927,122.63599896430969
6559,0.03871074318885803,,3692.2720351219177,122.65094828605652
6560,0.03931012749671936,,3692.828219652176,122.66591358184814
6561,0.039703741669654846,,3693.3851153850555,122.6809070110321
6562,0.03833586722612381,,3693.9417469501495,122.69585514068604
6563,0.039665136486291885,,3694.4982874393463,122.7108085155487
6564,0.0391252376139164,,3695.0543415546417,122.72577810287476
6565,0.03833179548382759,,3695.611271381378,122.74073719978333
6566,0.03817756474018097,,3696.1674592494965,122.75570487976074
6567,0.03802905231714249,,3696.724537372589,122.77067017555237
6568,0.03796515613794327,,3697.2811839580536,122.7856285572052
6569,0.03843994811177254,,3697.83833694458,122.80058550834656
6570,0.03863733261823654,,3698.3941826820374,122.81552958488464
6571,0.038503147661685944,,3698.9510366916656,122.83051228523254
6572,0.03924309089779854,,3699.506947994232,122.84547591209412
6573,0.03709644451737404,,3700.0637164115906,122.86044383049011
6574,0.03707714378833771,,3700.619926929474,122.87541174888611
6575,0.03843986615538597,,3701.1764924526215,122.89037680625916
6576,0.038511257618665695,,3701.7324318885803,122.90533351898193
6577,0.038130223751068115,,3702.289338827133,122.92030096054077
6578,0.038241028785705566,,3702.8454587459564,122.93526482582092
6579,0.03959140181541443,,3703.4018070697784,122.95021772384644
6580,0.0396050401031971,,3703.957976102829,122.96520662307739
6581,0.04061181843280792,,3704.5146350860596,122.98017716407776
6582,0.04004073143005371,,3705.0712447166443,122.99512910842896
6583,0.03871883824467659,,3705.6277055740356,123.01007342338562
6584,0.03907545655965805,,3706.184595346451,123.02503085136414
6585,0.03951774165034294,,3706.7411444187164,123.03999495506287
6586,0.03946847468614578,,3707.2972910404205,123.05493426322937
6587,0.039419353008270264,,3707.8544657230377,123.06989407539368
6588,0.040582068264484406,,3708.4107553958893,123.08486461639404
6589,0.04295315593481064,,3708.9674413204193,123.09982442855835
6590,0.03995916619896889,,3709.523727416992,123.11478114128113
6591,0.038922153413295746,,3710.0801918506622,123.12974977493286
6592,0.0383579395711422,,3710.636641025543,123.14469861984253
6593,0.03816394880414009,,3711.193336248398,123.15965843200684
6594,0.0384216271340847,,3711.7496676445007,123.17461323738098
6595,0.038155753165483475,,3712.306438922882,123.18957877159119
6596,0.0371561273932457,,3712.8627071380615,123.20454049110413
6597,0.03745580092072487,,3713.419145345688,123.21948504447937
6598,0.03816864266991615,,3713.975463628769,123.2344491481781
6599,0.03819498419761658,,3714.5324671268463,123.24940705299377
6600,0.03842558711767197,,3715.088882446289,123.2643792629242
6601,0.03908046334981918,,3715.645729780197,123.27933597564697
6602,0.03883828967809677,,3716.2019736766815,123.29430818557739
6603,0.03799688071012497,,3716.7592902183533,123.30926251411438
6604,0.03871786594390869,,3717.641743183136,123.32421731948853
6605,0.038299500942230225,,3718.1984934806824,123.33918046951294
6606,0.0371074452996254,,3718.7546808719635,123.35415577888489
6607,0.03829992935061455,,3719.31138920784,123.36910915374756
6608,0.03788195550441742,,3719.8674986362457,123.38406085968018
6609,0.036652229726314545,,3720.424292564392,123.39901781082153
6610,0.03855713829398155,,3720.9807052612305,123.41397333145142
6611,0.03889632970094681,,3721.5372343063354,123.42892742156982
6612,0.03911610692739487,,3722.093414783478,123.44387888908386
6613,0.03704064339399338,,3722.650324344635,123.45884871482849
6614,0.03845817223191261,,3723.2064187526703,123.47380137443542
6615,0.03891422972083092,,3723.7636721134186,123.48875093460083
6616,0.038242537528276443,,3724.319941520691,123.50368928909302
6617,0.03866489976644516,,3724.876641511917,123.51865100860596
6618,0.03624970093369484,,3725.432930469513,123.53360056877136
6619,0.037495434284210205,,3725.990834236145,123.54856204986572
6620,0.03676529973745346,,3726.547422885895,123.56352233886719
6621,0.03651902824640274,,3727.104212999344,123.5784740447998
6622,0.03683767095208168,,3727.660483121872,123.59343814849854
6623,0.03890632465481758,,3728.2167179584503,123.60840344429016
6624,0.040404051542282104,,3728.7734854221344,123.62335753440857
6625,0.0415688157081604,,3729.3301327228546,123.6383044719696
6626,0.04054533690214157,,3729.8864295482635,123.65326356887817
6627,0.04144313931465149,,3730.4430360794067,123.6682231426239
6628,0.03996763005852699,,3730.9994564056396,123.68318223953247
6629,0.03942033275961876,,3731.556478500366,123.69814586639404
6630,0.038772888481616974,,3732.1129608154297,123.71312594413757
6631,0.03821907564997673,,3732.670029401779,123.72808527946472
6632,0.03796211630105972,,3733.2261879444122,123.74306106567383
6633,0.039740435779094696,,3733.7830379009247,123.75801181793213
6634,0.03930225223302841,,3734.3394651412964,123.77295112609863
6635,0.03730364888906479,,3734.8964738845825,123.78790545463562
6636,0.037445832043886185,,3735.452747106552,123.80287051200867
6637,0.038039177656173706,,3736.0094604492188,123.81783533096313
6638,0.038985636085271835,,3736.5657391548157,123.83278512954712
6639,0.038979705423116684,,3737.122270345688,123.84776282310486
6640,0.038447558879852295,,3737.678679227829,123.86272287368774
6641,0.03926864266395569,,3738.2355325222015,123.87768626213074
6642,0.03891925513744354,,3738.7917754650116,123.8926260471344
6643,0.039532534778118134,,3739.3483226299286,123.90758228302002
6644,0.039582859724760056,,3739.9045968055725,123.92257595062256
6645,0.04021160677075386,,3740.461640357971,123.93754959106445
6646,0.0413062646985054,,3741.017893075943,123.95250034332275
6647,0.040762823075056076,,3741.575088739395,123.96747303009033
6648,0.040146999061107635,,3742.1315739154816,123.98243474960327
6649,0.03961404040455818,,3742.6883583068848,123.99739193916321
6650,0.0413513220846653,,3743.2446987628937,124.01234769821167
6651,0.039836619049310684,,3743.801393032074,124.02731323242188
6652,0.04002426564693451,,3744.3579609394073,124.04227495193481
6653,0.0384504459798336,,3744.9148058891296,124.05722093582153
6654,0.0381145253777504,,3745.4711649417877,124.07218909263611
6655,0.037597645074129105,,3746.0277671813965,124.08715486526489
6656,0.03840595856308937,,3746.9102289676666,124.10211944580078
6657,0.03897850587964058,,3747.4669845104218,124.1170802116394
6658,0.03891430050134659,,3748.0233631134033,124.13205170631409
6659,0.039122942835092545,,3748.5800771713257,124.14701223373413
6660,0.0371599979698658,,3749.136462688446,124.16197490692139
6661,0.037727076560258865,,3749.692964553833,124.17693519592285
6662,0.03708561137318611,,3750.249310731888,124.19189476966858
6663,0.037947606295347214,,3750.8059911727905,124.20685362815857
6664,0.03788544610142708,,3751.3625094890594,124.22182583808899
6665,0.03901291266083717,,3751.9192032814026,124.2367913722992
6666,0.037249643355607986,,3752.4760015010834,124.25174713134766
6667,0.037668392062187195,,3753.032641172409,124.26671862602234
6668,0.03737839311361313,,3753.5889592170715,124.28168106079102
6669,0.0387754887342453,,3754.1457555294037,124.29663467407227
6670,0.03976479917764664,,3754.7020466327667,124.31159043312073
6671,0.04024999588727951,,3755.2586765289307,124.32655382156372
6672,0.03988846763968468,,3755.8148934841156,124.3415355682373
6673,0.04134843870997429,,3756.371413230896,124.35649538040161
6674,0.0404893197119236,,3756.927488565445,124.3714530467987
6675,0.039869435131549835,,3757.484153032303,124.38641786575317
6676,0.04045021906495094,,3758.0403299331665,124.40137696266174
6677,0.039399147033691406,,3758.597007751465,124.4163224697113
6678,0.04132193326950073,,3759.153284549713,124.43127655982971
6679,0.04186568781733513,,3759.7102739810944,124.44623565673828
6680,0.04110179841518402,,3760.2664771080017,124.46119022369385
6681,0.04168863967061043,,3760.823521375656,124.47613716125488
6682,0.03831273689866066,,3761.380084991455,124.49109387397766
6683,0.03920299932360649,,3761.9369184970856,124.50605511665344
6684,0.03893592208623886,,3762.4930279254913,124.52101683616638
6685,0.040155500173568726,,3763.0499444007874,124.53601098060608
6686,0.040750421583652496,,3763.60613822937,124.5509684085846
6687,0.0395980104804039,,3764.163410425186,124.56592059135437
6688,0.03699043393135071,,3764.719939470291,124.58088088035583
6689,0.03741752728819847,,3765.2765386104584,124.59582901000977
6690,0.0371832512319088,,3765.8326048851013,124.61078834533691
6691,0.03715205565094948,,3766.3894000053406,124.62574696540833
6692,0.037112534046173096,,3766.9458713531494,124.64073014259338
6693,0.036843281239271164,,3767.5025198459625,124.65568566322327
6694,0.03749973326921463,,3768.0590171813965,124.67064571380615
6695,0.036848004907369614,,3768.6160259246826,124.68560886383057
6696,0.037136904895305634,,3769.1725828647614,124.70057392120361
6697,0.039328433573246,,3769.729504108429,124.71552419662476
6698,0.03743434697389603,,3770.2855763435364,124.73046278953552
6699,0.03726092725992203,,3770.842966556549,124.74545764923096
6700,0.03779787942767143,,3771.399536371231,124.76040244102478
6701,0.03806282579898834,,3771.956127882004,124.77535820007324
6702,0.036889996379613876,,3772.5122468471527,124.79032921791077
6703,0.03823931887745857,,3773.069036245346,124.80528116226196
6704,0.03813678398728371,,3773.625100135803,124.8202395439148
6705,0.03864622488617897,,3774.1817350387573,124.8352062702179
6706,0.037540633231401443,,3774.738132953644,124.85014867782593
6707,0.03860754519701004,,3775.2952337265015,124.86511492729187
6708,0.03696141391992569,,3776.178722143173,124.88006567955017
6709,0.03692493215203285,,3776.7353353500366,124.89502286911011
6710,0.03768516704440117,,3777.292647123337,124.91000413894653
6711,0.038413990288972855,,3777.850084066391,124.92497062683105
6712,0.038460828363895416,,3778.406050682068,124.93994140625
6713,0.03970109298825264,,3778.962877035141,124.9549252986908
6714,0.039779916405677795,,3779.5199689865112,124.96992373466492
6715,0.039205219596624374,,3780.076789855957,124.98487520217896
6716,0.03796062991023064,,3780.633052587509,124.99982929229736
6717,0.03867108374834061,,3781.189870119095,125.01478099822998
6718,0.039568137377500534,,3781.74605345726,125.02972769737244
6719,0.03852756321430206,,3782.3026144504547,125.04467439651489
6720,0.03868942707777023,,3782.8587942123413,125.05963850021362
6721,0.03913836181163788,,3783.4153554439545,125.07460403442383
6722,0.0393579937517643,,3783.971665620804,125.08955359458923
6723,0.03874857351183891,,3784.5289418697357,125.10451149940491
6724,0.037731003016233444,,3785.085061073303,125.11946940422058
6725,0.038186900317668915,,3785.6421110630035,125.13442754745483
6726,0.03985464200377464,,3786.1984553337097,125.1493775844574
6727,0.03884211555123329,,3786.7556142807007,125.16434669494629
6728,0.038118790835142136,,3787.311814069748,125.1793372631073
6729,0.03746124356985092,,3787.8688468933105,125.19429922103882
6730,0.037281908094882965,,3788.4251515865326,125.20926022529602
6731,0.03713272139430046,,3788.981828689575,125.22422695159912
6732,0.037205345928668976,,3789.5381948947906,125.2391881942749
6733,0.037552375346422195,,3790.0950706005096,125.25412893295288
6734,0.038159728050231934,,3790.6511600017548,125.26908230781555
6735,0.03822633996605873,,3791.20804643631,125.28404331207275
6736,0.0373842678964138,,3791.764068365097,125.299001455307
6737,0.037328582257032394,,3792.3208611011505,125.31397867202759
6738,0.03807033970952034,,3792.877121925354,125.32896018028259
6739,0.039304737001657486,,3793.43377327919,125.343909740448
6740,0.03969747573137283,,3793.989815711975,125.35885691642761
6741,0.039713695645332336,,3794.546752691269,125.37380695343018
6742,0.0387863852083683,,3795.1026685237885,125.38878035545349
6743,0.039784763008356094,,3795.660256624222,125.403724193573
6744,0.039613813161849976,,3796.217144727707,125.418696641922
6745,0.03779888525605202,,3796.773999929428,125.4336667060852
6746,0.03858054056763649,,3797.330395936966,125.44862842559814
6747,0.03699041157960892,,3797.887115716934,125.46358895301819
6748,0.03833330050110817,,3798.4435427188873,125.47856068611145
6749,0.037480831146240234,,3799.000544309616,125.49351501464844
6750,0.03782615065574646,,3799.557330608368,125.50847935676575
6751,0.03733522444963455,,3800.11390042305,125.52344632148743
6752,0.03756639361381531,,3800.6699011325836,125.53841137886047
6753,0.03843469172716141,,3801.2266507148743,125.55336594581604
6754,0.04083235561847687,,3801.7831189632416,125.56832528114319
6755,0.04077509790658951,,3802.339828491211,125.58328366279602
6756,0.0411301888525486,,3802.8961980342865,125.5982494354248
6757,0.04063144698739052,,3803.452553987503,125.61321067810059
6758,0.03937195986509323,,3804.009622812271,125.62815713882446
6759,0.04030768573284149,,3804.566548347473,125.64311647415161
6760,0.04096292704343796,,3805.449175596237,125.65807509422302
6761,0.040876708924770355,,3806.006054162979,125.67302823066711
6762,0.0407150574028492,,3806.5623416900635,125.68800973892212
6763,0.04012991860508919,,3807.119140625,125.70298981666565
6764,0.04035784676671028,,3807.6758077144623,125.71795868873596
6765,0.040766116231679916,,3808.234179496765,125.7329511642456
6766,0.04061805456876755,,3808.792489051819,125.7479293346405
6767,0.04056241735816002,,3809.349803209305,125.76287627220154
6768,0.039381418377161026,,3809.905853509903,125.77783513069153
6769,0.04033244401216507,,3810.464345216751,125.79280996322632
6770,0.03916295990347862,,3811.0209374427795,125.80776834487915
6771,0.038417115807533264,,3811.577957391739,125.82272839546204
6772,0.03736307471990585,,3812.134206533432,125.83768606185913
6773,0.037142638117074966,,3812.6911590099335,125.85263919830322
6774,0.03721172735095024,,3813.2475752830505,125.86760687828064
6775,0.03755858168005943,,3813.8043336868286,125.88256001472473
6776,0.037879735231399536,,3814.3604311943054,125.89751625061035
6777,0.03925841674208641,,3814.9168338775635,125.91247701644897
6778,0.03748294711112976,,3815.4733397960663,125.92743968963623
6779,0.03736957162618637,,3816.030290365219,125.9424159526825
6780,0.03833477944135666,,3816.5864338874817,125.95735812187195
6781,0.038104861974716187,,3817.143218278885,125.97231602668762
6782,0.03852516785264015,,3817.6995899677277,125.98726010322571
6783,0.038443148136138916,,3818.2562861442566,126.0022075176239
6784,0.03849722072482109,,3818.812459230423,126.01715207099915
6785,0.03751121461391449,,3819.3691353797913,126.03210949897766
6786,0.03920672461390495,,3819.9252622127533,126.04707169532776
6787,0.040047261863946915,,3820.481866121292,126.06203031539917
6788,0.03902038559317589,,3821.038092851639,126.07698321342468
6789,0.039383355528116226,,3821.595199584961,126.09195899963379
6790,0.03839534893631935,,3822.151533603668,126.10692572593689
6791,0.03849729895591736,,3822.7085576057434,126.1218855381012
6792,0.04003969207406044,,3823.2650854587555,126.1368317604065
6793,0.03839265555143356,,3823.8220512866974,126.15178298950195
6794,0.03882145136594772,,3824.378534555435,126.16674780845642
6795,0.0389600545167923,,3824.9354133605957,126.1817090511322
6796,0.039067596197128296,,3825.49173784256,126.19666719436646
6797,0.03883481025695801,,3826.048480272293,126.21161317825317
6798,0.04057265445590019,,3826.6048789024353,126.22658562660217
6799,0.037986740469932556,,3827.161509037018,126.24154329299927
6800,0.039548005908727646,,3827.7177126407623,126.25648832321167
6801,0.038402996957302094,,3828.2744631767273,126.27145075798035
6802,0.03787714242935181,,3828.830586671829,126.28641295433044
6803,0.0392732173204422,,3829.3874616622925,126.30137419700623
6804,0.039543166756629944,,3829.9437243938446,126.31631708145142
6805,0.040391795337200165,,3830.500391483307,126.33126926422119
6806,0.039345305413007736,,3831.056672334671,126.34623765945435
6807,0.03955778107047081,,3831.61350607872,126.36119341850281
6808,0.03997792303562164,,3832.169824361801,126.37615990638733
6809,0.039762381464242935,,3832.726808309555,126.39110970497131
6810,0.03984325751662254,,3833.2838685512543,126.40608072280884
6811,0.04092966392636299,,3833.8403420448303,126.42105150222778
6812,0.04035385698080063,,3834.722810268402,126.43602466583252
6813,0.0382801778614521,,3835.2798914909363,126.45097589492798
6814,0.038267556577920914,,3835.836177110672,126.46595573425293
6815,0.04025590792298317,,3836.3928847312927,126.48090720176697
6816,0.03991318121552467,,3836.9491589069366,126.49587059020996
6817,0.04008254408836365,,3837.505969762802,126.51082158088684
6818,0.04109834134578705,,3838.0623831748962,126.52576875686646
6819,0.03980860486626625,,3838.619058609009,126.54075169563293
6820,0.038483988493680954,,3839.1755726337433,126.55571150779724
6821,0.03855868801474571,,3839.7324554920197,126.57068729400635
6822,0.03832899034023285,,3840.289050102234,126.58564043045044
6823,0.038657497614622116,,3840.8462023735046,126.60059547424316
6824,0.0377441868185997,,3841.402375459671,126.61556243896484
6825,0.038654111325740814,,3841.959340572357,126.63060593605042
6826,0.038620129227638245,,3842.5158383846283,126.64556741714478
6827,0.03814103826880455,,3843.0723724365234,126.66053295135498
6828,0.03933906927704811,,3843.628544807434,126.67547821998596
6829,0.03854809328913689,,3844.1854560375214,126.69043469429016
6830,0.039326947182416916,,3844.7417635917664,126.70541024208069
6831,0.039452631026506424,,3845.2986018657684,126.72036528587341
6832,0.03821235150098801,,3845.855329275131,126.73533296585083
6833,0.03849107027053833,,3846.4119784832,126.75027084350586
6834,0.03701546788215637,,3846.9688034057617,126.76523494720459
6835,0.037309061735868454,,3847.5255076885223,126.78018736839294
6836,0.03881860896945,,3848.081869840622,126.79515290260315
6837,0.038536932319402695,,3848.6385424137115,126.8101098537445
6838,0.03884292021393776,,3849.1954975128174,126.82506442070007
6839,0.037167519330978394,,3849.7519900798798,126.84001541137695
6840,0.03810365870594978,,3850.308445930481,126.85497093200684
6841,0.0381169468164444,,3850.865186691284,126.86994338035583
6842,0.03956074267625809,,3851.421998977661,126.8848991394043
6843,0.03988742455840111,,3851.9789395332336,126.89985513687134
6844,0.038530196994543076,,3852.5348484516144,126.91481328010559
6845,0.03870493546128273,,3853.091755628586,126.9297604560852
6846,0.039414990693330765,,3853.6479535102844,126.94471192359924
6847,0.03875379636883736,,3854.204498767853,126.9596676826477
6848,0.037813153117895126,,3854.760626077652,126.97462511062622
6849,0.03857311233878136,,3855.317275285721,126.9895670413971
6850,0.03849925473332405,,3855.87362575531,127.0045256614685
6851,0.03999420627951622,,3856.4301767349243,127.01948142051697
6852,0.03895126283168793,,3856.9862501621246,127.03444027900696
6853,0.04000623896718025,,3857.543279647827,127.04939365386963
6854,0.03905879333615303,,3858.099704504013,127.06434464454651
6855,0.0390593558549881,,3858.656507253647,127.07929921150208
6856,0.03897510841488838,,3859.2127890586853,127.0942497253418
6857,0.03845002502202988,,3859.769686937332,127.10920739173889
6858,0.03848985582590103,,3860.3259921073914,127.12416887283325
6859,0.03841099888086319,,3860.882789850235,127.13910508155823
6860,0.03831211104989052,,3861.439113855362,127.15408062934875
6861,0.03744378313422203,,3861.9957885742188,127.16903162002563
6862,0.03751561790704727,,3862.551787376404,127.1839988231659
6863,0.03703348711133003,,3863.108428478241,127.19895529747009
6864,0.03688609600067139,,3863.991147994995,127.21390748023987
6865,0.03696000948548317,,3864.5480120182037,127.22885298728943
6866,0.03710947185754776,,3865.104425907135,127.24381518363953
6867,0.03697022795677185,,3865.661443710327,127.25877714157104
6868,0.03700721263885498,,3866.2177953720093,127.27375030517578
6869,0.0374503917992115,,3866.774963617325,127.2886974811554
6870,0.03744545951485634,,3867.3313488960266,127.30366444587708
6871,0.037681303918361664,,3867.888353586197,127.31862330436707
6872,0.037680499255657196,,3868.4446260929108,127.33357191085815
6873,0.03780462220311165,,3869.0022728443146,127.34852933883667
6874,0.03832684084773064,,3869.5584983825684,127.36351013183594
6875,0.03738383948802948,,3870.1152427196503,127.37847232818604
6876,0.03798431158065796,,3870.671918153763,127.39342331886292
6877,0.03815054893493652,,3871.228419303894,127.4083902835846
6878,0.039059821516275406,,3871.784615755081,127.42335915565491
6879,0.03780807554721832,,3872.3412787914276,127.43832421302795
6880,0.03780001401901245,,3872.8973009586334,127.45328855514526
6881,0.037793681025505066,,3873.454027414322,127.46823692321777
6882,0.03787041828036308,,3874.010350227356,127.48319864273071
6883,0.03780103474855423,,3874.5671846866608,127.4981746673584
6884,0.03844141587615013,,3875.1239264011383,127.51314377784729
6885,0.038030870258808136,,3875.6811039447784,127.5281138420105
6886,0.03775348886847496,,3876.23738861084,127.54307675361633
6887,0.039339788258075714,,3876.79390001297,127.55803894996643
6888,0.037386465817689896,,3877.3504996299744,127.57299661636353
6889,0.03725385665893555,,3877.9074330329895,127.58795309066772
6890,0.03702040761709213,,3878.463408470154,127.60290884971619
6891,0.037517525255680084,,3879.020101070404,127.61788177490234
6892,0.037785179913043976,,3879.5764389038086,127.63283348083496
6893,0.037561770528554916,,3880.132901906967,127.647794008255
6894,0.037377070635557175,,3880.6894557476044,127.66276669502258
6895,0.03865501284599304,,3881.2460973262787,127.67771577835083
6896,0.03800169378519058,,3881.8022327423096,127.69266986846924
6897,0.037575747817754745,,3882.359139919281,127.70763683319092
6898,0.03789038956165314,,3882.91543674469,127.72259879112244
6899,0.03802800551056862,,3883.4720418453217,127.73753881454468
6900,0.037640124559402466,,3884.0285301208496,127.75249457359314
6901,0.03660993650555611,,3884.5854403972626,127.76745510101318
6902,0.03691078722476959,,3885.1417949199677,127.78242230415344
6903,0.0367102213203907,,3885.6986558437347,127.79737830162048
6904,0.03677624091506004,,3886.2550342082977,127.81233382225037
6905,0.037653591483831406,,3886.8116266727448,127.82730054855347
6906,0.037906672805547714,,3887.3678970336914,127.84225559234619
6907,0.03791333734989166,,3887.9246802330017,127.8572096824646
6908,0.03787751495838165,,3888.480921983719,127.87217211723328
6909,0.03780677169561386,,3889.037443637848,127.88713192939758
6910,0.037580180913209915,,3889.5937864780426,127.90207624435425
6911,0.037986405193805695,,3890.1504933834076,127.91703057289124
6912,0.03789476677775383,,3890.706716299057,127.93199253082275
6913,0.03838150575757027,,3891.2632369995117,127.94694995880127
6914,0.038641609251499176,,3891.8196473121643,127.96189737319946
6915,0.0387609526515007,,3892.376336812973,127.97685241699219
6916,0.038607895374298096,,3893.258897304535,127.99180173873901
6917,0.038618188351392746,,3893.815670490265,128.0067539215088
6918,0.0391998291015625,,3894.37291264534,128.02172327041626
6919,0.03816239908337593,,3894.9296424388885,128.03668332099915
6920,0.03935253620147705,,3895.485787153244,128.05164980888367
6921,0.04166167229413986,,3896.0426321029663,128.06660175323486
6922,0.04089614748954773,,3896.5987923145294,128.08158254623413
6923,0.038952142000198364,,3897.1551280021667,128.09654355049133
6924,0.03898720443248749,,3897.711402654648,128.11149883270264
6925,0.03714156150817871,,3898.268307685852,128.12645149230957
6926,0.03763371706008911,,3898.8245677948,128.14141011238098
6927,0.037536539137363434,,3899.3814108371735,128.15637731552124
6928,0.03769748657941818,,3899.9375455379486,128.17135000228882
6929,0.03736547753214836,,3900.494434118271,128.1863136291504
6930,0.0364721417427063,,3901.0509102344513,128.2012758255005
6931,0.03723975643515587,,3901.607833623886,128.21623063087463
6932,0.03737273067235947,,3902.1640481948853,128.23120403289795
6933,0.037543684244155884,,3902.7212374210358,128.24616765975952
6934,0.03797597438097,,3903.2774906158447,128.26112985610962
6935,0.038081876933574677,,3903.8345308303833,128.2760808467865
6936,0.03686279058456421,,3904.3908088207245,128.29102444648743
6937,0.03721294552087784,,3904.947529554367,128.30598616600037
6938,0.03844450041651726,,3905.5037479400635,128.3209466934204
6939,0.038253214210271835,,3906.0609381198883,128.3359055519104
6940,0.0374453105032444,,3906.6175062656403,128.35085606575012
6941,0.03782929480075836,,3907.174089193344,128.36580610275269
6942,0.038309693336486816,,3907.7303705215454,128.3807773590088
6943,0.03794699162244797,,3908.2870745658875,128.39573645591736
6944,0.03893473744392395,,3908.843062877655,128.41068840026855
6945,0.0387151874601841,,3909.3997192382812,128.4256489276886
6946,0.03842279687523842,,3909.955691576004,128.4406032562256
6947,0.03918858617544174,,3910.5126507282257,128.45553874969482
6948,0.03899413347244263,,3911.0691423416138,128.47048139572144
6949,0.036698199808597565,,3911.6260962486267,128.48543787002563
6950,0.036709047853946686,,3912.1827523708344,128.5004072189331
6951,0.03699808567762375,,3912.7395865917206,128.5153522491455
6952,0.03730145841836929,,3913.295952796936,128.5302951335907
6953,0.037808965891599655,,3913.8528850078583,128.5452902317047
6954,0.03736270219087601,,3914.4092931747437,128.56025218963623
6955,0.03738701716065407,,3914.965895652771,128.5752091407776
6956,0.03743862360715866,,3915.5223150253296,128.59015107154846
6957,0.03732182830572128,,3916.0789144039154,128.60509967803955
6958,0.037415944039821625,,3916.635063648224,128.62005162239075
6959,0.03769371286034584,,3917.1920154094696,128.63501501083374
6960,0.03772120177745819,,3917.748740196228,128.6499719619751
6961,0.03771171346306801,,3918.305445432663,128.66492867469788
6962,0.040399324148893356,,3918.861697912216,128.67987322807312
6963,0.038623563945293427,,3919.4183139801025,128.69482350349426
6964,0.03778949752449989,,3919.974425315857,128.70977330207825
6965,0.03755020722746849,,3920.53183221817,128.72472643852234
6966,0.03813033550977707,,3921.088165283203,128.739675283432
6967,0.03798967972397804,,3921.645060777664,128.75461959838867
6968,0.03770122677087784,,3922.527936935425,128.76957416534424
6969,0.037786245346069336,,3923.084615468979,128.7845139503479
6970,0.038984283804893494,,3923.64049077034,128.7994728088379
6971,0.038434844464063644,,3924.19713807106,128.81443190574646
6972,0.03772131726145744,,3924.7533473968506,128.82938408851624
6973,0.037454329431056976,,3925.309864282608,128.8443307876587
6974,0.03765246644616127,,3925.866183280945,128.85928630828857
6975,0.03719107806682587,,3926.4230358600616,128.87423872947693
6976,0.037045590579509735,,3926.9791243076324,128.88918590545654
6977,0.03737713769078255,,3927.536001443863,128.9041347503662
6978,0.03752870485186577,,3928.092523097992,128.9190936088562
6979,0.03788113594055176,,3928.649092435837,128.9340546131134
6980,0.03837902471423149,,3929.2055699825287,128.9490101337433
6981,0.03833024948835373,,3929.762670993805,128.9639596939087
6982,0.03817078843712807,,3930.3187415599823,128.97892665863037
6983,0.03805616497993469,,3930.8754603862762,128.99388790130615
6984,0.037996046245098114,,3931.4316918849945,129.00884747505188
6985,0.03754792362451553,,3931.988250732422,129.02380847930908
6986,0.03799615427851677,,3932.544363260269,129.03878331184387
6987,0.03860538825392723,,3933.1010813713074,129.053724527359
6988,0.03984580561518669,,3933.657360315323,129.06869792938232
6989,0.03867683559656143,,3934.213948726654,129.08364415168762
6990,0.03864506259560585,,3934.7702107429504,129.0985927581787
6991,0.03876173123717308,,3935.32665348053,129.11354756355286
6992,0.03719156235456467,,3935.882984638214,129.12850046157837
6993,0.03694076091051102,,3936.4397332668304,129.14347100257874
6994,0.03666849434375763,,3936.995959997177,129.15843319892883
6995,0.036419112235307693,,3937.552498817444,129.1733753681183
6996,0.03651485964655876,,3938.108860015869,129.18831753730774
6997,0.036371730268001556,,3938.6664559841156,129.2032709121704
6998,0.03697536885738373,,3939.2225444316864,129.21824765205383
6999,0.03742440417408943,,3939.7793185710907,129.23319745063782
7000,0.03707539662718773,-0.0015082202153280377,3940.3356988430023,130.99044489860535
7001,0.03738955408334732,,3940.892345428467,131.0054214000702
7002,0.0389636754989624,,3941.4486796855927,131.0203742980957
7003,0.038787782192230225,,3942.0056507587433,131.03533720970154
7004,0.03799332678318024,,3942.561888694763,131.05029582977295
7005,0.03722429648041725,,3943.1184434890747,131.06525659561157
7006,0.037748128175735474,,3943.674784183502,131.08025431632996
7007,0.03773630037903786,,3944.231550216675,131.09521174430847
7008,0.03810492157936096,,3944.7886629104614,131.1101622581482
7009,0.03801964223384857,,3945.3453781604767,131.12510633468628
7010,0.03854083642363548,,3945.901629924774,131.14006638526917
7011,0.03760553151369095,,3946.457980632782,131.15502047538757
7012,0.03760354593396187,,3947.014085292816,131.16996550559998
7013,0.03769996762275696,,3947.5710866451263,131.1849262714386
7014,0.03715180978178978,,3948.127475500107,131.19987845420837
7015,0.036925215274095535,,3948.683984041214,131.21483945846558
7016,0.0369969867169857,,3949.240422487259,131.22979545593262
7017,0.03709616884589195,,3949.797217130661,131.24476099014282
7018,0.03743807226419449,,3950.353364944458,131.25971865653992
7019,0.037770409137010574,,3950.910108566284,131.27467107772827
7020,0.036631613969802856,,3951.792847633362,131.28961277008057
7021,0.03730197995901108,,3952.3495140075684,131.3045952320099
7022,0.037097301334142685,,3952.905694961548,131.31954336166382
7023,0.036984141916036606,,3953.4630138874054,131.33451628684998
7024,0.03683508560061455,,3954.019385576248,131.34949135780334
7025,0.037014905363321304,,3954.576324224472,131.36444973945618
7026,0.037497688084840775,,3955.1327838897705,131.37941527366638
7027,0.037490274757146835,,3955.689606189728,131.3943591117859
7028,0.03724144026637077,,3956.245764732361,131.40933394432068
7029,0.03709876164793968,,3956.8025619983673,131.42428159713745
7030,0.038958486169576645,,3957.358850479126,131.43925046920776
7031,0.03935708478093147,,3957.9156374931335,131.45422339439392
7032,0.03905685991048813,,3958.47185921669,131.46917986869812
7033,0.03896555304527283,,3959.0286769866943,131.48415780067444
7034,0.03659773990511894,,3959.584758043289,131.4991157054901
7035,0.036033373326063156,,3960.141471385956,131.51407432556152
7036,0.03587307780981064,,3960.6977503299713,131.5290322303772
7037,0.03674732521176338,,3961.254559993744,131.54398679733276
7038,0.03763796016573906,,3961.8108162879944,131.55893802642822
7039,0.03791409358382225,,3962.367538690567,131.57390189170837
7040,0.03720824420452118,,3962.924074411392,131.5888614654541
7041,0.0375540517270565,,3963.4805924892426,131.60383009910583
7042,0.038051653653383255,,3964.037249326706,131.6188006401062
7043,0.03757265955209732,,3964.593930006027,131.6337649822235
7044,0.038603123277425766,,3965.15074133873,131.6487159729004
7045,0.03792761638760567,,3965.7076754570007,131.66367888450623
7046,0.03762054815888405,,3966.264275074005,131.67864203453064
7047,0.037202779203653336,,3966.8208000659943,131.6935966014862
7048,0.036767031997442245,,3967.377256631851,131.70856142044067
7049,0.03747206926345825,,3967.9340965747833,131.72352004051208
7050,0.03831390663981438,,3968.4904959201813,131.73847007751465
7051,0.03888826072216034,,3969.0474183559418,131.7534203529358
7052,0.038773179054260254,,3969.6036417484283,131.76838541030884
7053,0.03871426358819008,,3970.160402536392,131.7833456993103
7054,0.03750257194042206,,3970.716645717621,131.79829859733582
7055,0.03756963089108467,,3971.273340702057,131.8132472038269
7056,0.03732715919613838,,3971.829552412033,131.8281934261322
7057,0.03708460181951523,,3972.3864164352417,131.84314107894897
7058,0.03718331456184387,,3972.9428548812866,131.85810351371765
7059,0.03729763999581337,,3973.4996876716614,131.87304306030273
7060,0.03671398386359215,,3974.0561678409576,131.88799381256104
7061,0.037406355142593384,,3974.613184452057,131.90294647216797
7062,0.03717191517353058,,3975.169464111328,131.91790175437927
7063,0.037522971630096436,,3975.726185798645,131.93286228179932
7064,0.037966422736644745,,3976.282562017441,131.94782733917236
7065,0.03785809502005577,,3976.839809656143,131.96278834342957
7066,0.03752748668193817,,3977.3961851596832,131.9777593612671
7067,0.03773481026291847,,3977.9529688358307,131.9927077293396
7068,0.038182325661182404,,3978.509248971939,132.00766730308533
7069,0.03885587677359581,,3979.065784215927,132.02262568473816
7070,0.03881262615323067,,3979.622093439102,132.03757882118225
7071,0.036870017647743225,,3980.1789486408234,132.0525243282318
7072,0.0378345288336277,,3981.061923265457,132.06746912002563
7073,0.037195730954408646,,3981.618808031082,132.08243989944458
7074,0.037717632949352264,,3982.175091981888,132.09738993644714
7075,0.0363965779542923,,3982.731802225113,132.1123583316803
7076,0.03620481491088867,,3983.2885665893555,132.12731885910034
7077,0.036252476274967194,,3983.8454580307007,132.14227843284607
7078,0.03631671145558357,,3984.401964187622,132.15725374221802
7079,0.03713177517056465,,3984.958734035492,132.17220497131348
7080,0.03788408264517784,,3985.5151998996735,132.187162399292
7081,0.03717401623725891,,3986.071969270706,132.2021234035492
7082,0.03740323707461357,,3986.6282336711884,132.2170922756195
7083,0.03779720515012741,,3987.1851329803467,132.23204040527344
7084,0.03743867576122284,,3987.7415459156036,132.2469940185547
7085,0.037002675235271454,,3988.298373937607,132.2619662284851
7086,0.03767707943916321,,3988.8549661636353,132.2769296169281
7087,0.03747539594769478,,3989.41197681427,132.29188656806946
7088,0.036828406155109406,,3989.9686522483826,132.30684757232666
7089,0.03671645000576973,,3990.525505542755,132.32179188728333
7090,0.036991190165281296,,3991.081719636917,132.33675503730774
7091,0.03711915761232376,,3991.638335466385,132.35173201560974
7092,0.037717193365097046,,3992.195125579834,132.36669921875
7093,0.03754312917590141,,3992.7519702911377,132.3816442489624
7094,0.03666694834828377,,3993.308334827423,132.39661192893982
7095,0.036993641406297684,,3993.864839076996,132.41157174110413
7096,0.03692729398608208,,3994.4210875034332,132.4265263080597
7097,0.037005092948675156,,3994.9778320789337,132.4414825439453
7098,0.03669629991054535,,3995.5340325832367,132.45643496513367
7099,0.03684810549020767,,3996.091049194336,132.4713945388794
7100,0.037548284977674484,,3996.6473219394684,132.48636031150818
7101,0.037798140197992325,,3997.203792333603,132.50130891799927
7102,0.038420043885707855,,3997.7600274086,132.5162799358368
7103,0.03836826607584953,,3998.3171882629395,132.53124046325684
7104,0.038263287395238876,,3998.873466491699,132.5461893081665
7105,0.03734944760799408,,3999.4299173355103,132.56114554405212
7106,0.03744666278362274,,3999.986467599869,132.5761251449585
7107,0.03799562156200409,,4000.54337477684,132.5910837650299
7108,0.036489106714725494,,4001.099770307541,132.6060483455658
7109,0.03663656488060951,,4001.656568288803,132.62099719047546
7110,0.03646146506071091,,4002.212679862976,132.63597679138184
7111,0.036459337919950485,,4002.7693271636963,132.65092778205872
7112,0.03693578019738197,,4003.3255755901337,132.66587686538696
7113,0.037160538136959076,,4003.8821318149567,132.68083548545837
7114,0.0377805158495903,,4004.438226222992,132.69580483436584
7115,0.03770358860492706,,4004.9949264526367,132.7107539176941
7116,0.0386926606297493,,4005.5509929656982,132.72572088241577
7117,0.036150913685560226,,4006.1075654029846,132.7406668663025
7118,0.036154855042696,,4006.664031267166,132.75563263893127
7119,0.03700226917862892,,4007.2204835414886,132.77059674263
7120,0.03673432394862175,,4007.776518344879,132.78554725646973
7121,0.036611102521419525,,4008.334107875824,132.80051255226135
7122,0.0370500348508358,,4008.8904662132263,132.81547784805298
7123,0.036859918385744095,,4009.4467463493347,132.83044290542603
7124,0.03709040582180023,,4010.3292553424835,132.8454306125641
7125,0.03719410300254822,,4010.8861994743347,132.860417842865
7126,0.036832161247730255,,4011.4424529075623,132.87538075447083
7127,0.03622988238930702,,4011.9992303848267,132.89034748077393
7128,0.03662307187914848,,4012.5560734272003,132.90529894828796
7129,0.03655758127570152,,4013.1129286289215,132.92025637626648
7130,0.03702571243047714,,4013.6706426143646,132.93521547317505
7131,0.037187837064266205,,4014.2273955345154,132.95016384124756
7132,0.037530720233917236,,4014.7834680080414,132.96512937545776
7133,0.03668471425771713,,4015.3399696350098,132.9800832271576
7134,0.03620360419154167,,4015.896324634552,132.99506092071533
7135,0.03694561496376991,,4016.4532997608185,133.01002860069275
7136,0.03678227961063385,,4017.0099391937256,133.0249834060669
7137,0.037039775401353836,,4017.5666654109955,133.0399386882782
7138,0.03672558069229126,,4018.123088121414,133.0549018383026
7139,0.037038564682006836,,4018.679990053177,133.06987857818604
7140,0.03733757138252258,,4019.2361900806427,133.08484506607056
7141,0.0374654158949852,,4019.7931287288666,133.09979486465454
7142,0.03786161541938782,,4020.349221467972,133.1147541999817
7143,0.036762841045856476,,4020.905919075012,133.1297149658203
7144,0.03650146722793579,,4021.4621205329895,133.1446783542633
7145,0.03672551363706589,,4022.0183997154236,133.1596314907074
7146,0.03659241646528244,,4022.5745255947113,133.17457628250122
7147,0.03667149692773819,,4023.1312799453735,133.189537525177
7148,0.03741021826863289,,4023.6876409053802,133.2044975757599
7149,0.037096939980983734,,4024.2449662685394,133.21945357322693
7150,0.037817735224962234,,4024.801367044449,133.23442816734314
7151,0.03766634687781334,,4025.358345746994,133.24940633773804
7152,0.0370832160115242,,4025.9146523475647,133.26437139511108
7153,0.03678891435265541,,4026.4714725017548,133.2793197631836
7154,0.036619577556848526,,4027.027779340744,133.29428267478943
7155,0.03658568486571312,,4027.584334373474,133.30924725532532
7156,0.03724241256713867,,4028.140664577484,133.32422018051147
7157,0.03665352612733841,,4028.697498321533,133.3391785621643
7158,0.03678892180323601,,4029.2535784244537,133.35414505004883
7159,0.037439122796058655,,4029.810034751892,133.36911511421204
7160,0.03613343462347984,,4030.3662729263306,133.38407063484192
7161,0.03616304323077202,,4030.924085378647,133.39901971817017
7162,0.036196380853652954,,4031.480430841446,133.4139699935913
7163,0.03621967136859894,,4032.0373742580414,133.4289252758026
7164,0.036884866654872894,,4032.5938289165497,133.44387435913086
7165,0.03631437197327614,,4033.1507239341736,133.45882940292358
7166,0.036692459136247635,,4033.7070825099945,133.47378659248352
7167,0.03634588047862053,,4034.264080286026,133.48875498771667
7168,0.036242760717868805,,4034.820144891739,133.5037100315094
7169,0.0369575209915638,,4035.377140522003,133.5186562538147
7170,0.03688383102416992,,4035.933774471283,133.53360867500305
7171,0.03754078596830368,,4036.4904837608337,133.54856705665588
7172,0.036716803908348083,,4037.046654701233,133.5635323524475
7173,0.036530137062072754,,4037.603388786316,133.5784900188446
7174,0.03647151589393616,,4038.159563302994,133.59344792366028
7175,0.03677733242511749,,4038.7165172100067,133.60841464996338
7176,0.03680402785539627,,4039.599059343338,133.6233925819397
7177,0.036563631147146225,,4040.1558175086975,133.63834834098816
7178,0.03662305697798729,,4040.711884498596,133.65330958366394
7179,0.037179190665483475,,4041.268889904022,133.66826128959656
7180,0.0363454706966877,,4041.8252732753754,133.68320608139038
7181,0.03619565814733505,,4042.382086277008,133.69818353652954
7182,0.03589378669857979,,4042.9383347034454,133.71314978599548
7183,0.035421814769506454,,4043.4952874183655,133.7281014919281
7184,0.035858675837516785,,4044.05166721344,133.7430603504181
7185,0.03604912757873535,,4044.6083636283875,133.7580213546753
7186,0.03639861196279526,,4045.164660215378,133.77297520637512
7187,0.0369570329785347,,4045.721954345703,133.78792238235474
7188,0.03689383715391159,,4046.278179883957,133.80288195610046
7189,0.03701602295041084,,4046.834990501404,133.81783080101013
7190,0.036607757210731506,,4047.3914268016815,133.83279514312744
7191,0.036919835954904556,,4047.94837474823,133.84777164459229
7192,0.03706806153059006,,4048.504462480545,133.8627324104309
7193,0.036439333111047745,,4049.061442375183,133.8777015209198
7194,0.03658125177025795,,4049.6177339553833,133.89265823364258
7195,0.03657091036438942,,4050.174618244171,133.90762090682983
7196,0.03688576817512512,,4050.7310121059418,133.92256712913513
7197,0.03671031445264816,,4051.287662267685,133.93752121925354
7198,0.037354834377765656,,4051.8442208766937,133.95247435569763
7199,0.03720986098051071,,4052.400975227356,133.9674310684204
7200,0.03697419911623001,,4052.9580788612366,133.9823820590973
7201,0.03879416361451149,,4053.515345811844,133.99733185768127
7202,0.037726953625679016,,4054.07178401947,134.012286901474
7203,0.03758770227432251,,4054.6285161972046,134.02732276916504
7204,0.03751738369464874,,4055.1851799488068,134.04227113723755
7205,0.038404371589422226,,4055.7422523498535,134.05723667144775
7206,0.037519924342632294,,4056.2982177734375,134.0722029209137
7207,0.03568122908473015,,4056.854906797409,134.08719038963318
7208,0.03595031797885895,,4057.411350250244,134.1021568775177
7209,0.03606003522872925,,4057.9679968357086,134.11710476875305
7210,0.03624828904867172,,4058.52418923378,134.13205981254578
7211,0.03647374361753464,,4059.0810573101044,134.1470274925232
7212,0.03648514673113823,,4059.637521982193,134.16198873519897
7213,0.03695270046591759,,4060.194235086441,134.1769893169403
7214,0.03591492399573326,,4060.7507247924805,134.19197154045105
7215,0.03603052720427513,,4061.3076133728027,134.2069296836853
7216,0.035841204226017,,4061.864408493042,134.2218954563141
7217,0.03569376841187477,,4062.4212794303894,134.2368516921997
7218,0.03613213822245598,,4062.977637529373,134.25180101394653
7219,0.03571629524230957,,4063.5341351032257,134.26675057411194
7220,0.03576526790857315,,4064.0906682014465,134.28170371055603
7221,0.03490182012319565,,4064.647484779358,134.29667210578918
7222,0.0353686697781086,,4065.2036731243134,134.31164574623108
7223,0.035781130194664,,4065.7604444026947,134.32660937309265
7224,0.03631210699677467,,4066.316652536392,134.34157276153564
7225,0.03706471994519234,,4066.8731341362,134.3565275669098
7226,0.03743531182408333,,4067.4294922351837,134.37147998809814
7227,0.03641493245959282,,4067.986270427704,134.3864290714264
7228,0.036518678069114685,,4068.869139432907,134.40138339996338
7229,0.03725871071219444,,4069.425584793091,134.41633009910583
7230,0.03699374943971634,,4069.9820907115936,134.43127870559692
7231,0.037844739854335785,,4070.539027929306,134.4462583065033
7232,0.036980368196964264,,4071.095233440399,134.46123147010803
7233,0.03711475059390068,,4071.6522455215454,134.4761860370636
7234,0.036921724677085876,,4072.2085995674133,134.49115633964539
7235,0.037570614367723465,,4072.7650380134583,134.5061376094818
7236,0.035381220281124115,,4073.3211994171143,134.5211079120636
7237,0.03651798516511917,,4073.8781781196594,134.53605270385742
7238,0.03564469888806343,,4074.434415578842,134.55099654197693
7239,0.03556067869067192,,4074.991243839264,134.5659692287445
7240,0.03655555471777916,,4075.5475318431854,134.5809292793274
7241,0.03758375346660614,,4076.104542016983,134.59589672088623
7242,0.036707378923892975,,4076.660966396332,134.61085081100464
7243,0.03755628690123558,,4077.21772646904,134.6258099079132
7244,0.03866366297006607,,4077.774103164673,134.64076352119446
7245,0.03738856315612793,,4078.3308477401733,134.65571689605713
7246,0.03658520057797432,,4078.887209415436,134.6706666946411
7247,0.03735555335879326,,4079.444275856018,134.685622215271
7248,0.03754238784313202,,4080.0004444122314,134.70058012008667
7249,0.03791389241814613,,4080.557514667511,134.71552777290344
7250,0.03831024840474129,,4081.113938808441,134.73048162460327
7251,0.03827333077788353,,4081.6710176467896,134.74547004699707
7252,0.037604380398988724,,4082.2275788784027,134.7604250907898
7253,0.03735096752643585,,4082.7842741012573,134.77538180351257
7254,0.036864303052425385,,4083.3409037590027,134.79033398628235
7255,0.03808548301458359,,4083.8974022865295,134.8052921295166
7256,0.037334490567445755,,4084.4535818099976,134.8202338218689
7257,0.03807585686445236,,4085.010188817978,134.83519530296326
7258,0.03721977397799492,,4085.5663006305695,134.8501524925232
7259,0.0377449095249176,,4086.1231689453125,134.86510062217712
7260,0.03731251135468483,,4086.6793241500854,134.8800802230835
7261,0.03678640350699425,,4087.2362928390503,134.89505052566528
7262,0.03652830794453621,,4087.7928829193115,134.90999674797058
7263,0.03628965839743614,,4088.3496367931366,134.92495799064636
7264,0.03644658625125885,,4088.905954837799,134.93992066383362
7265,0.03713478520512581,,4089.463031768799,134.95487308502197
7266,0.03730582073330879,,4090.0192499160767,134.969824552536
7267,0.03836676478385925,,4090.5760765075684,134.98478603363037
7268,0.03813311830163002,,4091.1322767734528,134.99975085258484
7269,0.03849411755800247,,4091.6888587474823,135.01470136642456
7270,0.03787558898329735,,4092.2452068328857,135.02965188026428
7271,0.03818763419985771,,4092.801971435547,135.04462242126465
7272,0.037755656987428665,,4093.358508348465,135.05958437919617
7273,0.03685852140188217,,4093.9152088165283,135.07453107833862
7274,0.03740174323320389,,4094.471495628357,135.0894911289215
7275,0.03663994371891022,,4095.028836250305,135.10444450378418
7276,0.036363061517477036,,4095.5849027633667,135.11940956115723
7277,0.036467354744672775,,4096.141674280167,135.13436102867126
7278,0.037384603172540665,,4096.697947502136,135.1493182182312
7279,0.03591766953468323,,4097.254515647888,135.16427278518677
7280,0.03554026409983635,,4098.1373834609985,135.17923998832703
7281,0.036609020084142685,,4098.694195508957,135.19420218467712
7282,0.03564435616135597,,4099.250428676605,135.20915961265564
7283,0.0357431061565876,,4099.807247400284,135.22412538528442
7284,0.03657732903957367,,4100.363497972488,135.23908305168152
7285,0.03621283918619156,,4100.920372962952,135.25404167175293
7286,0.03617827966809273,,4101.4766619205475,135.26899647712708
7287,0.03602120652794838,,4102.033793210983,135.28395128250122
7288,0.0367073118686676,,4102.589901208878,135.29890751838684
7289,0.03663535788655281,,4103.1462869644165,135.31388211250305
7290,0.035719383507966995,,4103.702491760254,135.32883858680725
7291,0.03522026166319847,,4104.2593998909,135.3437943458557
7292,0.035053402185440063,,4104.815700769424,135.35878372192383
7293,0.03617795556783676,,4105.372411966324,135.37374925613403
7294,0.0367850624024868,,4105.928607463837,135.38870429992676
7295,0.037098221480846405,,4106.485641002655,135.403657913208
7296,0.03599228709936142,,4107.042802810669,135.41863346099854
7297,0.0355425663292408,,4107.59942317009,135.43359565734863
7298,0.03488593548536301,,4108.155750274658,135.44854426383972
7299,0.035217493772506714,,4108.712522029877,135.46350359916687
7300,0.03591315075755119,,4109.268852710724,135.47847294807434
7301,0.035076212137937546,,4109.82706618309,135.49343180656433
7302,0.03504569083452225,,4110.383470773697,135.5083830356598
7303,0.036666110157966614,,4110.940106868744,135.5233404636383
7304,0.03668609634041786,,4111.496507644653,135.5383050441742
7305,0.036405228078365326,,4112.053092002869,135.55326104164124
7306,0.0377776063978672,,4112.609574794769,135.56820821762085
7307,0.03837229683995247,,4113.16633439064,135.58317017555237
7308,0.038390275090932846,,4113.722520112991,135.59813332557678
7309,0.0378941148519516,,4114.27908873558,135.61310386657715
7310,0.03689320385456085,,4114.835378408432,135.62807250022888
7311,0.037076037377119064,,4115.392422676086,135.6430139541626
7312,0.03676645830273628,,4115.9487245082855,135.65798497200012
7313,0.03574664518237114,,4116.5056364536285,135.67296266555786
7314,0.0357172004878521,,4117.062020540237,135.6879243850708
7315,0.03561000898480415,,4117.6187489032745,135.70289540290833
7316,0.03633243963122368,,4118.175033569336,135.71786499023438
7317,0.03536519408226013,,4118.732108831406,135.732825756073
7318,0.036635108292102814,,4119.288645029068,135.74778294563293
7319,0.03553874045610428,,4119.845407247543,135.7627251148224
7320,0.03569219633936882,,4120.401897192001,135.77770733833313
7321,0.03660941496491432,,4120.95844578743,135.79267930984497
7322,0.03533515706658363,,4121.514679193497,135.80764174461365
7323,0.03585014119744301,,4122.071455955505,135.82259917259216
7324,0.03570065274834633,,4122.627477884293,135.8375597000122
7325,0.035414960235357285,,4123.184195995331,135.85252475738525
7326,0.03513261303305626,,4123.740770816803,135.86746406555176
7327,0.03532063588500023,,4124.297970294952,135.88242745399475
7328,0.03546035662293434,,4124.854663610458,135.8973777294159
7329,0.035116489976644516,,4125.411720991135,135.91235065460205
7330,0.035256680101156235,,4125.968189954758,135.92730689048767
7331,0.03551137074828148,,4126.525122642517,135.94227933883667
7332,0.03549885377287865,,4127.4079604148865,135.95723223686218
7333,0.03638442978262901,,4127.964743614197,135.97220993041992
7334,0.03671367093920708,,4128.521004676819,135.98717379570007
7335,0.03637630492448807,,4129.07753777504,136.0021243095398
7336,0.037830233573913574,,4129.634158372879,136.01709294319153
7337,0.03689996525645256,,4130.190711975098,136.0320520401001
7338,0.036950401961803436,,4130.747995376587,136.04701352119446
7339,0.035934045910835266,,4131.304689884186,136.06196761131287
7340,0.03680754080414772,,4131.860771894455,136.07692050933838
7341,0.0358893908560276,,4132.417266845703,136.09189772605896
7342,0.03780023008584976,,4132.973767518997,136.10684514045715
7343,0.038863591849803925,,4133.531214475632,136.12178778648376
7344,0.037369515746831894,,4134.0872893333435,136.13674139976501
7345,0.039253897964954376,,4134.6441650390625,136.15172338485718
7346,0.036920856684446335,,4135.201030731201,136.16668891906738
7347,0.03697064146399498,,4135.7577068805695,136.18165278434753
7348,0.03593826666474342,,4136.31396484375,136.19661712646484
7349,0.03684188425540924,,4136.870811223984,136.21157503128052
7350,0.03653448447585106,,4137.427038192749,136.2265326976776
7351,0.03796681389212608,,4137.983683347702,136.24149298667908
7352,0.03676643967628479,,4138.540247440338,136.25643801689148
7353,0.03624137490987778,,4139.096793651581,136.27140712738037
7354,0.03659845143556595,,4139.653108119965,136.28636479377747
7355,0.03593641147017479,,4140.209711790085,136.301340341568
7356,0.036616262048482895,,4140.7659866809845,136.31629514694214
7357,0.03673607483506203,,4141.323029756546,136.3312647342682
7358,0.0365300290286541,,4141.879261016846,136.34621953964233
7359,0.03661569580435753,,4142.436236143112,136.36117100715637
7360,0.03687714785337448,,4142.992599487305,136.3761169910431
7361,0.03634297847747803,,4143.549392223358,136.3910768032074
7362,0.03517427667975426,,4144.105533361435,136.4061312675476
7363,0.03505150228738785,,4144.662164926529,136.42107892036438
7364,0.03504155948758125,,4145.218378067017,136.43605542182922
7365,0.03533579781651497,,4145.774998188019,136.45105624198914
7366,0.03579285740852356,,4146.331106901169,136.46601009368896
7367,0.03658374398946762,,4146.887754440308,136.48096227645874
7368,0.037160057574510574,,4147.444050550461,136.49590516090393
7369,0.036925651133060455,,4148.000996351242,136.5108654499054
7370,0.03738408908247948,,4148.55762219429,136.52582120895386
7371,0.03700471296906471,,4149.114755392075,136.54080748558044
7372,0.03700050711631775,,4149.671476125717,136.555766582489
7373,0.036327432841062546,,4150.228265762329,136.57070779800415
7374,0.03652895241975784,,4150.7846755981445,136.58565640449524
7375,0.036378566175699234,,4151.34184384346,136.60062050819397
7376,0.03687368705868721,,4151.8980214595795,136.6155664920807
7377,0.036794647574424744,,4152.454740285873,136.63051843643188
7378,0.03727561980485916,,4153.010751724243,136.6454803943634
7379,0.03718584030866623,,4153.568406820297,136.66044402122498
7380,0.036818310618400574,,4154.125085115433,136.67540192604065
7381,0.03654886409640312,,4154.681976318359,136.69035506248474
7382,0.03706923872232437,,4155.238089561462,136.70532298088074
7383,0.03731721639633179,,4155.794878482819,136.72028923034668
7384,0.03701943904161453,,4156.677844285965,136.7352442741394
7385,0.03702331334352493,,4157.234431028366,136.75020051002502
7386,0.03659406676888466,,4157.790615081787,136.76515769958496
7387,0.03648151084780693,,4158.347499370575,136.7801113128662
7388,0.03671510890126228,,4158.903807401657,136.79505515098572
7389,0.036306560039520264,,4159.461416959763,136.8100185394287
7390,0.0356614887714386,,4160.0181765556335,136.82499885559082
7391,0.035719018429517746,,4160.574783086777,136.83996272087097
7392,0.03646085411310196,,4161.13086771965,136.85492825508118
7393,0.03627314046025276,,4161.687592506409,136.86988043785095
7394,0.036724865436553955,,4162.244144201279,136.88483095169067
7395,0.036202870309352875,,4162.800820589066,136.8997938632965
7396,0.03631598874926567,,4163.357172966003,136.91477179527283
7397,0.03604670241475105,,4163.913775205612,136.92974042892456
7398,0.034927625209093094,,4164.470099210739,136.9447045326233
7399,0.03454802930355072,,4165.026905298233,136.9596791267395
7400,0.03577616065740585,,4165.583237409592,136.97464990615845
7401,0.03573046997189522,,4166.140250444412,136.9896149635315
7402,0.03540350869297981,,4166.696620464325,137.004554271698
7403,0.03570926934480667,,4167.253427267075,137.01950120925903
7404,0.03460904583334923,,4167.809602737427,137.03445887565613
7405,0.03463442623615265,,4168.36637544632,137.04941320419312
7406,0.0346347913146019,,4168.92261838913,137.0643630027771
7407,0.03443308547139168,,4169.479415655136,137.07932424545288
7408,0.03562488779425621,,4170.035500049591,137.09427499771118
7409,0.03479393199086189,,4170.5926649570465,137.10922765731812
7410,0.03459259495139122,,4171.149151086807,137.12418746948242
7411,0.034720417112112045,,4171.705854177475,137.13914728164673
7412,0.034588102251291275,,4172.261927127838,137.1541051864624
7413,0.0350375659763813,,4172.8186938762665,137.16907024383545
7414,0.034843865782022476,,4173.375070333481,137.18403959274292
7415,0.03606267645955086,,4173.931715011597,137.19898343086243
7416,0.03641187399625778,,4174.487943172455,137.21393871307373
7417,0.03673236072063446,,4175.0444140434265,137.22890424728394
7418,0.035910651087760925,,4175.600545167923,137.24386477470398
7419,0.035931043326854706,,4176.157306194305,137.2588140964508
7420,0.03524092584848404,,4176.713606834412,137.27375650405884
7421,0.035066861659288406,,4177.270203113556,137.28870797157288
7422,0.03566291928291321,,4177.826671123505,137.3036663532257
7423,0.036696866154670715,,4178.383552789688,137.3186342716217
7424,0.03647596761584282,,4178.939857721329,137.33357906341553
7425,0.03703521192073822,,4179.496668100357,137.34853339195251
7426,0.0371335968375206,,4180.052869796753,137.36349391937256
7427,0.03626380115747452,,4180.60976600647,137.3784556388855
7428,0.035503730177879333,,4181.16607260704,137.39340162277222
7429,0.035448119044303894,,4181.722665309906,137.4083592891693
7430,0.035706017166376114,,4182.278891086578,137.42332792282104
7431,0.036731328815221786,,4182.83558011055,137.43828964233398
7432,0.03662404417991638,,4183.391767978668,137.4532492160797
7433,0.037517644464969635,,4183.948353528976,137.46821784973145
7434,0.03764146566390991,,4184.5049040317535,137.48317456245422
7435,0.03711234778165817,,4185.061366081238,137.49813222885132
7436,0.035845428705215454,,4185.943693399429,137.51308751106262
7437,0.036652058362960815,,4186.500464439392,137.52804589271545
7438,0.035035308450460434,,4187.056827068329,137.5430088043213
7439,0.03525887057185173,,4187.613285064697,137.55796670913696
7440,0.03562271222472191,,4188.169452428818,137.5729329586029
7441,0.0349210649728775,,4188.726045846939,137.5878963470459
7442,0.034837763756513596,,4189.282408714294,137.60284948349
7443,0.03493400663137436,,4189.839510202408,137.61780786514282
7444,0.035707540810108185,,4190.395709514618,137.63275957107544
7445,0.03653353080153465,,4190.952217578888,137.64772129058838
7446,0.03528989106416702,,4191.508422374725,137.66266775131226
7447,0.03615177050232887,,4192.065036535263,137.6776294708252
7448,0.03670039772987366,,4192.6210787296295,137.69258761405945
7449,0.038056086748838425,,4193.177796602249,137.70753574371338
7450,0.0369592010974884,,4193.734095335007,137.7224998474121
7451,0.035763438791036606,,4194.290748596191,137.73746347427368
7452,0.03503798320889473,,4194.846837043762,137.75243163108826
7453,0.03527427092194557,,4195.4033851623535,137.76738095283508
7454,0.03539995849132538,,4195.9600195884705,137.78234195709229
7455,0.03607643023133278,,4196.517098426819,137.79732584953308
7456,0.03583711013197899,,4197.073374509811,137.8122787475586
7457,0.03629051521420479,,4197.630075931549,137.82722783088684
7458,0.03570768982172012,,4198.186123609543,137.84217357635498
7459,0.03592395409941673,,4198.74302816391,137.8571424484253
7460,0.03531850874423981,,4199.299259185791,137.87210750579834
7461,0.035077404230833054,,4199.856215238571,137.88705968856812
7462,0.03587128594517708,,4200.412257194519,137.90201687812805
7463,0.03666098415851593,,4200.969017505646,137.9169945716858
7464,0.03541484475135803,,4201.525696992874,137.93195152282715
7465,0.03631944954395294,,4202.082520723343,137.94688987731934
7466,0.03564685210585594,,4202.638871431351,137.96184587478638
7467,0.03591933846473694,,4203.195583343506,137.97680115699768
7468,0.03601803258061409,,4203.7519998550415,137.99175310134888
7469,0.03506876155734062,,4204.308780670166,138.00672316551208
7470,0.035876207053661346,,4204.865883111954,138.02168250083923
7471,0.03632752597332001,,4205.422496795654,138.03665161132812
7472,0.03532693162560463,,4205.978883981705,138.05159997940063
7473,0.035554029047489166,,4206.535528421402,138.06655645370483
7474,0.036592885851860046,,4207.092122077942,138.08150172233582
7475,0.03636356070637703,,4207.649104118347,138.0964539051056
7476,0.03623732551932335,,4208.206462144852,138.111426115036
7477,0.03620278835296631,,4208.762875795364,138.12637567520142
7478,0.03616267070174217,,4209.319110870361,138.14132404327393
7479,0.03514894098043442,,4209.875840187073,138.1562786102295
7480,0.035948749631643295,,4210.43202829361,138.17124223709106
7481,0.03474745526909828,,4210.988821029663,138.18620252609253
7482,0.03485976159572601,,4211.54514670372,138.20115852355957
7483,0.03469858691096306,,4212.101724863052,138.2161204814911
7484,0.03450185805559158,,4212.657953500748,138.23108386993408
7485,0.03481217101216316,,4213.215378284454,138.2460343837738
7486,0.03506084904074669,,4213.771920919418,138.26098895072937
7487,0.03496856242418289,,4214.328605890274,138.27594423294067
7488,0.03591245412826538,,4215.211029291153,138.29091024398804
7489,0.037047069519758224,,4215.767504930496,138.3058660030365
7490,0.034977324306964874,,4216.323601961136,138.32083344459534
7491,0.03515417501330376,,4216.880266427994,138.33578062057495
7492,0.03487052395939827,,4217.436409950256,138.3507595062256
7493,0.034777749329805374,,4217.992964506149,138.36572074890137
7494,0.03569794446229935,,4218.549031734467,138.38068270683289
7495,0.037023771554231644,,4219.105662584305,138.3956379890442
7496,0.03640274703502655,,4219.661824464798,138.41059470176697
7497,0.036216769367456436,,4220.218298912048,138.4255452156067
7498,0.03616559877991676,,4220.774743080139,138.4405016899109
7499,0.03494855761528015,,4221.331414461136,138.45546960830688
7500,0.03490789234638214,-0.0014745157677680254,4221.887546300888,140.2133378982544
7501,0.03578171506524086,,4222.444643497467,140.2283012866974
7502,0.03617618605494499,,4223.001869440079,140.24326419830322
7503,0.036163490265607834,,4223.55871796608,140.25822758674622
7504,0.036789145320653915,,4224.114900112152,140.27318239212036
7505,0.037201929837465286,,4224.671650648117,140.2881419658661
7506,0.03738502040505409,,4225.228536367416,140.3031039237976
7507,0.03718167170882225,,4225.78542971611,140.3180513381958
7508,0.03572050854563713,,4226.3414669036865,140.33301758766174
7509,0.03591495007276535,,4226.898114442825,140.347980260849
7510,0.035454005002975464,,4227.454197883606,140.36293125152588
7511,0.03575710952281952,,4228.01083445549,140.37789916992188
7512,0.035746458917856216,,4228.5672397613525,140.39286041259766
7513,0.03716877102851868,,4229.124134778976,140.40783143043518
7514,0.03717423230409622,,4229.680468559265,140.42279171943665
7515,0.0369211807847023,,4230.237294435501,140.4377429485321
7516,0.036505963653326035,,4230.793652057648,140.45269083976746
7517,0.03677712008357048,,4231.350396156311,140.4676685333252
7518,0.03603740036487579,,4231.906671285629,140.4826192855835
7519,0.03615472465753555,,4232.463424921036,140.49759125709534
7520,0.0355987586081028,,4233.019597053528,140.51255345344543
7521,0.03475681692361832,,4233.5764417648315,140.5275104045868
7522,0.03607345372438431,,4234.132786512375,140.54247188568115
7523,0.03562626615166664,,4234.689464330673,140.5574300289154
7524,0.03634912148118019,,4235.245543718338,140.57240056991577
7525,0.035421762615442276,,4235.802275896072,140.58735489845276
7526,0.03665373474359512,,4236.358543872833,140.60231399536133
7527,0.03612298518419266,,4236.915884017944,140.61727356910706
7528,0.035194769501686096,,4237.472253084183,140.63223385810852
7529,0.035455722361803055,,4238.028872013092,140.6472144126892
7530,0.035379260778427124,,4238.585334777832,140.66216802597046
7531,0.036073558032512665,,4239.142361879349,140.67712092399597
7532,0.036765772849321365,,4239.698641061783,140.6920850276947
7533,0.03636432811617851,,4240.255565643311,140.70704531669617
7534,0.03711846470832825,,4240.81195640564,140.7220242023468
7535,0.036917272955179214,,4241.368661642075,140.73697638511658
7536,0.036869801580905914,,4241.924988985062,140.75194311141968
7537,0.037000831216573715,,4242.481706619263,140.7668900489807
7538,0.03677116706967354,,4243.038120746613,140.78184175491333
7539,0.036951109766960144,,4243.594847679138,140.79680371284485
7540,0.03695307672023773,,4244.477478981018,140.81176710128784
7541,0.03614648059010506,,4245.034339666367,140.82671523094177
7542,0.03521370142698288,,4245.5908098220825,140.84167432785034
7543,0.036246247589588165,,4246.147807836533,140.85661935806274
7544,0.03548223152756691,,4246.704058885574,140.8715741634369
7545,0.03554326295852661,,4247.26061463356,140.88654565811157
7546,0.034731488674879074,,4247.817237377167,140.90150141716003
7547,0.03489546477794647,,4248.374047279358,140.91646671295166
7548,0.03670024499297142,,4248.930707931519,140.93142580986023
7549,0.035553570836782455,,4249.4877576828,140.94638752937317
7550,0.03514972701668739,,4250.0440974235535,140.961345911026
7551,0.03539112210273743,,4250.600803613663,140.97630405426025
7552,0.03525782749056816,,4251.157119274139,140.9912497997284
7553,0.0354478657245636,,4251.713549613953,141.0062174797058
7554,0.03541135787963867,,4252.269886016846,141.0212025642395
7555,0.03589949011802673,,4252.826443195343,141.03614592552185
7556,0.03684436157345772,,4253.382905721664,141.0511121749878
7557,0.03652672842144966,,4253.9394607543945,141.0660858154297
7558,0.035863835364580154,,4254.495840787888,141.08103942871094
7559,0.035756293684244156,,4255.052549600601,141.09598541259766
7560,0.036549534648656845,,4255.60893535614,141.11093473434448
7561,0.03621837496757507,,4256.165741920471,141.12589311599731
7562,0.03678954020142555,,4256.722016572952,141.14084601402283
7563,0.03571021184325218,,4257.278659582138,141.15580821037292
7564,0.0355960913002491,,4257.835109233856,141.17077016830444
7565,0.03502846881747246,,4258.392030239105,141.18573236465454
7566,0.03498978540301323,,4258.948515176773,141.20068073272705
7567,0.034919146448373795,,4259.505045175552,141.21564078330994
7568,0.035101450979709625,,4260.061259269714,141.2306067943573
7569,0.034935493022203445,,4260.618281126022,141.24557304382324
7570,0.03541991859674454,,4261.1746463775635,141.26054668426514
7571,0.03584817796945572,,4261.73158621788,141.27552556991577
7572,0.03636413812637329,,4262.287916183472,141.2904839515686
7573,0.03552047535777092,,4262.844715595245,141.3054642677307
7574,0.03596210479736328,,4263.40101313591,141.32043743133545
7575,0.03532786667346954,,4263.957867383957,141.33538460731506
7576,0.03520941734313965,,4264.514528036118,141.35033106803894
7577,0.03571484237909317,,4265.071110963821,141.3652777671814
7578,0.03611668199300766,,4265.628006696701,141.3802511692047
7579,0.03609359264373779,,4266.184765100479,141.39520835876465
7580,0.036339811980724335,,4266.740911960602,141.4101758003235
7581,0.03675704076886177,,4267.297722816467,141.42514204978943
7582,0.03592321649193764,,4267.855189085007,141.44011163711548
7583,0.03611006215214729,,4268.412216186523,141.45507431030273
7584,0.03658165782690048,,4268.968651771545,141.47002339363098
7585,0.03757750988006592,,4269.525440216064,141.48499083518982
7586,0.036582041531801224,,4270.081864833832,141.49994158744812
7587,0.03724110871553421,,4270.638612270355,141.5148847103119
7588,0.03686689957976341,,4271.195157766342,141.52984833717346
7589,0.03748291730880737,,4271.751726865768,141.54482102394104
7590,0.03638634830713272,,4272.308727502823,141.55977320671082
7591,0.03506684675812721,,4272.865698099136,141.57471919059753
7592,0.03575356304645538,,4273.748323440552,141.58970022201538
7593,0.03588654473423958,,4274.305761814117,141.60466265678406
7594,0.03588885813951492,,4274.862231731415,141.61960124969482
7595,0.03571902588009834,,4275.418960809708,141.63455605506897
7596,0.03554316982626915,,4275.975377082825,141.64952850341797
7597,0.035964105278253555,,4276.532650947571,141.66449117660522
7598,0.03627131134271622,,4277.088948249817,141.67945075035095
7599,0.03573573753237724,,4277.645731687546,141.69440078735352
7600,0.035346437245607376,,4278.201993465424,141.70935678482056
7601,0.03579370677471161,,4278.758870840073,141.7243251800537
7602,0.03611302375793457,,4279.315145969391,141.7392773628235
7603,0.03598947823047638,,4279.872083425522,141.75425457954407
7604,0.036759015172719955,,4280.428322792053,141.76920223236084
7605,0.036989014595746994,,4280.985044956207,141.78415393829346
7606,0.0357317216694355,,4281.541418552399,141.79912400245667
7607,0.03551158308982849,,4282.098140239716,141.81409311294556
7608,0.03495701774954796,,4282.654478311539,141.82904648780823
7609,0.03493094444274902,,4283.211274623871,141.8440170288086
7610,0.03551989421248436,,4283.767530441284,141.85900020599365
7611,0.035346198827028275,,4284.324729919434,141.87395405769348
7612,0.035432808101177216,,4284.880824804306,141.88889479637146
7613,0.03566073253750801,,4285.437639474869,141.90384531021118
7614,0.036559492349624634,,4285.993923187256,141.91880249977112
7615,0.03671330586075783,,4286.550487518311,141.93375205993652
7616,0.03548767790198326,,4287.106840133667,141.94868779182434
7617,0.03551941365003586,,4287.663658618927,141.9636561870575
7618,0.036044590175151825,,4288.219975471497,141.97860598564148
7619,0.035454291850328445,,4288.776366710663,141.9935691356659
7620,0.0353861004114151,,4289.332883358002,142.00852465629578
7621,0.035311177372932434,,4289.889563798904,142.02346968650818
7622,0.035487521439790726,,4290.445735454559,142.03841972351074
7623,0.03542476147413254,,4291.0026342868805,142.05336999893188
7624,0.03498375788331032,,4291.559056043625,142.06833696365356
7625,0.0368199497461319,,4292.1163012981415,142.08328437805176
7626,0.035584457218647,,4292.6727566719055,142.09826493263245
7627,0.03732260316610336,,4293.229421615601,142.11322593688965
7628,0.037227340042591095,,4293.785392284393,142.12818574905396
7629,0.037452105432748795,,4294.342849493027,142.14315247535706
7630,0.0360477976500988,,4294.899291276932,142.15811896324158
7631,0.036957331001758575,,4295.456192731857,142.17306756973267
7632,0.036112960427999496,,4296.013140439987,142.18801736831665
7633,0.03630543127655983,,4296.56973528862,142.202983379364
7634,0.03746941685676575,,4297.126151561737,142.21796035766602
7635,0.037458114326000214,,4297.682906389236,142.23291683197021
7636,0.036955881863832474,,4298.239281654358,142.24788999557495
7637,0.03629766032099724,,4298.795684814453,142.26285219192505
7638,0.036252837628126144,,4299.351902723312,142.27781510353088
7639,0.03529953211545944,,4299.90847992897,142.2927746772766
7640,0.03640300780534744,,4300.4648015499115,142.30774068832397
7641,0.03567936271429062,,4301.022002458572,142.32270693778992
7642,0.03566262871026993,,4301.578377723694,142.33765292167664
7643,0.03540287911891937,,4302.135280847549,142.35260605812073
7644,0.035492781549692154,,4303.0178236961365,142.36756348609924
7645,0.03573719784617424,,4303.574825048447,142.3825330734253
7646,0.03537711501121521,,4304.131264925003,142.3974859714508
7647,0.03567129746079445,,4304.687902927399,142.4124414920807
7648,0.03542528674006462,,4305.244162082672,142.42738723754883
7649,0.03502928465604782,,4305.801079750061,142.44234156608582
7650,0.0354873389005661,,4306.357219696045,142.45729160308838
7651,0.03521827980875969,,4306.913954496384,142.47225332260132
7652,0.03550001606345177,,4307.470219373703,142.48722124099731
7653,0.03592310845851898,,4308.027860403061,142.50218105316162
7654,0.03721735253930092,,4308.5849533081055,142.51714324951172
7655,0.03690609708428383,,4309.141992330551,142.5321011543274
7656,0.0357004851102829,,4309.698399543762,142.5470485687256
7657,0.036025334149599075,,4310.255969047546,142.5620288848877
7658,0.03743993490934372,,4310.812522649765,142.57699275016785
7659,0.038096800446510315,,4311.369330406189,142.59195470809937
7660,0.03712272644042969,,4311.9258008003235,142.60689902305603
7661,0.03650639206171036,,4312.48237323761,142.6218605041504
7662,0.035913750529289246,,4313.038783073425,142.6368215084076
7663,0.03615716099739075,,4313.595530986786,142.65176916122437
7664,0.03678048774600029,,4314.151729822159,142.66672229766846
7665,0.03806640952825546,,4314.708368062973,142.68168568611145
7666,0.03745337948203087,,4315.264739751816,142.6966631412506
7667,0.03770327940583229,,4315.821682214737,142.71162629127502
7668,0.03736794739961624,,4316.378242492676,142.7265748977661
7669,0.03691666200757027,,4316.934752702713,142.74154901504517
7670,0.03766760975122452,,4317.490990400314,142.75650358200073
7671,0.03659878298640251,,4318.047894716263,142.77144813537598
7672,0.036362580955028534,,4318.604057312012,142.78640484809875
7673,0.03679231181740761,,4319.160966396332,142.80136060714722
7674,0.03699731081724167,,4319.719199180603,142.81631731987
7675,0.03641142323613167,,4320.275630950928,142.83126425743103
7676,0.035370681434869766,,4320.831450462341,142.84622168540955
7677,0.03531971573829651,,4321.388108491898,142.86119651794434
7678,0.03571047633886337,,4321.944524049759,142.87614679336548
7679,0.03532810136675835,,4322.501152515411,142.89109420776367
7680,0.035382624715566635,,4323.057383060455,142.90604829788208
7681,0.03547622635960579,,4323.614102602005,142.9220974445343
7682,0.035290151834487915,,4324.175622224808,142.93707990646362
7683,0.035973332822322845,,4324.734621524811,142.9520480632782
7684,0.03581632673740387,,4325.292870759964,142.9670169353485
7685,0.035770874470472336,,4325.849628448486,142.9819779396057
7686,0.035757698118686676,,4326.405764579773,142.99694347381592
7687,0.03600171580910683,,4326.96230173111,143.01192617416382
7688,0.03596040979027748,,4327.518595218658,143.02687644958496
7689,0.03574468195438385,,4328.075730085373,143.04183888435364
7690,0.035756103694438934,,4328.632035732269,143.05680179595947
7691,0.036083921790122986,,4329.189240694046,143.07176327705383
7692,0.03657376766204834,,4329.745255231857,143.08673095703125
7693,0.035951871424913406,,4330.302179098129,143.10167908668518
7694,0.0355084054172039,,4330.858484506607,143.1166422367096
7695,0.03587564826011658,,4331.415465593338,143.13161158561707
7696,0.03664697706699371,,4332.297828435898,143.14658212661743
7697,0.037178780883550644,,4332.854471921921,143.16155815124512
7698,0.03741854056715965,,4333.410394668579,143.17652320861816
7699,0.03624332323670387,,4333.966974496841,143.19148230552673
7700,0.036091726273298264,,4334.52344417572,143.20645761489868
7701,0.03641660138964653,,4335.080108642578,143.22141671180725
7702,0.03586689755320549,,4335.636171579361,143.23636889457703
7703,0.03584641218185425,,4336.19269990921,143.25133728981018
7704,0.03524377942085266,,4336.749176025391,143.2662889957428
7705,0.036340273916721344,,4337.306406497955,143.28125667572021
7706,0.03592237830162048,,4337.862709760666,143.29621386528015
7707,0.03632228448987007,,4338.419578552246,143.31116843223572
7708,0.03634059429168701,,4338.975848674774,143.32617115974426
7709,0.03530057519674301,,4339.5324721336365,143.34112977981567
7710,0.03666980192065239,,4340.0886878967285,143.35610461235046
7711,0.03572595492005348,,4340.645463228226,143.3710582256317
7712,0.03614680841565132,,4341.201899051666,143.38600897789001
7713,0.03619464486837387,,4341.758780479431,143.4009780883789
7714,0.034558992832899094,,4342.3147168159485,143.41592073440552
7715,0.03537920489907265,,4342.871413707733,143.43088603019714
7716,0.0346362441778183,,4343.428358793259,143.4458360671997
7717,0.03502628579735756,,4343.984773397446,143.4608018398285
7718,0.0353977344930172,,4344.541124582291,143.47576212882996
7719,0.035604096949100494,,4345.0976893901825,143.49072122573853
7720,0.03558935597538948,,4345.654497861862,143.5057065486908
7721,0.03588389605283737,,4346.211315393448,143.52067589759827
7722,0.035517916083335876,,4346.767835378647,143.5356433391571
7723,0.03536784648895264,,4347.324504375458,143.55060410499573
7724,0.03570587933063507,,4347.880984306335,143.565575838089
7725,0.03524306043982506,,4348.437682628632,143.5805697441101
7726,0.03581567481160164,,4348.993919610977,143.59551334381104
7727,0.035886406898498535,,4349.55069899559,143.61047768592834
7728,0.03585236147046089,,4350.106820821762,143.6254436969757
7729,0.03542981669306755,,4350.663369655609,143.64039039611816
7730,0.0352863147854805,,4351.219388961792,143.6553294658661
7731,0.03539135307073593,,4351.775964021683,143.67026591300964
7732,0.03561248257756233,,4352.332669496536,143.68523502349854
7733,0.035863135010004044,,4352.889404296875,143.70018935203552
7734,0.03558751568198204,,4353.445343971252,143.7151539325714
7735,0.03676828742027283,,4354.001982212067,143.73010349273682
7736,0.03541659563779831,,4354.557977676392,143.74507331848145
7737,0.03528221324086189,,4355.115193605423,143.7600555419922
7738,0.03660781681537628,,4355.671456336975,143.77500796318054
7739,0.036061227321624756,,4356.227718830109,143.7899739742279
7740,0.03640608862042427,,4356.783885717392,143.80493116378784
7741,0.03708384931087494,,4357.340245723724,143.81987619400024
7742,0.03574547916650772,,4357.896171808243,143.8348307609558
7743,0.03569576516747475,,4358.452789306641,143.84978103637695
7744,0.03501318395137787,,4359.009043216705,143.86474442481995
7745,0.03547925502061844,,4359.5656542778015,143.87968587875366
7746,0.03570812568068504,,4360.121853590012,143.8946554660797
7747,0.03533264249563217,,4360.67822933197,143.90961813926697
7748,0.035197313874959946,,4361.560913801193,143.9245846271515
7749,0.03542228043079376,,4362.117653369904,143.93953323364258
7750,0.035412419587373734,,4362.674182653427,143.95448803901672
7751,0.03465810418128967,,4363.230678319931,143.96945190429688
7752,0.034764569252729416,,4363.787194252014,143.98440861701965
7753,0.035418298095464706,,4364.343601942062,143.9993166923523
7754,0.03655320033431053,,4364.899673461914,144.0142719745636
7755,0.03700964152812958,,4365.456263303757,144.0292148590088
7756,0.03615923225879669,,4366.013053894043,144.0441701412201
7757,0.036538831889629364,,4366.569727897644,144.05912709236145
7758,0.03716049715876579,,4367.1263246536255,144.0740785598755
7759,0.03624856844544411,,4367.682966470718,144.08904504776
7760,0.035456333309412,,4368.2392473220825,144.1040117740631
7761,0.03424504026770592,,4368.796036481857,144.11894845962524
7762,0.034722499549388885,,4369.352295398712,144.13393306732178
7763,0.03453879430890083,,4369.908812999725,144.14887738227844
7764,0.03438926860690117,,4370.465193271637,144.16382932662964
7765,0.03446828946471214,,4371.021878480911,144.17880606651306
7766,0.03433241695165634,,4371.578181028366,144.1937654018402
7767,0.03465525433421135,,4372.135291337967,144.208731174469
7768,0.035179853439331055,,4372.691666841507,144.22367644309998
7769,0.035362742841243744,,4373.248426914215,144.23862981796265
7770,0.03532210364937782,,4373.804731607437,144.25358319282532
7771,0.03556506335735321,,4374.361423969269,144.2685341835022
7772,0.037175990641117096,,4374.918190002441,144.2834849357605
7773,0.03595924377441406,,4375.474810123444,144.29843664169312
7774,0.03620889037847519,,4376.031039953232,144.31339025497437
7775,0.036431487649679184,,4376.587842941284,144.32833790779114
7776,0.03478986769914627,,4377.1431403160095,144.3432755470276
7777,0.0349557027220726,,4377.699852228165,144.35825777053833
7778,0.03607570007443428,,4378.255887031555,144.37320637702942
7779,0.03500709682703018,,4378.8129715919495,144.3881640434265
7780,0.03590603545308113,,4379.368847131729,144.40311932563782
7781,0.03533860296010971,,4379.925696611404,144.41807532310486
7782,0.035264160484075546,,4380.48197054863,144.43305110931396
7783,0.034708354622125626,,4381.038582801819,144.44799304008484
7784,0.035262010991573334,,4381.595077753067,144.46295547485352
7785,0.035660311579704285,,4382.1518087387085,144.47791957855225
7786,0.03508150950074196,,4382.708003520966,144.4928755760193
7787,0.03571667894721031,,4383.264902830124,144.50782942771912
7788,0.036001913249492645,,4383.821211099625,144.52277731895447
7789,0.03480204567313194,,4384.377908229828,144.53774571418762
7790,0.034514475613832474,,4384.933968544006,144.55270409584045
7791,0.035579074174165726,,4385.490571737289,144.56765913963318
7792,0.03591025993227959,,4386.046818971634,144.58261132240295
7793,0.03590817376971245,,4386.603231191635,144.59756660461426
7794,0.035065989941358566,,4387.159440040588,144.61251616477966
7795,0.03606042638421059,,4387.716027021408,144.6274631023407
7796,0.03588289022445679,,4388.271960258484,144.64240837097168
7797,0.0355399027466774,,4388.8284521102905,144.65736389160156
7798,0.03485025465488434,,4389.384593248367,144.6722960472107
7799,0.03490551561117172,,4389.941123008728,144.687255859375
7800,0.034804567694664,,4390.824529886246,144.7022168636322
7801,0.034947946667671204,,4391.3811774253845,144.71717143058777
7802,0.034433573484420776,,4391.937364578247,144.73214030265808
7803,0.03428103029727936,,4392.494188308716,144.74708938598633
7804,0.03420243039727211,,4393.051429271698,144.7620394229889
7805,0.03457076847553253,,4393.60816526413,144.77698040008545
7806,0.03460051864385605,,4394.164193868637,144.79192686080933
7807,0.03470880538225174,,4394.720819711685,144.80687999725342
7808,0.03479029983282089,,4395.276984930038,144.82182216644287
7809,0.034803833812475204,,4395.833587884903,144.83678126335144
7810,0.03454848751425743,,4396.389874458313,144.85176706314087
7811,0.034871865063905716,,4396.94669175148,144.86671566963196
7812,0.03605937585234642,,4397.502611160278,144.88166689872742
7813,0.036392226815223694,,4398.059205055237,144.89661836624146
7814,0.03457176685333252,,4398.615346908569,144.91157126426697
7815,0.034397274255752563,,4399.17183637619,144.92653369903564
7816,0.034179192036390305,,4399.728142261505,144.9414780139923
7817,0.03496401384472847,,4400.2847146987915,144.95644068717957
7818,0.03565407916903496,,4400.8406574726105,144.97139072418213
7819,0.03618268296122551,,4401.397185087204,144.98633122444153
7820,0.03650704398751259,,4401.953487157822,145.00127696990967
7821,0.035602472722530365,,4402.51035118103,145.0162103176117
7822,0.03624935820698738,,4403.066440105438,145.03116130828857
7823,0.03569500148296356,,4403.623073816299,145.0461118221283
7824,0.03505075350403786,,4404.179112434387,145.06104588508606
7825,0.03488583862781525,,4404.735409498215,145.0759937763214
7826,0.03547081723809242,,4405.291899204254,145.0909502506256
7827,0.03635627031326294,,4405.848544359207,145.1059172153473
7828,0.036051951348781586,,4406.4044897556305,145.12085795402527
7829,0.03586699813604355,,4406.961015224457,145.13580775260925
7830,0.035331740975379944,,4407.517047405243,145.15075588226318
7831,0.03548116236925125,,4408.073746204376,145.1657042503357
7832,0.036300815641880035,,4408.630131244659,145.18064379692078
7833,0.03641476854681969,,4409.187403678894,145.19558930397034
7834,0.03597747161984444,,4409.743319749832,145.21055340766907
7835,0.03678790479898453,,4410.299849033356,145.2254979610443
7836,0.037434566766023636,,4410.856107950211,145.240464925766
7837,0.03657284379005432,,4411.412564277649,145.2554223537445
7838,0.03649140149354935,,4411.968816757202,145.27038550376892
7839,0.03572993725538254,,4412.525190591812,145.28533673286438
7840,0.035632774233818054,,4413.081361532211,145.30028319358826
7841,0.035219401121139526,,4413.637953996658,145.3152244091034
7842,0.03447047621011734,,4414.194379091263,145.33017086982727
7843,0.034770723432302475,,4414.751307010651,145.34510946273804
7844,0.03550884872674942,,4415.307300329208,145.36005640029907
7845,0.0354204922914505,,4415.864125490189,145.37503600120544
7846,0.035257890820503235,,4416.420461654663,145.38999032974243
7847,0.03574318438768387,,4416.977072715759,145.4049482345581
7848,0.03504107892513275,,4417.533849477768,145.41990160942078
7849,0.035110507160425186,,4418.090503454208,145.43483805656433
7850,0.034948304295539856,,4418.646965265274,145.44979310035706
7851,0.03586427867412567,,4419.203781604767,145.4647650718689
7852,0.03616819158196449,,4420.087010145187,145.47971081733704
7853,0.03534838929772377,,4420.643581151962,145.4946575164795
7854,0.0359756201505661,,4421.199747085571,145.50961446762085
7855,0.03592507168650627,,4421.756476163864,145.52456498146057
7856,0.035454340279102325,,4422.31263256073,145.53950881958008
7857,0.03564786911010742,,4422.8693170547485,145.5544536113739
7858,0.036513566970825195,,4423.425681114197,145.56942105293274
7859,0.03569219633936882,,4423.982309579849,145.58436131477356
7860,0.0362078957259655,,4424.538280725479,145.5993037223816
7861,0.03615833818912506,,4425.09500336647,145.61426448822021
7862,0.0362212248146534,,4425.651508808136,145.629234790802
7863,0.03663591295480728,,4426.208533525467,145.64418649673462
7864,0.03667985275387764,,4426.764554738998,145.65913772583008
7865,0.037197645753622055,,4427.320913314819,145.67409133911133
7866,0.03706434369087219,,4427.876999616623,145.6890504360199
7867,0.037305351346731186,,4428.433354377747,145.70400047302246
7868,0.037708960473537445,,4428.989523410797,145.71893763542175
7869,0.037170130759477615,,4429.546190023422,145.73389291763306
7870,0.036626532673835754,,4430.102183818817,145.74884223937988
7871,0.03709132596850395,,4430.6587500572205,145.76378512382507
7872,0.03743291646242142,,4431.215044498444,145.7787413597107
7873,0.038163892924785614,,4431.771724224091,145.79368710517883
7874,0.03752844035625458,,4432.3278250694275,145.80863499641418
7875,0.03627345338463783,,4432.8842985630035,145.82357668876648
7876,0.036686092615127563,,4433.440719604492,145.83852458000183
7877,0.03669281303882599,,4433.997224569321,145.85348081588745
7878,0.03634204342961311,,4434.553248882294,145.8684425354004
7879,0.035655830055475235,,4435.110151290894,145.88340258598328
7880,0.03561438247561455,,4435.666718959808,145.89835739135742
7881,0.03654618561267853,,4436.223285198212,145.91331911087036
7882,0.03584621474146843,,4436.779733419418,145.92827725410461
7883,0.0355067104101181,,4437.3366158008575,145.94323182106018
7884,0.03520555794239044,,4437.893398761749,145.958176612854
7885,0.03509709984064102,,4438.450035095215,145.9731514453888
7886,0.03513401001691818,,4439.0061230659485,145.98809576034546
7887,0.035773687064647675,,4439.562713384628,146.00303077697754
7888,0.03552863746881485,,4440.11897611618,146.0179877281189
7889,0.03592810034751892,,4440.675570487976,146.03294157981873
7890,0.03528405725955963,,4441.231592655182,146.04788732528687
7891,0.03551146760582924,,4441.788217782974,146.06284165382385
7892,0.03537379950284958,,4442.3446300029755,146.07780289649963
7893,0.0352470837533474,,4442.90148973465,146.09274005889893
7894,0.03507543355226517,,4443.457879304886,146.10768127441406
7895,0.03612624481320381,,4444.014483690262,146.12264037132263
7896,0.035879701375961304,,4444.57060956955,146.13758492469788
7897,0.03571058437228203,,4445.127331018448,146.15253496170044
7898,0.03537967428565025,,4445.683615684509,146.1674883365631
7899,0.03545305132865906,,4446.240470170975,146.18244743347168
7900,0.03467533364892006,,4446.796966552734,146.1973900794983
7901,0.03520859777927399,,4447.353492021561,146.21233582496643
7902,0.03577451780438423,,4447.909717082977,146.22729420661926
7903,0.035334330052137375,,4448.466281652451,146.24223685264587
7904,0.03519369289278984,,4449.348578453064,146.25717663764954
7905,0.035386256873607635,,4449.905573606491,146.27213549613953
7906,0.03565147519111633,,4450.461322546005,146.287095785141
7907,0.03655211254954338,,4451.019144535065,146.3020462989807
7908,0.036224547773599625,,4451.575225830078,146.3170006275177
7909,0.03591400384902954,,4452.13254570961,146.33196139335632
7910,0.03564329072833061,,4452.688550233841,146.34691619873047
7911,0.0360577329993248,,4453.245065689087,146.36186242103577
7912,0.03599894791841507,,4453.801225185394,146.37682819366455
7913,0.035954300314188004,,4454.357887506485,146.3917899131775
7914,0.036094024777412415,,4454.913950443268,146.40675044059753
7915,0.035879071801900864,,4455.470811843872,146.42170357704163
7916,0.036300815641880035,,4456.026956319809,146.436665058136
7917,0.036250706762075424,,4456.583367824554,146.45161414146423
7918,0.03585226461291313,,4457.139471292496,146.4665870666504
7919,0.03592950105667114,,4457.69624209404,146.4815514087677
7920,0.03548525273799896,,4458.252369642258,146.4964883327484
7921,0.035174980759620667,,4458.809673070908,146.51142859458923
7922,0.03498156741261482,,4459.365796327591,146.52638125419617
7923,0.035838328301906586,,4459.922286272049,146.54133892059326
7924,0.03569917753338814,,4460.478454589844,146.55628538131714
7925,0.03575590252876282,,4461.035192251205,146.57123589515686
7926,0.036323584616184235,,4461.591920852661,146.58619475364685
7927,0.03642770275473595,,4462.148656129837,146.6011528968811
7928,0.03603791818022728,,4462.704826593399,146.6160912513733
7929,0.03577275201678276,,4463.261267185211,146.63103985786438
7930,0.03580590337514877,,4463.817514181137,146.64600372314453
7931,0.03489714115858078,,4464.374047040939,146.66093945503235
7932,0.03528382256627083,,4464.930238485336,146.67589735984802
7933,0.035322077572345734,,4465.486706018448,146.69085955619812
7934,0.03554645925760269,,4466.042905092239,146.70582246780396
7935,0.03563517704606056,,4466.599772453308,146.7207670211792
7936,0.03570470213890076,,4467.155757904053,146.73570704460144
7937,0.035749368369579315,,4467.7123346328735,146.75064849853516
7938,0.03586475923657417,,4468.268255710602,146.76559734344482
7939,0.035494230687618256,,4468.824816942215,146.78054904937744
7940,0.035770248621702194,,4469.3811774253845,146.79549074172974
7941,0.036089830100536346,,4469.937710523605,146.81043410301208
7942,0.03620832413434982,,4470.4938979148865,146.82538962364197
7943,0.03589135780930519,,4471.050898313522,146.84035062789917
7944,0.03572169318795204,,4471.607205867767,146.85530805587769
7945,0.03581519424915314,,4472.163719415665,146.87025833129883
7946,0.03563306853175163,,4472.719813585281,146.88520908355713
7947,0.03610064461827278,,4473.277151584625,146.90017247200012
7948,0.03519395366311073,,4473.833276748657,146.91512250900269
7949,0.03563563525676727,,4474.389545679092,146.93006682395935
7950,0.03559396043419838,,4474.9455189704895,146.9450170993805
7951,0.03577865660190582,,4475.502065181732,146.95998811721802
7952,0.036241598427295685,,4476.0581476688385,146.97493696212769
7953,0.03696740046143532,,4476.614825487137,146.98988032341003
7954,0.03644759953022003,,4477.170839548111,147.00484681129456
7955,0.03650378808379173,,4477.727594614029,147.01978874206543
7956,0.03613801300525665,,4478.609920024872,147.0347397327423
7957,0.036534037441015244,,4479.166554689407,147.04967308044434
7958,0.03615822270512581,,4479.723002433777,147.06462287902832
7959,0.036362193524837494,,4480.280000209808,147.07958459854126
7960,0.03584285452961922,,4480.836186647415,147.09453868865967
7961,0.03567717224359512,,4481.39265871048,147.10949206352234
7962,0.03557949885725975,,4481.948890924454,147.12444305419922
7963,0.03557548299431801,,4482.50606918335,147.13940811157227
7964,0.0358952134847641,,4483.062592744827,147.15436959266663
7965,0.03573266416788101,,4483.619183063507,147.16932082176208
7966,0.0360933393239975,,4484.175493001938,147.18428134918213
7967,0.03656192123889923,,4484.732436180115,147.19924092292786
7968,0.03672952577471733,,4485.289162635803,147.21419954299927
7969,0.03662478178739548,,4485.845678329468,147.22913432121277
7970,0.03696516528725624,,4486.401707172394,147.2440745830536
7971,0.03624527156352997,,4486.958306789398,147.25901579856873
7972,0.03601113334298134,,4487.514316558838,147.27396941184998
7973,0.036098379641771317,,4488.071062326431,147.28891563415527
7974,0.036601174622774124,,4488.627335071564,147.30385851860046
7975,0.03664581850171089,,4489.1852514743805,147.31887793540955
7976,0.03716414421796799,,4489.741274595261,147.33382630348206
7977,0.0370667539536953,,4490.297899007797,147.34877514839172
7978,0.03641742467880249,,4490.853982210159,147.36371064186096
7979,0.03680294007062912,,4491.411132335663,147.378671169281
7980,0.03768232837319374,,4491.967290639877,147.39360547065735
7981,0.038041576743125916,,4492.5238127708435,147.4085557460785
7982,0.037353284657001495,,4493.079905509949,147.42351269721985
7983,0.03743616119027138,,4493.636237382889,147.43845510482788
7984,0.03709983453154564,,4494.192456960678,147.45339250564575
7985,0.03774341940879822,,4494.749023914337,147.46833896636963
7986,0.036978594958782196,,4495.305264472961,147.4832785129547
7987,0.036816369742155075,,4495.861876964569,147.49822092056274
7988,0.03562464937567711,,4496.41801571846,147.51318049430847
7989,0.03572686389088631,,4496.975206851959,147.528137922287
7990,0.03573312982916832,,4497.531368255615,147.5430781841278
7991,0.03604629263281822,,4498.087910652161,147.55804443359375
7992,0.03692679852247238,,4498.644050121307,147.57299709320068
7993,0.036903608590364456,,4499.200609922409,147.58792972564697
7994,0.03694421425461769,,4499.756730794907,147.60287594795227
7995,0.03725387901067734,,4500.313360452652,147.61785364151
7996,0.036428119987249374,,4500.869611978531,147.63280510902405
7997,0.036989837884902954,,4501.426380634308,147.6477460861206
7998,0.037091683596372604,,4501.982558965683,147.66268634796143
7999,0.03638831898570061,,4502.539530754089,147.67764520645142
8000,0.03576453775167465,-0.0013784898910671473,4503.095480918884,149.43603134155273
8001,0.035712745040655136,,4503.651961565018,149.45096850395203
8002,0.03637906163930893,,4504.208312988281,149.46592092514038
8003,0.036389898508787155,,4504.765769004822,149.4808747768402
8004,0.03605513647198677,,4505.321791410446,149.4958462715149
8005,0.03666055575013161,,4505.8784511089325,149.51079177856445
8006,0.03629928454756737,,4506.434695959091,149.52574110031128
8007,0.03640174865722656,,4506.99184513092,149.5407121181488
8008,0.036589086055755615,,4507.87455368042,149.55567955970764
8009,0.0360536202788353,,4508.430787801743,149.57061672210693
8010,0.03638482838869095,,4508.987340450287,149.58558130264282
8011,0.036032356321811676,,4509.54380440712,149.6005265712738
8012,0.03615002706646919,,4510.099789381027,149.61547541618347
8013,0.0365222729742527,,4510.656222581863,149.6304316520691
8014,0.036377906799316406,,4511.212296485901,149.64537835121155
8015,0.036219920963048935,,4511.769026041031,149.6603467464447
8016,0.037226974964141846,,4512.325280189514,149.67528223991394
8017,0.03661792352795601,,4512.882085084915,149.6902265548706
8018,0.03661882504820824,,4513.438426733017,149.70518040657043
8019,0.03592250123620033,,4513.995091676712,149.7201385498047
8020,0.03564073517918587,,4514.5511775016785,149.7350833415985
8021,0.035273510962724686,,4515.107724428177,149.75002336502075
8022,0.03543569892644882,,4515.663989543915,149.76499581336975
8023,0.03539474308490753,,4516.220843791962,149.7799322605133
8024,0.035568706691265106,,4516.777181625366,149.7948727607727
8025,0.03543886914849281,,4517.333761692047,149.80983138084412
8026,0.034928664565086365,,4517.889970541,149.82478260993958
8027,0.03568122535943985,,4518.446533203125,149.8397352695465
8028,0.03516240045428276,,4519.002638101578,149.85470724105835
8029,0.03511853888630867,,4519.559492111206,149.86967062950134
8030,0.035238154232501984,,4520.115676403046,149.88462567329407
8031,0.03586980327963829,,4520.672831296921,149.89957332611084
8032,0.03633909299969673,,4521.229400873184,149.9147891998291
8033,0.035833198577165604,,4521.786840438843,149.92972350120544
8034,0.03603173792362213,,4522.343115091324,149.944659948349
8035,0.035528697073459625,,4522.899767398834,149.95962023735046
8036,0.035455767065286636,,4523.456005096436,149.97458386421204
8037,0.036051083356142044,,4524.012514829636,149.98953938484192
8038,0.036063678562641144,,4524.56872010231,150.0044882297516
8039,0.0360734723508358,,4525.125209093094,150.0194628238678
8040,0.03579343855381012,,4525.68176317215,150.0344054698944
8041,0.035392679274082184,,4526.238377094269,150.04935336112976
8042,0.03566548228263855,,4526.794604063034,150.06432938575745
8043,0.03566194698214531,,4527.3510048389435,150.07927894592285
8044,0.035100460052490234,,4527.9069237709045,150.09422063827515
8045,0.035434260964393616,,4528.4636425971985,150.10916900634766
8046,0.035534992814064026,,4529.020150899887,150.12411451339722
8047,0.03513796254992485,,4529.576671600342,150.13905501365662
8048,0.03559168800711632,,4530.132781028748,150.15399074554443
8049,0.035686589777469635,,4530.689443588257,150.16895246505737
8050,0.03527969494462013,,4531.2454924583435,150.18389630317688
8051,0.03526408597826958,,4531.802549362183,150.19884991645813
8052,0.03522435575723648,,4532.359228610992,150.21380043029785
8053,0.03514957055449486,,4532.915511369705,150.22875380516052
8054,0.035441361367702484,,4533.471798181534,150.24370455741882
8055,0.0353456474840641,,4534.028315782547,150.25865817070007
8056,0.03591155633330345,,4534.584199428558,150.27360367774963
8057,0.03541884943842888,,4535.140825510025,150.28855681419373
8058,0.035582490265369415,,4535.696817874908,150.30351614952087
8059,0.03556390106678009,,4536.253350019455,150.31847858428955
8060,0.035432446748018265,,4537.135860919952,150.33343291282654
8061,0.035091955214738846,,4537.692373752594,150.34838223457336
8062,0.035128284245729446,,4538.2484998703,150.3633303642273
8063,0.034543976187705994,,4538.804954767227,150.37830066680908
8064,0.03446091711521149,,4539.361222743988,150.39326405525208
8065,0.03471006825566292,,4539.918046474457,150.40821385383606
8066,0.03500372916460037,,4540.474135160446,150.42315340042114
8067,0.035161230713129044,,4541.030792713165,150.43810439109802
8068,0.035107310861349106,,4541.586886644363,150.45305705070496
8069,0.035331692546606064,,4542.143419981003,150.46800184249878
8070,0.03505079820752144,,4542.699485778809,150.4829547405243
8071,0.03518819063901901,,4543.256201267242,150.49790143966675
8072,0.0352584533393383,,4543.812227964401,150.5128562450409
8073,0.035275839269161224,,4544.3691120147705,150.52779603004456
8074,0.03548148646950722,,4544.925302743912,150.5427393913269
8075,0.035481709986925125,,4545.4817271232605,150.55768036842346
8076,0.03524698689579964,,4546.037850141525,150.57263231277466
8077,0.034923307597637177,,4546.594374656677,150.58759832382202
8078,0.03462574630975723,,4547.1504464149475,150.60254311561584
8079,0.03451480343937874,,4547.707072257996,150.61749124526978
8080,0.03426143154501915,,4548.26336479187,150.63244485855103
8081,0.0338643416762352,,4548.82008600235,150.64738583564758
8082,0.03385716304183006,,4549.376604795456,150.66232299804688
8083,0.033893413841724396,,4549.933683395386,150.67726707458496
8084,0.03435336425900459,,4550.489755153656,150.69222116470337
8085,0.03391343727707863,,4551.046371459961,150.70716452598572
8086,0.03384983912110329,,4551.602596759796,150.72214937210083
8087,0.033807214349508286,,4552.159510374069,150.7371208667755
8088,0.03396271914243698,,4552.715633392334,150.75206065177917
8089,0.03379650041460991,,4553.272317409515,150.76700496673584
8090,0.03379141166806221,,4553.828367471695,150.78195357322693
8091,0.03392530605196953,,4554.384844779968,150.79690504074097
8092,0.0342726930975914,,4554.940933704376,150.8118588924408
8093,0.034335747361183167,,4555.497386932373,150.82680869102478
8094,0.034322723746299744,,4556.054128646851,150.8417546749115
8095,0.03449732065200806,,4556.610562324524,150.85670447349548
8096,0.03406514227390289,,4557.166789054871,150.87165021896362
8097,0.03423402085900307,,4557.723363876343,150.8866183757782
8098,0.03386330604553223,,4558.280072450638,150.9015655517578
8099,0.03389567881822586,,4558.837207555771,150.91650819778442
8100,0.03408390283584595,,4559.393431663513,150.93146419525146
8101,0.03411393612623215,,4559.9497928619385,150.94640564918518
8102,0.03422518074512482,,4560.505899429321,150.96179795265198
8103,0.034739501774311066,,4561.062888622284,150.97674775123596
8104,0.03505357727408409,,4561.619008779526,150.9917025566101
8105,0.035320501774549484,,4562.175308227539,151.00665426254272
8106,0.035024989396333694,,4562.731652021408,151.02159881591797
8107,0.033871814608573914,,4563.2881009578705,151.03654980659485
8108,0.03405814245343208,,4563.844131708145,151.05149936676025
8109,0.03444990888237953,,4564.401084423065,151.0664358139038
8110,0.03394395485520363,,4564.957324504852,151.0813865661621
8111,0.03370386362075806,,4565.5138902664185,151.09634399414062
8112,0.03415130823850632,,4566.396320819855,151.11131072044373
8113,0.03453826531767845,,4566.952852487564,151.1262755393982
8114,0.03509975224733353,,4567.508597135544,151.1412272453308
8115,0.035312920808792114,,4568.065361261368,151.15619492530823
8116,0.03566545620560646,,4568.621672153473,151.17112731933594
8117,0.03605405613780022,,4569.178287029266,151.18607354164124
8118,0.035349659621715546,,4569.73441028595,151.20103526115417
8119,0.03520653769373894,,4570.291207313538,151.2160038948059
8120,0.03486267104744911,,4570.847426891327,151.23095679283142
8121,0.03442796319723129,,4571.403853416443,151.24590063095093
8122,0.03439602255821228,,4571.960098743439,151.2608585357666
8123,0.03395003825426102,,4572.5166120529175,151.27581095695496
8124,0.03441258892416954,,4573.072558879852,151.29075694084167
8125,0.034315064549446106,,4573.629170417786,151.3057096004486
8126,0.034526895731687546,,4574.185641288757,151.3206491470337
8127,0.034310754388570786,,4574.742466211319,151.33559894561768
8128,0.03447479009628296,,4575.2985780239105,151.35054898262024
8129,0.03482520580291748,,4575.855064630508,151.36550545692444
8130,0.03439084440469742,,4576.411783218384,151.38045382499695
8131,0.034599706530570984,,4576.968503236771,151.395409822464
8132,0.034548088908195496,,4577.524578094482,151.4103603363037
8133,0.03434579819440842,,4578.081426143646,151.42530369758606
8134,0.034304179251194,,4578.638520717621,151.44026851654053
8135,0.035174909979104996,,4579.195533514023,151.45521593093872
8136,0.03531757369637489,,4579.752086877823,151.47016716003418
8137,0.034668710082769394,,4580.308492183685,151.48513293266296
8138,0.03450079634785652,,4580.864929199219,151.50008392333984
8139,0.03508366271853447,,4581.421465396881,151.51505136489868
8140,0.03481394425034523,,4581.97763633728,151.52999472618103
8141,0.03499538078904152,,4582.534085988998,151.54495906829834
8142,0.03550204262137413,,4583.0900049209595,151.55991172790527
8143,0.03536897897720337,,4583.646566152573,151.5748646259308
8144,0.03602107614278793,,4584.203107357025,151.5897958278656
8145,0.03583141788840294,,4584.760051727295,151.6047396659851
8146,0.036467958241701126,,4585.316389083862,151.61969637870789
8147,0.03597576171159744,,4585.873329401016,151.6346514225006
8148,0.036488503217697144,,4586.429398059845,151.64958786964417
8149,0.03606443852186203,,4586.986112833023,151.66456413269043
8150,0.03578755259513855,,4587.5423312187195,151.679532289505
8151,0.03573339059948921,,4588.098993778229,151.69447135925293
8152,0.03504469618201256,,4588.655056476593,151.70943403244019
8153,0.03474052622914314,,4589.211577177048,151.7243983745575
8154,0.034835051745176315,,4589.767374992371,151.739355802536
8155,0.0356266126036644,,4590.32382774353,151.75430011749268
8156,0.03501676023006439,,4590.880118846893,151.76926040649414
8157,0.03474060446023941,,4591.43699836731,151.78419637680054
8158,0.035281114280223846,,4591.993004083633,151.79915142059326
8159,0.03535789996385574,,4592.549553394318,151.81410956382751
8160,0.034977398812770844,,4593.1056916713715,151.82905459403992
8161,0.03558962419629097,,4593.662060260773,151.84401106834412
8162,0.03717927634716034,,4594.218127012253,151.85895943641663
8163,0.037067655473947525,,4594.7747712135315,151.87391924858093
8164,0.03702725097537041,,4595.657224655151,151.8888816833496
8165,0.035634979605674744,,4596.213741540909,151.9038164615631
8166,0.03542465344071388,,4596.770049095154,151.91876411437988
8167,0.03533611446619034,,4597.326439619064,151.9337296485901
8168,0.035201478749513626,,4597.882279396057,151.94868683815002
8169,0.03510372340679169,,4598.438885688782,151.9636197090149
8170,0.034472718834877014,,4598.995079755783,151.97856998443604
8171,0.0348421074450016,,4599.551647186279,151.99351620674133
8172,0.034499987959861755,,4600.107727050781,152.0084788799286
8173,0.034755267202854156,,4600.664548158646,152.02342629432678
8174,0.03533269837498665,,4601.2205448150635,152.03837203979492
8175,0.035549189895391464,,4601.776969194412,152.05332016944885
8176,0.03482465073466301,,4602.333096027374,152.06826210021973
8177,0.03539165109395981,,4602.889706373215,152.08321118354797
8178,0.03426573425531387,,4603.447069406509,152.09816002845764
8179,0.034485772252082825,,4604.004082202911,152.11312413215637
8180,0.03409315273165703,,4604.56023144722,152.1280872821808
8181,0.03449219465255737,,4605.1166472435,152.1430470943451
8182,0.03517652302980423,,4605.672851085663,152.15799283981323
8183,0.03470620512962341,,4606.229370832443,152.17294192314148
8184,0.0352180041372776,,4606.785585165024,152.18789148330688
8185,0.03517894446849823,,4607.342210531235,152.20282649993896
8186,0.035622403025627136,,4607.8981420993805,152.21776819229126
8187,0.03532973676919937,,4608.454590559006,152.23271822929382
8188,0.03524035960435867,,4609.010603427887,152.24765729904175
8189,0.03514894098043442,,4609.567454814911,152.2626211643219
8190,0.034938037395477295,,4610.123306751251,152.27756690979004
8191,0.035020653158426285,,4610.679646492004,152.29252195358276
8192,0.03504514694213867,,4611.235834598541,152.30748176574707
8193,0.03541544824838638,,4611.792178630829,152.3224151134491
8194,0.035349372774362564,,4612.348427295685,152.33735466003418
8195,0.035423412919044495,,4612.9050035476685,152.352290391922
8196,0.03543134778738022,,4613.460993766785,152.36725449562073
8197,0.03527532145380974,,4614.017529726028,152.38221907615662
8198,0.03587935492396355,,4614.573903799057,152.39716935157776
8199,0.03565089404582977,,4615.131030321121,152.4121377468109
8200,0.035261522978544235,,4615.687144756317,152.42708444595337
8201,0.03556015342473984,,4616.243624925613,152.44203686714172
8202,0.03633258491754532,,4616.799700021744,152.45697498321533
8203,0.03640951216220856,,4617.356213569641,152.47192525863647
8204,0.03696150705218315,,4617.912389755249,152.48687863349915
8205,0.036349233239889145,,4618.46895980835,152.5018138885498
8206,0.036178525537252426,,4619.025140285492,152.51676058769226
8207,0.035812996327877045,,4619.581488609314,152.5317153930664
8208,0.03635222837328911,,4620.137711048126,152.54665732383728
8209,0.03673126548528671,,4620.694269180298,152.56160402297974
8210,0.03646385297179222,,4621.251089811325,152.5765507221222
8211,0.03588493913412094,,4621.80749297142,152.5915024280548
8212,0.03561520203948021,,4622.363661766052,152.60644626617432
8213,0.03547555208206177,,4622.920160531998,152.62138319015503
8214,0.034449562430381775,,4623.476067781448,152.63636875152588
8215,0.034183815121650696,,4624.032965183258,152.65133690834045
8216,0.03387533873319626,,4624.914976358414,152.66628241539001
8217,0.033780988305807114,,4625.471522569656,152.68124151229858
8218,0.033720213919878006,,4626.027645111084,152.6962025165558
8219,0.03365005552768707,,4626.58430480957,152.7111451625824
8220,0.034067220985889435,,4627.140743970871,152.72608304023743
8221,0.03419223427772522,,4627.697020292282,152.74104619026184
8222,0.03397846221923828,,4628.252963781357,152.7559893131256
8223,0.033854130655527115,,4628.809522390366,152.77093482017517
8224,0.034345511347055435,,4629.366923332214,152.78588199615479
8225,0.03465628623962402,,4629.92390704155,152.80083584785461
8226,0.03480137512087822,,4630.480287313461,152.8158004283905
8227,0.034634076058864594,,4631.036805152893,152.830735206604
8228,0.03436901420354843,,4631.593013763428,152.84568858146667
8229,0.034263238310813904,,4632.14998626709,152.8606526851654
8230,0.034239161759614944,,4632.706180810928,152.87562155723572
8231,0.03400437906384468,,4633.262849569321,152.8905544281006
8232,0.034324079751968384,,4633.818997383118,152.90551090240479
8233,0.03473861515522003,,4634.375760793686,152.9204499721527
8234,0.034613486379384995,,4634.932105064392,152.9353883266449
8235,0.03480982407927513,,4635.488612174988,152.95034384727478
8236,0.034852541983127594,,4636.044792890549,152.9653069972992
8237,0.03476148471236229,,4636.601441860199,152.98027515411377
8238,0.03407219424843788,,4637.157666444778,152.99521017074585
8239,0.03425769507884979,,4637.7141852378845,153.0101547241211
8240,0.03464733809232712,,4638.270627498627,153.02509784698486
8241,0.0339893214404583,,4638.8280148506165,153.04003500938416
8242,0.03390244022011757,,4639.384178638458,153.05500292778015
8243,0.033803507685661316,,4639.940665006638,153.0699532032013
8244,0.03451156243681908,,4640.496766805649,153.0849151611328
8245,0.035108208656311035,,4641.05318069458,153.09987783432007
8246,0.035165295004844666,,4641.609223842621,153.11482095718384
8247,0.03550521284341812,,4642.165971755981,153.12976694107056
8248,0.03474001586437225,,4642.721863985062,153.14471292495728
8249,0.034627996385097504,,4643.27845954895,153.15967392921448
8250,0.03493167459964752,,4643.834691286087,153.17463064193726
8251,0.03403838723897934,,4644.391213655472,153.18957591056824
8252,0.03437009081244469,,4644.947220563889,153.20454216003418
8253,0.034464482218027115,,4645.504056215286,153.21949291229248
8254,0.03532799705862999,,4646.060298442841,153.23443055152893
8255,0.03428703173995018,,4646.6168212890625,153.24937891960144
8256,0.03450022265315056,,4647.172926902771,153.2643232345581
8257,0.03415389358997345,,4647.729684591293,153.2792694568634
8258,0.03447815030813217,,4648.286092758179,153.2942066192627
8259,0.03489053249359131,,4648.841847896576,153.3091480731964
8260,0.034025344997644424,,4649.397908449173,153.32413005828857
8261,0.03400292992591858,,4649.954260110855,153.33907747268677
8262,0.03418918699026108,,4650.512308835983,153.3540337085724
8263,0.03397318720817566,,4651.0690977573395,153.36898183822632
8264,0.03433858975768089,,4651.6252608299255,153.38392996788025
8265,0.03477264940738678,,4652.1820232868195,153.39887404441833
8266,0.03529723361134529,,4652.7384123802185,153.413809299469
8267,0.03456977382302284,,4653.295341014862,153.42875862121582
8268,0.034548912197351456,,4654.177678823471,153.44370555877686
8269,0.034705981612205505,,4654.7341248989105,153.45864844322205
8270,0.034738264977931976,,4655.290410757065,153.4736044406891
8271,0.03451694920659065,,4655.847057342529,153.48856043815613
8272,0.03459092229604721,,4656.403228759766,153.5035161972046
8273,0.034644778817892075,,4656.959876775742,153.5184681415558
8274,0.03453861549496651,,4657.516042709351,153.53341007232666
8275,0.034660644829273224,,4658.072755098343,153.54834961891174
8276,0.03433313965797424,,4658.628895521164,153.56329655647278
8277,0.03422026336193085,,4659.185609817505,153.57825255393982
8278,0.034609220921993256,,4659.741692066193,153.59319949150085
8279,0.03448290005326271,,4660.298056840897,153.6081347465515
8280,0.034589942544698715,,4660.854221820831,153.62308740615845
8281,0.03400329872965813,,4661.410840034485,153.63804149627686
8282,0.03393809497356415,,4661.967003822327,153.65298414230347
8283,0.033708274364471436,,4662.523763179779,153.66793012619019
8284,0.03350473940372467,,4663.07986998558,153.68288040161133
8285,0.034058619290590286,,4663.636271953583,153.6978280544281
8286,0.03528224304318428,,4664.192636728287,153.7127707004547
8287,0.035712286829948425,,4664.74933218956,153.72772598266602
8288,0.036074183881282806,,4665.305258274078,153.74268007278442
8289,0.03523598611354828,,4665.861991882324,153.75761914253235
8290,0.03542983531951904,,4666.418174028397,153.77257633209229
8291,0.03534458205103874,,4666.974880218506,153.78755474090576
8292,0.03600138798356056,,4667.531022071838,153.80249571800232
8293,0.03648417070508003,,4668.087455511093,153.81745076179504
8294,0.03633673116564751,,4668.643548250198,153.83239340782166
8295,0.03585414960980415,,4669.199924945831,153.84734845161438
8296,0.03636946901679039,,4669.755882024765,153.8622887134552
8297,0.035516876727342606,,4670.312541007996,153.87723112106323
8298,0.03629732504487038,,4670.8687155246735,153.89217805862427
8299,0.03565378487110138,,4671.425403594971,153.90712475776672
8300,0.03470657393336296,,4671.981599330902,153.92205452919006
8301,0.034479472786188126,,4672.538151502609,153.93701148033142
8302,0.034535445272922516,,4673.094192504883,153.9519579410553
8303,0.03429210186004639,,4673.650772094727,153.96690893173218
8304,0.03437894955277443,,4674.207369327545,153.98185563087463
8305,0.0349075123667717,,4674.764125585556,153.9967966079712
8306,0.034818775951862335,,4675.320472717285,154.0117416381836
8307,0.03484061360359192,,4675.877263784409,154.02671599388123
8308,0.03421721234917641,,4676.433263540268,154.04165768623352
8309,0.03441919758915901,,4676.990008592606,154.05660367012024
8310,0.03452163189649582,,4677.546420574188,154.0715560913086
8311,0.03456242382526398,,4678.102827787399,154.08649969100952
8312,0.034097567200660706,,4678.658789873123,154.1014518737793
8313,0.03459875285625458,,4679.215151548386,154.1164071559906
8314,0.0347769670188427,,4679.771293640137,154.13136053085327
8315,0.03524705767631531,,4680.3275809288025,154.1463189125061
8316,0.035701122134923935,,4680.8836805820465,154.16125917434692
8317,0.03500089794397354,,4681.4404101371765,154.1762101650238
8318,0.03517953306436539,,4681.996452331543,154.19114899635315
8319,0.03419916704297066,,4682.552985191345,154.20609283447266
8320,0.03423333540558815,,4683.435503721237,154.22104930877686
8321,0.034468766301870346,,4683.992170095444,154.23599815368652
8322,0.0344436950981617,,4684.548219680786,154.25096440315247
8323,0.034164924174547195,,4685.105220794678,154.2659251689911
8324,0.03475850075483322,,4685.661361217499,154.28087782859802
8325,0.03565724566578865,,4686.218518257141,154.29583358764648
8326,0.03594467043876648,,4686.774579524994,154.31077885627747
8327,0.036427874118089676,,4687.331284284592,154.32572674751282
8328,0.03610202297568321,,4687.887554168701,154.34066486358643
8329,0.03510584309697151,,4688.44430565834,154.3556158542633
8330,0.03453725576400757,,4689.000233411789,154.37055826187134
8331,0.034192342311143875,,4689.556743383408,154.38550424575806
8332,0.03435705602169037,,4690.11265206337,154.4004421234131
8333,0.03447275608778,,4690.66934132576,154.41539549827576
8334,0.03448477387428284,,4691.22540974617,154.43034553527832
8335,0.03432869538664818,,4691.78184056282,154.4453001022339
8336,0.03426702320575714,,4692.337720870972,154.46024656295776
8337,0.03429189696907997,,4692.8948221206665,154.47520089149475
8338,0.03391803056001663,,4693.45108962059,154.49015998840332
8339,0.03466120734810829,,4694.007540225983,154.50510549545288
8340,0.03460647538304329,,4694.5636105537415,154.52004837989807
8341,0.03486163914203644,,4695.1204426288605,154.53502869606018
8342,0.03511380776762962,,4695.676349401474,154.54996752738953
8343,0.034962449222803116,,4696.232844114304,154.56492805480957
8344,0.0349268764257431,,4696.788770437241,154.57989239692688
8345,0.03522598743438721,,4697.345379590988,154.5948452949524
8346,0.03553861752152443,,4697.902014493942,154.60978889465332
8347,0.03584212437272072,,4698.458589076996,154.62474012374878
8348,0.035456523299217224,,4699.014745950699,154.63970613479614
8349,0.03545806556940079,,4699.571318387985,154.6546711921692
8350,0.03500862419605255,,4700.1275153160095,154.6696195602417
8351,0.035204000771045685,,4700.684344768524,154.68456530570984
8352,0.035256676375865936,,4701.240880012512,154.69952368736267
8353,0.03509093448519707,,4701.797907114029,154.71447706222534
8354,0.03580401465296745,,4702.354038000107,154.7294156551361
8355,0.035987745970487595,,4702.910578966141,154.74436831474304
8356,0.036108873784542084,,4703.466530561447,154.75932359695435
8357,0.03523901104927063,,4704.023296356201,154.7742862701416
8358,0.035023078322410583,,4704.579686164856,154.7892360687256
8359,0.03486713394522667,,4705.136388301849,154.80418992042542
8360,0.03468148410320282,,4705.692654132843,154.8191602230072
8361,0.03553676977753639,,4706.249408245087,154.83410334587097
8362,0.03554559499025345,,4706.805576324463,154.84904718399048
8363,0.03515150770545006,,4707.361958503723,154.86399459838867
8364,0.03546677529811859,,4707.918055772781,154.8789508342743
8365,0.035237230360507965,,4708.474467515945,154.8939037322998
8366,0.0349460206925869,,4709.030518770218,154.90884399414062
8367,0.0347069650888443,,4709.587565898895,154.92379474639893
8368,0.03498119115829468,,4710.143675804138,154.93875432014465
8369,0.035004932433366776,,4710.700230360031,154.9537274837494
8370,0.03505225479602814,,4711.256584405899,154.9686725139618
8371,0.034864574670791626,,4711.813314199448,154.98362565040588
8372,0.03508931025862694,,4712.696089744568,154.9985704421997
8373,0.03465321287512779,,4713.252742528915,155.01352667808533
8374,0.03472961485385895,,4713.808797836304,155.02849316596985
8375,0.03463004156947136,,4714.365707874298,155.04345226287842
8376,0.03468642756342888,,4714.922104597092,155.05840921401978
8377,0.03469444438815117,,4715.478914022446,155.07335329055786
8378,0.03495737537741661,,4716.035105228424,155.08831906318665
8379,0.0350303053855896,,4716.591673374176,155.103257894516
8380,0.03483767434954643,,4717.147785186768,155.11821913719177
8381,0.03537663817405701,,4717.704604625702,155.13316869735718
8382,0.03527584299445152,,4718.260717391968,155.14811658859253
8383,0.03515387326478958,,4718.817440032959,155.16306853294373
8384,0.03552867844700813,,4719.374007940292,155.17801523208618
8385,0.03603644669055939,,4719.930515766144,155.19296979904175
8386,0.03581564873456955,,4720.486860513687,155.2079074382782
8387,0.03660815581679344,,4721.043480873108,155.22286224365234
8388,0.03560059145092964,,4721.60040807724,155.23783254623413
8389,0.035183023661375046,,4722.157274246216,155.25280213356018
8390,0.035365570336580276,,4722.713591098785,155.26775813102722
8391,0.03528815507888794,,4723.269919633865,155.2827229499817
8392,0.03530969098210335,,4723.826261520386,155.297687292099
8393,0.03554359823465347,,4724.382908821106,155.31263542175293
8394,0.03595231845974922,,4724.939376592636,155.3275852203369
8395,0.03595995157957077,,4725.495985746384,155.3425316810608
8396,0.03598327934741974,,4726.052309989929,155.3574779033661
8397,0.03566575050354004,,4726.60929608345,155.37244749069214
8398,0.03589470684528351,,4727.16539478302,155.38738656044006
8399,0.03589700907468796,,4727.722233533859,155.40234184265137
8400,0.03592425957322121,,4728.278519153595,155.41728854179382
8401,0.036658722907304764,,4728.835038661957,155.43224143981934
8402,0.03568315505981445,,4729.391416788101,155.44719862937927
8403,0.03580421954393387,,4729.947974443436,155.46214485168457
8404,0.03611401095986366,,4730.504785060883,155.4770941734314
8405,0.03574468940496445,,4731.061550855637,155.49204230308533
8406,0.03554197773337364,,4731.617912530899,155.50699186325073
8407,0.03543638065457344,,4732.174495458603,155.52195811271667
8408,0.03478201478719711,,4732.730641841888,155.53690123558044
8409,0.03449602425098419,,4733.287770032883,155.55186104774475
8410,0.034851521253585815,,4733.843885183334,155.56681370735168
8411,0.03484325483441353,,4734.400659322739,155.58173513412476
8412,0.035018227994441986,,4734.9569635391235,155.5966694355011
8413,0.0351303294301033,,4735.513264417648,155.6116213798523
8414,0.03537660464644432,,4736.06950545311,155.6265778541565
8415,0.03582864999771118,,4736.626120328903,155.64152359962463
8416,0.03574289008975029,,4737.182504415512,155.6564953327179
8417,0.035838399082422256,,4737.739250659943,155.6714460849762
8418,0.03575681149959564,,4738.295711040497,155.68640446662903
8419,0.035241469740867615,,4738.852317094803,155.70135593414307
8420,0.03492044284939766,,4739.408598423004,155.71628856658936
8421,0.03489654138684273,,4739.965260505676,155.73124527931213
8422,0.03474593907594681,,4740.521631002426,155.74619221687317
8423,0.034402430057525635,,4741.078124761581,155.76114749908447
8424,0.03429008647799492,,4741.960953474045,155.7761025428772
8425,0.03483716398477554,,4742.517534255981,155.79104042053223
8426,0.034463219344615936,,4743.07381439209,155.8060052394867
8427,0.03468402847647667,,4743.630728006363,155.82095980644226
8428,0.03488263860344887,,4744.186593532562,155.835919380188
8429,0.03480690345168114,,4744.743127584457,155.85087704658508
8430,0.03506395220756531,,4745.299621343613,155.8658368587494
8431,0.03477736935019493,,4745.856406927109,155.88078498840332
8432,0.03507969155907631,,4746.412836074829,155.89574909210205
8433,0.035171765834093094,,4746.969560623169,155.91069054603577
8434,0.03524307534098625,,4747.525978565216,155.9256341457367
8435,0.03517765924334526,,4748.082630872726,155.9405927658081
8436,0.03517412394285202,,4748.638655900955,155.95554184913635
8437,0.03503565862774849,,4749.195368051529,155.9704999923706
8438,0.03497469797730446,,4749.751593351364,155.98545169830322
8439,0.03513289988040924,,4750.308218717575,156.0004062652588
8440,0.034578729420900345,,4750.864057540894,156.0153820514679
8441,0.03474399074912071,,4751.420490503311,156.03033661842346
8442,0.03450758010149002,,4751.976664066315,156.04529333114624
8443,0.034341033548116684,,4752.533201217651,156.06023955345154
8444,0.034132011234760284,,4753.089273452759,156.07519388198853
8445,0.03436020389199257,,4753.646036863327,156.09016013145447
8446,0.03439350053668022,,4754.20240521431,156.1051104068756
8447,0.03440739959478378,,4754.758765459061,156.1200726032257
8448,0.03448197990655899,,4755.315237045288,156.13503766059875
8449,0.03459024801850319,,4755.8718276023865,156.14999294281006
8450,0.03438917174935341,,4756.428407907486,156.16493916511536
8451,0.034534625709056854,,4756.985513210297,156.17989206314087
8452,0.0348256416618824,,4757.54185128212,156.19485139846802
8453,0.03488318994641304,,4758.098634958267,156.20980072021484
8454,0.03496269881725311,,4758.654753446579,156.22476196289062
8455,0.03516288101673126,,4759.211466312408,156.2397186756134
8456,0.03537817671895027,,4759.767762422562,156.25467658042908
8457,0.035780858248472214,,4760.324335575104,156.26965284347534
8458,0.035705097019672394,,4760.880530357361,156.2846019268036
8459,0.035044461488723755,,4761.437233686447,156.29957103729248
8460,0.03506341204047203,,4761.993246555328,156.314532995224
8461,0.03502679243683815,,4762.549874544144,156.3294858932495
8462,0.03479708731174469,,4763.106379032135,156.34445524215698
8463,0.034845612943172455,,4763.663104295731,156.35940742492676
8464,0.03490031510591507,,4764.219254255295,156.37437105178833
8465,0.03476540371775627,,4764.776305913925,156.38931965827942
8466,0.03486952185630798,,4765.332446336746,156.40427255630493
8467,0.03450461104512215,,4765.889130115509,156.41921973228455
8468,0.0347302071750164,,4766.445734262466,156.4342005252838
8469,0.03480617329478264,,4767.0020389556885,156.4491846561432
8470,0.035103630274534225,,4767.558434724808,156.46412992477417
8471,0.03506338968873024,,4768.115238189697,156.47909593582153
8472,0.035240527242422104,,4768.671431303024,156.49405026435852
8473,0.03503860533237457,,4769.228098154068,156.5089991092682
8474,0.03522021695971489,,4769.784292221069,156.52394795417786
8475,0.0349748469889164,,4770.340846776962,156.5389142036438
8476,0.03533758223056793,,4771.223410606384,156.55386114120483
8477,0.03550758212804794,,4771.7798891067505,156.56882762908936
8478,0.03528574854135513,,4772.336264133453,156.58378052711487
8479,0.035238396376371384,,4772.893302440643,156.59874629974365
8480,0.03527951240539551,,4773.44974899292,156.61371755599976
8481,0.03513344004750252,,4774.0064079761505,156.62869238853455
8482,0.03523973748087883,,4774.562612056732,156.64365482330322
8483,0.03427336737513542,,4775.119324684143,156.65860509872437
8484,0.03448951244354248,,4775.677613973618,156.67358088493347
8485,0.03475363180041313,,4776.234175443649,156.68852710723877
8486,0.03452308475971222,,4776.790200710297,156.70347833633423
8487,0.034963611513376236,,4777.34672999382,156.71843075752258
8488,0.03567337989807129,,4777.902725934982,156.73338055610657
8489,0.036120373755693436,,4778.4592118263245,156.748361825943
8490,0.03628869727253914,,4779.015246391296,156.76331329345703
8491,0.03627635911107063,,4779.571957349777,156.7782621383667
8492,0.03581070899963379,,4780.127928733826,156.79321551322937
8493,0.03560379892587662,,4780.684858322144,156.80816340446472
8494,0.035342443734407425,,4781.241524219513,156.82312440872192
8495,0.03523838520050049,,4781.798331975937,156.83807110786438
8496,0.03506310656666756,,4782.354560136795,156.85304188728333
8497,0.03492659330368042,,4782.91123509407,156.86800861358643
8498,0.03494231402873993,,4783.46716427803,156.88297033309937
8499,0.035089749842882156,,4784.024039030075,156.89793252944946
8500,0.03460852801799774,-0.0014257609145715833,4784.580410718918,158.655348777771
8501,0.03464614599943161,,4785.1372101306915,158.67030429840088
8502,0.035078827291727066,,4785.693158388138,158.6852524280548
8503,0.034860726445913315,,4786.249925136566,158.70019912719727
8504,0.03494728356599808,,4786.80607509613,158.71516156196594
8505,0.0346539281308651,,4787.362579107285,158.73012280464172
8506,0.0347500741481781,,4787.918911218643,158.7451024055481
8507,0.03470627963542938,,4788.475640535355,158.7600600719452
8508,0.0349574089050293,,4789.032592535019,158.77500748634338
8509,0.035114482045173645,,4789.589403867722,158.78995370864868
8510,0.03490409255027771,,4790.145805358887,158.8049042224884
8511,0.0349731519818306,,4790.702468633652,158.81985449790955
8512,0.03482603654265404,,4791.259235858917,158.83483982086182
8513,0.03506212681531906,,4791.816164255142,158.84981226921082
8514,0.03515174612402916,,4792.372670412064,158.8647849559784
8515,0.035293783992528915,,4792.929316043854,158.87974214553833
8516,0.035210203379392624,,4793.485591650009,158.89470434188843
8517,0.035065557807683945,,4794.04235124588,158.90966820716858
8518,0.035555582493543625,,4794.598433494568,158.9246587753296
8519,0.035078682005405426,,4795.154755592346,158.9396197795868
8520,0.034906331449747086,,4795.710947751999,158.95456433296204
8521,0.03476720303297043,,4796.267517089844,158.96953201293945
8522,0.03487895429134369,,4796.824089765549,158.98448514938354
8523,0.034720297902822495,,4797.380528926849,158.99942302703857
8524,0.03486404940485954,,4797.936728954315,159.01438450813293
8525,0.034980084747076035,,4798.493261575699,159.02933478355408
8526,0.035195451229810715,,4799.049677610397,159.04429745674133
8527,0.03495341166853905,,4799.605941057205,159.05924582481384
8528,0.03492254763841629,,4800.488594055176,159.07420086860657
8529,0.03561217337846756,,4801.045245409012,159.08916306495667
8530,0.035832200199365616,,4801.601534128189,159.10410714149475
8531,0.0360553115606308,,4802.158159732819,159.11905121803284
8532,0.036171313375234604,,4802.714304924011,159.1340126991272
8533,0.03639275208115578,,4803.271171569824,159.14897561073303
8534,0.03602195531129837,,4803.827504873276,159.16393184661865
8535,0.035729359835386276,,4804.384601831436,159.178879737854
8536,0.03574293479323387,,4804.941032171249,159.1938419342041
8537,0.03596518561244011,,4805.497586488724,159.20882558822632
8538,0.035412419587373734,,4806.05405664444,159.2237741947174
8539,0.0354590080678463,,4806.6107296943665,159.23872804641724
8540,0.03542125225067139,,4807.16676568985,159.2536973953247
8541,0.03545873984694481,,4807.726060390472,159.2686505317688
8542,0.03571006655693054,,4808.284287691116,159.28359746932983
8543,0.03572848439216614,,4808.844463348389,159.29856514930725
8544,0.03590548038482666,,4809.404514551163,159.31354928016663
8545,0.035960614681243896,,4809.96119260788,159.3285095691681
8546,0.03566234931349754,,4810.517618656158,159.3434648513794
8547,0.035653647035360336,,4811.074148654938,159.35841846466064
8548,0.035104215145111084,,4811.630442142487,159.3733835220337
8549,0.034803248941898346,,4812.187213182449,159.38833928108215
8550,0.03498620539903641,,4812.743189573288,159.403315782547
8551,0.034738022834062576,,4813.300072193146,159.41828322410583
8552,0.03445429727435112,,4813.856254339218,159.43325209617615
8553,0.0343468077480793,,4814.412790775299,159.44821739196777
8554,0.03466973453760147,,4814.969024658203,159.4631633758545
8555,0.03438594564795494,,4815.525839328766,159.47812271118164
8556,0.03428637236356735,,4816.082968235016,159.4930715560913
8557,0.03437124192714691,,4816.639246940613,159.50802278518677
8558,0.03440949693322182,,4817.195331573486,159.52299237251282
8559,0.03427068144083023,,4817.751933336258,159.53793120384216
8560,0.03462505713105202,,4818.308260440826,159.55289363861084
8561,0.034685153514146805,,4818.86523270607,159.5678448677063
8562,0.03500426188111305,,4819.421503543854,159.5828034877777
8563,0.034928709268569946,,4819.978156089783,159.59776401519775
8564,0.034950461238622665,,4820.534633398056,159.61271691322327
8565,0.03524422645568848,,4821.091135501862,159.62767815589905
8566,0.03508373722434044,,4821.647166013718,159.64264583587646
8567,0.034611448645591736,,4822.203732013702,159.6576099395752
8568,0.03447936847805977,,4822.759932518005,159.6725652217865
8569,0.03417180851101875,,4823.316044807434,159.68751573562622
8570,0.03422233834862709,,4823.872381448746,159.70247983932495
8571,0.03424781933426857,,4824.429064273834,159.71744060516357
8572,0.03407127037644386,,4824.985641717911,159.7324070930481
8573,0.03429245203733444,,4825.542298555374,159.74735713005066
8574,0.034552402794361115,,4826.0988347530365,159.76230549812317
8575,0.034231122583150864,,4826.655471086502,159.77728509902954
8576,0.034027211368083954,,4827.212021112442,159.79223251342773
8577,0.034154511988162994,,4827.7691514492035,159.80719757080078
8578,0.03420955315232277,,4828.325230836868,159.82216501235962
8579,0.034600481390953064,,4828.882173776627,159.83712077140808
8580,0.034951161593198776,,4829.764758110046,159.852068901062
8581,0.03474555164575577,,4830.321727514267,159.86698746681213
8582,0.034547653049230576,,4830.877742767334,159.881929397583
8583,0.03536628559231758,,4831.434430837631,159.89689683914185
8584,0.03527723252773285,,4831.991191625595,159.9118673801422
8585,0.035290736705064774,,4832.548223972321,159.92683839797974
8586,0.03526759520173073,,4833.104684114456,159.94179224967957
8587,0.03533056750893593,,4833.661864757538,159.95674467086792
8588,0.035072460770606995,,4834.21914434433,159.97170186042786
8589,0.03514295443892479,,4834.77613902092,159.98665022850037
8590,0.0354953333735466,,4835.332644939423,160.00160312652588
8591,0.03537357971072197,,4835.889183759689,160.0165877342224
8592,0.03484836593270302,,4836.4454209804535,160.03155827522278
8593,0.03511229157447815,,4837.00225186348,160.0465099811554
8594,0.03522464632987976,,4837.558342456818,160.061452627182
8595,0.035388052463531494,,4838.114728689194,160.07643389701843
8596,0.03492194041609764,,4838.670904874802,160.09139013290405
8597,0.034760139882564545,,4839.227390050888,160.10635042190552
8598,0.034802813082933426,,4839.783940315247,160.1213140487671
8599,0.03481774032115936,,4840.340330839157,160.13626646995544
8600,0.034986209124326706,,4840.896599054337,160.15119862556458
8601,0.03535741567611694,,4841.453427553177,160.1661558151245
8602,0.03575550392270088,,4842.009734392166,160.18111729621887
8603,0.03577633947134018,,4842.567015171051,160.1960690021515
8604,0.03550780937075615,,4843.123262643814,160.21102476119995
8605,0.03540252521634102,,4843.67991900444,160.22599148750305
8606,0.035344064235687256,,4844.235923528671,160.24100708961487
8607,0.035274967551231384,,4844.793364048004,160.25598621368408
8608,0.03505386784672737,,4845.349661111832,160.27093386650085
8609,0.03521573543548584,,4845.90610742569,160.28589367866516
8610,0.035254593938589096,,4846.462525129318,160.3008406162262
8611,0.035209089517593384,,4847.019519329071,160.31578946113586
8612,0.03537468984723091,,4847.575282096863,160.33076405525208
8613,0.03553984314203262,,4848.131736755371,160.3457214832306
8614,0.03458822891116142,,4848.688013553619,160.36069059371948
8615,0.03437155485153198,,4849.244470834732,160.37565064430237
8616,0.0343872532248497,,4849.8005628585815,160.39062333106995
8617,0.03482934460043907,,4850.356841087341,160.40558195114136
8618,0.034843556582927704,,4850.914299488068,160.4205253124237
8619,0.0346011221408844,,4851.471535682678,160.4355025291443
8620,0.03499129042029381,,4852.027750968933,160.45045161247253
8621,0.035021405667066574,,4852.58459186554,160.46540594100952
8622,0.035006310790777206,,4853.140711069107,160.48036289215088
8623,0.03535689786076546,,4853.697605609894,160.49532198905945
8624,0.035380419343709946,,4854.253913164139,160.51027965545654
8625,0.03520666062831879,,4854.810432672501,160.52523756027222
8626,0.03538067638874054,,4855.366312742233,160.54020166397095
8627,0.03500455245375633,,4855.922653198242,160.5551471710205
8628,0.03511108085513115,,4856.478698730469,160.570086479187
8629,0.03509531542658806,,4857.034870386124,160.58504962921143
8630,0.03531431034207344,,4857.590985774994,160.59999752044678
8631,0.035191286355257034,,4858.147639751434,160.61496329307556
8632,0.03493773192167282,,4859.029737949371,160.62990164756775
8633,0.034946098923683167,,4859.586244106293,160.64485669136047
8634,0.03538615256547928,,4860.142298698425,160.65983057022095
8635,0.03513111546635628,,4860.699689388275,160.67478895187378
8636,0.03536798804998398,,4861.255601167679,160.6897327899933
8637,0.03519832342863083,,4861.812216281891,160.70470070838928
8638,0.034956760704517365,,4862.3681263923645,160.71965718269348
8639,0.0349113903939724,,4862.925019264221,160.73462891578674
8640,0.03493315353989601,,4863.481565713882,160.749596118927
8641,0.03472017124295235,,4864.038214206696,160.7645559310913
8642,0.03458195924758911,,4864.594198226929,160.7795205116272
8643,0.034571923315525055,,4865.1504163742065,160.79447078704834
8644,0.034883055835962296,,4865.706536054611,160.8094117641449
8645,0.03489024192094803,,4866.262862205505,160.8243749141693
8646,0.03483504429459572,,4866.818795919418,160.83933329582214
8647,0.03487556055188179,,4867.375434875488,160.85428595542908
8648,0.035263434052467346,,4867.9315774440765,160.86922645568848
8649,0.035192303359508514,,4868.488255739212,160.88418221473694
8650,0.035102568566799164,,4869.044583320618,160.89913034439087
8651,0.03557861968874931,,4869.60150885582,160.91407895088196
8652,0.035561319440603256,,4870.157431125641,160.9290328025818
8653,0.035048749297857285,,4870.714155435562,160.94398713111877
8654,0.035181526094675064,,4871.270135164261,160.9589443206787
8655,0.03463040664792061,,4871.826668739319,160.97389912605286
8656,0.034637004137039185,,4872.382873296738,160.98883819580078
8657,0.03484203666448593,,4872.939316749573,161.0038125514984
8658,0.03508669137954712,,4873.495443344116,161.01876640319824
8659,0.035276222974061966,,4874.051928758621,161.0337221622467
8660,0.03498531132936478,,4874.607838630676,161.0486717224121
8661,0.03493843600153923,,4875.164587974548,161.0636215209961
8662,0.0353398323059082,,4875.72062253952,161.07858538627625
8663,0.03521870821714401,,4876.276835680008,161.09354162216187
8664,0.035108715295791626,,4876.83268404007,161.10849595069885
8665,0.03494598716497421,,4877.3892340660095,161.12345266342163
8666,0.03481104224920273,,4877.945625066757,161.1383957862854
8667,0.03469555452466011,,4878.502197027206,161.15335512161255
8668,0.03451883792877197,,4879.05846619606,161.16829299926758
8669,0.03486169874668121,,4879.615097522736,161.18327355384827
8670,0.0353398434817791,,4880.170919895172,161.19822335243225
8671,0.034819457679986954,,4880.727412223816,161.2131986618042
8672,0.03434717655181885,,4881.283402919769,161.22813892364502
8673,0.03425678238272667,,4881.839925765991,161.24308800697327
8674,0.0342133454978466,,4882.396076440811,161.2583465576172
8675,0.03391564264893532,,4882.95348906517,161.273295879364
8676,0.03444474935531616,,4883.509210348129,161.28823447227478
8677,0.0342782624065876,,4884.065459012985,161.30318522453308
8678,0.034137263894081116,,4884.621416807175,161.31814885139465
8679,0.0341189019382,,4885.177901029587,161.33311653137207
8680,0.03454579412937164,,4885.733773231506,161.34805703163147
8681,0.03488871455192566,,4886.290249586105,161.36303687095642
8682,0.03511113300919533,,4886.846896886826,161.37797951698303
8683,0.03504551947116852,,4887.403613090515,161.39293766021729
8684,0.034637898206710815,,4888.285845041275,161.4078860282898
8685,0.0345921516418457,,4888.842527627945,161.42283463478088
8686,0.03472523018717766,,4889.398376464844,161.43776512145996
8687,0.034484587609767914,,4889.954893112183,161.45272660255432
8688,0.03455537557601929,,4890.511066436768,161.46767592430115
8689,0.034422945231199265,,4891.067894220352,161.4826421737671
8690,0.03414241224527359,,4891.624316692352,161.49758911132812
8691,0.03426463156938553,,4892.181097745895,161.51253700256348
8692,0.0338788703083992,,4892.737193584442,161.5275068283081
8693,0.03405900299549103,,4893.293637514114,161.54246187210083
8694,0.03466962277889252,,4893.849638462067,161.5574173927307
8695,0.03548882529139519,,4894.406272411346,161.57236242294312
8696,0.03564509004354477,,4894.962312459946,161.58730936050415
8697,0.036173172295093536,,4895.518871545792,161.6022539138794
8698,0.03635465353727341,,4896.075029373169,161.61718797683716
8699,0.03623656928539276,,4896.631766796112,161.63215923309326
8700,0.03599373251199722,,4897.187876939774,161.64710760116577
8701,0.035974785685539246,,4897.744730234146,161.6620500087738
8702,0.03574278950691223,,4898.300786018372,161.67701816558838
8703,0.03522444888949394,,4898.857572078705,161.69195580482483
8704,0.03547358512878418,,4899.413606643677,161.7069046497345
8705,0.03560673072934151,,4899.969966411591,161.72185015678406
8706,0.03548304736614227,,4900.525925397873,161.7367923259735
8707,0.03565399721264839,,4901.0826580524445,161.75173830986023
8708,0.03534839302301407,,4901.638394832611,161.76669478416443
8709,0.03523067384958267,,4902.194842338562,161.78166460990906
8710,0.035163793712854385,,4902.750842809677,161.7965989112854
8711,0.034805238246917725,,4903.307352542877,161.8115496635437
8712,0.03541550412774086,,4903.863944530487,161.82679915428162
8713,0.03617221489548683,,4904.42146396637,161.84174919128418
8714,0.036064520478248596,,4904.977552890778,161.85669612884521
8715,0.03595668822526932,,4905.534543991089,161.87165474891663
8716,0.035806845873594284,,4906.090935230255,161.8866147994995
8717,0.03547832369804382,,4906.647615432739,161.90156841278076
8718,0.035072457045316696,,4907.203622579575,161.91650533676147
8719,0.035310231149196625,,4907.760692596436,161.93147611618042
8720,0.034737080335617065,,4908.3167090415955,161.94643926620483
8721,0.03456622734665871,,4908.873229265213,161.96139764785767
8722,0.03447950258851051,,4909.429132938385,161.9763491153717
8723,0.03494035825133324,,4909.985901355743,161.99131274223328
8724,0.03455916419625282,,4910.542217493057,162.0062575340271
8725,0.034583501517772675,,4911.09871840477,162.02120113372803
8726,0.034261178225278854,,4911.655040979385,162.0361795425415
8727,0.034168168902397156,,4912.211500167847,162.05113887786865
8728,0.0342489555478096,,4912.7676565647125,162.0661118030548
8729,0.03414064645767212,,4913.324057817459,162.08107495307922
8730,0.03449992462992668,,4913.879987478256,162.09603261947632
8731,0.03430158644914627,,4914.437483549118,162.11097955703735
8732,0.0342206247150898,,4914.993407249451,162.12593388557434
8733,0.0342109240591526,,4915.549820661545,162.14089560508728
8734,0.03436291217803955,,4916.105751991272,162.15582728385925
8735,0.0343191884458065,,4916.662921667099,162.17077541351318
8736,0.034201595932245255,,4917.5452218055725,162.18572974205017
8737,0.03416304662823677,,4918.101582765579,162.2006869316101
8738,0.03432324156165123,,4918.657501459122,162.21563291549683
8739,0.03464405983686447,,4919.214096546173,162.23059582710266
8740,0.034927867352962494,,4919.770034790039,162.24554252624512
8741,0.03423730283975601,,4920.326509237289,162.26049256324768
8742,0.034569282084703445,,4920.882489442825,162.2754406929016
8743,0.034311629831790924,,4921.438777685165,162.2903928756714
8744,0.03423946350812912,,4921.995173454285,162.30534887313843
8745,0.03440317139029503,,4922.552204370499,162.32029962539673
8746,0.03465665131807327,,4923.108011484146,162.33526635169983
8747,0.03473181650042534,,4923.66423368454,162.35023951530457
8748,0.034907273948192596,,4924.220447540283,162.36518335342407
8749,0.03524871915578842,,4924.776807308197,162.38027596473694
8750,0.03525000438094139,,4925.332781076431,162.39523077011108
8751,0.034782323986291885,,4925.889230728149,162.41019582748413
8752,0.034814443439245224,,4926.445602893829,162.42513632774353
8753,0.034679777920246124,,4927.001953601837,162.44010305404663
8754,0.03463079407811165,,4927.557989597321,162.45507502555847
8755,0.034780554473400116,,4928.114418745041,162.47001719474792
8756,0.034549206495285034,,4928.67062330246,162.48496985435486
8757,0.03471623361110687,,4929.227524995804,162.4999339580536
8758,0.033776260912418365,,4929.783763408661,162.51486778259277
8759,0.0337253101170063,,4930.340232372284,162.52982902526855
8760,0.0338476225733757,,4930.896296977997,162.54476952552795
8761,0.033861398696899414,,4931.4527225494385,162.55972337722778
8762,0.03424613177776337,,4932.009565830231,162.5746796131134
8763,0.03411538898944855,,4932.566112995148,162.58962893486023
8764,0.033843446522951126,,4933.122152328491,162.60457491874695
8765,0.033732835203409195,,4933.678471088409,162.61952590942383
8766,0.03385479003190994,,4934.235473155975,162.63451957702637
8767,0.03391489386558533,,4934.79212808609,162.64946460723877
8768,0.03411945700645447,,4935.348446130753,162.66442131996155
8769,0.034438613802194595,,4935.904966831207,162.67938017845154
8770,0.034747250378131866,,4936.460948228836,162.69431447982788
8771,0.03460688143968582,,4937.017765760422,162.7092776298523
8772,0.03500845283269882,,4937.5740785598755,162.72422766685486
8773,0.03564552590250969,,4938.130352497101,162.73919820785522
8774,0.03541792184114456,,4938.686465978622,162.7541642189026
8775,0.035652097314596176,,4939.242824792862,162.769109249115
8776,0.03478601574897766,,4939.798754692078,162.78405451774597
8777,0.034882381558418274,,4940.355880975723,162.7990062236786
8778,0.03513555973768234,,4940.911910772324,162.81395721435547
8779,0.03502323850989342,,4941.46836400032,162.82890033721924
8780,0.0351148396730423,,4942.024463653564,162.8438684940338
8781,0.03439954295754433,,4942.581005334854,162.8588387966156
8782,0.034052759408950806,,4943.1370594501495,162.8737874031067
8783,0.034204453229904175,,4943.693959474564,162.8887529373169
8784,0.03433104231953621,,4944.250048398972,162.9037070274353
8785,0.03458289057016373,,4944.806638240814,162.91865396499634
8786,0.03502660244703293,,4945.362912416458,162.93359780311584
8787,0.03542216867208481,,4945.91956782341,162.94854068756104
8788,0.03533512353897095,,4946.80215716362,162.9634861946106
8789,0.03550054877996445,,4947.358753919601,162.978440284729
8790,0.03543883189558983,,4947.914911746979,162.99338841438293
8791,0.03511612489819527,,4948.471475362778,163.0083508491516
8792,0.03514644131064415,,4949.028002977371,163.02330923080444
8793,0.0347902812063694,,4949.584532260895,163.03826332092285
8794,0.03521723300218582,,4950.14115023613,163.05320119857788
8795,0.03503319248557091,,4950.697790384293,163.0681495666504
8796,0.03526746854186058,,4951.253535270691,163.0831093788147
8797,0.03524197265505791,,4951.810306072235,163.09805703163147
8798,0.035470470786094666,,4952.36678481102,163.1129949092865
8799,0.03554069623351097,,4952.923308372498,163.12795281410217
8800,0.03534090518951416,,4953.479859113693,163.14290761947632
8801,0.03514818102121353,,4954.036813020706,163.15786266326904
8802,0.034924618899822235,,4954.592951536179,163.17281985282898
8803,0.03500524163246155,,4955.14936041832,163.18776941299438
8804,0.03526870161294937,,4955.705501079559,163.20272254943848
8805,0.03520168736577034,,4956.262227296829,163.21765780448914
8806,0.03498750552535057,,4956.818262338638,163.23260402679443
8807,0.03496726602315903,,4957.374810934067,163.24755334854126
8808,0.03506710007786751,,4957.93155002594,163.26251769065857
8809,0.034832119941711426,,4958.488106012344,163.27746987342834
8810,0.03482441231608391,,4959.044551372528,163.29241347312927
8811,0.034551721066236496,,4959.600970506668,163.3073525428772
8812,0.03466913849115372,,4960.156867742538,163.32232975959778
8813,0.034573156386613846,,4960.713169336319,163.33728623390198
8814,0.034585364162921906,,4961.26917052269,163.35224771499634
8815,0.034466344863176346,,4961.825834989548,163.36721801757812
8816,0.0343664325773716,,4962.381888389587,163.38217282295227
8817,0.034466903656721115,,4962.938387870789,163.39710760116577
8818,0.03423534333705902,,4963.494633436203,163.41207766532898
8819,0.0341772735118866,,4964.051530122757,163.42703485488892
8820,0.03428827226161957,,4964.607439517975,163.44197583198547
8821,0.03446970134973526,,4965.164170026779,163.4569115638733
8822,0.03402142971754074,,4965.720228672028,163.4718554019928
8823,0.034465525299310684,,4966.276875257492,163.48680901527405
8824,0.03452523425221443,,4966.833005905151,163.50175619125366
8825,0.034652870148420334,,4967.389520406723,163.5167257785797
8826,0.03491613268852234,,4967.94567322731,163.53168511390686
8827,0.03497941419482231,,4968.502124547958,163.54663252830505
8828,0.034506604075431824,,4969.058421611786,163.5615804195404
8829,0.03445408493280411,,4969.615422964096,163.57651829719543
8830,0.03426744043827057,,4970.1714289188385,163.59147000312805
8831,0.03433762490749359,,4970.727997541428,163.60641860961914
8832,0.03434284031391144,,4971.284080982208,163.6213731765747
8833,0.03437286987900734,,4971.840545892715,163.636323928833
8834,0.034485314041376114,,4972.396409034729,163.65126776695251
8835,0.0344647541642189,,4972.95286989212,163.66624331474304
8836,0.03428969904780388,,4973.509157657623,163.68120741844177
8837,0.03434951975941658,,4974.065876483917,163.6961681842804
8838,0.034710776060819626,,4974.622155666351,163.71110463142395
8839,0.03490864112973213,,4975.178494215012,163.7260627746582
8840,0.03545738011598587,,4976.060584306717,163.74102783203125
8841,0.035446859896183014,,4976.617290258408,163.75598216056824
8842,0.03492429852485657,,4977.1739954948425,163.77092337608337
8843,0.0350588858127594,,4977.730414152145,163.78589034080505
8844,0.03519861027598381,,4978.286694765091,163.80083966255188
8845,0.03495653718709946,,4978.843266010284,163.81579995155334
8846,0.03519250825047493,,4979.399537801743,163.83077478408813
8847,0.035037364810705185,,4979.956097126007,163.84572434425354
8848,0.03499849513173103,,4980.5124225616455,163.8606824874878
8849,0.03500010073184967,,4981.069191455841,163.87564039230347
8850,0.03459513932466507,,4981.6260805130005,163.8905749320984
8851,0.03447801619768143,,4982.18262553215,163.9055371284485
8852,0.034235335886478424,,4982.738564252853,163.92048931121826
8853,0.034026458859443665,,4983.295081138611,163.93545532226562
8854,0.034093838185071945,,4983.851164340973,163.95039224624634
8855,0.0344463549554348,,4984.407723665237,163.96534633636475
8856,0.03440839424729347,,4984.963743686676,163.9803066253662
8857,0.03444298356771469,,4985.520626544952,163.9952609539032
8858,0.03433568775653839,,4986.076514005661,164.01020908355713
8859,0.03413327410817146,,4986.632918834686,164.02515053749084
8860,0.03452294319868088,,4987.189113616943,164.04012322425842
8861,0.03437834233045578,,4987.745666503906,164.0550844669342
8862,0.03367646411061287,,4988.302242279053,164.0700409412384
8863,0.03450324013829231,,4988.858943462372,164.08498668670654
8864,0.03478176146745682,,4989.41477894783,164.09993982315063
8865,0.03462835028767586,,4989.971165895462,164.11490297317505
8866,0.03493770956993103,,4990.527552366257,164.12983393669128
8867,0.034809913486242294,,4991.0839407444,164.1447901725769
8868,0.03475596383213997,,4991.64009141922,164.15976309776306
8869,0.034932877868413925,,4992.196522951126,164.17472672462463
8870,0.0349917933344841,,4992.752429962158,164.18968033790588
8871,0.03496504947543144,,4993.309415817261,164.20464491844177
8872,0.03477369621396065,,4993.865955352783,164.21958446502686
8873,0.03486905246973038,,4994.4225306510925,164.23453950881958
8874,0.03474912419915199,,4994.978412866592,164.2494671344757
8875,0.035269491374492645,,4995.534971952438,164.26441717147827
8876,0.03531937673687935,,4996.091109752655,164.27936506271362
8877,0.035302575677633286,,4996.647591590881,164.2943251132965
8878,0.03521917015314102,,4997.2037189006805,164.30928444862366
8879,0.03524333983659744,,4997.760162591934,164.3242208957672
8880,0.03485885262489319,,4998.316164493561,164.339173078537
8881,0.03486977145075798,,4998.872445106506,164.3541190624237
8882,0.03495493903756142,,4999.428696155548,164.36905789375305
8883,0.035081103444099426,,4999.985115766525,164.38400745391846
8884,0.0349017009139061,,5000.540908098221,164.39895486831665
8885,0.034649379551410675,,5001.097428560257,164.4139120578766
8886,0.034787703305482864,,5001.653369903564,164.4288568496704
8887,0.03456759452819824,,5002.209845781326,164.44381833076477
8888,0.03418640419840813,,5002.765856742859,164.4587800502777
8889,0.034206319600343704,,5003.323795557022,164.4737310409546
8890,0.03408968448638916,,5003.88054394722,164.48866820335388
8891,0.034140102565288544,,5004.437059164047,164.50361132621765
8892,0.034118469804525375,,5005.319704055786,164.51854038238525
8893,0.03454187884926796,,5005.876797676086,164.53349995613098
8894,0.03452383726835251,,5006.433015346527,164.54846143722534
8895,0.034902699291706085,,5006.989760875702,164.5634162425995
8896,0.03463737666606903,,5007.546042919159,164.57836318016052
8897,0.0348178967833519,,5008.10263800621,164.59332919120789
8898,0.034890297800302505,,5008.658692359924,164.60827827453613
8899,0.034816935658454895,,5009.215021133423,164.62323021888733
8900,0.034970954060554504,,5009.770934581757,164.63817071914673
8901,0.03459567949175835,,5010.327476024628,164.65311884880066
8902,0.03462715819478035,,5010.883662700653,164.66808080673218
8903,0.03427181765437126,,5011.440291881561,164.68303847312927
8904,0.03463763743638992,,5011.996515274048,164.697993516922
8905,0.034827377647161484,,5012.553182125092,164.7129693031311
8906,0.0350133553147316,,5013.109163045883,164.72792863845825
8907,0.034995660185813904,,5013.665551900864,164.7428789138794
8908,0.03479832410812378,,5014.221583604813,164.7578353881836
8909,0.03482932224869728,,5014.778161525726,164.77280473709106
8910,0.03486039862036705,,5015.3343234062195,164.7877676486969
8911,0.03486324101686478,,5015.891079902649,164.80269813537598
8912,0.0348743237555027,,5016.446971893311,164.81765055656433
8913,0.0347927026450634,,5017.003742694855,164.83260536193848
8914,0.03498454764485359,,5017.559777736664,164.8475513458252
8915,0.03458584100008011,,5018.116158485413,164.86250972747803
8916,0.03446627035737038,,5018.6722202301025,164.87746167182922
8917,0.03495410084724426,,5019.228671789169,164.89241814613342
8918,0.03564809635281563,,5019.784628629684,164.90737175941467
8919,0.035106394439935684,,5020.34113574028,164.92230367660522
8920,0.03506118431687355,,5020.89738035202,164.93724870681763
8921,0.03533805534243584,,5021.454119205475,164.95220470428467
8922,0.03463001176714897,,5022.010992527008,164.96717858314514
8923,0.035086747258901596,,5022.5674912929535,164.9821367263794
8924,0.035162221640348434,,5023.12356710434,164.9970943927765
8925,0.035050589591264725,,5023.679965019226,165.01206159591675
8926,0.035291172564029694,,5024.236058950424,165.02701210975647
8927,0.03499046713113785,,5024.792252779007,165.04196071624756
8928,0.03522437810897827,,5025.34801697731,165.05690574645996
8929,0.03505557030439377,,5025.904518127441,165.07187414169312
8930,0.03514747694134712,,5026.460664272308,165.0868320465088
8931,0.03507072106003761,,5027.017090082169,165.10177040100098
8932,0.03542489558458328,,5027.573071479797,165.11671233177185
8933,0.03560398146510124,,5028.129264116287,165.13167262077332
8934,0.035759225487709045,,5028.685646772385,165.14661812782288
8935,0.03590643033385277,,5029.2421000003815,165.16155338287354
8936,0.03580339252948761,,5029.798072338104,165.1764998435974
8937,0.035439059138298035,,5030.354321718216,165.1914358139038
8938,0.035137567669153214,,5030.910708189011,165.20636987686157
8939,0.03500523790717125,,5031.467299222946,165.2213282585144
8940,0.03479135408997536,,5032.023248434067,165.23629331588745
8941,0.034705258905887604,,5032.579817056656,165.2512469291687
8942,0.03486428037285805,,5033.136026620865,165.26618242263794
8943,0.03480938822031021,,5033.692512750626,165.28113102912903
8944,0.03502050042152405,,5034.574680805206,165.29608869552612
8945,0.03503897786140442,,5035.131208896637,165.31103324890137
8946,0.035256095230579376,,5035.687042951584,165.32598114013672
8947,0.03511449322104454,,5036.243470191956,165.34093260765076
8948,0.035317156463861465,,5036.799677848816,165.35588359832764
8949,0.03541391342878342,,5037.356251716614,165.3708369731903
8950,0.03518913686275482,,5037.9123878479,165.38579154014587
8951,0.03500407934188843,,5038.468718767166,165.40073919296265
8952,0.034995853900909424,,5039.024457931519,165.415687084198
8953,0.035091985017061234,,5039.581498146057,165.43063068389893
8954,0.03544601798057556,,5040.13777589798,165.44558382034302
8955,0.03562290221452713,,5040.694692373276,165.4605393409729
8956,0.03531957045197487,,5041.250517129898,165.475487947464
8957,0.035106074064970016,,5041.807181119919,165.49044823646545
8958,0.03550556302070618,,5042.363363265991,165.50539636611938
8959,0.035637807101011276,,5042.919673919678,165.52033972740173
8960,0.03583494946360588,,5043.475457191467,165.5352852344513
8961,0.03529312089085579,,5044.031930685043,165.55022740364075
8962,0.035798173397779465,,5044.587876558304,165.56517672538757
8963,0.03583013266324997,,5045.144014835358,165.58012676239014
8964,0.035472143441438675,,5045.700053930283,165.5950927734375
8965,0.03554730862379074,,5046.256432056427,165.610027551651
8966,0.036020126193761826,,5046.811890602112,165.62499332427979
8967,0.03548643738031387,,5047.368379831314,165.63994717597961
8968,0.035004593431949615,,5047.924357652664,165.65488600730896
8969,0.03516014665365219,,5048.481135606766,165.66983914375305
8970,0.03515797108411789,,5049.037035226822,165.68479657173157
8971,0.03540325537323952,,5049.593517541885,165.69974064826965
8972,0.035275571048259735,,5050.149430036545,165.71470165252686
8973,0.034983810037374496,,5050.705952882767,165.7296588420868
8974,0.03490933030843735,,5051.261850118637,165.74461722373962
8975,0.03429850935935974,,5051.818259716034,165.75956463813782
8976,0.03430918604135513,,5052.374910354614,165.7745122909546
8977,0.03414090350270271,,5052.931386232376,165.78946805000305
8978,0.033856190741062164,,5053.487400770187,165.8044195175171
8979,0.033958666026592255,,5054.043447256088,165.8193655014038
8980,0.03350255265831947,,5054.599351644516,165.83429980278015
8981,0.033566951751708984,,5055.156049251556,165.84924864768982
8982,0.03350336477160454,,5055.7120316028595,165.86418533325195
8983,0.033920831978321075,,5056.268878221512,165.8791482448578
8984,0.03383079171180725,,5056.824761629105,165.89411401748657
8985,0.033848587423563004,,5057.383135795593,165.90905833244324
8986,0.03436287119984627,,5057.939042568207,165.92400884628296
8987,0.03429349884390831,,5058.495429515839,165.93896460533142
8988,0.03473149240016937,,5059.051369428635,165.95391130447388
8989,0.034952886402606964,,5059.6074850559235,165.96886467933655
8990,0.034999553114175797,,5060.163388967514,165.983815908432
8991,0.03527599573135376,,5060.719915866852,165.99875783920288
8992,0.03551178425550461,,5061.276068687439,166.0137038230896
8993,0.03530188649892807,,5061.83256149292,166.02864503860474
8994,0.0352410189807415,,5062.388606071472,166.0435848236084
8995,0.03541442006826401,,5062.945114374161,166.0585436820984
8996,0.03559925779700279,,5063.827370166779,166.07349157333374
8997,0.03550088405609131,,5064.384227752686,166.08843994140625
8998,0.035454366356134415,,5064.939993143082,166.10339879989624
8999,0.03551284968852997,,5065.496850013733,166.11836194992065
9000,0.03525391221046448,-0.0014058350352570415,5066.0534381866455,167.87435364723206
