it,rel_l1err,rc,rt_solve,rt_log
0,1.1471039056777954,-20.482357025146484,1.5643949508666992,1.8707997798919678
1,1.1788798570632935,,2.0020155906677246,1.8857719898223877
2,1.2062547206878662,,2.4371819496154785,1.9007534980773926
3,1.2338826656341553,,2.871122360229492,1.9156949520111084
4,1.2529240846633911,,3.304816484451294,1.930664300918579
5,1.259061574935913,,3.7367048263549805,1.9455926418304443
6,1.2605860233306885,,4.169579267501831,1.9605603218078613
7,1.2578800916671753,,4.732585430145264,1.9755253791809082
8,1.2562952041625977,,5.166890621185303,1.9905164241790771
9,1.2510870695114136,,5.601612567901611,2.0054407119750977
10,1.246587872505188,,6.042887926101685,2.0204005241394043
11,1.240973711013794,,6.476271152496338,2.0353481769561768
12,1.2346874475479126,,6.910098075866699,2.050318717956543
13,1.2271252870559692,,7.3433942794799805,2.065291404724121
14,1.2222057580947876,,7.774440050125122,2.0802626609802246
15,1.213849663734436,,8.207886695861816,2.0952396392822266
16,1.204488754272461,,8.64114761352539,2.1102168560028076
17,1.1996805667877197,,9.074200868606567,2.125190019607544
18,1.1940038204193115,,9.510838747024536,2.1401619911193848
19,1.1897475719451904,,9.945317029953003,2.155139923095703
20,1.1851121187210083,,10.376970052719116,2.1701042652130127
21,1.1798160076141357,,10.810851097106934,2.1850650310516357
22,1.1748844385147095,,11.246275424957275,2.2000198364257812
23,1.1690917015075684,,11.678485631942749,2.2150075435638428
24,1.1660901308059692,,12.112278938293457,2.2299811840057373
25,1.1627055406570435,,12.547669649124146,2.2449522018432617
26,1.1577531099319458,,12.981796264648438,2.2599239349365234
27,1.154237151145935,,13.414944171905518,2.2749075889587402
28,1.1504476070404053,,13.850976705551147,2.289888381958008
29,1.1452462673187256,,14.284111976623535,2.304847478866577
30,1.140290379524231,,14.719353437423706,2.319812536239624
31,1.1350207328796387,,15.154383897781372,2.334794044494629
32,1.1291794776916504,,15.58878779411316,2.349771022796631
33,1.1251477003097534,,16.021557092666626,2.364727020263672
34,1.1198067665100098,,16.454163074493408,2.37967848777771
35,1.114051103591919,,16.887745141983032,2.394613027572632
36,1.1077134609222412,,17.32262396812439,2.4096014499664307
37,1.0985126495361328,,17.755515098571777,2.4245691299438477
38,1.0917329788208008,,18.189507722854614,2.4395339488983154
39,1.0868327617645264,,18.624810457229614,2.454496383666992
40,1.0879446268081665,,19.05829882621765,2.469470977783203
41,1.0846152305603027,,19.491891384124756,2.4844326972961426
42,1.0786442756652832,,19.92542028427124,2.499389171600342
43,1.0752894878387451,,20.358959436416626,2.514361619949341
44,1.0666468143463135,,20.79699444770813,2.529327154159546
45,1.0597795248031616,,21.23176407814026,2.544297218322754
46,1.0480633974075317,,21.6663236618042,2.559239149093628
47,1.0412358045578003,,22.100394248962402,2.574218511581421
48,1.0332223176956177,,22.534430980682373,2.589186668395996
49,1.0308289527893066,,22.968162298202515,2.6041579246520996
50,1.0285491943359375,,23.619895458221436,2.6191022396087646
51,1.0190329551696777,,24.053934335708618,2.6340699195861816
52,1.0086047649383545,,24.48597812652588,2.6490142345428467
53,0.99749356508255,,24.924044847488403,2.663973569869995
54,0.9875922799110413,,25.361754894256592,2.6789159774780273
55,0.9733814597129822,,25.795247793197632,2.6938862800598145
56,0.9766325950622559,,26.229291439056396,2.708858013153076
57,0.9650778770446777,,26.664653301239014,2.723820209503174
58,0.9516277313232422,,27.098474740982056,2.7387852668762207
59,0.9523191452026367,,27.53043007850647,2.7537527084350586
60,0.9531481266021729,,27.964601278305054,2.768706798553467
61,0.9518173933029175,,28.401520252227783,2.783679962158203
62,0.9466758370399475,,28.834838390350342,2.7986676692962646
63,0.9492185711860657,,29.267301559448242,2.81363582611084
64,0.9426106810569763,,29.700413465499878,2.8285934925079346
65,0.9439536333084106,,30.132553100585938,2.843540668487549
66,0.9305499792098999,,30.56496810913086,2.8585119247436523
67,0.9248315691947937,,31.002565383911133,2.8734545707702637
68,0.9259997606277466,,31.43573498725891,2.8884170055389404
69,0.9119656682014465,,31.87195920944214,2.903378963470459
70,0.9154501557350159,,32.305814027786255,2.918344497680664
71,0.9070333242416382,,32.74475359916687,2.933319568634033
72,0.9114654064178467,,33.17988419532776,2.948286294937134
73,0.897980809211731,,33.611761808395386,2.9632489681243896
74,0.9069032669067383,,34.05090880393982,2.978224754333496
75,0.9046884775161743,,34.48607397079468,2.993199586868286
76,0.907844066619873,,34.91783690452576,3.0081608295440674
77,0.8882387280464172,,35.35180854797363,3.0231242179870605
78,0.9000987410545349,,35.78664517402649,3.0380966663360596
79,0.8916186094284058,,36.22164011001587,3.0530765056610107
80,0.8929981589317322,,36.659719705581665,3.0680177211761475
81,0.892078697681427,,37.094682693481445,3.082987070083618
82,0.8931726217269897,,37.527992486953735,3.0979483127593994
83,0.884643018245697,,37.96289873123169,3.112921714782715
84,0.8869549036026001,,38.39759087562561,3.1278696060180664
85,0.8815914988517761,,38.83259654045105,3.1428351402282715
86,0.8807386159896851,,39.26659178733826,3.1577584743499756
87,0.8765096664428711,,39.699596881866455,3.1727445125579834
88,0.8849928379058838,,40.13383460044861,3.1877074241638184
89,0.8774833679199219,,40.56800198554993,3.2026686668395996
90,0.8791916370391846,,41.00151491165161,3.2176480293273926
91,0.8836091756820679,,41.436909914016724,3.232633113861084
92,0.8796645402908325,,41.870296001434326,3.2476236820220947
93,0.8809953927993774,,42.305190563201904,3.262571096420288
94,0.8696922659873962,,42.738189697265625,3.2775402069091797
95,0.8754029273986816,,43.17003536224365,3.2925167083740234
96,0.8638381958007812,,43.604806900024414,3.307461977005005
97,0.8650457262992859,,44.038251638412476,3.322408437728882
98,0.8592520356178284,,44.47138428688049,3.3373775482177734
99,0.8629199266433716,,44.90817451477051,3.3523197174072266
100,0.8559363484382629,,45.56153416633606,3.3672902584075928
101,0.8642709255218506,,45.99513339996338,3.382253885269165
102,0.8613702654838562,,46.429484605789185,3.397228240966797
103,0.8638633489608765,,46.86356329917908,3.4121618270874023
104,0.8513124585151672,,47.30110287666321,3.4271247386932373
105,0.8489320874214172,,47.7326865196228,3.4420666694641113
106,0.8408831357955933,,48.16873121261597,3.4570417404174805
107,0.8482246398925781,,48.607369899749756,3.471985101699829
108,0.8409944176673889,,49.04103493690491,3.4869444370269775
109,0.8473746180534363,,49.47411513328552,3.5019421577453613
110,0.8388060331344604,,49.90933179855347,3.5169200897216797
111,0.8371708393096924,,50.343586921691895,3.5318894386291504
112,0.8308663964271545,,50.777461528778076,3.5468533039093018
113,0.8287329077720642,,51.21223449707031,3.5618231296539307
114,0.8290146589279175,,51.6451530456543,3.5767860412597656
115,0.8373768329620361,,52.07931089401245,3.591742992401123
116,0.8268659114837646,,52.51409459114075,3.606684446334839
117,0.8230772614479065,,52.94808268547058,3.6216378211975098
118,0.8274348378181458,,53.381598234176636,3.6365885734558105
119,0.8282297253608704,,53.81557488441467,3.6515562534332275
120,0.8361844420433044,,54.25264120101929,3.6664934158325195
121,0.8238473534584045,,54.684277296066284,3.6814496517181396
122,0.813200831413269,,55.12233591079712,3.6964359283447266
123,0.8129646182060242,,55.55594491958618,3.711390733718872
124,0.8232385516166687,,55.99032258987427,3.726351022720337
125,0.8128486275672913,,56.42469763755798,3.741323471069336
126,0.8272144794464111,,56.85901927947998,3.756295919418335
127,0.8281176090240479,,57.291120290756226,3.7712647914886475
128,0.8224070072174072,,57.72969603538513,3.7862088680267334
129,0.816218376159668,,58.16180968284607,3.8011720180511475
130,0.8178234696388245,,58.59395432472229,3.8161449432373047
131,0.8146952390670776,,59.02764010429382,3.831103801727295
132,0.8054776191711426,,59.460618019104004,3.8460640907287598
133,0.8175581097602844,,59.89454007148743,3.861001968383789
134,0.8051039576530457,,60.33094048500061,3.8759782314300537
135,0.8223943114280701,,60.7641077041626,3.890908718109131
136,0.8082259893417358,,61.20272922515869,3.905867338180542
137,0.7999366521835327,,61.638057231903076,3.9207983016967773
138,0.8009393215179443,,62.07252621650696,3.935760498046875
139,0.8005619645118713,,62.50632643699646,3.9507198333740234
140,0.7990071773529053,,62.939749002456665,3.965681552886963
141,0.7977933287620544,,63.3751323223114,3.980642557144165
142,0.8002586364746094,,63.80746579170227,3.9956068992614746
143,0.7959480881690979,,64.24293518066406,4.010594129562378
144,0.7910172939300537,,64.67653775215149,4.02554988861084
145,0.7735871076583862,,65.11131072044373,4.040509939193726
146,0.7766122817993164,,65.54862523078918,4.055485725402832
147,0.7645874619483948,,65.9810163974762,4.070444583892822
148,0.7581039667129517,,66.41380548477173,4.085393667221069
149,0.7799282670021057,,66.85444021224976,4.100364923477173
150,0.7737109065055847,,67.50849032402039,4.115320920944214
151,0.7706855535507202,,67.94254779815674,4.130291938781738
152,0.7761538624763489,,68.37633776664734,4.14525294303894
153,0.7756312489509583,,68.81092166900635,4.160220623016357
154,0.7676661610603333,,69.24483561515808,4.1751697063446045
155,0.7549241185188293,,69.6786322593689,4.190128326416016
156,0.7531507611274719,,70.11205244064331,4.205076456069946
157,0.7631089687347412,,70.54487895965576,4.2200539112091064
158,0.7600030899047852,,70.97911524772644,4.2349817752838135
159,0.7624978423118591,,71.4128201007843,4.249948978424072
160,0.7574865221977234,,71.84629774093628,4.265118837356567
161,0.7382677793502808,,72.2813184261322,4.280106067657471
162,0.7403508424758911,,72.71409010887146,4.2950756549835205
163,0.739303708076477,,73.14919710159302,4.310032606124878
164,0.7353993654251099,,73.58248543739319,4.32500147819519
165,0.7314345240592957,,74.01755475997925,4.339979887008667
166,0.7133836150169373,,74.4521176815033,4.354944229125977
167,0.7205286622047424,,74.88576817512512,4.369904041290283
168,0.715211033821106,,75.31970024108887,4.384875059127808
169,0.7173976898193359,,75.75217628479004,4.3998284339904785
170,0.7178477644920349,,76.18617939949036,4.4147844314575195
171,0.7187986373901367,,76.61956429481506,4.4297401905059814
172,0.7102880477905273,,77.05254435539246,4.444712400436401
173,0.7106716632843018,,77.48742651939392,4.459673881530762
174,0.7238042950630188,,77.92070889472961,4.474638938903809
175,0.7044880390167236,,78.35506200790405,4.489607095718384
176,0.6956817507743835,,78.78848838806152,4.5045647621154785
177,0.6984638571739197,,79.22298002243042,4.519551992416382
178,0.7004716992378235,,79.6575140953064,4.5345165729522705
179,0.7058528065681458,,80.09225678443909,4.549484968185425
180,0.7080188393592834,,80.5258367061615,4.564435958862305
181,0.7044107913970947,,80.96179628372192,4.579408407211304
182,0.7136269211769104,,81.39527702331543,4.594345569610596
183,0.7188016176223755,,81.83082103729248,4.609309196472168
184,0.707314133644104,,82.26544260978699,4.624277830123901
185,0.7100138664245605,,82.69925212860107,4.6392621994018555
186,0.6787434816360474,,83.13386940956116,4.654206275939941
187,0.6724604964256287,,83.568350315094,4.669166564941406
188,0.6786285638809204,,84.0060863494873,4.684117317199707
189,0.6823971271514893,,84.44030547142029,4.699085712432861
190,0.6645489931106567,,84.87526607513428,4.714047908782959
191,0.6486106514930725,,85.30856847763062,4.729012966156006
192,0.6547141075134277,,85.74682641029358,4.743984222412109
193,0.6585531234741211,,86.1814477443695,4.758944511413574
194,0.6582220196723938,,86.61527442932129,4.773911476135254
195,0.6552042961120605,,87.04885125160217,4.7888524532318115
196,0.6451846361160278,,87.48243188858032,4.803826093673706
197,0.6389956474304199,,87.91551041603088,4.818762540817261
198,0.654911458492279,,88.34988403320312,4.8337249755859375
199,0.6571301817893982,,88.78381419181824,4.848654270172119
200,0.645907998085022,,89.43722009658813,4.863622426986694
201,0.6328812837600708,,89.87085628509521,4.878583192825317
202,0.6345494985580444,,90.30673098564148,4.893558740615845
203,0.6306508779525757,,90.73957109451294,4.90850043296814
204,0.6188952326774597,,91.17461204528809,4.9234619140625
205,0.6271435022354126,,91.60915732383728,4.938418626785278
206,0.6340113878250122,,92.04245734214783,4.953370809555054
207,0.6247882843017578,,92.47613573074341,4.96834921836853
208,0.6162061095237732,,92.9100501537323,4.983315467834473
209,0.6077739000320435,,93.34240388870239,4.998278617858887
210,0.6194631457328796,,93.78107786178589,5.013226270675659
211,0.6085771918296814,,94.21497964859009,5.028184413909912
212,0.6287233829498291,,94.64923405647278,5.043148756027222
213,0.6088703274726868,,95.08351302146912,5.0581207275390625
214,0.6127027869224548,,95.51718544960022,5.0730507373809814
215,0.6078911423683167,,95.95011401176453,5.088007211685181
216,0.617193341255188,,96.3846480846405,5.1029767990112305
217,0.6273120045661926,,96.82178139686584,5.117932081222534
218,0.6295256614685059,,97.25508546829224,5.132895469665527
219,0.6083202958106995,,97.69111442565918,5.147867918014526
220,0.6258009672164917,,98.12606739997864,5.1628577709198
221,0.6245556473731995,,98.55893087387085,5.1778013706207275
222,0.6111074090003967,,98.99163103103638,5.192769765853882
223,0.6055083274841309,,99.42511010169983,5.207751274108887
224,0.5976852774620056,,99.85925626754761,5.222712993621826
225,0.5846863985061646,,100.29571652412415,5.237670421600342
226,0.5783783793449402,,100.73043274879456,5.252633333206177
227,0.5810283422470093,,101.16380953788757,5.267582893371582
228,0.5651177763938904,,101.59765577316284,5.282538652420044
229,0.5766177177429199,,102.03323292732239,5.297497510910034
230,0.568080484867096,,102.46741151809692,5.312454700469971
231,0.5676312446594238,,102.90169525146484,5.327402114868164
232,0.5685847401618958,,103.33796429634094,5.342370986938477
233,0.5610513091087341,,103.77194786071777,5.357340574264526
234,0.5467239618301392,,104.20392155647278,5.3722779750823975
235,0.5557992458343506,,104.6380717754364,5.387260675430298
236,0.5436099767684937,,105.0717544555664,5.402227401733398
237,0.5517540574073792,,105.5107090473175,5.4171905517578125
238,0.5578552484512329,,105.943687915802,5.432144403457642
239,0.5397536754608154,,106.38110160827637,5.447108745574951
240,0.5453064441680908,,106.81569194793701,5.462077617645264
241,0.5489083528518677,,107.24896931648254,5.477036714553833
242,0.5622649788856506,,107.68114995956421,5.492017507553101
243,0.5696123242378235,,108.11466431617737,5.506959676742554
244,0.5524073243141174,,108.551598072052,5.521905899047852
245,0.5516321063041687,,108.99319505691528,5.536865234375
246,0.546586275100708,,109.42505145072937,5.551811695098877
247,0.5446276664733887,,109.85869598388672,5.566790342330933
248,0.5422179102897644,,110.29206323623657,5.581734895706177
249,0.5496218204498291,,110.72492814064026,5.596702575683594
250,0.5476751327514648,,111.3782606124878,5.611647129058838
251,0.5622146725654602,,111.81367230415344,5.62662410736084
252,0.5410004258155823,,112.24726295471191,5.641542434692383
253,0.538211464881897,,112.68040919303894,5.656486988067627
254,0.5323045253753662,,113.11475014686584,5.671451091766357
255,0.5402337908744812,,113.5475287437439,5.686420917510986
256,0.5266702175140381,,113.98136281967163,5.701371669769287
257,0.5343779921531677,,114.41645216941833,5.716322898864746
258,0.5242122411727905,,114.84996294975281,5.73127293586731
259,0.5236374139785767,,115.28387832641602,5.746229410171509
260,0.5271248817443848,,115.71562266349792,5.761180639266968
261,0.5243939757347107,,116.1495795249939,5.7761406898498535
262,0.5134817361831665,,116.58287620544434,5.791111707687378
263,0.5214059352874756,,117.01729369163513,5.806075096130371
264,0.5045742392539978,,117.45068550109863,5.82103157043457
265,0.5014344453811646,,117.88397264480591,5.835977554321289
266,0.4926903545856476,,118.3172857761383,5.850942850112915
267,0.47847503423690796,,118.75068998336792,5.865902423858643
268,0.5168061256408691,,119.18431186676025,5.8808653354644775
269,0.5100244283676147,,119.61822247505188,5.895824670791626
270,0.5094519853591919,,120.05120611190796,5.910773992538452
271,0.5092598795890808,,120.48412299156189,5.925750732421875
272,0.49533358216285706,,120.91811180114746,5.940701246261597
273,0.5085819959640503,,121.35181546211243,5.955669164657593
274,0.5160519480705261,,121.78534865379333,5.970615863800049
275,0.5151009559631348,,122.2179787158966,5.985591650009155
276,0.5136242508888245,,122.65024065971375,6.000523090362549
277,0.5037537813186646,,123.083012342453,6.01549220085144
278,0.5107504725456238,,123.51683044433594,6.030436992645264
279,0.5053088665008545,,123.94807767868042,6.045408248901367
280,0.49585288763046265,,124.38135361671448,6.0603697299957275
281,0.484147310256958,,124.81585144996643,6.075336933135986
282,0.46544501185417175,,125.24941039085388,6.090287208557129
283,0.4823271334171295,,125.68245768547058,6.1052467823028564
284,0.4785580337047577,,126.11602091789246,6.120210409164429
285,0.4653802812099457,,126.54778361320496,6.135147333145142
286,0.47128304839134216,,126.98017120361328,6.150112628936768
287,0.4490726888179779,,127.4119291305542,6.165077209472656
288,0.45122694969177246,,127.84505486488342,6.180025815963745
289,0.456161767244339,,128.27771615982056,6.194974660873413
290,0.4377500116825104,,128.71071672439575,6.209928750991821
291,0.4308968782424927,,129.1446089744568,6.224903106689453
292,0.4233512282371521,,129.57744908332825,6.239859342575073
293,0.4121410846710205,,130.0109314918518,6.254822254180908
294,0.4108986556529999,,130.44354844093323,6.269789934158325
295,0.3826037645339966,,130.87644028663635,6.284753322601318
296,0.39673712849617004,,131.31057476997375,6.299712657928467
297,0.3891953229904175,,131.74335265159607,6.31467604637146
298,0.3925950527191162,,132.17613816261292,6.329650640487671
299,0.4055010974407196,,132.6098337173462,6.344607830047607
300,0.3816526532173157,,133.26350784301758,6.359563589096069
301,0.36430102586746216,,133.69793319702148,6.374527931213379
302,0.34695613384246826,,134.1311640739441,6.389488697052002
303,0.3408106863498688,,134.56455087661743,6.4044411182403564
304,0.3205425441265106,,134.9975357055664,6.419389486312866
305,0.3279429078102112,,135.43108010292053,6.434363603591919
306,0.3259257376194,,135.8622167110443,6.449324131011963
307,0.3169797956943512,,136.29531860351562,6.464278936386108
308,0.325073778629303,,136.7277045249939,6.479247093200684
309,0.3061288297176361,,137.16041231155396,6.4942286014556885
310,0.2988117039203644,,137.5945930480957,6.5091962814331055
311,0.2913062572479248,,138.0271511077881,6.524146556854248
312,0.2955678701400757,,138.4607880115509,6.53910493850708
313,0.29587382078170776,,138.8951711654663,6.554067850112915
314,0.2925422191619873,,139.3276891708374,6.569040298461914
315,0.27805691957473755,,139.76137256622314,6.583966255187988
316,0.27166426181793213,,140.19457864761353,6.598942518234253
317,0.29852816462516785,,140.6267716884613,6.6139020919799805
318,0.25557324290275574,,141.06027555465698,6.62886643409729
319,0.26179763674736023,,141.49363255500793,6.643826961517334
320,0.23397429287433624,,141.9266676902771,6.658782958984375
321,0.23611073195934296,,142.36043643951416,6.673745393753052
322,0.22951211035251617,,142.7964391708374,6.688702583312988
323,0.24425359070301056,,143.2277021408081,6.703658580780029
324,0.24380363523960114,,143.6600444316864,6.718597888946533
325,0.22022482752799988,,144.09441900253296,6.733551502227783
326,0.2554663121700287,,144.5280463695526,6.748503923416138
327,0.23665852844715118,,144.96027874946594,6.763460397720337
328,0.22578029334545135,,145.39529705047607,6.778412342071533
329,0.21772199869155884,,145.82813715934753,6.793386220932007
330,0.22592754662036896,,146.2607867717743,6.808344602584839
331,0.22947043180465698,,146.69431829452515,6.823307037353516
332,0.20849114656448364,,147.12749218940735,6.8382649421691895
333,0.21362504363059998,,147.56065106391907,6.853211402893066
334,0.21310755610466003,,147.99827194213867,6.868163347244263
335,0.2090054601430893,,148.4308831691742,6.883099555969238
336,0.2210075706243515,,148.86450910568237,6.898064374923706
337,0.2250499576330185,,149.29795908927917,6.913036346435547
338,0.22063811123371124,,149.73190546035767,6.9279913902282715
339,0.2000012993812561,,150.1642153263092,6.9429545402526855
340,0.20779530704021454,,150.59873461723328,6.9578986167907715
341,0.2427361011505127,,151.03230023384094,6.972851991653442
342,0.2391565591096878,,151.4650752544403,6.987805128097534
343,0.20221896469593048,,151.89919137954712,7.00274920463562
344,0.1961860954761505,,152.33202362060547,7.017702102661133
345,0.19318024814128876,,152.7668421268463,7.032668113708496
346,0.18427853286266327,,153.19905972480774,7.047617197036743
347,0.1799401342868805,,153.63459658622742,7.062563180923462
348,0.18718937039375305,,154.06717681884766,7.077502489089966
349,0.1937900185585022,,154.50214838981628,7.092471599578857
350,0.2264781892299652,,155.15489768981934,7.107403516769409
351,0.33098313212394714,,155.58906078338623,7.122358322143555
352,0.3112655282020569,,156.0222852230072,7.1373069286346436
353,0.22181589901447296,,156.45306038856506,7.152271509170532
354,0.18828420341014862,,156.88673901557922,7.167228937149048
355,0.19803790748119354,,157.319251537323,7.182197570800781
356,0.18816058337688446,,157.75225377082825,7.197158336639404
357,0.17827260494232178,,158.18631291389465,7.212120056152344
358,0.19107110798358917,,158.6185371875763,7.2270777225494385
359,0.17945635318756104,,159.05240678787231,7.242018222808838
360,0.2109934389591217,,159.48670148849487,7.256978511810303
361,0.17813056707382202,,159.91984581947327,7.271923542022705
362,0.1720253825187683,,160.3535032272339,7.2868757247924805
363,0.18764515221118927,,160.78605341911316,7.301807165145874
364,0.23031628131866455,,161.22070837020874,7.316784381866455
365,0.18544931709766388,,161.6544806957245,7.331744194030762
366,0.18401165306568146,,162.0896236896515,7.34669303894043
367,0.19262120127677917,,162.52003264427185,7.361656665802002
368,0.18661053478717804,,162.9536952972412,7.376619815826416
369,0.21228162944316864,,163.39042115211487,7.391576290130615
370,0.1778646856546402,,163.82090997695923,7.406519412994385
371,0.17801406979560852,,164.25388836860657,7.421467304229736
372,0.17330080270767212,,164.68828439712524,7.436420679092407
373,0.1710958182811737,,165.12425351142883,7.451382637023926
374,0.17236286401748657,,165.55736708641052,7.466344594955444
375,0.17796514928340912,,165.99216508865356,7.48132586479187
376,0.18453048169612885,,166.42292141914368,7.496277809143066
377,0.1857619285583496,,166.85646152496338,7.51123833656311
378,0.19557063281536102,,167.28907203674316,7.5261969566345215
379,0.17933864891529083,,167.72040915489197,7.541147947311401
380,0.18195201456546783,,168.15453672409058,7.556124925613403
381,0.1770782321691513,,168.5863265991211,7.571110486984253
382,0.18424385786056519,,169.01983046531677,7.5860607624053955
383,0.17567120492458344,,169.45337438583374,7.6009767055511475
384,0.17061884701251984,,169.88560605049133,7.615935564041138
385,0.1762845516204834,,170.31742525100708,7.630898475646973
386,0.17749792337417603,,170.74859833717346,7.645836114883423
387,0.22345802187919617,,171.18157744407654,7.660776376724243
388,0.17308728396892548,,171.61410307884216,7.675731658935547
389,0.1666228473186493,,172.04832911491394,7.690690040588379
390,0.16793502867221832,,172.4824240207672,7.705632925033569
391,0.17424066364765167,,172.91537976264954,7.720578908920288
392,0.1949218362569809,,173.3467037677765,7.735520362854004
393,0.1681205928325653,,173.77933287620544,7.750468969345093
394,0.20567788183689117,,174.21060991287231,7.765384197235107
395,0.17103148996829987,,174.64406180381775,7.780323028564453
396,0.16259825229644775,,175.07807970046997,7.7952821254730225
397,0.17558211088180542,,175.51090836524963,7.810230016708374
398,0.19974803924560547,,175.94291138648987,7.8251776695251465
399,0.2289355993270874,,176.37619423866272,7.840112924575806
400,0.20939621329307556,,177.0296733379364,7.855053901672363
401,0.17417068779468536,,177.46290731430054,7.869995594024658
402,0.1668020784854889,,177.89540672302246,7.8849451541900635
403,0.17814753949642181,,178.32881569862366,7.899904251098633
404,0.18665547668933868,,178.76289820671082,7.914873838424683
405,0.17312195897102356,,179.19475746154785,7.929812908172607
406,0.17617152631282806,,179.6282229423523,7.944754362106323
407,0.18240554630756378,,180.0628674030304,7.9597108364105225
408,0.17667873203754425,,180.49627113342285,7.974662780761719
409,0.17388369143009186,,180.9291296005249,7.989604234695435
410,0.1734171211719513,,181.36218786239624,8.004542589187622
411,0.1751231700181961,,181.79551100730896,8.01950192451477
412,0.1881701797246933,,182.22882986068726,8.034451007843018
413,0.17262180149555206,,182.66213178634644,8.049402475357056
414,0.17012661695480347,,183.0963897705078,8.064336776733398
415,0.18335741758346558,,183.5282576084137,8.079304695129395
416,0.17207102477550507,,183.96250534057617,8.094254970550537
417,0.19772684574127197,,184.39592504501343,8.1091890335083
418,0.20283450186252594,,184.83051371574402,8.124139785766602
419,0.19999444484710693,,185.26240062713623,8.139102697372437
420,0.2016298770904541,,185.6954436302185,8.154035806655884
421,0.17571768164634705,,186.12660932540894,8.168974876403809
422,0.19172552227973938,,186.56063532829285,8.183912992477417
423,0.20109862089157104,,186.99385118484497,8.198876142501831
424,0.19859856367111206,,187.42471146583557,8.21384072303772
425,0.19596551358699799,,187.85665607452393,8.228811025619507
426,0.1904810220003128,,188.28860235214233,8.243766784667969
427,0.22711284458637238,,188.72156953811646,8.258728981018066
428,0.26653769612312317,,189.15534734725952,8.273685216903687
429,0.22940239310264587,,189.58920693397522,8.288634061813354
430,0.2306978702545166,,190.02161359786987,8.30356740951538
431,0.18546408414840698,,190.45441913604736,8.31851577758789
432,0.1788259893655777,,190.8873016834259,8.33346676826477
433,0.18386343121528625,,191.32102513313293,8.348413944244385
434,0.1784452646970749,,191.75383043289185,8.363357782363892
435,0.1817454695701599,,192.18677616119385,8.378305196762085
436,0.17514668405056,,192.61971282958984,8.393255233764648
437,0.17508791387081146,,193.05061078071594,8.40819787979126
438,0.16343383491039276,,193.48663640022278,8.42314338684082
439,0.16910645365715027,,193.91874837875366,8.438087701797485
440,0.17476698756217957,,194.35244369506836,8.453050136566162
441,0.17113466560840607,,194.78563261032104,8.467985391616821
442,0.20466354489326477,,195.21768951416016,8.482925653457642
443,0.17649362981319427,,195.6505093574524,8.497876405715942
444,0.1764489859342575,,196.08349990844727,8.512824296951294
445,0.19461007416248322,,196.51603293418884,8.5277841091156
446,0.20547790825366974,,196.94919729232788,8.542734622955322
447,0.19426500797271729,,197.38115549087524,8.557676315307617
448,0.23326128721237183,,197.81309461593628,8.572619676589966
449,0.20203250646591187,,198.24526715278625,8.58755087852478
450,0.18616534769535065,,198.89810490608215,8.602498292922974
451,0.17712411284446716,,199.33135604858398,8.617445945739746
452,0.1754700243473053,,199.76331996917725,8.632394075393677
453,0.17166143655776978,,200.19627928733826,8.64733362197876
454,0.16938325762748718,,200.629949092865,8.662286520004272
455,0.19087928533554077,,201.06272411346436,8.677215099334717
456,0.1871906965970993,,201.49560141563416,8.69214916229248
457,0.17892421782016754,,201.9288146495819,8.707083940505981
458,0.23106107115745544,,202.36201238632202,8.72203540802002
459,0.1988515704870224,,202.79431629180908,8.736986875534058
460,0.17868603765964508,,203.22827625274658,8.75192642211914
461,0.1706124097108841,,203.66119241714478,8.76688003540039
462,0.17898498475551605,,204.0945599079132,8.781835079193115
463,0.18508756160736084,,204.52782249450684,8.796777486801147
464,0.18919450044631958,,204.9613676071167,8.811724424362183
465,0.1845385879278183,,205.39449954032898,8.826682567596436
466,0.18722808361053467,,205.82679653167725,8.841619968414307
467,0.19379186630249023,,206.25822019577026,8.856562852859497
468,0.19056124985218048,,206.69081020355225,8.871488332748413
469,0.17767275869846344,,207.12486100196838,8.88642692565918
470,0.17164911329746246,,207.55768656730652,8.901369333267212
471,0.17799384891986847,,207.99124145507812,8.9163236618042
472,0.173588827252388,,208.42560648918152,8.931253910064697
473,0.16276724636554718,,208.8578999042511,8.946200370788574
474,0.16614417731761932,,209.290034532547,8.961143016815186
475,0.1752345860004425,,209.72329592704773,8.976092338562012
476,0.19497260451316833,,210.15469622612,8.991041660308838
477,0.35034283995628357,,210.58792328834534,9.005993127822876
478,0.2248741239309311,,211.02338361740112,9.02094554901123
479,0.20136554539203644,,211.45687437057495,9.035898685455322
480,0.20740769803524017,,211.88836312294006,9.050858736038208
481,0.2075870782136917,,212.32066893577576,9.065804719924927
482,0.20668920874595642,,212.75313425064087,9.0807523727417
483,0.19509397447109222,,213.1844356060028,9.095701694488525
484,0.18662065267562866,,213.61810159683228,9.110657453536987
485,0.18961668014526367,,214.0493986606598,9.125605344772339
486,0.18350455164909363,,214.48246455192566,9.140561819076538
487,0.18692359328269958,,214.91544008255005,9.155505180358887
488,0.1779620349407196,,215.34866213798523,9.17044973373413
489,0.17670838534832,,215.78231501579285,9.185385942459106
490,0.1800297200679779,,216.21517968177795,9.200335264205933
491,0.17900054156780243,,216.64692306518555,9.215283393859863
492,0.1923740953207016,,217.07692646980286,9.230231523513794
493,0.17167383432388306,,217.5112075805664,9.245162963867188
494,0.17593123018741608,,217.94253826141357,9.260104179382324
495,0.17438575625419617,,218.37518620491028,9.275032758712769
496,0.1878460794687271,,218.80717945098877,9.28997278213501
497,0.21189673244953156,,219.24095225334167,9.304919242858887
498,0.19581912457942963,,219.67463326454163,9.319898128509521
499,0.19013641774654388,,220.10804176330566,9.334847688674927
500,0.1908375471830368,-0.02332819253206253,220.76478624343872,11.09197211265564
501,0.17561765015125275,,221.1992166042328,11.106941223144531
502,0.18326792120933533,,221.6323938369751,11.12190580368042
503,0.19298502802848816,,222.06556344032288,11.136845827102661
504,0.19600161910057068,,222.4990246295929,11.15178918838501
505,0.18510863184928894,,222.93237352371216,11.166730165481567
506,0.18902425467967987,,223.36346244812012,11.181688785552979
507,0.19597947597503662,,223.79735398292542,11.196609020233154
508,0.2013145238161087,,224.23059558868408,11.21155047416687
509,0.19732923805713654,,224.6614532470703,11.226495504379272
510,0.19395332038402557,,225.0944151878357,11.241433382034302
511,0.19430650770664215,,225.52728605270386,11.256375312805176
512,0.19670316576957703,,225.9598593711853,11.271314859390259
513,0.19146525859832764,,226.39447045326233,11.286261558532715
514,0.20472761988639832,,226.82683992385864,11.301206350326538
515,0.18951022624969482,,227.25929880142212,11.316139459609985
516,0.190276637673378,,227.69254636764526,11.33107042312622
517,0.3014926612377167,,228.12486147880554,11.346023082733154
518,0.21569806337356567,,228.55658221244812,11.360960721969604
519,0.19211320579051971,,228.99177408218384,11.375909328460693
520,0.1969127207994461,,229.42564010620117,11.390851259231567
521,0.19884398579597473,,229.85845041275024,11.405804634094238
522,0.18743722140789032,,230.29148721694946,11.420756578445435
523,0.18459834158420563,,230.72370076179504,11.435706615447998
524,0.18833310902118683,,231.1560914516449,11.45064401626587
525,0.18377165496349335,,231.59047293663025,11.465575456619263
526,0.19066670536994934,,232.02281308174133,11.480516195297241
527,0.18124371767044067,,232.4561493396759,11.495423793792725
528,0.18543779850006104,,232.88928532600403,11.510365962982178
529,0.18603076040744781,,233.32011103630066,11.525304317474365
530,0.1800670325756073,,233.75187277793884,11.540258646011353
531,0.1769668459892273,,234.18590259552002,11.55519986152649
532,0.17892040312290192,,234.61818647384644,11.57014513015747
533,0.17673394083976746,,235.05114150047302,11.585099935531616
534,0.17380616068840027,,235.48521327972412,11.600060224533081
535,0.18042851984500885,,235.91903591156006,11.6150062084198
536,0.18244720995426178,,236.35137152671814,11.629956722259521
537,0.18270738422870636,,236.7846965789795,11.644908428192139
538,0.19676530361175537,,237.21614456176758,11.659852743148804
539,0.1990581899881363,,237.64837789535522,11.674800157546997
540,0.20189502835273743,,238.08135747909546,11.68973994255066
541,0.20484358072280884,,238.51423382759094,11.704691648483276
542,0.1947014033794403,,238.94650292396545,11.719637155532837
543,0.18695507943630219,,239.37976741790771,11.734577178955078
544,0.19305013120174408,,239.8124394416809,11.749521732330322
545,0.18432746827602386,,240.24518299102783,11.764467239379883
546,0.17420949041843414,,240.6787977218628,11.779412746429443
547,0.17402730882167816,,241.11257076263428,11.794346570968628
548,0.17058710753917694,,241.54604721069336,11.809295892715454
549,0.17387357354164124,,241.98020768165588,11.824242115020752
550,0.17040345072746277,,242.63409876823425,11.839183330535889
551,0.16729457676410675,,243.068430185318,11.854133129119873
552,0.16823023557662964,,243.50129342079163,11.86908769607544
553,0.18178358674049377,,243.93471789360046,11.884022235870361
554,0.19340083003044128,,244.3684856891632,11.89895749092102
555,0.17506526410579681,,244.80301761627197,11.913885116577148
556,0.18972724676132202,,245.23467254638672,11.928824424743652
557,0.18195173144340515,,245.66878056526184,11.943760633468628
558,0.18089258670806885,,246.10171484947205,11.95869755744934
559,0.18302373588085175,,246.53658175468445,11.973626375198364
560,0.2079504281282425,,246.96924710273743,11.988566637039185
561,0.18234199285507202,,247.40267181396484,12.003519535064697
562,0.18040497601032257,,247.83551597595215,12.018449068069458
563,0.1732873171567917,,248.27018356323242,12.033386707305908
564,0.17637550830841064,,248.70326375961304,12.048314571380615
565,0.23400771617889404,,249.1336326599121,12.063270092010498
566,0.18736772239208221,,249.5672709941864,12.078191757202148
567,0.19956086575984955,,250.00011467933655,12.093126773834229
568,0.18084536492824554,,250.43342208862305,12.108097076416016
569,0.18286210298538208,,250.8654100894928,12.123049259185791
570,0.18482327461242676,,251.29817700386047,12.13800859451294
571,0.2027759701013565,,251.7338089942932,12.15294599533081
572,0.2052910476922989,,252.1667594909668,12.16789436340332
573,0.2044454962015152,,252.5989294052124,12.182846307754517
574,0.19381961226463318,,253.0317087173462,12.19781756401062
575,0.17292243242263794,,253.4651312828064,12.21276044845581
576,0.17323391139507294,,253.8987684249878,12.227738857269287
577,0.1688038855791092,,254.33230209350586,12.242693185806274
578,0.17123450338840485,,254.766428232193,12.257633209228516
579,0.17053276300430298,,255.19986128807068,12.27257513999939
580,0.17468032240867615,,255.63017010688782,12.287530422210693
581,0.17836734652519226,,256.0636351108551,12.302464008331299
582,0.18240943551063538,,256.49624371528625,12.317412614822388
583,0.17935089766979218,,256.9280729293823,12.33235502243042
584,0.17435261607170105,,257.3615999221802,12.347302913665771
585,0.18263989686965942,,257.79540371894836,12.362263917922974
586,0.17411001026630402,,258.2281970977783,12.37721872329712
587,0.17688868939876556,,258.6619918346405,12.392170190811157
588,0.18088848888874054,,259.0941126346588,12.40712022781372
589,0.17500902712345123,,259.52658200263977,12.42206859588623
590,0.186198890209198,,259.9608681201935,12.437017679214478
591,0.17876817286014557,,260.3943123817444,12.451943397521973
592,0.17756731808185577,,260.82659363746643,12.466900825500488
593,0.1811484545469284,,261.25910210609436,12.48185133934021
594,0.17722806334495544,,261.688729763031,12.496799945831299
595,0.18502089381217957,,262.1206884384155,12.511742115020752
596,0.1709866225719452,,262.55457639694214,12.526686668395996
597,0.1859787255525589,,262.9883568286896,12.541632890701294
598,0.1964981108903885,,263.4209864139557,12.55656886100769
599,0.19746296107769012,,263.8536276817322,12.571529388427734
600,0.1853007674217224,,264.5088572502136,12.586487293243408
601,0.17295962572097778,,264.94124817848206,12.601427555084229
602,0.17458897829055786,,265.3728840351105,12.616369247436523
603,0.1729331612586975,,265.8052523136139,12.63133716583252
604,0.17479345202445984,,266.2394902706146,12.646291494369507
605,0.16677644848823547,,266.67156291007996,12.661233186721802
606,0.16476675868034363,,267.10426783561707,12.676170110702515
607,0.16463914513587952,,267.53745317459106,12.691111326217651
608,0.17086346447467804,,267.97023153305054,12.706059217453003
609,0.1613272726535797,,268.4050934314728,12.72099232673645
610,0.17528045177459717,,268.83885502815247,12.735939979553223
611,0.16939042508602142,,269.2699990272522,12.750879287719727
612,0.17119351029396057,,269.7021806240082,12.765825748443604
613,0.18832355737686157,,270.13357639312744,12.780775308609009
614,0.1812731921672821,,270.5661156177521,12.795717716217041
615,0.19067500531673431,,270.9985854625702,12.810662031173706
616,0.22828446328639984,,271.43247532844543,12.825608968734741
617,0.18504707515239716,,271.86515283584595,12.840555906295776
618,0.1911904364824295,,272.29623460769653,12.855496168136597
619,0.18081478774547577,,272.7285692691803,12.870448589324951
620,0.1791909635066986,,273.1596477031708,12.885398149490356
621,0.18249370157718658,,273.59230184555054,12.900343418121338
622,0.17440277338027954,,274.0266647338867,12.91529369354248
623,0.23322559893131256,,274.4582703113556,12.930248498916626
624,0.19100713729858398,,274.8907268047333,12.945205211639404
625,0.16978852450847626,,275.3239800930023,12.96015191078186
626,0.1643655002117157,,275.75716185569763,12.975097179412842
627,0.16040058434009552,,276.1909146308899,12.990038633346558
628,0.16121692955493927,,276.62454414367676,13.004996538162231
629,0.165347620844841,,277.0567126274109,13.019946813583374
630,0.16249868273735046,,277.4904160499573,13.034900426864624
631,0.15104670822620392,,277.923864364624,13.049850940704346
632,0.16193734109401703,,278.36051321029663,13.064807415008545
633,0.15864431858062744,,278.7934715747833,13.079747676849365
634,0.15950246155261993,,279.22707509994507,13.094690799713135
635,0.16345065832138062,,279.6600832939148,13.109634637832642
636,0.16699790954589844,,280.0906231403351,13.124584436416626
637,0.20303036272525787,,280.52525544166565,13.139536142349243
638,0.19924379885196686,,280.95859956741333,13.154481410980225
639,0.20848311483860016,,281.39152097702026,13.169420719146729
640,0.16063308715820312,,281.8240876197815,13.184369564056396
641,0.1553976982831955,,282.25875782966614,13.199315786361694
642,0.15930764377117157,,282.69212532043457,13.21427059173584
643,0.157901793718338,,283.12605834007263,13.229222059249878
644,0.15180036425590515,,283.55743980407715,13.244172811508179
645,0.1524355411529541,,283.9906005859375,13.259110450744629
646,0.16018031537532806,,284.42385697364807,13.274064540863037
647,0.1633811742067337,,284.85628175735474,13.289013862609863
648,0.1630401313304901,,285.2882492542267,13.30396819114685
649,0.1559949666261673,,285.72226071357727,13.318909883499146
650,0.15634115040302277,,286.37344193458557,13.333857536315918
651,0.15484018623828888,,286.81026697158813,13.34880805015564
652,0.14998359978199005,,287.24417209625244,13.363757848739624
653,0.15847580134868622,,287.67869424819946,13.378717184066772
654,0.19608917832374573,,288.11360692977905,13.39366865158081
655,0.17972299456596375,,288.5461206436157,13.408612489700317
656,0.21156424283981323,,288.9798996448517,13.423550605773926
657,0.16715773940086365,,289.41221046447754,13.438491582870483
658,0.15818804502487183,,289.8441376686096,13.453411102294922
659,0.14618484675884247,,290.2754981517792,13.468360900878906
660,0.14080961048603058,,290.70977544784546,13.4833083152771
661,0.1411771923303604,,291.1421911716461,13.498250484466553
662,0.14125709235668182,,291.57458996772766,13.513195991516113
663,0.14199157059192657,,292.0091896057129,13.528138160705566
664,0.17017842829227448,,292.4423899650574,13.543087244033813
665,0.14764951169490814,,292.8758816719055,13.558025360107422
666,0.1530688852071762,,293.31019020080566,13.572976350784302
667,0.14580674469470978,,293.7416625022888,13.587921380996704
668,0.1450089067220688,,294.17655086517334,13.602862358093262
669,0.14071063697338104,,294.6108696460724,13.617798328399658
670,0.14103592932224274,,295.04277896881104,13.632748126983643
671,0.16385774314403534,,295.4741542339325,13.647668361663818
672,0.1598447859287262,,295.907856464386,13.662623643875122
673,0.146861270070076,,296.34057450294495,13.677569389343262
674,0.14248014986515045,,296.77218317985535,13.692508935928345
675,0.14276187121868134,,297.205983877182,13.70746636390686
676,0.14031025767326355,,297.6397314071655,13.72241497039795
677,0.14034956693649292,,298.07302069664,13.737368106842041
678,0.1396622508764267,,298.51037526130676,13.752321004867554
679,0.1407061517238617,,298.9428470134735,13.767263650894165
680,0.14062108099460602,,299.37501859664917,13.782198429107666
681,0.1474475860595703,,299.8100724220276,13.797152280807495
682,0.1489807665348053,,300.24452114105225,13.812084913253784
683,0.1535106748342514,,300.6771912574768,13.827030420303345
684,0.14998000860214233,,301.10983872413635,13.84197211265564
685,0.1572655290365219,,301.54213666915894,13.856918334960938
686,0.14791874587535858,,301.97290325164795,13.871869802474976
687,0.15350835025310516,,302.40646505355835,13.886826992034912
688,0.15803262591362,,302.837922334671,13.901766538619995
689,0.1597272902727127,,303.26998138427734,13.916703939437866
690,0.15417620539665222,,303.7062773704529,13.931649208068848
691,0.14165213704109192,,304.13949823379517,13.9465811252594
692,0.14289653301239014,,304.57240867614746,13.961549043655396
693,0.14208313822746277,,305.00671887397766,13.9764564037323
694,0.14076723158359528,,305.4397280216217,13.99140477180481
695,0.14071595668792725,,305.8718273639679,14.00636625289917
696,0.14909258484840393,,306.3055508136749,14.021310329437256
697,0.17215093970298767,,306.73903346061707,14.03624939918518
698,0.15938571095466614,,307.17116236686707,14.051210165023804
699,0.13791996240615845,,307.6054320335388,14.066165208816528
700,0.13726861774921417,,308.2584147453308,14.081108808517456
701,0.1380290389060974,,308.6941137313843,14.096062183380127
702,0.13992342352867126,,309.12675619125366,14.111022233963013
703,0.1383633315563202,,309.55869936943054,14.12597131729126
704,0.14202244579792023,,309.99204540252686,14.140903949737549
705,0.1414128988981247,,310.42462849617004,14.15585207939148
706,0.15220656991004944,,310.85771656036377,14.170798540115356
707,0.14100539684295654,,311.29019355773926,14.185746192932129
708,0.141438290476799,,311.7229516506195,14.200685024261475
709,0.14476564526557922,,312.15366649627686,14.215636968612671
710,0.14205600321292877,,312.58713245391846,14.230587244033813
711,0.1515931934118271,,313.0212457180023,14.245548486709595
712,0.1406783163547516,,313.4543664455414,14.260499477386475
713,0.14477787911891937,,313.88707852363586,14.275451898574829
714,0.21457962691783905,,314.3188359737396,14.290395259857178
715,0.15931196510791779,,314.750937461853,14.305331230163574
716,0.15576061606407166,,315.18438816070557,14.320257663726807
717,0.14025524258613586,,315.61823558807373,14.335211515426636
718,0.14574337005615234,,316.0508689880371,14.350153684616089
719,0.1487537920475006,,316.48456168174744,14.365085363388062
720,0.1394471824169159,,316.9168734550476,14.380021333694458
721,0.1358204334974289,,317.34986996650696,14.394966840744019
722,0.13810575008392334,,317.7833819389343,14.409930944442749
723,0.1355535387992859,,318.2176067829132,14.424888134002686
724,0.13593240082263947,,318.6479752063751,14.43983244895935
725,0.13606834411621094,,319.08164381980896,14.454774618148804
726,0.1336309313774109,,319.5153317451477,14.469723463058472
727,0.1404358595609665,,319.9482100009918,14.4846773147583
728,0.13426510989665985,,320.38008546829224,14.499598264694214
729,0.1353585571050644,,320.8131787776947,14.514557361602783
730,0.13348981738090515,,321.2476370334625,14.529492378234863
731,0.1388869285583496,,321.68095660209656,14.544445753097534
732,0.1308470368385315,,322.11282563209534,14.5593843460083
733,0.14081940054893494,,322.5459175109863,14.574328899383545
734,0.13275112211704254,,322.979168176651,14.58927583694458
735,0.12805889546871185,,323.41187143325806,14.6042320728302
736,0.13011038303375244,,323.8493959903717,14.619173526763916
737,0.12657465040683746,,324.2825469970703,14.634115219116211
738,0.12661464512348175,,324.7150774002075,14.649075269699097
739,0.12699033319950104,,325.1472358703613,14.664000511169434
740,0.12677878141403198,,325.58134722709656,14.678964853286743
741,0.12728410959243774,,326.0126209259033,14.693910837173462
742,0.12831631302833557,,326.44577193260193,14.708869457244873
743,0.15411870181560516,,326.8788537979126,14.723824739456177
744,0.16953040659427643,,327.31122732162476,14.738762140274048
745,0.1305151879787445,,327.74421739578247,14.753710985183716
746,0.12590374052524567,,328.1769804954529,14.768656015396118
747,0.12380972504615784,,328.6085057258606,14.783602476119995
748,0.1276503950357437,,329.0411536693573,14.798541784286499
749,0.12554435431957245,,329.47593998908997,14.813504695892334
750,0.12548626959323883,,330.12914276123047,14.828466176986694
751,0.12387552857398987,,330.56096291542053,14.843406200408936
752,0.12545709311962128,,330.9937481880188,14.858350038528442
753,0.12294342368841171,,331.42500019073486,14.873307704925537
754,0.12579838931560516,,331.85872530937195,14.888221979141235
755,0.12064577639102936,,332.2922487258911,14.903167963027954
756,0.11912353336811066,,332.7249913215637,14.918128252029419
757,0.1896975338459015,,333.1569678783417,14.933077812194824
758,0.11518683284521103,,333.58914613723755,14.948012351989746
759,0.11589942872524261,,334.0219943523407,14.962958812713623
760,0.11731445789337158,,334.4548797607422,14.977911233901978
761,0.11599582433700562,,334.88759422302246,14.992860078811646
762,0.11986459791660309,,335.31908202171326,15.007811784744263
763,0.11788368225097656,,335.75363969802856,15.022730112075806
764,0.12268783152103424,,336.1845266819,15.037662506103516
765,0.12115305662155151,,336.61768078804016,15.052589893341064
766,0.11926639080047607,,337.05161690711975,15.067529678344727
767,0.11900036036968231,,337.4841182231903,15.082491874694824
768,0.1237732321023941,,337.91718316078186,15.097447395324707
769,0.12607580423355103,,338.3487594127655,15.112400531768799
770,0.12429368495941162,,338.7785768508911,15.127346277236938
771,0.13680289685726166,,339.2134096622467,15.14228630065918
772,0.1440143883228302,,339.6468245983124,15.157234191894531
773,0.1490078568458557,,340.07997393608093,15.1721773147583
774,0.20870143175125122,,340.5137002468109,15.187102556228638
775,0.1248866468667984,,340.9459071159363,15.202025890350342
776,0.13436977565288544,,341.37918519973755,15.21696949005127
777,0.12109003216028214,,341.81268978118896,15.23192310333252
778,0.12591290473937988,,342.24760460853577,15.246872186660767
779,0.12449479103088379,,342.6833641529083,15.261810779571533
780,0.11824177205562592,,343.1169183254242,15.276745319366455
781,0.11942003667354584,,343.5501570701599,15.291696071624756
782,0.11899706721305847,,343.98371982574463,15.306641578674316
783,0.11999712884426117,,344.4165117740631,15.321606874465942
784,0.12026273459196091,,344.848605632782,15.336560010910034
785,0.11984465271234512,,345.2812249660492,15.351497650146484
786,0.12126081436872482,,345.71293449401855,15.366444110870361
787,0.12561529874801636,,346.1478953361511,15.38139533996582
788,0.13421659171581268,,346.58122754096985,15.396346092224121
789,0.12919223308563232,,347.014671087265,15.411303043365479
790,0.12453136593103409,,347.4479811191559,15.426251411437988
791,0.11982432752847672,,347.8805003166199,15.441201448440552
792,0.12658379971981049,,348.3134596347809,15.456144571304321
793,0.1216600090265274,,348.74693536758423,15.47109055519104
794,0.1168690174818039,,349.18036103248596,15.486034631729126
795,0.11799587309360504,,349.6112644672394,15.500956773757935
796,0.1343155801296234,,350.04466676712036,15.515889644622803
797,0.29398396611213684,,350.4768376350403,15.53083610534668
798,0.15912029147148132,,350.91007471084595,15.54577088356018
799,0.14321234822273254,,351.3438415527344,15.56070613861084
800,0.1333920657634735,,351.9985761642456,15.575625658035278
801,0.1306954026222229,,352.4318242073059,15.590571880340576
802,0.1253286600112915,,352.86369585990906,15.605499982833862
803,0.12794794142246246,,353.2954263687134,15.620442152023315
804,0.12431134283542633,,353.7263059616089,15.635388374328613
805,0.12276310473680496,,354.158474445343,15.650333404541016
806,0.12088461965322495,,354.5918769836426,15.665272951126099
807,0.12049438059329987,,355.02655363082886,15.68020486831665
808,0.12162145227193832,,355.4596748352051,15.695165395736694
809,0.12132396548986435,,355.8927094936371,15.710091829299927
810,0.11983206868171692,,356.32491755485535,15.725026607513428
811,0.11934593319892883,,356.7578752040863,15.739943504333496
812,0.11984919011592865,,357.19125056266785,15.754889965057373
813,0.1253332793712616,,357.62548089027405,15.769842863082886
814,0.1212015450000763,,358.05778074264526,15.784795999526978
815,0.12524454295635223,,358.4889931678772,15.799736499786377
816,0.12230560928583145,,358.92228865623474,15.814677953720093
817,0.12042039632797241,,359.35535764694214,15.829634428024292
818,0.13790491223335266,,359.7880368232727,15.844563484191895
819,0.11862446367740631,,360.2199981212616,15.85950255393982
820,0.11964083462953568,,360.65216970443726,15.874446630477905
821,0.1300787329673767,,361.08294224739075,15.88939094543457
822,0.12187954783439636,,361.51659178733826,15.904326915740967
823,0.1214720755815506,,361.9491186141968,15.919284582138062
824,0.12229868769645691,,362.38203954696655,15.934231281280518
825,0.12138228863477707,,362.8141882419586,15.94917368888855
826,0.12334495037794113,,363.2491455078125,15.964120388031006
827,0.12216891348361969,,363.68122267723083,15.97907567024231
828,0.12415093183517456,,364.11366724967957,15.994053602218628
829,0.12338291853666306,,364.5450577735901,16.008973598480225
830,0.12137840688228607,,364.97881269454956,16.023916482925415
831,0.12715011835098267,,365.41207551956177,16.038846015930176
832,0.12362975627183914,,365.8442623615265,16.053791761398315
833,0.12390720844268799,,366.2750735282898,16.068734407424927
834,0.12425568699836731,,366.7085313796997,16.08366870880127
835,0.13962304592132568,,367.1416919231415,16.098623037338257
836,0.11962991207838058,,367.57555174827576,16.113572120666504
837,0.12050048261880875,,368.0090868473053,16.128522634506226
838,0.11960750818252563,,368.4414646625519,16.143457651138306
839,0.12119308859109879,,368.876585483551,16.158405542373657
840,0.1205766573548317,,369.3106527328491,16.173335313796997
841,0.12459471821784973,,369.7438929080963,16.18828296661377
842,0.12551754713058472,,370.17586159706116,16.203203678131104
843,0.12392979115247726,,370.6091413497925,16.218156576156616
844,0.12902484834194183,,371.04254937171936,16.233078718185425
845,0.12172845005989075,,371.4753725528717,16.248024702072144
846,0.11972937732934952,,371.90850806236267,16.26297426223755
847,0.12160065025091171,,372.3413932323456,16.277917861938477
848,0.12127448618412018,,372.77576303482056,16.292880058288574
849,0.12633530795574188,,373.2101788520813,16.30781650543213
850,0.12191552668809891,,373.8626432418823,16.32276678085327
851,0.12168817222118378,,374.29669308662415,16.337716341018677
852,0.1266060173511505,,374.7278776168823,16.352654933929443
853,0.12428797781467438,,375.16044425964355,16.3675856590271
854,0.12245263159275055,,375.5941815376282,16.382535934448242
855,0.12238665670156479,,376.0257136821747,16.397475481033325
856,0.12268061190843582,,376.4580399990082,16.412421941757202
857,0.12029274553060532,,376.8919258117676,16.42733359336853
858,0.12112867832183838,,377.32463574409485,16.442282676696777
859,0.12274385243654251,,377.757039308548,16.45720648765564
860,0.11899595707654953,,378.19108748435974,16.472144842147827
861,0.1205577477812767,,378.6222484111786,16.48708486557007
862,0.12095034122467041,,379.0543541908264,16.50204062461853
863,0.12232834845781326,,379.48815870285034,16.516995429992676
864,0.12327633798122406,,379.9223897457123,16.531938076019287
865,0.1274127960205078,,380.35392022132874,16.546882152557373
866,0.1231849268078804,,380.78743624687195,16.56180691719055
867,0.12130794674158096,,381.2213158607483,16.57677173614502
868,0.12102960795164108,,381.65265583992004,16.59171772003174
869,0.12932723760604858,,382.0870077610016,16.60666251182556
870,0.1288783848285675,,382.52030754089355,16.62160897254944
871,0.12368214875459671,,382.95244669914246,16.636548042297363
872,0.1283417046070099,,383.38404273986816,16.651485443115234
873,0.13458959758281708,,383.8171784877777,16.666433095932007
874,0.1254914104938507,,384.2490358352661,16.681374311447144
875,0.12070341408252716,,384.6817419528961,16.696301698684692
876,0.11975575238466263,,385.1148102283478,16.71123695373535
877,0.11932043731212616,,385.5474307537079,16.726154565811157
878,0.132125586271286,,385.983051776886,16.741113424301147
879,0.1594793200492859,,386.4161276817322,16.75607442855835
880,0.12008801102638245,,386.84977412223816,16.771016359329224
881,0.11766159534454346,,387.2835056781769,16.78596782684326
882,0.11676019430160522,,387.7157220840454,16.80091619491577
883,0.11676006764173508,,388.1469056606293,16.81586217880249
884,0.11632991582155228,,388.58052039146423,16.830798387527466
885,0.11593864858150482,,389.0124683380127,16.84573793411255
886,0.11616843938827515,,389.44561767578125,16.86067271232605
887,0.11833422631025314,,389.87951946258545,16.875627279281616
888,0.11615094542503357,,390.3123323917389,16.89056944847107
889,0.11465103924274445,,390.7441551685333,16.905519723892212
890,0.1167103499174118,,391.1789381504059,16.92046332359314
891,0.11807539314031601,,391.6120412349701,16.935418844223022
892,0.11710307002067566,,392.0445017814636,16.95036816596985
893,0.1294802874326706,,392.47869896888733,16.96530818939209
894,0.11710381507873535,,392.91271448135376,16.980245351791382
895,0.12380830198526382,,393.3459005355835,16.995190858840942
896,0.12814836204051971,,393.7788496017456,17.010123252868652
897,0.12290666252374649,,394.2118854522705,17.025057077407837
898,0.12782274186611176,,394.6442139148712,17.039998292922974
899,0.11794582009315491,,395.0772559642792,17.054946899414062
900,0.12596376240253448,,395.72832465171814,17.06988763809204
901,0.11973623931407928,,396.16143012046814,17.084819078445435
902,0.12570272386074066,,396.59481930732727,17.099777698516846
903,0.12258690595626831,,397.0268609523773,17.114692449569702
904,0.11628025770187378,,397.46006965637207,17.129639863967896
905,0.1264442652463913,,397.89240550994873,17.14458966255188
906,0.12612132728099823,,398.3248825073242,17.159539461135864
907,0.1288236826658249,,398.756959438324,17.174482345581055
908,0.12938272953033447,,399.1902103424072,17.189425945281982
909,0.1373845934867859,,399.6223056316376,17.204386949539185
910,0.11840485036373138,,400.0560336112976,17.219332218170166
911,0.14866070449352264,,400.4876687526703,17.234283447265625
912,0.11258406192064285,,400.92652559280396,17.249189853668213
913,0.11264123022556305,,401.3596405982971,17.26413583755493
914,0.11290650069713593,,401.79335927963257,17.279067754745483
915,0.10768865793943405,,402.2246286869049,17.29401421546936
916,0.11122916638851166,,402.6572952270508,17.308946132659912
917,0.10742248594760895,,403.0894033908844,17.32388210296631
918,0.12377417832612991,,403.5217094421387,17.338836431503296
919,0.1093565970659256,,403.95641803741455,17.353782415390015
920,0.11189132928848267,,404.38963198661804,17.36874032020569
921,0.10822706669569016,,404.8205623626709,17.383667945861816
922,0.10464523732662201,,405.25516295433044,17.398618459701538
923,0.1047649160027504,,405.6875743865967,17.413540840148926
924,0.10352650284767151,,406.1200602054596,17.42848539352417
925,0.10603120177984238,,406.55372428894043,17.44344711303711
926,0.11308766901493073,,406.9865691661835,17.458396434783936
927,0.11463016271591187,,407.4204640388489,17.473339080810547
928,0.10778772830963135,,407.8511872291565,17.488279342651367
929,0.11500095576047897,,408.282883644104,17.503214359283447
930,0.11430543661117554,,408.713769197464,17.51816749572754
931,0.13424769043922424,,409.14652156829834,17.533122301101685
932,0.11960499733686447,,409.5790526866913,17.54803442955017
933,0.12640556693077087,,410.01317405700684,17.56299376487732
934,0.12289872020483017,,410.44670128822327,17.577931880950928
935,0.1326456516981125,,410.87747502326965,17.592875242233276
936,0.11866644024848938,,411.3086178302765,17.607812881469727
937,0.11263394355773926,,411.74234104156494,17.62275791168213
938,0.11092303693294525,,412.1753807067871,17.637705326080322
939,0.11292378604412079,,412.6080229282379,17.652657508850098
940,0.12269503623247147,,413.0408728122711,17.667600870132446
941,0.11205898970365524,,413.47480869293213,17.68252396583557
942,0.11524465680122375,,413.90814328193665,17.69747042655945
943,0.1100216656923294,,414.3412618637085,17.71240782737732
944,0.12237867712974548,,414.77402782440186,17.727356433868408
945,0.17381680011749268,,415.2070367336273,17.74229907989502
946,0.11202384531497955,,415.6408278942108,17.75724983215332
947,0.10193567723035812,,416.07227087020874,17.772194862365723
948,0.10543690621852875,,416.50605034828186,17.787116527557373
949,0.10186927765607834,,416.93919682502747,17.802067279815674
950,0.1031738817691803,,417.592267036438,17.817014455795288
951,0.1011749878525734,,418.0255663394928,17.831952571868896
952,0.11168673634529114,,418.4589309692383,17.846895217895508
953,0.10242845118045807,,418.8903880119324,17.86182999610901
954,0.10039011389017105,,419.3249707221985,17.876763105392456
955,0.10387152433395386,,419.75652146339417,17.89171004295349
956,0.10526840388774872,,420.18773913383484,17.90664291381836
957,0.10889513790607452,,420.621652841568,17.92158079147339
958,0.10257241874933243,,421.0558876991272,17.936500072479248
959,0.10122901201248169,,421.4902799129486,17.95145344734192
960,0.10947801917791367,,421.9232556819916,17.966404914855957
961,0.11320465058088303,,422.35563254356384,17.981347799301147
962,0.0993269607424736,,422.78661918640137,17.996294736862183
963,0.10119269043207169,,423.21952509880066,18.0112361907959
964,0.09886103868484497,,423.6514675617218,18.02618408203125
965,0.09882412850856781,,424.08438062667847,18.041132926940918
966,0.09773684293031693,,424.5174744129181,18.056072473526
967,0.1290890872478485,,424.9504425525665,18.070998430252075
968,0.09757045656442642,,425.3833270072937,18.085938215255737
969,0.12531264126300812,,425.8153681755066,18.100877046585083
970,0.2387545108795166,,426.24837350845337,18.115832090377808
971,0.11421852558851242,,426.6799671649933,18.130776405334473
972,0.1002143919467926,,427.11376333236694,18.14572238922119
973,0.11741948127746582,,427.54678416252136,18.16067361831665
974,0.10672906041145325,,427.9805717468262,18.175604581832886
975,0.09595095366239548,,428.41391921043396,18.190548419952393
976,0.09867652505636215,,428.8466064929962,18.20548367500305
977,0.10215386003255844,,429.27819442749023,18.220443964004517
978,0.09607502073049545,,429.7118504047394,18.235383987426758
979,0.09277485311031342,,430.1443099975586,18.250335216522217
980,0.09437678009271622,,430.57622742652893,18.265290021896362
981,0.09742695838212967,,431.00977849960327,18.280248165130615
982,0.094231016933918,,431.4425106048584,18.29518961906433
983,0.09085284173488617,,431.8755965232849,18.31014060974121
984,0.091476209461689,,432.31009817123413,18.32509708404541
985,0.0952925831079483,,432.74431443214417,18.34004282951355
986,0.09407329559326172,,433.176570892334,18.354992866516113
987,0.09500109404325485,,433.61083006858826,18.369910717010498
988,0.0932297557592392,,434.0427212715149,18.384870290756226
989,0.09363620728254318,,434.47519993782043,18.39981746673584
990,0.09233470261096954,,434.9087800979614,18.41475534439087
991,0.09632008522748947,,435.3407983779907,18.429708003997803
992,0.09145009517669678,,435.77373456954956,18.44465684890747
993,0.09070412814617157,,436.2077922821045,18.459595203399658
994,0.09209246933460236,,436.6413552761078,18.47456169128418
995,0.09515894204378128,,437.07387042045593,18.489513158798218
996,0.09592077881097794,,437.5082583427429,18.50444769859314
997,0.09324142336845398,,437.93879413604736,18.51940369606018
998,0.10368164628744125,,438.37013006210327,18.534335613250732
999,0.09456817060709,,438.8028438091278,18.549266815185547
1000,0.1100178137421608,-0.010820740833878517,439.4567530155182,20.305928230285645
1001,0.09333676099777222,,439.8913245201111,20.320876598358154
1002,0.09390776604413986,,440.32410526275635,20.33581805229187
1003,0.0941295251250267,,440.7573547363281,20.35077667236328
1004,0.09105971455574036,,441.19152760505676,20.365726947784424
1005,0.09380410611629486,,441.62352418899536,20.380670309066772
1006,0.09610811620950699,,442.05605149269104,20.395602703094482
1007,0.09115468710660934,,442.48860359191895,20.41054105758667
1008,0.08989271521568298,,442.9217185974121,20.425490856170654
1009,0.08980182558298111,,443.3539559841156,20.44043493270874
1010,0.09041034430265427,,443.78681230545044,20.455381631851196
1011,0.1619047075510025,,444.2188079357147,20.470336198806763
1012,0.0885428935289383,,444.65202593803406,20.485295295715332
1013,0.087609201669693,,445.0856773853302,20.500250577926636
1014,0.08742577582597733,,445.5179100036621,20.515191793441772
1015,0.08696112036705017,,445.9503438472748,20.530136346817017
1016,0.08700941503047943,,446.3837196826935,20.545089960098267
1017,0.0878225713968277,,446.8161110877991,20.56001043319702
1018,0.08865417540073395,,447.2483751773834,20.57495903968811
1019,0.08984220027923584,,447.6823048591614,20.589874029159546
1020,0.0894538089632988,,448.1160080432892,20.604820489883423
1021,0.08898495137691498,,448.55019307136536,20.619738340377808
1022,0.10851601511240005,,448.9830446243286,20.634682178497314
1023,0.1713171899318695,,449.41546154022217,20.649635791778564
1024,0.09009970724582672,,449.8471863269806,20.664583206176758
1025,0.09174185991287231,,450.2815911769867,20.67953634262085
1026,0.09348788857460022,,450.7149965763092,20.694489002227783
1027,0.09926147013902664,,451.1473014354706,20.709438800811768
1028,0.10884504020214081,,451.58079409599304,20.724382400512695
1029,0.10671757161617279,,452.0140655040741,20.739336013793945
1030,0.11931886523962021,,452.44735383987427,20.75428318977356
1031,0.09568677842617035,,452.88084840774536,20.76923942565918
1032,0.09294266998767853,,453.3134958744049,20.784193754196167
1033,0.09116103500127792,,453.74604892730713,20.799152374267578
1034,0.08842211961746216,,454.17914867401123,20.814096450805664
1035,0.09114772081375122,,454.61214542388916,20.829034328460693
1036,0.0853789895772934,,455.044358253479,20.843984603881836
1037,0.0875028595328331,,455.47783756256104,20.85891604423523
1038,0.09205953031778336,,455.9111337661743,20.873862266540527
1039,0.0837884470820427,,456.34358644485474,20.88881015777588
1040,0.08583004772663116,,456.7780303955078,20.903766870498657
1041,0.08885747194290161,,457.2092535495758,20.918710708618164
1042,0.08779136091470718,,457.6419348716736,20.933647871017456
1043,0.08943671733140945,,458.0748679637909,20.948596954345703
1044,0.08899912238121033,,458.50613379478455,20.963544368743896
1045,0.08762691915035248,,458.93739771842957,20.978471994400024
1046,0.08615021407604218,,459.372261762619,20.99340033531189
1047,0.0867558941245079,,459.805780172348,21.008342266082764
1048,0.08686193823814392,,460.2386064529419,21.02330207824707
1049,0.08656276762485504,,460.67162680625916,21.038256645202637
1050,0.08823292702436447,,461.32419061660767,21.053221702575684
1051,0.08904658257961273,,461.75933933258057,21.068163633346558
1052,0.08647830039262772,,462.1913661956787,21.083099603652954
1053,0.08795736730098724,,462.62397384643555,21.098037481307983
1054,0.08734013140201569,,463.05697202682495,21.112979412078857
1055,0.09510470926761627,,463.4902627468109,21.127923011779785
1056,0.0930853858590126,,463.9238910675049,21.142879962921143
1057,0.09131092578172684,,464.3580369949341,21.157825231552124
1058,0.09539347887039185,,464.7917354106903,21.172765970230103
1059,0.0896218791604042,,465.22551345825195,21.187718152999878
1060,0.0911930650472641,,465.6597399711609,21.202663898468018
1061,0.08899576961994171,,466.09293937683105,21.217604160308838
1062,0.09092702716588974,,466.525901556015,21.23255944252014
1063,0.09456900507211685,,466.9587380886078,21.24750280380249
1064,0.09885202348232269,,467.3899402618408,21.26244306564331
1065,0.13696718215942383,,467.820663690567,21.277388334274292
1066,0.1154174655675888,,468.2551341056824,21.29233479499817
1067,0.10619267076253891,,468.68686628341675,21.30728816986084
1068,0.08885307610034943,,469.11998438835144,21.32222628593445
1069,0.09821518510580063,,469.55386757850647,21.337164640426636
1070,0.08585165441036224,,469.98682022094727,21.352099418640137
1071,0.08591486513614655,,470.42034673690796,21.36705231666565
1072,0.08560365438461304,,470.85235810279846,21.381967067718506
1073,0.09025182574987411,,471.28637313842773,21.3969144821167
1074,0.11811003088951111,,471.71807503700256,21.41181969642639
1075,0.10968564450740814,,472.1521008014679,21.42676305770874
1076,0.09908360987901688,,472.5845386981964,21.441704034805298
1077,0.10160493850708008,,473.0159227848053,21.456644535064697
1078,0.09197410941123962,,473.45038771629333,21.47159719467163
1079,0.09307840466499329,,473.88339591026306,21.486544132232666
1080,0.09539996087551117,,474.31660771369934,21.501474857330322
1081,0.09555021673440933,,474.74864196777344,21.516412496566772
1082,0.11089436709880829,,475.1816129684448,21.53135585784912
1083,0.09120592474937439,,475.6143615245819,21.54629635810852
1084,0.10377883166074753,,476.048091173172,21.561235666275024
1085,0.09256540983915329,,476.4798562526703,21.57617497444153
1086,0.10440242290496826,,476.91308188438416,21.59111523628235
1087,0.09559875726699829,,477.3501205444336,21.606051921844482
1088,0.0936545878648758,,477.7834737300873,21.62098217010498
1089,0.09259669482707977,,478.2168650627136,21.635911464691162
1090,0.08716462552547455,,478.6487190723419,21.650861740112305
1091,0.08794482052326202,,479.0801556110382,21.6658034324646
1092,0.09221287071704865,,479.51359367370605,21.680739402770996
1093,0.09032761305570602,,479.94790410995483,21.6956844329834
1094,0.1008116826415062,,480.3797535896301,21.71060061454773
1095,0.09199223667383194,,480.8111653327942,21.725543975830078
1096,0.08628171682357788,,481.2439773082733,21.74049162864685
1097,0.08462753146886826,,481.67621636390686,21.755425930023193
1098,0.08719173818826675,,482.1086790561676,21.770367860794067
1099,0.08598949760198593,,482.545068025589,21.785325288772583
1100,0.08726471662521362,,483.19742918014526,21.800265789031982
1101,0.08455201983451843,,483.63216280937195,21.81520962715149
1102,0.08527053892612457,,484.0646231174469,21.830167293548584
1103,0.08863271772861481,,484.4970397949219,21.84510827064514
1104,0.08767063915729523,,484.9316143989563,21.860042810440063
1105,0.08556856960058212,,485.3642168045044,21.87498164176941
1106,0.08549581468105316,,485.79646921157837,21.889935731887817
1107,0.08713981509208679,,486.2294909954071,21.904870748519897
1108,0.10492365062236786,,486.6623628139496,21.919808864593506
1109,0.08387118577957153,,487.09429001808167,21.934744596481323
1110,0.12820957601070404,,487.52595019340515,21.949706315994263
1111,0.08754664659500122,,487.9588942527771,21.964657068252563
1112,0.08883196860551834,,488.3917918205261,21.979591131210327
1113,0.11989014595746994,,488.82634925842285,21.99452805519104
1114,0.15177208185195923,,489.26431918144226,22.009485960006714
1115,0.12350840121507645,,489.696790933609,22.02447533607483
1116,0.08410774916410446,,490.13666582107544,22.03943967819214
1117,0.08545365184545517,,490.57003688812256,22.05437660217285
1118,0.0895145833492279,,491.0013780593872,22.069331884384155
1119,0.08442927151918411,,491.43366408348083,22.084277868270874
1120,0.0897175520658493,,491.86604714393616,22.099201679229736
1121,0.09986430406570435,,492.2990174293518,22.114166021347046
1122,0.0952720120549202,,492.73222732543945,22.129112243652344
1123,0.09961632639169693,,493.1638557910919,22.14406657218933
1124,0.08693412691354752,,493.59544825553894,22.15901017189026
1125,0.08952222764492035,,494.02840638160706,22.173964500427246
1126,0.09165162593126297,,494.46124267578125,22.188912391662598
1127,0.08932783454656601,,494.89494228363037,22.203852891921997
1128,0.08427189290523529,,495.32837748527527,22.218785047531128
1129,0.08327757567167282,,495.76101183891296,22.233722448349
1130,0.0864199623465538,,496.19350838661194,22.248675107955933
1131,0.0836927518248558,,496.6274642944336,22.263603448867798
1132,0.08821824938058853,,497.0601086616516,22.278544187545776
1133,0.08616062998771667,,497.4919571876526,22.293489694595337
1134,0.08541169762611389,,497.92574882507324,22.30843210220337
1135,0.08628623932600021,,498.3582112789154,22.32338237762451
1136,0.0861789807677269,,498.7892475128174,22.338316440582275
1137,0.0846400186419487,,499.2225821018219,22.35326600074768
1138,0.08361296355724335,,499.65627574920654,22.368216276168823
1139,0.0831948071718216,,500.0889115333557,22.383158922195435
1140,0.08814588189125061,,500.5220377445221,22.398095846176147
1141,0.10591879487037659,,500.9531583786011,22.41305637359619
1142,0.09896332025527954,,501.3846113681793,22.427969217300415
1143,0.08635655790567398,,501.81834530830383,22.442906141281128
1144,0.0909726545214653,,502.2531132698059,22.457842350006104
1145,0.10649192333221436,,502.6841411590576,22.47278332710266
1146,0.1143973097205162,,503.1159999370575,22.487727642059326
1147,0.08501242101192474,,503.5516941547394,22.50267791748047
1148,0.08231241255998611,,503.9844534397125,22.51760983467102
1149,0.08424913883209229,,504.41774797439575,22.53255343437195
1150,0.086553655564785,,505.0710663795471,22.547513008117676
1151,0.12632620334625244,,505.50476026535034,22.56245446205139
1152,0.08304013311862946,,505.93840289115906,22.577399015426636
1153,0.08218461275100708,,506.37148237228394,22.592342138290405
1154,0.09524597227573395,,506.80433559417725,22.607290506362915
1155,0.08076940476894379,,507.23469972610474,22.622212648391724
1156,0.09036381542682648,,507.6672987937927,22.63715624809265
1157,0.09315873682498932,,508.1007790565491,22.6521098613739
1158,0.08996394276618958,,508.53647208213806,22.66705298423767
1159,0.0910240113735199,,508.9687919616699,22.681987524032593
1160,0.08902467042207718,,509.4029016494751,22.696934700012207
1161,0.09071771055459976,,509.8357517719269,22.711893320083618
1162,0.09148117154836655,,510.2680892944336,22.726844310760498
1163,0.0843011662364006,,510.7031009197235,22.741772413253784
1164,0.08594416826963425,,511.13593912124634,22.756718158721924
1165,0.08460798859596252,,511.569833278656,22.771701097488403
1166,0.09109010547399521,,512.0033764839172,22.786643743515015
1167,0.09257367998361588,,512.4331383705139,22.80159282684326
1168,0.09196298569440842,,512.8670227527618,22.816513776779175
1169,0.08570419996976852,,513.2995481491089,22.831454277038574
1170,0.08663298934698105,,513.7343237400055,22.84640336036682
1171,0.08798471838235855,,514.1671967506409,22.861339330673218
1172,0.08777697384357452,,514.5996856689453,22.876294374465942
1173,0.0888417586684227,,515.0320665836334,22.891236543655396
1174,0.08556532114744186,,515.4637885093689,22.906178951263428
1175,0.09589561820030212,,515.8975629806519,22.921133518218994
1176,0.08941398561000824,,516.3308582305908,22.93607807159424
1177,0.08484023064374924,,516.7642562389374,22.951035261154175
1178,0.08570807427167892,,517.197259426117,22.96598219871521
1179,0.08418072015047073,,517.6296365261078,22.980923414230347
1180,0.08651968091726303,,518.0625445842743,22.995879411697388
1181,0.088075652718544,,518.4948036670685,23.010825157165527
1182,0.09299088269472122,,518.9280564785004,23.025768280029297
1183,0.08771433681249619,,519.3598892688751,23.040714502334595
1184,0.0871453806757927,,519.7937052249908,23.05567479133606
1185,0.08719586580991745,,520.2278242111206,23.070621967315674
1186,0.08868525922298431,,520.6610152721405,23.085575580596924
1187,0.0915323868393898,,521.0996088981628,23.100521326065063
1188,0.09246688336133957,,521.5320420265198,23.115456104278564
1189,0.08611619472503662,,521.9655568599701,23.130412340164185
1190,0.08626771718263626,,522.4005179405212,23.145328044891357
1191,0.086671844124794,,522.8314435482025,23.160285234451294
1192,0.08798102289438248,,523.2638785839081,23.17524242401123
1193,0.09412451088428497,,523.6983141899109,23.190186977386475
1194,0.08707854896783829,,524.1282932758331,23.20514154434204
1195,0.0900590792298317,,524.5621304512024,23.220084190368652
1196,0.10458794236183167,,524.9946014881134,23.235032320022583
1197,0.09184063225984573,,525.4266250133514,23.249971866607666
1198,0.09913918375968933,,525.8573317527771,23.26491951942444
1199,0.09307412803173065,,526.2903816699982,23.2798490524292
1200,0.08998318761587143,,526.9441685676575,23.294798135757446
1201,0.08723851293325424,,527.3783464431763,23.309741735458374
1202,0.09706754237413406,,527.8110549449921,23.324692487716675
1203,0.1047803983092308,,528.2439253330231,23.33964228630066
1204,0.09855540096759796,,528.6780452728271,23.3545823097229
1205,0.10078475624322891,,529.1106595993042,23.369526147842407
1206,0.09319549053907394,,529.5437717437744,23.384459733963013
1207,0.09142252057790756,,529.9770774841309,23.399402379989624
1208,0.09115517139434814,,530.4115052223206,23.41435217857361
1209,0.09630827605724335,,530.8450727462769,23.42928981781006
1210,0.09463541954755783,,531.2788860797882,23.444231033325195
1211,0.09100894629955292,,531.7111616134644,23.45918583869934
1212,0.09255022555589676,,532.1432976722717,23.474157571792603
1213,0.12612317502498627,,532.5779874324799,23.489115476608276
1214,0.10591734200716019,,533.0093977451324,23.504067182540894
1215,0.10459399223327637,,533.4446096420288,23.51901626586914
1216,0.09686131030321121,,533.8780088424683,23.533961534500122
1217,0.10013685375452042,,534.3103485107422,23.54889154434204
1218,0.09871943295001984,,534.743515253067,23.563838958740234
1219,0.09532061964273453,,535.1781475543976,23.57879137992859
1220,0.09247149527072906,,535.6106991767883,23.593744039535522
1221,0.09536994248628616,,536.0450637340546,23.608684062957764
1222,0.10158533602952957,,536.4780657291412,23.623631477355957
1223,0.09765664488077164,,536.9104058742523,23.638558626174927
1224,0.09827110916376114,,537.3422710895538,23.653512954711914
1225,0.09603476524353027,,537.774373292923,23.668437242507935
1226,0.09712410718202591,,538.2070546150208,23.683377981185913
1227,0.09606989473104477,,538.6410737037659,23.698307037353516
1228,0.09814698249101639,,539.0747694969177,23.71325659751892
1229,0.10616865754127502,,539.5059962272644,23.72819972038269
1230,0.09698270261287689,,539.9393837451935,23.743152379989624
1231,0.0970727726817131,,540.3727934360504,23.758111476898193
1232,0.09001974761486053,,540.8057045936584,23.773053407669067
1233,0.08695625513792038,,541.2412574291229,23.788002014160156
1234,0.08372052758932114,,541.6749398708344,23.802928686141968
1235,0.09212057292461395,,542.1084299087524,23.8178768157959
1236,0.08302053809165955,,542.5411028862,23.832797527313232
1237,0.08561886847019196,,542.9725291728973,23.847734928131104
1238,0.08189734071493149,,543.4036343097687,23.862658262252808
1239,0.08206598460674286,,543.8363897800446,23.877604484558105
1240,0.08055244386196136,,544.2712197303772,23.89254593849182
1241,0.08065451681613922,,544.7026448249817,23.907492637634277
1242,0.11281095445156097,,545.1358640193939,23.92242956161499
1243,0.12608686089515686,,545.5694377422333,23.937361240386963
1244,0.09984465688467026,,546.0021653175354,23.952316761016846
1245,0.09946447610855103,,546.4335067272186,23.96724033355713
1246,0.09584221988916397,,546.8676700592041,23.9821834564209
1247,0.09269313514232635,,547.3004324436188,23.997134923934937
1248,0.0965525358915329,,547.7338297367096,24.012091875076294
1249,0.09103986620903015,,548.1658320426941,24.027029514312744
1250,0.08731677383184433,,548.8193299770355,24.041969060897827
1251,0.09135272353887558,,549.2533721923828,24.056897401809692
1252,0.09077020734548569,,549.6865513324738,24.07183527946472
1253,0.08901169896125793,,550.1191473007202,24.08678126335144
1254,0.08742092549800873,,550.5536291599274,24.10173273086548
1255,0.08713966608047485,,550.9870228767395,24.116687059402466
1256,0.08999559283256531,,551.4201157093048,24.131625652313232
1257,0.09539186209440231,,551.8526012897491,24.146552324295044
1258,0.09175587445497513,,552.2853298187256,24.161489486694336
1259,0.08813633024692535,,552.7181272506714,24.176453590393066
1260,0.08693090826272964,,553.1511523723602,24.191384077072144
1261,0.08254993706941605,,553.5837032794952,24.20632576942444
1262,0.08540157228708267,,554.0167870521545,24.221240043640137
1263,0.0879921242594719,,554.4516935348511,24.236188411712646
1264,0.09345251321792603,,554.8841598033905,24.251145601272583
1265,0.08980724960565567,,555.3171269893646,24.26608896255493
1266,0.09499159455299377,,555.7506000995636,24.281037092208862
1267,0.14762291312217712,,556.182699918747,24.296000719070435
1268,0.08123660832643509,,556.61474609375,24.310936212539673
1269,0.08045544475317001,,557.0490794181824,24.325868129730225
1270,0.07946787774562836,,557.4830830097198,24.340816020965576
1271,0.08298933506011963,,557.9150774478912,24.355751514434814
1272,0.07998137176036835,,558.3505611419678,24.37068223953247
1273,0.08107667416334152,,558.781801700592,24.38564157485962
1274,0.07967884838581085,,559.2145073413849,24.40060520172119
1275,0.0817500501871109,,559.6473562717438,24.41555666923523
1276,0.08121967315673828,,560.0806481838226,24.430498123168945
1277,0.08026254177093506,,560.5121529102325,24.445448398590088
1278,0.0794493705034256,,560.9444785118103,24.46037983894348
1279,0.0838148221373558,,561.3770778179169,24.475337505340576
1280,0.08302289247512817,,561.8094956874847,24.49026370048523
1281,0.1121787428855896,,562.2430317401886,24.50520610809326
1282,0.10894109308719635,,562.6766359806061,24.52012848854065
1283,0.07670322805643082,,563.1094951629639,24.53507900238037
1284,0.07970698177814484,,563.5428800582886,24.550004959106445
1285,0.07650768756866455,,563.9754192829132,24.564960479736328
1286,0.07776263356208801,,564.408492565155,24.579900979995728
1287,0.07746478170156479,,564.8435099124908,24.594850301742554
1288,0.0809161588549614,,565.2759969234467,24.609789848327637
1289,0.08141881972551346,,565.7081923484802,24.624728202819824
1290,0.10294578224420547,,566.1430020332336,24.639682292938232
1291,0.0807051807641983,,566.5758457183838,24.65464472770691
1292,0.07963576912879944,,567.0089302062988,24.669598817825317
1293,0.07812667638063431,,567.442373752594,24.684519290924072
1294,0.07704924046993256,,567.8776850700378,24.69947075843811
1295,0.07878908514976501,,568.3094980716705,24.714410543441772
1296,0.08092091232538223,,568.7448089122772,24.729356288909912
1297,0.08072313666343689,,569.1748716831207,24.744300842285156
1298,0.08253099769353867,,569.6078531742096,24.75924587249756
1299,0.07951999455690384,,570.0406816005707,24.774200916290283
1300,0.07985208183526993,,570.6941330432892,24.789142370224
1301,0.08245940506458282,,571.1278038024902,24.804089784622192
1302,0.08310797810554504,,571.5586593151093,24.819039583206177
1303,0.0851341262459755,,571.9922878742218,24.833981037139893
1304,0.0867861956357956,,572.425076007843,24.848928451538086
1305,0.09600690752267838,,572.857741355896,24.863874435424805
1306,0.08863935619592667,,573.2898004055023,24.87879729270935
1307,0.08741001039743423,,573.7226481437683,24.893733978271484
1308,0.10622069984674454,,574.1533946990967,24.908655881881714
1309,0.08640572428703308,,574.5850064754486,24.92362642288208
1310,0.09755337238311768,,575.0181577205658,24.938575267791748
1311,0.11085119843482971,,575.4514126777649,24.953529357910156
1312,0.08782736212015152,,575.8840136528015,24.968472480773926
1313,0.08527886867523193,,576.3175611495972,24.983420610427856
1314,0.08145613223314285,,576.7490518093109,24.9983651638031
1315,0.08615397661924362,,577.1821262836456,25.013298988342285
1316,0.09461431205272675,,577.6158618927002,25.028249263763428
1317,0.08386410772800446,,578.04909491539,25.04320478439331
1318,0.08799919486045837,,578.4808812141418,25.058159112930298
1319,0.08800020068883896,,578.9147186279297,25.073116064071655
1320,0.08779380470514297,,579.3478260040283,25.088054418563843
1321,0.08420504629611969,,579.7802481651306,25.103012561798096
1322,0.08742180466651917,,580.2140526771545,25.117958307266235
1323,0.08645964413881302,,580.6469521522522,25.132904291152954
1324,0.09117590636014938,,581.0799312591553,25.147836923599243
1325,0.08486168086528778,,581.5114676952362,25.16279363632202
1326,0.08809370547533035,,581.9444816112518,25.177735805511475
1327,0.08366280049085617,,582.378493309021,25.19267702102661
1328,0.08573485165834427,,582.812287569046,25.207616090774536
1329,0.11449761688709259,,583.2439050674438,25.222580671310425
1330,0.08618248254060745,,583.6770977973938,25.237548351287842
1331,0.07992079108953476,,584.1087629795074,25.252500534057617
1332,0.07839813083410263,,584.5407373905182,25.26744055747986
1333,0.0807764008641243,,584.972748041153,25.282390117645264
1334,0.08095619082450867,,585.4067306518555,25.297340154647827
1335,0.08130093663930893,,585.8392765522003,25.312270164489746
1336,0.09929173439741135,,586.2710959911346,25.327219247817993
1337,0.08998028934001923,,586.7053775787354,25.342170238494873
1338,0.09310819208621979,,587.1383337974548,25.357123136520386
1339,0.08686581999063492,,587.5697288513184,25.37206244468689
1340,0.08170638978481293,,588.0028917789459,25.387011289596558
1341,0.08192960172891617,,588.4355707168579,25.40195894241333
1342,0.08322320878505707,,588.8676788806915,25.416913986206055
1343,0.08365961909294128,,589.3004269599915,25.43185329437256
1344,0.08106379956007004,,589.7327659130096,25.44681739807129
1345,0.08028367161750793,,590.1659379005432,25.461796522140503
1346,0.08383499085903168,,590.6009004116058,25.476738214492798
1347,0.16924867033958435,,591.0333833694458,25.49167513847351
1348,0.16297973692417145,,591.4665870666504,25.50662136077881
1349,0.10510125011205673,,591.8998665809631,25.521587133407593
1350,0.09821814298629761,,592.5534527301788,25.536524057388306
1351,0.09362808614969254,,592.9866745471954,25.551472902297974
1352,0.09348397701978683,,593.4176998138428,25.56642484664917
1353,0.10016342997550964,,593.8515219688416,25.58138608932495
1354,0.08861830085515976,,594.2858338356018,25.596320152282715
1355,0.08728896826505661,,594.7192249298096,25.611279010772705
1356,0.08574850112199783,,595.1523382663727,25.6262423992157
1357,0.08675728738307953,,595.5865080356598,25.641181707382202
1358,0.08503490686416626,,596.0173256397247,25.656126737594604
1359,0.0819668397307396,,596.4505507946014,25.67107081413269
1360,0.08547047525644302,,596.8858327865601,25.686018228530884
1361,0.08551476895809174,,597.3188364505768,25.7009539604187
1362,0.08743790537118912,,597.7521014213562,25.71588921546936
1363,0.08728376030921936,,598.1861426830292,25.730835914611816
1364,0.08573812991380692,,598.618983745575,25.745792627334595
1365,0.09083165973424911,,599.0519471168518,25.76072669029236
1366,0.08804120868444443,,599.4866511821747,25.77566885948181
1367,0.0890846997499466,,599.9191081523895,25.79061508178711
1368,0.08128420263528824,,600.3530540466309,25.80558180809021
1369,0.0861281082034111,,600.7870638370514,25.82052969932556
1370,0.0868934914469719,,601.2195160388947,25.835466384887695
1371,0.08507958799600601,,601.6515650749207,25.850410223007202
1372,0.08548121154308319,,602.0862619876862,25.865336656570435
1373,0.08963002264499664,,602.5210661888123,25.880290746688843
1374,0.09009506553411484,,602.9545793533325,25.89523220062256
1375,0.08280870318412781,,603.3890657424927,25.910183906555176
1376,0.08288810402154922,,603.8219218254089,25.925143241882324
1377,0.0801597386598587,,604.2545163631439,25.94011616706848
1378,0.08210325986146927,,604.6890151500702,25.955053567886353
1379,0.08380390703678131,,605.1215262413025,25.969992876052856
1380,0.08303801715373993,,605.5576863288879,25.98495864868164
1381,0.08751633763313293,,605.9930338859558,25.999902963638306
1382,0.09142475575208664,,606.4253368377686,26.014844179153442
1383,0.08853298425674438,,606.8559904098511,26.02979326248169
1384,0.08780417591333389,,607.291435956955,26.044757604599
1385,0.08474469184875488,,607.7254121303558,26.059695720672607
1386,0.08706828951835632,,608.1581709384918,26.07463836669922
1387,0.08243315666913986,,608.5911331176758,26.089582204818726
1388,0.08258243650197983,,609.0226261615753,26.104549646377563
1389,0.08332368731498718,,609.4553596973419,26.119492769241333
1390,0.08638718724250793,,609.8875682353973,26.134435415267944
1391,0.09823181480169296,,610.320458650589,26.14936852455139
1392,0.1893230676651001,,610.7532813549042,26.164327144622803
1393,0.09822455793619156,,611.1858694553375,26.179272651672363
1394,0.08978063613176346,,611.6190836429596,26.194212436676025
1395,0.09096218645572662,,612.052152633667,26.209156036376953
1396,0.08956205099821091,,612.4866733551025,26.224114656448364
1397,0.08583851903676987,,612.9224224090576,26.239094257354736
1398,0.08449345827102661,,613.3555335998535,26.254029512405396
1399,0.08504181355237961,,613.7874529361725,26.26896572113037
1400,0.08541717380285263,,614.4404199123383,26.283924102783203
1401,0.08293019980192184,,614.8730783462524,26.298877477645874
1402,0.08197028934955597,,615.3057157993317,26.313825607299805
1403,0.0828462615609169,,615.7377331256866,26.328789472579956
1404,0.08269255608320236,,616.1698167324066,26.343745946884155
1405,0.0819370299577713,,616.6027407646179,26.358713388442993
1406,0.08338791877031326,,617.0358288288116,26.373677015304565
1407,0.08533910661935806,,617.4693620204926,26.38862419128418
1408,0.08244965970516205,,617.9016516208649,26.403571128845215
1409,0.08693255484104156,,618.3346467018127,26.41850972175598
1410,0.08258427679538727,,618.7667801380157,26.43346071243286
1411,0.08196189999580383,,619.1989786624908,26.448384046554565
1412,0.080810546875,,619.630423784256,26.4633309841156
1413,0.08127443492412567,,620.0637776851654,26.478270530700684
1414,0.091450996696949,,620.496808052063,26.49322533607483
1415,0.0848754420876503,,620.9282214641571,26.508173942565918
1416,0.08118646591901779,,621.3624105453491,26.523122549057007
1417,0.08021192252635956,,621.7949724197388,26.538054704666138
1418,0.08265379816293716,,622.2270350456238,26.55298113822937
1419,0.07941386848688126,,622.6592137813568,26.56795334815979
1420,0.09048823267221451,,623.0928983688354,26.582871198654175
1421,0.09051689505577087,,623.5255887508392,26.597812175750732
1422,0.08969249576330185,,623.9588761329651,26.612755298614502
1423,0.08665511757135391,,624.3954775333405,26.627705335617065
1424,0.0841202661395073,,624.8259460926056,26.642651557922363
1425,0.08163498342037201,,625.2594611644745,26.657588720321655
1426,0.08645161241292953,,625.6925036907196,26.672527551651
1427,0.08352766185998917,,626.1244170665741,26.687483072280884
1428,0.08009420335292816,,626.5571279525757,26.702412605285645
1429,0.08257906883955002,,626.990336894989,26.717350959777832
1430,0.08063702285289764,,627.421669960022,26.732292652130127
1431,0.08493343740701675,,627.8558094501495,26.74723720550537
1432,0.07902546226978302,,628.2879588603973,26.76218342781067
1433,0.08053895831108093,,628.7205958366394,26.777127027511597
1434,0.08113638311624527,,629.1557486057281,26.79207468032837
1435,0.08452097326517105,,629.5895848274231,26.80701494216919
1436,0.08705433458089828,,630.0231297016144,26.821956872940063
1437,0.0809999406337738,,630.4555995464325,26.836904287338257
1438,0.08499111980199814,,630.8888523578644,26.851842164993286
1439,0.07775402814149857,,631.322107553482,26.866783142089844
1440,0.07891980558633804,,631.7557992935181,26.881728649139404
1441,0.0806068480014801,,632.1886210441589,26.896679162979126
1442,0.0779920443892479,,632.6221816539764,26.911628007888794
1443,0.07851551473140717,,633.0528507232666,26.926580905914307
1444,0.07927960157394409,,633.4855659008026,26.94153141975403
1445,0.08448760956525803,,633.9210090637207,26.956491470336914
1446,0.07949668914079666,,634.3542342185974,26.971434354782104
1447,0.08532265573740005,,634.7863161563873,26.986388206481934
1448,0.08652285486459732,,635.2176790237427,27.001341342926025
1449,0.081744484603405,,635.6512386798859,27.016284704208374
1450,0.07602154463529587,,636.3031167984009,27.031230211257935
1451,0.08515265583992004,,636.7352476119995,27.046200037002563
1452,0.08616435527801514,,637.1674168109894,27.06114673614502
1453,0.08276496827602386,,637.6010642051697,27.07607364654541
1454,0.0819275975227356,,638.0383200645447,27.09102463722229
1455,0.0792219489812851,,638.4689559936523,27.105968952178955
1456,0.0830921083688736,,638.9017593860626,27.1209135055542
1457,0.08275576680898666,,639.333343744278,27.135854244232178
1458,0.08452951908111572,,639.7666730880737,27.150813817977905
1459,0.08115348219871521,,640.2012796401978,27.165746927261353
1460,0.08685958385467529,,640.6339421272278,27.180699110031128
1461,0.09233394265174866,,641.0671355724335,27.195640802383423
1462,0.08687715232372284,,641.4988210201263,27.210602521896362
1463,0.0849805623292923,,641.9320633411407,27.22554302215576
1464,0.09047141671180725,,642.3667712211609,27.240473747253418
1465,0.0857880488038063,,642.7980861663818,27.25541925430298
1466,0.09026116132736206,,643.2327740192413,27.27034854888916
1467,0.09389893710613251,,643.664665222168,27.285293102264404
1468,0.07978364825248718,,644.0977840423584,27.300241708755493
1469,0.1155586987733841,,644.5321733951569,27.315181255340576
1470,0.08588628470897675,,644.9636344909668,27.33012294769287
1471,0.08533401787281036,,645.3971621990204,27.345067262649536
1472,0.08379723131656647,,645.8306784629822,27.36001229286194
1473,0.08851635456085205,,646.2648758888245,27.37494969367981
1474,0.07929619401693344,,646.6979691982269,27.389890670776367
1475,0.07682459056377411,,647.1328105926514,27.404828548431396
1476,0.07656528800725937,,647.5651750564575,27.419759273529053
1477,0.0794253945350647,,647.9979438781738,27.434699296951294
1478,0.08024157583713531,,648.4319801330566,27.449644327163696
1479,0.0774674192070961,,648.8657224178314,27.46459722518921
1480,0.08033234626054764,,649.2977724075317,27.479541063308716
1481,0.08080993592739105,,649.7300906181335,27.49449348449707
1482,0.07857001572847366,,650.1613380908966,27.509440660476685
1483,0.07662015408277512,,650.594251871109,27.524401903152466
1484,0.07708969712257385,,651.026487827301,27.53934597969055
1485,0.07762917876243591,,651.4586946964264,27.5543053150177
1486,0.07658875733613968,,651.8921086788177,27.569281816482544
1487,0.0831141471862793,,652.3262238502502,27.584234714508057
1488,0.07829193025827408,,652.7580225467682,27.59917640686035
1489,0.08057913184165955,,653.1911454200745,27.61410903930664
1490,0.07867208868265152,,653.6246140003204,27.629052877426147
1491,0.08197256177663803,,654.0562481880188,27.644009351730347
1492,0.07809339463710785,,654.4862062931061,27.658958196640015
1493,0.08135725557804108,,654.9192590713501,27.673906326293945
1494,0.07652571052312851,,655.3514354228973,27.6888530254364
1495,0.07616451382637024,,655.7847199440002,27.70380473136902
1496,0.12850722670555115,,656.2186012268066,27.718759775161743
1497,0.0766487643122673,,656.6500995159149,27.733677864074707
1498,0.0799674540758133,,657.0843188762665,27.748621463775635
1499,0.08037817478179932,,657.5167100429535,27.763574838638306
1500,0.08009914308786392,-0.015080123208463192,658.1727197170258,29.519819498062134
1501,0.07986532896757126,,658.6057708263397,29.534770488739014
1502,0.07987753301858902,,659.0380923748016,29.549724817276
1503,0.08266542851924896,,659.4733140468597,29.56466579437256
1504,0.08696441352367401,,659.9081158638,29.579610586166382
1505,0.08928285539150238,,660.341245174408,29.594549417495728
1506,0.08220908790826797,,660.7719883918762,29.60950469970703
1507,0.08390029519796371,,661.2051215171814,29.624460458755493
1508,0.092983677983284,,661.6380825042725,29.63941216468811
1509,0.0835999920964241,,662.0711841583252,29.654380798339844
1510,0.08336521685123444,,662.504332780838,29.669331789016724
1511,0.07927987724542618,,662.9359726905823,29.684279203414917
1512,0.07953839004039764,,663.3686330318451,29.6992244720459
1513,0.07836087048053741,,663.8018870353699,29.71418523788452
1514,0.07755385339260101,,664.234433889389,29.729153394699097
1515,0.08003226667642593,,664.6669516563416,29.744096755981445
1516,0.07680680602788925,,665.0989887714386,29.759040355682373
1517,0.07707018405199051,,665.5323309898376,29.77399182319641
1518,0.0775490403175354,,665.9632244110107,29.7889461517334
1519,0.07865671813488007,,666.3959727287292,29.803886651992798
1520,0.07713892310857773,,666.8288013935089,29.818845510482788
1521,0.07649484276771545,,667.2624671459198,29.833803415298462
1522,0.08008676022291183,,667.6990218162537,29.848753213882446
1523,0.0769842267036438,,668.1318335533142,29.86370015144348
1524,0.07702814787626266,,668.5636222362518,29.87862515449524
1525,0.0762663185596466,,668.9958295822144,29.893587112426758
1526,0.07667586207389832,,669.428968667984,29.908541202545166
1527,0.13173967599868774,,669.8616895675659,29.923481225967407
1528,0.09393184632062912,,670.2950162887573,29.9384343624115
1529,0.07878626883029938,,670.7283282279968,29.953391551971436
1530,0.07972244173288345,,671.1595873832703,29.968344688415527
1531,0.0814213976264,,671.5935440063477,29.983295679092407
1532,0.07832452654838562,,672.0266337394714,29.998225450515747
1533,0.07808556407690048,,672.4625425338745,30.013174533843994
1534,0.08242282271385193,,672.8963398933411,30.028116464614868
1535,0.07926236838102341,,673.3286516666412,30.043080806732178
1536,0.08269324153661728,,673.7605311870575,30.058032989501953
1537,0.07791240513324738,,674.1939790248871,30.072974920272827
1538,0.07798971235752106,,674.626259803772,30.087913990020752
1539,0.08776862174272537,,675.0584452152252,30.102859020233154
1540,0.08526977151632309,,675.4912161827087,30.117807388305664
1541,0.09480573982000351,,675.9250800609589,30.132749795913696
1542,0.08613018691539764,,676.3585283756256,30.14769148826599
1543,0.08468939363956451,,676.7919981479645,30.162653923034668
1544,0.08608688414096832,,677.2237808704376,30.177600145339966
1545,0.08120626956224442,,677.6588113307953,30.192556619644165
1546,0.07813211530447006,,678.092458486557,30.20750641822815
1547,0.07884058356285095,,678.5257112979889,30.22244358062744
1548,0.07480654120445251,,678.956990480423,30.237388610839844
1549,0.07601529359817505,,679.391988992691,30.252338409423828
1550,0.076626718044281,,680.0463938713074,30.267281532287598
1551,0.07730608433485031,,680.4799757003784,30.28222680091858
1552,0.0807025134563446,,680.9134311676025,30.297189474105835
1553,0.07877792418003082,,681.3447036743164,30.31214427947998
1554,0.07840707898139954,,681.7782082557678,30.32708501815796
1555,0.07679734379053116,,682.2099149227142,30.342018842697144
1556,0.0782688558101654,,682.6425695419312,30.356974124908447
1557,0.07842711359262466,,683.0775218009949,30.37193989753723
1558,0.08017777651548386,,683.5094890594482,30.386887311935425
1559,0.07559159398078918,,683.9413397312164,30.401819229125977
1560,0.07478084415197372,,684.3750507831573,30.416762590408325
1561,0.07726786285638809,,684.808406829834,30.43171739578247
1562,0.10563855618238449,,685.2416570186615,30.44665813446045
1563,0.078536257147789,,685.6760845184326,30.461596488952637
1564,0.07961834222078323,,686.1091611385345,30.47654390335083
1565,0.08102172613143921,,686.5405967235565,30.49148917198181
1566,0.0797673836350441,,686.9749982357025,30.50644326210022
1567,0.07739892601966858,,687.4077711105347,30.521374464035034
1568,0.10119457542896271,,687.8417994976044,30.536305904388428
1569,0.077704519033432,,688.2767946720123,30.551259517669678
1570,0.07699847966432571,,688.7096765041351,30.56621241569519
1571,0.07761465013027191,,689.1441118717194,30.581160068511963
1572,0.07800108194351196,,689.5774245262146,30.596107721328735
1573,0.07805021107196808,,690.0138552188873,30.611063718795776
1574,0.07983068376779556,,690.4471626281738,30.626027584075928
1575,0.08128174394369125,,690.8815217018127,30.640985012054443
1576,0.08450736105442047,,691.3194329738617,30.655934810638428
1577,0.08759623020887375,,691.7527887821198,30.670886754989624
1578,0.09467756003141403,,692.1862490177155,30.6858491897583
1579,0.07987941056489944,,692.6206185817719,30.700820207595825
1580,0.07627730816602707,,693.0536959171295,30.715784788131714
1581,0.07588189840316772,,693.489691734314,30.73073434829712
1582,0.07621035724878311,,693.9248654842377,30.74568486213684
1583,0.07815683633089066,,694.3602786064148,30.76062321662903
1584,0.08159752190113068,,694.793799161911,30.77558183670044
1585,0.08559469133615494,,695.2279953956604,30.790550231933594
1586,0.08167526870965958,,695.6616048812866,30.80549693107605
1587,0.08130775392055511,,696.09681224823,30.8204448223114
1588,0.0847015231847763,,696.5302798748016,30.835397243499756
1589,0.09046250581741333,,696.9621965885162,30.85034418106079
1590,0.0886443629860878,,697.3970084190369,30.865293741226196
1591,0.08521284908056259,,697.8294463157654,30.88024353981018
1592,0.08167871087789536,,698.2625768184662,30.895200490951538
1593,0.07876456528902054,,698.6966888904572,30.910157203674316
1594,0.2334004044532776,,699.1321656703949,30.92510414123535
1595,0.08923609554767609,,699.5656788349152,30.940048456192017
1596,0.0912320539355278,,699.9999465942383,30.954999685287476
1597,0.09753347188234329,,700.4350533485413,30.96994686126709
1598,0.09055215865373611,,700.8672709465027,30.985061168670654
1599,0.09482663124799728,,701.3050723075867,31.00000834465027
1600,0.09975481778383255,,701.9610624313354,31.01496195793152
1601,0.08940131217241287,,702.395813703537,31.02991271018982
1602,0.08760305494070053,,702.8295514583588,31.044854879379272
1603,0.08830258250236511,,703.263002872467,31.059809923171997
1604,0.08673841506242752,,703.6969430446625,31.074760913848877
1605,0.08449935168027878,,704.1296105384827,31.089706420898438
1606,0.08870600163936615,,704.5629687309265,31.10464572906494
1607,0.08500748872756958,,704.9998219013214,31.119595289230347
1608,0.08391255140304565,,705.4347977638245,31.134536266326904
1609,0.08564355969429016,,705.871383190155,31.149479627609253
1610,0.08311779052019119,,706.3051481246948,31.16443109512329
1611,0.08330114930868149,,706.7389299869537,31.179385900497437
1612,0.08178238570690155,,707.1718966960907,31.19434094429016
1613,0.0858384221792221,,707.6070005893707,31.20929980278015
1614,0.08245572447776794,,708.0396544933319,31.224246501922607
1615,0.08191397041082382,,708.4740903377533,31.239200592041016
1616,0.08193124830722809,,708.9093194007874,31.25415802001953
1617,0.08229978382587433,,709.3403978347778,31.269125938415527
1618,0.08145514130592346,,709.775797367096,31.284080028533936
1619,0.080867700278759,,710.2092041969299,31.299047470092773
1620,0.08009850233793259,,710.6449844837189,31.31401014328003
1621,0.08333980292081833,,711.078310251236,31.3289692401886
1622,0.0858120396733284,,711.5123424530029,31.34392547607422
1623,0.08498706668615341,,711.9460971355438,31.358898878097534
1624,0.08232147991657257,,712.3790874481201,31.373854637145996
1625,0.08161675184965134,,712.8129799365997,31.38880491256714
1626,0.08439736813306808,,713.2472751140594,31.40375280380249
1627,0.07943034917116165,,713.6819357872009,31.41870427131653
1628,0.08031607419252396,,714.1161541938782,31.43366813659668
1629,0.08331785351037979,,714.5505101680756,31.44863224029541
1630,0.07883337885141373,,714.9833636283875,31.463573932647705
1631,0.07850819081068039,,715.4181933403015,31.478522062301636
1632,0.07917042821645737,,715.8528690338135,31.49346399307251
1633,0.07765117287635803,,716.2853217124939,31.50842571258545
1634,0.07951382547616959,,716.7200226783752,31.523377418518066
1635,0.07862836122512817,,717.152681350708,31.538326263427734
1636,0.07882235199213028,,717.5838017463684,31.553280115127563
1637,0.0788513571023941,,718.0181996822357,31.568232536315918
1638,0.07738148421049118,,718.4539260864258,31.58319115638733
1639,0.07981523871421814,,718.8875303268433,31.598146200180054
1640,0.08117017149925232,,719.3224227428436,31.613094806671143
1641,0.07930667698383331,,719.7555692195892,31.62805151939392
1642,0.07746608555316925,,720.1925699710846,31.642993450164795
1643,0.07934390753507614,,720.6285972595215,31.657958507537842
1644,0.08793942630290985,,721.0623826980591,31.67292308807373
1645,0.07917700707912445,,721.4983625411987,31.687870264053345
1646,0.08378501236438751,,721.9368150234222,31.70282006263733
1647,0.07957430928945541,,722.3702230453491,31.717764616012573
1648,0.08396997302770615,,722.8034038543701,31.732721090316772
1649,0.08321281522512436,,723.237738609314,31.747689485549927
1650,0.08336302638053894,,723.8937177658081,31.762633800506592
1651,0.08373561501502991,,724.3291201591492,31.77760100364685
1652,0.0849844291806221,,724.7643096446991,31.792560338974
1653,0.08277355134487152,,725.1960389614105,31.807514190673828
1654,0.0828690156340599,,725.633097410202,31.82246685028076
1655,0.08584298938512802,,726.0673303604126,31.837424755096436
1656,0.08474273979663849,,726.5055680274963,31.852379322052002
1657,0.08827251195907593,,726.9402639865875,31.867336988449097
1658,0.08651302009820938,,727.3716795444489,31.882294178009033
1659,0.08391478657722473,,727.8040716648102,31.89725136756897
1660,0.08577875047922134,,728.2375042438507,31.912214517593384
1661,0.08597113937139511,,728.6707201004028,31.927175521850586
1662,0.08002695441246033,,729.1057233810425,31.942119359970093
1663,0.07997746765613556,,729.5409078598022,31.957082271575928
1664,0.08061525970697403,,729.9740769863129,31.972026586532593
1665,0.08260700851678848,,730.4101860523224,31.986982583999634
1666,0.07852141559123993,,730.8445754051208,32.00195002555847
1667,0.07789420336484909,,731.278529882431,32.016894578933716
1668,0.07850077748298645,,731.7135767936707,32.031853675842285
1669,0.07726980745792389,,732.1483256816864,32.046801805496216
1670,0.07600266486406326,,732.5807421207428,32.061750173568726
1671,0.0810299813747406,,733.0138003826141,32.0767080783844
1672,0.08263163268566132,,733.4484059810638,32.09166097640991
1673,0.08380240201950073,,733.882050037384,32.10660243034363
1674,0.08629488945007324,,734.3155410289764,32.121551513671875
1675,0.07891474664211273,,734.7493317127228,32.13650441169739
1676,0.07624396681785583,,735.180652141571,32.15145468711853
1677,0.07526576519012451,,735.6134622097015,32.16639566421509
1678,0.07591377943754196,,736.0487506389618,32.18133783340454
1679,0.0751815140247345,,736.483380317688,32.19628167152405
1680,0.07645446807146072,,736.9168236255646,32.211230754852295
1681,0.07722042500972748,,737.3494882583618,32.226165533065796
1682,0.07459086924791336,,737.7823235988617,32.241103172302246
1683,0.07531112432479858,,738.21812915802,32.25605082511902
1684,0.08123228698968887,,738.6517670154572,32.270981788635254
1685,0.07733972370624542,,739.0830924510956,32.28592085838318
1686,0.08517057448625565,,739.5160174369812,32.30085802078247
1687,0.09334928542375565,,739.9480862617493,32.31581449508667
1688,0.08282685279846191,,740.3809316158295,32.330764055252075
1689,0.0853884145617485,,740.8119740486145,32.345709800720215
1690,0.08067473024129868,,741.2441363334656,32.36065483093262
1691,0.08061877638101578,,741.6765360832214,32.37559199333191
1692,0.08719009906053543,,742.1096715927124,32.39052677154541
1693,0.08331264555454254,,742.5444128513336,32.40547013282776
1694,0.08331792801618576,,742.9776086807251,32.420419454574585
1695,0.07724756747484207,,743.4100344181061,32.43536949157715
1696,0.08116735517978668,,743.8438031673431,32.450299978256226
1697,0.0827571302652359,,744.2771718502045,32.46525001525879
1698,0.07915696501731873,,744.7087602615356,32.48019051551819
1699,0.08202657848596573,,745.142735004425,32.495137214660645
1700,0.08101584017276764,,745.7948350906372,32.5100736618042
1701,0.08723685145378113,,746.2286002635956,32.52501916885376
1702,0.08004739880561829,,746.661495923996,32.539984464645386
1703,0.08259837329387665,,747.0949914455414,32.55493235588074
1704,0.08104761689901352,,747.5293548107147,32.569860219955444
1705,0.08074240386486053,,747.962516784668,32.58481240272522
1706,0.08148115128278732,,748.3938777446747,32.59976315498352
1707,0.08018186688423157,,748.8289074897766,32.61470699310303
1708,0.07972443103790283,,749.261467218399,32.62964105606079
1709,0.08112099766731262,,749.6947004795074,32.64459013938904
1710,0.08138178288936615,,750.1296026706696,32.6595344543457
1711,0.080860435962677,,750.5625479221344,32.67448806762695
1712,0.08315468579530716,,750.9940240383148,32.68942952156067
1713,0.1302141398191452,,751.4274911880493,32.70437955856323
1714,0.1625700145959854,,751.8608100414276,32.71932506561279
1715,0.10564786940813065,,752.291955947876,32.734275579452515
1716,0.08495216816663742,,752.7248466014862,32.74921631813049
1717,0.08713704347610474,,753.159503698349,32.76415419578552
1718,0.08799877017736435,,753.5925555229187,32.77908968925476
1719,0.08516555279493332,,754.0266833305359,32.79403877258301
1720,0.0871267020702362,,754.4586157798767,32.808982133865356
1721,0.08690933883190155,,754.8916931152344,32.82393002510071
1722,0.08829546719789505,,755.3249814510345,32.83886957168579
1723,0.09550609439611435,,755.7582631111145,32.8538236618042
1724,0.08872565627098083,,756.1899466514587,32.86876964569092
1725,0.08869318664073944,,756.6237795352936,32.88371300697327
1726,0.08565477281808853,,757.0578033924103,32.89866876602173
1727,0.08720645308494568,,757.4914963245392,32.913609981536865
1728,0.0855414867401123,,757.9257485866547,32.928550004959106
1729,0.0853411927819252,,758.3583121299744,32.943506956100464
1730,0.0849534347653389,,758.7916522026062,32.958460330963135
1731,0.08396134525537491,,759.2247085571289,32.973403215408325
1732,0.08834341913461685,,759.6562323570251,32.98834252357483
1733,0.08458280563354492,,760.0897481441498,33.00329947471619
1734,0.08455206453800201,,760.5236122608185,33.01827359199524
1735,0.0818530023097992,,760.9558389186859,33.0332088470459
1736,0.0804123654961586,,761.3889746665955,33.04814529418945
1737,0.08157502114772797,,761.8232977390289,33.06308603286743
1738,0.08393868803977966,,762.2558264732361,33.07803511619568
1739,0.08562444895505905,,762.6876924037933,33.092978715896606
1740,0.08352933079004288,,763.1219356060028,33.10792398452759
1741,0.08314111828804016,,763.5543417930603,33.12285399436951
1742,0.08360928297042847,,763.9877305030823,33.13781118392944
1743,0.08698450773954391,,764.4189219474792,33.152753829956055
1744,0.08479154855012894,,764.852942943573,33.16769886016846
1745,0.08255433291196823,,765.2867476940155,33.18265199661255
1746,0.08391398936510086,,765.7218089103699,33.19759202003479
1747,0.0844292864203453,,766.1544587612152,33.21253991127014
1748,0.07972203940153122,,766.5874538421631,33.227476358413696
1749,0.07967939227819443,,767.0216109752655,33.242427110672
1750,0.07938379794359207,,767.675822019577,33.25736856460571
1751,0.07678757607936859,,768.1087086200714,33.27230501174927
1752,0.18314337730407715,,768.5398621559143,33.28726291656494
1753,0.08601777255535126,,768.9724719524384,33.3022027015686
1754,0.08227157592773438,,769.4068522453308,33.31715130805969
1755,0.0833711102604866,,769.8428525924683,33.33209490776062
1756,0.08366534858942032,,770.2765128612518,33.347033739089966
1757,0.08278404921293259,,770.7107284069061,33.3619749546051
1758,0.0805959701538086,,771.1444792747498,33.37693238258362
1759,0.08099315315485,,771.578155040741,33.39188027381897
1760,0.08173256367444992,,772.010861158371,33.40681838989258
1761,0.08169705420732498,,772.4450960159302,33.421762466430664
1762,0.08756325393915176,,772.8772704601288,33.43670392036438
1763,0.07938124239444733,,773.3105962276459,33.4516658782959
1764,0.07854001969099045,,773.7432289123535,33.46663689613342
1765,0.0751396119594574,,774.1770012378693,33.48159861564636
1766,0.07740852236747742,,774.6110503673553,33.49654507637024
1767,0.07938607782125473,,775.0434186458588,33.511483907699585
1768,0.07628882676362991,,775.4758520126343,33.526418924331665
1769,0.07766669988632202,,775.908303976059,33.54137086868286
1770,0.07713325321674347,,776.3416776657104,33.55627942085266
1771,0.07651393115520477,,776.7739787101746,33.5712103843689
1772,0.08428920805454254,,777.2093152999878,33.586162090301514
1773,0.07953839004039764,,777.6433084011078,33.60113191604614
1774,0.0768679603934288,,778.0769081115723,33.61607027053833
1775,0.0765807181596756,,778.5102343559265,33.63100337982178
1776,0.07611897587776184,,778.9430639743805,33.645960569381714
1777,0.07863463461399078,,779.3763358592987,33.660921573638916
1778,0.07375574111938477,,779.8096282482147,33.67588973045349
1779,0.0755019262433052,,780.2430777549744,33.69083523750305
1780,0.07398069649934769,,780.6761929988861,33.70577597618103
1781,0.07390876114368439,,781.1104464530945,33.720715284347534
1782,0.0742713138461113,,781.5437443256378,33.73565721511841
1783,0.07424959540367126,,781.9770605564117,33.75058436393738
1784,0.07311666756868362,,782.4088938236237,33.765522718429565
1785,0.07331271469593048,,782.8423311710358,33.78046417236328
1786,0.07403257489204407,,783.2747116088867,33.79539251327515
1787,0.0761970728635788,,783.708368062973,33.81033897399902
1788,0.07349620014429092,,784.1419315338135,33.82528901100159
1789,0.0729009360074997,,784.575514793396,33.8402373790741
1790,0.07361328601837158,,785.0098292827606,33.855177879333496
1791,0.07120639085769653,,785.4433598518372,33.870136976242065
1792,0.07236005365848541,,785.8767130374908,33.88527512550354
1793,0.07136201113462448,,786.3118724822998,33.90023136138916
1794,0.12081626057624817,,786.745409488678,33.91515278816223
1795,0.08122783899307251,,787.1769816875458,33.93009066581726
1796,0.0776510015130043,,787.6103389263153,33.945021867752075
1797,0.08214493095874786,,788.041848897934,33.9599814414978
1798,0.07629085332155228,,788.4751884937286,33.97492504119873
1799,0.07476113736629486,,788.9090330600739,33.989866495132446
1800,0.07306519150733948,,789.5636537075043,34.00480794906616
1801,0.07240983843803406,,789.9999203681946,34.01976037025452
1802,0.07368330657482147,,790.4327788352966,34.03471779823303
1803,0.07453138381242752,,790.8653194904327,34.04966330528259
1804,0.0744338408112526,,791.2996180057526,34.06460928916931
1805,0.07554929703474045,,791.7310371398926,34.07958221435547
1806,0.07413895428180695,,792.1652739048004,34.094523191452026
1807,0.0733681470155716,,792.5986332893372,34.109479665756226
1808,0.07488290965557098,,793.0314741134644,34.1244421005249
1809,0.0729600042104721,,793.4651112556458,34.13938522338867
1810,0.0741204097867012,,793.8974144458771,34.15432953834534
1811,0.07537303864955902,,794.3310027122498,34.16928029060364
1812,0.07586122304201126,,794.7615120410919,34.18423843383789
1813,0.07566241919994354,,795.1937549114227,34.19917583465576
1814,0.07504009455442429,,795.6269056797028,34.214136838912964
1815,0.0753784105181694,,796.0596950054169,34.22907781600952
1816,0.07381107658147812,,796.492992401123,34.2440230846405
1817,0.07103750109672546,,796.9255900382996,34.258963108062744
1818,0.07129687815904617,,797.3586883544922,34.27390098571777
1819,0.07106668502092361,,797.7924981117249,34.28885507583618
1820,0.07115186005830765,,798.2254626750946,34.30381178855896
1821,0.07013435661792755,,798.6578662395477,34.31875658035278
1822,0.14384980499744415,,799.0918605327606,34.33369016647339
1823,0.07317978143692017,,799.5252134799957,34.348631620407104
1824,0.07588396221399307,,799.9601204395294,34.36358141899109
1825,0.07536295056343079,,800.3941254615784,34.378528118133545
1826,0.0726284310221672,,800.825540304184,34.393460273742676
1827,0.07373446226119995,,801.2590928077698,34.408403158187866
1828,0.07470586150884628,,801.691691160202,34.423346281051636
1829,0.07610725611448288,,802.1247866153717,34.438292264938354
1830,0.07657670229673386,,802.5582554340363,34.4532413482666
1831,0.07424630969762802,,802.9928960800171,34.46818447113037
1832,0.07256724685430527,,803.4279007911682,34.48312950134277
1833,0.07070879638195038,,803.8600974082947,34.498069286346436
1834,0.07437843829393387,,804.2930524349213,34.51300668716431
1835,0.07406998425722122,,804.7266585826874,34.52796745300293
1836,0.07673003524541855,,805.161670923233,34.54292345046997
1837,0.07882276177406311,,805.5934882164001,34.55786466598511
1838,0.07845286279916763,,806.0247628688812,34.57280087471008
1839,0.08485434949398041,,806.4583764076233,34.5877583026886
1840,0.07763483375310898,,806.8919725418091,34.602691888809204
1841,0.0773729532957077,,807.3256740570068,34.61762523651123
1842,0.07177847623825073,,807.7586414813995,34.63256478309631
1843,0.07355932146310806,,808.191499710083,34.64749550819397
1844,0.07721944898366928,,808.6248829364777,34.66244411468506
1845,0.07311687618494034,,809.0580611228943,34.677393674850464
1846,0.07248275727033615,,809.4910850524902,34.69234323501587
1847,0.07508610934019089,,809.9253780841827,34.70729184150696
1848,0.0803569108247757,,810.3596510887146,34.72224473953247
1849,0.07381828874349594,,810.7960007190704,34.73718523979187
1850,0.07298537343740463,,811.4490041732788,34.7521288394928
1851,0.0764123946428299,,811.8815958499908,34.767069816589355
1852,0.07296117395162582,,812.3154053688049,34.78202271461487
1853,0.07261782884597778,,812.7494790554047,34.796958208084106
1854,0.07296058535575867,,813.1835107803345,34.81188774108887
1855,0.07228938490152359,,813.6150999069214,34.82683873176575
1856,0.12173911184072495,,814.0465412139893,34.84178376197815
1857,0.12042507529258728,,814.4800543785095,34.85671925544739
1858,0.0807318240404129,,814.913491487503,34.87167191505432
1859,0.08357055485248566,,815.3481199741364,34.886597871780396
1860,0.07737159729003906,,815.7817058563232,34.901548624038696
1861,0.07771720737218857,,816.2184760570526,34.9164605140686
1862,0.08289141952991486,,816.6509206295013,34.93140935897827
1863,0.07916679233312607,,817.0853517055511,34.946354150772095
1864,0.07692695409059525,,817.5162353515625,34.96129131317139
1865,0.07943183183670044,,817.9497425556183,34.976224184036255
1866,0.0759371966123581,,818.3843717575073,34.991164445877075
1867,0.07361381500959396,,818.8175575733185,35.00611329078674
1868,0.07414989173412323,,819.2494788169861,35.021050214767456
1869,0.082590252161026,,819.6816942691803,35.03600215911865
1870,0.07842573523521423,,820.11559009552,35.050925970077515
1871,0.07816434651613235,,820.549332857132,35.06587862968445
1872,0.08090925961732864,,820.9827435016632,35.08081650733948
1873,0.07547255605459213,,821.415168762207,35.09576773643494
1874,0.08443942666053772,,821.8492035865784,35.110713958740234
1875,0.07152405381202698,,822.282440662384,35.12566947937012
1876,0.07713427394628525,,822.7158470153809,35.14061141014099
1877,0.07868359237909317,,823.1487414836884,35.155545234680176
1878,0.08215973526239395,,823.5826649665833,35.170485496520996
1879,0.06968829780817032,,824.0156674385071,35.18542170524597
1880,0.07006888091564178,,824.4488682746887,35.20036029815674
1881,0.07177255302667618,,824.882744550705,35.21526908874512
1882,0.07938975840806961,,825.315966129303,35.23021411895752
1883,0.07116557657718658,,825.7490248680115,35.245166301727295
1884,0.07074549049139023,,826.1817896366119,35.260106325149536
1885,0.07662427425384521,,826.6192467212677,35.275041580200195
1886,0.07462389022111893,,827.0523924827576,35.28998255729675
1887,0.07383830100297928,,827.4853301048279,35.30492568016052
1888,0.08058154582977295,,827.9176042079926,35.319880962371826
1889,0.0772404596209526,,828.3495755195618,35.33483862876892
1890,0.06963027268648148,,828.7826955318451,35.34978914260864
1891,0.08118423074483871,,829.2152690887451,35.36474108695984
1892,0.08425569534301758,,829.6478660106659,35.37966179847717
1893,0.08106706291437149,,830.0827486515045,35.3945894241333
1894,0.07859395444393158,,830.5162856578827,35.4095356464386
1895,0.07703526318073273,,830.9478886127472,35.4244863986969
1896,0.07703469693660736,,831.382226228714,35.43942737579346
1897,0.07556363940238953,,831.8155784606934,35.45437216758728
1898,0.07574783265590668,,832.2532124519348,35.46931791305542
1899,0.07386720180511475,,832.6882197856903,35.48425793647766
1900,0.07020898163318634,,833.3405802249908,35.499197483062744
1901,0.07056393474340439,,833.775098323822,35.514140605926514
1902,0.07147469371557236,,834.2065234184265,35.529083013534546
1903,0.07636889815330505,,834.6398305892944,35.54401993751526
1904,0.0750310868024826,,835.0726847648621,35.55897521972656
1905,0.07111435383558273,,835.5063788890839,35.573935747146606
1906,0.07014774531126022,,835.939689874649,35.58889150619507
1907,0.07803764939308167,,836.3742289543152,35.60383200645447
1908,0.07684695720672607,,836.8058409690857,35.618770122528076
1909,0.07548273354768753,,837.2382259368896,35.63369917869568
1910,0.07555130124092102,,837.6723301410675,35.648664236068726
1911,0.0678379163146019,,838.1054291725159,35.66359734535217
1912,0.07624741643667221,,838.5397300720215,35.678534269332886
1913,0.06801953166723251,,838.9712970256805,35.693488121032715
1914,0.07099350541830063,,839.4051511287689,35.70842933654785
1915,0.07057181745767593,,839.8380618095398,35.723381757736206
1916,0.06860102713108063,,840.2724270820618,35.73832416534424
1917,0.07480336725711823,,840.7060313224792,35.753273010253906
1918,0.07471708208322525,,841.1418569087982,35.768224477767944
1919,0.07938872277736664,,841.5794599056244,35.78321552276611
1920,0.07632312923669815,,842.017814874649,35.79815697669983
1921,0.07739268988370895,,842.4536561965942,35.813103914260864
1922,0.07475142925977707,,842.8927204608917,35.82805299758911
1923,0.06777174770832062,,843.3281226158142,35.84299421310425
1924,0.07386486977338791,,843.7633037567139,35.85792875289917
1925,0.079595185816288,,844.1993074417114,35.87288284301758
1926,0.07366420328617096,,844.6338472366333,35.88782548904419
1927,0.07020793855190277,,845.0754632949829,35.902766942977905
1928,0.07953811436891556,,845.5146012306213,35.917704343795776
1929,0.07629275321960449,,845.9483978748322,35.93265771865845
1930,0.07527852803468704,,846.3832046985626,35.94758605957031
1931,0.07148662209510803,,846.8167176246643,35.962538957595825
1932,0.07612942904233932,,847.2511398792267,35.97749304771423
1933,0.07109008729457855,,847.6864807605743,35.99244403839111
1934,0.08050497621297836,,848.1210267543793,36.0073938369751
1935,0.08113572746515274,,848.5541615486145,36.02233290672302
1936,0.080051489174366,,848.9881167411804,36.037282943725586
1937,0.10096213966608047,,849.4232265949249,36.052231550216675
1938,0.12264510989189148,,849.8566670417786,36.067174196243286
1939,0.07316162437200546,,850.2898335456848,36.08212089538574
1940,0.06941026449203491,,850.7236731052399,36.097054958343506
1941,0.07056248188018799,,851.1551396846771,36.1120080947876
1942,0.06848838180303574,,851.5884895324707,36.126949310302734
1943,0.06887362897396088,,852.0220646858215,36.14190077781677
1944,0.06677993386983871,,852.4538643360138,36.15683937072754
1945,0.09393683075904846,,852.8855192661285,36.171775579452515
1946,0.08194700628519058,,853.319887638092,36.186739683151245
1947,0.06883392482995987,,853.7533512115479,36.20167279243469
1948,0.06753768026828766,,854.1863350868225,36.21660757064819
1949,0.06586218625307083,,854.6195256710052,36.23155641555786
1950,0.06629486382007599,,855.2732458114624,36.246503591537476
1951,0.0661037489771843,,855.7093539237976,36.261438846588135
1952,0.06631381809711456,,856.1434473991394,36.276389598846436
1953,0.06572844833135605,,856.575160741806,36.291344165802
1954,0.0736638605594635,,857.0087523460388,36.30629205703735
1955,0.07108507305383682,,857.4414384365082,36.321245431900024
1956,0.0677293911576271,,857.8725094795227,36.336191177368164
1957,0.06922239810228348,,858.306960105896,36.351139307022095
1958,0.06794702261686325,,858.7390854358673,36.366074323654175
1959,0.06661853939294815,,859.1728575229645,36.381011724472046
1960,0.0684022381901741,,859.6070439815521,36.395957469940186
1961,0.06908760964870453,,860.0395333766937,36.41090965270996
1962,0.06607820838689804,,860.4736633300781,36.42584991455078
1963,0.06826045364141464,,860.9063453674316,36.44078731536865
1964,0.06678875535726547,,861.3389880657196,36.455739974975586
1965,0.0668182522058487,,861.7721025943756,36.47067594528198
1966,0.06643086671829224,,862.2042481899261,36.48560619354248
1967,0.06734046339988708,,862.6394484043121,36.500540256500244
1968,0.0671137198805809,,863.073002576828,36.5154972076416
1969,0.06764619797468185,,863.5072867870331,36.530434131622314
1970,0.06833533942699432,,863.9402730464935,36.545379400253296
1971,0.06812086701393127,,864.3735647201538,36.56032466888428
1972,0.06793186068534851,,864.8073761463165,36.57528376579285
1973,0.07064679265022278,,865.2409839630127,36.59023880958557
1974,0.06802112609148026,,865.6740260124207,36.6051766872406
1975,0.0747457891702652,,866.1073365211487,36.620105028152466
1976,0.07253221422433853,,866.5400800704956,36.635051012039185
1977,0.07166837900876999,,866.9738495349884,36.650009632110596
1978,0.06726939231157303,,867.4090316295624,36.664931297302246
1979,0.07019305974245071,,867.8432791233063,36.67988157272339
1980,0.06756077706813812,,868.276150226593,36.694830894470215
1981,0.06705629825592041,,868.7101187705994,36.70978140830994
1982,0.0693943127989769,,869.1430532932281,36.724690437316895
1983,0.0682595893740654,,869.5766789913177,36.73963475227356
1984,0.0711752399802208,,870.0102906227112,36.75457191467285
1985,0.07172657549381256,,870.4441757202148,36.76951503753662
1986,0.0662122592329979,,870.8779900074005,36.78447771072388
1987,0.06672067940235138,,871.3128838539124,36.79943633079529
1988,0.06979391723871231,,871.7467820644379,36.81438207626343
1989,0.0711749717593193,,872.1797060966492,36.82933044433594
1990,0.06994690001010895,,872.6139752864838,36.84426522254944
1991,0.06905170530080795,,873.0464296340942,36.859216928482056
1992,0.0704638734459877,,873.479329586029,36.87418794631958
1993,0.0726163312792778,,873.9139859676361,36.88911747932434
1994,0.07204364240169525,,874.3466620445251,36.90406084060669
1995,0.0714603140950203,,874.778834104538,36.91900634765625
1996,0.06886616349220276,,875.2129120826721,36.93394756317139
1997,0.07638075947761536,,875.6448857784271,36.94890570640564
1998,0.06867325305938721,,876.077892780304,36.963847160339355
1999,0.06758296489715576,,876.5132346153259,36.97878170013428
2000,0.07009606063365936,-0.007501269690692425,877.1662657260895,38.73564553260803
2001,0.06773245334625244,,877.6006128787994,38.75058317184448
2002,0.06665264815092087,,878.032680273056,38.765522718429565
2003,0.06789053976535797,,878.4646396636963,38.780447006225586
2004,0.06943117082118988,,878.8987815380096,38.795390605926514
2005,0.06864655762910843,,879.3291983604431,38.8103187084198
2006,0.07119236141443253,,879.7621545791626,38.825258016586304
2007,0.0664191022515297,,880.1958110332489,38.84019947052002
2008,0.07349709421396255,,880.6294419765472,38.85514545440674
2009,0.06976185739040375,,881.0631663799286,38.87008810043335
2010,0.06553807854652405,,881.4976508617401,38.88504219055176
2011,0.09381710737943649,,881.9334518909454,38.90000796318054
2012,0.06693814694881439,,882.3658912181854,38.9149534702301
2013,0.06757516413927078,,882.7996923923492,38.929892778396606
2014,0.0674109160900116,,883.2329792976379,38.94483256340027
2015,0.06920154392719269,,883.665774345398,38.95979142189026
2016,0.0682462677359581,,884.099288225174,38.97470736503601
2017,0.06591742485761642,,884.531977891922,38.98965787887573
2018,0.06538643687963486,,884.9642534255981,39.004597902297974
2019,0.06787633150815964,,885.3984158039093,39.0195517539978
2020,0.06594132632017136,,885.830992937088,39.03451633453369
2021,0.06903964281082153,,886.263885974884,39.04945206642151
2022,0.06855691969394684,,886.6982219219208,39.06441783905029
2023,0.06728531420230865,,887.1318714618683,39.07936644554138
2024,0.07208007574081421,,887.5650897026062,39.09431576728821
2025,0.06822891533374786,,888.0002884864807,39.1092586517334
2026,0.06776909530162811,,888.4331448078156,39.124197483062744
2027,0.07182524353265762,,888.8648624420166,39.1391441822052
2028,0.07846134155988693,,889.2988650798798,39.154083490371704
2029,0.07342585921287537,,889.7302742004395,39.1690239906311
2030,0.08193950355052948,,890.1636693477631,39.183959007263184
2031,0.07942862063646317,,890.5972735881805,39.19890260696411
2032,0.07752086222171783,,891.0306634902954,39.21385359764099
2033,0.07022449374198914,,891.4634447097778,39.22878623008728
2034,0.06942170858383179,,891.8966991901398,39.24372839927673
2035,0.07205455750226974,,892.3301997184753,39.258673667907715
2036,0.06769811362028122,,892.763078212738,39.273624897003174
2037,0.06622812151908875,,893.1973385810852,39.28856086730957
2038,0.0783955454826355,,893.6299901008606,39.30350685119629
2039,0.07573716342449188,,894.0638914108276,39.31845474243164
2040,0.07023189216852188,,894.497416973114,39.33339309692383
2041,0.0694313496351242,,894.9308111667633,39.348363637924194
2042,0.07325901091098785,,895.3629579544067,39.36332583427429
2043,0.07524850219488144,,895.7965965270996,39.37825798988342
2044,0.0725070983171463,,896.2286329269409,39.393218994140625
2045,0.07924781739711761,,896.6606423854828,39.40816402435303
2046,0.0759078711271286,,897.094476222992,39.42310190200806
2047,0.07859846949577332,,897.5273439884186,39.43804216384888
2048,0.07844706624746323,,897.9601149559021,39.45299196243286
2049,0.08710963279008865,,898.392276763916,39.467934370040894
2050,0.0791882574558258,,899.0472326278687,39.482887506484985
2051,0.07904412597417831,,899.4791276454926,39.49783635139465
2052,0.07502470910549164,,899.9125142097473,39.51276874542236
2053,0.07498016953468323,,900.3461594581604,39.527713775634766
2054,0.07623501867055893,,900.7806916236877,39.542672872543335
2055,0.07682263851165771,,901.2130150794983,39.557615518569946
2056,0.07087588310241699,,901.6464898586273,39.57255268096924
2057,0.07653696835041046,,902.0792555809021,39.58748960494995
2058,0.0734543725848198,,902.5136377811432,39.60243797302246
2059,0.07589405030012131,,902.9479601383209,39.61738181114197
2060,0.07406500726938248,,903.3819642066956,39.63241720199585
2061,0.07502517849206924,,903.8157422542572,39.6473491191864
2062,0.07811848819255829,,904.2505345344543,39.66229057312012
2063,0.08501516282558441,,904.6839010715485,39.67724394798279
2064,0.08041155338287354,,905.1177170276642,39.69217371940613
2065,0.07436550408601761,,905.5501098632812,39.70710253715515
2066,0.08092586696147919,,905.9844677448273,39.72204923629761
2067,0.07828677445650101,,906.4178941249847,39.736987352371216
2068,0.07417161762714386,,906.851176738739,39.75189685821533
2069,0.07007052004337311,,907.2839410305023,39.76684093475342
2070,0.06926460564136505,,907.7165431976318,39.78179121017456
2071,0.07118157297372818,,908.1493563652039,39.796738624572754
2072,0.07882381230592728,,908.5841791629791,39.81168055534363
2073,0.07685349136590958,,909.0177199840546,39.826616048812866
2074,0.07357314974069595,,909.4510397911072,39.8415584564209
2075,0.07323697954416275,,909.883989572525,39.85650277137756
2076,0.0709456205368042,,910.3173117637634,39.87144875526428
2077,0.07409048080444336,,910.750866651535,39.88638401031494
2078,0.07506278157234192,,911.182820558548,39.901336431503296
2079,0.07237544655799866,,911.6172685623169,39.916260719299316
2080,0.0766514390707016,,912.0504364967346,39.93120288848877
2081,0.08239045739173889,,912.4847421646118,39.9461464881897
2082,0.07796931266784668,,912.9183070659637,39.96111059188843
2083,0.07350581139326096,,913.3517215251923,39.9760468006134
2084,0.07758922129869461,,913.7847993373871,39.99098563194275
2085,0.07503263652324677,,914.2184681892395,40.00592041015625
2086,0.0771162360906601,,914.6518123149872,40.02086114883423
2087,0.0759502425789833,,915.0837948322296,40.035804748535156
2088,0.0801357850432396,,915.5184144973755,40.05075788497925
2089,0.07141991704702377,,915.951498746872,40.06568908691406
2090,0.07475589215755463,,916.3861584663391,40.08063244819641
2091,0.07148074358701706,,916.8193633556366,40.09558463096619
2092,0.08763975650072098,,917.2526834011078,40.11051654815674
2093,0.07071519643068314,,917.6877403259277,40.12545418739319
2094,0.06991196423768997,,918.1200284957886,40.140395641326904
2095,0.06920017302036285,,918.5514008998871,40.155356645584106
2096,0.07226943969726562,,918.9819169044495,40.1702880859375
2097,0.07192099839448929,,919.4141554832458,40.18523979187012
2098,0.07108175754547119,,919.847235918045,40.200188398361206
2099,0.07211218029260635,,920.281909942627,40.21514081954956
2100,0.07165250927209854,,920.934319972992,40.2300922870636
2101,0.07073752582073212,,921.3683688640594,40.24506878852844
2102,0.07162877172231674,,921.8029906749725,40.26000905036926
2103,0.07165578752756119,,922.2358829975128,40.274954319000244
2104,0.07365406304597855,,922.6704647541046,40.28991103172302
2105,0.07424952834844589,,923.1016690731049,40.304845094680786
2106,0.07170558720827103,,923.5340418815613,40.319807291030884
2107,0.0696026161313057,,923.9667303562164,40.33478379249573
2108,0.07080107927322388,,924.4000027179718,40.34974026679993
2109,0.07025188952684402,,924.8337936401367,40.36470055580139
2110,0.07198408246040344,,925.2679786682129,40.379650354385376
2111,0.06906861811876297,,925.6999826431274,40.39460468292236
2112,0.0708889365196228,,926.13303399086,40.409562826156616
2113,0.06884417682886124,,926.5665862560272,40.4245023727417
2114,0.06962517648935318,,926.9995083808899,40.43945336341858
2115,0.06871913373470306,,927.4330177307129,40.45439338684082
2116,0.0704507976770401,,927.8670244216919,40.469348192214966
2117,0.06736148148775101,,928.2996904850006,40.484293699264526
2118,0.07020381093025208,,928.7330446243286,40.49924278259277
2119,0.06927136331796646,,929.1667129993439,40.51418089866638
2120,0.06872650235891342,,929.5983510017395,40.52912259101868
2121,0.06871173530817032,,930.0311386585236,40.54407215118408
2122,0.07360950112342834,,930.4633069038391,40.559006690979004
2123,0.06808163225650787,,930.8964276313782,40.57395958900452
2124,0.06862125545740128,,931.3293633460999,40.58890891075134
2125,0.06795784831047058,,931.7631466388702,40.60385799407959
2126,0.07018408924341202,,932.1967475414276,40.61880445480347
2127,0.07098650187253952,,932.6298093795776,40.63374948501587
2128,0.06979402899742126,,933.0637624263763,40.64869451522827
2129,0.06846359372138977,,933.4971568584442,40.663636207580566
2130,0.06825916469097137,,933.930276632309,40.67858815193176
2131,0.07140012085437775,,934.363655090332,40.69353628158569
2132,0.06817180663347244,,934.7954120635986,40.70846915245056
2133,0.0675102025270462,,935.2276039123535,40.723414182662964
2134,0.06748853623867035,,935.6618180274963,40.73836660385132
2135,0.0704832673072815,,936.0938575267792,40.75331926345825
2136,0.07008481025695801,,936.5273578166962,40.768251180648804
2137,0.07058041542768478,,936.9600534439087,40.783193826675415
2138,0.07339721918106079,,937.3933563232422,40.79810953140259
2139,0.07039060443639755,,937.8262825012207,40.81305265426636
2140,0.0718642845749855,,938.2588696479797,40.8279972076416
2141,0.07052742689847946,,938.6911056041718,40.84295034408569
2142,0.06840985268354416,,939.1247298717499,40.857911109924316
2143,0.07016307860612869,,939.5595002174377,40.87286019325256
2144,0.07090497761964798,,939.9920816421509,40.887797355651855
2145,0.07362288981676102,,940.4252479076385,40.90274143218994
2146,0.07148925215005875,,940.8600161075592,40.91769099235535
2147,0.07087437063455582,,941.2937643527985,40.93262982368469
2148,0.07107255607843399,,941.7263722419739,40.94756364822388
2149,0.06965909153223038,,942.161126613617,40.96249222755432
2150,0.07993097603321075,,942.8146920204163,40.97742772102356
2151,0.0710885226726532,,943.2488396167755,40.99236249923706
2152,0.06884247809648514,,943.6829376220703,41.00731587409973
2153,0.06783317029476166,,944.1157088279724,41.02224922180176
2154,0.07599999755620956,,944.549400806427,41.03719449043274
2155,0.06860034167766571,,944.9830708503723,41.05211138725281
2156,0.07022152841091156,,945.4159686565399,41.06706357002258
2157,0.0674128457903862,,945.8510799407959,41.08199381828308
2158,0.07190579921007156,,946.2855098247528,41.09694004058838
2159,0.08036697655916214,,946.7173292636871,41.11188507080078
2160,0.08906044065952301,,947.1514556407928,41.126829624176025
2161,0.07217343896627426,,947.5853688716888,41.14177680015564
2162,0.07641350477933884,,948.0187079906464,41.156726360321045
2163,0.0715649425983429,,948.4525673389435,41.17167282104492
2164,0.0702383890748024,,948.8861930370331,41.18660497665405
2165,0.06934260576963425,,949.3215985298157,41.20155310630798
2166,0.0681939646601677,,949.7555685043335,41.21648168563843
2167,0.06686042249202728,,950.1878199577332,41.231417655944824
2168,0.06912977248430252,,950.621279001236,41.246333599090576
2169,0.06987769156694412,,951.0558109283447,41.26128792762756
2170,0.06759186834096909,,951.4893646240234,41.27621030807495
2171,0.06802444159984589,,951.9219601154327,41.29115676879883
2172,0.06878294050693512,,952.3576364517212,41.30610466003418
2173,0.06970227509737015,,952.7907361984253,41.321067810058594
2174,0.06986630707979202,,953.2244536876678,41.3360059261322
2175,0.07242797315120697,,953.6573638916016,41.35095477104187
2176,0.06950118392705917,,954.0906140804291,41.36590075492859
2177,0.08572135120630264,,954.52277302742,41.38084125518799
2178,0.08017067611217499,,954.9573042392731,41.395785093307495
2179,0.08854002505540848,,955.3940756320953,41.41070914268494
2180,0.08280199021100998,,955.8265209197998,41.42565298080444
2181,0.07392241060733795,,956.259996175766,41.44058084487915
2182,0.07663726061582565,,956.6921997070312,41.45553994178772
2183,0.07758048176765442,,957.1260681152344,41.47051024436951
2184,0.07569946348667145,,957.5598464012146,41.485461711883545
2185,0.07414668053388596,,957.9938406944275,41.50041079521179
2186,0.07583902776241302,,958.4248313903809,41.515366554260254
2187,0.0742865651845932,,958.8584671020508,41.53029727935791
2188,0.06859838962554932,,959.2913756370544,41.54523205757141
2189,0.08337443321943283,,959.7241580486298,41.56018900871277
2190,0.06924295425415039,,960.1567413806915,41.57511353492737
2191,0.07284075021743774,,960.5884611606598,41.59007167816162
2192,0.07159239053726196,,961.0215451717377,41.60503530502319
2193,0.07578445971012115,,961.4566082954407,41.61998391151428
2194,0.07794729620218277,,961.8919613361359,41.634931325912476
2195,0.07190176844596863,,962.3259630203247,41.64987134933472
2196,0.0735933929681778,,962.7586288452148,41.664815187454224
2197,0.09598858654499054,,963.1915683746338,41.67977023124695
2198,0.07608825713396072,,963.624728679657,41.69471764564514
2199,0.07149579375982285,,964.0594594478607,41.70966172218323
2200,0.0704253762960434,,964.7138669490814,41.72463655471802
2201,0.07073431462049484,,965.1477632522583,41.73958921432495
2202,0.07289116084575653,,965.5798079967499,41.754533529281616
2203,0.07080128788948059,,966.0123126506805,41.769471883773804
2204,0.0716894119977951,,966.446604013443,41.784425258636475
2205,0.06998239457607269,,966.8779850006104,41.79935693740845
2206,0.06984682381153107,,967.3109157085419,41.81430220603943
2207,0.07203125953674316,,967.7441890239716,41.8292396068573
2208,0.06929796934127808,,968.1786639690399,41.844192028045654
2209,0.07390102744102478,,968.6108591556549,41.85913848876953
2210,0.0716431513428688,,969.0438194274902,41.874085664749146
2211,0.07062749564647675,,969.476973772049,41.88905143737793
2212,0.07182791084051132,,969.9096851348877,41.90401029586792
2213,0.06886576861143112,,970.3438816070557,41.9189567565918
2214,0.07172098755836487,,970.777820110321,41.933897733688354
2215,0.0702669695019722,,971.2109789848328,41.948845863342285
2216,0.07187286764383316,,971.6445758342743,41.963804483413696
2217,0.07258979231119156,,972.076108455658,41.978737592697144
2218,0.07010412216186523,,972.5102641582489,41.993656396865845
2219,0.07418659329414368,,972.9442090988159,42.00859618186951
2220,0.06997504085302353,,973.3763766288757,42.023555755615234
2221,0.06947129964828491,,973.808956861496,42.03850078582764
2222,0.06966876238584518,,974.2424192428589,42.05346083641052
2223,0.07136397808790207,,974.6759402751923,42.06841540336609
2224,0.0697314515709877,,975.1127195358276,42.083362340927124
2225,0.06996642798185349,,975.5469377040863,42.09830856323242
2226,0.07295820116996765,,975.9796833992004,42.113253355026245
2227,0.06953113526105881,,976.412486076355,42.12819814682007
2228,0.07179009169340134,,976.8464984893799,42.143144607543945
2229,0.06991652399301529,,977.277378320694,42.15809679031372
2230,0.07121775299310684,,977.7088775634766,42.17303824424744
2231,0.07052890956401825,,978.1424758434296,42.187989711761475
2232,0.07243851572275162,,978.5738661289215,42.20294451713562
2233,0.07410923391580582,,979.0072302818298,42.21789050102234
2234,0.07632914930582047,,979.4398217201233,42.23284029960632
2235,0.07489337027072906,,979.8711159229279,42.24777817726135
2236,0.07325324416160583,,980.3028216362,42.262744665145874
2237,0.07343834638595581,,980.7333173751831,42.27768635749817
2238,0.0723421722650528,,981.1678528785706,42.29262828826904
2239,0.07099638879299164,,981.601717710495,42.30757403373718
2240,0.07140378654003143,,982.0356090068817,42.32252335548401
2241,0.07375578582286835,,982.4667325019836,42.33746123313904
2242,0.07517469674348831,,982.9002094268799,42.352394819259644
2243,0.07105600833892822,,983.3339796066284,42.36734080314636
2244,0.07397421449422836,,983.7659032344818,42.382288694381714
2245,0.07997916638851166,,984.1990258693695,42.39723610877991
2246,0.07204392552375793,,984.6324081420898,42.41217565536499
2247,0.07455169409513474,,985.0660054683685,42.42710208892822
2248,0.071221262216568,,985.4996962547302,42.44206190109253
2249,0.07122689485549927,,985.9326584339142,42.45701575279236
2250,0.07146932929754257,,986.590532541275,42.471977949142456
2251,0.07249568402767181,,987.0250782966614,42.48693060874939
2252,0.06993479281663895,,987.46333527565,42.501874923706055
2253,0.07127178460359573,,987.8951439857483,42.51680135726929
2254,0.07158782333135605,,988.3296582698822,42.531771659851074
2255,0.07137496769428253,,988.7626702785492,42.546751260757446
2256,0.07157938182353973,,989.1974575519562,42.561699867248535
2257,0.07216435670852661,,989.6317274570465,42.57665276527405
2258,0.0728619247674942,,990.0638294219971,42.59161329269409
2259,0.07248184084892273,,990.4961378574371,42.606574058532715
2260,0.07332401722669601,,990.929291009903,42.62151741981506
2261,0.07304579764604568,,991.3628673553467,42.63646864891052
2262,0.07605457305908203,,991.7969398498535,42.65141415596008
2263,0.07197830826044083,,992.2339866161346,42.666380167007446
2264,0.07136409729719162,,992.668030500412,42.681294441223145
2265,0.07634575664997101,,993.1019773483276,42.696250200271606
2266,0.0728815495967865,,993.5344457626343,42.71120834350586
2267,0.07277174293994904,,993.967648267746,42.72615909576416
2268,0.07451274991035461,,994.399233341217,42.74110412597656
2269,0.07280131429433823,,994.8315811157227,42.75606441497803
2270,0.0715685561299324,,995.2633919715881,42.7710075378418
2271,0.07245424389839172,,995.69735455513,42.78594470024109
2272,0.07225878536701202,,996.1304585933685,42.80089855194092
2273,0.06975208222866058,,996.5645968914032,42.81586575508118
2274,0.07043918967247009,,996.9985616207123,42.83082556724548
2275,0.07065076380968094,,997.4332845211029,42.845783710479736
2276,0.07134567201137543,,997.8656013011932,42.860718965530396
2277,0.07036662101745605,,998.2989590167999,42.875686168670654
2278,0.06877420097589493,,998.7317855358124,42.890636920928955
2279,0.07200144976377487,,999.1651577949524,42.90560173988342
2280,0.07786304503679276,,999.5989506244659,42.92054986953735
2281,0.07231170684099197,,1000.0325865745544,42.935497760772705
2282,0.07095332443714142,,1000.4660801887512,42.950440645217896
2283,0.07247523218393326,,1000.8992066383362,42.96539378166199
2284,0.07039802521467209,,1001.3342792987823,42.98036170005798
2285,0.07085433602333069,,1001.7680289745331,42.995309591293335
2286,0.07344718277454376,,1002.2026433944702,43.010262966156006
2287,0.07555478066205978,,1002.6375551223755,43.02521085739136
2288,0.07267650961875916,,1003.0717940330505,43.04014348983765
2289,0.07242248207330704,,1003.5053987503052,43.05507826805115
2290,0.07317298650741577,,1003.9379496574402,43.07001829147339
2291,0.07228553295135498,,1004.3722198009491,43.08497405052185
2292,0.0758771151304245,,1004.8055651187897,43.09993600845337
2293,0.07387989014387131,,1005.2390916347504,43.114880323410034
2294,0.0739622637629509,,1005.673490524292,43.12983560562134
2295,0.07490116357803345,,1006.1074557304382,43.14478898048401
2296,0.07377920299768448,,1006.5426383018494,43.159727334976196
2297,0.07034608721733093,,1006.9749710559845,43.17466855049133
2298,0.07386341691017151,,1007.4093103408813,43.18962049484253
2299,0.07062776386737823,,1007.8440232276917,43.204569578170776
2300,0.07385985553264618,,1008.4974088668823,43.219523906707764
2301,0.07242259383201599,,1008.9317779541016,43.234471797943115
2302,0.07163049280643463,,1009.3658723831177,43.24942469596863
2303,0.0740688368678093,,1009.7995626926422,43.264365911483765
2304,0.07254675775766373,,1010.2327268123627,43.27930521965027
2305,0.07103490084409714,,1010.665641784668,43.29424834251404
2306,0.07717898488044739,,1011.0976128578186,43.309200286865234
2307,0.07405663281679153,,1011.5312449932098,43.32414102554321
2308,0.073915034532547,,1011.9645144939423,43.33908724784851
2309,0.07503630220890045,,1012.3953807353973,43.35403323173523
2310,0.07507190853357315,,1012.8296294212341,43.369006872177124
2311,0.07372825592756271,,1013.2629218101501,43.38395094871521
2312,0.07330671697854996,,1013.6969170570374,43.398892402648926
2313,0.0720561221241951,,1014.131023645401,43.413849115371704
2314,0.07400141656398773,,1014.5636954307556,43.42878818511963
2315,0.07297711074352264,,1014.9959754943848,43.44375228881836
2316,0.07207842171192169,,1015.4304916858673,43.45870113372803
2317,0.07422954589128494,,1015.8647782802582,43.47366237640381
2318,0.07472775876522064,,1016.2962694168091,43.488605976104736
2319,0.07288872450590134,,1016.7328290939331,43.503543853759766
2320,0.07212162017822266,,1017.1663963794708,43.51847434043884
2321,0.07213420420885086,,1017.6000416278839,43.53344130516052
2322,0.07427770644426346,,1018.0337936878204,43.54838728904724
2323,0.0742412731051445,,1018.4674503803253,43.56334733963013
2324,0.0731528177857399,,1018.9012229442596,43.578306913375854
2325,0.07515350729227066,,1019.3343603610992,43.59326195716858
2326,0.0728858932852745,,1019.7689566612244,43.60821318626404
2327,0.07096946984529495,,1020.2025272846222,43.623159646987915
2328,0.07017374038696289,,1020.6355774402618,43.638108015060425
2329,0.07143926620483398,,1021.0681421756744,43.65305471420288
2330,0.07429750263690948,,1021.5010869503021,43.6680052280426
2331,0.08711421489715576,,1021.9350953102112,43.68293571472168
2332,0.07033619284629822,,1022.3683903217316,43.69787955284119
2333,0.07262645661830902,,1022.8020589351654,43.712828159332275
2334,0.07014231383800507,,1023.2351472377777,43.72777080535889
2335,0.06935188919305801,,1023.668582201004,43.742716550827026
2336,0.0700598806142807,,1024.104437828064,43.75766158103943
2337,0.07331784814596176,,1024.5358309745789,43.77260231971741
2338,0.07041462510824203,,1024.969191789627,43.78755283355713
2339,0.07118504494428635,,1025.4044914245605,43.802499771118164
2340,0.07074934989213943,,1025.8386373519897,43.81744837760925
2341,0.07102536410093307,,1026.2734990119934,43.832398414611816
2342,0.0700782909989357,,1026.7073464393616,43.84735083580017
2343,0.07258372753858566,,1027.1426558494568,43.86230826377869
2344,0.07147739082574844,,1027.5755851268768,43.87723231315613
2345,0.07029061019420624,,1028.0079221725464,43.89218354225159
2346,0.06937432289123535,,1028.4425575733185,43.90713095664978
2347,0.06978478282690048,,1028.876502275467,43.92209553718567
2348,0.0742175430059433,,1029.3098890781403,43.9370322227478
2349,0.07952489703893661,,1029.743720293045,43.951979875564575
2350,0.07239232957363129,,1030.3982982635498,43.966912269592285
2351,0.07243341207504272,,1030.832727432251,43.98186898231506
2352,0.07228735834360123,,1031.2673602104187,43.99684453010559
2353,0.07492958009243011,,1031.70228266716,44.0118043422699
2354,0.08224455267190933,,1032.1367545127869,44.026755809783936
2355,0.07819648832082748,,1032.5732135772705,44.04170489311218
2356,0.06998136639595032,,1033.0070490837097,44.05665326118469
2357,0.0699692964553833,,1033.4415755271912,44.071603775024414
2358,0.07107916474342346,,1033.8751108646393,44.086549282073975
2359,0.07146846503019333,,1034.3083698749542,44.10148549079895
2360,0.07198450714349747,,1034.7426509857178,44.11644792556763
2361,0.07296483963727951,,1035.1754400730133,44.131388664245605
2362,0.07550744712352753,,1035.608319759369,44.146339416503906
2363,0.07131896167993546,,1036.0425255298615,44.16125535964966
2364,0.07363267242908478,,1036.476592540741,44.17621111869812
2365,0.07483554631471634,,1036.9087300300598,44.191133975982666
2366,0.07877098023891449,,1037.3438918590546,44.20608186721802
2367,0.07946504652500153,,1037.7762200832367,44.220985889434814
2368,0.07310173660516739,,1038.2095975875854,44.23593711853027
2369,0.07760739326477051,,1038.6452345848083,44.25088429450989
2370,0.07537537068128586,,1039.077862739563,44.26584076881409
2371,0.07487177848815918,,1039.5118882656097,44.28078484535217
2372,0.07178177684545517,,1039.9462041854858,44.295740365982056
2373,0.07141858339309692,,1040.379326581955,44.310686349868774
2374,0.0745633915066719,,1040.8140106201172,44.325610399246216
2375,0.0761134997010231,,1041.2494127750397,44.340553522109985
2376,0.07142434269189835,,1041.6824975013733,44.35547995567322
2377,0.07524009048938751,,1042.1155557632446,44.37043285369873
2378,0.08035355806350708,,1042.5486376285553,44.38535761833191
2379,0.07426201552152634,,1042.9817893505096,44.4003005027771
2380,0.07351195067167282,,1043.415932416916,44.415244817733765
2381,0.07287519425153732,,1043.8502039909363,44.43019366264343
2382,0.0708053931593895,,1044.2844936847687,44.44513392448425
2383,0.07145487517118454,,1044.7195601463318,44.460089921951294
2384,0.0731397271156311,,1045.1538026332855,44.47503352165222
2385,0.06968028843402863,,1045.591058254242,44.48998188972473
2386,0.07085675001144409,,1046.0254061222076,44.5049262046814
2387,0.07047339528799057,,1046.4638075828552,44.51986217498779
2388,0.07037709653377533,,1046.8956542015076,44.5348265171051
2389,0.07024022191762924,,1047.3280296325684,44.54976272583008
2390,0.07070159912109375,,1047.7633848190308,44.56470990180969
2391,0.06943952292203903,,1048.1963896751404,44.579647064208984
2392,0.07178346812725067,,1048.6311693191528,44.59459924697876
2393,0.0757330060005188,,1049.0667428970337,44.60952830314636
2394,0.0714854747056961,,1049.501579284668,44.624470233917236
2395,0.06950479000806808,,1049.9327828884125,44.63941740989685
2396,0.07253530621528625,,1050.3660430908203,44.654364585876465
2397,0.0713091492652893,,1050.799277305603,44.66933012008667
2398,0.07140790671110153,,1051.2329831123352,44.68426322937012
2399,0.06978047639131546,,1051.6657412052155,44.69920086860657
2400,0.07113873958587646,,1052.3191967010498,44.71414232254028
2401,0.07120732963085175,,1052.7531456947327,44.72909140586853
2402,0.07290717959403992,,1053.187289237976,44.74403381347656
2403,0.07102325558662415,,1053.6208708286285,44.75898623466492
2404,0.07269011437892914,,1054.055137872696,44.77390766143799
2405,0.07340995222330093,,1054.485856294632,44.78884768486023
2406,0.0719367265701294,,1054.9159655570984,44.803765535354614
2407,0.07086911052465439,,1055.3485043048859,44.81871747970581
2408,0.0704607218503952,,1055.7817611694336,44.83367609977722
2409,0.06981362402439117,,1056.216084241867,44.84861397743225
2410,0.06982187926769257,,1056.6498005390167,44.86355519294739
2411,0.06801453977823257,,1057.083591222763,44.87852096557617
2412,0.06826764345169067,,1057.5153813362122,44.89346933364868
2413,0.07136251777410507,,1057.9501504898071,44.90839910507202
2414,0.06841039657592773,,1058.3838846683502,44.92334318161011
2415,0.06827527284622192,,1058.8167548179626,44.93825626373291
2416,0.06921198219060898,,1059.2513704299927,44.95320272445679
2417,0.06900908052921295,,1059.6855669021606,44.96815037727356
2418,0.06928299367427826,,1060.118325471878,44.98310399055481
2419,0.06963787227869034,,1060.551052570343,44.99804925918579
2420,0.06989172101020813,,1060.9848973751068,45.013001441955566
2421,0.06980883330106735,,1061.4190261363983,45.02794432640076
2422,0.07036285102367401,,1061.8532598018646,45.04288721084595
2423,0.0701974406838417,,1062.2868914604187,45.05785536766052
2424,0.06938768923282623,,1062.7198104858398,45.07279562950134
2425,0.07146833837032318,,1063.1542241573334,45.08774256706238
2426,0.07001659274101257,,1063.588427066803,45.10266613960266
2427,0.06955617666244507,,1064.0214667320251,45.11761713027954
2428,0.06980036944150925,,1064.4551594257355,45.13256812095642
2429,0.07097584009170532,,1064.8888685703278,45.14753556251526
2430,0.06807900965213776,,1065.3206000328064,45.1624801158905
2431,0.06947030872106552,,1065.7555882930756,45.17743372917175
2432,0.06861893087625504,,1066.1892938613892,45.19237923622131
2433,0.06896191835403442,,1066.6236238479614,45.20731210708618
2434,0.06949174404144287,,1067.0555415153503,45.2222580909729
2435,0.0698954164981842,,1067.4888184070587,45.237199783325195
2436,0.06929681450128555,,1067.9214763641357,45.25216555595398
2437,0.06935190409421921,,1068.3557472229004,45.26708483695984
2438,0.06831803917884827,,1068.789633989334,45.282039642333984
2439,0.07077673077583313,,1069.2227568626404,45.29698610305786
2440,0.0698520839214325,,1069.6582367420197,45.311946868896484
2441,0.07225682586431503,,1070.0916693210602,45.32690453529358
2442,0.07111355662345886,,1070.5293803215027,45.34184670448303
2443,0.07022825628519058,,1070.9617516994476,45.35679793357849
2444,0.06938965618610382,,1071.3962922096252,45.371744871139526
2445,0.07132909446954727,,1071.8291637897491,45.38669157028198
2446,0.07694780826568604,,1072.2619245052338,45.4016387462616
2447,0.06904631853103638,,1072.6955301761627,45.416576862335205
2448,0.06875135749578476,,1073.1289775371552,45.43152737617493
2449,0.07221444696187973,,1073.5614459514618,45.446473360061646
2450,0.07291833311319351,,1074.2150437831879,45.46142554283142
2451,0.07139524817466736,,1074.647954940796,45.47637414932251
2452,0.07347407191991806,,1075.0802199840546,45.49130702018738
2453,0.0691571906208992,,1075.5146770477295,45.506248474121094
2454,0.0687626302242279,,1075.9491603374481,45.52117848396301
2455,0.07104954868555069,,1076.3833227157593,45.53613066673279
2456,0.07149825245141983,,1076.8166799545288,45.551045417785645
2457,0.07278814911842346,,1077.251113653183,45.56599974632263
2458,0.0699988305568695,,1077.6847310066223,45.58092641830444
2459,0.06992459297180176,,1078.1170160770416,45.595869302749634
2460,0.06923656165599823,,1078.5478761196136,45.610819578170776
2461,0.07088752835988998,,1078.9789838790894,45.6257541179657
2462,0.06845399737358093,,1079.4114220142365,45.640700578689575
2463,0.06896842271089554,,1079.8448596000671,45.65564012527466
2464,0.06909681111574173,,1080.2799785137177,45.67062067985535
2465,0.07840857654809952,,1080.7135064601898,45.685548067092896
2466,0.07192167639732361,,1081.147959470749,45.70049834251404
2467,0.07043381780385971,,1081.5819129943848,45.715436697006226
2468,0.0704730749130249,,1082.0150423049927,45.73039531707764
2469,0.071202352643013,,1082.4494242668152,45.74533677101135
2470,0.07211003452539444,,1082.8833668231964,45.76028776168823
2471,0.06967879831790924,,1083.3188915252686,45.7752366065979
2472,0.07024907320737839,,1083.7533693313599,45.790175914764404
2473,0.07099920511245728,,1084.1867394447327,45.80512976646423
2474,0.07052221894264221,,1084.6185386180878,45.82008123397827
2475,0.07326426357030869,,1085.051943063736,45.83503460884094
2476,0.0703871101140976,,1085.4840388298035,45.84996557235718
2477,0.07475659996271133,,1085.9178609848022,45.864922761917114
2478,0.07068086415529251,,1086.35115981102,45.87984609603882
2479,0.06991397589445114,,1086.7859916687012,45.89479351043701
2480,0.06938795000314713,,1087.2195818424225,45.909703731536865
2481,0.07000728696584702,,1087.6533739566803,45.92465305328369
2482,0.07450918108224869,,1088.087964773178,45.93958783149719
2483,0.07049079984426498,,1088.5192773342133,45.9545419216156
2484,0.0717950314283371,,1088.9529337882996,45.969481468200684
2485,0.07078690826892853,,1089.3853738307953,45.98442053794861
2486,0.07102826982736588,,1089.819786310196,45.99935603141785
2487,0.06926694512367249,,1090.2542221546173,46.014294147491455
2488,0.0693856030702591,,1090.685225725174,46.029240131378174
2489,0.07071132212877274,,1091.118462562561,46.04417705535889
2490,0.07040856033563614,,1091.5508756637573,46.05912804603577
2491,0.07565966993570328,,1091.983999490738,46.074055671691895
2492,0.07055240869522095,,1092.4156951904297,46.08899521827698
2493,0.07088720053434372,,1092.848305463791,46.10393834114075
2494,0.07353565096855164,,1093.281532049179,46.11888074874878
2495,0.07251165062189102,,1093.715705871582,46.13384509086609
2496,0.07639792561531067,,1094.1494598388672,46.148786544799805
2497,0.07822789251804352,,1094.5829014778137,46.163737058639526
2498,0.07293526828289032,,1095.015151500702,46.178696393966675
2499,0.08027750998735428,,1095.454261302948,46.19365072250366
2500,0.071700818836689,-0.0040041608735919,1096.108332157135,47.95071268081665
2501,0.07341289520263672,,1096.5421471595764,47.9656445980072
2502,0.07271457463502884,,1096.9764852523804,47.980610370635986
2503,0.07165635377168655,,1097.4101116657257,47.99563145637512
2504,0.07202348113059998,,1097.8442623615265,48.01056623458862
2505,0.0709628313779831,,1098.2778832912445,48.02549624443054
2506,0.07032949477434158,,1098.7162170410156,48.04044222831726
2507,0.07323043793439865,,1099.1483726501465,48.05538201332092
2508,0.07632540911436081,,1099.581169128418,48.07031512260437
2509,0.07284664362668991,,1100.0121748447418,48.08528137207031
2510,0.07037729024887085,,1100.4463386535645,48.1002516746521
2511,0.07084336131811142,,1100.8787372112274,48.1152126789093
2512,0.07420732080936432,,1101.3147957324982,48.13014888763428
2513,0.0710282102227211,,1101.7487256526947,48.14509725570679
2514,0.07059696316719055,,1102.181788444519,48.16004490852356
2515,0.07144059985876083,,1102.6151750087738,48.17498326301575
2516,0.07086043059825897,,1103.046683549881,48.18989872932434
2517,0.07246994227170944,,1103.4802403450012,48.20483756065369
2518,0.06943963468074799,,1103.913782119751,48.219791412353516
2519,0.07414896786212921,,1104.3473117351532,48.234729051589966
2520,0.07137348502874374,,1104.7804141044617,48.24967312812805
2521,0.07098639756441116,,1105.2157559394836,48.26461935043335
2522,0.06978204846382141,,1105.6476225852966,48.279573917388916
2523,0.06929265707731247,,1106.0837371349335,48.29453134536743
2524,0.06809735298156738,,1106.5173482894897,48.30947828292847
2525,0.07102534174919128,,1106.9556307792664,48.324429988861084
2526,0.07272134721279144,,1107.3886964321136,48.33938217163086
2527,0.07381407916545868,,1107.8219895362854,48.35431909561157
2528,0.07548076659440994,,1108.2561123371124,48.369274616241455
2529,0.07021661847829819,,1108.687858581543,48.384236335754395
2530,0.07094605267047882,,1109.1209616661072,48.39918828010559
2531,0.07239080220460892,,1109.554533958435,48.41411900520325
2532,0.0754704624414444,,1109.9877452850342,48.42904615402222
2533,0.0708538144826889,,1110.4208257198334,48.443984031677246
2534,0.07129598408937454,,1110.8538386821747,48.45893049240112
2535,0.07153341919183731,,1111.2872557640076,48.47386908531189
2536,0.07308990508317947,,1111.7233729362488,48.488799810409546
2537,0.07496194541454315,,1112.157549381256,48.50374674797058
2538,0.07070910930633545,,1112.5907804965973,48.51869773864746
2539,0.07165639102458954,,1113.0239646434784,48.533639669418335
2540,0.07475574314594269,,1113.4580342769623,48.5485942363739
2541,0.07953914999961853,,1113.8897984027863,48.563533544540405
2542,0.0703352615237236,,1114.3225729465485,48.5784854888916
2543,0.07088536769151688,,1114.7563621997833,48.59342908859253
2544,0.07263562083244324,,1115.188890695572,48.60837006568909
2545,0.0821768268942833,,1115.6219325065613,48.62330651283264
2546,0.07322606444358826,,1116.0540101528168,48.63825750350952
2547,0.07113458216190338,,1116.4865057468414,48.65319585800171
2548,0.07382675260305405,,1116.9198610782623,48.668134689331055
2549,0.06988836079835892,,1117.352471113205,48.68307876586914
2550,0.07038288563489914,,1118.0072066783905,48.6980299949646
2551,0.07199393212795258,,1118.4417247772217,48.71297216415405
2552,0.07384245097637177,,1118.875672340393,48.727909564971924
2553,0.07010039687156677,,1119.309681892395,48.74284505844116
2554,0.0715242251753807,,1119.7440557479858,48.75783848762512
2555,0.07012160122394562,,1120.1758575439453,48.772777795791626
2556,0.0716707855463028,,1120.6090815067291,48.78771734237671
2557,0.06910130381584167,,1121.0421233177185,48.80266261100769
2558,0.0702936053276062,,1121.4747250080109,48.817606925964355
2559,0.07051131874322891,,1121.9089736938477,48.83254909515381
2560,0.06965277343988419,,1122.3410487174988,48.847493410110474
2561,0.07136192917823792,,1122.7757539749146,48.8624427318573
2562,0.07088438421487808,,1123.2098183631897,48.877387285232544
2563,0.06955467164516449,,1123.644329071045,48.89233589172363
2564,0.06910059601068497,,1124.080207824707,48.907280921936035
2565,0.06970182806253433,,1124.513385295868,48.92223238945007
2566,0.07250041514635086,,1124.9479784965515,48.937161445617676
2567,0.07196280360221863,,1125.3797435760498,48.952110052108765
2568,0.06888994574546814,,1125.8135950565338,48.96705627441406
2569,0.06949427723884583,,1126.2512605190277,48.982003927230835
2570,0.07096449285745621,,1126.6850397586823,48.99695587158203
2571,0.0718284398317337,,1127.116793870926,49.0118944644928
2572,0.08489495515823364,,1127.549706697464,49.0268349647522
2573,0.07127410173416138,,1127.984925031662,49.04178547859192
2574,0.07299008965492249,,1128.4179155826569,49.05674409866333
2575,0.0718352347612381,,1128.8513860702515,49.07168459892273
2576,0.07318354398012161,,1129.2853825092316,49.08661866188049
2577,0.07072131335735321,,1129.7187826633453,49.101568937301636
2578,0.06996490806341171,,1130.152575492859,49.11651301383972
2579,0.06958440691232681,,1130.5867059230804,49.13144874572754
2580,0.07050365954637527,,1131.0181937217712,49.146395444869995
2581,0.07150478661060333,,1131.4519202709198,49.1613507270813
2582,0.07246758043766022,,1131.885703086853,49.1762957572937
2583,0.07291784882545471,,1132.3195111751556,49.191245794296265
2584,0.0719330683350563,,1132.7523090839386,49.20621061325073
2585,0.07619581371545792,,1133.1860990524292,49.22115898132324
2586,0.07411891967058182,,1133.6218495368958,49.23611068725586
2587,0.07286660373210907,,1134.0559051036835,49.2510552406311
2588,0.07397357374429703,,1134.4913136959076,49.26600384712219
2589,0.07373606413602829,,1134.9245274066925,49.2809624671936
2590,0.07359764724969864,,1135.3601183891296,49.29589796066284
2591,0.07598889619112015,,1135.7938823699951,49.310834646224976
2592,0.07247451692819595,,1136.225986480713,49.325769662857056
2593,0.06993204355239868,,1136.6594967842102,49.34072422981262
2594,0.07011255621910095,,1137.0911548137665,49.35566210746765
2595,0.06973481178283691,,1137.5246560573578,49.370601654052734
2596,0.07385982573032379,,1137.9553022384644,49.38554787635803
2597,0.07463403791189194,,1138.3885099887848,49.400493144989014
2598,0.08221607655286789,,1138.8220279216766,49.41544485092163
2599,0.07995110005140305,,1139.2580516338348,49.43039298057556
2600,0.0752163827419281,,1139.9122066497803,49.44536304473877
2601,0.07283582538366318,,1140.3480644226074,49.46031618118286
2602,0.07322269678115845,,1140.7808640003204,49.47525095939636
2603,0.07275770604610443,,1141.2152707576752,49.490206718444824
2604,0.0735146626830101,,1141.6490457057953,49.5051703453064
2605,0.07144401222467422,,1142.0832414627075,49.5201301574707
2606,0.07272643595933914,,1142.5155727863312,49.535072326660156
2607,0.07300649583339691,,1142.9499218463898,49.55001759529114
2608,0.07147523760795593,,1143.3842227458954,49.56497526168823
2609,0.07051462680101395,,1143.817820072174,49.57991933822632
2610,0.07139039784669876,,1144.2490549087524,49.5948600769043
2611,0.0710410550236702,,1144.681046962738,49.60978364944458
2612,0.07344052195549011,,1145.1120767593384,49.624746799468994
2613,0.07347753643989563,,1145.548297405243,49.63969588279724
2614,0.08835484832525253,,1145.9816830158234,49.65463829040527
2615,0.08329912275075912,,1146.4142985343933,49.66957497596741
2616,0.07414907217025757,,1146.84623503685,49.68453812599182
2617,0.07575789839029312,,1147.2800900936127,49.69948410987854
2618,0.07309502363204956,,1147.7158179283142,49.71442174911499
2619,0.07319982349872589,,1148.1479151248932,49.72936677932739
2620,0.0735468864440918,,1148.581557750702,49.744306564331055
2621,0.07241292297840118,,1149.0150055885315,49.75925278663635
2622,0.07370007038116455,,1149.4484858512878,49.77419185638428
2623,0.06980376690626144,,1149.8822581768036,49.78914189338684
2624,0.07082068175077438,,1150.3157551288605,49.804088830947876
2625,0.07112452387809753,,1150.7489306926727,49.81903696060181
2626,0.06972413510084152,,1151.1829771995544,49.833975315093994
2627,0.07215573638677597,,1151.6144709587097,49.84892725944519
2628,0.07222288846969604,,1152.0489511489868,49.86387228965759
2629,0.07037177681922913,,1152.4811305999756,49.87880873680115
2630,0.0697612538933754,,1152.9148211479187,49.89374923706055
2631,0.07252271473407745,,1153.349413394928,49.90868926048279
2632,0.07035750895738602,,1153.7828822135925,49.923643589019775
2633,0.07078250497579575,,1154.2163317203522,49.93855810165405
2634,0.07138611376285553,,1154.649842262268,49.95349931716919
2635,0.0694226548075676,,1155.0823192596436,49.96844458580017
2636,0.07057669013738632,,1155.5149855613708,49.98340368270874
2637,0.07245080918073654,,1155.9484360218048,49.99834203720093
2638,0.07266565412282944,,1156.3818216323853,50.01328802108765
2639,0.07755401730537415,,1156.814923286438,50.02823281288147
2640,0.07295097410678864,,1157.2485632896423,50.043195486068726
2641,0.07546714693307877,,1157.6830849647522,50.058138370513916
2642,0.0750797763466835,,1158.1159689426422,50.07306909561157
2643,0.0734943300485611,,1158.548199892044,50.08801555633545
2644,0.07433255016803741,,1158.981153011322,50.102925539016724
2645,0.07173857092857361,,1159.4137272834778,50.11787462234497
2646,0.07150585204362869,,1159.8477275371552,50.13281488418579
2647,0.07486642897129059,,1160.2804746627808,50.147753953933716
2648,0.07059675455093384,,1160.7140002250671,50.16270112991333
2649,0.0712965577840805,,1161.14897274971,50.177653074264526
2650,0.07648539543151855,,1161.8019680976868,50.192610025405884
2651,0.07233495265245438,,1162.236431837082,50.20755314826965
2652,0.07226178795099258,,1162.669823884964,50.22248697280884
2653,0.0821191668510437,,1163.1023936271667,50.237435817718506
2654,0.07582095265388489,,1163.5373346805573,50.25238871574402
2655,0.06916335970163345,,1163.970690727234,50.26734709739685
2656,0.0675305426120758,,1164.4041085243225,50.28228402137756
2657,0.069656603038311,,1164.8375697135925,50.297231674194336
2658,0.06795848906040192,,1165.27179813385,50.31217956542969
2659,0.07157395780086517,,1165.7030897140503,50.3271164894104
2660,0.07108120620250702,,1166.1375198364258,50.34205746650696
2661,0.07242068648338318,,1166.5715243816376,50.35701775550842
2662,0.0698518455028534,,1167.0053970813751,50.3719596862793
2663,0.06948201358318329,,1167.4405303001404,50.386905670166016
2664,0.07015074044466019,,1167.8727521896362,50.401865005493164
2665,0.07169698923826218,,1168.3061592578888,50.41679525375366
2666,0.0750793069601059,,1168.7407326698303,50.43175411224365
2667,0.0699618011713028,,1169.1738691329956,50.44670581817627
2668,0.07533441483974457,,1169.6064734458923,50.46164035797119
2669,0.07153169810771942,,1170.0392236709595,50.476590394973755
2670,0.07071241736412048,,1170.4731254577637,50.49152898788452
2671,0.06903119385242462,,1170.9049139022827,50.50648498535156
2672,0.0710691586136818,,1171.337131023407,50.5214159488678
2673,0.07697708159685135,,1171.7698016166687,50.536359786987305
2674,0.11059719324111938,,1172.20001912117,50.551305055618286
2675,0.06889588385820389,,1172.635650396347,50.56624698638916
2676,0.07092476636171341,,1173.0694103240967,50.58120036125183
2677,0.07567033171653748,,1173.5013105869293,50.59615612030029
2678,0.07566555589437485,,1173.9358522891998,50.61110854148865
2679,0.07552690804004669,,1174.3697354793549,50.626070499420166
2680,0.07657977938652039,,1174.8059945106506,50.641013860702515
2681,0.0716976448893547,,1175.2400727272034,50.655927896499634
2682,0.07379887998104095,,1175.6727931499481,50.67086482048035
2683,0.07631266862154007,,1176.1063194274902,50.68580746650696
2684,0.07505708932876587,,1176.5414962768555,50.700745582580566
2685,0.07696535438299179,,1176.9742505550385,50.71568965911865
2686,0.07424141466617584,,1177.4094626903534,50.73062992095947
2687,0.07239940762519836,,1177.841914176941,50.745585918426514
2688,0.07363487035036087,,1178.275507926941,50.76052927970886
2689,0.07689710706472397,,1178.7084138393402,50.77546834945679
2690,0.07416172325611115,,1179.1419939994812,50.79041528701782
2691,0.08255890756845474,,1179.5754895210266,50.80537152290344
2692,0.07484761625528336,,1180.0080397129059,50.820289611816406
2693,0.07468164712190628,,1180.4415674209595,50.835232734680176
2694,0.07339688390493393,,1180.8756942749023,50.85016107559204
2695,0.0740528553724289,,1181.312756061554,50.86511015892029
2696,0.0749330073595047,,1181.7469367980957,50.880059003829956
2697,0.07389046996831894,,1182.1806933879852,50.89499497413635
2698,0.07751556485891342,,1182.614961862564,50.909929275512695
2699,0.07626758515834808,,1183.0485653877258,50.92490005493164
2700,0.07793152332305908,,1183.7018043994904,50.93984580039978
2701,0.07352880388498306,,1184.135610818863,50.9547975063324
2702,0.0752778872847557,,1184.5685503482819,50.969746351242065
2703,0.07323893904685974,,1185.0020492076874,50.98468518257141
2704,0.07335282117128372,,1185.4360110759735,50.999624252319336
2705,0.07314479351043701,,1185.8689966201782,51.014559745788574
2706,0.07589863985776901,,1186.3000464439392,51.029502868652344
2707,0.0738673284649849,,1186.73295211792,51.04443144798279
2708,0.07709543406963348,,1187.1662769317627,51.05937194824219
2709,0.07313267886638641,,1187.5993621349335,51.07430839538574
2710,0.07405649125576019,,1188.0340082645416,51.08925914764404
2711,0.07486794143915176,,1188.4663786888123,51.1042103767395
2712,0.08773660659790039,,1188.8989751338959,51.119144439697266
2713,0.08008633553981781,,1189.3335390090942,51.13408589363098
2714,0.08143056184053421,,1189.766991853714,51.14903521537781
2715,0.0815562829375267,,1190.2000942230225,51.163994550704956
2716,0.0841033086180687,,1190.6346418857574,51.17893576622009
2717,0.08333579450845718,,1191.0683302879333,51.193883419036865
2718,0.07628479599952698,,1191.5023670196533,51.208839654922485
2719,0.07395032793283463,,1191.9359030723572,51.22377896308899
2720,0.07399275153875351,,1192.3667528629303,51.23871469497681
2721,0.07350523769855499,,1192.8009209632874,51.253673791885376
2722,0.07267088443040848,,1193.235553741455,51.26861572265625
2723,0.07180429250001907,,1193.6680743694305,51.28356432914734
2724,0.07244136929512024,,1194.1014754772186,51.29850482940674
2725,0.06804253906011581,,1194.5354280471802,51.31346821784973
2726,0.07364382594823837,,1194.9701781272888,51.32841873168945
2727,0.07481276243925095,,1195.4037473201752,51.34335923194885
2728,0.07062308490276337,,1195.8377170562744,51.35830545425415
2729,0.07025404274463654,,1196.2690215110779,51.373257875442505
2730,0.06939969211816788,,1196.7013268470764,51.38821077346802
2731,0.07002159208059311,,1197.136384010315,51.40316653251648
2732,0.07069311290979385,,1197.5689132213593,51.418118715286255
2733,0.07083805650472641,,1198.004952430725,51.43305778503418
2734,0.0714985653758049,,1198.4376821517944,51.44799828529358
2735,0.07241561263799667,,1198.8680050373077,51.4629282951355
2736,0.07270389795303345,,1199.3012192249298,51.47787404060364
2737,0.07245618849992752,,1199.7343745231628,51.49282264709473
2738,0.06860954314470291,,1200.1676037311554,51.50778770446777
2739,0.07183769345283508,,1200.599557876587,51.52273750305176
2740,0.07230102270841599,,1201.0339241027832,51.537670612335205
2741,0.07217974215745926,,1201.4654955863953,51.55262732505798
2742,0.07520569860935211,,1201.8986513614655,51.567567348480225
2743,0.08418848365545273,,1202.3341023921967,51.58251214027405
2744,0.07088671624660492,,1202.768751859665,51.59744095802307
2745,0.07035806775093079,,1203.2009646892548,51.612396001815796
2746,0.07208643853664398,,1203.6349699497223,51.627381324768066
2747,0.07225930690765381,,1204.0684134960175,51.64232110977173
2748,0.07465631514787674,,1204.5013015270233,51.65728044509888
2749,0.07436267286539078,,1204.9368073940277,51.6722195148468
2750,0.07424937933683395,,1205.5907547473907,51.68716549873352
2751,0.06954868882894516,,1206.0248956680298,51.70211362838745
2752,0.07336178421974182,,1206.4588911533356,51.71704983711243
2753,0.07157820463180542,,1206.8936748504639,51.73199105262756
2754,0.07800453156232834,,1207.3281178474426,51.74693322181702
2755,0.06878511607646942,,1207.7626445293427,51.76186919212341
2756,0.08268783986568451,,1208.1948714256287,51.77687072753906
2757,0.07014158368110657,,1208.6296141147614,51.79184079170227
2758,0.07234107702970505,,1209.0635976791382,51.80677938461304
2759,0.06982102990150452,,1209.4973423480988,51.82170629501343
2760,0.08391228318214417,,1209.9317829608917,51.83665633201599
2761,0.07262897491455078,,1210.3641641139984,51.85157585144043
2762,0.07532144337892532,,1210.7941646575928,51.86651253700256
2763,0.06832120567560196,,1211.2289865016937,51.88145875930786
2764,0.07138892263174057,,1211.6616685390472,51.89640140533447
2765,0.06977351009845734,,1212.0945417881012,51.91134428977966
2766,0.07145135849714279,,1212.5285642147064,51.926289558410645
2767,0.06731586903333664,,1212.962626695633,51.94123911857605
2768,0.06961891055107117,,1213.3959619998932,51.95617866516113
2769,0.06868626177310944,,1213.8295629024506,51.971128940582275
2770,0.06830503046512604,,1214.2624673843384,51.986058712005615
2771,0.06756463646888733,,1214.6948237419128,52.00099539756775
2772,0.07189814001321793,,1215.128024339676,52.01591205596924
2773,0.0677047148346901,,1215.560081243515,52.03086757659912
2774,0.06863466650247574,,1215.9917395114899,52.04580616950989
2775,0.07125725597143173,,1216.425454378128,52.06075477600098
2776,0.06754244118928909,,1216.8588132858276,52.07570242881775
2777,0.06717507541179657,,1217.2935490608215,52.090651988983154
2778,0.07028336822986603,,1217.7276163101196,52.10559320449829
2779,0.06773563474416733,,1218.1633388996124,52.12053394317627
2780,0.06960706412792206,,1218.595813035965,52.13548159599304
2781,0.06866583228111267,,1219.02867269516,52.15042066574097
2782,0.0710735097527504,,1219.4621222019196,52.165356397628784
2783,0.0692930817604065,,1219.8948233127594,52.180274963378906
2784,0.06838972866535187,,1220.328131198883,52.1952178478241
2785,0.06954748928546906,,1220.7624311447144,52.210177183151245
2786,0.07160501927137375,,1221.1957190036774,52.225109338760376
2787,0.07144200801849365,,1221.6276800632477,52.24006128311157
2788,0.07111141830682755,,1222.0619478225708,52.25500559806824
2789,0.06980635225772858,,1222.4959144592285,52.26995611190796
2790,0.06924626976251602,,1222.9280939102173,52.28490209579468
2791,0.07077154517173767,,1223.3611669540405,52.29985189437866
2792,0.06974014639854431,,1223.7946996688843,52.314817905426025
2793,0.0691969245672226,,1224.2297956943512,52.3297700881958
2794,0.06867437809705734,,1224.6627554893494,52.34468674659729
2795,0.07059953361749649,,1225.095875263214,52.35962796211243
2796,0.0672861859202385,,1225.5303092002869,52.37456655502319
2797,0.06973284482955933,,1225.9649810791016,52.389533281326294
2798,0.06960846483707428,,1226.39843583107,52.40447998046875
2799,0.06716818362474442,,1226.8316404819489,52.41940927505493
2800,0.06738466024398804,,1227.4857001304626,52.43432402610779
2801,0.06688980013132095,,1227.9192786216736,52.449267625808716
2802,0.07044650614261627,,1228.3536868095398,52.46420502662659
2803,0.0709465742111206,,1228.786814212799,52.47915840148926
2804,0.06930218636989594,,1229.22279047966,52.49410367012024
2805,0.07040920853614807,,1229.6554000377655,52.509044885635376
2806,0.06863918155431747,,1230.0877261161804,52.52399706840515
2807,0.06609012931585312,,1230.520085811615,52.538949966430664
2808,0.07262253761291504,,1230.9532957077026,52.55390501022339
2809,0.06853005290031433,,1231.3856828212738,52.56884503364563
2810,0.06803641468286514,,1231.8188214302063,52.58380579948425
2811,0.06624842435121536,,1232.2526619434357,52.59872889518738
2812,0.06726425886154175,,1232.6843130588531,52.61367869377136
2813,0.06779283285140991,,1233.1179366111755,52.62860608100891
2814,0.06537586450576782,,1233.5507481098175,52.64354872703552
2815,0.06738391518592834,,1233.9827494621277,52.65850281715393
2816,0.07001882791519165,,1234.4199302196503,52.673468589782715
2817,0.06899233907461166,,1234.852994441986,52.68842101097107
2818,0.06529311835765839,,1235.2855880260468,52.70335388183594
2819,0.06833546608686447,,1235.7174360752106,52.718294620513916
2820,0.07079245150089264,,1236.1509459018707,52.733238697052
2821,0.07077030092477798,,1236.5841152668,52.748183727264404
2822,0.06447701156139374,,1237.0181350708008,52.76311159133911
2823,0.0651053786277771,,1237.451192855835,52.77805161476135
2824,0.06905520707368851,,1237.8833606243134,52.79297399520874
2825,0.06647367775440216,,1238.3175194263458,52.80793476104736
2826,0.0657169371843338,,1238.7490520477295,52.822877645492554
2827,0.0693458542227745,,1239.1819310188293,52.83782911300659
2828,0.07308433204889297,,1239.6161732673645,52.8527774810791
2829,0.0706266462802887,,1240.0491306781769,52.86772036552429
2830,0.06614436954259872,,1240.4824674129486,52.882660150527954
2831,0.067133828997612,,1240.9148817062378,52.89761447906494
2832,0.06834807246923447,,1241.3469772338867,52.912569999694824
2833,0.07198800891637802,,1241.7803182601929,52.92751502990723
2834,0.07446053624153137,,1242.2115225791931,52.94244432449341
2835,0.06881213188171387,,1242.6438734531403,52.957398414611816
2836,0.07072410732507706,,1243.0770666599274,52.97235941886902
2837,0.06829537451267242,,1243.5094895362854,52.98729944229126
2838,0.06755759567022324,,1243.9430003166199,53.00223970413208
2839,0.06821715086698532,,1244.3757107257843,53.01717710494995
2840,0.06889206916093826,,1244.8103711605072,53.03211498260498
2841,0.06871610879898071,,1245.2434322834015,53.047067165374756
2842,0.06757121533155441,,1245.6777129173279,53.06199026107788
2843,0.06648591160774231,,1246.112631559372,53.076929807662964
2844,0.06690487265586853,,1246.545936346054,53.09187960624695
2845,0.06581167876720428,,1246.979906320572,53.106823205947876
2846,0.06553903222084045,,1247.4140903949738,53.121761322021484
2847,0.0707753449678421,,1247.846423149109,53.13670587539673
2848,0.06894150376319885,,1248.2793850898743,53.151652097702026
2849,0.06577951461076736,,1248.7119204998016,53.166600942611694
2850,0.06653977930545807,,1249.363336801529,53.181546211242676
2851,0.06806089729070663,,1249.7973983287811,53.196497201919556
2852,0.06873159855604172,,1250.2305376529694,53.21143841743469
2853,0.06629665940999985,,1250.6632936000824,53.226364850997925
2854,0.06625816226005554,,1251.0969216823578,53.2413125038147
2855,0.06563873589038849,,1251.5306050777435,53.256245613098145
2856,0.06456322222948074,,1251.9638407230377,53.27119159698486
2857,0.06643852591514587,,1252.3980112075806,53.28611469268799
2858,0.06496382504701614,,1252.8317275047302,53.30105113983154
2859,0.06833444535732269,,1253.2646646499634,53.31599283218384
2860,0.0662228986620903,,1253.6983263492584,53.330928325653076
2861,0.06727731227874756,,1254.129215478897,53.34585976600647
2862,0.06498786062002182,,1254.56298995018,53.36081504821777
2863,0.06687602400779724,,1254.9972479343414,53.37577271461487
2864,0.06696433573961258,,1255.429476261139,53.390706062316895
2865,0.06844887137413025,,1255.8634860515594,53.405648708343506
2866,0.0674215629696846,,1256.2963972091675,53.420573472976685
2867,0.0658842921257019,,1256.729725599289,53.43552374839783
2868,0.06763100624084473,,1257.16277718544,53.45045757293701
2869,0.06790579855442047,,1257.5947887897491,53.46539521217346
2870,0.0692216232419014,,1258.0280232429504,53.480342864990234
2871,0.06612808257341385,,1258.4615976810455,53.49529194831848
2872,0.06899374723434448,,1258.895874261856,53.510234355926514
2873,0.06631633639335632,,1259.3292682170868,53.5254123210907
2874,0.06708386540412903,,1259.7633674144745,53.540364503860474
2875,0.06614242494106293,,1260.1957969665527,53.55531096458435
2876,0.06675413995981216,,1260.62854886055,53.57025170326233
2877,0.06791627407073975,,1261.0618224143982,53.58517336845398
2878,0.068624347448349,,1261.495351076126,53.60013151168823
2879,0.0720502957701683,,1261.9297461509705,53.61506199836731
2880,0.06884871423244476,,1262.3648133277893,53.63000273704529
2881,0.06686452031135559,,1262.7985973358154,53.644925355911255
2882,0.06693914532661438,,1263.2323167324066,53.65986943244934
2883,0.0644996240735054,,1263.665982246399,53.674816608428955
2884,0.065127432346344,,1264.0981113910675,53.68976330757141
2885,0.06916637718677521,,1264.5314874649048,53.70469927787781
2886,0.0771266520023346,,1264.9652609825134,53.71963930130005
2887,0.07733915001153946,,1265.3992674350739,53.73462510108948
2888,0.09173213690519333,,1265.8308486938477,53.74954676628113
2889,0.07124415040016174,,1266.2643640041351,53.76448917388916
2890,0.07174202799797058,,1266.6991453170776,53.779436349868774
2891,0.06798490881919861,,1267.1316950321198,53.79438853263855
2892,0.06729809194803238,,1267.5642433166504,53.8093056678772
2893,0.06631508469581604,,1267.9988162517548,53.82424807548523
2894,0.07104514539241791,,1268.4321312904358,53.83921432495117
2895,0.06912480294704437,,1268.866200208664,53.85417151451111
2896,0.0693679079413414,,1269.3012192249298,53.86910963058472
2897,0.06699950993061066,,1269.7320609092712,53.88406181335449
2898,0.06670763343572617,,1270.165155172348,53.89900469779968
2899,0.06692809611558914,,1270.5983257293701,53.913947343826294
2900,0.0675029307603836,,1271.2507383823395,53.9288969039917
2901,0.0686524286866188,,1271.6849086284637,53.9438419342041
2902,0.06758491694927216,,1272.1188337802887,53.95879912376404
2903,0.06649690121412277,,1272.5519261360168,53.973726987838745
2904,0.06688442826271057,,1272.9842579364777,53.9886589050293
2905,0.06588155776262283,,1273.4167289733887,54.003586292266846
2906,0.06626784056425095,,1273.8494353294373,54.01852869987488
2907,0.06998187303543091,,1274.283441543579,54.033470153808594
2908,0.06727882474660873,,1274.7153098583221,54.04840135574341
2909,0.0678582489490509,,1275.1486659049988,54.063342809677124
2910,0.06599831581115723,,1275.5807836055756,54.078287839889526
2911,0.06571376323699951,,1276.014569759369,54.09322786331177
2912,0.06917281448841095,,1276.446828842163,54.108182430267334
2913,0.06514932215213776,,1276.8814606666565,54.12312865257263
2914,0.06761027872562408,,1277.3148555755615,54.138068437576294
2915,0.06810623407363892,,1277.7472898960114,54.15300917625427
2916,0.0673503503203392,,1278.1808733940125,54.16792321205139
2917,0.0678330585360527,,1278.6141090393066,54.18286991119385
2918,0.06766564399003983,,1279.0473022460938,54.19779396057129
2919,0.06490723788738251,,1279.4793028831482,54.212743043899536
2920,0.0647253766655922,,1279.910548210144,54.22767615318298
2921,0.06580116599798203,,1280.3429265022278,54.242634773254395
2922,0.06813868880271912,,1280.7766418457031,54.257575273513794
2923,0.06863512843847275,,1281.2091042995453,54.27250361442566
2924,0.06867475807666779,,1281.6425490379333,54.28744125366211
2925,0.06733383238315582,,1282.0787003040314,54.30238723754883
2926,0.06902097165584564,,1282.5119524002075,54.3173406124115
2927,0.06604462116956711,,1282.9445173740387,54.332250356674194
2928,0.06638189405202866,,1283.3786263465881,54.347188234329224
2929,0.06948389112949371,,1283.8124585151672,54.36213803291321
2930,0.06754138320684433,,1284.2459099292755,54.3770866394043
2931,0.06663498282432556,,1284.6797518730164,54.39203333854675
2932,0.0667148306965828,,1285.1117265224457,54.40696716308594
2933,0.0650288462638855,,1285.5444066524506,54.42189836502075
2934,0.0648338571190834,,1285.976978778839,54.43685603141785
2935,0.06746014207601547,,1286.410504579544,54.451789140701294
2936,0.06586354970932007,,1286.8439526557922,54.46672701835632
2937,0.06947684288024902,,1287.279339313507,54.481674909591675
2938,0.06438656151294708,,1287.7108700275421,54.496609926223755
2939,0.06620725989341736,,1288.143849849701,54.51154637336731
2940,0.06479054689407349,,1288.5771670341492,54.526464223861694
2941,0.06355923414230347,,1289.010663986206,54.54139995574951
2942,0.0628717914223671,,1289.445284128189,54.5563530921936
2943,0.06540117412805557,,1289.8803777694702,54.571303844451904
2944,0.06552917510271072,,1290.3136625289917,54.58623194694519
2945,0.06565103679895401,,1290.7481603622437,54.60117721557617
2946,0.06387569010257721,,1291.1813704967499,54.616127252578735
2947,0.06563688069581985,,1291.6134238243103,54.63105797767639
2948,0.06624297797679901,,1292.0458703041077,54.645991802215576
2949,0.06917645037174225,,1292.479476928711,54.660918951034546
2950,0.06645040959119797,,1293.1310665607452,54.67585849761963
2951,0.06644903868436813,,1293.5645775794983,54.690792083740234
2952,0.06512129306793213,,1293.9980583190918,54.70574450492859
2953,0.06611233949661255,,1294.4302906990051,54.72066140174866
2954,0.06868891417980194,,1294.8645856380463,54.735595703125
2955,0.06813553720712662,,1295.29802775383,54.75053691864014
2956,0.07167071849107742,,1295.731862783432,54.7654709815979
2957,0.06864066421985626,,1296.1654493808746,54.78042149543762
2958,0.07084183394908905,,1296.5991756916046,54.79536986351013
2959,0.06866808980703354,,1297.0327348709106,54.81030631065369
2960,0.06696450710296631,,1297.4711346626282,54.82525134086609
2961,0.0663020983338356,,1297.902403831482,54.84021759033203
2962,0.072136789560318,,1298.3344416618347,54.85515356063843
2963,0.06803079694509506,,1298.7682847976685,54.87010073661804
2964,0.06605636328458786,,1299.201108455658,54.88503575325012
2965,0.06736008822917938,,1299.6344153881073,54.899980783462524
2966,0.06560969352722168,,1300.0666177272797,54.91490983963013
2967,0.0698203518986702,,1300.4993584156036,54.92984676361084
2968,0.06655287742614746,,1300.9315271377563,54.944798707962036
2969,0.06670204550027847,,1301.3658282756805,54.95974850654602
2970,0.06802738457918167,,1301.797422170639,54.97468662261963
2971,0.06652069091796875,,1302.2304043769836,54.98962903022766
2972,0.07007097452878952,,1302.6649520397186,55.00457406044006
2973,0.06616629660129547,,1303.0965204238892,55.019516468048096
2974,0.06859233975410461,,1303.5300514698029,55.03444314002991
2975,0.07011108845472336,,1303.964196920395,55.04936337471008
2976,0.06844674050807953,,1304.3976924419403,55.06431245803833
2977,0.06633241474628448,,1304.8311908245087,55.07925224304199
2978,0.0658448338508606,,1305.266054391861,55.094191551208496
2979,0.06613550335168839,,1305.6960117816925,55.109143018722534
2980,0.06519611179828644,,1306.128821849823,55.12408399581909
2981,0.064132921397686,,1306.5611774921417,55.139039039611816
2982,0.06497450917959213,,1306.9953444004059,55.15399146080017
2983,0.06513390690088272,,1307.4276521205902,55.168933153152466
2984,0.07173782587051392,,1307.862221479416,55.183876514434814
2985,0.06563572585582733,,1308.2945029735565,55.1988308429718
2986,0.06763917207717896,,1308.7288110256195,55.21378445625305
2987,0.06780847907066345,,1309.1614398956299,55.228723764419556
2988,0.07036318629980087,,1309.5942630767822,55.24367332458496
2989,0.06642551720142365,,1310.027363061905,55.25862145423889
2990,0.06894246488809586,,1310.4598290920258,55.273566484451294
2991,0.068618543446064,,1310.8945112228394,55.28850984573364
2992,0.0667136088013649,,1311.329026222229,55.30345630645752
2993,0.06565586477518082,,1311.7617135047913,55.318395376205444
2994,0.0653800219297409,,1312.1935336589813,55.33332014083862
2995,0.06733020395040512,,1312.627270936966,55.34823799133301
2996,0.06629186868667603,,1313.0612182617188,55.363187313079834
2997,0.06699024885892868,,1313.4927849769592,55.37813973426819
2998,0.0661097839474678,,1313.9241318702698,55.39309000968933
2999,0.06590882688760757,,1314.3583147525787,55.40803670883179
3000,0.06478487700223923,-0.002900072606280446,1315.0111100673676,57.164493799209595
3001,0.06907198578119278,,1315.4445321559906,57.17944002151489
3002,0.0674477219581604,,1315.8776845932007,57.19437313079834
3003,0.06700445711612701,,1316.3112576007843,57.209314584732056
3004,0.06566445529460907,,1316.74546957016,57.22427010536194
3005,0.06621965020895004,,1317.1786320209503,57.239211320877075
3006,0.06795886158943176,,1317.6117186546326,57.25414562225342
3007,0.06905882060527802,,1318.0464389324188,57.2690646648407
3008,0.07083778083324432,,1318.4791700839996,57.28400635719299
3009,0.06737134605646133,,1318.911571264267,57.29895901679993
3010,0.06710270047187805,,1319.3447041511536,57.313920974731445
3011,0.06803835183382034,,1319.7782888412476,57.328880071640015
3012,0.07299181073904037,,1320.2119462490082,57.34382963180542
3013,0.06917495280504227,,1320.646358013153,57.35877513885498
3014,0.06865181773900986,,1321.0789942741394,57.37370181083679
3015,0.07008921355009079,,1321.5121791362762,57.388649463653564
3016,0.0675261840224266,,1321.9465124607086,57.4035918712616
3017,0.06820346415042877,,1322.3808419704437,57.41852045059204
3018,0.06992877274751663,,1322.8144490718842,57.433433532714844
3019,0.06713913381099701,,1323.2475280761719,57.44837760925293
3020,0.06478259712457657,,1323.6783258914948,57.463335037231445
3021,0.06690481305122375,,1324.1124014854431,57.47828817367554
3022,0.0661713108420372,,1324.5469970703125,57.493234634399414
3023,0.06674443930387497,,1324.9784495830536,57.50818586349487
3024,0.06625049561262131,,1325.4109048843384,57.52313017845154
3025,0.06771135330200195,,1325.8433499336243,57.53808403015137
3026,0.06828990578651428,,1326.2788937091827,57.55302691459656
3027,0.06577786058187485,,1326.710778951645,57.56797218322754
3028,0.06643134355545044,,1327.1448411941528,57.58292031288147
3029,0.06638667732477188,,1327.5779235363007,57.597843647003174
3030,0.06940841674804688,,1328.0113022327423,57.61278295516968
3031,0.06613904237747192,,1328.445503950119,57.627707958221436
3032,0.06504673510789871,,1328.8789775371552,57.642662525177
3033,0.06638901680707932,,1329.3125903606415,57.65760040283203
3034,0.06788725405931473,,1329.7462494373322,57.67253589630127
3035,0.06522079557180405,,1330.1801896095276,57.68747687339783
3036,0.06611482799053192,,1330.6140065193176,57.70242929458618
3037,0.06825904548168182,,1331.0479092597961,57.71737241744995
3038,0.06733459234237671,,1331.4810554981232,57.732316732406616
3039,0.06696438789367676,,1331.9130897521973,57.747262954711914
3040,0.0655287578701973,,1332.3455286026,57.762213468551636
3041,0.06452222168445587,,1332.7791867256165,57.77714276313782
3042,0.06548243761062622,,1333.2121739387512,57.79209637641907
3043,0.06683802604675293,,1333.646324634552,57.80705738067627
3044,0.06870449334383011,,1334.0781002044678,57.82205057144165
3045,0.0664585530757904,,1334.509396314621,57.83698534965515
3046,0.06627624481916428,,1334.9439458847046,57.8519241809845
3047,0.06514713913202286,,1335.3769195079803,57.86688804626465
3048,0.06824113428592682,,1335.8103132247925,57.88184380531311
3049,0.06630168855190277,,1336.2448353767395,57.89678955078125
3050,0.06551989167928696,,1336.8961555957794,57.91173553466797
3051,0.06687650084495544,,1337.3294072151184,57.92668032646179
3052,0.06702068448066711,,1337.7623903751373,57.94163179397583
3053,0.06841685622930527,,1338.196801662445,57.95658302307129
3054,0.06679659336805344,,1338.6317613124847,57.971532106399536
3055,0.06577856838703156,,1339.0626440048218,57.986459732055664
3056,0.06546808034181595,,1339.4958186149597,58.00139498710632
3057,0.0671313926577568,,1339.9301102161407,58.01635432243347
3058,0.06801111996173859,,1340.3613395690918,58.0313036441803
3059,0.06536440551280975,,1340.7927784919739,58.04625701904297
3060,0.06479945033788681,,1341.2273499965668,58.06119179725647
3061,0.06471852213144302,,1341.661122083664,58.07612586021423
3062,0.06506524980068207,,1342.095043182373,58.091073513031006
3063,0.06541769206523895,,1342.5290911197662,58.10602641105652
3064,0.07468198984861374,,1342.9619796276093,58.120975732803345
3065,0.06474347412586212,,1343.3956491947174,58.13592553138733
3066,0.06765010952949524,,1343.827728509903,58.150893449783325
3067,0.06870373338460922,,1344.260190486908,58.16583490371704
3068,0.06635363399982452,,1344.6910552978516,58.18077826499939
3069,0.06640756875276566,,1345.1249186992645,58.195722341537476
3070,0.0688839703798294,,1345.5570089817047,58.21065974235535
3071,0.06620911508798599,,1345.9913477897644,58.22561597824097
3072,0.06850506365299225,,1346.425218820572,58.240562438964844
3073,0.06972846388816833,,1346.8582384586334,58.25549936294556
3074,0.0711159035563469,,1347.2922704219818,58.27044177055359
3075,0.06845705956220627,,1347.7268686294556,58.28538632392883
3076,0.07115987688302994,,1348.1607956886292,58.30034875869751
3077,0.06835856288671494,,1348.595319032669,58.315317153930664
3078,0.06935012340545654,,1349.0292751789093,58.330267667770386
3079,0.06856407225131989,,1349.4643144607544,58.345205783843994
3080,0.0677429586648941,,1349.8973124027252,58.36014008522034
3081,0.07355556637048721,,1350.3316831588745,58.37506699562073
3082,0.06665878742933273,,1350.7655854225159,58.39000654220581
3083,0.06860213726758957,,1351.1988344192505,58.40496516227722
3084,0.06616342067718506,,1351.6321651935577,58.419902086257935
3085,0.06436783820390701,,1352.0663437843323,58.434855222702026
3086,0.0654015988111496,,1352.4996392726898,58.44981646537781
3087,0.06716971844434738,,1352.933343410492,58.46477127075195
3088,0.06598902493715286,,1353.366132736206,58.479716300964355
3089,0.06460340321063995,,1353.7985033988953,58.49464988708496
3090,0.06457202136516571,,1354.2345457077026,58.509599447250366
3091,0.06926250457763672,,1354.6672053337097,58.52454376220703
3092,0.06659743934869766,,1355.0999915599823,58.53945708274841
3093,0.06401585042476654,,1355.5329253673553,58.55439734458923
3094,0.06589552015066147,,1355.9658153057098,58.56933236122131
3095,0.0648496150970459,,1356.4022517204285,58.584280014038086
3096,0.06641117483377457,,1356.8376355171204,58.599199295043945
3097,0.06686384975910187,,1357.2698674201965,58.61413264274597
3098,0.06695547699928284,,1357.704189300537,58.629074573516846
3099,0.06794862449169159,,1358.1382253170013,58.64402484893799
3100,0.06411829590797424,,1358.790325164795,58.65896677970886
3101,0.06530020385980606,,1359.2247207164764,58.67393493652344
3102,0.06510449945926666,,1359.656474351883,58.68888545036316
3103,0.06320920586585999,,1360.0880959033966,58.70382070541382
3104,0.06521135568618774,,1360.5217447280884,58.718770265579224
3105,0.06549596041440964,,1360.9557166099548,58.73373579978943
3106,0.06613854318857193,,1361.3877470493317,58.74868679046631
3107,0.06722930073738098,,1361.8210847377777,58.763611793518066
3108,0.0665871798992157,,1362.2540760040283,58.77855467796326
3109,0.06917037814855576,,1362.6870024204254,58.79348874092102
3110,0.06824565678834915,,1363.1218819618225,58.80843806266785
3111,0.06468397378921509,,1363.5553150177002,58.82338547706604
3112,0.06606719642877579,,1363.9869635105133,58.83832359313965
3113,0.07150707393884659,,1364.4193105697632,58.853264808654785
3114,0.06501926481723785,,1364.852088212967,58.86821007728577
3115,0.06561943888664246,,1365.2864499092102,58.88315391540527
3116,0.06535553932189941,,1365.7216362953186,58.89809036254883
3117,0.06428869068622589,,1366.1558470726013,58.913050413131714
3118,0.06565593928098679,,1366.5897154808044,58.92799091339111
3119,0.06577150523662567,,1367.0243909358978,58.942933320999146
3120,0.06459061056375504,,1367.4575929641724,58.957874059677124
3121,0.0644550547003746,,1367.8900666236877,58.97280979156494
3122,0.06353050470352173,,1368.323715686798,58.98776865005493
3123,0.06479400396347046,,1368.7549679279327,59.0027072429657
3124,0.0636482834815979,,1369.1879351139069,59.01764988899231
3125,0.0647445097565651,,1369.620221376419,59.0325973033905
3126,0.06487495452165604,,1370.0535297393799,59.04754662513733
3127,0.0650295838713646,,1370.4865036010742,59.06249475479126
3128,0.06372371315956116,,1370.921472787857,59.077439069747925
3129,0.06393371522426605,,1371.3544268608093,59.09236788749695
3130,0.06382361799478531,,1371.7873618602753,59.10732364654541
3131,0.06478741019964218,,1372.2209765911102,59.12224268913269
3132,0.06686975806951523,,1372.6542899608612,59.137168884277344
3133,0.06350485235452652,,1373.0874881744385,59.15212297439575
3134,0.06255942583084106,,1373.5232248306274,59.16706895828247
3135,0.0640740618109703,,1373.9563419818878,59.18201446533203
3136,0.06217469647526741,,1374.3883452415466,59.1969530582428
3137,0.06199401617050171,,1374.823391199112,59.2118935585022
3138,0.06499885022640228,,1375.2571613788605,59.22683811187744
3139,0.06493279337882996,,1375.688395023346,59.241785764694214
3140,0.06475222110748291,,1376.121174812317,59.2567355632782
3141,0.06444764137268066,,1376.5543801784515,59.27167296409607
3142,0.06719274073839188,,1376.987324476242,59.28663158416748
3143,0.06528322398662567,,1377.420628786087,59.30156373977661
3144,0.06802445650100708,,1377.8576953411102,59.31650161743164
3145,0.06637734919786453,,1378.2904469966888,59.33144998550415
3146,0.06619308143854141,,1378.7242844104767,59.3463933467865
3147,0.06602681428194046,,1379.15744805336,59.361324071884155
3148,0.06352892518043518,,1379.5899062156677,59.37626910209656
3149,0.06412792205810547,,1380.0224294662476,59.3912091255188
3150,0.06523802876472473,,1380.6749529838562,59.40615153312683
3151,0.0671977698802948,,1381.10884308815,59.42109990119934
3152,0.06460049748420715,,1381.5426003932953,59.436052083969116
3153,0.06741530448198318,,1381.9755387306213,59.45101809501648
3154,0.06617225706577301,,1382.4107751846313,59.465965032577515
3155,0.07012802362442017,,1382.8422861099243,59.48090481758118
3156,0.06906435638666153,,1383.274159669876,59.49585223197937
3157,0.06472937762737274,,1383.7077741622925,59.51082134246826
3158,0.0643763616681099,,1384.1416742801666,59.5257682800293
3159,0.06385113298892975,,1384.5761308670044,59.54067277908325
3160,0.0633530467748642,,1385.010571718216,59.5556206703186
3161,0.06676551699638367,,1385.4439091682434,59.57059836387634
3162,0.0648772269487381,,1385.8775815963745,59.58553600311279
3163,0.06919173151254654,,1386.3111066818237,59.60046720504761
3164,0.07164107263088226,,1386.7465045452118,59.61541938781738
3165,0.07201923429965973,,1387.1799330711365,59.63038420677185
3166,0.06386078894138336,,1387.6157262325287,59.645315408706665
3167,0.06421424448490143,,1388.0495042800903,59.66026282310486
3168,0.062869593501091,,1388.4818868637085,59.67520499229431
3169,0.06666895002126694,,1388.9161338806152,59.690154790878296
3170,0.06904890388250351,,1389.3496193885803,59.705079555511475
3171,0.06465061008930206,,1389.7828342914581,59.720022678375244
3172,0.0635247603058815,,1390.2165291309357,59.73496699333191
3173,0.06342841684818268,,1390.6489129066467,59.74992322921753
3174,0.0651015043258667,,1391.0820508003235,59.76486778259277
3175,0.06678204983472824,,1391.516661643982,59.77980613708496
3176,0.0647360160946846,,1391.9510309696198,59.794761419296265
3177,0.06776631623506546,,1392.3826658725739,59.80971145629883
3178,0.06655771285295486,,1392.816905260086,59.824641942977905
3179,0.06357462704181671,,1393.2501690387726,59.83958196640015
3180,0.06643109768629074,,1393.682865858078,59.85454082489014
3181,0.07150506973266602,,1394.1176471710205,59.869499921798706
3182,0.06365958601236343,,1394.5502388477325,59.8844428062439
3183,0.06419705599546432,,1394.9841094017029,59.899362325668335
3184,0.06387125700712204,,1395.4171361923218,59.91430950164795
3185,0.06407710164785385,,1395.8500962257385,59.92925953865051
3186,0.06389370560646057,,1396.2826404571533,59.944210052490234
3187,0.06370518356561661,,1396.7139956951141,59.959150075912476
3188,0.06814946979284286,,1397.1485002040863,59.974116802215576
3189,0.06696753203868866,,1397.5810143947601,59.98906373977661
3190,0.07029776275157928,,1398.0135459899902,60.00401496887207
3191,0.08864911645650864,,1398.4471015930176,60.01896142959595
3192,0.0780102089047432,,1398.8813288211823,60.03390336036682
3193,0.07390467822551727,,1399.3191456794739,60.048850536346436
3194,0.0668383464217186,,1399.7509741783142,60.06379222869873
3195,0.0677371695637703,,1400.1845512390137,60.078734159469604
3196,0.07292255759239197,,1400.6193399429321,60.09367489814758
3197,0.06705579906702042,,1401.051902294159,60.10861778259277
3198,0.06659723818302155,,1401.4845914840698,60.123570919036865
3199,0.06946450471878052,,1401.9192311763763,60.13850498199463
3200,0.06407260149717331,,1402.570672750473,60.15345644950867
3201,0.06496753543615341,,1403.0046651363373,60.16839957237244
3202,0.06521178036928177,,1403.4373857975006,60.18334078788757
3203,0.06566530466079712,,1403.8705456256866,60.19828653335571
3204,0.06464016437530518,,1404.3039736747742,60.213226318359375
3205,0.06491256505250931,,1404.7384746074677,60.228184938430786
3206,0.06359376758337021,,1405.171476840973,60.24314045906067
3207,0.06793397665023804,,1405.6051831245422,60.2580783367157
3208,0.06702075898647308,,1406.0381696224213,60.27302002906799
3209,0.06781952828168869,,1406.470469236374,60.287930488586426
3210,0.06508807837963104,,1406.9022722244263,60.3028781414032
3211,0.06537764519453049,,1407.3344111442566,60.31783390045166
3212,0.06465636193752289,,1407.7685327529907,60.33277344703674
3213,0.06649033725261688,,1408.201828956604,60.34772086143494
3214,0.06379874795675278,,1408.6337745189667,60.36266016960144
3215,0.06656522303819656,,1409.0661590099335,60.37760400772095
3216,0.06421396136283875,,1409.5008389949799,60.39256453514099
3217,0.06634309887886047,,1409.9346425533295,60.407508850097656
3218,0.0677485540509224,,1410.3680579662323,60.42244243621826
3219,0.06478091329336166,,1410.8006761074066,60.4373984336853
3220,0.06351032853126526,,1411.2329380512238,60.45232152938843
3221,0.06501952558755875,,1411.6662142276764,60.46728181838989
3222,0.06386395543813705,,1412.101126909256,60.48221778869629
3223,0.0637396052479744,,1412.5345005989075,60.4971661567688
3224,0.06380703300237656,,1412.9658753871918,60.512118339538574
3225,0.0636078268289566,,1413.4000432491302,60.52706027030945
3226,0.06619511544704437,,1413.833261013031,60.54200339317322
3227,0.06377537548542023,,1414.268963098526,60.55695462226868
3228,0.06593863666057587,,1414.7028515338898,60.571900606155396
3229,0.0637902319431305,,1415.1363270282745,60.5868399143219
3230,0.06654006242752075,,1415.569414615631,60.60178589820862
3231,0.06877891719341278,,1416.0027544498444,60.616713762283325
3232,0.06715832650661469,,1416.4355068206787,60.63166570663452
3233,0.0650508850812912,,1416.867740392685,60.64659595489502
3234,0.06718834489583969,,1417.3007218837738,60.661537170410156
3235,0.06421930342912674,,1417.7325704097748,60.67648792266846
3236,0.06449295580387115,,1418.1656057834625,60.691439390182495
3237,0.06410330533981323,,1418.5997965335846,60.70637083053589
3238,0.06421900540590286,,1419.0328595638275,60.721315145492554
3239,0.06635845452547073,,1419.4640667438507,60.736260652542114
3240,0.06719975173473358,,1419.897795677185,60.75119972229004
3241,0.06409334391355515,,1420.3308284282684,60.7661406993866
3242,0.06765992939472198,,1420.7641870975494,60.78104853630066
3243,0.06367865949869156,,1421.1981892585754,60.795995473861694
3244,0.0628470852971077,,1421.6322696208954,60.81092596054077
3245,0.06455905735492706,,1422.0649201869965,60.825873374938965
3246,0.06358565390110016,,1422.4982254505157,60.84081673622131
3247,0.06370563060045242,,1422.9326107501984,60.85576033592224
3248,0.06376216560602188,,1423.3663585186005,60.87070846557617
3249,0.06357906013727188,,1423.7994368076324,60.88565945625305
3250,0.06564243137836456,,1424.4535648822784,60.90057945251465
3251,0.06594893336296082,,1424.8883502483368,60.915539026260376
3252,0.06547010689973831,,1425.320532798767,60.930469274520874
3253,0.06656033545732498,,1425.7526433467865,60.94540524482727
3254,0.06444210559129715,,1426.1866025924683,60.960368633270264
3255,0.06375382840633392,,1426.6197254657745,60.97530794143677
3256,0.06376472115516663,,1427.0532534122467,60.9902548789978
3257,0.06413393467664719,,1427.4872510433197,61.005186557769775
3258,0.06300598382949829,,1427.919193983078,61.02013039588928
3259,0.0645216703414917,,1428.3529787063599,61.035048961639404
3260,0.06498010456562042,,1428.7848682403564,61.04998755455017
3261,0.06416311860084534,,1429.2188656330109,61.06489825248718
3262,0.0653776302933693,,1429.6521248817444,61.07983040809631
3263,0.07058707624673843,,1430.0861756801605,61.09475564956665
3264,0.06504582613706589,,1430.520269393921,61.109699726104736
3265,0.06680586189031601,,1430.9516005516052,61.12464690208435
3266,0.06520769745111465,,1431.384727716446,61.13958716392517
3267,0.06502071768045425,,1431.81720662117,61.15454173088074
3268,0.0640048086643219,,1432.251541852951,61.16946983337402
3269,0.0648559108376503,,1432.68532705307,61.184409856796265
3270,0.06441337615251541,,1433.119821548462,61.19933247566223
3271,0.06379057466983795,,1433.5540554523468,61.214290618896484
3272,0.06452124565839767,,1433.9881436824799,61.22923970222473
3273,0.06490631401538849,,1434.4199924468994,61.24417686462402
3274,0.06533494591712952,,1434.8532645702362,61.25912308692932
3275,0.06366853415966034,,1435.2874338626862,61.27407646179199
3276,0.06525253504514694,,1435.7206828594208,61.28902769088745
3277,0.06489840149879456,,1436.154156923294,61.30396318435669
3278,0.06761128455400467,,1436.5889863967896,61.31890392303467
3279,0.06597693264484406,,1437.0235130786896,61.333821058273315
3280,0.0640668123960495,,1437.4557898044586,61.34875822067261
3281,0.06369402259588242,,1437.889104604721,61.36369347572327
3282,0.06442385166883469,,1438.3226544857025,61.37862539291382
3283,0.06562983989715576,,1438.7570223808289,61.39357256889343
3284,0.0647779256105423,,1439.191178560257,61.40850567817688
3285,0.0651133805513382,,1439.6245164871216,61.42345142364502
3286,0.06433135271072388,,1440.0573806762695,61.438398361206055
3287,0.0639222040772438,,1440.4915034770966,61.45333671569824
3288,0.06421054154634476,,1440.9233973026276,61.4682719707489
3289,0.06444945931434631,,1441.3593969345093,61.483235359191895
3290,0.06504692137241364,,1441.7947206497192,61.498170614242554
3291,0.06638956815004349,,1442.228301525116,61.51312613487244
3292,0.06486452370882034,,1442.6613121032715,61.5280487537384
3293,0.06652242690324783,,1443.0947291851044,61.5429892539978
3294,0.06890793889760971,,1443.5288412570953,61.557908058166504
3295,0.06654691696166992,,1443.9650437831879,61.57285809516907
3296,0.06671806424856186,,1444.3994615077972,61.587796449661255
3297,0.06724487245082855,,1444.833490371704,61.60275316238403
3298,0.06684517860412598,,1445.2681064605713,61.61770510673523
3299,0.06853407621383667,,1445.7025649547577,61.63266038894653
3300,0.0675436481833458,,1446.3550717830658,61.64759874343872
3301,0.0677148625254631,,1446.7887592315674,61.66254472732544
3302,0.06584929674863815,,1447.224814414978,61.67749762535095
3303,0.0644122064113617,,1447.6589334011078,61.69244694709778
3304,0.066854327917099,,1448.0929250717163,61.707391023635864
3305,0.0637587457895279,,1448.5268745422363,61.72235131263733
3306,0.06479424238204956,,1448.9605767726898,61.737332344055176
3307,0.06615699827671051,,1449.3947517871857,61.752272844314575
3308,0.06641227006912231,,1449.8283913135529,61.76721382141113
3309,0.067813940346241,,1450.26176571846,61.78216004371643
3310,0.0640452429652214,,1450.6942648887634,61.79709601402283
3311,0.0646500512957573,,1451.1264922618866,61.81204557418823
3312,0.0639813020825386,,1451.5598602294922,61.82698321342468
3313,0.06484495848417282,,1451.993290901184,61.841904401779175
3314,0.06580445170402527,,1452.425770998001,61.85687470436096
3315,0.06719310581684113,,1452.8593327999115,61.871816873550415
3316,0.06515247374773026,,1453.2941133975983,61.88675093650818
3317,0.06580421328544617,,1453.7249448299408,61.90171694755554
3318,0.06460580974817276,,1454.1598093509674,61.9166784286499
3319,0.06357714533805847,,1454.5930876731873,61.93161368370056
3320,0.06368876993656158,,1455.0249409675598,61.94653558731079
3321,0.06483788043260574,,1455.4564082622528,61.96147894859314
3322,0.06423308700323105,,1455.890372991562,61.97639775276184
3323,0.06427399069070816,,1456.324772119522,61.991344690322876
3324,0.06388308107852936,,1456.7549288272858,62.00629115104675
3325,0.06517607718706131,,1457.18976354599,62.02124905586243
3326,0.06490646302700043,,1457.6226959228516,62.03618884086609
3327,0.064283087849617,,1458.0560412406921,62.05112981796265
3328,0.06656210124492645,,1458.4900436401367,62.06606197357178
3329,0.06620143353939056,,1458.9209854602814,62.08099889755249
3330,0.06419534236192703,,1459.3533821105957,62.09594392776489
3331,0.06530139595270157,,1459.7883398532867,62.110865354537964
3332,0.06535549461841583,,1460.2212920188904,62.12580180168152
3333,0.06552165001630783,,1460.6553964614868,62.14072299003601
3334,0.06771791726350784,,1461.0898542404175,62.1556761264801
3335,0.06471139937639236,,1461.5230791568756,62.1705961227417
3336,0.06712469458580017,,1461.956253528595,62.1855366230011
3337,0.06690054386854172,,1462.3901016712189,62.20049238204956
3338,0.06792443990707397,,1462.821004152298,62.21545457839966
3339,0.06508564949035645,,1463.2540118694305,62.23040223121643
3340,0.06472580879926682,,1463.6878316402435,62.245344161987305
3341,0.06355985254049301,,1464.121395111084,62.260297536849976
3342,0.06485778838396072,,1464.554919242859,62.27525019645691
3343,0.06513568013906479,,1464.9892942905426,62.2901976108551
3344,0.06391490250825882,,1465.4228990077972,62.30515217781067
3345,0.06492882966995239,,1465.856143951416,62.320085287094116
3346,0.06666691601276398,,1466.2895002365112,62.33504056930542
3347,0.06388889998197556,,1466.7219462394714,62.34999132156372
3348,0.06323833018541336,,1467.1549153327942,62.36493468284607
3349,0.06824257969856262,,1467.5895023345947,62.37990665435791
3350,0.06458137929439545,,1468.2429733276367,62.39486241340637
3351,0.06607931107282639,,1468.6757907867432,62.40981149673462
3352,0.06767934560775757,,1469.109164237976,62.42475342750549
3353,0.06509721279144287,,1469.5429124832153,62.439730405807495
3354,0.06317366659641266,,1469.977784872055,62.454673051834106
3355,0.06504234671592712,,1470.4124445915222,62.46963381767273
3356,0.06686323881149292,,1470.8452773094177,62.48458814620972
3357,0.0667855516076088,,1471.278713464737,62.499539852142334
3358,0.0685584768652916,,1471.7112872600555,62.51446223258972
3359,0.06750836968421936,,1472.1432778835297,62.529404163360596
3360,0.06386668980121613,,1472.5767464637756,62.544350385665894
3361,0.06230122596025467,,1473.0104203224182,62.55930042266846
3362,0.06650614738464355,,1473.441992521286,62.574241161346436
3363,0.06477585434913635,,1473.8745720386505,62.5891854763031
3364,0.06420166790485382,,1474.306477546692,62.6041419506073
3365,0.06631579995155334,,1474.7405626773834,62.61910057067871
3366,0.06403447687625885,,1475.1734282970428,62.634052991867065
3367,0.06457377970218658,,1475.6068065166473,62.64900517463684
3368,0.06429517269134521,,1476.0406053066254,62.66395115852356
3369,0.06526610255241394,,1476.4748454093933,62.678903102874756
3370,0.06661459058523178,,1476.909436225891,62.69383668899536
3371,0.06973287463188171,,1477.3422436714172,62.70878481864929
3372,0.065292127430439,,1477.7759685516357,62.723708152770996
3373,0.06667696684598923,,1478.209311246872,62.73865294456482
3374,0.06406322866678238,,1478.6419594287872,62.7535936832428
3375,0.06447020918130875,,1479.0749475955963,62.76854586601257
3376,0.06537292152643204,,1479.509902715683,62.78351378440857
3377,0.06495075672864914,,1479.9462747573853,62.79847764968872
3378,0.06364504247903824,,1480.3810682296753,62.813416957855225
3379,0.06332024931907654,,1480.816589832306,62.828351736068726
3380,0.06317709386348724,,1481.2494835853577,62.84329605102539
3381,0.06425322592258453,,1481.6843061447144,62.85825300216675
3382,0.06298879534006119,,1482.1172847747803,62.8732008934021
3383,0.06175501272082329,,1482.5512557029724,62.88814568519592
3384,0.0647248700261116,,1482.9859194755554,62.903101682662964
3385,0.0636536180973053,,1483.4189972877502,62.91803050041199
3386,0.0627322718501091,,1483.852195739746,62.93295645713806
3387,0.06348054111003876,,1484.2839736938477,62.94787549972534
3388,0.06636542081832886,,1484.7232749462128,62.962833404541016
3389,0.06449782103300095,,1485.157482624054,62.977762937545776
3390,0.06481007486581802,,1485.5927622318268,62.99270844459534
3391,0.0674498900771141,,1486.0273158550262,63.00765419006348
3392,0.06651744991540909,,1486.4609308242798,63.02260208129883
3393,0.06345337629318237,,1486.8941462039948,63.037556886672974
3394,0.07585889846086502,,1487.32785654068,63.05251121520996
3395,0.061772312968969345,,1487.7598361968994,63.067442655563354
3396,0.06284570693969727,,1488.1933472156525,63.08238744735718
3397,0.06317508220672607,,1488.6272118091583,63.09733963012695
3398,0.06280351430177689,,1489.0598788261414,63.11226153373718
3399,0.0645388513803482,,1489.4944546222687,63.12720847129822
3400,0.06364277005195618,,1490.1479878425598,63.14214086532593
3401,0.06187416613101959,,1490.5810451507568,63.15708613395691
3402,0.0629463791847229,,1491.0120706558228,63.17201566696167
3403,0.06288791447877884,,1491.4437799453735,63.18695640563965
3404,0.06215030327439308,,1491.878350019455,63.20188021659851
3405,0.06412585824728012,,1492.3135046958923,63.216830253601074
3406,0.06345853954553604,,1492.7474496364594,63.23177623748779
3407,0.063298799097538,,1493.1818466186523,63.24673104286194
3408,0.06340587884187698,,1493.6135954856873,63.261683225631714
3409,0.06251005083322525,,1494.047791004181,63.27662014961243
3410,0.06548478454351425,,1494.4811947345734,63.2915563583374
3411,0.06539487838745117,,1494.9153707027435,63.30649495124817
3412,0.06271504610776901,,1495.3481616973877,63.32144117355347
3413,0.06275411695241928,,1495.7819652557373,63.336385011672974
3414,0.06225984916090965,,1496.2147068977356,63.35132312774658
3415,0.06500577181577682,,1496.649451494217,63.36624193191528
3416,0.06359931081533432,,1497.0833604335785,63.38119411468506
3417,0.0632469430565834,,1497.5149261951447,63.39614152908325
3418,0.06368832290172577,,1497.9467558860779,63.411091327667236
3419,0.06335975229740143,,1498.3799788951874,63.4260356426239
3420,0.06513375788927078,,1498.8131096363068,63.44098949432373
3421,0.06344664841890335,,1499.2457089424133,63.45593810081482
3422,0.06383204460144043,,1499.6800816059113,63.470866680145264
3423,0.06546926498413086,,1500.113089799881,63.48582887649536
3424,0.06513220071792603,,1500.5464432239532,63.500757932662964
3425,0.06332292407751083,,1500.9799120426178,63.51569151878357
3426,0.06828143447637558,,1501.414838552475,63.53061819076538
3427,0.06825515627861023,,1501.8471558094025,63.54555940628052
3428,0.06380026787519455,,1502.2814559936523,63.56051826477051
3429,0.06508062034845352,,1502.7142987251282,63.57544803619385
3430,0.06277906894683838,,1503.1474106311798,63.59038996696472
3431,0.06353723257780075,,1503.5805110931396,63.605345249176025
3432,0.06271905452013016,,1504.0146358013153,63.62028694152832
3433,0.06468657404184341,,1504.445327758789,63.635215282440186
3434,0.06337298452854156,,1504.8798406124115,63.65016841888428
3435,0.0642429068684578,,1505.3155460357666,63.665091037750244
3436,0.06304290145635605,,1505.749741077423,63.680041790008545
3437,0.06313816457986832,,1506.1827278137207,63.69498157501221
3438,0.06339117139577866,,1506.6148707866669,63.709922075271606
3439,0.06549041718244553,,1507.0481214523315,63.724853515625
3440,0.06609874963760376,,1507.4811635017395,63.73981690406799
3441,0.06302892416715622,,1507.9141972064972,63.75477480888367
3442,0.06298902630805969,,1508.3476390838623,63.7698073387146
3443,0.062231291085481644,,1508.7811188697815,63.784767389297485
3444,0.06681686639785767,,1509.211853504181,63.7997088432312
3445,0.07143457233905792,,1509.6447124481201,63.814658403396606
3446,0.07003989070653915,,1510.0769000053406,63.82960867881775
3447,0.06390047818422318,,1510.5091547966003,63.84456968307495
3448,0.06251846253871918,,1510.941377401352,63.859548568725586
3449,0.06284617632627487,,1511.375348329544,63.87449598312378
3450,0.0641879215836525,,1512.0285787582397,63.88941669464111
3451,0.06338153034448624,,1512.4628624916077,63.904364824295044
3452,0.06468155235052109,,1512.894636631012,63.919296741485596
3453,0.06567034125328064,,1513.3247187137604,63.93425416946411
3454,0.06334705650806427,,1513.758596420288,63.949207067489624
3455,0.06371349841356277,,1514.1928851604462,63.964152812957764
3456,0.06374528259038925,,1514.6259198188782,63.9790825843811
3457,0.06469422578811646,,1515.0596380233765,63.99401569366455
3458,0.06389128416776657,,1515.4900634288788,64.00896644592285
3459,0.06315258890390396,,1515.9239814281464,64.02390503883362
3460,0.06356657296419144,,1516.3567490577698,64.03884148597717
3461,0.06398974359035492,,1516.790774345398,64.05377268791199
3462,0.0752270370721817,,1517.223512172699,64.06871700286865
3463,0.06380512565374374,,1517.6569199562073,64.08365845680237
3464,0.06776938587427139,,1518.0949459075928,64.09859585762024
3465,0.06827634572982788,,1518.526837348938,64.11354279518127
3466,0.06338140368461609,,1518.9608933925629,64.12849998474121
3467,0.06589216738939285,,1519.39399600029,64.14346361160278
3468,0.06367041170597076,,1519.8283638954163,64.15839576721191
3469,0.06493769586086273,,1520.262729883194,64.1733341217041
3470,0.06466685235500336,,1520.6949384212494,64.18828511238098
3471,0.06284774839878082,,1521.126232624054,64.20324277877808
3472,0.0634663850069046,,1521.5598094463348,64.21817564964294
3473,0.06357722729444504,,1521.992088317871,64.23310732841492
3474,0.06283532083034515,,1522.426670074463,64.24803161621094
3475,0.06335476040840149,,1522.859073638916,64.26297807693481
3476,0.06562135368585587,,1523.292034626007,64.277916431427
3477,0.06374739110469818,,1523.7252309322357,64.29285597801208
3478,0.06374526023864746,,1524.1593372821808,64.30779242515564
3479,0.06400150805711746,,1524.5933651924133,64.32274198532104
3480,0.0640987753868103,,1525.027335882187,64.33767700195312
3481,0.06447741389274597,,1525.4609909057617,64.35261106491089
3482,0.06696837395429611,,1525.8946006298065,64.3675594329834
3483,0.0640270859003067,,1526.32759475708,64.38248920440674
3484,0.06244218349456787,,1526.7607760429382,64.39744544029236
3485,0.0621291846036911,,1527.193971157074,64.41235160827637
3486,0.06227130442857742,,1527.6277351379395,64.42730212211609
3487,0.06280683726072311,,1528.0643544197083,64.44227147102356
3488,0.06377600133419037,,1528.498532295227,64.45721673965454
3489,0.0624866746366024,,1528.9320857524872,64.47216200828552
3490,0.06444595754146576,,1529.3670816421509,64.48710465431213
3491,0.06265334039926529,,1529.7996037006378,64.50205278396606
3492,0.06269846856594086,,1530.2317578792572,64.51699471473694
3493,0.06279710680246353,,1530.6646485328674,64.5319299697876
3494,0.0623890645802021,,1531.097761631012,64.54687237739563
3495,0.06266655772924423,,1531.531086921692,64.56181907653809
3496,0.062227439135313034,,1531.9644193649292,64.57674717903137
3497,0.06322340667247772,,1532.3977727890015,64.59170603752136
3498,0.061947695910930634,,1532.8297481536865,64.60665702819824
3499,0.06166064366698265,,1533.2638413906097,64.62161898612976
3500,0.06185070797801018,-0.0022874558344483376,1533.9169120788574,66.37735486030579
3501,0.062069330364465714,,1534.351887702942,66.39229440689087
3502,0.06331337243318558,,1534.7882401943207,66.40724921226501
3503,0.06293696165084839,,1535.2199776172638,66.42219877243042
3504,0.06352229416370392,,1535.6540758609772,66.43715214729309
3505,0.06193714216351509,,1536.0878434181213,66.45211410522461
3506,0.06204095855355263,,1536.521334886551,66.46707153320312
3507,0.06305765360593796,,1536.9533483982086,66.48201513290405
3508,0.06320273131132126,,1537.3869321346283,66.49693036079407
3509,0.061382394284009933,,1537.8206465244293,66.511883020401
3510,0.06261785328388214,,1538.2533020973206,66.52682638168335
3511,0.06244148686528206,,1538.6847867965698,66.54176998138428
3512,0.0634709894657135,,1539.118008852005,66.55670237541199
3513,0.06305809319019318,,1539.5508341789246,66.57166028022766
3514,0.062270063906908035,,1539.984400510788,66.58660888671875
3515,0.06231165677309036,,1540.4190390110016,66.60155916213989
3516,0.06223805248737335,,1540.8540465831757,66.6165063381195
3517,0.06190821900963783,,1541.2877340316772,66.63147068023682
3518,0.06331818550825119,,1541.7199022769928,66.64642333984375
3519,0.0627245306968689,,1542.152675628662,66.66134309768677
3520,0.06195038557052612,,1542.5855555534363,66.67628598213196
3521,0.06297179311513901,,1543.018135547638,66.69122004508972
3522,0.06290823966264725,,1543.4521992206573,66.7061653137207
3523,0.06313443183898926,,1543.885446548462,66.72109651565552
3524,0.061986714601516724,,1544.317773103714,66.73602676391602
3525,0.0630674958229065,,1544.7508969306946,66.75098133087158
3526,0.06353599578142166,,1545.1836354732513,66.76593399047852
3527,0.06132170930504799,,1545.6185863018036,66.78088426589966
3528,0.0629822239279747,,1546.0536017417908,66.79582953453064
3529,0.06446939706802368,,1546.486648797989,66.81079077720642
3530,0.06211068853735924,,1546.9197976589203,66.82571721076965
3531,0.0626363679766655,,1547.3545174598694,66.84065270423889
3532,0.061047207564115524,,1547.7874431610107,66.85560274124146
3533,0.061255767941474915,,1548.2203106880188,66.87055969238281
3534,0.062043655663728714,,1548.656361579895,66.88550877571106
3535,0.061634380370378494,,1549.0903401374817,66.90044856071472
3536,0.06091727316379547,,1549.5244278907776,66.91538453102112
3537,0.061697229743003845,,1549.9569835662842,66.93032932281494
3538,0.061598870903253555,,1550.3882539272308,66.9452748298645
3539,0.06214762106537819,,1550.8219492435455,66.96022415161133
3540,0.06145269796252251,,1551.25408411026,66.97516918182373
3541,0.060709234327077866,,1551.6866011619568,66.9901065826416
3542,0.06159480661153793,,1552.1190302371979,67.00505137443542
3543,0.06103536859154701,,1552.5519976615906,67.01997184753418
3544,0.0606093630194664,,1552.9849843978882,67.03490209579468
3545,0.06081066653132439,,1553.4166996479034,67.0498526096344
3546,0.060714755207300186,,1553.8516116142273,67.06479477882385
3547,0.06042234227061272,,1554.2842965126038,67.07974362373352
3548,0.061564214527606964,,1554.7171216011047,67.09468698501587
3549,0.061479873955249786,,1555.1510820388794,67.10963988304138
3550,0.060950592160224915,,1555.8050563335419,67.12458801269531
3551,0.0611129067838192,,1556.2397837638855,67.13952398300171
3552,0.061124738305807114,,1556.6757164001465,67.15447568893433
3553,0.061463724821805954,,1557.1099104881287,67.16942739486694
3554,0.062253907322883606,,1557.5435688495636,67.1843650341034
3555,0.06145092844963074,,1557.9768171310425,67.19929838180542
3556,0.061962079256772995,,1558.409563779831,67.21424627304077
3557,0.062283750623464584,,1558.8443095684052,67.22921633720398
3558,0.061245277523994446,,1559.278570652008,67.24415421485901
3559,0.06170010194182396,,1559.7157130241394,67.2591073513031
3560,0.06178400292992592,,1560.1495926380157,67.27403378486633
3561,0.06099396198987961,,1560.5842983722687,67.28897500038147
3562,0.060797326266765594,,1561.0161018371582,67.30390071868896
3563,0.06056620180606842,,1561.4501554965973,67.31884837150574
3564,0.06317228823900223,,1561.8826959133148,67.33380031585693
3565,0.062491524964571,,1562.3153245449066,67.3487594127655
3566,0.06156119704246521,,1562.7495765686035,67.36368894577026
3567,0.062285423278808594,,1563.1841292381287,67.37862849235535
3568,0.060709476470947266,,1563.6172549724579,67.39357662200928
3569,0.06159572675824165,,1564.0490746498108,67.40851163864136
3570,0.06093485280871391,,1564.4811549186707,67.4234471321106
3571,0.06178899481892586,,1564.9145634174347,67.43842101097107
3572,0.0626954585313797,,1565.351120710373,67.4533760547638
3573,0.061900198459625244,,1565.783463716507,67.4683358669281
3574,0.06081761047244072,,1566.2165372371674,67.48326516151428
3575,0.06328824162483215,,1566.6507620811462,67.49818015098572
3576,0.0625787228345871,,1567.085078716278,67.51311588287354
3577,0.061548639088869095,,1567.5217998027802,67.52806758880615
3578,0.059897396713495255,,1567.9562118053436,67.54300451278687
3579,0.061285823583602905,,1568.3881630897522,67.55794835090637
3580,0.06044520065188408,,1568.8200659751892,67.57288360595703
3581,0.060218796133995056,,1569.2538409233093,67.5878393650055
3582,0.061135921627283096,,1569.6872742176056,67.6027603149414
3583,0.060330167412757874,,1570.1205840110779,67.61770176887512
3584,0.06054191663861275,,1570.5550956726074,67.63262605667114
3585,0.05993155017495155,,1570.9888145923615,67.64760494232178
3586,0.06103069335222244,,1571.421884059906,67.66255521774292
3587,0.05995168909430504,,1571.8572597503662,67.67749667167664
3588,0.06026573106646538,,1572.2904424667358,67.69243144989014
3589,0.06046666204929352,,1572.724284172058,67.70737338066101
3590,0.060681045055389404,,1573.1570239067078,67.72231030464172
3591,0.05997201427817345,,1573.5901231765747,67.73724246025085
3592,0.05996105447411537,,1574.0239036083221,67.75219178199768
3593,0.059688501060009,,1574.4595522880554,67.76714396476746
3594,0.06066151335835457,,1574.8927879333496,67.78209471702576
3595,0.06066004931926727,,1575.3271179199219,67.79701972007751
3596,0.05931655690073967,,1575.7611277103424,67.81196594238281
3597,0.06191887706518173,,1576.1957805156708,67.82690811157227
3598,0.05963728204369545,,1576.6294257640839,67.84184503555298
3599,0.05944901332259178,,1577.0630512237549,67.85678434371948
3600,0.06021370738744736,,1577.7177970409393,67.87173342704773
3601,0.05981244891881943,,1578.1510922908783,67.88665342330933
3602,0.06284630298614502,,1578.5849454402924,67.90160942077637
3603,0.062073372304439545,,1579.0191037654877,67.91652250289917
3604,0.06057565286755562,,1579.452927827835,67.93147397041321
3605,0.060418881475925446,,1579.8849608898163,67.94642567634583
3606,0.060394998639822006,,1580.320300102234,67.96135997772217
3607,0.05966909974813461,,1580.7549679279327,67.97631168365479
3608,0.06022537872195244,,1581.1876764297485,67.99127268791199
3609,0.06191333755850792,,1581.6207087039948,68.00621366500854
3610,0.060531266033649445,,1582.0526025295258,68.02115154266357
3611,0.06090053170919418,,1582.4851622581482,68.03608894348145
3612,0.06041129678487778,,1582.922486782074,68.05102372169495
3613,0.05976219102740288,,1583.3557169437408,68.06596207618713
3614,0.06033169850707054,,1583.7890639305115,68.08088445663452
3615,0.06160743907094002,,1584.2218749523163,68.09583306312561
3616,0.05955980345606804,,1584.6551959514618,68.11079025268555
3617,0.05992383509874344,,1585.0865504741669,68.12573647499084
3618,0.06093640998005867,,1585.5219700336456,68.14068388938904
3619,0.05937337130308151,,1585.955438375473,68.15562343597412
3620,0.06026951223611832,,1586.3883962631226,68.17057919502258
3621,0.058990105986595154,,1586.8208408355713,68.18550682067871
3622,0.05973643437027931,,1587.256117105484,68.200443983078
3623,0.05888202786445618,,1587.691073179245,68.21538639068604
3624,0.0597417838871479,,1588.124053478241,68.23033547401428
3625,0.059666428714990616,,1588.558286190033,68.24525117874146
3626,0.0594094842672348,,1588.9907836914062,68.26019024848938
3627,0.05935992673039436,,1589.4220957756042,68.27514314651489
3628,0.062123853713274,,1589.8544940948486,68.29007983207703
3629,0.05861590430140495,,1590.2856304645538,68.30502986907959
3630,0.05929930508136749,,1590.7193441390991,68.31997156143188
3631,0.05923006311058998,,1591.1535313129425,68.33491683006287
3632,0.05890975892543793,,1591.587292432785,68.34987020492554
3633,0.05865919589996338,,1592.0191791057587,68.364825963974
3634,0.0587296299636364,,1592.4527533054352,68.3797619342804
3635,0.061159897595644,,1592.8850364685059,68.39469957351685
3636,0.06290998309850693,,1593.318708896637,68.40962147712708
3637,0.061600688844919205,,1593.752534866333,68.42456722259521
3638,0.06086622178554535,,1594.1851556301117,68.43950200080872
3639,0.059389110654592514,,1594.618609905243,68.45445466041565
3640,0.06121869385242462,,1595.0514125823975,68.46940779685974
3641,0.06057495251297951,,1595.484901189804,68.48435282707214
3642,0.06004498526453972,,1595.9184489250183,68.49928855895996
3643,0.060406070202589035,,1596.3528800010681,68.51424646377563
3644,0.0595015212893486,,1596.784420967102,68.52920389175415
3645,0.05902556702494621,,1597.216032743454,68.54411792755127
3646,0.059163857251405716,,1597.650372505188,68.55908989906311
3647,0.05958770215511322,,1598.0837631225586,68.57401466369629
3648,0.0594446025788784,,1598.5176677703857,68.5889880657196
3649,0.06095738708972931,,1598.9524207115173,68.6039412021637
3650,0.05987086892127991,,1599.6056349277496,68.618896484375
3651,0.06014033034443855,,1600.0387897491455,68.63382601737976
3652,0.059836987406015396,,1600.4711472988129,68.64878368377686
3653,0.060661301016807556,,1600.9042510986328,68.6637372970581
3654,0.059991780668497086,,1601.3384680747986,68.67868113517761
3655,0.06048278883099556,,1601.7722344398499,68.69362092018127
3656,0.059532344341278076,,1602.2063751220703,68.70856356620789
3657,0.06168632209300995,,1602.6393246650696,68.72349810600281
3658,0.060395024716854095,,1603.0737204551697,68.73844242095947
3659,0.0603734515607357,,1603.5047001838684,68.75339722633362
3660,0.06101313233375549,,1603.9384999275208,68.76832675933838
3661,0.0602034293115139,,1604.3700115680695,68.7832624912262
3662,0.05950630083680153,,1604.803138256073,68.79820156097412
3663,0.059156063944101334,,1605.2381808757782,68.81315541267395
3664,0.06206567957997322,,1605.6714670658112,68.82808780670166
3665,0.05935640633106232,,1606.1061353683472,68.84304642677307
3666,0.05947108939290047,,1606.5406515598297,68.85799765586853
3667,0.06120532378554344,,1606.975355386734,68.8729395866394
3668,0.05913984775543213,,1607.4087738990784,68.88787961006165
3669,0.059392139315605164,,1607.843796491623,68.90283203125
3670,0.05947496369481087,,1608.2786827087402,68.9177782535553
3671,0.05928492546081543,,1608.7131080627441,68.93273639678955
3672,0.05928228422999382,,1609.1459741592407,68.94767594337463
3673,0.05922471359372139,,1609.5771236419678,68.96259999275208
3674,0.05942549183964729,,1610.0104463100433,68.97754430770874
3675,0.058764778077602386,,1610.4459965229034,68.99247932434082
3676,0.058448582887649536,,1610.8762798309326,69.00740838050842
3677,0.05921662598848343,,1611.3089618682861,69.0223503112793
3678,0.05894280970096588,,1611.7430112361908,69.03731441497803
3679,0.05818985030055046,,1612.1764488220215,69.05227136611938
3680,0.06054515391588211,,1612.6092836856842,69.06720995903015
3681,0.05971859022974968,,1613.0417077541351,69.0821533203125
3682,0.05950768291950226,,1613.475432395935,69.09711837768555
3683,0.05894947052001953,,1613.9068264961243,69.11207151412964
3684,0.058506473898887634,,1614.3405456542969,69.1269998550415
3685,0.05837825685739517,,1614.7745079994202,69.14194750785828
3686,0.06391710042953491,,1615.2078504562378,69.15686583518982
3687,0.06043113023042679,,1615.6426675319672,69.1718168258667
3688,0.06007831171154976,,1616.0746059417725,69.18672919273376
3689,0.06041489541530609,,1616.5089309215546,69.20168709754944
3690,0.059188853949308395,,1616.9427320957184,69.21663689613342
3691,0.05899165943264961,,1617.3794202804565,69.23158001899719
3692,0.058365851640701294,,1617.8128910064697,69.24652576446533
3693,0.05926935002207756,,1618.244378566742,69.26147603988647
3694,0.05817699432373047,,1618.6787009239197,69.27641725540161
3695,0.058875326067209244,,1619.1122596263885,69.291348695755
3696,0.05824780464172363,,1619.546157836914,69.30628609657288
3697,0.05963556095957756,,1619.9803669452667,69.3212161064148
3698,0.05889434367418289,,1620.4126563072205,69.33616256713867
3699,0.058344218879938126,,1620.8465569019318,69.3510890007019
3700,0.05827426165342331,,1621.499018907547,69.36602783203125
3701,0.05974710360169411,,1621.9337031841278,69.38096737861633
3702,0.059023093432188034,,1622.3657445907593,69.395916223526
3703,0.05789179354906082,,1622.7993705272675,69.41082811355591
3704,0.060650065541267395,,1623.2334322929382,69.42576718330383
3705,0.057839665561914444,,1623.6674447059631,69.4407229423523
3706,0.05778905749320984,,1624.0991134643555,69.45566916465759
3707,0.0583258680999279,,1624.5321686267853,69.4705970287323
3708,0.057233307510614395,,1624.9633312225342,69.48552584648132
3709,0.05899089202284813,,1625.3956761360168,69.5004825592041
3710,0.057858388870954514,,1625.8277082443237,69.5154128074646
3711,0.05744371563196182,,1626.2607872486115,69.53034806251526
3712,0.057525720447301865,,1626.6948881149292,69.54526543617249
3713,0.05954716354608536,,1627.1301288604736,69.56021857261658
3714,0.05825009569525719,,1627.5627932548523,69.57516241073608
3715,0.05843985080718994,,1627.993774652481,69.59010887145996
3716,0.058847974985837936,,1628.4275290966034,69.60505270957947
3717,0.058493684977293015,,1628.8601467609406,69.61999583244324
3718,0.05893532186746597,,1629.293464899063,69.63494348526001
3719,0.058335065841674805,,1629.7271845340729,69.64987254142761
3720,0.06038141995668411,,1630.1605298519135,69.66482138633728
3721,0.0604301393032074,,1630.5934381484985,69.67974853515625
3722,0.05969029664993286,,1631.0272135734558,69.69469451904297
3723,0.05967738851904869,,1631.460232257843,69.70960927009583
3724,0.058301154524087906,,1631.8932421207428,69.72454404830933
3725,0.05905528739094734,,1632.3273451328278,69.7395179271698
3726,0.05956480652093887,,1632.7615637779236,69.75448107719421
3727,0.05959532409906387,,1633.194866657257,69.76941847801208
3728,0.06363093107938766,,1633.6281337738037,69.78435707092285
3729,0.06332298368215561,,1634.0627274513245,69.79930782318115
3730,0.0576740987598896,,1634.495771408081,69.81424880027771
3731,0.05859610065817833,,1634.928230047226,69.82921004295349
3732,0.05810422822833061,,1635.3613872528076,69.84412169456482
3733,0.05746427923440933,,1635.7956759929657,69.85907793045044
3734,0.05807369947433472,,1636.2290935516357,69.87402582168579
3735,0.05782550573348999,,1636.6613516807556,69.88897442817688
3736,0.05937490239739418,,1637.0942392349243,69.90393733978271
3737,0.05825240537524223,,1637.5263874530792,69.91889500617981
3738,0.05716798081994057,,1637.9598968029022,69.93384790420532
3739,0.05787688121199608,,1638.3927874565125,69.94879817962646
3740,0.057870615273714066,,1638.8270721435547,69.96374702453613
3741,0.05915281921625137,,1639.259752035141,69.97869992256165
3742,0.05745568498969078,,1639.6943345069885,69.99365997314453
3743,0.05747352913022041,,1640.128556728363,70.00857186317444
3744,0.05740905925631523,,1640.5604293346405,70.02351498603821
3745,0.05667287856340408,,1640.994476556778,70.03846740722656
3746,0.056339915841817856,,1641.4293053150177,70.05342197418213
3747,0.05627342313528061,,1641.8633978366852,70.06836199760437
3748,0.055857088416814804,,1642.296511888504,70.08330798149109
3749,0.05830630660057068,,1642.7296795845032,70.09825229644775
3750,0.057437703013420105,,1643.3809173107147,70.11319518089294
3751,0.0585443377494812,,1643.8159501552582,70.12813234329224
3752,0.057927343994379044,,1644.2487053871155,70.14308643341064
3753,0.057382289320230484,,1644.6833140850067,70.15803003311157
3754,0.05773274600505829,,1645.1166906356812,70.17297172546387
3755,0.05848677456378937,,1645.5493700504303,70.18791556358337
3756,0.05739399418234825,,1645.984450340271,70.20286393165588
3757,0.05595507472753525,,1646.4185242652893,70.21780800819397
3758,0.056483082473278046,,1646.8499836921692,70.23274159431458
3759,0.05835610628128052,,1647.2817022800446,70.24770307540894
3760,0.05744870752096176,,1647.715082168579,70.26263403892517
3761,0.05714946985244751,,1648.1481959819794,70.27758598327637
3762,0.0561116524040699,,1648.5805990695953,70.2925009727478
3763,0.059057075530290604,,1649.0134131908417,70.30745077133179
3764,0.05742531269788742,,1649.4470422267914,70.3224093914032
3765,0.057480089366436005,,1649.8804302215576,70.3373715877533
3766,0.058017801493406296,,1650.3155999183655,70.35230350494385
3767,0.059554584324359894,,1650.7488844394684,70.36724901199341
3768,0.05945518612861633,,1651.1837921142578,70.3822009563446
3769,0.05563117191195488,,1651.6169562339783,70.39714026451111
3770,0.054961685091257095,,1652.048981666565,70.41209268569946
3771,0.05492130666971207,,1652.4832067489624,70.42700791358948
3772,0.05598728358745575,,1652.9169256687164,70.44197130203247
3773,0.05580630525946617,,1653.3508505821228,70.45690655708313
3774,0.05604078248143196,,1653.7855038642883,70.47185444831848
3775,0.05632966756820679,,1654.2206616401672,70.48679971694946
3776,0.05544774606823921,,1654.6552240848541,70.50175404548645
3777,0.05682070925831795,,1655.0866317749023,70.5167031288147
3778,0.05580826848745346,,1655.5205941200256,70.53163528442383
3779,0.054574377834796906,,1655.9547731876373,70.54657936096191
3780,0.05485483631491661,,1656.385576725006,70.56152749061584
3781,0.056059230118989944,,1656.8199496269226,70.57647943496704
3782,0.05640500411391258,,1657.2523102760315,70.59139442443848
3783,0.05673572048544884,,1657.6852724552155,70.60633969306946
3784,0.05532536655664444,,1658.119781255722,70.6212706565857
3785,0.0542217381298542,,1658.5506761074066,70.63622093200684
3786,0.05424977466464043,,1658.9827854633331,70.65116167068481
3787,0.05556625872850418,,1659.4153099060059,70.6661126613617
3788,0.0539739653468132,,1659.8481557369232,70.68105864524841
3789,0.05480784550309181,,1660.280776500702,70.69600439071655
3790,0.05383983999490738,,1660.7170662879944,70.71095323562622
3791,0.05475222319364548,,1661.1501007080078,70.7258849143982
3792,0.05440489947795868,,1661.5829470157623,70.74083137512207
3793,0.05462800711393356,,1662.0158686637878,70.7557601928711
3794,0.054350659251213074,,1662.449868440628,70.77069330215454
3795,0.05370251461863518,,1662.8795504570007,70.78563904762268
3796,0.05371685326099396,,1663.3131053447723,70.8005940914154
3797,0.05425861477851868,,1663.7468438148499,70.81554627418518
3798,0.05438186973333359,,1664.1809277534485,70.8304853439331
3799,0.05445564165711403,,1664.6156532764435,70.84543633460999
3800,0.055536068975925446,,1665.269953250885,70.86038494110107
3801,0.054153937846422195,,1665.7033078670502,70.87534260749817
3802,0.05578001216053963,,1666.13858628273,70.89029550552368
3803,0.0556754544377327,,1666.5718848705292,70.90524625778198
3804,0.05556010827422142,,1667.0061581134796,70.92018961906433
3805,0.05624835938215256,,1667.4394187927246,70.93516135215759
3806,0.05575557425618172,,1667.8720183372498,70.9501006603241
3807,0.05393417179584503,,1668.3054041862488,70.96507000923157
3808,0.053619105368852615,,1668.7391335964203,70.98000311851501
3809,0.05479776859283447,,1669.170910835266,70.99495100975037
3810,0.055125560611486435,,1669.6048879623413,71.00986933708191
3811,0.05596664175391197,,1670.0386371612549,71.02480888366699
3812,0.05419664457440376,,1670.4717948436737,71.03972911834717
3813,0.05403917655348778,,1670.904592514038,71.05467987060547
3814,0.055779945105314255,,1671.337857246399,71.06963205337524
3815,0.05669112503528595,,1671.7694644927979,71.08457112312317
3816,0.054315801709890366,,1672.2039504051208,71.09951782226562
3817,0.053922660648822784,,1672.6353032588959,71.11445617675781
3818,0.054327886551618576,,1673.0693759918213,71.12939095497131
3819,0.05477814003825188,,1673.5036435127258,71.1443259716034
3820,0.05460331216454506,,1673.9371981620789,71.15928721427917
3821,0.055461157113313675,,1674.3725235462189,71.17421770095825
3822,0.055436551570892334,,1674.8061785697937,71.1891610622406
3823,0.055506471544504166,,1675.2389891147614,71.20411252975464
3824,0.05557641014456749,,1675.672103881836,71.21906423568726
3825,0.05696806311607361,,1676.1054530143738,71.23401212692261
3826,0.05498405173420906,,1676.5376334190369,71.24896836280823
3827,0.05280967801809311,,1676.9690253734589,71.26390767097473
3828,0.054347846657037735,,1677.4043221473694,71.27885270118713
3829,0.05336786434054375,,1677.83771443367,71.29380989074707
3830,0.05575499311089516,,1678.271389722824,71.30874371528625
3831,0.054945677518844604,,1678.7056679725647,71.3237087726593
3832,0.053982920944690704,,1679.138522386551,71.33864545822144
3833,0.053467247635126114,,1679.570883512497,71.3535795211792
3834,0.05390769615769386,,1680.005384683609,71.3685371875763
3835,0.05338837578892708,,1680.437631368637,71.3834822177887
3836,0.053147315979003906,,1680.8717501163483,71.39843201637268
3837,0.05283351615071297,,1681.305329799652,71.41338157653809
3838,0.054691754281520844,,1681.7391653060913,71.42833375930786
3839,0.053291186690330505,,1682.1725444793701,71.44327878952026
3840,0.05284484103322029,,1682.6056816577911,71.45823955535889
3841,0.05437688156962395,,1683.0384585857391,71.4731719493866
3842,0.053516894578933716,,1683.4700553417206,71.48810315132141
3843,0.05479990690946579,,1683.9024724960327,71.50302696228027
3844,0.053705159574747086,,1684.3351683616638,71.5179831981659
3845,0.053550828248262405,,1684.76797914505,71.53288841247559
3846,0.0535830482840538,,1685.2013914585114,71.54783964157104
3847,0.05470278114080429,,1685.6348538398743,71.56277394294739
3848,0.055109791457653046,,1686.0689315795898,71.5777325630188
3849,0.05393972992897034,,1686.5092868804932,71.59267330169678
3850,0.05414622277021408,,1687.1625158786774,71.6076192855835
3851,0.05342451110482216,,1687.5950691699982,71.62256217002869
3852,0.05326586216688156,,1688.0267441272736,71.6374990940094
3853,0.05436066910624504,,1688.4609470367432,71.6524567604065
3854,0.053751278668642044,,1688.895216703415,71.66753196716309
3855,0.0538322851061821,,1689.3307728767395,71.68249869346619
3856,0.05371536687016487,,1689.764595746994,71.6974503993988
3857,0.05385010316967964,,1690.2033152580261,71.71238946914673
3858,0.0534294992685318,,1690.6355741024017,71.72734642028809
3859,0.05526435375213623,,1691.069267988205,71.74230575561523
3860,0.05449614301323891,,1691.5037384033203,71.75723481178284
3861,0.05625900998711586,,1691.937597990036,71.77218580245972
3862,0.05301670730113983,,1692.3718140125275,71.78714561462402
3863,0.05351338908076286,,1692.8044424057007,71.80210185050964
3864,0.05406397953629494,,1693.2388155460358,71.81706070899963
3865,0.05333610996603966,,1693.6720132827759,71.83201289176941
3866,0.05339886248111725,,1694.107050895691,71.84698343276978
3867,0.05411422997713089,,1694.5414805412292,71.86195850372314
3868,0.053052667528390884,,1694.975294828415,71.87691879272461
3869,0.05318690091371536,,1695.4097390174866,71.8918764591217
3870,0.054652661085128784,,1695.8429372310638,71.90682888031006
3871,0.053065478801727295,,1696.2793686389923,71.92179894447327
3872,0.053364694118499756,,1696.7100675106049,71.93676233291626
3873,0.05239015072584152,,1697.1500663757324,71.9516863822937
3874,0.05292879417538643,,1697.5837666988373,71.9666440486908
3875,0.05318644270300865,,1698.0188291072845,71.98157668113708
3876,0.05401656776666641,,1698.4529159069061,71.99653100967407
3877,0.05285831540822983,,1698.8843550682068,72.0114357471466
3878,0.05363069474697113,,1699.3183600902557,72.02637386322021
3879,0.05366648733615875,,1699.7516477108002,72.04133176803589
3880,0.053311459720134735,,1700.1859338283539,72.05629134178162
3881,0.054097745567560196,,1700.6260046958923,72.07124376296997
3882,0.05324521288275719,,1701.0600833892822,72.08620071411133
3883,0.05381310358643532,,1701.494378566742,72.1011598110199
3884,0.05347946286201477,,1701.92910861969,72.11609101295471
3885,0.053173307329416275,,1702.36403298378,72.13104271888733
3886,0.05375214293599129,,1702.797796010971,72.14598035812378
3887,0.05372679606080055,,1703.2312376499176,72.16094303131104
3888,0.053623445332050323,,1703.6631817817688,72.17589926719666
3889,0.05487601086497307,,1704.0989067554474,72.19084548950195
3890,0.05573929101228714,,1704.5339391231537,72.20580101013184
3891,0.05512060970067978,,1704.9666624069214,72.22075080871582
3892,0.0531991682946682,,1705.4008038043976,72.23570013046265
3893,0.05389026552438736,,1705.835875749588,72.25064206123352
3894,0.054637327790260315,,1706.2700190544128,72.26559376716614
3895,0.054081231355667114,,1706.7036106586456,72.28054332733154
3896,0.05357450246810913,,1707.137502193451,72.29550576210022
3897,0.05792821943759918,,1707.5684835910797,72.31044578552246
3898,0.05384106934070587,,1708.0010476112366,72.32539534568787
3899,0.05317806825041771,,1708.4332962036133,72.34033107757568
3900,0.053753651678562164,,1709.0908012390137,72.3552782535553
3901,0.054276611655950546,,1709.5247762203217,72.37023210525513
3902,0.05430373176932335,,1709.9575181007385,72.38519358634949
3903,0.054139312356710434,,1710.391526222229,72.40013885498047
3904,0.05372484400868416,,1710.8251976966858,72.41508460044861
3905,0.05482546240091324,,1711.2578508853912,72.43001341819763
3906,0.0554361566901207,,1711.6910979747772,72.44496726989746
3907,0.055317725986242294,,1712.1263444423676,72.45992588996887
3908,0.053995661437511444,,1712.5598051548004,72.47487545013428
3909,0.05481821298599243,,1712.9944155216217,72.48983597755432
3910,0.05375755578279495,,1713.4278101921082,72.50478219985962
3911,0.05316292494535446,,1713.861496925354,72.51974129676819
3912,0.05402837321162224,,1714.2957844734192,72.53470635414124
3913,0.05396461486816406,,1714.7283565998077,72.54966688156128
3914,0.05500369518995285,,1715.1624875068665,72.56462860107422
3915,0.05482785031199455,,1715.5942783355713,72.57959294319153
3916,0.05657583475112915,,1716.0292065143585,72.59453177452087
3917,0.05440294370055199,,1716.462928056717,72.60947680473328
3918,0.054154325276613235,,1716.8951923847198,72.6244204044342
3919,0.05543844774365425,,1717.328188419342,72.63936471939087
3920,0.054360125213861465,,1717.7615761756897,72.65430760383606
3921,0.053749069571495056,,1718.1968078613281,72.66925001144409
3922,0.05405977740883827,,1718.6330049037933,72.68417310714722
3923,0.05435262247920036,,1719.0668642520905,72.69911766052246
3924,0.05408735200762749,,1719.4975135326385,72.71406650543213
3925,0.05584171414375305,,1719.931587934494,72.72901964187622
3926,0.05471288040280342,,1720.3642582893372,72.7439694404602
3927,0.05469822138547897,,1720.7974123954773,72.75891971588135
3928,0.05412106588482857,,1721.2321937084198,72.77386665344238
3929,0.05450837314128876,,1721.6647770404816,72.78881168365479
3930,0.05414474755525589,,1722.0978984832764,72.80375790596008
3931,0.05437368527054787,,1722.530398607254,72.81866455078125
3932,0.054262302815914154,,1722.962308883667,72.83359861373901
3933,0.05661727488040924,,1723.3944709300995,72.84854626655579
3934,0.05415144935250282,,1723.8290939331055,72.86349630355835
3935,0.0539616160094738,,1724.2617485523224,72.87844586372375
3936,0.053943339735269547,,1724.6958198547363,72.8933916091919
3937,0.05407888814806938,,1725.1291043758392,72.90834736824036
3938,0.054017338901758194,,1725.562118768692,72.92330145835876
3939,0.05386892706155777,,1725.9940066337585,72.93825125694275
3940,0.053213976323604584,,1726.4269049167633,72.95317435264587
3941,0.053678642958402634,,1726.8600716590881,72.96810746192932
3942,0.054819103330373764,,1727.2928478717804,72.98304843902588
3943,0.05651235207915306,,1727.7262308597565,72.99799275398254
3944,0.054158736020326614,,1728.1588218212128,73.01292753219604
3945,0.05479500815272331,,1728.5924112796783,73.02787899971008
3946,0.054296694695949554,,1729.0250606536865,73.04282689094543
3947,0.05455581843852997,,1729.4583504199982,73.05777335166931
3948,0.05366402491927147,,1729.8916192054749,73.07271242141724
3949,0.05409244820475578,,1730.3253302574158,73.08765983581543
3950,0.05357164889574051,,1730.9796907901764,73.10263228416443
3951,0.05541243404150009,,1731.4138071537018,73.11756920814514
3952,0.05392085760831833,,1731.8471760749817,73.13251161575317
3953,0.05368143692612648,,1732.2797310352325,73.14745926856995
3954,0.0538317896425724,,1732.7139883041382,73.16241908073425
3955,0.053651172667741776,,1733.1480967998505,73.17736268043518
3956,0.0532284751534462,,1733.5811517238617,73.19232511520386
3957,0.05469229444861412,,1734.0158519744873,73.20725655555725
3958,0.05406096950173378,,1734.4507324695587,73.22220754623413
3959,0.053132571280002594,,1734.8845164775848,73.23715138435364
3960,0.05339883640408516,,1735.318287372589,73.25208520889282
3961,0.05373239517211914,,1735.7542078495026,73.26704025268555
3962,0.053666695952415466,,1736.1886818408966,73.28199696540833
3963,0.052873097360134125,,1736.6220571994781,73.29694414138794
3964,0.05354689434170723,,1737.0557346343994,73.3118839263916
3965,0.05348452180624008,,1737.4886465072632,73.32683253288269
3966,0.05335354059934616,,1737.92307639122,73.3417739868164
3967,0.0541335791349411,,1738.3562638759613,73.35672664642334
3968,0.054310306906700134,,1738.7901873588562,73.37168073654175
3969,0.05423734709620476,,1739.222902059555,73.38663172721863
3970,0.0532279908657074,,1739.6560034751892,73.40154910087585
3971,0.052890922874212265,,1740.0901927947998,73.41649150848389
3972,0.054657161235809326,,1740.5222396850586,73.43144464492798
3973,0.05400650575757027,,1740.955459356308,73.44640302658081
3974,0.05354833975434303,,1741.389587879181,73.46134829521179
3975,0.053707968443632126,,1741.8247873783112,73.47628569602966
3976,0.05317499488592148,,1742.2578728199005,73.49123454093933
3977,0.05347711220383644,,1742.6901774406433,73.50618767738342
3978,0.05409889668226242,,1743.1249649524689,73.52113699913025
3979,0.053178392350673676,,1743.557808637619,73.53606700897217
3980,0.05343867093324661,,1743.9905154705048,73.55100083351135
3981,0.05277117341756821,,1744.4243381023407,73.56594848632812
3982,0.054274361580610275,,1744.8579711914062,73.58089351654053
3983,0.052447084337472916,,1745.293122768402,73.59580254554749
3984,0.052868351340293884,,1745.7274515628815,73.61074757575989
3985,0.05292346701025963,,1746.161003112793,73.62568879127502
3986,0.053036198019981384,,1746.594450712204,73.64064240455627
3987,0.053181957453489304,,1747.029406785965,73.65557837486267
3988,0.05320696532726288,,1747.4630279541016,73.67053389549255
3989,0.05318720266222954,,1747.896347284317,73.68549036979675
3990,0.05289508029818535,,1748.3300423622131,73.70043992996216
3991,0.052851602435112,,1748.7627878189087,73.71538376808167
3992,0.052873414009809494,,1749.1969385147095,73.73032140731812
3993,0.052708424627780914,,1749.629520893097,73.745281457901
3994,0.054625675082206726,,1750.0632388591766,73.76023888587952
3995,0.05307556688785553,,1750.49693441391,73.77519083023071
3996,0.05317568778991699,,1750.9308483600616,73.79014182090759
3997,0.05324575677514076,,1751.364238023758,73.80508255958557
3998,0.05305834859609604,,1751.7980298995972,73.82001614570618
3999,0.05271900072693825,,1752.2320313453674,73.83495450019836
4000,0.052558742463588715,-0.0021103480830788612,1752.8851482868195,75.59151005744934
4001,0.051954761147499084,,1753.3195536136627,75.60645461082458
4002,0.052865635603666306,,1753.750402212143,75.6214075088501
4003,0.052206434309482574,,1754.1842198371887,75.63636517524719
4004,0.05204252526164055,,1754.6193680763245,75.65132689476013
4005,0.05490710213780403,,1755.0522429943085,75.66628336906433
4006,0.052593354135751724,,1755.4859871864319,75.68122673034668
4007,0.05452260747551918,,1755.9194388389587,75.69616222381592
4008,0.05164271220564842,,1756.3531560897827,75.71113061904907
4009,0.05364490672945976,,1756.7878739833832,75.72607827186584
4010,0.053362343460321426,,1757.2218255996704,75.74102210998535
4011,0.0534454882144928,,1757.6530315876007,75.75596714019775
4012,0.052289798855781555,,1758.0849459171295,75.77091932296753
4013,0.0513925775885582,,1758.5193259716034,75.7858567237854
4014,0.05158216878771782,,1758.952803850174,75.80080056190491
4015,0.051604270935058594,,1759.3852231502533,75.81571125984192
4016,0.05188452824950218,,1759.81960105896,75.83066749572754
4017,0.051894061267375946,,1760.2545235157013,75.8455901145935
4018,0.05284842848777771,,1760.6880412101746,75.86053085327148
4019,0.05160732939839363,,1761.1225407123566,75.87548398971558
4020,0.051437582820653915,,1761.5553658008575,75.89042663574219
4021,0.05143196880817413,,1761.9892191886902,75.9053885936737
4022,0.052501484751701355,,1762.4237413406372,75.92032814025879
4023,0.05171992629766464,,1762.8562395572662,75.93528366088867
4024,0.05256549268960953,,1763.2871837615967,75.95023393630981
4025,0.052559033036231995,,1763.7210726737976,75.96518015861511
4026,0.05258568003773689,,1764.1521785259247,75.98010540008545
4027,0.05278059467673302,,1764.5852699279785,75.99505639076233
4028,0.054237354546785355,,1765.0216052532196,76.01000094413757
4029,0.051964759826660156,,1765.4523479938507,76.02495574951172
4030,0.05241953209042549,,1765.8853118419647,76.03989386558533
4031,0.05244649574160576,,1766.319806098938,76.0548460483551
4032,0.052173808217048645,,1766.7532420158386,76.06978821754456
4033,0.05201588571071625,,1767.1859221458435,76.08472990989685
4034,0.051817841827869415,,1767.6197769641876,76.09966945648193
4035,0.05192098766565323,,1768.0522763729095,76.11461281776428
4036,0.05184487625956535,,1768.4843423366547,76.12956523895264
4037,0.051932062953710556,,1768.9180459976196,76.1444981098175
4038,0.05160469189286232,,1769.351859331131,76.15943360328674
4039,0.052705347537994385,,1769.7852382659912,76.17438435554504
4040,0.05354628339409828,,1770.217601299286,76.18933510780334
4041,0.05214548110961914,,1770.6530764102936,76.20428133010864
4042,0.05301735922694206,,1771.0899393558502,76.21921491622925
4043,0.05298061668872833,,1771.5220441818237,76.2341742515564
4044,0.052761010825634,,1771.955902814865,76.2491204738617
4045,0.05173252522945404,,1772.3880519866943,76.26407742500305
4046,0.051646266132593155,,1772.820662021637,76.27902412414551
4047,0.051698848605155945,,1773.2536172866821,76.2939727306366
4048,0.05166010931134224,,1773.688175201416,76.3089165687561
4049,0.051374129951000214,,1774.1227586269379,76.32387948036194
4050,0.05106364190578461,,1774.7766680717468,76.33884239196777
4051,0.05191081017255783,,1775.2105906009674,76.35379362106323
4052,0.051504410803318024,,1775.6436553001404,76.36873245239258
4053,0.051813188940286636,,1776.0765707492828,76.3836658000946
4054,0.05219227075576782,,1776.5108959674835,76.39860701560974
4055,0.05443824455142021,,1776.9450390338898,76.41356658935547
4056,0.052204430103302,,1777.3779878616333,76.4285249710083
4057,0.051479559391736984,,1777.8117744922638,76.44346618652344
4058,0.05185001716017723,,1778.2456336021423,76.45841145515442
4059,0.051321808248758316,,1778.678069114685,76.47336220741272
4060,0.05188955366611481,,1779.1112139225006,76.48830723762512
4061,0.05251613259315491,,1779.5429682731628,76.50323820114136
4062,0.05191080644726753,,1779.9752249717712,76.51819634437561
4063,0.05239108204841614,,1780.4096269607544,76.53315830230713
4064,0.052788056433200836,,1780.842426776886,76.54811453819275
4065,0.05534625053405762,,1781.2763783931732,76.56304240226746
4066,0.05220278725028038,,1781.7101159095764,76.5779881477356
4067,0.05090879648923874,,1782.1430404186249,76.59295129776001
4068,0.05080287903547287,,1782.575121641159,76.6078999042511
4069,0.0534687340259552,,1783.0089235305786,76.62284088134766
4070,0.05178767070174217,,1783.4411494731903,76.63778614997864
4071,0.05045320466160774,,1783.8733115196228,76.65273666381836
4072,0.050219036638736725,,1784.3075940608978,76.66767835617065
4073,0.051934774965047836,,1784.7412264347076,76.68261384963989
4074,0.052829451858997345,,1785.1749107837677,76.69756841659546
4075,0.05018399655818939,,1785.609300851822,76.71253156661987
4076,0.05059945955872536,,1786.0408840179443,76.72745966911316
4077,0.052887752652168274,,1786.4725711345673,76.74240255355835
4078,0.05075747147202492,,1786.9067301750183,76.75731945037842
4079,0.05007227137684822,,1787.3391988277435,76.77227091789246
4080,0.05083714425563812,,1787.7722659111023,76.78721117973328
4081,0.051204949617385864,,1788.2071306705475,76.80214738845825
4082,0.05067264288663864,,1788.641898393631,76.81710290908813
4083,0.05183441936969757,,1789.0751278400421,76.8320586681366
4084,0.04957270249724388,,1789.5091478824615,76.84701418876648
4085,0.05003201216459274,,1789.9435710906982,76.86195230484009
4086,0.05016975477337837,,1790.3772068023682,76.87688779830933
4087,0.050640352070331573,,1790.8093633651733,76.89184284210205
4088,0.0508953295648098,,1791.2425436973572,76.9067792892456
4089,0.04998303949832916,,1791.6751070022583,76.92169213294983
4090,0.04939522594213486,,1792.1081323623657,76.93664836883545
4091,0.050181519240140915,,1792.541654586792,76.95157384872437
4092,0.05079711973667145,,1792.9785137176514,76.96650719642639
4093,0.050797246396541595,,1793.4125967025757,76.98146319389343
4094,0.050600793212652206,,1793.8470137119293,76.99640917778015
4095,0.04918503761291504,,1794.2808113098145,77.0113594532013
4096,0.05041957274079323,,1794.7142872810364,77.02630233764648
4097,0.050202626734972,,1795.146982908249,77.04125714302063
4098,0.050176169723272324,,1795.5798087120056,77.05620551109314
4099,0.04942229017615318,,1796.0130372047424,77.07116842269897
4100,0.049896251410245895,,1796.6668992042542,77.08611345291138
4101,0.05092908814549446,,1797.1013424396515,77.10105347633362
4102,0.04906054958701134,,1797.534880399704,77.11600375175476
4103,0.05062447115778923,,1797.9706676006317,77.13094782829285
4104,0.04969482123851776,,1798.4062073230743,77.14588570594788
4105,0.049546051770448685,,1798.8387434482574,77.16085886955261
4106,0.049405235797166824,,1799.2702877521515,77.17581081390381
4107,0.0503167062997818,,1799.702594280243,77.19076228141785
4108,0.05024170130491257,,1800.1362943649292,77.20570302009583
4109,0.05018267780542374,,1800.569964170456,77.2206780910492
4110,0.04962565377354622,,1801.0037276744843,77.23563122749329
4111,0.048577699810266495,,1801.4380922317505,77.2505853176117
4112,0.048871513456106186,,1801.8699553012848,77.26553320884705
4113,0.05034954473376274,,1802.3043143749237,77.28047776222229
4114,0.05141042172908783,,1802.7378742694855,77.2954351902008
4115,0.05214511230587959,,1803.1710817813873,77.31039142608643
4116,0.0481833890080452,,1803.6035330295563,77.32533121109009
4117,0.048296764492988586,,1804.0369653701782,77.3402841091156
4118,0.0489397794008255,,1804.4693048000336,77.35523986816406
4119,0.04966874048113823,,1804.90420627594,77.37018752098083
4120,0.04985150322318077,,1805.3360641002655,77.38512682914734
4121,0.05215032771229744,,1805.7698874473572,77.400071144104
4122,0.052396200597286224,,1806.201880455017,77.41502451896667
4123,0.05078555643558502,,1806.6383528709412,77.42996978759766
4124,0.050898853689432144,,1807.0721685886383,77.44491314888
4125,0.0520779974758625,,1807.5062165260315,77.45986199378967
4126,0.04948034882545471,,1807.9378039836884,77.47480535507202
4127,0.04839430749416351,,1808.3702251911163,77.48974323272705
4128,0.04861657693982124,,1808.8044152259827,77.50468444824219
4129,0.04902302846312523,,1809.2376670837402,77.51964044570923
4130,0.05015235021710396,,1809.6713433265686,77.53459239006042
4131,0.04893627390265465,,1810.1056299209595,77.54953908920288
4132,0.04903169721364975,,1810.5387618541718,77.56447577476501
4133,0.049844659864902496,,1810.9710955619812,77.57944679260254
4134,0.04982646927237511,,1811.4052958488464,77.59440302848816
4135,0.05037710815668106,,1811.8388171195984,77.60935497283936
4136,0.04989083111286163,,1812.2716648578644,77.62430047988892
4137,0.049271903932094574,,1812.7063717842102,77.63924598693848
4138,0.048453785479068756,,1813.137449502945,77.65419578552246
4139,0.04808729141950607,,1813.5692083835602,77.66912651062012
4140,0.04861745238304138,,1814.0023300647736,77.684077501297
4141,0.04792884364724159,,1814.4354453086853,77.6990339756012
4142,0.04879764840006828,,1814.8696267604828,77.71398591995239
4143,0.0488782674074173,,1815.303682565689,77.72893261909485
4144,0.04861034080386162,,1815.7371301651,77.74387884140015
4145,0.04788714647293091,,1816.1693427562714,77.7588427066803
4146,0.04975549504160881,,1816.6045179367065,77.77379894256592
4147,0.04884825274348259,,1817.0379054546356,77.7887511253357
4148,0.05146493390202522,,1817.471613407135,77.80368661880493
4149,0.04878988116979599,,1817.9055244922638,77.81863188743591
4150,0.049238309264183044,,1818.5576121807098,77.83357310295105
4151,0.04971246048808098,,1818.9917805194855,77.84851479530334
4152,0.04857486113905907,,1819.4250156879425,77.86345982551575
4153,0.04893134906888008,,1819.859004020691,77.87842416763306
4154,0.04921407997608185,,1820.2915029525757,77.89336633682251
4155,0.048841409385204315,,1820.7232358455658,77.90830445289612
4156,0.04874406009912491,,1821.1558277606964,77.92325210571289
4157,0.04862625524401665,,1821.5894484519958,77.93819427490234
4158,0.0486050620675087,,1822.022813796997,77.95313882827759
4159,0.04837450385093689,,1822.4558262825012,77.96808218955994
4160,0.04929278790950775,,1822.8895840644836,77.98303246498108
4161,0.04966755211353302,,1823.323068857193,77.99798345565796
4162,0.04822128266096115,,1823.7558372020721,78.01292848587036
4163,0.04889518395066261,,1824.1890726089478,78.02785611152649
4164,0.0489240363240242,,1824.6225881576538,78.04280614852905
4165,0.04879005625844002,,1825.0560994148254,78.05775094032288
4166,0.048947691917419434,,1825.4899048805237,78.07272005081177
4167,0.05602522939443588,,1825.9220261573792,78.08765935897827
4168,0.05068017914891243,,1826.3547928333282,78.10261273384094
4169,0.048848479986190796,,1826.7887082099915,78.11756801605225
4170,0.04951274394989014,,1827.2207310199738,78.1324987411499
4171,0.04820439592003822,,1827.6526198387146,78.14745807647705
4172,0.0482996366918087,,1828.0851752758026,78.16240215301514
4173,0.04808171093463898,,1828.5175654888153,78.17735171318054
4174,0.04803737252950668,,1828.9518218040466,78.19228339195251
4175,0.047868769615888596,,1829.3880472183228,78.20722103118896
4176,0.04882084205746651,,1829.8212502002716,78.22215819358826
4177,0.048518646508455276,,1830.2543740272522,78.23711681365967
4178,0.048293571919202805,,1830.6886892318726,78.25204968452454
4179,0.0476975217461586,,1831.1231968402863,78.26699447631836
4180,0.04793602600693703,,1831.5565121173859,78.28195810317993
4181,0.049938708543777466,,1831.9895677566528,78.29691886901855
4182,0.04758574441075325,,1832.4231016635895,78.31186270713806
4183,0.04812665283679962,,1832.855592250824,78.32679033279419
4184,0.04776438698172569,,1833.2898299694061,78.34174752235413
4185,0.050852857530117035,,1833.7207942008972,78.35669779777527
4186,0.04872165620326996,,1834.1547434329987,78.37162923812866
4187,0.04755375534296036,,1834.5879685878754,78.38657855987549
4188,0.04847380146384239,,1835.0208475589752,78.40151977539062
4189,0.04883618280291557,,1835.4541053771973,78.41649174690247
4190,0.04847972095012665,,1835.887621164322,78.43142437934875
4191,0.0484745092689991,,1836.321073770523,78.44635963439941
4192,0.04785046726465225,,1836.7533674240112,78.46132135391235
4193,0.04784536734223366,,1837.186285495758,78.47629380226135
4194,0.04708857089281082,,1837.6198799610138,78.4912383556366
4195,0.04733217880129814,,1838.05428481102,78.50617146492004
4196,0.04733087867498398,,1838.4900245666504,78.52112030982971
4197,0.04686325788497925,,1838.922721862793,78.5360848903656
4198,0.04822885990142822,,1839.356199502945,78.55102825164795
4199,0.04722511023283005,,1839.789920091629,78.56596302986145
4200,0.047103144228458405,,1840.447051525116,78.58091235160828
4201,0.047217436134815216,,1840.8803827762604,78.59585738182068
4202,0.04753611236810684,,1841.3156161308289,78.61080074310303
4203,0.04721122607588768,,1841.7483341693878,78.62574911117554
4204,0.04739436134696007,,1842.1821410655975,78.64070010185242
4205,0.046864815056324005,,1842.6160218715668,78.65564918518066
4206,0.04784444719552994,,1843.0499126911163,78.67058944702148
4207,0.04885105416178703,,1843.484032869339,78.68553447723389
4208,0.0472419448196888,,1843.917398929596,78.70048785209656
4209,0.047412339597940445,,1844.3506183624268,78.71542596817017
4210,0.04731852561235428,,1844.7839133739471,78.73035621643066
4211,0.04905365779995918,,1845.2171285152435,78.74529433250427
4212,0.047325484454631805,,1845.6500236988068,78.76025891304016
4213,0.047212596982717514,,1846.0833468437195,78.77521705627441
4214,0.04738037288188934,,1846.516987323761,78.79015755653381
4215,0.04730794206261635,,1846.9506504535675,78.80511093139648
4216,0.04734589532017708,,1847.3824083805084,78.82008385658264
4217,0.04734098166227341,,1847.8156871795654,78.83501434326172
4218,0.047307953238487244,,1848.2486236095428,78.84997224807739
4219,0.04725397378206253,,1848.6831169128418,78.86489510536194
4220,0.04812612012028694,,1849.1162917613983,78.87983775138855
4221,0.0483778677880764,,1849.5487353801727,78.89477753639221
4222,0.04766335338354111,,1849.9824216365814,78.90975880622864
4223,0.046534378081560135,,1850.4142532348633,78.92470717430115
4224,0.04648282751441002,,1850.8480393886566,78.93965744972229
4225,0.04659271240234375,,1851.2828061580658,78.95460820198059
4226,0.046221815049648285,,1851.7156190872192,78.96955108642578
4227,0.04645181819796562,,1852.1477904319763,78.9844958782196
4228,0.04663940146565437,,1852.5802850723267,78.9994466304779
4229,0.046567175537347794,,1853.0146927833557,79.01439571380615
4230,0.0465991236269474,,1853.449051141739,79.02933597564697
4231,0.04642314091324806,,1853.8835055828094,79.04427933692932
4232,0.04596679285168648,,1854.317306280136,79.05923581123352
4233,0.04587215930223465,,1854.7515890598297,79.07417798042297
4234,0.04650922119617462,,1855.1848139762878,79.08911418914795
4235,0.04682650789618492,,1855.6171388626099,79.10405540466309
4236,0.04658431559801102,,1856.0501596927643,79.11900353431702
4237,0.046194497495889664,,1856.4841401576996,79.1339385509491
4238,0.04751496762037277,,1856.917291879654,79.14887738227844
4239,0.04779843986034393,,1857.349936723709,79.16381502151489
4240,0.04755611717700958,,1857.7842769622803,79.1787781715393
4241,0.04673953354358673,,1858.2164106369019,79.19371008872986
4242,0.04671685770153999,,1858.6500732898712,79.20870661735535
4243,0.04923005402088165,,1859.0851080417633,79.22363615036011
4244,0.046303458511829376,,1859.5186314582825,79.23857951164246
4245,0.048119958490133286,,1859.95352101326,79.25352740287781
4246,0.046955663710832596,,1860.3876609802246,79.26847314834595
4247,0.048473190516233444,,1860.820536851883,79.28342270851135
4248,0.04612629488110542,,1861.2539563179016,79.29837107658386
4249,0.0480191633105278,,1861.6873977184296,79.31331038475037
4250,0.04640834033489227,,1862.3409349918365,79.32825446128845
4251,0.05181369185447693,,1862.7734162807465,79.34320449829102
4252,0.04770752787590027,,1863.206843137741,79.3581326007843
4253,0.047936685383319855,,1863.6378185749054,79.37306571006775
4254,0.0488775372505188,,1864.0727896690369,79.38802146911621
4255,0.04673128202557564,,1864.505830526352,79.40297365188599
4256,0.04642154648900032,,1864.9391252994537,79.41792249679565
4257,0.046239420771598816,,1865.3714606761932,79.43287181854248
4258,0.046685706824064255,,1865.8053545951843,79.4478087425232
4259,0.04696796461939812,,1866.2378721237183,79.46275591850281
4260,0.04698892682790756,,1866.6719589233398,79.4776725769043
4261,0.05029715225100517,,1867.1057300567627,79.49261736869812
4262,0.05119568482041359,,1867.5392351150513,79.50753355026245
4263,0.04693026468157768,,1867.97256731987,79.52249383926392
4264,0.04696428403258324,,1868.4062688350677,79.53743600845337
4265,0.04728274419903755,,1868.8391819000244,79.55238008499146
4266,0.04640644043684006,,1869.2736232280731,79.56733131408691
4267,0.0468660332262516,,1869.7073554992676,79.58227944374084
4268,0.047857727855443954,,1870.1414062976837,79.59724354743958
4269,0.04575132206082344,,1870.5743293762207,79.61218404769897
4270,0.04718300327658653,,1871.0082035064697,79.62714767456055
4271,0.045949701219797134,,1871.441385269165,79.64207744598389
4272,0.046879228204488754,,1871.8763027191162,79.6570155620575
4273,0.04772525653243065,,1872.3089892864227,79.67197728157043
4274,0.04552217945456505,,1872.739867925644,79.68691420555115
4275,0.04581224173307419,,1873.1733193397522,79.70186519622803
4276,0.04574214667081833,,1873.6058776378632,79.7168083190918
4277,0.046487435698509216,,1874.0381350517273,79.73175501823425
4278,0.04559147730469704,,1874.4728803634644,79.74670958518982
4279,0.047337401658296585,,1874.9078524112701,79.76167917251587
4280,0.04799465835094452,,1875.3413107395172,79.77661609649658
4281,0.04879811033606529,,1875.7755663394928,79.7915587425232
4282,0.049163468182086945,,1876.2087321281433,79.80648612976074
4283,0.04816856235265732,,1876.6415457725525,79.82143831253052
4284,0.048015303909778595,,1877.0769016742706,79.83635687828064
4285,0.04760880768299103,,1877.5107898712158,79.85130524635315
4286,0.04677630960941315,,1877.9441621303558,79.86626148223877
4287,0.046398360282182693,,1878.3789536952972,79.88121795654297
4288,0.04601554572582245,,1878.8103444576263,79.89617609977722
4289,0.04597197845578194,,1879.2429511547089,79.91112875938416
4290,0.046080514788627625,,1879.6779098510742,79.9260892868042
4291,0.04617823287844658,,1880.1101438999176,79.94104814529419
4292,0.046372704207897186,,1880.5420179367065,79.9559874534607
4293,0.04589539021253586,,1880.9749245643616,79.97092771530151
4294,0.04591012001037598,,1881.406979560852,79.98587226867676
4295,0.045383647084236145,,1881.8406825065613,80.00083041191101
4296,0.04559120908379555,,1882.2730197906494,80.0157744884491
4297,0.044821612536907196,,1882.706722021103,80.03073525428772
4298,0.04690507426857948,,1883.1410841941833,80.0456862449646
4299,0.047110676765441895,,1883.5747261047363,80.06064343452454
4300,0.045773185789585114,,1884.2282762527466,80.07559442520142
4301,0.04589654505252838,,1884.662542104721,80.09055256843567
4302,0.04467807337641716,,1885.095656633377,80.10550117492676
4303,0.04505222663283348,,1885.5284333229065,80.12045049667358
4304,0.045407164841890335,,1885.9624314308167,80.13539505004883
4305,0.046216171234846115,,1886.3956053256989,80.15035724639893
4306,0.046124644577503204,,1886.8281614780426,80.16531753540039
4307,0.04550913721323013,,1887.2593405246735,80.18025493621826
4308,0.04591168090701103,,1887.6929976940155,80.19519424438477
4309,0.04673637077212334,,1888.124882221222,80.21014046669006
4310,0.045771826058626175,,1888.558681488037,80.22508382797241
4311,0.04531703144311905,,1888.99187541008,80.24002361297607
4312,0.04530936852097511,,1889.4252030849457,80.25495886802673
4313,0.0453532449901104,,1889.8577466011047,80.26991558074951
4314,0.0464412160217762,,1890.2922127246857,80.28485774993896
4315,0.046738553792238235,,1890.7255532741547,80.29979372024536
4316,0.045321207493543625,,1891.1584520339966,80.31472969055176
4317,0.045420918613672256,,1891.5905663967133,80.329674243927
4318,0.044793251901865005,,1892.0239412784576,80.34461975097656
4319,0.045039962977170944,,1892.458089351654,80.35953044891357
4320,0.04566665366292,,1892.8901603221893,80.37446784973145
4321,0.04494329169392586,,1893.3232691287994,80.38940596580505
4322,0.045968491584062576,,1893.7544794082642,80.4043538570404
4323,0.04510880261659622,,1894.1866202354431,80.41932034492493
4324,0.044758521020412445,,1894.6189200878143,80.43425703048706
4325,0.044442642480134964,,1895.0514636039734,80.44921517372131
4326,0.045100029557943344,,1895.484909772873,80.46415948867798
4327,0.04772276058793068,,1895.9181871414185,80.47909688949585
4328,0.047395847737789154,,1896.3526408672333,80.49401879310608
4329,0.047264158725738525,,1896.786135673523,80.50898480415344
4330,0.04492809623479843,,1897.2179577350616,80.523934841156
4331,0.044773127883672714,,1897.651245355606,80.53887867927551
4332,0.04704534634947777,,1898.0848186016083,80.55382323265076
4333,0.04517620801925659,,1898.5179860591888,80.56876873970032
4334,0.04470113292336464,,1898.9512951374054,80.58371090888977
4335,0.047617748379707336,,1899.3827209472656,80.59865498542786
4336,0.045776549726724625,,1899.8156380653381,80.6135938167572
4337,0.04551500454545021,,1900.2483417987823,80.62854218482971
4338,0.04549276456236839,,1900.681759595871,80.6434874534607
4339,0.04455599933862686,,1901.1122934818268,80.65846133232117
4340,0.044929489493370056,,1901.5458323955536,80.67340230941772
4341,0.04497159644961357,,1901.979077577591,80.68835520744324
4342,0.04460861533880234,,1902.4115495681763,80.7033154964447
4343,0.04501798376441002,,1902.845721244812,80.71825313568115
4344,0.04484705254435539,,1903.2790205478668,80.73319125175476
4345,0.04468799754977226,,1903.708660364151,80.74814414978027
4346,0.044560737907886505,,1904.141452550888,80.76308512687683
4347,0.0442403219640255,,1904.5739073753357,80.77802872657776
4348,0.04718761891126633,,1905.0067067146301,80.79296875
4349,0.044989485293626785,,1905.4414286613464,80.80792260169983
4350,0.044776398688554764,,1906.0936534404755,80.82287430763245
4351,0.04513275623321533,,1906.5273625850677,80.83781862258911
4352,0.044573117047548294,,1906.9613626003265,80.8527569770813
4353,0.044322557747364044,,1907.3936994075775,80.8677179813385
4354,0.0445052906870842,,1907.8279538154602,80.88268041610718
4355,0.04680706560611725,,1908.2615804672241,80.89761734008789
4356,0.045702651143074036,,1908.693783044815,80.91255617141724
4357,0.047400426119565964,,1909.1285164356232,80.927490234375
4358,0.04689987748861313,,1909.5618751049042,80.94243693351746
4359,0.04588790982961655,,1909.993651151657,80.95739436149597
4360,0.045095786452293396,,1910.4281742572784,80.97234225273132
4361,0.04657918959856033,,1910.8612418174744,80.98730444908142
4362,0.04598752781748772,,1911.2952363491058,81.00226068496704
4363,0.04589452967047691,,1911.7273404598236,81.01719188690186
4364,0.04507051780819893,,1912.1595437526703,81.03214359283447
4365,0.04532379284501076,,1912.593117237091,81.04707598686218
4366,0.04520128294825554,,1913.025562286377,81.06200909614563
4367,0.04459010437130928,,1913.4595680236816,81.07696080207825
4368,0.04691408947110176,,1913.8933801651,81.09190917015076
4369,0.046368226408958435,,1914.327563047409,81.10685682296753
4370,0.0464898981153965,,1914.7612557411194,81.1218044757843
4371,0.04424884542822838,,1915.1946921348572,81.1367506980896
4372,0.04466937482357025,,1915.627067565918,81.15168786048889
4373,0.044373251497745514,,1916.0590424537659,81.16663885116577
4374,0.04686233773827553,,1916.492957830429,81.18159198760986
4375,0.044921036809682846,,1916.927311182022,81.19654202461243
4376,0.04476531222462654,,1917.3611421585083,81.21149253845215
4377,0.04436858743429184,,1917.7941691875458,81.22644138336182
4378,0.04567447304725647,,1918.2292189598083,81.24141120910645
4379,0.04430817812681198,,1918.6605157852173,81.25636339187622
4380,0.04446904733777046,,1919.0953035354614,81.271329164505
4381,0.04471541568636894,,1919.5297176837921,81.28627729415894
4382,0.04442054033279419,,1919.9629173278809,81.30122637748718
4383,0.045758169144392014,,1920.3966300487518,81.31617999076843
4384,0.04448356106877327,,1920.8307402133942,81.33112645149231
4385,0.044647958129644394,,1921.2637326717377,81.34607648849487
4386,0.04418144375085831,,1921.6984605789185,81.36101818084717
4387,0.045027006417512894,,1922.1317675113678,81.37596225738525
4388,0.045172069221735,,1922.5652179718018,81.39091563224792
4389,0.04603052884340286,,1922.9966850280762,81.40587210655212
4390,0.04476598650217056,,1923.4309613704681,81.42082929611206
4391,0.04461032152175903,,1923.8643407821655,81.43576788902283
4392,0.044096607714891434,,1924.2979702949524,81.45072221755981
4393,0.045231010764837265,,1924.7310526371002,81.46567463874817
4394,0.04475659504532814,,1925.1633043289185,81.48061990737915
4395,0.044112760573625565,,1925.5965921878815,81.49556112289429
4396,0.044769853353500366,,1926.0291550159454,81.51050901412964
4397,0.04506874457001686,,1926.4617702960968,81.52545619010925
4398,0.04471762105822563,,1926.8955013751984,81.54039812088013
4399,0.04465435445308685,,1927.3289263248444,81.55534076690674
4400,0.044566504657268524,,1927.982640504837,81.57028365135193
4401,0.04369413107633591,,1928.4147927761078,81.58522510528564
4402,0.04404842108488083,,1928.8472292423248,81.60016632080078
4403,0.045264940708875656,,1929.280179977417,81.61511588096619
4404,0.045602425932884216,,1929.7135262489319,81.6300482749939
4405,0.04619588702917099,,1930.1471662521362,81.6450023651123
4406,0.045223820954561234,,1930.580727815628,81.65994596481323
4407,0.04529562592506409,,1931.0138256549835,81.67488813400269
4408,0.04470260441303253,,1931.4474370479584,81.68983626365662
4409,0.04487195983529091,,1931.880035161972,81.70478057861328
4410,0.04486234486103058,,1932.3129680156708,81.71972990036011
4411,0.044546619057655334,,1932.7469358444214,81.73468089103699
4412,0.0441465824842453,,1933.18008518219,81.7496383190155
4413,0.04715551435947418,,1933.6140217781067,81.76459550857544
4414,0.045088354498147964,,1934.0479731559753,81.779536485672
4415,0.045527465641498566,,1934.4806139469147,81.79446649551392
4416,0.044465746730566025,,1934.9145724773407,81.80942368507385
4417,0.045552268624305725,,1935.3467893600464,81.82436442375183
4418,0.044660475105047226,,1935.777851819992,81.83930826187134
4419,0.04473980888724327,,1936.2101373672485,81.8542468547821
4420,0.045021966099739075,,1936.643045425415,81.86919856071472
4421,0.043941181153059006,,1937.0762147903442,81.88415622711182
4422,0.0441373772919178,,1937.5098094940186,81.89909744262695
4423,0.04569177329540253,,1937.9428997039795,81.91404986381531
4424,0.04549495503306389,,1938.3773849010468,81.92900967597961
4425,0.044051144272089005,,1938.8096022605896,81.9439525604248
4426,0.04464847967028618,,1939.2421979904175,81.95887112617493
4427,0.043825261294841766,,1939.6755802631378,81.97384524345398
4428,0.044060368090867996,,1940.1103732585907,81.98877167701721
4429,0.044817812740802765,,1940.5431733131409,82.00372266769409
4430,0.04415278509259224,,1940.9768133163452,82.01866292953491
4431,0.045462753623723984,,1941.4106047153473,82.0336241722107
4432,0.04399717226624489,,1941.8414256572723,82.0485737323761
4433,0.04477822035551071,,1942.2752714157104,82.06350302696228
4434,0.04436720535159111,,1942.7070779800415,82.07845520973206
4435,0.04419012740254402,,1943.1398842334747,82.0933997631073
4436,0.044267259538173676,,1943.5716881752014,82.10834622383118
4437,0.04378475621342659,,1944.0057599544525,82.1232762336731
4438,0.04413292929530144,,1944.43887925148,82.13821625709534
4439,0.04550158977508545,,1944.8727176189423,82.15315294265747
4440,0.04855981469154358,,1945.3073146343231,82.16811919212341
4441,0.04487302154302597,,1945.73899102211,82.18306684494019
4442,0.047821447253227234,,1946.1712322235107,82.19801068305969
4443,0.045625943690538406,,1946.60618019104,82.21296858787537
4444,0.04577300697565079,,1947.039771080017,82.22790861129761
4445,0.04693462327122688,,1947.4737224578857,82.24286603927612
4446,0.045732833445072174,,1947.9086756706238,82.25781536102295
4447,0.044216882437467575,,1948.3409028053284,82.2727746963501
4448,0.04598478600382805,,1948.7749779224396,82.28771829605103
4449,0.0443301722407341,,1949.2091207504272,82.30264949798584
4450,0.04616062343120575,,1949.8620085716248,82.31760478019714
4451,0.046461306512355804,,1950.2944445610046,82.33254647254944
4452,0.044893909245729446,,1950.7284512519836,82.34750771522522
4453,0.04564743489027023,,1951.1618976593018,82.3624484539032
4454,0.04361448436975479,,1951.5967864990234,82.37740397453308
4455,0.043515365570783615,,1952.0283653736115,82.39235544204712
4456,0.04441693425178528,,1952.4593164920807,82.40732765197754
4457,0.04440082609653473,,1952.8935058116913,82.4222731590271
4458,0.04404560849070549,,1953.3256940841675,82.43721747398376
4459,0.04374640807509422,,1953.7587819099426,82.45217275619507
4460,0.04369468614459038,,1954.1922674179077,82.46710062026978
4461,0.04412849247455597,,1954.6259706020355,82.48205137252808
4462,0.04497547075152397,,1955.0581216812134,82.49699640274048
4463,0.044514600187540054,,1955.4918479919434,82.51193809509277
4464,0.044072121381759644,,1955.924690246582,82.52688264846802
4465,0.04455901309847832,,1956.357993364334,82.54182195663452
4466,0.044551216065883636,,1956.790352344513,82.55677914619446
4467,0.04461376368999481,,1957.2231621742249,82.57172560691833
4468,0.044280800968408585,,1957.6555724143982,82.58666014671326
4469,0.04402696713805199,,1958.0905303955078,82.60160613059998
4470,0.04452618956565857,,1958.5236043930054,82.61654615402222
4471,0.04467606544494629,,1958.957709312439,82.63149404525757
4472,0.04490770399570465,,1959.3918206691742,82.64642286300659
4473,0.04359310865402222,,1959.823695898056,82.66137790679932
4474,0.043574586510658264,,1960.2560994625092,82.67629790306091
4475,0.044203754514455795,,1960.69029378891,82.69125247001648
4476,0.04417716711759567,,1961.1242666244507,82.70620489120483
4477,0.045153360813856125,,1961.5571279525757,82.72115397453308
4478,0.04398922622203827,,1961.990326166153,82.73611164093018
4479,0.04418289661407471,,1962.4237699508667,82.75106406211853
4480,0.04574916139245033,,1962.8550562858582,82.76599621772766
4481,0.04409390687942505,,1963.2899761199951,82.78093791007996
4482,0.04500973969697952,,1963.723906993866,82.79588603973389
4483,0.045278068631887436,,1964.1566059589386,82.81082487106323
4484,0.04503030702471733,,1964.588677406311,82.82575988769531
4485,0.0440523736178875,,1965.0218796730042,82.84072780609131
4486,0.04511835798621178,,1965.4553079605103,82.85566687583923
4487,0.04613466188311577,,1965.8889088630676,82.87059020996094
4488,0.04607971012592316,,1966.3199939727783,82.88553619384766
4489,0.04521012306213379,,1966.7519807815552,82.90047335624695
4490,0.04447079449892044,,1967.1867942810059,82.9154098033905
4491,0.04392200708389282,,1967.6191728115082,82.93036556243896
4492,0.04378564655780792,,1968.0545415878296,82.94531059265137
4493,0.044433437287807465,,1968.4875044822693,82.96026062965393
4494,0.044935788959264755,,1968.9209027290344,82.97520136833191
4495,0.043814048171043396,,1969.354296207428,82.9901533126831
4496,0.04505831003189087,,1969.7884285449982,83.0050802230835
4497,0.04536706954240799,,1970.22168302536,83.02002429962158
4498,0.043327368795871735,,1970.6558108329773,83.03498005867004
4499,0.04437204822897911,,1971.0905072689056,83.04993224143982
4500,0.0434989258646965,-0.0019302727887406945,1971.743824005127,84.80701088905334
4501,0.04480208829045296,,1972.1780903339386,84.82196426391602
4502,0.04397808760404587,,1972.610962152481,84.83691596984863
4503,0.04441224783658981,,1973.0444674491882,84.85186886787415
4504,0.044186756014823914,,1973.4755840301514,84.86682081222534
4505,0.0436386801302433,,1973.9078161716461,84.88177466392517
4506,0.043713632971048355,,1974.340071439743,84.89671301841736
4507,0.04442089423537254,,1974.7777659893036,84.91166567802429
4508,0.043828681111335754,,1975.2093834877014,84.92661619186401
4509,0.043856311589479446,,1975.6430115699768,84.94156098365784
4510,0.04378494992852211,,1976.077897310257,84.95651698112488
4511,0.043944161385297775,,1976.5121667385101,84.97146797180176
4512,0.044038258492946625,,1976.9449920654297,84.98641109466553
4513,0.04360227286815643,,1977.3782510757446,85.00135636329651
4514,0.04441387951374054,,1977.8102264404297,85.01631164550781
4515,0.04344132915139198,,1978.2426555156708,85.03125047683716
4516,0.04399729147553444,,1978.6757805347443,85.04620313644409
4517,0.04368767887353897,,1979.1088116168976,85.06115078926086
4518,0.04357530176639557,,1979.5417122840881,85.07609701156616
4519,0.044295452535152435,,1979.9754738807678,85.09104371070862
4520,0.04455779120326042,,1980.4077458381653,85.10598039627075
4521,0.04408429563045502,,1980.839467048645,85.12092423439026
4522,0.043651048094034195,,1981.2741134166718,85.13586258888245
4523,0.04372835531830788,,1981.7072668075562,85.15079760551453
4524,0.04359504207968712,,1982.1405892372131,85.16572165489197
4525,0.044146209955215454,,1982.5742421150208,85.18066835403442
4526,0.043919965624809265,,1983.0073518753052,85.19561624526978
4527,0.043896112591028214,,1983.440374135971,85.2105565071106
4528,0.04512660950422287,,1983.873839855194,85.22549533843994
4529,0.044167716056108475,,1984.307859659195,85.24045920372009
4530,0.043832965195178986,,1984.7417261600494,85.2554121017456
4531,0.04477081447839737,,1985.1741828918457,85.27036428451538
4532,0.04376798868179321,,1985.6134192943573,85.28530073165894
4533,0.043903008103370667,,1986.0474762916565,85.30024242401123
4534,0.04410898685455322,,1986.4814145565033,85.31519532203674
4535,0.04370772838592529,,1986.9150438308716,85.33012652397156
4536,0.044609349220991135,,1987.3489019870758,85.34507203102112
4537,0.0434521846473217,,1987.781490802765,85.36002993583679
4538,0.04351718723773956,,1988.213996887207,85.37497401237488
4539,0.04349779710173607,,1988.6469564437866,85.38992023468018
4540,0.043822381645441055,,1989.0801410675049,85.404860496521
4541,0.043892230838537216,,1989.5134570598602,85.41981387138367
4542,0.04460017755627632,,1989.946352481842,85.4347631931305
4543,0.04443534091114998,,1990.3788318634033,85.44970464706421
4544,0.044000398367643356,,1990.8120729923248,85.46463823318481
4545,0.04369785636663437,,1991.2443945407867,85.47956562042236
4546,0.044292837381362915,,1991.6788320541382,85.49451875686646
4547,0.043657105416059494,,1992.1122193336487,85.50943636894226
4548,0.04460904374718666,,1992.545162677765,85.52438926696777
4549,0.043494146317243576,,1992.9816722869873,85.5393557548523
4550,0.043484244495630264,,1993.6361303329468,85.5543007850647
4551,0.043151963502168655,,1994.0706067085266,85.56924557685852
4552,0.04365421086549759,,1994.5064611434937,85.58419346809387
4553,0.04333487153053284,,1994.941995382309,85.59914231300354
4554,0.044390588998794556,,1995.378828048706,85.61408543586731
4555,0.043307770043611526,,1995.8118872642517,85.62903332710266
4556,0.043399959802627563,,1996.2460978031158,85.64397621154785
4557,0.04308263584971428,,1996.6842527389526,85.65892958641052
4558,0.04296458512544632,,1997.116466999054,85.67386674880981
4559,0.04339693486690521,,1997.5497524738312,85.68882703781128
4560,0.04362497478723526,,1997.9844706058502,85.70376992225647
4561,0.04415779560804367,,1998.4168047904968,85.71873116493225
4562,0.04409002885222435,,1998.850135564804,85.73367762565613
4563,0.0440225675702095,,1999.284716129303,85.74862313270569
4564,0.04334999993443489,,1999.7165026664734,85.76358079910278
4565,0.043897341936826706,,2000.1502559185028,85.77853441238403
4566,0.043951939791440964,,2000.5855479240417,85.79347848892212
4567,0.043909016996622086,,2001.0192067623138,85.80841755867004
4568,0.043760158121585846,,2001.4526760578156,85.82336020469666
4569,0.04461689293384552,,2001.886307001114,85.83831429481506
4570,0.04538621008396149,,2002.3202459812164,85.85329055786133
4571,0.04570472985506058,,2002.753483057022,85.86823678016663
4572,0.04461512714624405,,2003.187962770462,85.88319373130798
4573,0.04509151726961136,,2003.6224963665009,85.89815735816956
4574,0.044179145246744156,,2004.0559041500092,85.91310548782349
4575,0.04390624538064003,,2004.487869501114,85.92805933952332
4576,0.04362636059522629,,2004.922480583191,85.94303131103516
4577,0.044173091650009155,,2005.3548996448517,85.95798635482788
4578,0.04401439055800438,,2005.7888379096985,85.97292709350586
4579,0.045600321143865585,,2006.2215509414673,85.98785829544067
4580,0.04429269954562187,,2006.6522743701935,86.0028190612793
4581,0.04376731812953949,,2007.085795879364,86.01776385307312
4582,0.04398230463266373,,2007.519415140152,86.03271722793579
4583,0.045385003089904785,,2007.9530582427979,86.04765343666077
4584,0.04382913187146187,,2008.3871142864227,86.06261157989502
4585,0.043862368911504745,,2008.8214328289032,86.07756280899048
4586,0.043831948190927505,,2009.2549331188202,86.0925042629242
4587,0.044067203998565674,,2009.6892669200897,86.10744452476501
4588,0.043870121240615845,,2010.1225786209106,86.12239241600037
4589,0.04386153072118759,,2010.5545825958252,86.13733530044556
4590,0.04420984163880348,,2010.9897096157074,86.1522753238678
4591,0.04398631304502487,,2011.4230449199677,86.16721987724304
4592,0.0445348285138607,,2011.8574771881104,86.18217182159424
4593,0.04381242021918297,,2012.2901434898376,86.19712710380554
4594,0.04396718367934227,,2012.7238104343414,86.21207523345947
4595,0.044724512845277786,,2013.1550056934357,86.22703051567078
4596,0.043817732483148575,,2013.5897805690765,86.24198985099792
4597,0.044183675199747086,,2014.0237464904785,86.25694394111633
4598,0.04375626891851425,,2014.4575910568237,86.27189683914185
4599,0.04416487365961075,,2014.889498949051,86.28684210777283
4600,0.04422442242503166,,2015.5423147678375,86.3017840385437
4601,0.044167663902044296,,2015.9769508838654,86.31672763824463
4602,0.044861309230327606,,2016.4092547893524,86.33166909217834
4603,0.04464636743068695,,2016.8414463996887,86.34661793708801
4604,0.04388698190450668,,2017.2751514911652,86.36156511306763
4605,0.04472845047712326,,2017.7081768512726,86.37650394439697
4606,0.04408473148941994,,2018.1415932178497,86.39145088195801
4607,0.04393403232097626,,2018.5758192539215,86.40640830993652
4608,0.043798673897981644,,2019.008954524994,86.42136979103088
4609,0.04392527788877487,,2019.440893650055,86.43632078170776
4610,0.043978944420814514,,2019.8738424777985,86.4512460231781
4611,0.0444546602666378,,2020.3070886135101,86.46620321273804
4612,0.04461605101823807,,2020.7388997077942,86.48114705085754
4613,0.04473203793168068,,2021.172022819519,86.49607992172241
4614,0.04520386457443237,,2021.6048038005829,86.51101398468018
4615,0.04459495097398758,,2022.0382165908813,86.52597332000732
4616,0.043900810182094574,,2022.4723589420319,86.54092741012573
4617,0.045430537313222885,,2022.9053089618683,86.5558693408966
4618,0.044135380536317825,,2023.3351743221283,86.5708236694336
4619,0.04402698203921318,,2023.7674667835236,86.58575963973999
4620,0.04466617852449417,,2024.1994524002075,86.60070419311523
4621,0.0443732850253582,,2024.6337623596191,86.6156554222107
4622,0.04386400058865547,,2025.0678052902222,86.63058972358704
4623,0.04381681978702545,,2025.501431941986,86.64554023742676
4624,0.04375408589839935,,2025.9345288276672,86.66048622131348
4625,0.04407921060919762,,2026.367779493332,86.67542219161987
4626,0.04441555216908455,,2026.804319858551,86.69037556648254
4627,0.044485438615083694,,2027.2371664047241,86.70535397529602
4628,0.04339897260069847,,2027.671793937683,86.72030186653137
4629,0.043689366430044174,,2028.1054394245148,86.73526263237
4630,0.04396144300699234,,2028.5382242202759,86.75019955635071
4631,0.04379851743578911,,2028.9727792739868,86.76513934135437
4632,0.044200729578733444,,2029.4050333499908,86.78008508682251
4633,0.04435937851667404,,2029.8379888534546,86.79501962661743
4634,0.04503456503152847,,2030.270358324051,86.80994844436646
4635,0.04451147839426994,,2030.7039210796356,86.82489776611328
4636,0.04455147311091423,,2031.1378817558289,86.83985328674316
4637,0.043959613889455795,,2031.571058511734,86.85479927062988
4638,0.04367155581712723,,2032.0044779777527,86.86973857879639
4639,0.04337938502430916,,2032.4381022453308,86.88468480110168
4640,0.04365459457039833,,2032.8721358776093,86.89963126182556
4641,0.045990731567144394,,2033.3061060905457,86.91456747055054
4642,0.04377450421452522,,2033.738723039627,86.92951011657715
4643,0.043637506663799286,,2034.1713235378265,86.9444591999054
4644,0.04372024908661842,,2034.605337381363,86.95940256118774
4645,0.04380469024181366,,2035.037389755249,86.97435331344604
4646,0.043477267026901245,,2035.469150543213,86.98928737640381
4647,0.04329153522849083,,2035.902007818222,87.00423431396484
4648,0.04417699947953224,,2036.3345413208008,87.0191822052002
4649,0.04428901523351669,,2036.767643213272,87.03412199020386
4650,0.043614353984594345,,2037.4217286109924,87.04907131195068
4651,0.04655813053250313,,2037.855563879013,87.06402397155762
4652,0.04412072151899338,,2038.2889618873596,87.0789647102356
4653,0.043809182941913605,,2038.72177028656,87.093909740448
4654,0.04325372725725174,,2039.153700351715,87.10885977745056
4655,0.04303449019789696,,2039.5871016979218,87.12381148338318
4656,0.043038260191679,,2040.0199990272522,87.1387460231781
4657,0.0431494377553463,,2040.4544084072113,87.15369248390198
4658,0.04324540123343468,,2040.8874847888947,87.16862607002258
4659,0.043223343789577484,,2041.3209283351898,87.18357968330383
4660,0.043132662773132324,,2041.755696773529,87.1985228061676
4661,0.04400431364774704,,2042.1886994838715,87.21345520019531
4662,0.04327921196818352,,2042.621752023697,87.22842264175415
4663,0.043401215225458145,,2043.0545814037323,87.2433774471283
4664,0.043230436742305756,,2043.488163471222,87.25832962989807
4665,0.04305943101644516,,2043.9236192703247,87.27326846122742
4666,0.04362339526414871,,2044.358641386032,87.28820872306824
4667,0.044518180191516876,,2044.788923740387,87.3031599521637
4668,0.04444662109017372,,2045.2222216129303,87.31809377670288
4669,0.04391459748148918,,2045.655616760254,87.3330295085907
4670,0.044119421392679214,,2046.089257478714,87.34797477722168
4671,0.044246967881917953,,2046.5243892669678,87.36292219161987
4672,0.04360729455947876,,2046.9592869281769,87.37785458564758
4673,0.04411216452717781,,2047.3941533565521,87.39278793334961
4674,0.04366886988282204,,2047.8274726867676,87.40772891044617
4675,0.04386095330119133,,2048.2596504688263,87.42267155647278
4676,0.04448411241173744,,2048.692267179489,87.43761467933655
4677,0.04447420686483383,,2049.1243686676025,87.45255327224731
4678,0.04368089139461517,,2049.559276342392,87.46749138832092
4679,0.043984025716781616,,2049.9937834739685,87.4824423789978
4680,0.04325147718191147,,2050.4267740249634,87.49739003181458
4681,0.04453039914369583,,2050.8599820137024,87.51232862472534
4682,0.04324318841099739,,2051.2927119731903,87.52728390693665
4683,0.04321647807955742,,2051.7261781692505,87.5422306060791
4684,0.043533653020858765,,2052.1601350307465,87.55717515945435
4685,0.04320146515965462,,2052.592815876007,87.57212257385254
4686,0.04248517006635666,,2053.027113676071,87.58706331253052
4687,0.042642991989851,,2053.4618513584137,87.60200023651123
4688,0.04286858066916466,,2053.8955788612366,87.6169421672821
4689,0.042922697961330414,,2054.329329252243,87.63187336921692
4690,0.04455002769827843,,2054.763936281204,87.64683961868286
4691,0.04351157322525978,,2055.1972572803497,87.66178226470947
4692,0.04521239176392555,,2055.6308670043945,87.67671298980713
4693,0.044300563633441925,,2056.065233230591,87.69164824485779
4694,0.04375063255429268,,2056.4982199668884,87.7065896987915
4695,0.04434933513402939,,2056.930652856827,87.72152876853943
4696,0.04346074163913727,,2057.3657689094543,87.73647284507751
4697,0.043022025376558304,,2057.796917438507,87.7514021396637
4698,0.042836643755435944,,2058.230231285095,87.76634907722473
4699,0.04365197941660881,,2058.665127515793,87.78131103515625
4700,0.04312167689204216,,2059.3192522525787,87.79624080657959
4701,0.04298677295446396,,2059.752896308899,87.81118679046631
4702,0.043166957795619965,,2060.1857974529266,87.82612919807434
4703,0.043542709201574326,,2060.6192965507507,87.84107542037964
4704,0.04369695484638214,,2061.0536663532257,87.85600924491882
4705,0.04424199461936951,,2061.486527442932,87.87098431587219
4706,0.04540374502539635,,2061.918336391449,87.88592338562012
4707,0.045138102024793625,,2062.3509476184845,87.90087556838989
4708,0.04530314728617668,,2062.783984184265,87.9158124923706
4709,0.04315248504281044,,2063.2154302597046,87.93076801300049
4710,0.04313161224126816,,2063.648822784424,87.94572257995605
4711,0.04265930503606796,,2064.082694530487,87.9606580734253
4712,0.043041862547397614,,2064.516898393631,87.97558379173279
4713,0.04329638183116913,,2064.951106071472,87.9905219078064
4714,0.04335630685091019,,2065.3845674991608,88.0054702758789
4715,0.04304935783147812,,2065.816821575165,88.02041101455688
4716,0.04336518049240112,,2066.2501080036163,88.03536105155945
4717,0.04272986203432083,,2066.6838183403015,88.05030131340027
4718,0.04244726896286011,,2067.116957426071,88.06526756286621
4719,0.04248293116688728,,2067.5503556728363,88.0802354812622
4720,0.04284166544675827,,2067.983422756195,88.09518814086914
4721,0.042793720960617065,,2068.4192922115326,88.11014437675476
4722,0.04337374493479729,,2068.8530361652374,88.12509751319885
4723,0.043004460632801056,,2069.286197900772,88.14004588127136
4724,0.04300442710518837,,2069.7197740077972,88.15499591827393
4725,0.042595379054546356,,2070.1536133289337,88.16992688179016
4726,0.043319735676050186,,2070.5848410129547,88.1848680973053
4727,0.042607568204402924,,2071.0160953998566,88.19982028007507
4728,0.0442403145134449,,2071.4499793052673,88.21476292610168
4729,0.04370405152440071,,2071.8790884017944,88.22972917556763
4730,0.044810034334659576,,2072.3091995716095,88.24468517303467
4731,0.043073639273643494,,2072.7429354190826,88.25964283943176
4732,0.04364940524101257,,2073.1753389835358,88.2745897769928
4733,0.04344587028026581,,2073.608781337738,88.28954339027405
4734,0.04239983111619949,,2074.0425837039948,88.30449962615967
4735,0.042798832058906555,,2074.4732987880707,88.31943821907043
4736,0.04337546229362488,,2074.9064741134644,88.33437848091125
4737,0.04387132450938225,,2075.340384244919,88.34932661056519
4738,0.04382279887795448,,2075.7713346481323,88.36427760124207
4739,0.04330329969525337,,2076.204447031021,88.3792176246643
4740,0.04387454316020012,,2076.638319015503,88.39415121078491
4741,0.043424058705568314,,2077.0717284679413,88.40910291671753
4742,0.0432962030172348,,2077.5051097869873,88.42404961585999
4743,0.04282347112894058,,2077.9389605522156,88.43898677825928
4744,0.042368702590465546,,2078.3723289966583,88.45392370223999
4745,0.0426381379365921,,2078.8045778274536,88.46888709068298
4746,0.04338689520955086,,2079.238256454468,88.48383855819702
4747,0.04258588328957558,,2079.6719670295715,88.49879240989685
4748,0.04290996864438057,,2080.1051847934723,88.51373934745789
4749,0.04258161038160324,,2080.5399873256683,88.52869391441345
4750,0.04342557489871979,,2081.193830728531,88.54364657402039
4751,0.04315341264009476,,2081.628269433975,88.55859231948853
4752,0.042973458766937256,,2082.059816837311,88.57354354858398
4753,0.042333099991083145,,2082.49209356308,88.58849239349365
4754,0.042693592607975006,,2082.926146507263,88.60344934463501
4755,0.042686134576797485,,2083.359537601471,88.61839842796326
4756,0.04292838275432587,,2083.791889190674,88.63334631919861
4757,0.04223986715078354,,2084.2254617214203,88.64828896522522
4758,0.04326663911342621,,2084.658155441284,88.66323184967041
4759,0.04316909611225128,,2085.0912437438965,88.67818284034729
4760,0.04341357201337814,,2085.527181863785,88.69311618804932
4761,0.04244380071759224,,2085.962072134018,88.70806837081909
4762,0.04254939779639244,,2086.39582490921,88.72301316261292
4763,0.0422818697988987,,2086.830069541931,88.73796391487122
4764,0.04222630709409714,,2087.2631418704987,88.7529034614563
4765,0.04219652712345123,,2087.69642663002,88.76786255836487
4766,0.042384494096040726,,2088.1317834854126,88.78282165527344
4767,0.04213542491197586,,2088.5657608509064,88.79777073860168
4768,0.04210154339671135,,2088.9991261959076,88.81271457672119
4769,0.04218664765357971,,2089.4333379268646,88.82767081260681
4770,0.042150769382715225,,2089.865715742111,88.8426206111908
4771,0.04259781911969185,,2090.2987473011017,88.85756230354309
4772,0.04297713190317154,,2090.732881307602,88.8725073337555
4773,0.042170532047748566,,2091.164409160614,88.88746047019958
4774,0.043107494711875916,,2091.598155975342,88.90238952636719
4775,0.042437706142663956,,2092.032562017441,88.91732907295227
4776,0.04320213198661804,,2092.4665756225586,88.9322669506073
4777,0.04384686052799225,,2092.9001212120056,88.94722032546997
4778,0.04411109909415245,,2093.3334419727325,88.96216678619385
4779,0.043705981224775314,,2093.7660706043243,88.97710490226746
4780,0.04439522698521614,,2094.1986317634583,88.99206376075745
4781,0.04370889812707901,,2094.6342804431915,89.00701808929443
4782,0.04413285478949547,,2095.0684030056,89.02194929122925
4783,0.04299847409129143,,2095.5014567375183,89.03688025474548
4784,0.04214376211166382,,2095.9348826408386,89.05183172225952
4785,0.04273439943790436,,2096.3679094314575,89.06678032875061
4786,0.042155928909778595,,2096.8012804985046,89.08172106742859
4787,0.042331140488386154,,2097.235392808914,89.09664916992188
4788,0.04310651123523712,,2097.667791366577,89.11159586906433
4789,0.04338688775897026,,2098.100773334503,89.12654399871826
4790,0.04311514273285866,,2098.5344245433807,89.14147424697876
4791,0.04488152638077736,,2098.968454360962,89.15641331672668
4792,0.04253565892577171,,2099.400874376297,89.17136645317078
4793,0.04506878927350044,,2099.8350965976715,89.18632435798645
4794,0.0434105284512043,,2100.269415616989,89.20127463340759
4795,0.0431816503405571,,2100.703582048416,89.21619725227356
4796,0.04262526333332062,,2101.137047767639,89.2311463356018
4797,0.04272983595728874,,2101.569728374481,89.24607610702515
4798,0.04247948154807091,,2102.003319501877,89.2609965801239
4799,0.04336622357368469,,2102.438695192337,89.27594065666199
4800,0.04214783012866974,,2103.092230319977,89.29087948799133
4801,0.04392322152853012,,2103.5268671512604,89.305823802948
4802,0.04220966994762421,,2103.959839820862,89.32075357437134
4803,0.04305389150977135,,2104.392457962036,89.33571696281433
4804,0.04376843199133873,,2104.8269119262695,89.35064744949341
4805,0.04293164983391762,,2105.2602310180664,89.36558675765991
4806,0.042612507939338684,,2105.6933467388153,89.38050079345703
4807,0.042445942759513855,,2106.1276772022247,89.39545369148254
4808,0.04248874634504318,,2106.5618879795074,89.41039562225342
4809,0.04210855811834335,,2106.995682954788,89.4253442287445
4810,0.042133647948503494,,2107.4282999038696,89.44028973579407
4811,0.042106904089450836,,2107.85981798172,89.45523309707642
4812,0.041972171515226364,,2108.29292345047,89.47016763687134
4813,0.04234626516699791,,2108.7262008190155,89.48510217666626
4814,0.0421309769153595,,2109.1597945690155,89.50003910064697
4815,0.04238162562251091,,2109.591921567917,89.51496982574463
4816,0.04251827299594879,,2110.0257189273834,89.5299243927002
4817,0.042420390993356705,,2110.458634853363,89.5448477268219
4818,0.04234033077955246,,2110.8921875953674,89.55978798866272
4819,0.04501023143529892,,2111.326283454895,89.5747299194336
4820,0.042043447494506836,,2111.7592556476593,89.58967781066895
4821,0.04207082465291023,,2112.192181825638,89.60463213920593
4822,0.042153578251600266,,2112.6304275989532,89.61957311630249
4823,0.04329347983002663,,2113.061759710312,89.63451719284058
4824,0.04247353971004486,,2113.4964323043823,89.64947533607483
4825,0.04513966292142868,,2113.930787563324,89.6644139289856
4826,0.04277576133608818,,2114.3624737262726,89.67934608459473
4827,0.04251120239496231,,2114.7958676815033,89.6942982673645
4828,0.043408360332250595,,2115.22927570343,89.70924162864685
4829,0.044948969036340714,,2115.662607192993,89.72418451309204
4830,0.042681653052568436,,2116.095485687256,89.7391471862793
4831,0.042246848344802856,,2116.5318467617035,89.75409364700317
4832,0.04186518117785454,,2116.9647426605225,89.76905083656311
4833,0.04172929748892784,,2117.3986206054688,89.78400659561157
4834,0.042158570140600204,,2117.8325016498566,89.79893732070923
4835,0.04224853217601776,,2118.271210670471,89.81389260292053
4836,0.04198560491204262,,2118.7044723033905,89.82883286476135
4837,0.04375724121928215,,2119.1383907794952,89.84377598762512
4838,0.04304651916027069,,2119.5713069438934,89.85871505737305
4839,0.04313310608267784,,2120.006021976471,89.87365651130676
4840,0.042407743632793427,,2120.440880060196,89.88862037658691
4841,0.042427632957696915,,2120.872162103653,89.90355443954468
4842,0.04199647530913353,,2121.3063073158264,89.91848301887512
4843,0.04239451140165329,,2121.7390129566193,89.93339920043945
4844,0.042211174964904785,,2122.170961380005,89.94834923744202
4845,0.04198409989476204,,2122.603718996048,89.96328902244568
4846,0.04160020500421524,,2123.037803173065,89.97824215888977
4847,0.04179459065198898,,2123.469615459442,89.99320387840271
4848,0.04240673407912254,,2123.9011788368225,90.00814390182495
4849,0.042023830115795135,,2124.3341245651245,90.02308320999146
4850,0.04265963286161423,,2124.985442638397,90.03802990913391
4851,0.042569343000650406,,2125.4197912216187,90.05297660827637
4852,0.04267553985118866,,2125.8530852794647,90.06792140007019
4853,0.04227127134799957,,2126.286136865616,90.08286643028259
4854,0.041985537856817245,,2126.721509695053,90.09781241416931
4855,0.04335526376962662,,2127.1549847126007,90.11275672912598
4856,0.043447498232126236,,2127.5883827209473,90.1276912689209
4857,0.043700478971004486,,2128.020909547806,90.14262318611145
4858,0.04192166030406952,,2128.452692747116,90.15756583213806
4859,0.04224281758069992,,2128.8845188617706,90.1725103855133
4860,0.0430724136531353,,2129.3206067085266,90.18745398521423
4861,0.04219445213675499,,2129.754517555237,90.2023868560791
4862,0.04229111596941948,,2130.185208082199,90.21732473373413
4863,0.04276063293218613,,2130.620150566101,90.23228406906128
4864,0.04219778999686241,,2131.0538918972015,90.24722647666931
4865,0.044155869632959366,,2131.4871451854706,90.26217436790466
4866,0.042793963104486465,,2131.919230699539,90.27711486816406
4867,0.0420009046792984,,2132.352234363556,90.29205918312073
4868,0.0420030876994133,,2132.7858741283417,90.30700182914734
4869,0.04303736984729767,,2133.219465494156,90.32195615768433
4870,0.041856639087200165,,2133.652936697006,90.33691263198853
4871,0.04181887209415436,,2134.0857145786285,90.35186076164246
4872,0.04209943115711212,,2134.5197389125824,90.3667950630188
4873,0.04236188158392906,,2134.9528815746307,90.38175106048584
4874,0.04199306294322014,,2135.384177207947,90.39670872688293
4875,0.04264605790376663,,2135.818834066391,90.41166663169861
4876,0.04158501327037811,,2136.2517323493958,90.4266107082367
4877,0.041978009045124054,,2136.682200908661,90.44156193733215
4878,0.043564166873693466,,2137.1175751686096,90.45652055740356
4879,0.04242989420890808,,2137.5505661964417,90.47148013114929
4880,0.04377542436122894,,2137.9851562976837,90.48641157150269
4881,0.042617786675691605,,2138.42103767395,90.50135517120361
4882,0.04285913705825806,,2138.8542716503143,90.5162878036499
4883,0.04291921854019165,,2139.292762517929,90.5312340259552
4884,0.041903018951416016,,2139.7267570495605,90.54616904258728
4885,0.04236402362585068,,2140.1574156284332,90.56113290786743
4886,0.041747067123651505,,2140.591164588928,90.57607817649841
4887,0.04176248237490654,,2141.0259613990784,90.59103560447693
4888,0.042333878576755524,,2141.457501888275,90.60596537590027
4889,0.04177725315093994,,2141.891559123993,90.62091970443726
4890,0.04249808192253113,,2142.324259996414,90.63586735725403
4891,0.041617631912231445,,2142.7578959465027,90.65079283714294
4892,0.041918396949768066,,2143.1908099651337,90.66573214530945
4893,0.04184252768754959,,2143.6252841949463,90.68067479133606
4894,0.04160561412572861,,2144.0592625141144,90.69561886787415
4895,0.04271519556641579,,2144.4937405586243,90.71057200431824
4896,0.042045459151268005,,2144.9265344142914,90.72550988197327
4897,0.04220035299658775,,2145.357142686844,90.74046063423157
4898,0.04177120327949524,,2145.791226387024,90.75543808937073
4899,0.04164824262261391,,2146.2250516414642,90.77039837837219
4900,0.04165227338671684,,2146.87735581398,90.78534054756165
4901,0.042193811386823654,,2147.311215400696,90.80029916763306
4902,0.04168793559074402,,2147.7435228824615,90.81524991989136
4903,0.04180304333567619,,2148.176480770111,90.83021759986877
4904,0.04230252280831337,,2148.609457015991,90.84516668319702
4905,0.04219156876206398,,2149.0421273708344,90.86010241508484
4906,0.04213988780975342,,2149.474286556244,90.87504649162292
4907,0.04181155934929848,,2149.9079928398132,90.89000153541565
4908,0.04294036701321602,,2150.3419277668,90.90493321418762
4909,0.04326988011598587,,2150.7752497196198,90.91988563537598
4910,0.043053604662418365,,2151.2094881534576,90.93483185768127
4911,0.042890436947345734,,2151.641161441803,90.94977068901062
4912,0.04208012670278549,,2152.0752389431,90.96470952033997
4913,0.04216939955949783,,2152.5093762874603,90.97965812683105
4914,0.04264354705810547,,2152.9428250789642,90.99461150169373
4915,0.04330549016594887,,2153.3762357234955,91.00955581665039
4916,0.04383808746933937,,2153.808082342148,91.02449321746826
4917,0.04335840046405792,,2154.24129486084,91.03943490982056
4918,0.04195043817162514,,2154.674854516983,91.0543920993805
4919,0.04264407977461815,,2155.1095747947693,91.06934094429016
4920,0.04216379299759865,,2155.5434868335724,91.08427810668945
4921,0.04258120059967041,,2155.9746737480164,91.09922170639038
4922,0.0416749082505703,,2156.4081089496613,91.11417198181152
4923,0.04186595231294632,,2156.8424916267395,91.12911891937256
4924,0.04232552647590637,,2157.2752661705017,91.1440486907959
4925,0.04229341074824333,,2157.707226037979,91.15899562835693
4926,0.041609667241573334,,2158.140108346939,91.17394542694092
4927,0.04226931184530258,,2158.5728652477264,91.18888211250305
4928,0.04271465167403221,,2159.006150484085,91.20380973815918
4929,0.04334298148751259,,2159.440327644348,91.21875882148743
4930,0.04392450675368309,,2159.871854543686,91.23370933532715
4931,0.04438696801662445,,2160.306257009506,91.2486686706543
4932,0.04335604980587959,,2160.7395124435425,91.26360011100769
4933,0.04183131828904152,,2161.172666311264,91.27855777740479
4934,0.041663359850645065,,2161.606345653534,91.29350733757019
4935,0.041750069707632065,,2162.0398263931274,91.30845022201538
4936,0.04262230172753334,,2162.471991300583,91.32338643074036
4937,0.0421164445579052,,2162.904934644699,91.33833336830139
4938,0.04182898998260498,,2163.3382120132446,91.35328102111816
4939,0.04132535681128502,,2163.7711815834045,91.36821460723877
4940,0.04195725917816162,,2164.205483675003,91.3831558227539
4941,0.042497582733631134,,2164.63916516304,91.39810967445374
4942,0.04301554337143898,,2165.0720534324646,91.41305804252625
4943,0.042541805654764175,,2165.5052030086517,91.42799758911133
4944,0.04178450256586075,,2165.939900636673,91.4429521560669
4945,0.04167189821600914,,2166.3726286888123,91.45790481567383
4946,0.04225016385316849,,2166.8054378032684,91.47285962104797
4947,0.04253757745027542,,2167.2381341457367,91.48780488967896
4948,0.04222264140844345,,2167.670191526413,91.50273776054382
4949,0.042706117033958435,,2168.104570388794,91.51768565177917
4950,0.04239354282617569,,2168.758083343506,91.53263664245605
4951,0.042980343103408813,,2169.190357685089,91.54758024215698
4952,0.04220880568027496,,2169.6243851184845,91.56252527236938
4953,0.04278228059411049,,2170.0575053691864,91.57747650146484
4954,0.04270070046186447,,2170.4921550750732,91.59242653846741
4955,0.042775627225637436,,2170.9252490997314,91.60737800598145
4956,0.04311070963740349,,2171.357664823532,91.622318983078
4957,0.04318983852863312,,2171.790298461914,91.63725233078003
4958,0.0443020761013031,,2172.222778558731,91.65219449996948
4959,0.04471965506672859,,2172.653971195221,91.6671199798584
4960,0.04353436082601547,,2173.0871591567993,91.68206882476807
4961,0.04269463196396828,,2173.5212256908417,91.69701504707336
4962,0.04176362231373787,,2173.9540264606476,91.71196389198303
4963,0.04237378388643265,,2174.388376712799,91.72690892219543
4964,0.041878849267959595,,2174.822787284851,91.74184083938599
4965,0.042309392243623734,,2175.256993532181,91.75678634643555
4966,0.042427368462085724,,2175.69065284729,91.77173233032227
4967,0.042773447930812836,,2176.1248989105225,91.78664684295654
4968,0.04325907304883003,,2176.5579931735992,91.80159759521484
4969,0.04376602545380592,,2176.9915096759796,91.81654024124146
4970,0.043911539018154144,,2177.423017501831,91.83148837089539
4971,0.04290510714054108,,2177.853902578354,91.84643292427063
4972,0.041697438806295395,,2178.2873315811157,91.86138963699341
4973,0.04164985567331314,,2178.719085454941,91.87633633613586
4974,0.042227163910865784,,2179.1507654190063,91.89127850532532
4975,0.042097024619579315,,2179.584169626236,91.90622186660767
4976,0.04170766472816467,,2180.016777276993,91.92117214202881
4977,0.04153976961970329,,2180.4507989883423,91.93613290786743
4978,0.04170164465904236,,2180.885071516037,91.95105957984924
4979,0.042403195053339005,,2181.3208587169647,91.96600389480591
4980,0.041593391448259354,,2181.753565311432,91.98095536231995
4981,0.042024724185466766,,2182.1880719661713,91.99589800834656
4982,0.04184044897556305,,2182.6218972206116,92.01084160804749
4983,0.04195684939622879,,2183.0551569461823,92.02581810951233
4984,0.04202999547123909,,2183.4901735782623,92.04076766967773
4985,0.04134183004498482,,2183.922173500061,92.05571842193604
4986,0.042051397264003754,,2184.355926513672,92.07067370414734
4987,0.04187322407960892,,2184.788887023926,92.08563995361328
4988,0.04145309329032898,,2185.221547603607,92.10057520866394
4989,0.04221125319600105,,2185.6586170196533,92.11552667617798
4990,0.04150667041540146,,2186.0939979553223,92.1304702758789
4991,0.04222148284316063,,2186.5280570983887,92.14540791511536
4992,0.04240867495536804,,2186.961510658264,92.16036128997803
4993,0.04199187085032463,,2187.395831346512,92.17530846595764
4994,0.04181233048439026,,2187.828728199005,92.1902527809143
4995,0.04350515827536583,,2188.260940551758,92.20519542694092
4996,0.04337621480226517,,2188.6954102516174,92.22014307975769
4997,0.04255335032939911,,2189.128432750702,92.2351016998291
4998,0.04242430999875069,,2189.563619375229,92.25004625320435
4999,0.0420549139380455,,2189.9978704452515,92.26499032974243
5000,0.042129334062337875,-0.0016981567023321986,2190.651673555374,94.02015399932861
5001,0.04196207970380783,,2191.085037946701,94.03511619567871
5002,0.042650364339351654,,2191.516823530197,94.05006909370422
5003,0.042515698820352554,,2191.946314096451,94.06501913070679
5004,0.04190012067556381,,2192.380209207535,94.07996821403503
5005,0.04217282310128212,,2192.8136327266693,94.0949296951294
5006,0.04188647121191025,,2193.245591878891,94.10987782478333
5007,0.041987232863903046,,2193.6798388957977,94.12480807304382
5008,0.04245103895664215,,2194.113037586212,94.13975381851196
5009,0.042529426515102386,,2194.5462832450867,94.15468692779541
5010,0.04205584153532982,,2194.9790556430817,94.16963028907776
5011,0.042451199144124985,,2195.4111382961273,94.18457269668579
5012,0.04250877723097801,,2195.84703373909,94.19954872131348
5013,0.04193456470966339,,2196.2805523872375,94.21448516845703
5014,0.042058587074279785,,2196.7137167453766,94.22941446304321
5015,0.04222418740391731,,2197.1475596427917,94.24435949325562
5016,0.04184567183256149,,2197.581171989441,94.25930976867676
5017,0.04227784648537636,,2198.014192342758,94.27425122261047
5018,0.04241440072655678,,2198.447280883789,94.28919458389282
5019,0.04306221380829811,,2198.8798654079437,94.3041422367096
5020,0.04228515923023224,,2199.3118205070496,94.31910014152527
5021,0.04236146807670593,,2199.7448506355286,94.33402466773987
5022,0.042794786393642426,,2200.1771070957184,94.34896516799927
5023,0.04228115454316139,,2200.610707759857,94.36392450332642
5024,0.04199621081352234,,2201.0449051856995,94.37887692451477
5025,0.042123131453990936,,2201.4770843982697,94.39381718635559
5026,0.042575206607580185,,2201.9108753204346,94.4087541103363
5027,0.042641665786504745,,2202.342472076416,94.42370247840881
5028,0.04255149886012077,,2202.7769770622253,94.43864583969116
5029,0.042227957397699356,,2203.2110464572906,94.4535903930664
5030,0.04224931821227074,,2203.6444692611694,94.46853756904602
5031,0.042200591415166855,,2204.0774269104004,94.4834942817688
5032,0.041811224073171616,,2204.5107386112213,94.49844360351562
5033,0.042727112770080566,,2204.9444591999054,94.51338028907776
5034,0.04342002421617508,,2205.3760147094727,94.52832579612732
5035,0.04220051318407059,,2205.8088817596436,94.54328489303589
5036,0.042626094073057175,,2206.2426793575287,94.55825066566467
5037,0.04245012626051903,,2206.676117658615,94.57319188117981
5038,0.04270744323730469,,2207.1086132526398,94.58810925483704
5039,0.0426943339407444,,2207.542207479477,94.60305333137512
5040,0.042386166751384735,,2207.976596593857,94.61803364753723
5041,0.04262147098779678,,2208.410186767578,94.63298153877258
5042,0.04249431937932968,,2208.843162059784,94.64791822433472
5043,0.04258279129862785,,2209.2767276763916,94.6628725528717
5044,0.04239285737276077,,2209.7099969387054,94.67783617973328
5045,0.04206998273730278,,2210.144167661667,94.69278502464294
5046,0.0420457124710083,,2210.5777304172516,94.70773386955261
5047,0.04196774959564209,,2211.0111207962036,94.72267460823059
5048,0.04233859106898308,,2211.444083929062,94.737633228302
5049,0.043270643800497055,,2211.877281188965,94.75258326530457
5050,0.043167274445295334,,2212.5307426452637,94.76753973960876
5051,0.04189550131559372,,2212.9647278785706,94.7824935913086
5052,0.041790641844272614,,2213.3980338573456,94.79742765426636
5053,0.042952101677656174,,2213.8315868377686,94.81237435340881
5054,0.04249372333288193,,2214.265960216522,94.8273253440857
5055,0.04207060858607292,,2214.702594280243,94.84228086471558
5056,0.0419204905629158,,2215.136372089386,94.85721373558044
5057,0.04340222850441933,,2215.569603204727,94.87216114997864
5058,0.04211414232850075,,2216.0023634433746,94.8871214389801
5059,0.043197549879550934,,2216.4361946582794,94.90206623077393
5060,0.04303935542702675,,2216.870928287506,94.91700434684753
5061,0.042002711445093155,,2217.304969072342,94.93195271492004
5062,0.042100001126527786,,2217.7384889125824,94.94692397117615
5063,0.04294731467962265,,2218.173713684082,94.96187973022461
5064,0.042180098593235016,,2218.605345249176,94.97681999206543
5065,0.04220983013510704,,2219.0402042865753,94.9917528629303
5066,0.04214339703321457,,2219.4743700027466,95.00668811798096
5067,0.04472019523382187,,2219.9069299697876,95.021648645401
5068,0.04263816028833389,,2220.340903520584,95.03661298751831
5069,0.04266383871436119,,2220.775509595871,95.05155873298645
5070,0.04284205287694931,,2221.209226131439,95.06651401519775
5071,0.04243272542953491,,2221.6427335739136,95.0814619064331
5072,0.042325716465711594,,2222.0745906829834,95.09641647338867
5073,0.04261259362101555,,2222.5073318481445,95.11136627197266
5074,0.04224728047847748,,2222.939692258835,95.1263153553009
5075,0.042426835745573044,,2223.3744451999664,95.14126896858215
5076,0.0426892526447773,,2223.8082959651947,95.15622472763062
5077,0.042032189667224884,,2224.2413923740387,95.17116284370422
5078,0.042280834168195724,,2224.6736738681793,95.18610668182373
5079,0.04291590675711632,,2225.108916282654,95.20104455947876
5080,0.04299983009696007,,2225.542008161545,95.21597361564636
5081,0.04260394349694252,,2225.9756536483765,95.23092651367188
5082,0.042413514107465744,,2226.4096281528473,95.24586844444275
5083,0.04257821664214134,,2226.8410444259644,95.26081705093384
5084,0.04217352718114853,,2227.27353143692,95.27577447891235
5085,0.04280989617109299,,2227.7071719169617,95.29071092605591
5086,0.043187711387872696,,2228.1405415534973,95.30565476417542
5087,0.04301029071211815,,2228.574986219406,95.32060766220093
5088,0.042816344648599625,,2229.0075244903564,95.33554363250732
5089,0.04209424927830696,,2229.441730737686,95.35049295425415
5090,0.042627476155757904,,2229.875928401947,95.36543369293213
5091,0.04260614886879921,,2230.3100707530975,95.38039374351501
5092,0.04254649952054024,,2230.7473871707916,95.39531660079956
5093,0.0433279350399971,,2231.180552959442,95.41026163101196
5094,0.04200324788689613,,2231.6142184734344,95.42520451545715
5095,0.04216498136520386,,2232.0481033325195,95.44015073776245
5096,0.04203647002577782,,2232.4822392463684,95.45508646965027
5097,0.04258747398853302,,2232.914916038513,95.47002720832825
5098,0.04237835854291916,,2233.3488957881927,95.48496675491333
5099,0.042145173996686935,,2233.783770799637,95.49991464614868
5100,0.042015500366687775,,2234.4384503364563,95.51486015319824
5101,0.042065754532814026,,2234.8723821640015,95.52981448173523
5102,0.043302129954099655,,2235.3038277626038,95.54477334022522
5103,0.042213354259729385,,2235.7366795539856,95.55970931053162
5104,0.043483633548021317,,2236.169741630554,95.57464933395386
5105,0.04214002192020416,,2236.6036937236786,95.58961081504822
5106,0.04199381545186043,,2237.0359041690826,95.60455060005188
5107,0.04230688884854317,,2237.4706523418427,95.61948442459106
5108,0.04349201172590256,,2237.903815507889,95.63442254066467
5109,0.043980520218610764,,2238.3355147838593,95.6493752002716
5110,0.04347209632396698,,2238.7694573402405,95.66431593894958
5111,0.04312354326248169,,2239.2027525901794,95.67923545837402
5112,0.042559631168842316,,2239.6370878219604,95.69417309761047
5113,0.04261770471930504,,2240.0719816684723,95.70911574363708
5114,0.04317412152886391,,2240.505439519882,95.7240936756134
5115,0.04332337528467178,,2240.9388954639435,95.7390353679657
5116,0.04286123067140579,,2241.3729622364044,95.75397491455078
5117,0.04269508644938469,,2241.807503223419,95.76891660690308
5118,0.04366139695048332,,2242.2410893440247,95.78387379646301
5119,0.043308358639478683,,2242.6758348941803,95.79883074760437
5120,0.04237795248627663,,2243.108606338501,95.81377005577087
5121,0.04246963933110237,,2243.541744709015,95.82872438430786
5122,0.0420965775847435,,2243.974621295929,95.84366154670715
5123,0.04238295927643776,,2244.4084706306458,95.85860013961792
5124,0.04296222701668739,,2244.8401687145233,95.87355279922485
5125,0.04217389598488808,,2245.2731671333313,95.88849425315857
5126,0.042119115591049194,,2245.707345724106,95.90344214439392
5127,0.04205719754099846,,2246.140604019165,95.91838526725769
5128,0.0420377291738987,,2246.5744998455048,95.93343091011047
5129,0.04205867648124695,,2247.007545232773,95.94838857650757
5130,0.042430710047483444,,2247.4400889873505,95.9633367061615
5131,0.042016755789518356,,2247.874144077301,95.9782772064209
5132,0.04248155653476715,,2248.306856393814,95.99321937561035
5133,0.04231848940253258,,2248.7401139736176,96.00817513465881
5134,0.042403168976306915,,2249.1750688552856,96.02311992645264
5135,0.042019154876470566,,2249.6082096099854,96.03807044029236
5136,0.04287917539477348,,2250.040916442871,96.05299997329712
5137,0.04275756701827049,,2250.4749307632446,96.06794786453247
5138,0.04230234771966934,,2250.9077355861664,96.08290505409241
5139,0.042474184185266495,,2251.340418577194,96.09784364700317
5140,0.04358475282788277,,2251.77370595932,96.1127872467041
5141,0.04396156594157219,,2252.205595970154,96.12772822380066
5142,0.04256162419915199,,2252.638671398163,96.14266586303711
5143,0.04258732125163078,,2253.0742905139923,96.15760850906372
5144,0.042184751480817795,,2253.5074179172516,96.17254281044006
5145,0.04214547574520111,,2253.941568851471,96.18749070167542
5146,0.04247879236936569,,2254.3754663467407,96.20243740081787
5147,0.0426054447889328,,2254.8081669807434,96.21737933158875
5148,0.043105363845825195,,2255.240691423416,96.23231887817383
5149,0.042446915060281754,,2255.673023700714,96.24727439880371
5150,0.04200097545981407,,2256.3270993232727,96.26221585273743
5151,0.04185008630156517,,2256.7598559856415,96.2771635055542
5152,0.043451420962810516,,2257.1913647651672,96.29211211204529
5153,0.04252628609538078,,2257.622880458832,96.30706977844238
5154,0.042016178369522095,,2258.0570170879364,96.3220067024231
5155,0.04209616407752037,,2258.491309404373,96.33694362640381
5156,0.042069852352142334,,2258.9253838062286,96.35188555717468
5157,0.041801244020462036,,2259.3602352142334,96.36682844161987
5158,0.04177435487508774,,2259.7932364940643,96.38177609443665
5159,0.04148933291435242,,2260.2269101142883,96.3967182636261
5160,0.0428997203707695,,2260.659363746643,96.41166472434998
5161,0.04218462109565735,,2261.0929424762726,96.42664432525635
5162,0.04206280782818794,,2261.5250267982483,96.44160151481628
5163,0.04327839985489845,,2261.9582374095917,96.45652627944946
5164,0.04257707670331001,,2262.391896009445,96.47147154808044
5165,0.04229741916060448,,2262.825194120407,96.48640489578247
5166,0.04184839501976967,,2263.259731054306,96.50133728981018
5167,0.04314236342906952,,2263.6915488243103,96.51629114151001
5168,0.0421442911028862,,2264.1240525245667,96.53124642372131
5169,0.041925519704818726,,2264.558877468109,96.5461974143982
5170,0.04218744859099388,,2264.9923882484436,96.56113815307617
5171,0.042030468583106995,,2265.425329685211,96.57608890533447
5172,0.04273143410682678,,2265.8588330745697,96.59103107452393
5173,0.04249395430088043,,2266.2909750938416,96.60597133636475
5174,0.0426899753510952,,2266.7249472141266,96.62090516090393
5175,0.042621027678251266,,2267.1586163043976,96.63585066795349
5176,0.04212455078959465,,2267.5923800468445,96.65080070495605
5177,0.04302581399679184,,2268.0254385471344,96.66574573516846
5178,0.04291503131389618,,2268.459433078766,96.68068742752075
5179,0.042134132236242294,,2268.893466949463,96.69563555717468
5180,0.04346613213419914,,2269.32728767395,96.71058082580566
5181,0.042129795998334885,,2269.7620463371277,96.72552347183228
5182,0.0420948825776577,,2270.194453239441,96.74046063423157
5183,0.042492855340242386,,2270.628123998642,96.75539302825928
5184,0.042336463928222656,,2271.0637743473053,96.77034449577332
5185,0.04211428761482239,,2271.4956612586975,96.7852942943573
5186,0.041779641062021255,,2271.928105354309,96.8002405166626
5187,0.042208246886730194,,2272.362063884735,96.81517004966736
5188,0.04178731516003609,,2272.794377565384,96.83012056350708
5189,0.04231429472565651,,2273.2253847122192,96.8450813293457
5190,0.04208589717745781,,2273.6565186977386,96.86003422737122
5191,0.04184345901012421,,2274.0896010398865,96.87497544288635
5192,0.042097724974155426,,2274.52295422554,96.8899199962616
5193,0.042033445090055466,,2274.9569840431213,96.90487337112427
5194,0.04276232048869133,,2275.391173839569,96.91981291770935
5195,0.04202663153409958,,2275.824875831604,96.93476676940918
5196,0.041954297572374344,,2276.2598173618317,96.94971179962158
5197,0.0418817438185215,,2276.693784713745,96.96465849876404
5198,0.04185207933187485,,2277.1282002925873,96.97960376739502
5199,0.04156111553311348,,2277.5604865550995,96.99455618858337
5200,0.04246370121836662,,2278.2141032218933,97.0095112323761
5201,0.04185362905263901,,2278.646844625473,97.02444887161255
5202,0.04160512238740921,,2279.0804319381714,97.03939294815063
5203,0.04153069481253624,,2279.5116486549377,97.05433654785156
5204,0.04167740046977997,,2279.945289373398,97.06930017471313
5205,0.04173974692821503,,2280.3812279701233,97.08424854278564
5206,0.04139209911227226,,2280.8152225017548,97.09918236732483
5207,0.04163840040564537,,2281.250123500824,97.11412525177002
5208,0.041694801300764084,,2281.6830587387085,97.12908411026001
5209,0.041853275150060654,,2282.1163182258606,97.14403367042542
5210,0.041756656020879745,,2282.5564670562744,97.15899991989136
5211,0.041751183569431305,,2282.9905025959015,97.17397451400757
5212,0.04184100031852722,,2283.424530029297,97.1889398097992
5213,0.04167204350233078,,2283.8585925102234,97.20388698577881
5214,0.041818227618932724,,2284.2918741703033,97.21882748603821
5215,0.04171726852655411,,2284.7249608039856,97.2337806224823
5216,0.041891634464263916,,2285.1592156887054,97.24873614311218
5217,0.042605210095644,,2285.5917954444885,97.26368641853333
5218,0.04196629300713539,,2286.024998188019,97.27862596511841
5219,0.04229672998189926,,2286.462335586548,97.29356551170349
5220,0.042029522359371185,,2286.8938553333282,97.30851626396179
5221,0.04226888716220856,,2287.3266406059265,97.32345676422119
5222,0.04180851951241493,,2287.7592566013336,97.33841109275818
5223,0.04199422150850296,,2288.1922645568848,97.35335993766785
5224,0.04158242046833038,,2288.6255786418915,97.36831259727478
5225,0.04188493639230728,,2289.0600686073303,97.38325095176697
5226,0.04170016944408417,,2289.4915895462036,97.3981831073761
5227,0.04182927682995796,,2289.922778606415,97.41312980651855
5228,0.04153367877006531,,2290.355053424835,97.42807936668396
5229,0.04169655963778496,,2290.787540912628,97.443039894104
5230,0.042364347726106644,,2291.220808506012,97.45798516273499
5231,0.04188520461320877,,2291.6591379642487,97.47292375564575
5232,0.04203464090824127,,2292.0929996967316,97.48786807060242
5233,0.04170515760779381,,2292.5266687870026,97.50282192230225
5234,0.04157734662294388,,2292.9606263637543,97.51775884628296
5235,0.04130949825048447,,2293.3908693790436,97.532705783844
5236,0.04187461733818054,,2293.8240406513214,97.54765272140503
5237,0.04144435375928879,,2294.256509065628,97.56259250640869
5238,0.041297655552625656,,2294.689616203308,97.57754135131836
5239,0.04210168868303299,,2295.12291431427,97.59248876571655
5240,0.04204694554209709,,2295.5568401813507,97.60743689537048
5241,0.04233333095908165,,2295.990005493164,97.62237000465393
5242,0.04166880249977112,,2296.4207067489624,97.63731503486633
5243,0.041507139801979065,,2296.855192422867,97.65225505828857
5244,0.04181145131587982,,2297.289498090744,97.6672101020813
5245,0.04217949137091637,,2297.7230377197266,97.68217253684998
5246,0.041223835200071335,,2298.156370639801,97.69712281227112
5247,0.04139898344874382,,2298.5865762233734,97.71207571029663
5248,0.042435839772224426,,2299.0187344551086,97.7270176410675
5249,0.04227021709084511,,2299.452665090561,97.74196934700012
5250,0.042007263749837875,,2300.106037378311,97.7569146156311
5251,0.04222037270665169,,2300.5401911735535,97.77186703681946
5252,0.0422370582818985,,2300.9730095863342,97.7868001461029
5253,0.041718970984220505,,2301.4069044589996,97.80175399780273
5254,0.04208691418170929,,2301.840977907181,97.81672310829163
5255,0.0426371693611145,,2302.2803525924683,97.83166527748108
5256,0.042574360966682434,,2302.713119029999,97.84660625457764
5257,0.04347444698214531,,2303.1478655338287,97.86156177520752
5258,0.04257872328162193,,2303.5813524723053,97.87650632858276
5259,0.04237106442451477,,2304.015263557434,97.8914577960968
5260,0.04257841035723686,,2304.4484741687775,97.90640354156494
5261,0.0424114391207695,,2304.8820581436157,97.92134881019592
5262,0.041519589722156525,,2305.3171916007996,97.93631744384766
5263,0.04159165918827057,,2305.7500352859497,97.95126867294312
5264,0.04129631444811821,,2306.182699918747,97.96620464324951
5265,0.041494645178318024,,2306.616144180298,97.9811680316925
5266,0.04132390767335892,,2307.04989361763,97.9961211681366
5267,0.04142807424068451,,2307.4835085868835,98.01108813285828
5268,0.04123912379145622,,2307.9180817604065,98.02603244781494
5269,0.041882965713739395,,2308.3520724773407,98.0409734249115
5270,0.04168028384447098,,2308.786084651947,98.055917263031
5271,0.04195314645767212,,2309.219159603119,98.07087135314941
5272,0.04139677807688713,,2309.653857946396,98.08581686019897
5273,0.041195809841156006,,2310.0853164196014,98.10074782371521
5274,0.041515324264764786,,2310.5197315216064,98.11569714546204
5275,0.04126979410648346,,2310.9548921585083,98.13064074516296
5276,0.041859306395053864,,2311.3874757289886,98.1455717086792
5277,0.04161804914474487,,2311.820662021637,98.16052007675171
5278,0.04167710989713669,,2312.2555782794952,98.17547345161438
5279,0.04119834676384926,,2312.6886236667633,98.19043397903442
5280,0.041151996701955795,,2313.122672557831,98.20537209510803
5281,0.04107712209224701,,2313.5550405979156,98.2203049659729
5282,0.04150550439953804,,2313.9898648262024,98.23524022102356
5283,0.04164782166481018,,2314.4227406978607,98.25018095970154
5284,0.041175976395606995,,2314.8556790351868,98.26511287689209
5285,0.041077256202697754,,2315.2869448661804,98.28004765510559
5286,0.04136611893773079,,2315.7200722694397,98.2949960231781
5287,0.04106537997722626,,2316.154778242111,98.30993914604187
5288,0.041526421904563904,,2316.587708234787,98.32489156723022
5289,0.04086928069591522,,2317.0191779136658,98.339839220047
5290,0.04116756469011307,,2317.450763463974,98.35479211807251
5291,0.04094833508133888,,2317.884128332138,98.36973404884338
5292,0.040952421724796295,,2318.3155467510223,98.38467717170715
5293,0.041328247636556625,,2318.748265028,98.39961910247803
5294,0.041231513023376465,,2319.1813271045685,98.41456842422485
5295,0.0410318560898304,,2319.6125078201294,98.42952227592468
5296,0.04101994261145592,,2320.047878265381,98.44445562362671
5297,0.04114042595028877,,2320.4817156791687,98.45940661430359
5298,0.04107736796140671,,2320.914582014084,98.47437047958374
5299,0.04134752228856087,,2321.3492243289948,98.48932433128357
5300,0.041253939270973206,,2321.9998586177826,98.50426888465881
5301,0.0412060022354126,,2322.434810400009,98.51921677589417
5302,0.041226498782634735,,2322.8684380054474,98.5341727733612
5303,0.041797079145908356,,2323.3014607429504,98.54914546012878
5304,0.04133545979857445,,2323.7367424964905,98.56408214569092
5305,0.042081378400325775,,2324.1693592071533,98.57903528213501
5306,0.041798703372478485,,2324.6013567447662,98.59398007392883
5307,0.04203250631690025,,2325.036401748657,98.60891437530518
5308,0.04251936823129654,,2325.4679324626923,98.62386107444763
5309,0.04120751842856407,,2325.9008729457855,98.63880681991577
5310,0.040715210139751434,,2326.3331224918365,98.65375757217407
5311,0.04130902513861656,,2326.766683101654,98.66869854927063
5312,0.04106955602765083,,2327.1995372772217,98.68363070487976
5313,0.04128528758883476,,2327.6319773197174,98.69858407974243
5314,0.041348353028297424,,2328.065005540848,98.71353769302368
5315,0.041475869715213776,,2328.4983603954315,98.7284905910492
5316,0.0416434109210968,,2328.9335899353027,98.74343132972717
5317,0.04192999750375748,,2329.3675389289856,98.75837326049805
5318,0.04140244424343109,,2329.8022689819336,98.77332520484924
5319,0.04108762741088867,,2330.234153985977,98.78824591636658
5320,0.040867168456315994,,2330.6659693717957,98.80317854881287
5321,0.04105639085173607,,2331.096620082855,98.81812310218811
5322,0.04096834361553192,,2331.529911994934,98.83307003974915
5323,0.04151071235537529,,2331.9608132839203,98.84803366661072
5324,0.041017066687345505,,2332.3941378593445,98.86297225952148
5325,0.04148086905479431,,2332.8280725479126,98.87790870666504
5326,0.04142922908067703,,2333.2620944976807,98.89286279678345
5327,0.04172810912132263,,2333.6954300403595,98.90779757499695
5328,0.04176020994782448,,2334.1282246112823,98.92273211479187
5329,0.04132790118455887,,2334.561975479126,98.93768811225891
5330,0.041802674531936646,,2334.994904756546,98.95263266563416
5331,0.041131846606731415,,2335.4288897514343,98.96756291389465
5332,0.04101705551147461,,2335.8610615730286,98.98250579833984
5333,0.041608165949583054,,2336.2941513061523,98.99745082855225
5334,0.04117463156580925,,2336.727649450302,99.01240134239197
5335,0.04126166179776192,,2337.1612894535065,99.02734613418579
5336,0.04112609848380089,,2337.595079421997,99.0423035621643
5337,0.041082631796598434,,2338.030199766159,99.05725264549255
5338,0.041157305240631104,,2338.4647133350372,99.0721983909607
5339,0.041756901890039444,,2338.8982241153717,99.0871639251709
5340,0.04143930971622467,,2339.331497192383,99.10210037231445
5341,0.041299208998680115,,2339.765014886856,99.1170265674591
5342,0.04135895147919655,,2340.198850631714,99.1319842338562
5343,0.041434966027736664,,2340.6323590278625,99.14695239067078
5344,0.041639965027570724,,2341.064952850342,99.16189527511597
5345,0.041180193424224854,,2341.4972727298737,99.17684435844421
5346,0.041046567261219025,,2341.9309651851654,99.19179153442383
5347,0.040905337780714035,,2342.3641679286957,99.20672869682312
5348,0.041011836379766464,,2342.797760486603,99.22167181968689
5349,0.04064261168241501,,2343.2308173179626,99.23662853240967
5350,0.040768835693597794,,2343.8855171203613,99.2515754699707
5351,0.0408627949655056,,2344.3194913864136,99.26652550697327
5352,0.042992185801267624,,2344.7540032863617,99.28147268295288
5353,0.0410192608833313,,2345.1866869926453,99.29643249511719
5354,0.04116899520158768,,2345.620507001877,99.31136512756348
5355,0.04098709672689438,,2346.0525603294373,99.3263168334961
5356,0.04113854840397835,,2346.4861249923706,99.34124875068665
5357,0.042303264141082764,,2346.9218497276306,99.3562068939209
5358,0.04085136577486992,,2347.355649471283,99.37114262580872
5359,0.04073140770196915,,2347.7899992465973,99.38609099388123
5360,0.04145144671201706,,2348.2239611148834,99.40104126930237
5361,0.041611991822719574,,2348.655591726303,99.41599369049072
5362,0.04109799489378929,,2349.088846206665,99.43094778060913
5363,0.041398726403713226,,2349.5228781700134,99.4458954334259
5364,0.041195567697286606,,2349.9570212364197,99.4608302116394
5365,0.04077695682644844,,2350.3917214870453,99.47579884529114
5366,0.040898215025663376,,2350.8254749774933,99.49073624610901
5367,0.04092031344771385,,2351.2572820186615,99.50566673278809
5368,0.041133299469947815,,2351.6918239593506,99.5206196308136
5369,0.04109225422143936,,2352.126038312912,99.5355532169342
5370,0.040914539247751236,,2352.559437274933,99.55049800872803
5371,0.04127462953329086,,2352.9911313056946,99.565425157547
5372,0.04155877232551575,,2353.4233660697937,99.58036947250366
5373,0.04158903658390045,,2353.856491088867,99.59530735015869
5374,0.04195819050073624,,2354.2876727581024,99.61026072502136
5375,0.04130460321903229,,2354.7225160598755,99.62520051002502
5376,0.041851188987493515,,2355.155370235443,99.64015126228333
5377,0.04127741605043411,,2355.5894451141357,99.65510630607605
5378,0.04145634174346924,,2356.0241959095,99.67006468772888
5379,0.04104537516832352,,2356.4580347537994,99.68501257896423
5380,0.040954411029815674,,2356.8890676498413,99.69995069503784
5381,0.04094547778367996,,2357.3234553337097,99.71490287780762
5382,0.04114311933517456,,2357.757288455963,99.7298378944397
5383,0.041157305240631104,,2358.1917452812195,99.74478244781494
5384,0.040804389864206314,,2358.6264317035675,99.75973391532898
5385,0.04090806841850281,,2359.0599608421326,99.77469301223755
5386,0.04081229493021965,,2359.4917256832123,99.78963351249695
5387,0.04116286337375641,,2359.9248452186584,99.80458164215088
5388,0.0413358174264431,,2360.358321905136,99.8195276260376
5389,0.04071870446205139,,2360.791850090027,99.83447456359863
5390,0.040988676249980927,,2361.2250130176544,99.84942889213562
5391,0.041355282068252563,,2361.6567561626434,99.8643410205841
5392,0.040651459246873856,,2362.088404417038,99.87928748130798
5393,0.040792107582092285,,2362.522309064865,99.8942334651947
5394,0.04115672782063484,,2362.9552116394043,99.9091682434082
5395,0.041951119899749756,,2363.3875207901,99.92411017417908
5396,0.04127313941717148,,2363.8208236694336,99.93906688690186
5397,0.041063062846660614,,2364.254636287689,99.95403170585632
5398,0.0413355715572834,,2364.6879234313965,99.9689712524414
5399,0.041021160781383514,,2365.122807741165,99.98391532897949
5400,0.04106436297297478,,2365.776204586029,99.99887132644653
5401,0.04175197333097458,,2366.2084136009216,100.01382040977478
5402,0.041131287813186646,,2366.6414806842804,100.0287618637085
5403,0.04110433906316757,,2367.07448887825,100.04371094703674
5404,0.041250068694353104,,2367.5091514587402,100.05865931510925
5405,0.04077631235122681,,2367.9421916007996,100.07359957695007
5406,0.04114034026861191,,2368.3755316734314,100.08854532241821
5407,0.041592877358198166,,2368.8098924160004,100.10348224639893
5408,0.04129629582166672,,2369.240946292877,100.11840748786926
5409,0.0407647043466568,,2369.672926902771,100.13334703445435
5410,0.04126741737127304,,2370.105813026428,100.14828634262085
5411,0.04088684543967247,,2370.539232492447,100.1632387638092
5412,0.041077375411987305,,2370.9727182388306,100.17818927764893
5413,0.04102598875761032,,2371.4064526557922,100.19313406944275
5414,0.040985193103551865,,2371.8389484882355,100.2080717086792
5415,0.04071725532412529,,2372.2717044353485,100.2230281829834
5416,0.04067283496260643,,2372.7087218761444,100.23798322677612
5417,0.04108456149697304,,2373.141772508621,100.25293207168579
5418,0.04075132682919502,,2373.5754771232605,100.26786684989929
5419,0.04111073911190033,,2374.008373737335,100.28279733657837
5420,0.04098989814519882,,2374.442095041275,100.29774928092957
5421,0.04100821912288666,,2374.875352859497,100.31267309188843
5422,0.04100548103451729,,2375.308831691742,100.32761335372925
5423,0.041051819920539856,,2375.7417500019073,100.34252858161926
5424,0.041100841015577316,,2376.1748707294464,100.35748291015625
5425,0.04125137999653816,,2376.609616994858,100.37243032455444
5426,0.04094816744327545,,2377.042228937149,100.38738179206848
5427,0.04089958220720291,,2377.476748228073,100.40232539176941
5428,0.041010111570358276,,2377.910596370697,100.41727375984192
5429,0.04077809303998947,,2378.3422753810883,100.43224000930786
5430,0.04095181077718735,,2378.7754271030426,100.44718265533447
5431,0.04109629616141319,,2379.2076461315155,100.46213793754578
5432,0.04140511900186539,,2379.6412143707275,100.47707295417786
5433,0.04118525609374046,,2380.076061487198,100.4920265674591
5434,0.041220832616090775,,2380.50963306427,100.50693988800049
5435,0.04113105311989784,,2380.942025899887,100.52189254760742
5436,0.042372927069664,,2381.371994495392,100.53684639930725
5437,0.041331879794597626,,2381.8066704273224,100.55180478096008
5438,0.041050635278224945,,2382.239912509918,100.56676363945007
5439,0.041245993226766586,,2382.67316031456,100.58171391487122
5440,0.04122183099389076,,2383.108409166336,100.59667110443115
5441,0.04134117811918259,,2383.541100502014,100.61161398887634
5442,0.04125406593084335,,2383.9744901657104,100.6265618801117
5443,0.04173962026834488,,2384.409381389618,100.64149284362793
5444,0.04114082455635071,,2384.8423244953156,100.65642952919006
5445,0.04097273200750351,,2385.2748489379883,100.6713719367981
5446,0.04115759953856468,,2385.7092447280884,100.68631410598755
5447,0.040781013667583466,,2386.1428232192993,100.70127129554749
5448,0.04086972773075104,,2386.57710814476,100.71622323989868
5449,0.040782906115055084,,2387.012359380722,100.73117280006409
5450,0.04098842293024063,,2387.6648137569427,100.74610447883606
5451,0.0409792959690094,,2388.0999143123627,100.76105165481567
5452,0.041491080075502396,,2388.533385038376,100.77601957321167
5453,0.04161202162504196,,2388.9668176174164,100.79095077514648
5454,0.04114055633544922,,2389.4004106521606,100.80589842796326
5455,0.04199344664812088,,2389.8328940868378,100.82084846496582
5456,0.04129721224308014,,2390.265192747116,100.83578968048096
5457,0.0407351478934288,,2390.6993782520294,100.85071563720703
5458,0.041072066873311996,,2391.1334524154663,100.86565256118774
5459,0.04079441726207733,,2391.567225456238,100.88060998916626
5460,0.04122568294405937,,2392.0011551380157,100.89552998542786
5461,0.04124018922448158,,2392.4350538253784,100.91047406196594
5462,0.04131216183304787,,2392.867076396942,100.9254195690155
5463,0.041091691702604294,,2393.3007140159607,100.94036650657654
5464,0.041081853210926056,,2393.735181570053,100.95532059669495
5465,0.0409667007625103,,2394.167410850525,100.97026538848877
5466,0.04134277626872063,,2394.6020562648773,100.98522090911865
5467,0.0410861074924469,,2395.0354397296906,101.0001790523529
5468,0.04136846959590912,,2395.469321012497,101.01513028144836
5469,0.04110643267631531,,2395.903659105301,101.03006386756897
5470,0.04198463261127472,,2396.3372535705566,101.0450119972229
5471,0.041792210191488266,,2396.77073597908,101.05994725227356
5472,0.04112076386809349,,2397.203820705414,101.07488512992859
5473,0.0409497395157814,,2397.636714220047,101.08983945846558
5474,0.04106813296675682,,2398.070489883423,101.10478663444519
5475,0.04121106490492821,,2398.5040380954742,101.11972332000732
5476,0.041705310344696045,,2398.935836315155,101.13466620445251
5477,0.04105105996131897,,2399.3698337078094,101.14960837364197
5478,0.04116230085492134,,2399.8043360710144,101.16457009315491
5479,0.041460055857896805,,2400.237920999527,101.17954277992249
5480,0.04106232896447182,,2400.6715722084045,101.19448971748352
5481,0.04106585308909416,,2401.106132030487,101.2094395160675
5482,0.04099633917212486,,2401.53848862648,101.22438263893127
5483,0.04074430093169212,,2401.9686558246613,101.2393274307251
5484,0.04116936773061752,,2402.404305458069,101.2542679309845
5485,0.0407278798520565,,2402.8384823799133,101.26921701431274
5486,0.04064025729894638,,2403.275302171707,101.28416466712952
5487,0.04084429144859314,,2403.7095317840576,101.29911494255066
5488,0.040896784514188766,,2404.1429138183594,101.3140606880188
5489,0.041133999824523926,,2404.576603412628,101.32900166511536
5490,0.041073139756917953,,2405.009435415268,101.34396839141846
5491,0.04106615111231804,,2405.441492319107,101.35890340805054
5492,0.042360614985227585,,2405.875768184662,101.3738534450531
5493,0.04216949641704559,,2406.310304403305,101.38879179954529
5494,0.041853588074445724,,2406.743323326111,101.40372943878174
5495,0.041814014315605164,,2407.17843914032,101.41867470741272
5496,0.042315613478422165,,2407.611347436905,101.43360948562622
5497,0.04145335406064987,,2408.045570373535,101.44854784011841
5498,0.04175328463315964,,2408.478882074356,101.46350455284119
5499,0.0412856861948967,,2408.9139165878296,101.47846674919128
5500,0.0416288897395134,-0.0016888297395780683,2409.5666069984436,103.23542022705078
5501,0.042381543666124344,,2410.0009598731995,103.25038433074951
5502,0.040958553552627563,,2410.433828353882,103.26532983779907
5503,0.04163568094372749,,2410.8677713871,103.28028988838196
5504,0.04199058562517166,,2411.3008279800415,103.29522395133972
5505,0.04143035039305687,,2411.7339141368866,103.3101692199707
5506,0.04165443405508995,,2412.1669561862946,103.32511401176453
5507,0.04122648760676384,,2412.600067615509,103.34005904197693
5508,0.04098935052752495,,2413.032779455185,103.35499238967896
5509,0.04096522182226181,,2413.4656522274017,103.36994934082031
5510,0.04108821228146553,,2413.9006061553955,103.38490986824036
5511,0.041146229952573776,,2414.3342440128326,103.39985513687134
5512,0.04123469442129135,,2414.7680900096893,103.4147834777832
5513,0.041516922414302826,,2415.2013046741486,103.42973065376282
5514,0.041397616267204285,,2415.6329646110535,103.44468069076538
5515,0.04117438569664955,,2416.0645339488983,103.45962977409363
5516,0.0408247634768486,,2416.4972426891327,103.4745659828186
5517,0.04130300134420395,,2416.9296884536743,103.4895248413086
5518,0.04100161790847778,,2417.363292455673,103.50447225570679
5519,0.04186233505606651,,2417.795872926712,103.51942348480225
5520,0.04135498031973839,,2418.2272260189056,103.53436541557312
5521,0.041048355400562286,,2418.6602733135223,103.54930710792542
5522,0.041425250470638275,,2419.0946667194366,103.56424760818481
5523,0.04168543964624405,,2419.5277881622314,103.5792007446289
5524,0.040778517723083496,,2419.9600636959076,103.59413647651672
5525,0.040984150022268295,,2420.3939175605774,103.60907411575317
5526,0.04076295718550682,,2420.825867176056,103.62401866912842
5527,0.04063544422388077,,2421.260631084442,103.63894510269165
5528,0.04048532992601395,,2421.6944329738617,103.65388560295105
5529,0.0406576544046402,,2422.125195980072,103.66883301734924
5530,0.040719494223594666,,2422.5583550930023,103.68378400802612
5531,0.04141036048531532,,2422.991558790207,103.69873094558716
5532,0.040911056101322174,,2423.422149181366,103.71368050575256
5533,0.040576864033937454,,2423.854109287262,103.7286331653595
5534,0.042190443724393845,,2424.2890441417694,103.74357724189758
5535,0.040708594024181366,,2424.723002433777,103.75852847099304
5536,0.04060880094766617,,2425.1564881801605,103.7734649181366
5537,0.040717750787734985,,2425.5906915664673,103.78841233253479
5538,0.040600985288619995,,2426.0202283859253,103.8033607006073
5539,0.040682729333639145,,2426.4538712501526,103.81830954551697
5540,0.04065722972154617,,2426.8874094486237,103.83325552940369
5541,0.040570639073848724,,2427.320628643036,103.84821438789368
5542,0.040771689265966415,,2427.7549936771393,103.86316800117493
5543,0.040862083435058594,,2428.1886417865753,103.87811875343323
5544,0.0408448651432991,,2428.6221117973328,103.89308500289917
5545,0.04066568985581398,,2429.0553193092346,103.90803599357605
5546,0.0406612902879715,,2429.4891431331635,103.92299270629883
5547,0.04050760343670845,,2429.9225330352783,103.93793153762817
5548,0.040624357759952545,,2430.355750322342,103.9528603553772
5549,0.04044366255402565,,2430.78967833519,103.96781992912292
5550,0.04046490415930748,,2431.4428668022156,103.98277425765991
5551,0.040560707449913025,,2431.8758165836334,103.9977126121521
5552,0.040166858583688736,,2432.3085861206055,104.01266670227051
5553,0.040285881608724594,,2432.742621898651,104.02761721611023
5554,0.040281765162944794,,2433.1754863262177,104.04255867004395
5555,0.04104876145720482,,2433.6074635982513,104.05748581886292
5556,0.040715292096138,,2434.0390272140503,104.07244038581848
5557,0.04023946076631546,,2434.4715492725372,104.08737850189209
5558,0.041551623493433,,2434.903480529785,104.10232138633728
5559,0.04043344780802727,,2435.33656001091,104.11725950241089
5560,0.040254734456539154,,2435.768857717514,104.13221287727356
5561,0.04085002467036247,,2436.202731370926,104.1471619606018
5562,0.0407097265124321,,2436.63560628891,104.16210842132568
5563,0.04039674997329712,,2437.0702788829803,104.17704439163208
5564,0.040543269366025925,,2437.509433746338,104.19199991226196
5565,0.04043737053871155,,2437.943556547165,104.20696258544922
5566,0.040367331355810165,,2438.3780267238617,104.22188949584961
5567,0.040553659200668335,,2438.811012983322,104.23682570457458
5568,0.04028598219156265,,2439.245230436325,104.25175094604492
5569,0.040376756340265274,,2439.6790673732758,104.26670336723328
5570,0.04052838683128357,,2440.111794948578,104.28164505958557
5571,0.04031453654170036,,2440.5448796749115,104.29660058021545
5572,0.04077493026852608,,2440.9822256565094,104.31154942512512
5573,0.041052475571632385,,2441.413987159729,104.32649683952332
5574,0.04000048339366913,,2441.8465843200684,104.34143042564392
5575,0.040394604206085205,,2442.278833627701,104.3563642501831
5576,0.04099662974476814,,2442.7100608348846,104.37132024765015
5577,0.04176459088921547,,2443.1428179740906,104.3862578868866
5578,0.041033338755369186,,2443.575628757477,104.40119504928589
5579,0.040170613676309586,,2444.0055088996887,104.41612410545349
5580,0.040226440876722336,,2444.438632249832,104.43109321594238
5581,0.04030384123325348,,2444.872704744339,104.44603991508484
5582,0.04062644764780998,,2445.3091332912445,104.46097040176392
5583,0.040374912321567535,,2445.7414712905884,104.47594475746155
5584,0.040503304451704025,,2446.1764917373657,104.4908835887909
5585,0.040350984781980515,,2446.6093475818634,104.50583958625793
5586,0.040765248239040375,,2447.0433864593506,104.52078127861023
5587,0.04109674692153931,,2447.477687597275,104.53574919700623
5588,0.04052580147981644,,2447.9102914333344,104.55069589614868
5589,0.040547825396060944,,2448.3430347442627,104.56563997268677
5590,0.04062681645154953,,2448.777817964554,104.58059120178223
5591,0.04062756896018982,,2449.2116236686707,104.59554696083069
5592,0.04112878814339638,,2449.6439549922943,104.6105170249939
5593,0.04077395796775818,,2450.078469991684,104.62546634674072
5594,0.04102301970124245,,2450.511570453644,104.64040660858154
5595,0.04120605066418648,,2450.9459726810455,104.65536236763
5596,0.0409071184694767,,2451.3787744045258,104.67031931877136
5597,0.04080342501401901,,2451.8107216358185,104.68527460098267
5598,0.04051663354039192,,2452.243616104126,104.70021915435791
5599,0.04088260605931282,,2452.678087234497,104.71515035629272
5600,0.04077427089214325,,2453.3309156894684,104.73010039329529
5601,0.04068489372730255,,2453.7651698589325,104.74505114555359
5602,0.040457628667354584,,2454.19899392128,104.75999164581299
5603,0.0407259501516819,,2454.6323375701904,104.77493071556091
5604,0.04074545204639435,,2455.0642302036285,104.78987860679626
5605,0.041000839322805405,,2455.4973196983337,104.80481886863708
5606,0.04029624164104462,,2455.93101978302,104.8197512626648
5607,0.04082419350743294,,2456.364340543747,104.83470058441162
5608,0.04089982807636261,,2456.799037218094,104.84965515136719
5609,0.040355339646339417,,2457.232286453247,104.86459469795227
5610,0.04036986082792282,,2457.667022228241,104.87957191467285
5611,0.042282409965991974,,2458.101128578186,104.89452409744263
5612,0.04057929292321205,,2458.534188747406,104.9094762802124
5613,0.04052363336086273,,2458.9684183597565,104.92441487312317
5614,0.04044689983129501,,2459.4020993709564,104.93936109542847
5615,0.040520332753658295,,2459.836537361145,104.9542989730835
5616,0.04088063910603523,,2460.2691547870636,104.96924471855164
5617,0.04071380943059921,,2460.70268034935,104.9841821193695
5618,0.040628984570503235,,2461.1357061862946,104.99909472465515
5619,0.04078982397913933,,2461.5703501701355,105.01403856277466
5620,0.0407104566693306,,2462.00426697731,105.02897763252258
5621,0.040903814136981964,,2462.4373898506165,105.04392457008362
5622,0.04061807692050934,,2462.87114405632,105.05887794494629
5623,0.04048667848110199,,2463.304383993149,105.07383322715759
5624,0.040621839463710785,,2463.735586643219,105.08879470825195
5625,0.04052535817027092,,2464.168755531311,105.1037528514862
5626,0.04072805494070053,,2464.600703716278,105.11869096755981
5627,0.040730878710746765,,2465.0332589149475,105.13361072540283
5628,0.040624380111694336,,2465.4649970531464,105.1485641002655
5629,0.040704984217882156,,2465.898283958435,105.16350817680359
5630,0.04077115282416344,,2466.3313608169556,105.17845344543457
5631,0.040657054632902145,,2466.7645490169525,105.19341826438904
5632,0.04016396775841713,,2467.196816444397,105.2083649635315
5633,0.04010411351919174,,2467.630028486252,105.22329926490784
5634,0.04034274071455002,,2468.0640585422516,105.23823976516724
5635,0.04009087383747101,,2468.4980158805847,105.25318503379822
5636,0.04021630808711052,,2468.9303965568542,105.26813435554504
5637,0.04054464399814606,,2469.3651473522186,105.28307175636292
5638,0.040604203939437866,,2469.799344778061,105.29801058769226
5639,0.04075417295098305,,2470.231714487076,105.3129563331604
5640,0.04059772565960884,,2470.6640207767487,105.3279082775116
5641,0.041357479989528656,,2471.097506046295,105.34284210205078
5642,0.04087308049201965,,2471.5294263362885,105.35778594017029
5643,0.04078978672623634,,2471.964161157608,105.37273478507996
5644,0.041018396615982056,,2472.3963487148285,105.38769435882568
5645,0.04138897731900215,,2472.8287189006805,105.4026300907135
5646,0.04090505093336105,,2473.2618474960327,105.4175763130188
5647,0.04071667790412903,,2473.6948947906494,105.4325020313263
5648,0.04044331982731819,,2474.126208782196,105.44744086265564
5649,0.04046102613210678,,2474.55997300148,105.46237850189209
5650,0.040458086878061295,,2475.21652674675,105.47733497619629
5651,0.04114358127117157,,2475.650925397873,105.49227905273438
5652,0.042226120829582214,,2476.086218357086,105.5072340965271
5653,0.04063205048441887,,2476.5179023742676,105.52217268943787
5654,0.04071980342268944,,2476.952203989029,105.53712058067322
5655,0.040446095168590546,,2477.384541749954,105.55206274986267
5656,0.041140563786029816,,2477.8176929950714,105.5670075416565
5657,0.040615614503622055,,2478.252010345459,105.58194851875305
5658,0.04058639705181122,,2478.6860053539276,105.59689831733704
5659,0.04019748792052269,,2479.1172387599945,105.61184668540955
5660,0.04081350192427635,,2479.550994157791,105.6267819404602
5661,0.04064609482884407,,2479.984241247177,105.64172673225403
5662,0.04082340747117996,,2480.418475627899,105.65665030479431
5663,0.040602635592222214,,2480.8536920547485,105.67159986495972
5664,0.04060330614447594,,2481.287606716156,105.68651795387268
5665,0.04052817076444626,,2481.721217393875,105.70146369934082
5666,0.04036498814821243,,2482.1552319526672,105.7163758277893
5667,0.040610138326883316,,2482.587879419327,105.73133039474487
5668,0.04016541317105293,,2483.020599126816,105.74626994132996
5669,0.04021115601062775,,2483.453291416168,105.76123523712158
5670,0.040650542825460434,,2483.886041164398,105.77617645263672
5671,0.04053724557161331,,2484.3194642066956,105.79114890098572
5672,0.04055754840373993,,2484.7530257701874,105.80609202384949
5673,0.040869634598493576,,2485.1898925304413,105.82104778289795
5674,0.04197831451892853,,2485.622090578079,105.83598589897156
5675,0.04137038066983223,,2486.056329011917,105.85094141960144
5676,0.04040282219648361,,2486.4891016483307,105.86589312553406
5677,0.040479786694049835,,2486.9224886894226,105.88085460662842
5678,0.04106247425079346,,2487.3557040691376,105.8958089351654
5679,0.04017840698361397,,2487.7872700691223,105.91076564788818
5680,0.04072856158018112,,2488.221067428589,105.92570543289185
5681,0.04102030396461487,,2488.655056476593,105.94063830375671
5682,0.04091700538992882,,2489.08820605278,105.95558071136475
5683,0.04034164175391197,,2489.520225763321,105.97053027153015
5684,0.04069942235946655,,2489.952649116516,105.98549437522888
5685,0.04017314314842224,,2490.386069059372,106.00046062469482
5686,0.040272537618875504,,2490.8198318481445,106.01538753509521
5687,0.04060821235179901,,2491.2537202835083,106.03033471107483
5688,0.040833041071891785,,2491.6870408058167,106.04524564743042
5689,0.040435899049043655,,2492.1205401420593,106.06019520759583
5690,0.040483325719833374,,2492.554802417755,106.0751211643219
5691,0.04029719904065132,,2492.9862942695618,106.09006690979004
5692,0.04033396765589714,,2493.419284105301,106.10500526428223
5693,0.040127355605363846,,2493.851913690567,106.11995339393616
5694,0.040424566715955734,,2494.285981655121,106.13489484786987
5695,0.04079683497548103,,2494.719430208206,106.14983940124512
5696,0.040239956229925156,,2495.153793334961,106.16480159759521
5697,0.04074617102742195,,2495.586877346039,106.17975759506226
5698,0.040443502366542816,,2496.019634246826,106.19469976425171
5699,0.04072967916727066,,2496.4551725387573,106.2096471786499
5700,0.04063021391630173,,2497.1089668273926,106.22459435462952
5701,0.040584541857242584,,2497.5430777072906,106.23955392837524
5702,0.040160104632377625,,2497.9763288497925,106.25450944900513
5703,0.04067092016339302,,2498.4075343608856,106.26944422721863
5704,0.040883053094148636,,2498.8396170139313,106.28439831733704
5705,0.040281061083078384,,2499.271401166916,106.29931902885437
5706,0.04025379568338394,,2499.7055485248566,106.31425762176514
5707,0.040401890873909,,2500.1379182338715,106.32920050621033
5708,0.04104911908507347,,2500.571128129959,106.34414744377136
5709,0.04007648304104805,,2501.0078620910645,106.35910820960999
5710,0.04007797688245773,,2501.4407629966736,106.37406802177429
5711,0.04034387692809105,,2501.8736894130707,106.38900637626648
5712,0.04099637269973755,,2502.306802034378,106.40395784378052
5713,0.04012269899249077,,2502.7403910160065,106.4189076423645
5714,0.03970102593302727,,2503.173499584198,106.43384647369385
5715,0.03986962139606476,,2503.6057167053223,106.4488000869751
5716,0.040019404143095016,,2504.041141986847,106.46377611160278
5717,0.040715862065553665,,2504.474197626114,106.47872161865234
5718,0.03990084305405617,,2504.9061381816864,106.49367308616638
5719,0.04021618142724037,,2505.339055776596,106.50861358642578
5720,0.04038257524371147,,2505.7736735343933,106.52356219291687
5721,0.04088158905506134,,2506.2092587947845,106.53850960731506
5722,0.041180387139320374,,2506.6434388160706,106.55346608161926
5723,0.04020589217543602,,2507.076617717743,106.56839942932129
5724,0.0399036705493927,,2507.5098690986633,106.58334136009216
5725,0.03992918133735657,,2507.943412542343,106.59828090667725
5726,0.039789047092199326,,2508.3772163391113,106.6132333278656
5727,0.03996298462152481,,2508.810406923294,106.62817788124084
5728,0.03995785862207413,,2509.244308233261,106.6431291103363
5729,0.040312204509973526,,2509.6790895462036,106.65805292129517
5730,0.04011061042547226,,2510.1120879650116,106.67300748825073
5731,0.03968316689133644,,2510.5459225177765,106.68795132637024
5732,0.04045382887125015,,2510.979371547699,106.70288944244385
5733,0.040172841399908066,,2511.4122819900513,106.71782946586609
5734,0.04029339924454689,,2511.8459746837616,106.73278498649597
5735,0.039958465844392776,,2512.2791538238525,106.74772024154663
5736,0.04031113535165787,,2512.712618112564,106.76267743110657
5737,0.04012029618024826,,2513.146645784378,106.77761578559875
5738,0.03989724442362785,,2513.5793912410736,106.79254674911499
5739,0.03980793058872223,,2514.0122463703156,106.80749487876892
5740,0.03984410688281059,,2514.445946931839,106.82243084907532
5741,0.04076404869556427,,2514.877685546875,106.83738017082214
5742,0.040843795984983444,,2515.3109056949615,106.85232877731323
5743,0.04060835391283035,,2515.7441375255585,106.86727333068848
5744,0.04100969061255455,,2516.177801847458,106.88221788406372
5745,0.040625061839818954,,2516.610966205597,106.89716291427612
5746,0.040238384157419205,,2517.044964313507,106.91211009025574
5747,0.04097246751189232,,2517.4780764579773,106.92705154418945
5748,0.04035763815045357,,2517.91126036644,106.94199895858765
5749,0.04101113602519035,,2518.3468010425568,106.95693707466125
5750,0.04033021256327629,,2518.99888420105,106.9718759059906
5751,0.03995782136917114,,2519.433511734009,106.98681259155273
5752,0.039890680462121964,,2519.869740486145,107.0017499923706
5753,0.04062969237565994,,2520.3027160167694,107.01669979095459
5754,0.03971349820494652,,2520.7358269691467,107.03163743019104
5755,0.039844412356615067,,2521.1677901744843,107.0465714931488
5756,0.04052071273326874,,2521.6001873016357,107.06151866912842
5757,0.04037453234195709,,2522.0343108177185,107.07646465301514
5758,0.04016616567969322,,2522.4663467407227,107.0913999080658
5759,0.04048901051282883,,2522.8978745937347,107.10634732246399
5760,0.040264979004859924,,2523.3282356262207,107.12129187583923
5761,0.04002104699611664,,2523.7602384090424,107.136239528656
5762,0.039813604205846786,,2524.1932904720306,107.15117859840393
5763,0.04050280153751373,,2524.6271800994873,107.16611742973328
5764,0.040294449776411057,,2525.0587928295135,107.18105292320251
5765,0.04001741483807564,,2525.4918024539948,107.19600915908813
5766,0.040928807109594345,,2525.9258460998535,107.21094846725464
5767,0.0399857833981514,,2526.359099626541,107.22589874267578
5768,0.040171753615140915,,2526.792047739029,107.24085545539856
5769,0.03983575105667114,,2527.225942134857,107.25581789016724
5770,0.04079253226518631,,2527.65989112854,107.27075266838074
5771,0.04083593562245369,,2528.0984411239624,107.2856855392456
5772,0.04061846062541008,,2528.533015012741,107.30062747001648
5773,0.039973415434360504,,2528.9662029743195,107.31558012962341
5774,0.0403355248272419,,2529.399308204651,107.33052277565002
5775,0.04019965976476669,,2529.8336431980133,107.34546732902527
5776,0.039844971150159836,,2530.2661888599396,107.36042356491089
5777,0.04081621393561363,,2530.70019197464,107.37537026405334
5778,0.04054256156086922,,2531.1343314647675,107.39031457901001
5779,0.04079364240169525,,2531.5674827098846,107.40526080131531
5780,0.04010063037276268,,2531.9994809627533,107.42020964622498
5781,0.04005739837884903,,2532.4316997528076,107.43516993522644
5782,0.04075139760971069,,2532.8643021583557,107.45012354850769
5783,0.04085935652256012,,2533.2978951931,107.46507596969604
5784,0.040496181696653366,,2533.732747077942,107.48000907897949
5785,0.03971213102340698,,2534.1634929180145,107.49498105049133
5786,0.039730727672576904,,2534.5974950790405,107.50990676879883
5787,0.04017415642738342,,2535.0298795700073,107.52484011650085
5788,0.039829764515161514,,2535.4600036144257,107.53976440429688
5789,0.04006240516901016,,2535.893263578415,107.55471420288086
5790,0.040217481553554535,,2536.327931880951,107.56965804100037
5791,0.04074684530496597,,2536.761677980423,107.5846049785614
5792,0.04012685269117355,,2537.195347547531,107.59955310821533
5793,0.03963581472635269,,2537.629375934601,107.61449027061462
5794,0.03994522616267204,,2538.063058614731,107.62942743301392
5795,0.03979051858186722,,2538.4973714351654,107.64438104629517
5796,0.039828624576330185,,2538.931486606598,107.65932774543762
5797,0.039507776498794556,,2539.365168094635,107.67426609992981
5798,0.039562370628118515,,2539.799978017807,107.68921232223511
5799,0.039951030164957047,,2540.233800649643,107.7041265964508
5800,0.040015462785959244,,2540.8872928619385,107.7190809249878
5801,0.040685269981622696,,2541.3218619823456,107.73401737213135
5802,0.04016735032200813,,2541.7556710243225,107.74894309043884
5803,0.039986010640859604,,2542.188631772995,107.76388549804688
5804,0.03991077095270157,,2542.6217033863068,107.77883958816528
5805,0.0403335839509964,,2543.057259082794,107.79376268386841
5806,0.04028749838471413,,2543.489087820053,107.80871176719666
5807,0.040490735322237015,,2543.923714876175,107.82364988327026
5808,0.04013410210609436,,2544.353353023529,107.8385910987854
5809,0.041288942098617554,,2544.7863540649414,107.85353493690491
5810,0.04056381434202194,,2545.2201550006866,107.86846566200256
5811,0.040876489132642746,,2545.6533477306366,107.88341116905212
5812,0.04048837348818779,,2546.0862169265747,107.89836049079895
5813,0.040483180433511734,,2546.5189192295074,107.91329312324524
5814,0.04036979004740715,,2546.9535896778107,107.92822527885437
5815,0.03987288102507591,,2547.387080669403,107.9431631565094
5816,0.03982950374484062,,2547.820982694626,107.95811629295349
5817,0.04046556353569031,,2548.253300189972,107.97305417060852
5818,0.041028816252946854,,2548.688175201416,107.9879949092865
5819,0.04097936302423477,,2549.120624780655,108.0029444694519
5820,0.04066292569041252,,2549.5522136688232,108.01789236068726
5821,0.04052380844950676,,2549.9842116832733,108.03282237052917
5822,0.040661271661520004,,2550.419500350952,108.0477683544159
5823,0.0398581326007843,,2550.8528287410736,108.06272673606873
5824,0.03977697715163231,,2551.286028623581,108.07767963409424
5825,0.039886724203825,,2551.720755338669,108.09265995025635
5826,0.040106575936079025,,2552.1548235416412,108.10762429237366
5827,0.03991932421922684,,2552.5875425338745,108.12256240844727
5828,0.03961414098739624,,2553.0215616226196,108.13751125335693
5829,0.03966674953699112,,2553.4547879695892,108.15244722366333
5830,0.04011906310915947,,2553.887423992157,108.16737747192383
5831,0.03974504768848419,,2554.321846008301,108.18231463432312
5832,0.04038279503583908,,2554.7553226947784,108.19726371765137
5833,0.040058448910713196,,2555.190131664276,108.21219253540039
5834,0.04004625976085663,,2555.6242423057556,108.22713470458984
5835,0.03992994502186775,,2556.0561532974243,108.24207663536072
5836,0.04003329202532768,,2556.4891245365143,108.25702977180481
5837,0.040175244212150574,,2556.923403978348,108.27197623252869
5838,0.039903007447719574,,2557.356079339981,108.2869131565094
5839,0.04000820219516754,,2557.788118124008,108.30185770988464
5840,0.039964452385902405,,2558.222368001938,108.31678485870361
5841,0.04003673791885376,,2558.655013561249,108.33172655105591
5842,0.04015498235821724,,2559.0872354507446,108.34667754173279
5843,0.04018912464380264,,2559.522152662277,108.36163377761841
5844,0.040050748735666275,,2559.9572319984436,108.37658882141113
5845,0.03957560285925865,,2560.3904654979706,108.39154767990112
5846,0.0395178496837616,,2560.8245108127594,108.40648627281189
5847,0.03972311317920685,,2561.2578575611115,108.42142796516418
5848,0.03980012610554695,,2561.6890416145325,108.4363842010498
5849,0.039848506450653076,,2562.1235439777374,108.45131182670593
5850,0.03949376940727234,,2562.777658224106,108.46625089645386
5851,0.039405617862939835,,2563.211934566498,108.48119759559631
5852,0.03991273418068886,,2563.6460292339325,108.49613499641418
5853,0.03967692703008652,,2564.077462911606,108.51107478141785
5854,0.039658088237047195,,2564.511347770691,108.52604031562805
5855,0.04068787395954132,,2564.944507598877,108.54100966453552
5856,0.039907146245241165,,2565.3776104450226,108.55594205856323
5857,0.03970211371779442,,2565.811770439148,108.57088685035706
5858,0.03984591364860535,,2566.2449390888214,108.58583641052246
5859,0.039974454790353775,,2566.677951812744,108.60078978538513
5860,0.04002981632947922,,2567.1098527908325,108.61573505401611
5861,0.03968653082847595,,2567.5405263900757,108.63068437576294
5862,0.04023180156946182,,2567.974711418152,108.64562487602234
5863,0.04017128050327301,,2568.4086079597473,108.66056394577026
5864,0.03977363929152489,,2568.8411495685577,108.67551112174988
5865,0.03974616900086403,,2569.274177312851,108.69045329093933
5866,0.03983404487371445,,2569.708871126175,108.70537638664246
5867,0.03968941792845726,,2570.141335964203,108.72033786773682
5868,0.04013550654053688,,2570.5737829208374,108.73525619506836
5869,0.03970436006784439,,2571.006239414215,108.75019311904907
5870,0.039822548627853394,,2571.4395158290863,108.76513123512268
5871,0.040021784603595734,,2571.872121810913,108.7800772190094
5872,0.04005033150315285,,2572.307281732559,108.79500722885132
5873,0.04012912139296532,,2572.7400052547455,108.80994391441345
5874,0.039672527462244034,,2573.1743783950806,108.82489657402039
5875,0.0397329106926918,,2573.6095418930054,108.83984684944153
5876,0.03963293507695198,,2574.0412034988403,108.85479474067688
5877,0.039912112057209015,,2574.474003791809,108.86972904205322
5878,0.03973546624183655,,2574.9079973697662,108.8846755027771
5879,0.03986320644617081,,2575.342390060425,108.89960360527039
5880,0.039890266954898834,,2575.775987625122,108.91455340385437
5881,0.04017692059278488,,2576.210336446762,108.9294970035553
5882,0.03973719850182533,,2576.643610715866,108.94444036483765
5883,0.03981499746441841,,2577.0745973587036,108.95939588546753
5884,0.039997830986976624,,2577.5085666179657,108.97433423995972
5885,0.039728034287691116,,2577.941913843155,108.98927140235901
5886,0.03955573961138725,,2578.3746247291565,109.00421261787415
5887,0.04049234464764595,,2578.8077278137207,109.01916790008545
5888,0.0396902933716774,,2579.2412264347076,109.03410506248474
5889,0.03983042389154434,,2579.6747539043427,109.04904294013977
5890,0.0397346168756485,,2580.111701965332,109.06397652626038
5891,0.03976529836654663,,2580.5441579818726,109.07893943786621
5892,0.03967709094285965,,2580.9776344299316,109.09386658668518
5893,0.04053535684943199,,2581.411375761032,109.10880970954895
5894,0.040096934884786606,,2581.8444876670837,109.12374591827393
5895,0.04001758247613907,,2582.279175758362,109.13868856430054
5896,0.03961639851331711,,2582.713836669922,109.1536271572113
5897,0.03942570835351944,,2583.147275209427,109.16855669021606
5898,0.039871521294116974,,2583.580298423767,109.18349719047546
5899,0.03984983637928963,,2584.0117824077606,109.19844913482666
5900,0.03995725139975548,,2584.663543701172,109.21339106559753
5901,0.040235958993434906,,2585.0979566574097,109.2283353805542
5902,0.04041891172528267,,2585.5302057266235,109.24330973625183
5903,0.040240272879600525,,2585.963777065277,109.25825619697571
5904,0.04016426205635071,,2586.397201538086,109.27321219444275
5905,0.040584880858659744,,2586.8294730186462,109.28817510604858
5906,0.03995630517601967,,2587.262282371521,109.3031439781189
5907,0.03981506824493408,,2587.6943714618683,109.31809282302856
5908,0.03977883234620094,,2588.128048181534,109.33302569389343
5909,0.039701901376247406,,2588.5617847442627,109.3479917049408
5910,0.039922162890434265,,2588.9961206912994,109.36295962333679
5911,0.039800964295864105,,2589.4290866851807,109.37791323661804
5912,0.04014689102768898,,2589.862070083618,109.39285063743591
5913,0.04002479836344719,,2590.2958030700684,109.40779137611389
5914,0.03968670591711998,,2590.728978395462,109.42273449897766
5915,0.0400683619081974,,2591.1626465320587,109.43766951560974
5916,0.03997061029076576,,2591.597385406494,109.45260524749756
5917,0.03997514024376869,,2592.0292246341705,109.46755385398865
5918,0.03994041308760643,,2592.461628675461,109.48248720169067
5919,0.04004940018057823,,2592.898042678833,109.49743008613586
5920,0.04007847234606743,,2593.3310906887054,109.512366771698
5921,0.03981109336018562,,2593.763965368271,109.52731847763062
5922,0.03960634395480156,,2594.1990027427673,109.54227638244629
5923,0.03994333744049072,,2594.6316821575165,109.55721068382263
5924,0.039844367653131485,,2595.0635018348694,109.57215428352356
5925,0.04002980515360832,,2595.50008559227,109.58709263801575
5926,0.03989829868078232,,2595.93354678154,109.602041721344
5927,0.039634160697460175,,2596.36683678627,109.61699032783508
5928,0.04007495939731598,,2596.801399230957,109.63193416595459
5929,0.03987898305058479,,2597.2353398799896,109.6468756198883
5930,0.039565201848745346,,2597.669265270233,109.66182160377502
5931,0.03980078548192978,,2598.1023857593536,109.67676162719727
5932,0.03987525776028633,,2598.534417629242,109.69172072410583
5933,0.03996015712618828,,2598.9675467014313,109.70666527748108
5934,0.0396992489695549,,2599.401277780533,109.72160935401917
5935,0.03953000158071518,,2599.8331661224365,109.7365345954895
5936,0.039837826043367386,,2600.2664408683777,109.75147008895874
5937,0.040031466633081436,,2600.7001371383667,109.76641845703125
5938,0.03992690518498421,,2601.132092475891,109.78137707710266
5939,0.039598431438207626,,2601.5641872882843,109.796315908432
5940,0.03991401940584183,,2601.995384454727,109.81125926971436
5941,0.03965624421834946,,2602.428144454956,109.82620739936829
5942,0.04026186838746071,,2602.862241268158,109.84114241600037
5943,0.03987853601574898,,2603.295607805252,109.85609912872314
5944,0.040109019726514816,,2603.7275495529175,109.87105083465576
5945,0.04011201858520508,,2604.160811185837,109.88600516319275
5946,0.039817530661821365,,2604.5949347019196,109.90094947814941
5947,0.040018584579229355,,2605.0280928611755,109.91589045524597
5948,0.040340013802051544,,2605.4610192775726,109.93083190917969
5949,0.03983348608016968,,2605.8944668769836,109.94576692581177
5950,0.040825940668582916,,2606.5485348701477,109.96070671081543
5951,0.04027770087122917,,2606.9803137779236,109.97565650939941
5952,0.04020193591713905,,2607.415471315384,109.99061155319214
5953,0.039890486747026443,,2607.8491003513336,110.0055947303772
5954,0.039863862097263336,,2608.283704996109,110.02053499221802
5955,0.03991193324327469,,2608.7158999443054,110.03547620773315
5956,0.03998326137661934,,2609.1488025188446,110.05042099952698
5957,0.040174081921577454,,2609.583167552948,110.065358877182
5958,0.040081653743982315,,2610.0141594409943,110.08031225204468
5959,0.039933137595653534,,2610.4470796585083,110.09525036811829
5960,0.04021575301885605,,2610.8821437358856,110.11018967628479
5961,0.0400601327419281,,2611.3162157535553,110.12514591217041
5962,0.040071289986371994,,2611.74964594841,110.1400876045227
5963,0.04020382836461067,,2612.180720090866,110.15501546859741
5964,0.03964577242732048,,2612.6133501529694,110.16996693611145
5965,0.03993336111307144,,2613.046654701233,110.18491268157959
5966,0.039883192628622055,,2613.481892824173,110.19988322257996
5967,0.04023049771785736,,2613.9147617816925,110.2148220539093
5968,0.0402027852833271,,2614.348777770996,110.22979402542114
5969,0.03974280133843422,,2614.7811093330383,110.24473738670349
5970,0.03969554230570793,,2615.2153623104095,110.25968623161316
5971,0.0400933213531971,,2615.6478621959686,110.27463269233704
5972,0.03963995352387428,,2616.0828297138214,110.28957533836365
5973,0.039933137595653534,,2616.5152308940887,110.30453300476074
5974,0.03989022597670555,,2616.9467520713806,110.31945753097534
5975,0.03968155384063721,,2617.3798406124115,110.33439540863037
5976,0.039815835654735565,,2617.8122596740723,110.34934163093567
5977,0.04026272892951965,,2618.2448213100433,110.36428642272949
5978,0.04052065685391426,,2618.6792323589325,110.37924551963806
5979,0.04020799323916435,,2619.1126725673676,110.39420175552368
5980,0.03992932662367821,,2619.5438647270203,110.40916013717651
5981,0.04031316936016083,,2619.9765923023224,110.42412257194519
5982,0.03968167304992676,,2620.410252094269,110.43906259536743
5983,0.03977341577410698,,2620.8440701961517,110.4540011882782
5984,0.040300507098436356,,2621.278097629547,110.46895408630371
5985,0.039801232516765594,,2621.7118561267853,110.48390889167786
5986,0.04012184590101242,,2622.145083427429,110.49883556365967
5987,0.03978385776281357,,2622.5795154571533,110.51378655433655
5988,0.04012719541788101,,2623.012618303299,110.52873229980469
5989,0.040531791746616364,,2623.445690870285,110.543696641922
5990,0.0397968553006649,,2623.878094434738,110.55863189697266
5991,0.03997204452753067,,2624.3118262290955,110.5735936164856
5992,0.040446050465106964,,2624.7450687885284,110.58854365348816
5993,0.03986566513776779,,2625.1808981895447,110.60349535942078
5994,0.04008897766470909,,2625.6156072616577,110.61843538284302
5995,0.03972027450799942,,2626.050085067749,110.63336896896362
5996,0.03959759697318077,,2626.4824006557465,110.64831805229187
5997,0.03999550640583038,,2626.9157314300537,110.66327977180481
5998,0.04021158441901207,,2627.3484246730804,110.67821884155273
5999,0.039572931826114655,,2627.7822592258453,110.69315838813782
6000,0.03969213366508484,-0.0015976791037246585,2628.43594789505,112.44944787025452
6001,0.0398377887904644,,2628.870001554489,112.46440172195435
6002,0.03950580582022667,,2629.303683757782,112.47933435440063
6003,0.03979554399847984,,2629.735269546509,112.49428462982178
6004,0.04038189351558685,,2630.169179916382,112.5092248916626
6005,0.04032314196228981,,2630.602617263794,112.5241768360138
6006,0.03994685411453247,,2631.0345611572266,112.53911662101746
6007,0.0400782972574234,,2631.4699840545654,112.5540554523468
6008,0.039710331708192825,,2631.903265476227,112.56900215148926
6009,0.04006057232618332,,2632.335965871811,112.58394169807434
6010,0.039755381643772125,,2632.7673852443695,112.59887504577637
6011,0.04004744440317154,,2633.2004256248474,112.6138265132904
6012,0.04024418815970421,,2633.632843017578,112.62877249717712
6013,0.0397196002304554,,2634.0674057006836,112.64371371269226
6014,0.039671529084444046,,2634.5004341602325,112.6586525440216
6015,0.03985600918531418,,2634.9349489212036,112.67359328269958
6016,0.040002841502428055,,2635.369280576706,112.68854427337646
6017,0.03958434239029884,,2635.80238366127,112.70348501205444
6018,0.03983456268906593,,2636.234717130661,112.71842575073242
6019,0.04022079333662987,,2636.669275522232,112.73337650299072
6020,0.03994331508874893,,2637.1015405654907,112.7483332157135
6021,0.03977411240339279,,2637.5341675281525,112.76328706741333
6022,0.04018454998731613,,2637.968829393387,112.77822351455688
6023,0.03996967524290085,,2638.4022805690765,112.79317474365234
6024,0.039833057671785355,,2638.835788488388,112.80812644958496
6025,0.040095288306474686,,2639.2690122127533,112.82307648658752
6026,0.03973695635795593,,2639.7030560970306,112.83801054954529
6027,0.039584025740623474,,2640.1345081329346,112.85295796394348
6028,0.03964288905262947,,2640.5680022239685,112.86791658401489
6029,0.039908941835165024,,2641.0040543079376,112.88287496566772
6030,0.03972455859184265,,2641.435214996338,112.89781355857849
6031,0.039794061332941055,,2641.868655204773,112.91277694702148
6032,0.03937722370028496,,2642.302391052246,112.92772197723389
6033,0.03946302458643913,,2642.735980272293,112.94267106056213
6034,0.03982483223080635,,2643.1680238246918,112.9576301574707
6035,0.039445072412490845,,2643.6013400554657,112.9725775718689
6036,0.039527926594018936,,2644.0350914001465,112.9875419139862
6037,0.04013500362634659,,2644.467959880829,113.00248003005981
6038,0.03953360393643379,,2644.901875972748,113.0174195766449
6039,0.04001878574490547,,2645.336644411087,113.0323715209961
6040,0.039829157292842865,,2645.7711532115936,113.04733657836914
6041,0.03991089016199112,,2646.2044637203217,113.06229615211487
6042,0.03956076130270958,,2646.6377844810486,113.07724356651306
6043,0.039806265383958817,,2647.072310447693,113.09219527244568
6044,0.03964816778898239,,2647.5057208538055,113.10714912414551
6045,0.040457166731357574,,2647.936373949051,113.12211060523987
6046,0.04001390561461449,,2648.3692076206207,113.13704323768616
6047,0.03961602970957756,,2648.7996509075165,113.15200281143188
6048,0.04001220315694809,,2649.232174873352,113.1669499874115
6049,0.040377307683229446,,2649.666152238846,113.18188571929932
6050,0.03961697220802307,,2650.318328142166,113.1968367099762
6051,0.03982515633106232,,2650.752993106842,113.21178960800171
6052,0.039592113345861435,,2651.186403989792,113.226735830307
6053,0.04019680246710777,,2651.619115114212,113.24168252944946
6054,0.03979606553912163,,2652.0535638332367,113.25663542747498
6055,0.04011711850762367,,2652.4863061904907,113.27158617973328
6056,0.039917752146720886,,2652.919586658478,113.2865195274353
6057,0.039689771831035614,,2653.354602575302,113.30146527290344
6058,0.03991175815463066,,2653.7865495681763,113.31640148162842
6059,0.0403551384806633,,2654.2197642326355,113.33135867118835
6060,0.04006459191441536,,2654.6531851291656,113.34630250930786
6061,0.03963050618767738,,2655.0868785381317,113.36125040054321
6062,0.03983607888221741,,2655.5199749469757,113.37619876861572
6063,0.040007494390010834,,2655.9534170627594,113.39113259315491
6064,0.04021846130490303,,2656.387533903122,113.40606260299683
6065,0.04010497406125069,,2656.8236260414124,113.42100024223328
6066,0.04070846363902092,,2657.256718158722,113.43595504760742
6067,0.03987881913781166,,2657.690358400345,113.45090436935425
6068,0.04042913764715195,,2658.1238298416138,113.46584224700928
6069,0.041048772633075714,,2658.5572369098663,113.48077607154846
6070,0.04052795469760895,,2658.9914014339447,113.49571871757507
6071,0.04020689055323601,,2659.4254252910614,113.51068043708801
6072,0.040085241198539734,,2659.8601784706116,113.52562165260315
6073,0.040410447865724564,,2660.2938430309296,113.5405752658844
6074,0.04005792737007141,,2660.7275829315186,113.55550646781921
6075,0.0401531457901001,,2661.1615126132965,113.57045245170593
6076,0.03995339199900627,,2661.594759941101,113.58539485931396
6077,0.04031161963939667,,2662.0275840759277,113.60032749176025
6078,0.040082454681396484,,2662.4619529247284,113.61527061462402
6079,0.039969321340322495,,2662.8959441184998,113.63021731376648
6080,0.03999519720673561,,2663.3290989398956,113.64515590667725
6081,0.04019801691174507,,2663.763219833374,113.66009902954102
6082,0.04045433551073074,,2664.197670698166,113.67505025863647
6083,0.0401989184319973,,2664.63104391098,113.6900086402893
6084,0.04017702117562294,,2665.063754081726,113.70494246482849
6085,0.04002419486641884,,2665.4978115558624,113.71989154815674
6086,0.040560245513916016,,2665.9315235614777,113.73483467102051
6087,0.040341999381780624,,2666.3658130168915,113.7497923374176
6088,0.04006675258278847,,2666.797414779663,113.76472783088684
6089,0.04079817607998848,,2667.230480194092,113.77966094017029
6090,0.04101197049021721,,2667.665019273758,113.79461479187012
6091,0.0408848375082016,,2668.098738670349,113.80956506729126
6092,0.04051947593688965,,2668.5324947834015,113.82450866699219
6093,0.040179528295993805,,2668.9671969413757,113.83946299552917
6094,0.040108710527420044,,2669.399216890335,113.8544192314148
6095,0.040541864931583405,,2669.8332645893097,113.86937642097473
6096,0.04016523435711861,,2670.266597032547,113.88431215286255
6097,0.04035050794482231,,2670.7011036872864,113.89924883842468
6098,0.04063691943883896,,2671.1348955631256,113.91419243812561
6099,0.040017269551754,,2671.5670478343964,113.92913746833801
6100,0.03985222429037094,,2672.2188262939453,113.94407963752747
6101,0.0400959774851799,,2672.6518325805664,113.95903062820435
6102,0.040224697440862656,,2673.0851492881775,113.9739670753479
6103,0.04039128124713898,,2673.5182950496674,113.98894453048706
6104,0.04044885188341141,,2673.9526443481445,114.00397968292236
6105,0.04016473516821861,,2674.3866477012634,114.01892518997192
6106,0.04020309820771217,,2674.8202936649323,114.03385281562805
6107,0.04003935307264328,,2675.25212597847,114.0488076210022
6108,0.03996732831001282,,2675.6835956573486,114.06375503540039
6109,0.03982922062277794,,2676.117290496826,114.07869791984558
6110,0.03980383276939392,,2676.5512714385986,114.09364700317383
6111,0.04005665332078934,,2676.984829187393,114.10859966278076
6112,0.04019298776984215,,2677.418033838272,114.12353610992432
6113,0.03983670473098755,,2677.849244117737,114.13849568367004
6114,0.040060438215732574,,2678.281425714493,114.15355062484741
6115,0.04003169760107994,,2678.7143766880035,114.1684718132019
6116,0.039796024560928345,,2679.1487061977386,114.18342137336731
6117,0.03984221816062927,,2679.581789970398,114.19835782051086
6118,0.04022449254989624,,2680.012673854828,114.21331810951233
6119,0.03987985476851463,,2680.4443395137787,114.22826170921326
6120,0.039826374500989914,,2680.878012418747,114.24320769309998
6121,0.03983915224671364,,2681.3110916614532,114.258145570755
6122,0.039863668382167816,,2681.7450728416443,114.27310061454773
6123,0.039817389100790024,,2682.1765546798706,114.2880470752716
6124,0.039754871279001236,,2682.608318090439,114.30298328399658
6125,0.03998696058988571,,2683.0426433086395,114.31793022155762
6126,0.040112968534231186,,2683.4760797023773,114.33286690711975
6127,0.03980216756463051,,2683.91229391098,114.34782195091248
6128,0.039530470967292786,,2684.345088005066,114.3627393245697
6129,0.039499640464782715,,2684.7800352573395,114.37769746780396
6130,0.04024900868535042,,2685.2117800712585,114.39261937141418
6131,0.03988175466656685,,2685.6448471546173,114.40756273269653
6132,0.04048216715455055,,2686.0778272151947,114.42252087593079
6133,0.04021022468805313,,2686.5110278129578,114.43747305870056
6134,0.04062207043170929,,2686.944343328476,114.4524245262146
6135,0.040664415806531906,,2687.37783908844,114.46736860275269
6136,0.04037267342209816,,2687.809775352478,114.4823043346405
6137,0.04016084969043732,,2688.24262714386,114.4972403049469
6138,0.040440913289785385,,2688.675292491913,114.51219892501831
6139,0.040125977247953415,,2689.1085386276245,114.52711749076843
6140,0.040608543902635574,,2689.542355775833,114.54205560684204
6141,0.04063686728477478,,2689.97612118721,114.55699467658997
6142,0.04039609432220459,,2690.4092404842377,114.57194209098816
6143,0.04006505012512207,,2690.8438980579376,114.5868833065033
6144,0.03983265534043312,,2691.275223016739,114.60182332992554
6145,0.04003714770078659,,2691.708187818527,114.61676836013794
6146,0.03954688832163811,,2692.1414906978607,114.63172674179077
6147,0.03986090049147606,,2692.5735034942627,114.64666604995728
6148,0.03958132863044739,,2693.007094860077,114.66158390045166
6149,0.039822448045015335,,2693.441030740738,114.67652630805969
6150,0.03980124369263649,,2694.0937633514404,114.69146156311035
6151,0.039565298706293106,,2694.527733564377,114.70641160011292
6152,0.03932083025574684,,2694.962157726288,114.72135353088379
6153,0.039621129631996155,,2695.395825147629,114.73630261421204
6154,0.039557572454214096,,2695.829644680023,114.75125050544739
6155,0.039993710815906525,,2696.2624599933624,114.76618599891663
6156,0.03970727324485779,,2696.696097612381,114.78113555908203
6157,0.03973257541656494,,2697.1263995170593,114.79607915878296
6158,0.040003832429647446,,2697.560622215271,114.81101894378662
6159,0.03990669921040535,,2697.9927287101746,114.82596969604492
6160,0.04008094593882561,,2698.4250869750977,114.84091758728027
6161,0.040351685136556625,,2698.8581721782684,114.85587358474731
6162,0.0402163602411747,,2699.29185962677,114.87081527709961
6163,0.040068794041872025,,2699.73007106781,114.88574647903442
6164,0.04003041982650757,,2700.162363767624,114.90070271492004
6165,0.039756882935762405,,2700.595536470413,114.91565418243408
6166,0.040481433272361755,,2701.0305614471436,114.93059730529785
6167,0.03995397686958313,,2701.462120294571,114.94553709030151
6168,0.03961487486958504,,2701.893723011017,114.96048498153687
6169,0.03942633420228958,,2702.3286514282227,114.97544860839844
6170,0.03943081200122833,,2702.762374162674,114.99038600921631
6171,0.039462290704250336,,2703.19531750679,115.00532245635986
6172,0.03937444090843201,,2703.6289451122284,115.02026438713074
6173,0.0397777296602726,,2704.061512708664,115.03521537780762
6174,0.03928838670253754,,2704.494688987732,115.05014848709106
6175,0.03941705450415611,,2704.9287304878235,115.06509590148926
6176,0.03927425667643547,,2705.362631559372,115.08002734184265
6177,0.03953341767191887,,2705.79670381546,115.09498572349548
6178,0.03924240544438362,,2706.2302780151367,115.1099100112915
6179,0.03965740650892258,,2706.6641709804535,115.12485599517822
6180,0.039571985602378845,,2707.097191810608,115.1398012638092
6181,0.039085570722818375,,2707.530439853668,115.15475082397461
6182,0.0394137017428875,,2707.9623906612396,115.16969442367554
6183,0.0396394357085228,,2708.3960378170013,115.18464851379395
6184,0.03985191881656647,,2708.830429315567,115.1996078491211
6185,0.039301007986068726,,2709.2638161182404,115.21456146240234
6186,0.03930719196796417,,2709.6960859298706,115.22951292991638
6187,0.03932226449251175,,2710.1311495304108,115.24444627761841
6188,0.039337560534477234,,2710.5646522045135,115.2593936920166
6189,0.03936474770307541,,2710.996591091156,115.27430701255798
6190,0.03972083702683449,,2711.4302904605865,115.28925156593323
6191,0.03925223648548126,,2711.863457918167,115.30416464805603
6192,0.039464548230171204,,2712.295116186142,115.31910681724548
6193,0.0392717570066452,,2712.7286841869354,115.33405542373657
6194,0.03936104476451874,,2713.160434961319,115.34900736808777
6195,0.0395532064139843,,2713.5948214530945,115.36395144462585
6196,0.03951495140790939,,2714.0293502807617,115.37889385223389
6197,0.03941628709435463,,2714.4635741710663,115.39385414123535
6198,0.03916194662451744,,2714.8948352336884,115.40878963470459
6199,0.03906554356217384,,2715.327647447586,115.42373442649841
6200,0.03903331235051155,,2715.9810485839844,115.4386818408966
6201,0.03922418877482414,,2716.4155836105347,115.4536280632019
6202,0.03915095701813698,,2716.849406003952,115.46857619285583
6203,0.03919293358922005,,2717.2824523448944,115.48352670669556
6204,0.039424508810043335,,2717.7145080566406,115.49846315383911
6205,0.039313904941082,,2718.1477620601654,115.51341223716736
6206,0.039155952632427216,,2718.5809304714203,115.52835655212402
6207,0.03917420282959938,,2719.01424241066,115.54331302642822
6208,0.039133112877607346,,2719.4462389945984,115.558265209198
6209,0.03938392549753189,,2719.8789558410645,115.5733048915863
6210,0.03925832733511925,,2720.314158678055,115.58824491500854
6211,0.040961939841508865,,2720.746379137039,115.60318565368652
6212,0.03989451378583908,,2721.1794786453247,115.6181411743164
6213,0.03997957333922386,,2721.6134576797485,115.63306879997253
6214,0.039640650153160095,,2722.0466244220734,115.64801740646362
6215,0.03946724534034729,,2722.479391336441,115.66296744346619
6216,0.03967119753360748,,2722.912479877472,115.6779134273529
6217,0.03991466388106346,,2723.344385623932,115.69285726547241
6218,0.03941533342003822,,2723.7838921546936,115.70780348777771
6219,0.03935824707150459,,2724.218013048172,115.72275948524475
6220,0.039432600140571594,,2724.651611328125,115.73769688606262
6221,0.039265550673007965,,2725.08287024498,115.75265097618103
6222,0.03922216221690178,,2725.517401456833,115.76758861541748
6223,0.03949740156531334,,2725.9499909877777,115.78263640403748
6224,0.03898099809885025,,2726.3832457065582,115.79758834838867
6225,0.03950044885277748,,2726.8159387111664,115.81251978874207
6226,0.03919413685798645,,2727.2496542930603,115.8274507522583
6227,0.039327625185251236,,2727.6830129623413,115.84241890907288
6228,0.039532385766506195,,2728.116964817047,115.85736632347107
6229,0.03939703479409218,,2728.54839015007,115.87232971191406
6230,0.03918273001909256,,2728.981498003006,115.8872709274292
6231,0.03930803760886192,,2729.415671110153,115.90222334861755
6232,0.039421696215867996,,2729.848534822464,115.91718482971191
6233,0.039728276431560516,,2730.28195476532,115.93211317062378
6234,0.039484381675720215,,2730.715581893921,115.94706320762634
6235,0.039652019739151,,2731.14750123024,115.96199178695679
6236,0.039531562477350235,,2731.5786554813385,115.97693943977356
6237,0.03979068249464035,,2732.012078523636,115.99188089370728
6238,0.0394902341067791,,2732.444231748581,116.00681710243225
6239,0.03934643045067787,,2732.878066301346,116.0217673778534
6240,0.03943733870983124,,2733.3120670318604,116.03671956062317
6241,0.03975445777177811,,2733.7438068389893,116.05166578292847
6242,0.039862584322690964,,2734.177572488785,116.06659126281738
6243,0.03962044045329094,,2734.616039276123,116.08153891563416
6244,0.039964620023965836,,2735.0482544898987,116.09647512435913
6245,0.03986402228474617,,2735.4829440116882,116.11143207550049
6246,0.039417918771505356,,2735.917564868927,116.12635445594788
6247,0.03930938243865967,,2736.3504474163055,116.14130163192749
6248,0.03939131274819374,,2736.7827599048615,116.15623569488525
6249,0.03936338797211647,,2737.216553211212,116.17119526863098
6250,0.03946005553007126,,2737.8691573143005,116.18614411354065
6251,0.0394865982234478,,2738.300555229187,116.20109724998474
6252,0.03965204581618309,,2738.734352827072,116.21601986885071
6253,0.0395202562212944,,2739.1673164367676,116.23094129562378
6254,0.03937743231654167,,2739.6012942790985,116.24589490890503
6255,0.039711032062768936,,2740.034044265747,116.26085066795349
6256,0.03941458463668823,,2740.4676575660706,116.27579092979431
6257,0.03893916681408882,,2740.901041984558,116.29072380065918
6258,0.03926993906497955,,2741.3349902629852,116.3056628704071
6259,0.03949863463640213,,2741.766702413559,116.3205976486206
6260,0.039274848997592926,,2742.2008831501007,116.33554720878601
6261,0.039505794644355774,,2742.632738828659,116.35047817230225
6262,0.0394853875041008,,2743.065132856369,116.36544442176819
6263,0.03946177661418915,,2743.4991273880005,116.38036966323853
6264,0.03970928490161896,,2743.9321932792664,116.39530301094055
6265,0.039524391293525696,,2744.3629081249237,116.41025471687317
6266,0.03960798308253288,,2744.7968146800995,116.42520833015442
6267,0.03946201503276825,,2745.230703353882,116.44016194343567
6268,0.0397653691470623,,2745.662718296051,116.45512771606445
6269,0.03965138643980026,,2746.096493244171,116.47008609771729
6270,0.03947092592716217,,2746.5312447547913,116.48502826690674
6271,0.0396629199385643,,2746.9630987644196,116.49998545646667
6272,0.0392821803689003,,2747.3978242874146,116.51490473747253
6273,0.03904392197728157,,2747.8294887542725,116.52984523773193
6274,0.03935859724879265,,2748.263118982315,116.5447998046875
6275,0.03936281427741051,,2748.6961731910706,116.55975937843323
6276,0.03955308720469475,,2749.1295278072357,116.57470321655273
6277,0.039150435477495193,,2749.5621960163116,116.58965277671814
6278,0.03929227963089943,,2749.9963884353638,116.60460901260376
6279,0.039576344192028046,,2750.4347693920135,116.61956405639648
6280,0.039624426513910294,,2750.867917060852,116.63451147079468
6281,0.03908611834049225,,2751.302385568619,116.64946436882019
6282,0.03928569331765175,,2751.733989715576,116.66442489624023
6283,0.03942374140024185,,2752.1665439605713,116.67936849594116
6284,0.03938966989517212,,2752.6008048057556,116.69431805610657
6285,0.039135877043008804,,2753.034380674362,116.70923519134521
6286,0.03913544490933418,,2753.4678115844727,116.72417640686035
6287,0.03932781517505646,,2753.902229309082,116.73911786079407
6288,0.03948787599802017,,2754.335694551468,116.75407028198242
6289,0.039155472069978714,,2754.7692658901215,116.76902461051941
6290,0.039321597665548325,,2755.2038571834564,116.78397917747498
6291,0.03942163288593292,,2755.6367313861847,116.79893779754639
6292,0.03949715197086334,,2756.0705568790436,116.8138792514801
6293,0.0393584743142128,,2756.5054597854614,116.82881689071655
6294,0.03925260156393051,,2756.9396464824677,116.8437728881836
6295,0.040376804769039154,,2757.372273206711,116.85872864723206
6296,0.03967379406094551,,2757.8059964179993,116.87366271018982
6297,0.03962370753288269,,2758.238114595413,116.88860392570496
6298,0.03969765827059746,,2758.6714832782745,116.9035279750824
6299,0.03970591723918915,,2759.106590270996,116.91846776008606
6300,0.039546117186546326,,2759.75971865654,116.93340635299683
6301,0.03958906978368759,,2760.193771839142,116.9483528137207
6302,0.039119791239500046,,2760.626876592636,116.96327471733093
6303,0.03919216990470886,,2761.059508085251,116.97822880744934
6304,0.039205651730298996,,2761.492166042328,116.99314403533936
6305,0.039565056562423706,,2761.925139904022,117.00808930397034
6306,0.03909961134195328,,2762.3584225177765,117.02306485176086
6307,0.039342932403087616,,2762.7926201820374,117.03803873062134
6308,0.03952440991997719,,2763.225707054138,117.05299186706543
6309,0.03943750634789467,,2763.6581723690033,117.06794857978821
6310,0.039354950189590454,,2764.0915837287903,117.08290958404541
6311,0.03935355693101883,,2764.522885322571,117.09784030914307
6312,0.03941182792186737,,2764.955692768097,117.11278653144836
6313,0.038990117609500885,,2765.3884131908417,117.12771344184875
6314,0.03905471786856651,,2765.8219108581543,117.14267110824585
6315,0.03898289427161217,,2766.2536749839783,117.15771460533142
6316,0.03905041888356209,,2766.6873054504395,117.17265820503235
6317,0.03908607363700867,,2767.121216058731,117.18760275840759
6318,0.03950665518641472,,2767.5537316799164,117.20254921913147
6319,0.03929673880338669,,2767.987881422043,117.21750402450562
6320,0.03923102468252182,,2768.421224117279,117.23243618011475
6321,0.03903871029615402,,2768.8525519371033,117.24738645553589
6322,0.03940827026963234,,2769.2866230010986,117.26231598854065
6323,0.03951041027903557,,2769.719885110855,117.27727198600769
6324,0.03945450857281685,,2770.1530618667603,117.29218649864197
6325,0.039457157254219055,,2770.5874598026276,117.30715203285217
6326,0.0402141734957695,,2771.020522594452,117.32213854789734
6327,0.040595464408397675,,2771.4538683891296,117.33708643913269
6328,0.04069351777434349,,2771.88818359375,117.35202622413635
6329,0.04011189937591553,,2772.322000980377,117.36698150634766
6330,0.03997144103050232,,2772.7558102607727,117.38193702697754
6331,0.0398218147456646,,2773.188935279846,117.39687514305115
6332,0.04026462882757187,,2773.620914697647,117.41181707382202
6333,0.04051823541522026,,2774.0536477565765,117.42676115036011
6334,0.04057900235056877,,2774.487821817398,117.44171404838562
6335,0.04057994484901428,,2774.9216227531433,117.4566261768341
6336,0.0401138998568058,,2775.356481075287,117.47157263755798
6337,0.039903584867715836,,2775.7890701293945,117.48651337623596
6338,0.040038008242845535,,2776.2228615283966,117.50146412849426
6339,0.039784904569387436,,2776.657155752182,117.51640462875366
6340,0.03940815106034279,,2777.0910515785217,117.53134202957153
6341,0.03971773013472557,,2777.5242211818695,117.54629826545715
6342,0.040324170142412186,,2777.957446336746,117.56124567985535
6343,0.03996005654335022,,2778.390760421753,117.57620239257812
6344,0.039859529584646225,,2778.8241860866547,117.59114074707031
6345,0.03952997922897339,,2779.258306503296,117.60608792304993
6346,0.03935319930315018,,2779.6922359466553,117.62103152275085
6347,0.0394989512860775,,2780.1244280338287,117.63596868515015
6348,0.039400991052389145,,2780.554931640625,117.65088844299316
6349,0.03943701833486557,,2780.9905507564545,117.66583156585693
6350,0.03957557678222656,,2781.6439929008484,117.68075704574585
6351,0.03898832947015762,,2782.077445745468,117.69570922851562
6352,0.03919519484043121,,2782.510647535324,117.7106397151947
6353,0.039167389273643494,,2782.9439833164215,117.72558808326721
6354,0.038987331092357635,,2783.378815174103,117.7405378818512
6355,0.03940144553780556,,2783.811455011368,117.75548768043518
6356,0.039358723908662796,,2784.2439143657684,117.77044224739075
6357,0.0393594428896904,,2784.6824944019318,117.78541469573975
6358,0.03944253921508789,,2785.116337299347,117.80035662651062
6359,0.03941425681114197,,2785.548171043396,117.81530046463013
6360,0.03918291628360748,,2785.9831433296204,117.8302743434906
6361,0.03933892771601677,,2786.4153683185577,117.8452091217041
6362,0.03914324939250946,,2786.849908351898,117.86016201972961
6363,0.039358146488666534,,2787.2816829681396,117.87509870529175
6364,0.03964485228061676,,2787.7154512405396,117.89006495475769
6365,0.039618901908397675,,2788.1489148139954,117.90502834320068
6366,0.03967300057411194,,2788.5817012786865,117.91998386383057
6367,0.039437055587768555,,2789.015921831131,117.93492794036865
6368,0.03925023600459099,,2789.44841837883,117.94987034797668
6369,0.03934058919548988,,2789.8827447891235,117.96488690376282
6370,0.03950468450784683,,2790.316513776779,117.97982001304626
6371,0.03938334807753563,,2790.7483999729156,117.9947612285614
6372,0.03929980471730232,,2791.183263540268,118.00969099998474
6373,0.03914565593004227,,2791.6161918640137,118.02462983131409
6374,0.03906036913394928,,2792.0502622127533,118.03955006599426
6375,0.03906041383743286,,2792.4846637248993,118.05449318885803
6376,0.039437152445316315,,2792.9185173511505,118.06943988800049
6377,0.03917721286416054,,2793.3522086143494,118.08439493179321
6378,0.03934179246425629,,2793.7857966423035,118.09932971000671
6379,0.03939135745167732,,2794.219475507736,118.11427187919617
6380,0.03938412293791771,,2794.652426958084,118.12921214103699
6381,0.03923081234097481,,2795.087083339691,118.14417243003845
6382,0.03913173824548721,,2795.520032644272,118.15912199020386
6383,0.03926197811961174,,2795.953065633774,118.17404651641846
6384,0.03949728608131409,,2796.386126279831,118.18898630142212
6385,0.03904816508293152,,2796.821234226227,118.20392537117004
6386,0.039359357208013535,,2797.25515294075,118.21889042854309
6387,0.039308514446020126,,2797.6874539852142,118.23380708694458
6388,0.03942832350730896,,2798.1209614276886,118.24876642227173
6389,0.039163343608379364,,2798.5529799461365,118.26371479034424
6390,0.03932291269302368,,2798.987283706665,118.27865934371948
6391,0.039078619331121445,,2799.420482635498,118.29359650611877
6392,0.0391492135822773,,2799.8539822101593,118.30855178833008
6393,0.03941335901618004,,2800.288813829422,118.32349467277527
6394,0.03889835253357887,,2800.7197642326355,118.33843183517456
6395,0.0394609235227108,,2801.1546363830566,118.35337281227112
6396,0.03917958214879036,,2801.5879487991333,118.36831521987915
6397,0.039658382534980774,,2802.0216629505157,118.38326907157898
6398,0.03918728232383728,,2802.4558296203613,118.39820575714111
6399,0.03915202617645264,,2802.888127565384,118.4131350517273
6400,0.039404720067977905,,2803.541345357895,118.42808198928833
6401,0.03916804492473602,,2803.972941637039,118.44302082061768
6402,0.03909944370388985,,2804.407645702362,118.45793986320496
6403,0.0392291359603405,,2804.8406167030334,118.4728946685791
6404,0.03934092819690704,,2805.2749581336975,118.48785471916199
6405,0.03945385664701462,,2805.708793401718,118.50280165672302
6406,0.039181891828775406,,2806.1419711112976,118.51773953437805
6407,0.0392458438873291,,2806.575613260269,118.53267669677734
6408,0.03938065096735954,,2807.0083346366882,118.54762196540833
6409,0.03877440094947815,,2807.441515684128,118.56256699562073
6410,0.03914280980825424,,2807.876302719116,118.5775077342987
6411,0.0393274687230587,,2808.3097298145294,118.59245491027832
6412,0.039415810257196426,,2808.7423911094666,118.6074070930481
6413,0.03925207629799843,,2809.175765514374,118.62232875823975
6414,0.039081674069166183,,2809.6091935634613,118.63727569580078
6415,0.039561714977025986,,2810.0420093536377,118.65222120285034
6416,0.03932688757777214,,2810.475473880768,118.66717553138733
6417,0.039544619619846344,,2810.906843185425,118.68211793899536
6418,0.03964405134320259,,2811.3400497436523,118.69704627990723
6419,0.039569973945617676,,2811.7733137607574,118.71198558807373
6420,0.03928576409816742,,2812.2063267230988,118.72693967819214
6421,0.039200663566589355,,2812.640589952469,118.74188494682312
6422,0.03907293453812599,,2813.073011636734,118.75681900978088
6423,0.03933433070778847,,2813.506945848465,118.77176403999329
6424,0.039156194776296616,,2813.9422821998596,118.78670477867126
6425,0.03945867717266083,,2814.3763332366943,118.80164790153503
6426,0.0391630120575428,,2814.809492826462,118.81658792495728
6427,0.039267897605895996,,2815.2434406280518,118.83153319358826
6428,0.038942694664001465,,2815.6767733097076,118.84648370742798
6429,0.03896670788526535,,2816.109168767929,118.86144614219666
6430,0.03893915191292763,,2816.5419342517853,118.87638139724731
6431,0.0391448512673378,,2816.9758038520813,118.89133310317993
6432,0.03943584859371185,,2817.4060678482056,118.90629625320435
6433,0.03885238990187645,,2817.840266227722,118.92125105857849
6434,0.0387788824737072,,2818.275996685028,118.93618631362915
6435,0.03930702060461044,,2818.709470272064,118.95114398002625
6436,0.039251916110515594,,2819.1409163475037,118.96611404418945
6437,0.03899919614195824,,2819.5747907161713,118.98106408119202
6438,0.03899173438549042,,2820.0081474781036,118.9960150718689
6439,0.039109691977500916,,2820.4411261081696,119.01095986366272
6440,0.03880249708890915,,2820.8757972717285,119.02591705322266
6441,0.03913336992263794,,2821.307673215866,119.0408582687378
6442,0.03896898776292801,,2821.739012002945,119.05580163002014
6443,0.03919360414147377,,2822.1730065345764,119.07076954841614
6444,0.038961149752140045,,2822.6065151691437,119.08571481704712
6445,0.03913494944572449,,2823.0384085178375,119.10066676139832
6446,0.039203766733407974,,2823.4717285633087,119.11560440063477
6447,0.039114322513341904,,2823.904487848282,119.13055968284607
6448,0.03914710506796837,,2824.338011264801,119.1455135345459
6449,0.039180856198072433,,2824.7712836265564,119.16044306755066
6450,0.03912081569433212,,2825.4251499176025,119.1754081249237
6451,0.039073485881090164,,2825.8603110313416,119.19035768508911
6452,0.03909461572766304,,2826.292496442795,119.20529985427856
6453,0.03892575949430466,,2826.726975917816,119.22025418281555
6454,0.03905908390879631,,2827.1639487743378,119.23520565032959
6455,0.03893745318055153,,2827.5978055000305,119.25015163421631
6456,0.03901887312531471,,2828.0310978889465,119.26508855819702
6457,0.038704611361026764,,2828.4652161598206,119.28003525733948
6458,0.03880133852362633,,2828.8987135887146,119.29498267173767
6459,0.038928885012865067,,2829.3308849334717,119.30993318557739
6460,0.03907894343137741,,2829.7652339935303,119.32487463951111
6461,0.03894651681184769,,2830.197510957718,119.3398118019104
6462,0.039336174726486206,,2830.6306273937225,119.35477447509766
6463,0.03913441300392151,,2831.065102815628,119.36970376968384
6464,0.03891652822494507,,2831.49733376503,119.38465690612793
6465,0.0390125997364521,,2831.92907166481,119.39960408210754
6466,0.03897954151034355,,2832.3638570308685,119.41454648971558
6467,0.038989659398794174,,2832.7967805862427,119.42950367927551
6468,0.03879779577255249,,2833.2326848506927,119.44444918632507
6469,0.0392591618001461,,2833.6642923355103,119.45939683914185
6470,0.0389043465256691,,2834.098672389984,119.4743447303772
6471,0.03923124819993973,,2834.530970096588,119.4892828464508
6472,0.039040084928274155,,2834.963438987732,119.50421810150146
6473,0.03918427973985672,,2835.3950338363647,119.51916599273682
6474,0.039370980113744736,,2835.8260498046875,119.53408765792847
6475,0.038966547697782516,,2836.2604541778564,119.54904985427856
6476,0.03886193409562111,,2836.6936984062195,119.56397771835327
6477,0.03870198875665665,,2837.1276772022247,119.57892751693726
6478,0.038808103650808334,,2837.5607380867004,119.59389042854309
6479,0.03886010870337486,,2837.9962644577026,119.60882902145386
6480,0.03889619559049606,,2838.429456949234,119.62378001213074
6481,0.03902210295200348,,2838.86474442482,119.63871908187866
6482,0.03937935084104538,,2839.29647898674,119.65365982055664
6483,0.03895670548081398,,2839.7296736240387,119.66860342025757
6484,0.03890461102128029,,2840.1647453308105,119.68353843688965
6485,0.0390627458691597,,2840.5981736183167,119.69847917556763
6486,0.039037030190229416,,2841.0314683914185,119.7134256362915
6487,0.03914525732398033,,2841.4669666290283,119.72836995124817
6488,0.038947299122810364,,2841.900635242462,119.74331498146057
6489,0.03902903571724892,,2842.333285331726,119.75826573371887
6490,0.039054807275533676,,2842.76775932312,119.77320909500122
6491,0.038786161690950394,,2843.201684474945,119.78814554214478
6492,0.03890983760356903,,2843.6352066993713,119.8031358718872
6493,0.03872646763920784,,2844.0702073574066,119.81808185577393
6494,0.038638968020677567,,2844.50319647789,119.83303117752075
6495,0.039106450974941254,,2844.9363639354706,119.84797954559326
6496,0.03912856802344322,,2845.3716535568237,119.86295318603516
6497,0.038844797760248184,,2845.8040614128113,119.87789225578308
6498,0.03874897584319115,,2846.2382509708405,119.89281940460205
6499,0.03878551349043846,,2846.673429965973,119.90777516365051
6500,0.038617927581071854,-0.0015696979826316237,2847.327166080475,121.66434383392334
6501,0.03945457562804222,,2847.7589240074158,121.6792631149292
6502,0.03943401575088501,,2848.1907708644867,121.69421052932739
6503,0.03938361629843712,,2848.623958826065,121.70915079116821
6504,0.03958695009350777,,2849.058037996292,121.72409582138062
6505,0.03909121826291084,,2849.493675470352,121.73903799057007
6506,0.038971200585365295,,2849.924600124359,121.75399708747864
6507,0.0388004444539547,,2850.359283924103,121.76896071434021
6508,0.03891579434275627,,2850.791386127472,121.78390836715698
6509,0.03872793912887573,,2851.2249422073364,121.79885625839233
6510,0.03904992714524269,,2851.6598427295685,121.81380438804626
6511,0.04001404345035553,,2852.093091726303,121.82874894142151
6512,0.039169009774923325,,2852.525398492813,121.8436861038208
6513,0.03922991082072258,,2852.9577696323395,121.85864114761353
6514,0.038764066994190216,,2853.3898656368256,121.87359666824341
6515,0.03892111778259277,,2853.822313785553,121.8885440826416
6516,0.03881426155567169,,2854.255939245224,121.90358328819275
6517,0.03864063322544098,,2854.6873967647552,121.91852879524231
6518,0.03863324597477913,,2855.1209621429443,121.93348407745361
6519,0.03862106800079346,,2855.5558865070343,121.94842386245728
6520,0.038727547973394394,,2855.986255168915,121.96336102485657
6521,0.03858017176389694,,2856.4198384284973,121.97830700874329
6522,0.03882191702723503,,2856.8537707328796,121.99327373504639
6523,0.038634296506643295,,2857.2862408161163,122.00825309753418
6524,0.038828231394290924,,2857.719618320465,122.02320098876953
6525,0.038795072585344315,,2858.1550443172455,122.03815531730652
6526,0.038797296583652496,,2858.5879883766174,122.05310249328613
6527,0.038797374814748764,,2859.022868156433,122.0680525302887
6528,0.03839913383126259,,2859.456162214279,122.08299088478088
6529,0.038837090134620667,,2859.887661218643,122.09793448448181
6530,0.03888909891247749,,2860.321947336197,122.11288833618164
6531,0.039347559213638306,,2860.75448012352,122.12782382965088
6532,0.03895256295800209,,2861.187386751175,122.1427674293518
6533,0.03938620910048485,,2861.6205565929413,122.15771627426147
6534,0.038880813866853714,,2862.052807569504,122.1726758480072
6535,0.03882047161459923,,2862.48708152771,122.18761825561523
6536,0.038809776306152344,,2862.9208812713623,122.20256447792053
6537,0.03910655528306961,,2863.3529813289642,122.2175133228302
6538,0.0388382226228714,,2863.786326646805,122.23245882987976
6539,0.039116255939006805,,2864.2200751304626,122.24739789962769
6540,0.03897740691900253,,2864.6541578769684,122.26234173774719
6541,0.03878890350461006,,2865.0873053073883,122.27729320526123
6542,0.038866132497787476,,2865.5223639011383,122.29225873947144
6543,0.039116013795137405,,2865.9562385082245,122.30720376968384
6544,0.03899085521697998,,2866.3896498680115,122.3221390247345
6545,0.03899452090263367,,2866.8197371959686,122.33708095550537
6546,0.03934074938297272,,2867.2532398700714,122.35202479362488
6547,0.039055224508047104,,2867.6859242916107,122.36697220802307
6548,0.03914274647831917,,2868.119774580002,122.3819191455841
6549,0.03916546329855919,,2868.5536065101624,122.39689540863037
6550,0.03892979770898819,,2869.2069878578186,122.41184425354004
6551,0.03876956179738045,,2869.63987326622,122.42679953575134
6552,0.0386560782790184,,2870.073835372925,122.44176411628723
6553,0.038905490189790726,,2870.5059204101562,122.45672941207886
6554,0.03871120139956474,,2870.9392850399017,122.47165513038635
6555,0.03878455236554146,,2871.372258424759,122.48659682273865
6556,0.0385565459728241,,2871.8061299324036,122.50153803825378
6557,0.03850724920630455,,2872.239603996277,122.51648950576782
6558,0.03863813355565071,,2872.673483848572,122.53142809867859
6559,0.0386909618973732,,2873.10813832283,122.54638290405273
6560,0.03861609473824501,,2873.5453283786774,122.56133532524109
6561,0.03864844888448715,,2873.9778695106506,122.57628440856934
6562,0.038523897528648376,,2874.409852743149,122.59120750427246
6563,0.03920247405767441,,2874.844374895096,122.6061623096466
6564,0.03903133049607277,,2875.2775073051453,122.62113451957703
6565,0.03926558047533035,,2875.710788488388,122.63609075546265
6566,0.039062466472387314,,2876.1456170082092,122.65103483200073
6567,0.039219245314598083,,2876.57998251915,122.66596531867981
6568,0.03904036059975624,,2877.012318611145,122.68091177940369
6569,0.03887912631034851,,2877.4475243091583,122.69585847854614
6570,0.038950808346271515,,2877.879611968994,122.71080422401428
6571,0.03897617757320404,,2878.3131217956543,122.72576689720154
6572,0.03904356807470322,,2878.747040271759,122.74071478843689
6573,0.03900238499045372,,2879.180284500122,122.75565481185913
6574,0.03919754922389984,,2879.6126997470856,122.77059721946716
6575,0.0392288863658905,,2880.0481441020966,122.78552627563477
6576,0.039248086512088776,,2880.4807362556458,122.80047225952148
6577,0.03903643414378166,,2880.9141635894775,122.81540417671204
6578,0.03900592774152756,,2881.3478100299835,122.83033633232117
6579,0.03892116621136665,,2881.7823429107666,122.84529566764832
6580,0.03924219682812691,,2882.214952468872,122.86023736000061
6581,0.039011675864458084,,2882.649160385132,122.87519145011902
6582,0.03881002962589264,,2883.0833933353424,122.89013671875
6583,0.03890366852283478,,2883.517778635025,122.90507864952087
6584,0.03872651234269142,,2883.9519526958466,122.92003655433655
6585,0.03874604403972626,,2884.3849737644196,122.934983253479
6586,0.03886088728904724,,2884.8183286190033,122.94991397857666
6587,0.03942325338721275,,2885.250923395157,122.96486330032349
6588,0.039250317960977554,,2885.6835582256317,122.97979927062988
6589,0.03914489597082138,,2886.116575241089,122.99474954605103
6590,0.03941137716174126,,2886.5503780841827,123.0097017288208
6591,0.03967064246535301,,2886.982440471649,123.02464151382446
6592,0.03922701254487038,,2887.415236711502,123.03959465026855
6593,0.03917473554611206,,2887.8487026691437,123.05455303192139
6594,0.039354629814624786,,2888.2832736968994,123.06949472427368
6595,0.03963087126612663,,2888.7154750823975,123.0844497680664
6596,0.039391059428453445,,2889.148829936981,123.09939861297607
6597,0.0395696721971035,,2889.582644224167,123.11434435844421
6598,0.03894462063908577,,2890.0158982276917,123.12928891181946
6599,0.039069246500730515,,2890.4497351646423,123.14422488212585
6600,0.039153967052698135,,2891.104038953781,123.15917181968689
6601,0.03908440098166466,,2891.538435459137,123.17411732673645
6602,0.03896478936076164,,2891.969816684723,123.18905782699585
6603,0.03929510712623596,,2892.403190135956,123.20398545265198
6604,0.039026644080877304,,2892.836023569107,123.2189290523529
6605,0.038949545472860336,,2893.2691371440887,123.2338593006134
6606,0.03907036408782005,,2893.701873064041,123.24880766868591
6607,0.039233073592185974,,2894.134655714035,123.2637574672699
6608,0.03916439414024353,,2894.567539691925,123.2787013053894
6609,0.03914284706115723,,2894.999006986618,123.29364395141602
6610,0.039648041129112244,,2895.432669878006,123.30858612060547
6611,0.03954708203673363,,2895.86466383934,123.32353854179382
6612,0.039515022188425064,,2896.2980587482452,123.33847188949585
6613,0.03914172202348709,,2896.7320308685303,123.35343956947327
6614,0.03911608085036278,,2897.1651940345764,123.3683614730835
6615,0.03900400176644325,,2897.597934961319,123.38330960273743
6616,0.039210058748722076,,2898.032171726227,123.39823293685913
6617,0.038981880992650986,,2898.466611146927,123.41317796707153
6618,0.03905396908521652,,2898.8990981578827,123.42812538146973
6619,0.039008643478155136,,2899.3328471183777,123.4430923461914
6620,0.038840197026729584,,2899.764876127243,123.45803427696228
6621,0.038967784494161606,,2900.198397874832,123.47298192977905
6622,0.038813717663288116,,2900.6322898864746,123.48792743682861
6623,0.03881566599011421,,2901.0654315948486,123.5028600692749
6624,0.03904492408037186,,2901.4954662323,123.51781845092773
6625,0.03877755627036095,,2901.9278123378754,123.53275465965271
6626,0.03923896700143814,,2902.362217903137,123.54768061637878
6627,0.03912734612822533,,2902.795328140259,123.56263017654419
6628,0.03897777572274208,,2903.2280254364014,123.57759070396423
6629,0.038959819823503494,,2903.6612973213196,123.59253263473511
6630,0.03885078430175781,,2904.095827102661,123.60747337341309
6631,0.03941209614276886,,2904.5292613506317,123.62241435050964
6632,0.039135947823524475,,2904.9623725414276,123.63736462593079
6633,0.039087191224098206,,2905.3963327407837,123.65232157707214
6634,0.038983698934316635,,2905.8302614688873,123.66726040840149
6635,0.03892748802900314,,2906.2632529735565,123.68222308158875
6636,0.03918321430683136,,2906.6963613033295,123.69715213775635
6637,0.038975056260824203,,2907.1311032772064,123.71209239959717
6638,0.03900955244898796,,2907.564069747925,123.72704100608826
6639,0.03898623213171959,,2907.996096611023,123.74198341369629
6640,0.03912043944001198,,2908.430422067642,123.75693774223328
6641,0.03890814259648323,,2908.8642604351044,123.77187442779541
6642,0.03870977833867073,,2909.2984597682953,123.78682112693787
6643,0.038630664348602295,,2909.733472108841,123.8017749786377
6644,0.03896281495690346,,2910.1664628982544,123.81671857833862
6645,0.03918768838047981,,2910.6000044345856,123.83166432380676
6646,0.03903414309024811,,2911.034513235092,123.84659433364868
6647,0.039026133716106415,,2911.4674973487854,123.86152982711792
6648,0.03891440108418465,,2911.900423526764,123.87647581100464
6649,0.03886916860938072,,2912.335254907608,123.89139747619629
6650,0.039161719381809235,,2912.9889454841614,123.90635561943054
6651,0.038909781724214554,,2913.422755241394,123.92129468917847
6652,0.03924421966075897,,2913.856017589569,123.93623518943787
6653,0.039033081382513046,,2914.2885303497314,123.95117735862732
6654,0.039131466299295425,,2914.7224459648132,123.96612548828125
6655,0.038688238710165024,,2915.155481815338,123.98107123374939
6656,0.03895246610045433,,2915.588312149048,123.99601697921753
6657,0.03881723806262016,,2916.022339820862,124.01097059249878
6658,0.03902608901262283,,2916.4556379318237,124.02592277526855
6659,0.038821425288915634,,2916.8897540569305,124.04088425636292
6660,0.03886270895600319,,2917.324380159378,124.05581641197205
6661,0.03901626914739609,,2917.7584500312805,124.07075309753418
6662,0.03878317400813103,,2918.1914582252502,124.08568620681763
6663,0.039770208299160004,,2918.6252057552338,124.10065150260925
6664,0.03891680762171745,,2919.0599167346954,124.11561846733093
6665,0.03892055153846741,,2919.4940140247345,124.13057136535645
6666,0.038894448429346085,,2919.927230119705,124.14551520347595
6667,0.03865708410739899,,2920.36031126976,124.16047954559326
6668,0.03886597603559494,,2920.79354429245,124.17542505264282
6669,0.03882867097854614,,2921.2269744873047,124.1903612613678
6670,0.03896673023700714,,2921.6602585315704,124.20531702041626
6671,0.038618139922618866,,2922.093377828598,124.22025990486145
6672,0.03838260844349861,,2922.527405023575,124.23522424697876
6673,0.0384850911796093,,2922.9609110355377,124.25014686584473
6674,0.03889591991901398,,2923.3932452201843,124.26508283615112
6675,0.0387401320040226,,2923.8283293247223,124.28003001213074
6676,0.038545481860637665,,2924.2619111537933,124.29497647285461
6677,0.03875589370727539,,2924.6951422691345,124.30992412567139
6678,0.03882027044892311,,2925.1280579566956,124.3248655796051
6679,0.03874441236257553,,2925.561321258545,124.33981680870056
6680,0.038676753640174866,,2925.994013786316,124.3547592163086
6681,0.03850911185145378,,2926.4270775318146,124.36970829963684
6682,0.03859174996614456,,2926.8606057167053,124.38464999198914
6683,0.03864448517560959,,2927.293401002884,124.39960145950317
6684,0.038312412798404694,,2927.7277479171753,124.4145359992981
6685,0.03870505467057228,,2928.1605150699615,124.42948985099792
6686,0.03866582363843918,,2928.5923433303833,124.44440293312073
6687,0.03858642652630806,,2929.0259907245636,124.45935988426208
6688,0.03860928490757942,,2929.4602105617523,124.47430491447449
6689,0.0387592576444149,,2929.893646001816,124.48924541473389
6690,0.03877565264701843,,2930.3287196159363,124.50419235229492
6691,0.038555167615413666,,2930.760803461075,124.51914310455322
6692,0.03873346745967865,,2931.1939964294434,124.53409171104431
6693,0.03867141902446747,,2931.6280221939087,124.54902720451355
6694,0.03851361200213432,,2932.0616793632507,124.5639820098877
6695,0.038508668541908264,,2932.4941375255585,124.57893180847168
6696,0.03855736926198006,,2932.9301636219025,124.59386992454529
6697,0.03888382017612457,,2933.3651735782623,124.60880398750305
6698,0.038770489394664764,,2933.7974343299866,124.62374234199524
6699,0.038915909826755524,,2934.238904953003,124.63867163658142
6700,0.03904091566801071,,2934.892225265503,124.65361642837524
6701,0.03860731050372124,,2935.326020717621,124.6685848236084
6702,0.03851672634482384,,2935.759307861328,124.6835310459137
6703,0.03882581368088722,,2936.192668914795,124.69847178459167
6704,0.038793355226516724,,2936.6259956359863,124.7134199142456
6705,0.03847282752394676,,2937.0594322681427,124.72834849357605
6706,0.03878776356577873,,2937.4924669265747,124.74331164360046
6707,0.03895128518342972,,2937.923962831497,124.75824689865112
6708,0.03885865584015846,,2938.3579018115997,124.77318906784058
6709,0.03896016627550125,,2938.789796590805,124.78813076019287
6710,0.03874911740422249,,2939.2238483428955,124.80308747291565
6711,0.03887132927775383,,2939.656465768814,124.81803870201111
6712,0.03855269029736519,,2940.0907237529755,124.83298325538635
6713,0.03849555552005768,,2940.5239477157593,124.84792900085449
6714,0.03865121677517891,,2940.956751346588,124.86286616325378
6715,0.03848031163215637,,2941.390438556671,124.87781929969788
6716,0.0394352562725544,,2941.8251180648804,124.89272904396057
6717,0.039090596139431,,2942.258560180664,124.90767979621887
6718,0.03896087408065796,,2942.6918716430664,124.922611951828
6719,0.03872133418917656,,2943.1269795894623,124.93755531311035
6720,0.03900548070669174,,2943.558456659317,124.95250344276428
6721,0.03894325718283653,,2943.9892630577087,124.96743845939636
6722,0.038769446313381195,,2944.423520565033,124.98238515853882
6723,0.03914296254515648,,2944.8570880889893,124.99733662605286
6724,0.0395248606801033,,2945.2876908779144,125.01226902008057
6725,0.03914804384112358,,2945.721460580826,125.0272114276886
6726,0.03924892842769623,,2946.1549525260925,125.04214477539062
6727,0.03965684399008751,,2946.588325023651,125.05706572532654
6728,0.038842443376779556,,2947.0221407413483,125.07200455665588
6729,0.03890226036310196,,2947.4559195041656,125.0869493484497
6730,0.038956642150878906,,2947.8884737491608,125.10188269615173
6731,0.039337530732154846,,2948.3224992752075,125.11683464050293
6732,0.03925357386469841,,2948.7547278404236,125.13179063796997
6733,0.03925841674208641,,2949.188685655594,125.14674878120422
6734,0.03929249197244644,,2949.622773885727,125.16171407699585
6735,0.03949710354208946,,2950.0588252544403,125.17665839195251
6736,0.03923729434609413,,2950.49063205719,125.19159746170044
6737,0.03923458978533745,,2950.924381494522,125.20653986930847
6738,0.03907081484794617,,2951.3571269512177,125.22148823738098
6739,0.03855414688587189,,2951.790355682373,125.2364456653595
6740,0.03901179879903793,,2952.223781108856,125.25138807296753
6741,0.03895844891667366,,2952.658133983612,125.26633834838867
6742,0.03861856833100319,,2953.0912799835205,125.28130173683167
6743,0.0393078587949276,,2953.5242989063263,125.29623103141785
6744,0.03926755487918854,,2953.959248781204,125.31117725372314
6745,0.03902076184749603,,2954.39111495018,125.32612586021423
6746,0.038714632391929626,,2954.8234515190125,125.34107828140259
6747,0.03875032067298889,,2955.2568213939667,125.35602116584778
6748,0.03818419575691223,,2955.6881737709045,125.3709557056427
6749,0.038325417786836624,,2956.1231338977814,125.3858892917633
6750,0.03847765177488327,,2956.777821779251,125.40084338188171
6751,0.03873786702752113,,2957.211725950241,125.41578674316406
6752,0.03897701948881149,,2957.643330812454,125.43073177337646
6753,0.0385076105594635,,2958.0755002498627,125.44566297531128
6754,0.03892514482140541,,2958.50816655159,125.46059703826904
6755,0.03861353546380997,,2958.941727876663,125.47550892829895
6756,0.0387607105076313,,2959.3742871284485,125.49045515060425
6757,0.03877086564898491,,2959.8081316947937,125.50540328025818
6758,0.03899534419178963,,2960.2415318489075,125.52034258842468
6759,0.039167508482933044,,2960.6725265979767,125.53529667854309
6760,0.03891252726316452,,2961.1063928604126,125.55024313926697
6761,0.038554225116968155,,2961.539665699005,125.5651798248291
6762,0.038816310465335846,,2961.9734218120575,125.58010721206665
6763,0.03858671709895134,,2962.406884908676,125.59505367279053
6764,0.039116270840168,,2962.8393309116364,125.60997414588928
6765,0.039270613342523575,,2963.272971868515,125.62492442131042
6766,0.038871269673109055,,2963.7066593170166,125.63985419273376
6767,0.03879392519593239,,2964.137961626053,125.65479922294617
6768,0.038821298629045486,,2964.571370601654,125.66974139213562
6769,0.03894669562578201,,2965.0054886341095,125.68469977378845
6770,0.03874914348125458,,2965.4375655651093,125.69964337348938
6771,0.03893055021762848,,2965.871425151825,125.71457242965698
6772,0.038695286959409714,,2966.3064172267914,125.72953128814697
6773,0.038783662021160126,,2966.739422559738,125.74449396133423
6774,0.03884080797433853,,2967.172520637512,125.75943160057068
6775,0.038723185658454895,,2967.6055495738983,125.77435111999512
6776,0.03897100314497948,,2968.038019180298,125.7892918586731
6777,0.039025843143463135,,2968.4711589813232,125.80421614646912
6778,0.03845950961112976,,2968.9061138629913,125.81915640830994
6779,0.03876418620347977,,2969.3384001255035,125.83409643173218
6780,0.03857584297657013,,2969.773264169693,125.84904193878174
6781,0.03860318288207054,,2970.2066655158997,125.86400151252747
6782,0.03880028426647186,,2970.639569044113,125.87895894050598
6783,0.03842630982398987,,2971.072638273239,125.89390802383423
6784,0.03845958411693573,,2971.504979610443,125.90885019302368
6785,0.038506828248500824,,2971.9373474121094,125.92379546165466
6786,0.03885477036237717,,2972.3693788051605,125.93874311447144
6787,0.038472484797239304,,2972.803858280182,125.95368146896362
6788,0.038400474935770035,,2973.2373208999634,125.96862530708313
6789,0.038612574338912964,,2973.6735713481903,125.98357462882996
6790,0.038375016301870346,,2974.10648393631,125.99851417541504
6791,0.038467347621917725,,2974.540421485901,126.01345443725586
6792,0.038674939423799515,,2974.9741003513336,126.02840685844421
6793,0.03877062350511551,,2975.4070007801056,126.04336142539978
6794,0.03848133236169815,,2975.840578556061,126.0583086013794
6795,0.03843565657734871,,2976.271973848343,126.07324290275574
6796,0.03872325271368027,,2976.706065416336,126.08818745613098
6797,0.038363225758075714,,2977.1398932933807,126.1031436920166
6798,0.03834051266312599,,2977.5709607601166,126.11808896064758
6799,0.03846877068281174,,2978.0053448677063,126.1330292224884
6800,0.03855049982666969,,2978.6601560115814,126.1479823589325
6801,0.038625095039606094,,2979.0949623584747,126.1629250049591
6802,0.03873011842370033,,2979.5263175964355,126.17786717414856
6803,0.038591690361499786,,2979.959218263626,126.19281578063965
6804,0.038763273507356644,,2980.3924567699432,126.20777177810669
6805,0.03892066329717636,,2980.8266224861145,126.22272968292236
6806,0.038643550127744675,,2981.2608680725098,126.2376708984375
6807,0.03895271196961403,,2981.6953830718994,126.25260663032532
6808,0.038570161908864975,,2982.12881064415,126.26754641532898
6809,0.03870384767651558,,2982.561854124069,126.28248238563538
6810,0.03868001699447632,,2982.9955911636353,126.29742097854614
6811,0.03877772018313408,,2983.4284262657166,126.31236863136292
6812,0.03844895213842392,,2983.860813140869,126.32729935646057
6813,0.03865258768200874,,2984.2947130203247,126.34224891662598
6814,0.038711067289114,,2984.726883172989,126.3571846485138
6815,0.03895622119307518,,2985.1597492694855,126.37212705612183
6816,0.03917236626148224,,2985.592865228653,126.38707518577576
6817,0.03867517039179802,,2986.025007724762,126.40202116966248
6818,0.03862157464027405,,2986.4583661556244,126.41695547103882
6819,0.03853808715939522,,2986.892313480377,126.4318962097168
6820,0.03899446874856949,,2987.325127363205,126.44683718681335
6821,0.03864726051688194,,2987.758024930954,126.46177673339844
6822,0.038433585315942764,,2988.1929156780243,126.47671413421631
6823,0.03843481466174126,,2988.62557888031,126.49165487289429
6824,0.038542743772268295,,2989.0585181713104,126.50661754608154
6825,0.039116159081459045,,2989.4930016994476,126.5215482711792
6826,0.038351912051439285,,2989.9247617721558,126.53649306297302
6827,0.03852458670735359,,2990.359625339508,126.55144739151001
6828,0.038530390709638596,,2990.7936594486237,126.56640768051147
6829,0.038758784532547,,2991.22593665123,126.58136010169983
6830,0.038734015077352524,,2991.6592812538147,126.59629917144775
6831,0.038478415459394455,,2992.090004682541,126.61124300956726
6832,0.038666024804115295,,2992.5246345996857,126.62619805335999
6833,0.03888080269098282,,2992.958667755127,126.64114570617676
6834,0.03886917978525162,,2993.390930891037,126.65607500076294
6835,0.03881680592894554,,2993.8241369724274,126.67102551460266
6836,0.03879362344741821,,2994.256591320038,126.68599915504456
6837,0.03889013081789017,,2994.6900341510773,126.70093894004822
6838,0.03870631754398346,,2995.1231486797333,126.71588516235352
6839,0.03843560814857483,,2995.5551512241364,126.73082542419434
6840,0.03857706859707832,,2995.989837169647,126.74577832221985
6841,0.03859764710068703,,2996.423501729965,126.76071786880493
6842,0.03901864215731621,,2996.8577797412872,126.7756712436676
6843,0.03846397250890732,,2997.289822101593,126.79061794281006
6844,0.03869742155075073,,2997.722196817398,126.8055772781372
6845,0.03856145218014717,,2998.1564090251923,126.82050514221191
6846,0.03871748223900795,,2998.5902848243713,126.83544325828552
6847,0.038449421525001526,,2999.0235311985016,126.85039567947388
6848,0.03849925473332405,,2999.4581747055054,126.86535239219666
6849,0.03867558017373085,,2999.8928315639496,126.8802924156189
6850,0.03879352658987045,,3000.547705888748,126.89524459838867
6851,0.03862357512116432,,3000.982151031494,126.9102029800415
6852,0.03903709352016449,,3001.416036605835,126.92514300346375
6853,0.03880394250154495,,3001.8487510681152,126.94006991386414
6854,0.03876618295907974,,3002.283086538315,126.95501947402954
6855,0.03864072263240814,,3002.718200445175,126.969966173172
6856,0.03857214376330376,,3003.152370929718,126.98490858078003
6857,0.03884650394320488,,3003.586757183075,126.9998607635498
6858,0.03885927051305771,,3004.020953655243,127.0148069858551
6859,0.038684483617544174,,3004.453775405884,127.02975535392761
6860,0.038622092455625534,,3004.8854463100433,127.04469442367554
6861,0.03856742009520531,,3005.3171145915985,127.05963134765625
6862,0.039003729820251465,,3005.751340150833,127.07457995414734
6863,0.038668133318424225,,3006.1863236427307,127.08952188491821
6864,0.038486599922180176,,3006.6195001602173,127.10446310043335
6865,0.03866315633058548,,3007.051921606064,127.11941742897034
6866,0.038780003786087036,,3007.486048221588,127.13436508178711
6867,0.03838283196091652,,3007.9184103012085,127.14931917190552
6868,0.03838200494647026,,3008.350661754608,127.16424918174744
6869,0.0383836105465889,,3008.784667491913,127.1791844367981
6870,0.038694966584444046,,3009.2169375419617,127.19412302970886
6871,0.03866511210799217,,3009.6490063667297,127.2090756893158
6872,0.03883496671915054,,3010.084132909775,127.22402119636536
6873,0.03880802541971207,,3010.5168726444244,127.23896741867065
6874,0.03888758271932602,,3010.9503543376923,127.25391864776611
6875,0.03868692368268967,,3011.383440256119,127.26885938644409
6876,0.0384712889790535,,3011.816842317581,127.28379774093628
6877,0.03905314952135086,,3012.2507116794586,127.29873204231262
6878,0.038633979856967926,,3012.6846244335175,127.31366848945618
6879,0.03861811012029648,,3013.1173791885376,127.32860803604126
6880,0.03886140510439873,,3013.5503675937653,127.34353685379028
6881,0.03945339471101761,,3013.985058784485,127.35848426818848
6882,0.039677709341049194,,3014.4174959659576,127.37342548370361
6883,0.0395318940281868,,3014.852078437805,127.38838863372803
6884,0.039167921990156174,,3015.2864215373993,127.403329372406
6885,0.03926423192024231,,3015.719212293625,127.41828775405884
6886,0.03912413865327835,,3016.153799057007,127.43323516845703
6887,0.03892999887466431,,3016.5878870487213,127.4481987953186
6888,0.03860718384385109,,3017.020388364792,127.4631187915802
6889,0.0383705236017704,,3017.45264172554,127.47807240486145
6890,0.03831494599580765,,3017.8852066993713,127.49300932884216
6891,0.03835548460483551,,3018.3182945251465,127.50797724723816
6892,0.03878768905997276,,3018.7515211105347,127.52294135093689
6893,0.03855744004249573,,3019.1836411952972,127.53788447380066
6894,0.03859469294548035,,3019.618449449539,127.55282592773438
6895,0.03857535496354103,,3020.051891565323,127.56778120994568
6896,0.03887958824634552,,3020.486575603485,127.58272409439087
6897,0.039032742381095886,,3020.9212024211884,127.59767174720764
6898,0.03888215124607086,,3021.355442047119,127.61262679100037
6899,0.03878187760710716,,3021.7898004055023,127.62759590148926
6900,0.03859046474099159,,3022.44304394722,127.64253854751587
6901,0.03864328935742378,,3022.874857187271,127.6574923992157
6902,0.038645222783088684,,3023.308879852295,127.67243814468384
6903,0.0385570153594017,,3023.7421107292175,127.68737936019897
6904,0.03911310061812401,,3024.175462245941,127.70232486724854
6905,0.03854108229279518,,3024.6105902194977,127.71725130081177
6906,0.038476526737213135,,3025.0456025600433,127.73220109939575
6907,0.038893818855285645,,3025.478438138962,127.74712562561035
6908,0.038254495710134506,,3025.9116876125336,127.7620689868927
6909,0.03858668729662895,,3026.3429188728333,127.7770266532898
6910,0.0382876992225647,,3026.776555299759,127.79197263717651
6911,0.038570716977119446,,3027.209830760956,127.80692052841187
6912,0.038754139095544815,,3027.6433324813843,127.82184934616089
6913,0.03869379684329033,,3028.0779078006744,127.83679699897766
6914,0.03879338130354881,,3028.5115308761597,127.85175013542175
6915,0.03873757645487785,,3028.944077730179,127.86669254302979
6916,0.0387454628944397,,3029.3771483898163,127.88163638114929
6917,0.03831879794597626,,3029.8102850914,127.89658808708191
6918,0.0387527234852314,,3030.243802547455,127.91153955459595
6919,0.03906548023223877,,3030.6772780418396,127.92647767066956
6920,0.03913363069295883,,3031.1115350723267,127.94141173362732
6921,0.03881647810339928,,3031.5440130233765,127.95635342597961
6922,0.03880598023533821,,3031.9778027534485,127.97130393981934
6923,0.03865637630224228,,3032.410588502884,127.98625373840332
6924,0.038394659757614136,,3032.844053506851,128.0012011528015
6925,0.03844340890645981,,3033.2773447036743,128.01616859436035
6926,0.03890232369303703,,3033.7101657390594,128.03110694885254
6927,0.03863498196005821,,3034.1436145305634,128.04604601860046
6928,0.038574542850255966,,3034.577630519867,128.0610089302063
6929,0.038755178451538086,,3035.0100576877594,128.0759460926056
6930,0.03850922733545303,,3035.4422013759613,128.09090518951416
6931,0.0385783389210701,,3035.874882698059,128.1058430671692
6932,0.03860311955213547,,3036.3075411319733,128.12076830863953
6933,0.038560666143894196,,3036.740649700165,128.13572001457214
6934,0.038594819605350494,,3037.1742384433746,128.15067076683044
6935,0.03863302990794182,,3037.6075348854065,128.16562056541443
6936,0.038507502526044846,,3038.040442943573,128.18056344985962
6937,0.03875390440225601,,3038.4738051891327,128.1955111026764
6938,0.03884105011820793,,3038.9050583839417,128.2104663848877
6939,0.038683321326971054,,3039.3381581306458,128.22541522979736
6940,0.03869738429784775,,3039.772833108902,128.24034690856934
6941,0.03860914707183838,,3040.2055249214172,128.25528764724731
6942,0.03845921531319618,,3040.639159679413,128.2702488899231
6943,0.03853177651762962,,3041.072741508484,128.2851927280426
6944,0.03848068043589592,,3041.5062308311462,128.30013990402222
6945,0.03823663666844368,,3041.938177585602,128.3151090145111
6946,0.038617029786109924,,3042.372370481491,128.33006143569946
6947,0.038281287997961044,,3042.805689573288,128.3450062274933
6948,0.03865724802017212,,3043.239146232605,128.35995030403137
6949,0.038328833878040314,,3043.673448085785,128.37489414215088
6950,0.03852163255214691,,3044.3267867565155,128.38984537124634
6951,0.0383436493575573,,3044.7663350105286,128.40477681159973
6952,0.03855103254318237,,3045.1990451812744,128.4197335243225
6953,0.03820827603340149,,3045.6305470466614,128.43467497825623
6954,0.038601916283369064,,3046.0655319690704,128.4496190547943
6955,0.03857775032520294,,3046.4980969429016,128.4645712375641
6956,0.03852716460824013,,3046.9321234226227,128.4795217514038
6957,0.03818522021174431,,3047.3661704063416,128.49446296691895
6958,0.0382322333753109,,3047.799658060074,128.50940823554993
6959,0.0384371392428875,,3048.2329807281494,128.52434515953064
6960,0.038456693291664124,,3048.668594121933,128.5393009185791
6961,0.03859246149659157,,3049.1016783714294,128.5542643070221
6962,0.03857705369591713,,3049.5348088741302,128.5692069530487
6963,0.038585513830184937,,3049.9699358940125,128.58413887023926
6964,0.0383448526263237,,3050.4026980400085,128.59908080101013
6965,0.038377806544303894,,3050.836611509323,128.61404538154602
6966,0.03833242133259773,,3051.2724118232727,128.62898421287537
6967,0.0383380725979805,,3051.70534324646,128.64391922950745
6968,0.0382070317864418,,3052.137047767639,128.65886688232422
6969,0.03827791288495064,,3052.571457862854,128.67381596565247
6970,0.03866361081600189,,3053.0051136016846,128.68874979019165
6971,0.03946293517947197,,3053.4366800785065,128.703697681427
6972,0.03893347084522247,,3053.871352672577,128.7186450958252
6973,0.038764044642448425,,3054.304092168808,128.73359632492065
6974,0.03875173628330231,,3054.736579656601,128.74854230880737
6975,0.03853219375014305,,3055.1709830760956,128.76348876953125
6976,0.0385822057723999,,3055.6045365333557,128.77843260765076
6977,0.03882618248462677,,3056.0387942790985,128.79337811470032
6978,0.03859003260731697,,3056.4711544513702,128.80833554267883
6979,0.03931638225913048,,3056.9037029743195,128.8232581615448
6980,0.03890417516231537,,3057.3380801677704,128.83820819854736
6981,0.0387398786842823,,3057.773150205612,128.85315227508545
6982,0.039005544036626816,,3058.2072916030884,128.86810088157654
6983,0.038674551993608475,,3058.6392328739166,128.88304233551025
6984,0.038437940180301666,,3059.0739583969116,128.89798665046692
6985,0.03840908408164978,,3059.504831314087,128.91293025016785
6986,0.03851088136434555,,3059.9372656345367,128.92787313461304
6987,0.038529470562934875,,3060.371404647827,128.9428210258484
6988,0.03860919550061226,,3060.803438425064,128.957754611969
6989,0.03880520164966583,,3061.2368280887604,128.97269940376282
6990,0.038919251412153244,,3061.6689977645874,128.98763728141785
6991,0.038795869797468185,,3062.1017830371857,129.00257992744446
6992,0.03887636959552765,,3062.535320520401,129.01752400398254
6993,0.03890632838010788,,3062.9680383205414,129.03247785568237
6994,0.038575924932956696,,3063.402536869049,129.04742646217346
6995,0.03859487920999527,,3063.836787223816,129.06235671043396
6996,0.03847026824951172,,3064.270178794861,129.07729864120483
6997,0.03874950855970383,,3064.7026512622833,129.0922510623932
6998,0.0386560894548893,,3065.136395215988,129.10719513893127
6999,0.038992177695035934,,3065.5720434188843,129.1221239566803
7000,0.03877648711204529,-0.0014699622988700867,3066.2270126342773,130.87887954711914
7001,0.0384194515645504,,3066.6601955890656,130.8938376903534
7002,0.03844517469406128,,3067.094413280487,130.90875887870789
7003,0.038629256188869476,,3067.5284399986267,130.92370653152466
7004,0.03849804773926735,,3067.9621522426605,130.93866276741028
7005,0.038418035954236984,,3068.3955433368683,130.95359182357788
7006,0.03846675157546997,,3068.8295044898987,130.96853923797607
7007,0.03851506859064102,,3069.2630631923676,130.9835126399994
7008,0.038588281720876694,,3069.6965141296387,130.99846005439758
7009,0.03853462263941765,,3070.1297130584717,131.01341009140015
7010,0.038523733615875244,,3070.5614812374115,131.02835750579834
7011,0.038799893110990524,,3070.9938757419586,131.0433051586151
7012,0.03865193948149681,,3071.427174091339,131.05826687812805
7013,0.03889625519514084,,3071.8601455688477,131.0731782913208
7014,0.038432374596595764,,3072.292413711548,131.08811259269714
7015,0.038468681275844574,,3072.7258608341217,131.10304999351501
7016,0.03871919587254524,,3073.159813642502,131.1179962158203
7017,0.03874203935265541,,3073.592115163803,131.13293600082397
7018,0.03863878920674324,,3074.024262189865,131.14788579940796
7019,0.03856799006462097,,3074.456198692322,131.16282272338867
7020,0.03854735940694809,,3074.888035774231,131.17778825759888
7021,0.038498856127262115,,3075.3205263614655,131.19272470474243
7022,0.038480233401060104,,3075.755125284195,131.20765328407288
7023,0.03842572495341301,,3076.1873903274536,131.22259545326233
7024,0.039036937057971954,,3076.6200625896454,131.23752307891846
7025,0.03846375644207001,,3077.05490398407,131.2524757385254
7026,0.03881970793008804,,3077.488567829132,131.26741743087769
7027,0.03863004595041275,,3077.9217870235443,131.28237771987915
7028,0.03904943913221359,,3078.3553602695465,131.29732632637024
7029,0.038570139557123184,,3078.7891387939453,131.31227898597717
7030,0.03846793621778488,,3079.2229194641113,131.32722115516663
7031,0.038561660796403885,,3079.6574609279633,131.34217262268066
7032,0.038548439741134644,,3080.0905170440674,131.35711431503296
7033,0.03836439549922943,,3080.523108482361,131.37205123901367
7034,0.03851178660988808,,3080.9605615139008,131.3869903087616
7035,0.038378506898880005,,3081.393983602524,131.401926279068
7036,0.038210880011320114,,3081.825229406357,131.41687273979187
7037,0.03830765187740326,,3082.257464647293,131.43179941177368
7038,0.03837137296795845,,3082.6907806396484,131.44675087928772
7039,0.038461972028017044,,3083.1238107681274,131.46171593666077
7040,0.03862014785408974,,3083.559214115143,131.47666883468628
7041,0.038430046290159225,,3083.99232339859,131.49162411689758
7042,0.0381571389734745,,3084.4254875183105,131.50656867027283
7043,0.03860018029808998,,3084.8572330474854,131.52152800559998
7044,0.0384223498404026,,3085.291008234024,131.5364921092987
7045,0.03847112879157066,,3085.724098920822,131.55144429206848
7046,0.03844659775495529,,3086.157656431198,131.56636786460876
7047,0.03854368254542351,,3086.590301513672,131.58131194114685
7048,0.038582295179367065,,3087.02370429039,131.5962619781494
7049,0.038561947643756866,,3087.457748413086,131.61120176315308
7050,0.03875347599387169,,3088.1097168922424,131.62614679336548
7051,0.038271136581897736,,3088.5437750816345,131.64110565185547
7052,0.038251347839832306,,3088.9774081707,131.6560573577881
7053,0.03831484913825989,,3089.411028623581,131.67100024223328
7054,0.03851183131337166,,3089.8438079357147,131.68595170974731
7055,0.03804333880543709,,3090.2766625881195,131.7009072303772
7056,0.0388963408768177,,3090.7101542949677,131.71585130691528
7057,0.038799092173576355,,3091.144622564316,131.73079109191895
7058,0.03853467106819153,,3091.5753643512726,131.74574732780457
7059,0.03865153715014458,,3092.0078752040863,131.76068925857544
7060,0.03872537985444069,,3092.4413406848907,131.77563071250916
7061,0.03850569203495979,,3092.875185251236,131.79057836532593
7062,0.03840439021587372,,3093.3093070983887,131.80553603172302
7063,0.038373302668333054,,3093.7408394813538,131.82050132751465
7064,0.03836547210812569,,3094.174149990082,131.8354458808899
7065,0.03839839994907379,,3094.6068971157074,131.85038566589355
7066,0.038824766874313354,,3095.041027545929,131.86533045768738
7067,0.03898651897907257,,3095.4742012023926,131.88028526306152
7068,0.03879312425851822,,3095.9070200920105,131.8952124118805
7069,0.03837823495268822,,3096.339002609253,131.91014218330383
7070,0.038151971995830536,,3096.7730169296265,131.92508792877197
7071,0.038138505071401596,,3097.2069947719574,131.94004344940186
7072,0.03810730576515198,,3097.641128540039,131.95498752593994
7073,0.038555122911930084,,3098.074458360672,131.96993970870972
7074,0.03843602165579796,,3098.508400440216,131.98488807678223
7075,0.03881613910198212,,3098.9428408145905,131.9998390674591
7076,0.03853726387023926,,3099.3752312660217,132.0147740840912
7077,0.038560375571250916,,3099.809535741806,132.02973198890686
7078,0.03852277249097824,,3100.2447085380554,132.04468274116516
7079,0.03869307041168213,,3100.678860425949,132.0596408843994
7080,0.03843732923269272,,3101.1111464500427,132.0745882987976
7081,0.0380866676568985,,3101.5458042621613,132.08952355384827
7082,0.03819365054368973,,3101.9785771369934,132.104487657547
7083,0.03856860473752022,,3102.412368774414,132.1194610595703
7084,0.038475245237350464,,3102.846405029297,132.13440608978271
7085,0.038375817239284515,,3103.279971599579,132.14937543869019
7086,0.038102224469184875,,3103.7142720222473,132.16434597969055
7087,0.03812132775783539,,3104.1485438346863,132.17929983139038
7088,0.03829745948314667,,3104.5812726020813,132.1942319869995
7089,0.03853142634034157,,3105.0133862495422,132.2091941833496
7090,0.03854292258620262,,3105.448697566986,132.22412943840027
7091,0.03879305347800255,,3105.8820316791534,132.2390787601471
7092,0.038143642246723175,,3106.315651655197,132.2540237903595
7093,0.03813916817307472,,3106.74987244606,132.2689700126648
7094,0.0382554829120636,,3107.1826734542847,132.28395080566406
7095,0.03822547197341919,,3107.6177439689636,132.29891657829285
7096,0.03814096003770828,,3108.05206656456,132.3138644695282
7097,0.038296326994895935,,3108.486076116562,132.3287968635559
7098,0.03874540328979492,,3108.9192197322845,132.34374594688416
7099,0.03844908997416496,,3109.354033470154,132.3586881160736
7100,0.0381036177277565,,3110.004916191101,132.37363839149475
7101,0.038216784596443176,,3110.4378888607025,132.38858914375305
7102,0.03845096379518509,,3110.8711438179016,132.40353226661682
7103,0.03829217329621315,,3111.304710626602,132.4184696674347
7104,0.038021381944417953,,3111.7388758659363,132.43340849876404
7105,0.038439542055130005,,3112.171249628067,132.4483540058136
7106,0.03850015252828598,,3112.6042881011963,132.46329975128174
7107,0.03850962594151497,,3113.0377991199493,132.47823357582092
7108,0.03835577890276909,,3113.4699008464813,132.49317026138306
7109,0.03846229612827301,,3113.902990102768,132.50812077522278
7110,0.038550909608602524,,3114.3380641937256,132.5230631828308
7111,0.03829791396856308,,3114.7729165554047,132.53799104690552
7112,0.03839952498674393,,3115.204977989197,132.55293536186218
7113,0.038246650248765945,,3115.63924241066,132.5678870677948
7114,0.03831210359930992,,3116.0723922252655,132.5828423500061
7115,0.038636863231658936,,3116.5044310092926,132.59777784347534
7116,0.03857957571744919,,3116.9385578632355,132.61270761489868
7117,0.039025865495204926,,3117.37202000618,132.62766075134277
7118,0.03853661194443703,,3117.805566072464,132.64260077476501
7119,0.038606561720371246,,3118.2418167591095,132.65754461288452
7120,0.038614142686128616,,3118.674822330475,132.67248439788818
7121,0.038465920835733414,,3119.1086959838867,132.68741989135742
7122,0.03848382830619812,,3119.5406494140625,132.70237255096436
7123,0.03885359689593315,,3119.9723660945892,132.71731328964233
7124,0.038717400282621384,,3120.4038467407227,132.73222613334656
7125,0.038457632064819336,,3120.8379757404327,132.74717473983765
7126,0.03879168629646301,,3121.2708928585052,132.76211595535278
7127,0.03856766223907471,,3121.705014228821,132.77706217765808
7128,0.038235630840063095,,3122.1373586654663,132.79202103614807
7129,0.03863201290369034,,3122.568638563156,132.806960105896
7130,0.038333598524332047,,3123.001755952835,132.82190918922424
7131,0.038359448313713074,,3123.4357957839966,132.83684253692627
7132,0.038158100098371506,,3123.867623567581,132.8517758846283
7133,0.03847552463412285,,3124.30206155777,132.86672687530518
7134,0.03849310800433159,,3124.7366235256195,132.88167023658752
7135,0.03851155564188957,,3125.1698808670044,132.89662909507751
7136,0.03837081789970398,,3125.601267337799,132.91155910491943
7137,0.03901805728673935,,3126.0349106788635,132.92650604248047
7138,0.0384366475045681,,3126.4667105674744,132.9414541721344
7139,0.0385034903883934,,3126.900424718857,132.95639944076538
7140,0.038451310247182846,,3127.3360760211945,132.97134041786194
7141,0.03821999952197075,,3127.7695870399475,132.98628401756287
7142,0.03903163596987724,,3128.2030074596405,133.0012309551239
7143,0.03884480893611908,,3128.6368730068207,133.01616954803467
7144,0.03890101984143257,,3129.0718653202057,133.03112077713013
7145,0.03868294879794121,,3129.5052831172943,133.0460660457611
7146,0.03920263797044754,,3129.939412355423,133.06102180480957
7147,0.038374293595552444,,3130.373896598816,133.07596826553345
7148,0.03841864690184593,,3130.8063356876373,133.0908980369568
7149,0.03868034482002258,,3131.2415323257446,133.10584712028503
7150,0.039057306945323944,,3131.8950622081757,133.1207823753357
7151,0.038958240300416946,,3132.32958984375,133.1357226371765
7152,0.03886129707098007,,3132.7626128196716,133.15066504478455
7153,0.03900055214762688,,3133.194855451584,133.1656095981598
7154,0.038747645914554596,,3133.62722492218,133.18053603172302
7155,0.038789354264736176,,3134.0607101917267,133.19547200202942
7156,0.03884429112076759,,3134.493997335434,133.2104184627533
7157,0.03900936245918274,,3134.9262924194336,133.2253577709198
7158,0.03893277049064636,,3135.3593571186066,133.24031043052673
7159,0.03838604316115379,,3135.7930495738983,133.25525450706482
7160,0.0383000522851944,,3136.227170944214,133.27020382881165
7161,0.03843996301293373,,3136.66024684906,133.28516602516174
7162,0.03833474963903427,,3137.093792438507,133.30011653900146
7163,0.03819611296057701,,3137.5291216373444,133.31504487991333
7164,0.03815379738807678,,3137.963017463684,133.32998085021973
7165,0.03825239837169647,,3138.3960242271423,133.34491205215454
7166,0.03812028467655182,,3138.8313093185425,133.3598620891571
7167,0.038294944912195206,,3139.2662823200226,133.37478017807007
7168,0.03862445056438446,,3139.6998727321625,133.3897249698639
7169,0.03840490058064461,,3140.133369207382,133.4046652317047
7170,0.038597967475652695,,3140.5688836574554,133.41961312294006
7171,0.03858611360192299,,3141.001013994217,133.4345519542694
7172,0.03871394321322441,,3141.436707019806,133.4495108127594
7173,0.03870835900306702,,3141.869631052017,133.46444749832153
7174,0.03850625827908516,,3142.3027098178864,133.47940182685852
7175,0.038641445338726044,,3142.7381377220154,133.49434089660645
7176,0.03892148286104202,,3143.1735186576843,133.5092968940735
7177,0.03878989815711975,,3143.607375383377,133.52427411079407
7178,0.038536276668310165,,3144.042140483856,133.5392143726349
7179,0.038437724113464355,,3144.475165605545,133.5541524887085
7180,0.03858920559287071,,3144.9087042808533,133.56907391548157
7181,0.03884696587920189,,3145.347672700882,133.58402919769287
7182,0.038470324128866196,,3145.7838728427887,133.59895038604736
7183,0.03832019120454788,,3146.218016386032,133.61388444900513
7184,0.038182683289051056,,3146.6527049541473,133.62883520126343
7185,0.03836297616362572,,3147.087105989456,133.64378333091736
7186,0.038293398916721344,,3147.5206038951874,133.65869808197021
7187,0.038120370358228683,,3147.958235502243,133.67363834381104
7188,0.038140468299388885,,3148.3939797878265,133.68860244750977
7189,0.03853093460202217,,3148.8297760486603,133.7035412788391
7190,0.03790610283613205,,3149.264786720276,133.71849536895752
7191,0.03804856911301613,,3149.7008357048035,133.73343086242676
7192,0.038322847336530685,,3150.1344799995422,133.7483766078949
7193,0.038592007011175156,,3150.5688927173615,133.76337838172913
7194,0.03831125795841217,,3151.0022597312927,133.7783167362213
7195,0.038222216069698334,,3151.4346182346344,133.79325032234192
7196,0.038386743515729904,,3151.8677475452423,133.80819964408875
7197,0.03816528245806694,,3152.301293373108,133.82312321662903
7198,0.03855770826339722,,3152.734495639801,133.83807587623596
7199,0.03846503049135208,,3153.167181491852,133.8530044555664
7200,0.038436196744441986,,3153.8269379138947,133.86795449256897
7201,0.03830207139253616,,3154.2596492767334,133.88290214538574
7202,0.038419853895902634,,3154.693918943405,133.8978455066681
7203,0.038407180458307266,,3155.1269159317017,133.9127700328827
7204,0.03827991336584091,,3155.5613572597504,133.92771744728088
7205,0.03853398561477661,,3155.994674682617,133.94264340400696
7206,0.03834444656968117,,3156.428549528122,133.95758771896362
7207,0.03834272176027298,,3156.8623695373535,133.97254371643066
7208,0.03804462403059006,,3157.2969405651093,133.98749446868896
7209,0.03831671178340912,,3157.7291877269745,134.00244283676147
7210,0.03848691284656525,,3158.162844657898,134.01738357543945
7211,0.03851010650396347,,3158.5938789844513,134.03233814239502
7212,0.038537316024303436,,3159.0276350975037,134.04728031158447
7213,0.03854774311184883,,3159.4597296714783,134.06221985816956
7214,0.03864011541008949,,3159.8931584358215,134.07713723182678
7215,0.03849157318472862,,3160.327614545822,134.09209179878235
7216,0.03808397427201271,,3160.762574672699,134.10702085494995
7217,0.038619961589574814,,3161.196588754654,134.12197160720825
7218,0.03835636004805565,,3161.629941701889,134.13688492774963
7219,0.038361430168151855,,3162.064764022827,134.15183782577515
7220,0.0384860597550869,,3162.4983553886414,134.16679787635803
7221,0.038714803755283356,,3162.930873155594,134.18175220489502
7222,0.03832362964749336,,3163.366264104843,134.19669270515442
7223,0.0381886325776577,,3163.7996921539307,134.21166229248047
7224,0.03849271684885025,,3164.23410487175,134.22662472724915
7225,0.0383857898414135,,3164.668694496155,134.24157214164734
7226,0.03856716305017471,,3165.1006920337677,134.256511926651
7227,0.03825397789478302,,3165.534021615982,134.27146887779236
7228,0.03832468390464783,,3165.9663603305817,134.28641867637634
7229,0.03834960609674454,,3166.4008927345276,134.30136799812317
7230,0.03853752836585045,,3166.832453727722,134.3162980079651
7231,0.038163360208272934,,3167.2672398090363,134.33124899864197
7232,0.0383482351899147,,3167.699219942093,134.34622025489807
7233,0.03870923072099686,,3168.134165287018,134.36115646362305
7234,0.038301385939121246,,3168.5685307979584,134.37611293792725
7235,0.03852725401520729,,3169.001631498337,134.3910551071167
7236,0.03842678666114807,,3169.435179710388,134.40599656105042
7237,0.03850764408707619,,3169.869482755661,134.42094659805298
7238,0.03832263872027397,,3170.303283214569,134.435875415802
7239,0.038373418152332306,,3170.735292196274,134.45082688331604
7240,0.03847409784793854,,3171.168892145157,134.4657826423645
7241,0.038538943976163864,,3171.6018674373627,134.48074078559875
7242,0.038310855627059937,,3172.035795211792,134.49565505981445
7243,0.03833799064159393,,3172.469728946686,134.5106086730957
7244,0.03835788741707802,,3172.9027841091156,134.5255753993988
7245,0.038249969482421875,,3173.336180448532,134.54050850868225
7246,0.038328200578689575,,3173.7700786590576,134.55546879768372
7247,0.0381954051554203,,3174.203058719635,134.57041335105896
7248,0.03808309882879257,,3174.6340341567993,134.58536553382874
7249,0.03831726312637329,,3175.070193052292,134.6003017425537
7250,0.03810342773795128,,3175.72358417511,134.61524295806885
7251,0.03820864483714104,,3176.1576821804047,134.63017010688782
7252,0.03834257274866104,,3176.590973377228,134.64510822296143
7253,0.038666944950819016,,3177.022135257721,134.6600444316864
7254,0.03872920572757721,,3177.4570467472076,134.67498397827148
7255,0.03865274786949158,,3177.889544725418,134.68993067741394
7256,0.038342997431755066,,3178.324401140213,134.70487546920776
7257,0.03842125087976456,,3178.758232831955,134.71981549263
7258,0.038286447525024414,,3179.189866542816,134.73477053642273
7259,0.038375578820705414,,3179.621776342392,134.74972462654114
7260,0.038489535450935364,,3180.0567066669464,134.7646722793579
7261,0.03832383453845978,,3180.4892892837524,134.77962255477905
7262,0.03854179382324219,,3180.92312335968,134.7945499420166
7263,0.03831680864095688,,3181.357038974762,134.80951237678528
7264,0.0379612036049366,,3181.789591550827,134.8244378566742
7265,0.03813263401389122,,3182.224500656128,134.8393795490265
7266,0.038089655339717865,,3182.657530069351,134.85433220863342
7267,0.03803373873233795,,3183.0903792381287,134.8692753314972
7268,0.038368675857782364,,3183.523750066757,134.88421177864075
7269,0.03822191432118416,,3183.958343267441,134.8991711139679
7270,0.038198526948690414,,3184.3931708335876,134.91412234306335
7271,0.03808103874325752,,3184.8262107372284,134.92907094955444
7272,0.03805648908019066,,3185.2611136436462,134.94399785995483
7273,0.03818037733435631,,3185.6952471733093,134.95894837379456
7274,0.03834690526127815,,3186.1294972896576,134.9739010334015
7275,0.038297295570373535,,3186.5610435009003,134.98884463310242
7276,0.03851497545838356,,3186.993063688278,135.00378441810608
7277,0.038845162838697433,,3187.425233364105,135.01870679855347
7278,0.03841716796159744,,3187.859384059906,135.0336651802063
7279,0.03833113983273506,,3188.2916102409363,135.04861998558044
7280,0.03809886425733566,,3188.724779367447,135.06355595588684
7281,0.03831709548830986,,3189.158261537552,135.0785050392151
7282,0.03809239715337753,,3189.5911819934845,135.0934476852417
7283,0.038178276270627975,,3190.0259580612183,135.10839891433716
7284,0.03822749853134155,,3190.4589335918427,135.12333941459656
7285,0.03812197968363762,,3190.891532421112,135.13828253746033
7286,0.038028739392757416,,3191.3245961666107,135.15321564674377
7287,0.0381198450922966,,3191.759745836258,135.1681740283966
7288,0.0387396477162838,,3192.1939532756805,135.1831021308899
7289,0.03871537744998932,,3192.6269714832306,135.19804430007935
7290,0.03890279680490494,,3193.06019282341,135.21296787261963
7291,0.038564085960388184,,3193.4925768375397,135.22792887687683
7292,0.038536276668310165,,3193.9259576797485,135.24286913871765
7293,0.03869764506816864,,3194.3595113754272,135.25781178474426
7294,0.038300495594739914,,3194.7934856414795,135.27276277542114
7295,0.038655176758766174,,3195.2269151210785,135.2877266407013
7296,0.038546498864889145,,3195.661881685257,135.30266785621643
7297,0.03852549567818642,,3196.0959939956665,135.31761980056763
7298,0.03838520124554634,,3196.528650522232,135.33256816864014
7299,0.038426026701927185,,3196.9613173007965,135.3475079536438
7300,0.03848227486014366,,3197.6145117282867,135.36244201660156
7301,0.03843465447425842,,3198.0488500595093,135.377379655838
7302,0.0383802093565464,,3198.4821355342865,135.3923487663269
7303,0.03843522444367409,,3198.9167642593384,135.40728044509888
7304,0.0382712222635746,,3199.35174036026,135.42221069335938
7305,0.038388144224882126,,3199.7842087745667,135.43712544441223
7306,0.03849491849541664,,3200.2163631916046,135.45207715034485
7307,0.03833603113889694,,3200.6496465206146,135.46699261665344
7308,0.03816762939095497,,3201.0844237804413,135.481929063797
7309,0.038414448499679565,,3201.5176792144775,135.49687504768372
7310,0.03822780027985573,,3201.9515976905823,135.51183795928955
7311,0.03826974704861641,,3202.3863484859467,135.5267915725708
7312,0.03836032748222351,,3202.8199422359467,135.541734457016
7313,0.03854522109031677,,3203.250768661499,135.55668115615845
7314,0.03824979439377785,,3203.685170650482,135.57161259651184
7315,0.03819461166858673,,3204.119542837143,135.58655667304993
7316,0.038308627903461456,,3204.5540959835052,135.60148334503174
7317,0.038230590522289276,,3204.9879875183105,135.6164321899414
7318,0.038365501910448074,,3205.4217162132263,135.63135623931885
7319,0.0383371002972126,,3205.8538143634796,135.64629483222961
7320,0.03853939101099968,,3206.288192987442,135.66124749183655
7321,0.038308799266815186,,3206.7213146686554,135.67619252204895
7322,0.03827078640460968,,3207.155515432358,135.6911497116089
7323,0.038310013711452484,,3207.588436603546,135.70610570907593
7324,0.03817274048924446,,3208.0188505649567,135.7210397720337
7325,0.038324639201164246,,3208.4529297351837,135.73596692085266
7326,0.03822377696633339,,3208.8867661952972,135.75091910362244
7327,0.03833379969000816,,3209.3200509548187,135.76584196090698
7328,0.038418058305978775,,3209.753970146179,135.78077745437622
7329,0.03837178274989128,,3210.185959815979,135.7957365512848
7330,0.038317013531923294,,3210.61825799942,135.81068110466003
7331,0.038368646055459976,,3211.052020549774,135.82562947273254
7332,0.038819972425699234,,3211.482656478882,135.84056496620178
7333,0.03896596282720566,,3211.9160323143005,135.85550904273987
7334,0.03889932110905647,,3212.350037097931,135.87045812606812
7335,0.038711339235305786,,3212.782544851303,135.8854079246521
7336,0.03873562067747116,,3213.2162556648254,135.90034651756287
7337,0.03849899396300316,,3213.648252248764,135.91529989242554
7338,0.03850223124027252,,3214.0815694332123,135.93024444580078
7339,0.03855474665760994,,3214.5141241550446,135.94517850875854
7340,0.03846707567572594,,3214.951758146286,135.9601228237152
7341,0.03857206553220749,,3215.38516330719,135.97507977485657
7342,0.038566768169403076,,3215.818564414978,135.99003100395203
7343,0.03839286416769028,,3216.2558131217957,136.00497794151306
7344,0.03849627450108528,,3216.6904067993164,136.0199077129364
7345,0.038243263959884644,,3217.1239924430847,136.034850358963
7346,0.038167938590049744,,3217.5585691928864,136.04979157447815
7347,0.03818078339099884,,3217.991971731186,136.06472253799438
7348,0.03825883939862251,,3218.4253249168396,136.07966995239258
7349,0.03826350346207619,,3218.8587834835052,136.09463763237
7350,0.03800399228930473,,3219.512028694153,136.10958123207092
7351,0.0381879098713398,,3219.9476454257965,136.12452864646912
7352,0.03827865421772003,,3220.3789303302765,136.13947057724
7353,0.03814263641834259,,3220.8115270137787,136.15442276000977
7354,0.038402009755373,,3221.245642185211,136.16936588287354
7355,0.03828329220414162,,3221.6794621944427,136.18429732322693
7356,0.03843504935503006,,3222.112533092499,136.1992425918579
7357,0.03797972574830055,,3222.546459197998,136.21418523788452
7358,0.03798327222466469,,3222.9794323444366,136.22912883758545
7359,0.03813772276043892,,3223.411265850067,136.24408316612244
7360,0.03794137388467789,,3223.8454506397247,136.25902557373047
7361,0.038115113973617554,,3224.27911734581,136.27397084236145
7362,0.03812190890312195,,3224.7130897045135,136.28892278671265
7363,0.03864603862166405,,3225.146764278412,136.30388927459717
7364,0.03854692727327347,,3225.580141544342,136.3188440799713
7365,0.038076646625995636,,3226.0145432949066,136.3338062763214
7366,0.0380912609398365,,3226.4486694335938,136.34874558448792
7367,0.038121212273836136,,3226.882691383362,136.36368346214294
7368,0.038052186369895935,,3227.3176159858704,136.3786118030548
7369,0.038103848695755005,,3227.7518644332886,136.39357662200928
7370,0.038221340626478195,,3228.184963941574,136.4085009098053
7371,0.0384504608809948,,3228.618403673172,136.42343187332153
7372,0.0387377105653286,,3229.050854921341,136.43838548660278
7373,0.03817347437143326,,3229.4843530654907,136.4533360004425
7374,0.03819166496396065,,3229.917646884918,136.46827030181885
7375,0.03807072713971138,,3230.3506731987,136.48323321342468
7376,0.038216326385736465,,3230.783645629883,136.49817728996277
7377,0.03812645003199577,,3231.2170062065125,136.51311922073364
7378,0.03820846229791641,,3231.651743888855,136.52806067466736
7379,0.03837234526872635,,3232.0829286575317,136.54298067092896
7380,0.03858315944671631,,3232.5164337158203,136.5579218864441
7381,0.038803983479738235,,3232.95068860054,136.57286286354065
7382,0.038739193230867386,,3233.384286403656,136.58779501914978
7383,0.0385776162147522,,3233.8191754817963,136.60274004936218
7384,0.03821105137467384,,3234.2535920143127,136.617684841156
7385,0.038108378648757935,,3234.6862683296204,136.6326389312744
7386,0.038202378898859024,,3235.1199514865875,136.64757585525513
7387,0.03833809494972229,,3235.5542228221893,136.66252040863037
7388,0.03861560672521591,,3235.98752617836,136.67748069763184
7389,0.038530681282281876,,3236.420574903488,136.69243383407593
7390,0.03833815082907677,,3236.8537192344666,136.70736813545227
7391,0.03825076296925545,,3237.286738872528,136.7223105430603
7392,0.03813808411359787,,3237.719207763672,136.73725390434265
7393,0.03817356377840042,,3238.1515123844147,136.75221824645996
7394,0.038501519709825516,,3238.58464384079,136.76716303825378
7395,0.038439273834228516,,3239.018644094467,136.78210377693176
7396,0.038100406527519226,,3239.4529638290405,136.7970678806305
7397,0.038177743554115295,,3239.8863067626953,136.81201672554016
7398,0.03795064985752106,,3240.317993402481,136.82695031166077
7399,0.03796970099210739,,3240.749396800995,136.8418846130371
7400,0.03816120699048042,,3241.403448820114,136.85684442520142
7401,0.03816062584519386,,3241.837978363037,136.87178897857666
7402,0.037914957851171494,,3242.270199775696,136.8867163658142
7403,0.038326896727085114,,3242.703029155731,136.9016396999359
7404,0.038181789219379425,,3243.1373085975647,136.91659808158875
7405,0.03864528238773346,,3243.569818496704,136.93151259422302
7406,0.03839775174856186,,3244.0010089874268,136.94645881652832
7407,0.038272857666015625,,3244.4360966682434,136.96141004562378
7408,0.038479723036289215,,3244.8669435977936,136.97634959220886
7409,0.03826916962862015,,3245.2998945713043,136.9912965297699
7410,0.038081489503383636,,3245.7335402965546,137.00623750686646
7411,0.038039203733205795,,3246.1649305820465,137.02118563652039
7412,0.03800365328788757,,3246.597418308258,137.03611540794373
7413,0.03804514929652214,,3247.0327711105347,137.0510549545288
7414,0.03807106241583824,,3247.4659492969513,137.06597900390625
7415,0.037986479699611664,,3247.8991544246674,137.08092379570007
7416,0.03800010308623314,,3248.3320829868317,137.09587574005127
7417,0.03798583522439003,,3248.765669107437,137.1108090877533
7418,0.038115840405225754,,3249.1995677948,137.12574648857117
7419,0.03803494945168495,,3249.633285045624,137.140695810318
7420,0.038161661475896835,,3250.0666325092316,137.1556544303894
7421,0.03803281486034393,,3250.499184846878,137.17060112953186
7422,0.03810393065214157,,3250.9352321624756,137.18554067611694
7423,0.038154248148202896,,3251.368090391159,137.20048260688782
7424,0.038024190813302994,,3251.800839662552,137.21543312072754
7425,0.038242146372795105,,3252.2328622341156,137.2303590774536
7426,0.038215599954128265,,3252.666887998581,137.2453052997589
7427,0.037997812032699585,,3253.1008388996124,137.2602460384369
7428,0.037936367094516754,,3253.534788131714,137.27519345283508
7429,0.03789608180522919,,3253.967016220093,137.29013228416443
7430,0.03791861608624458,,3254.4010899066925,137.30507469177246
7431,0.03803692013025284,,3254.8349282741547,137.3200192451477
7432,0.038106705993413925,,3255.266518831253,137.33500051498413
7433,0.03842831030488014,,3255.696978330612,137.34996128082275
7434,0.03806007280945778,,3256.128428697586,137.3648910522461
7435,0.03809158504009247,,3256.561585187912,137.3798542022705
7436,0.03803780674934387,,3256.9945554733276,137.394788980484
7437,0.03814178332686424,,3257.4282393455505,137.40974068641663
7438,0.03848276287317276,,3257.8615198135376,137.42468166351318
7439,0.038443949073553085,,3258.2945880889893,137.43962979316711
7440,0.0380675382912159,,3258.7279930114746,137.45459818840027
7441,0.03800687566399574,,3259.161328792572,137.46953654289246
7442,0.038629207760095596,,3259.593938589096,137.48447728157043
7443,0.03826473280787468,,3260.0278627872467,137.49942922592163
7444,0.038370586931705475,,3260.461499452591,137.51436805725098
7445,0.03834071010351181,,3260.895813703537,137.5293173789978
7446,0.03812597692012787,,3261.329969882965,137.54425835609436
7447,0.03811364248394966,,3261.762601852417,137.5591938495636
7448,0.03804420679807663,,3262.1934852600098,137.57415556907654
7449,0.03832649067044258,,3262.6254785060883,137.5891044139862
7450,0.037934303283691406,,3263.279790878296,137.60404348373413
7451,0.03796318173408508,,3263.7124361991882,137.61896228790283
7452,0.037825409322977066,,3264.145513534546,137.63391423225403
7453,0.037901584059000015,,3264.5774476528168,137.64883255958557
7454,0.03825191780924797,,3265.0116605758667,137.66378736495972
7455,0.038616031408309937,,3265.444522857666,137.67873883247375
7456,0.03871532157063484,,3265.8776791095734,137.6936845779419
7457,0.038762014359235764,,3266.308849334717,137.70864725112915
7458,0.03878169506788254,,3266.7430448532104,137.72359657287598
7459,0.03917083144187927,,3267.177343606949,137.73854184150696
7460,0.03898253291845322,,3267.61159825325,137.75349187850952
7461,0.0390242263674736,,3268.0452783107758,137.76843428611755
7462,0.03912026435136795,,3268.4785964488983,137.78337287902832
7463,0.038383305072784424,,3268.9133112430573,137.79833054542542
7464,0.0382511131465435,,3269.345555782318,137.8132734298706
7465,0.038710322231054306,,3269.7768812179565,137.8282024860382
7466,0.03856182098388672,,3270.2104756832123,137.84315395355225
7467,0.038899242877960205,,3270.6435096263885,137.85810923576355
7468,0.03835710510611534,,3271.0758883953094,137.87305331230164
7469,0.038470011204481125,,3271.5099363327026,137.8879909515381
7470,0.03836716338992119,,3271.944028377533,137.90292859077454
7471,0.03810156509280205,,3272.377560853958,137.91788959503174
7472,0.03826449438929558,,3272.808289051056,137.93283319473267
7473,0.038555655628442764,,3273.2412009239197,137.94775485992432
7474,0.03824465349316597,,3273.6750321388245,137.96269941329956
7475,0.037821412086486816,,3274.1086888313293,137.97762370109558
7476,0.03807058185338974,,3274.540912628174,137.99257802963257
7477,0.037972334772348404,,3274.974430322647,138.00752758979797
7478,0.03805490955710411,,3275.4074823856354,138.02246713638306
7479,0.03801172971725464,,3275.8420400619507,138.03742599487305
7480,0.03831534460186958,,3276.276130914688,138.05236554145813
7481,0.038658153265714645,,3276.712230682373,138.06730461120605
7482,0.038575563579797745,,3277.14560174942,138.08227133750916
7483,0.03867891803383827,,3277.5774569511414,138.0972409248352
7484,0.03843515366315842,,3278.009654045105,138.11216950416565
7485,0.03854427486658096,,3278.4421713352203,138.12712025642395
7486,0.03840935602784157,,3278.8750026226044,138.1420361995697
7487,0.038668639957904816,,3279.3092246055603,138.15697479248047
7488,0.0387292355298996,,3279.743417263031,138.1718876361847
7489,0.03854445740580559,,3280.1759040355682,138.18682026863098
7490,0.038498736917972565,,3280.60897231102,138.20175886154175
7491,0.03822685778141022,,3281.0445005893707,138.21671676635742
7492,0.038260798901319504,,3281.477109193802,138.23166823387146
7493,0.03852324187755585,,3281.9114055633545,138.24663066864014
7494,0.03846500441431999,,3282.344759941101,138.2615761756897
7495,0.03813038393855095,,3282.7793855667114,138.27651810646057
7496,0.03791509196162224,,3283.2136516571045,138.29145193099976
7497,0.03781821206212044,,3283.645869255066,138.30637192726135
7498,0.03796948492527008,,3284.08016371727,138.32132863998413
7499,0.03799757733941078,,3284.5140101909637,138.3362591266632
7500,0.03800885006785393,-0.001437847618944943,3285.167333126068,140.0927608013153
7501,0.03804751858115196,,3285.6006672382355,140.10773181915283
7502,0.03806435689330101,,3286.0348556041718,140.12271118164062
7503,0.0383412167429924,,3286.4677398204803,140.13766646385193
7504,0.03885112330317497,,3286.902352333069,140.1526219844818
7505,0.03872241452336311,,3287.335226535797,140.1675672531128
7506,0.03900793939828873,,3287.7678413391113,140.18252301216125
7507,0.039169177412986755,,3288.2017617225647,140.19747805595398
7508,0.03914106264710426,,3288.634621143341,140.2124240398407
7509,0.03920922428369522,,3289.0678358078003,140.2273654937744
7510,0.03902778774499893,,3289.501384496689,140.2423222064972
7511,0.03852188587188721,,3289.934322834015,140.25725674629211
7512,0.038527049124240875,,3290.367557287216,140.27219438552856
7513,0.038394004106521606,,3290.8016769886017,140.2871458530426
7514,0.03843381255865097,,3291.2352583408356,140.30209732055664
7515,0.03854867070913315,,3291.6665699481964,140.31704998016357
7516,0.0382193922996521,,3292.100636959076,140.3319754600525
7517,0.038368258625268936,,3292.534717321396,140.34692215919495
7518,0.03880373761057854,,3292.967455148697,140.36187386512756
7519,0.03837564215064049,,3293.402450323105,140.37683486938477
7520,0.038436710834503174,,3293.835077524185,140.39175486564636
7521,0.038740962743759155,,3294.2669327259064,140.40669536590576
7522,0.03861532732844353,,3294.7009596824646,140.4216616153717
7523,0.03865468129515648,,3295.1337435245514,140.43659782409668
7524,0.03858485817909241,,3295.5677716732025,140.45153713226318
7525,0.038736023008823395,,3296.0015864372253,140.46648979187012
7526,0.03873689845204353,,3296.4345865249634,140.4814465045929
7527,0.039446134120225906,,3296.8664696216583,140.4963824748993
7528,0.03886501491069794,,3297.2988102436066,140.51133227348328
7529,0.03876374661922455,,3297.734764099121,140.52630138397217
7530,0.038664668798446655,,3298.168429374695,140.541241645813
7531,0.03870970383286476,,3298.602305173874,140.5561695098877
7532,0.03863342106342316,,3299.0338141918182,140.57111978530884
7533,0.038427598774433136,,3299.4665384292603,140.5860390663147
7534,0.038258396089076996,,3299.8992891311646,140.60099697113037
7535,0.038311298936605453,,3300.3318984508514,140.61594080924988
7536,0.03833869472146034,,3300.7650508880615,140.63088941574097
7537,0.038403160870075226,,3301.2000603675842,140.64583563804626
7538,0.03830551728606224,,3301.6304109096527,140.66079449653625
7539,0.03829922899603844,,3302.064514398575,140.6757550239563
7540,0.03828496113419533,,3302.4988651275635,140.69070100784302
7541,0.038248129189014435,,3302.931260585785,140.70566153526306
7542,0.038338299840688705,,3303.364693880081,140.72061681747437
7543,0.03805331885814667,,3303.798488378525,140.73555040359497
7544,0.037950772792100906,,3304.2307455539703,140.75048232078552
7545,0.037958260625600815,,3304.6641008853912,140.76542925834656
7546,0.03803945332765579,,3305.095997571945,140.78038716316223
7547,0.037950608879327774,,3305.5292081832886,140.79532885551453
7548,0.03824422135949135,,3305.962470769882,140.81027126312256
7549,0.038024790585041046,,3306.3970959186554,140.8252182006836
7550,0.03791266307234764,,3307.0515744686127,140.84016609191895
7551,0.038202401250600815,,3307.4847548007965,140.8551037311554
7552,0.03795529156923294,,3307.91837477684,140.87004256248474
7553,0.037906888872385025,,3308.350527524948,140.8849914073944
7554,0.03870008513331413,,3308.7841036319733,140.89992690086365
7555,0.038071345537900925,,3309.2170724868774,140.91487741470337
7556,0.0384984165430069,,3309.650267601013,140.92982602119446
7557,0.03856461122632027,,3310.0837478637695,140.94478392601013
7558,0.038103219121694565,,3310.517048597336,140.95972895622253
7559,0.038049403578042984,,3310.950611114502,140.97467017173767
7560,0.038093212991952896,,3311.3827855587006,140.98961520195007
7561,0.03823476284742355,,3311.816075563431,141.0045623779297
7562,0.038067787885665894,,3312.2468395233154,141.01948857307434
7563,0.03786773979663849,,3312.680998325348,141.0344307422638
7564,0.037916507571935654,,3313.1147487163544,141.0493779182434
7565,0.0382985845208168,,3313.5482358932495,141.06433057785034
7566,0.0380057692527771,,3313.9821639060974,141.0792739391327
7567,0.03811104595661163,,3314.4154143333435,141.09422707557678
7568,0.0380890816450119,,3314.8489933013916,141.1091468334198
7569,0.0382797010242939,,3315.2833824157715,141.1240952014923
7570,0.0384797602891922,,3315.7167644500732,141.13900089263916
7571,0.038419727236032486,,3316.1504657268524,141.1539580821991
7572,0.038523558527231216,,3316.582549571991,141.1689064502716
7573,0.03801801800727844,,3317.0133080482483,141.18386244773865
7574,0.038144562393426895,,3317.4469056129456,141.19879937171936
7575,0.03828582167625427,,3317.880270719528,141.21374821662903
7576,0.03812997415661812,,3318.313401222229,141.22868990898132
7577,0.038089774549007416,,3318.7454833984375,141.24362063407898
7578,0.03795010969042778,,3319.180248260498,141.25856852531433
7579,0.0378744937479496,,3319.6133391857147,141.2734911441803
7580,0.038235146552324295,,3320.0483865737915,141.2884407043457
7581,0.03829949349164963,,3320.482597589493,141.30336332321167
7582,0.03815087676048279,,3320.915572166443,141.31830501556396
7583,0.038275908678770065,,3321.3477845191956,141.33325672149658
7584,0.03812973201274872,,3321.7836198806763,141.34820461273193
7585,0.03801518306136131,,3322.216616868973,141.36314988136292
7586,0.03845309093594551,,3322.6499371528625,141.37808561325073
7587,0.038540489971637726,,3323.083491563797,141.3930275440216
7588,0.03824225813150406,,3323.5164711475372,141.4079749584198
7589,0.038373470306396484,,3323.949995994568,141.42293190956116
7590,0.03813007101416588,,3324.384602546692,141.43786120414734
7591,0.03824559226632118,,3324.8185391426086,141.45280766487122
7592,0.038405533879995346,,3325.2523596286774,141.46772122383118
7593,0.038137052208185196,,3325.6848509311676,141.4826741218567
7594,0.03823546692728996,,3326.1173243522644,141.4976236820221
7595,0.03837524354457855,,3326.55068564415,141.51255869865417
7596,0.038293011486530304,,3326.984619140625,141.52750873565674
7597,0.0381154827773571,,3327.417762041092,141.54245829582214
7598,0.038208216428756714,,3327.852523326874,141.55739784240723
7599,0.0386229045689106,,3328.284590959549,141.57234120368958
7600,0.03869994357228279,,3328.93675160408,141.58729076385498
7601,0.03820423036813736,,3329.3707497119904,141.6022379398346
7602,0.03816298022866249,,3329.8044831752777,141.61717653274536
7603,0.03857249766588211,,3330.2377309799194,141.63213419914246
7604,0.03859536349773407,,3330.671501636505,141.6470947265625
7605,0.03881987929344177,,3331.103283882141,141.6620306968689
7606,0.03845471516251564,,3331.5363183021545,141.67696571350098
7607,0.03845726698637009,,3331.970175743103,141.6919116973877
7608,0.038319528102874756,,3332.405604362488,141.70686602592468
7609,0.038690533488988876,,3332.8401234149933,141.72181391716003
7610,0.038470879197120667,,3333.2747008800507,141.73674702644348
7611,0.03871600702404976,,3333.707441806793,141.75169396400452
7612,0.038586921989917755,,3334.139698266983,141.76663756370544
7613,0.03857378661632538,,3334.5726313591003,141.7815682888031
7614,0.03858359530568123,,3335.0053899288177,141.7965087890625
7615,0.03867790475487709,,3335.4385936260223,141.811461687088
7616,0.03863309323787689,,3335.872586250305,141.82641100883484
7617,0.038463518023490906,,3336.3058700561523,141.84136533737183
7618,0.0382256880402565,,3336.740364074707,141.85626912117004
7619,0.03820785507559776,,3337.175550222397,141.87123155593872
7620,0.038070276379585266,,3337.6085891723633,141.886168718338
7621,0.037996482104063034,,3338.041808605194,141.90112328529358
7622,0.038029745221138,,3338.47412776947,141.9160737991333
7623,0.038409456610679626,,3338.9072046279907,141.93102717399597
7624,0.038054294884204865,,3339.3411843776703,141.9459912776947
7625,0.037989433854818344,,3339.7747282981873,141.96102023124695
7626,0.03838992118835449,,3340.21039891243,141.97596764564514
7627,0.03834450617432594,,3340.642421245575,141.9909167289734
7628,0.03833911567926407,,3341.0763897895813,142.0058948993683
7629,0.03812192380428314,,3341.5088245868683,142.0208179950714
7630,0.03814290463924408,,3341.9416677951813,142.03591799736023
7631,0.038140617311000824,,3342.37567281723,142.050847530365
7632,0.038109149783849716,,3342.8077580928802,142.06580114364624
7633,0.03818121924996376,,3343.2385799884796,142.08074355125427
7634,0.03814119100570679,,3343.6729810237885,142.09570121765137
7635,0.03798367455601692,,3344.1086547374725,142.11064219474792
7636,0.038036271929740906,,3344.5416026115417,142.12560653686523
7637,0.0381157211959362,,3344.9753189086914,142.14056754112244
7638,0.03809483349323273,,3345.4083256721497,142.15551447868347
7639,0.037957243621349335,,3345.8399074077606,142.17045211791992
7640,0.03825654089450836,,3346.273655653,142.18538403511047
7641,0.038292817771434784,,3346.7061862945557,142.20032906532288
7642,0.038369689136743546,,3347.138857126236,142.21525740623474
7643,0.038325704634189606,,3347.5725994110107,142.23022961616516
7644,0.03843197971582413,,3348.0067071914673,142.24517846107483
7645,0.03830776363611221,,3348.4407138824463,142.26011323928833
7646,0.0380016565322876,,3348.8740663528442,142.27507209777832
7647,0.03795382007956505,,3349.3065271377563,142.290025472641
7648,0.038086675107479095,,3349.740250825882,142.30497002601624
7649,0.03815272077918053,,3350.174417734146,142.31991362571716
7650,0.038286808878183365,,3350.827317714691,142.33486080169678
7651,0.03807905316352844,,3351.2603421211243,142.34980297088623
7652,0.03784690052270889,,3351.6918807029724,142.3647494316101
7653,0.03826271742582321,,3352.1257967948914,142.37969994544983
7654,0.038049835711717606,,3352.560379743576,142.39464926719666
7655,0.038038820028305054,,3352.9938352108,142.40960383415222
7656,0.0383281372487545,,3353.4273777008057,142.4245629310608
7657,0.03816090151667595,,3353.861431121826,142.43948602676392
7658,0.03810149431228638,,3354.2942836284637,142.45444917678833
7659,0.03804696723818779,,3354.727292060852,142.46937561035156
7660,0.03815030679106712,,3355.1618027687073,142.4843180179596
7661,0.03810921311378479,,3355.596625804901,142.4992311000824
7662,0.038882944732904434,,3356.0300781726837,142.5141716003418
7663,0.03820280730724335,,3356.4645249843597,142.52911639213562
7664,0.038730207830667496,,3356.897593021393,142.54406714439392
7665,0.03833925724029541,,3357.3302903175354,142.559020280838
7666,0.03829701244831085,,3357.764931678772,142.57396364212036
7667,0.038415249437093735,,3358.198902606964,142.5889172554016
7668,0.0382048673927784,,3358.6314146518707,142.6038691997528
7669,0.03808320313692093,,3359.065422296524,142.618816614151
7670,0.03810497745871544,,3359.4983475208282,142.63377213478088
7671,0.038365770131349564,,3359.931325674057,142.64873123168945
7672,0.03879036754369736,,3360.3644309043884,142.6636905670166
7673,0.038804005831480026,,3360.798658847809,142.6786334514618
7674,0.0385085791349411,,3361.2306785583496,142.6935830116272
7675,0.03843478113412857,,3361.66353225708,142.70854353904724
7676,0.038277119398117065,,3362.0967280864716,142.7234845161438
7677,0.03834672272205353,,3362.5292508602142,142.73843216896057
7678,0.03849087655544281,,3362.964188814163,142.75339555740356
7679,0.03833381086587906,,3363.395348072052,142.76834154129028
7680,0.03823398798704147,,3363.8280296325684,142.78328323364258
7681,0.03801160678267479,,3364.262449979782,142.79822444915771
7682,0.03840082511305809,,3364.6953723430634,142.81316781044006
7683,0.03805246576666832,,3365.1293725967407,142.82813167572021
7684,0.038596443831920624,,3365.563774585724,142.84306716918945
7685,0.03835206851363182,,3365.998960494995,142.85800457000732
7686,0.03824453055858612,,3366.4330666065216,142.8729522228241
7687,0.03876446187496185,,3366.8673050403595,142.88790225982666
7688,0.03864649310708046,,3367.2997267246246,142.90286898612976
7689,0.03855183720588684,,3367.7324936389923,142.91781902313232
7690,0.03837954252958298,,3368.167773246765,142.93277025222778
7691,0.03854278475046158,,3368.6014683246613,142.94771528244019
7692,0.03840811923146248,,3369.0359721183777,142.9626648426056
7693,0.03851832449436188,,3369.4703969955444,142.97759771347046
7694,0.038319073617458344,,3369.9055716991425,142.99254441261292
7695,0.03860202804207802,,3370.3387784957886,143.0075147151947
7696,0.038170743733644485,,3370.7731931209564,143.02244663238525
7697,0.03826093301177025,,3371.2071635723114,143.0373842716217
7698,0.03835245594382286,,3371.6387543678284,143.0523293018341
7699,0.03834608942270279,,3372.0733609199524,143.0672779083252
7700,0.038609132170677185,,3372.7274293899536,143.08221817016602
7701,0.03803155943751335,,3373.162384033203,143.0971691608429
7702,0.038330331444740295,,3373.5961043834686,143.11212468147278
7703,0.038393884897232056,,3374.029684782028,143.1270730495453
7704,0.03852982819080353,,3374.4622910022736,143.142014503479
7705,0.03819364681839943,,3374.8959741592407,143.15696239471436
7706,0.03830792382359505,,3375.3288769721985,143.17190980911255
7707,0.03821832686662674,,3375.762375831604,143.18683338165283
7708,0.03848772495985031,,3376.195063352585,143.2017743587494
7709,0.03842484951019287,,3376.6278297901154,143.21672177314758
7710,0.038654129952192307,,3377.0611119270325,143.23167777061462
7711,0.038599371910095215,,3377.493806362152,143.2466275691986
7712,0.03863874450325966,,3377.928304672241,143.26156377792358
7713,0.0384753942489624,,3378.3608622550964,143.27653288841248
7714,0.03823249414563179,,3378.793788433075,143.29146885871887
7715,0.03868281841278076,,3379.227323293686,143.30641961097717
7716,0.03841415047645569,,3379.66121506691,143.32136631011963
7717,0.038817670196294785,,3380.0925183296204,143.3362991809845
7718,0.038592200726270676,,3380.525855064392,143.35125136375427
7719,0.038891978561878204,,3380.9589545726776,143.3661983013153
7720,0.038725923746824265,,3381.390546798706,143.38114595413208
7721,0.03857877105474472,,3381.824224472046,143.39609265327454
7722,0.03885452821850777,,3382.2597765922546,143.4110357761383
7723,0.03908843919634819,,3382.6929528713226,143.4259843826294
7724,0.03878379985690117,,3383.127663373947,143.44092440605164
7725,0.03843775391578674,,3383.5622968673706,143.45586943626404
7726,0.03892253711819649,,3383.9928822517395,143.4708194732666
7727,0.038493357598781586,,3384.4264767169952,143.48576664924622
7728,0.03897015005350113,,3384.860818386078,143.50071954727173
7729,0.038428694009780884,,3385.2947063446045,143.51566743850708
7730,0.038636501878499985,,3385.7257096767426,143.5306146144867
7731,0.03870568424463272,,3386.1596128940582,143.54555678367615
7732,0.03834168612957001,,3386.592648267746,143.5604932308197
7733,0.038382090628147125,,3387.025406360626,143.57543396949768
7734,0.03846762701869011,,3387.4591467380524,143.59038734436035
7735,0.03795299306511879,,3387.890643119812,143.60533356666565
7736,0.03806975856423378,,3388.3240370750427,143.62027192115784
7737,0.03816273808479309,,3388.758376598358,143.63520646095276
7738,0.038325514644384384,,3389.1909503936768,143.650151014328
7739,0.03847048431634903,,3389.6238203048706,143.6651096343994
7740,0.038213878870010376,,3390.0582983493805,143.6800410747528
7741,0.0383734330534935,,3390.4916338920593,143.69499802589417
7742,0.03837217390537262,,3390.9252240657806,143.7099311351776
7743,0.03829578682780266,,3391.3592784404755,143.7248740196228
7744,0.03851558268070221,,3391.792304754257,143.73981475830078
7745,0.038391828536987305,,3392.2248709201813,143.75476813316345
7746,0.0384579636156559,,3392.657523393631,143.7697205543518
7747,0.03803432360291481,,3393.091067790985,143.78467321395874
7748,0.03836328536272049,,3393.525633573532,143.79963541030884
7749,0.038218140602111816,,3393.9598343372345,143.81457781791687
7750,0.038398317992687225,,3394.6132473945618,143.82952046394348
7751,0.03808186575770378,,3395.0469076633453,143.84446215629578
7752,0.038241203874349594,,3395.4799394607544,143.8594126701355
7753,0.03812018036842346,,3395.912069797516,143.8743712902069
7754,0.038052335381507874,,3396.344388484955,143.88931345939636
7755,0.0384393036365509,,3396.7771320343018,143.90426325798035
7756,0.03898441791534424,,3397.2158420085907,143.919203042984
7757,0.03845721483230591,,3397.6477823257446,143.93416476249695
7758,0.038934528827667236,,3398.0814929008484,143.94912910461426
7759,0.03890741243958473,,3398.5150413513184,143.96404838562012
7760,0.03854628652334213,,3398.949086666107,143.97899079322815
7761,0.03860238939523697,,3399.3812844753265,143.99393701553345
7762,0.03863786533474922,,3399.8143644332886,144.00887966156006
7763,0.03855949267745018,,3400.2487919330597,144.02381587028503
7764,0.03878706693649292,,3400.6831471920013,144.0387680530548
7765,0.03886065259575844,,3401.1169674396515,144.05371952056885
7766,0.038501378148794174,,3401.551646232605,144.06866359710693
7767,0.038530971854925156,,3401.98375916481,144.08360290527344
7768,0.03889776021242142,,3402.417159318924,144.0985448360443
7769,0.038686271756887436,,3402.8500666618347,144.11349749565125
7770,0.03865954279899597,,3403.283177137375,144.1284236907959
7771,0.03846744820475578,,3403.715734243393,144.1433708667755
7772,0.038536522537469864,,3404.1482186317444,144.15830397605896
7773,0.03848398104310036,,3404.5811445713043,144.17326998710632
7774,0.0385805182158947,,3405.0139496326447,144.1882243156433
7775,0.03851998597383499,,3405.4481625556946,144.20317721366882
7776,0.038487907499074936,,3405.8817989826202,144.21812200546265
7777,0.03843194618821144,,3406.3148577213287,144.23307704925537
7778,0.038435403257608414,,3406.749426841736,144.24802470207214
7779,0.03838571906089783,,3407.1822385787964,144.2629816532135
7780,0.03847552835941315,,3407.6156260967255,144.27792978286743
7781,0.03838138282299042,,3408.0481021404266,144.29287099838257
7782,0.03865443542599678,,3408.480080604553,144.3078169822693
7783,0.03859042376279831,,3408.913415670395,144.32274556159973
7784,0.03840363025665283,,3409.3478729724884,144.33770108222961
7785,0.0384313128888607,,3409.7794864177704,144.3526587486267
7786,0.03840835019946098,,3410.2134153842926,144.3675994873047
7787,0.03837890177965164,,3410.6473445892334,144.38254976272583
7788,0.038462426513433456,,3411.0778028964996,144.3974950313568
7789,0.038647282868623734,,3411.512749195099,144.4124414920807
7790,0.03827841579914093,,3411.9471888542175,144.42740964889526
7791,0.03837405517697334,,3412.3790967464447,144.44236421585083
7792,0.03844992816448212,,3412.812874317169,144.4573199748993
7793,0.038605351001024246,,3413.247200489044,144.47226548194885
7794,0.0386025533080101,,3413.6805505752563,144.48718070983887
7795,0.038708582520484924,,3414.1119050979614,144.50212454795837
7796,0.038611266762018204,,3414.5461988449097,144.51707458496094
7797,0.03857344388961792,,3414.979780435562,144.5320212841034
7798,0.03832155838608742,,3415.4111201763153,144.54696083068848
7799,0.03838058561086655,,3415.845585823059,144.5618908405304
7800,0.038570329546928406,,3416.4995188713074,144.5768404006958
7801,0.03832250088453293,,3416.9335646629333,144.59178495407104
7802,0.0382990725338459,,3417.365036010742,144.60672426223755
7803,0.0387544184923172,,3417.7970609664917,144.62166833877563
7804,0.03886159509420395,,3418.230861186981,144.63661527633667
7805,0.039167359471321106,,3418.661415576935,144.65155696868896
7806,0.03867931291460991,,3419.0966260433197,144.66649556159973
7807,0.039041727781295776,,3419.5294709205627,144.68144464492798
7808,0.03904169052839279,,3419.963572025299,144.69639825820923
7809,0.03875556215643883,,3420.396679878235,144.71134686470032
7810,0.03900463879108429,,3420.829639196396,144.7262921333313
7811,0.03840489685535431,,3421.262261867523,144.7412395477295
7812,0.038247354328632355,,3421.6970694065094,144.75620770454407
7813,0.038563936948776245,,3422.1318447589874,144.7711591720581
7814,0.03862139582633972,,3422.564873456955,144.78610944747925
7815,0.03873863443732262,,3422.9978306293488,144.80105924606323
7816,0.0383259579539299,,3423.432388782501,144.81601667404175
7817,0.038449861109256744,,3423.864795446396,144.8309724330902
7818,0.038525402545928955,,3424.29802775383,144.84591507911682
7819,0.03863653913140297,,3424.7325489521027,144.86087775230408
7820,0.038438618183135986,,3425.165564060211,144.87581944465637
7821,0.038500670343637466,,3425.599415063858,144.8907597064972
7822,0.03816630318760872,,3426.032157421112,144.90569877624512
7823,0.0382726714015007,,3426.4653327465057,144.92064666748047
7824,0.0381830669939518,,3426.8985526561737,144.9356038570404
7825,0.037970174103975296,,3427.333242893219,144.95055031776428
7826,0.037981901317834854,,3427.7652945518494,144.96550250053406
7827,0.038081567734479904,,3428.1988241672516,144.9804663658142
7828,0.038092415779829025,,3428.63099193573,144.99541878700256
7829,0.0380520261824131,,3429.062460422516,145.01034903526306
7830,0.03815076872706413,,3429.4982566833496,145.02529573440552
7831,0.038317956030368805,,3429.9301404953003,145.0402226448059
7832,0.03804336488246918,,3430.3633432388306,145.05517292022705
7833,0.03825293853878975,,3430.796434402466,145.070148229599
7834,0.03820393979549408,,3431.2291095256805,145.0850908756256
7835,0.03833233565092087,,3431.6602878570557,145.1000440120697
7836,0.03839223459362984,,3432.093504190445,145.11498713493347
7837,0.038517940789461136,,3432.526809692383,145.12993597984314
7838,0.03815539553761482,,3432.9586873054504,145.1448745727539
7839,0.03817391023039818,,3433.391269683838,145.1598379611969
7840,0.03813417628407478,,3433.824243068695,145.17477750778198
7841,0.03810425475239754,,3434.263398885727,145.18972611427307
7842,0.03804249316453934,,3434.6963822841644,145.20464777946472
7843,0.03823511675000191,,3435.1308262348175,145.21959781646729
7844,0.03802606090903282,,3435.56298661232,145.23455500602722
7845,0.03797447681427002,,3435.9935352802277,145.24951720237732
7846,0.03807834908366203,,3436.426467180252,145.2644555568695
7847,0.038236651569604874,,3436.8608989715576,145.27941012382507
7848,0.03810112178325653,,3437.294270992279,145.29436254501343
7849,0.038263604044914246,,3437.7288851737976,145.30930972099304
7850,0.03806867450475693,,3438.3821501731873,145.32427072525024
7851,0.03809515759348869,,3438.816787481308,145.33921575546265
7852,0.03821292147040367,,3439.247296333313,145.35416865348816
7853,0.03825807198882103,,3439.6794447898865,145.36910676956177
7854,0.0382189080119133,,3440.113868713379,145.38407444953918
7855,0.03823400288820267,,3440.5464265346527,145.39903211593628
7856,0.03818804770708084,,3440.980371236801,145.41398191452026
7857,0.03819233551621437,,3441.41348195076,145.42891931533813
7858,0.03816172853112221,,3441.8475725650787,145.4438681602478
7859,0.038150008767843246,,3442.280793428421,145.45881962776184
7860,0.03815123066306114,,3442.7154099941254,145.4737663269043
7861,0.03824076056480408,,3443.1492002010345,145.48873233795166
7862,0.03828996792435646,,3443.583425283432,145.50367522239685
7863,0.03815798833966255,,3444.0154304504395,145.5186309814453
7864,0.037996016442775726,,3444.4472625255585,145.53357529640198
7865,0.0381227545440197,,3444.880212545395,145.54851603507996
7866,0.03831295669078827,,3445.312991142273,145.5634536743164
7867,0.03805611655116081,,3445.746789455414,145.57841062545776
7868,0.03795382380485535,,3446.1805510520935,145.593327999115
7869,0.03828589618206024,,3446.6145169734955,145.60826897621155
7870,0.03822268918156624,,3447.046845436096,145.62321519851685
7871,0.03849346935749054,,3447.4800431728363,145.63817405700684
7872,0.03842978924512863,,3447.9149639606476,145.65311551094055
7873,0.038184139877557755,,3448.348814725876,145.6680498123169
7874,0.038291558623313904,,3448.7805066108704,145.6829879283905
7875,0.03825695067644119,,3449.2146809101105,145.69794964790344
7876,0.03818339854478836,,3449.6473140716553,145.71289038658142
7877,0.03821711987257004,,3450.083181142807,145.7278230190277
7878,0.038585420697927475,,3450.518015384674,145.74275636672974
7879,0.038366738706827164,,3450.9516706466675,145.757714509964
7880,0.038333434611558914,,3451.3846142292023,145.7726607322693
7881,0.03803092613816261,,3451.817640542984,145.78757238388062
7882,0.037852805107831955,,3452.2502298355103,145.8025119304657
7883,0.038084328174591064,,3452.682794570923,145.81745505332947
7884,0.037948284298181534,,3453.1168880462646,145.8323895931244
7885,0.038148026913404465,,3453.5503554344177,145.847341299057
7886,0.03847599774599075,,3453.9830865859985,145.86229825019836
7887,0.03850036859512329,,3454.417693376541,145.8772497177124
7888,0.03825491666793823,,3454.851078271866,145.89218854904175
7889,0.03836411237716675,,3455.283542394638,145.90714645385742
7890,0.03799580782651901,,3455.7179386615753,145.92207098007202
7891,0.038430869579315186,,3456.149664878845,145.93702459335327
7892,0.03830089047551155,,3456.5818922519684,145.95194172859192
7893,0.03858479484915733,,3457.015682220459,145.9669065475464
7894,0.03848705068230629,,3457.4485120773315,145.98186326026917
7895,0.038581185042858124,,3457.880872964859,145.9968137741089
7896,0.03842463344335556,,3458.3149988651276,146.01176691055298
7897,0.03842573240399361,,3458.7488210201263,146.02671027183533
7898,0.037986937910318375,,3459.182344198227,146.0416567325592
7899,0.0381682887673378,,3459.6146755218506,146.05660367012024
7900,0.038062356412410736,,3460.2680242061615,146.0715456008911
7901,0.038238707929849625,,3460.701751470566,146.086496591568
7902,0.03799452260136604,,3461.134901046753,146.10145592689514
7903,0.03824459761381149,,3461.568145751953,146.11639499664307
7904,0.03833433985710144,,3462.00141954422,146.1313283443451
7905,0.03840499743819237,,3462.437405347824,146.14627599716187
7906,0.0383160337805748,,3462.8692996501923,146.16124367713928
7907,0.038275692611932755,,3463.303896665573,146.17617177963257
7908,0.03805112466216087,,3463.7378265857697,146.19111251831055
7909,0.038088295608758926,,3464.1709837913513,146.20603919029236
7910,0.03829813003540039,,3464.604723215103,146.22100353240967
7911,0.03800695389509201,,3465.0379478931427,146.23594498634338
7912,0.03838356211781502,,3465.4706077575684,146.25089025497437
7913,0.03839687630534172,,3465.9042525291443,146.26583576202393
7914,0.03824703022837639,,3466.337470293045,146.2807810306549
7915,0.03816390782594681,,3466.7716879844666,146.29572439193726
7916,0.03803123161196709,,3467.2043232917786,146.31067061424255
7917,0.03829888626933098,,3467.6376321315765,146.32562160491943
7918,0.038087863475084305,,3468.0705280303955,146.34057879447937
7919,0.037821996957063675,,3468.504444360733,146.35553741455078
7920,0.03796057775616646,,3468.9379711151123,146.37045073509216
7921,0.037985946983098984,,3469.3700411319733,146.3854022026062
7922,0.03799993172287941,,3469.8038289546967,146.40032052993774
7923,0.03803448751568794,,3470.2379429340363,146.41525268554688
7924,0.03800129145383835,,3470.6712646484375,146.43021178245544
7925,0.037931084632873535,,3471.1051704883575,146.44516491889954
7926,0.03805773705244064,,3471.5389709472656,146.46013164520264
7927,0.03793542832136154,,3471.971732854843,146.47508716583252
7928,0.03802961856126785,,3472.4045872688293,146.49003863334656
7929,0.0379810705780983,,3472.837794303894,146.50500106811523
7930,0.03806285187602043,,3473.271513223648,146.5199556350708
7931,0.037864405661821365,,3473.705424308777,146.53489875793457
7932,0.03803356736898422,,3474.1381385326385,146.54984545707703
7933,0.03802935406565666,,3474.571605682373,146.564777135849
7934,0.0380566380918026,,3475.005136489868,146.57972526550293
7935,0.037994060665369034,,3475.4382195472717,146.59466791152954
7936,0.03798401355743408,,3475.869984149933,146.60960578918457
7937,0.038239702582359314,,3476.302886724472,146.62456345558167
7938,0.03795454651117325,,3476.7367300987244,146.63951754570007
7939,0.038082364946603775,,3477.1700377464294,146.654452085495
7940,0.03799708932638168,,3477.6023030281067,146.6693880558014
7941,0.03813830390572548,,3478.036822080612,146.6843342781067
7942,0.0380190871655941,,3478.469995737076,146.6992564201355
7943,0.03811515122652054,,3478.903758764267,146.71419644355774
7944,0.03823869302868843,,3479.337131500244,146.72912192344666
7945,0.03821216896176338,,3479.770783662796,146.74408054351807
7946,0.03793380409479141,,3480.2060668468475,146.75903415679932
7947,0.03837922215461731,,3480.639724254608,146.77397418022156
7948,0.038061633706092834,,3481.074142932892,146.78893899917603
7949,0.037877295166254044,,3481.508276462555,146.80387330055237
7950,0.03785141557455063,,3482.1627185344696,146.8188123703003
7951,0.037944938987493515,,3482.5957746505737,146.83375072479248
7952,0.037946850061416626,,3483.0270817279816,146.84869360923767
7953,0.03817646950483322,,3483.4594192504883,146.86364078521729
7954,0.03799565136432648,,3483.8944778442383,146.87858128547668
7955,0.03815630078315735,,3484.3264911174774,146.89351677894592
7956,0.03806106373667717,,3484.7600903511047,146.9084620475769
7957,0.038122743368148804,,3485.1946630477905,146.92341208457947
7958,0.03795697167515755,,3485.6276562213898,146.93835997581482
7959,0.03800082579255104,,3486.0589759349823,146.95329999923706
7960,0.038176413625478745,,3486.492477416992,146.96824741363525
7961,0.03807658329606056,,3486.9264028072357,146.98319745063782
7962,0.03820008039474487,,3487.3593459129333,146.99815225601196
7963,0.037956494837999344,,3487.795189857483,147.0130980014801
7964,0.03810005635023117,,3488.2289266586304,147.02805161476135
7965,0.03784018009901047,,3488.662202835083,147.0430006980896
7966,0.037910398095846176,,3489.0957458019257,147.05795788764954
7967,0.03813226893544197,,3489.527157306671,147.07290172576904
7968,0.03813955560326576,,3489.9615893363953,147.08786940574646
7969,0.03777003660798073,,3490.3948752880096,147.10281348228455
7970,0.03814595192670822,,3490.8289988040924,147.11774063110352
7971,0.03771182522177696,,3491.261189222336,147.13269567489624
7972,0.03782789036631584,,3491.694300174713,147.147620677948
7973,0.037879034876823425,,3492.1273164749146,147.1625804901123
7974,0.0379701592028141,,3492.5614941120148,147.1775233745575
7975,0.03781571984291077,,3492.9955565929413,147.19246125221252
7976,0.038107626140117645,,3493.4281396865845,147.20741534233093
7977,0.037892408668994904,,3493.862100124359,147.22235989570618
7978,0.03767911717295647,,3494.30193734169,147.2373011112213
7979,0.03809015825390816,,3494.7346947193146,147.25226187705994
7980,0.03806670010089874,,3495.1671047210693,147.26721453666687
7981,0.038070157170295715,,3495.600471496582,147.28220391273499
7982,0.037967976182699203,,3496.03346824646,147.2971613407135
7983,0.03794344887137413,,3496.4670650959015,147.31210708618164
7984,0.038030706346035004,,3496.900958299637,147.32706475257874
7985,0.03785541653633118,,3497.332756996155,147.34201312065125
7986,0.03801243007183075,,3497.764964580536,147.35695385932922
7987,0.03793347254395485,,3498.1983523368835,147.3719038963318
7988,0.037746381014585495,,3498.632612466812,147.3868579864502
7989,0.037871066480875015,,3499.0678193569183,147.40181159973145
7990,0.03773147985339165,,3499.5013420581818,147.41676378250122
7991,0.03796350210905075,,3499.9345750808716,147.43170928955078
7992,0.03771553188562393,,3500.3677332401276,147.44663333892822
7993,0.03764929622411728,,3500.8020539283752,147.46158504486084
7994,0.03790730610489845,,3501.2356119155884,147.47648906707764
7995,0.03778836876153946,,3501.6686437129974,147.49142336845398
7996,0.03788327798247337,,3502.1012349128723,147.50635242462158
7997,0.03771888092160225,,3502.535600423813,147.52131342887878
7998,0.03793912008404732,,3502.9688880443573,147.53626084327698
7999,0.03768283128738403,,3503.402414083481,147.55119800567627
8000,0.03766210377216339,-0.0014077466912567616,3504.0558450222015,149.30743074417114
8001,0.03781421482563019,,3504.490820646286,149.32237267494202
8002,0.037741005420684814,,3504.923264026642,149.3373191356659
8003,0.037757758051157,,3505.356509208679,149.35227251052856
8004,0.037734512239694595,,3505.7900519371033,149.36721062660217
8005,0.03773077204823494,,3506.2230916023254,149.38215446472168
8006,0.03796117380261421,,3506.656459093094,149.39708638191223
8007,0.03794163838028908,,3507.0896639823914,149.41203665733337
8008,0.037955787032842636,,3507.522841691971,149.42698550224304
8009,0.038220006972551346,,3507.956600666046,149.44194889068604
8010,0.03816387429833412,,3508.3897206783295,149.45691990852356
8011,0.03793856129050255,,3508.8214156627655,149.47187185287476
8012,0.038079772144556046,,3509.2530374526978,149.48681807518005
8013,0.03793684020638466,,3509.688034772873,149.50176978111267
8014,0.03791158273816109,,3510.1223504543304,149.51671624183655
8015,0.03789159655570984,,3510.5551991462708,149.531653881073
8016,0.03785660117864609,,3510.9877214431763,149.54660654067993
8017,0.03789617121219635,,3511.4197771549225,149.56152534484863
8018,0.037923119962215424,,3511.8531832695007,149.57647562026978
8019,0.03802471235394478,,3512.2858526706696,149.5914180278778
8020,0.0381474569439888,,3512.71937084198,149.6063690185547
8021,0.037813518196344376,,3513.1525571346283,149.62131762504578
8022,0.03768952563405037,,3513.5859639644623,149.63626408576965
8023,0.03786821663379669,,3514.0193567276,149.6512360572815
8024,0.037633512169122696,,3514.4514150619507,149.6661820411682
8025,0.03775786980986595,,3514.8847625255585,149.68113541603088
8026,0.037654709070920944,,3515.3190248012543,149.6960608959198
8027,0.03777667507529259,,3515.751610517502,149.711030960083
8028,0.037809599190950394,,3516.1857771873474,149.7259566783905
8029,0.037929221987724304,,3516.619024038315,149.7408938407898
8030,0.037824708968400955,,3517.0516040325165,149.7558398246765
8031,0.0376712866127491,,3517.4866671562195,149.77079319953918
8032,0.03777811676263809,,3517.9184272289276,149.78574061393738
8033,0.03769988566637039,,3518.350334405899,149.80066752433777
8034,0.03764572739601135,,3518.784718990326,149.8156135082245
8035,0.037904221564531326,,3519.218225002289,149.83056664466858
8036,0.03819633647799492,,3519.651423931122,149.8455195426941
8037,0.03801426291465759,,3520.086050271988,149.86046075820923
8038,0.0382038839161396,,3520.518763065338,149.875403881073
8039,0.038112375885248184,,3520.952226161957,149.89038705825806
8040,0.037923190742731094,,3521.3859629631042,149.90533471107483
8041,0.0380328893661499,,3521.8196082115173,149.92027807235718
8042,0.0378795824944973,,3522.2538611888885,149.93520784378052
8043,0.03767608478665352,,3522.688368320465,149.950177192688
8044,0.03830838203430176,,3523.1231937408447,149.96512746810913
8045,0.03798610717058182,,3523.5571014881134,149.98007345199585
8046,0.038036808371543884,,3523.9904491901398,149.99503993988037
8047,0.037980422377586365,,3524.4225034713745,150.00998997688293
8048,0.038081757724285126,,3524.8556542396545,150.02494478225708
8049,0.03798820450901985,,3525.289457798004,150.03989338874817
8050,0.03796037286520004,,3525.943110227585,150.05484199523926
8051,0.03806858882308006,,3526.374643087387,150.06979703903198
8052,0.03778531029820442,,3526.8076729774475,150.08473777770996
8053,0.03787161409854889,,3527.2410321235657,150.09968614578247
8054,0.037869181483983994,,3527.676438331604,150.11461877822876
8055,0.03808263689279556,,3528.109966278076,150.12956857681274
8056,0.03808075562119484,,3528.5430171489716,150.1444776058197
8057,0.03798418119549751,,3528.974998474121,150.15943121910095
8058,0.03796679526567459,,3529.407903432846,150.1743769645691
8059,0.03793075680732727,,3529.838716030121,150.1893219947815
8060,0.037861455231904984,,3530.2714121341705,150.20427918434143
8061,0.03793985769152641,,3530.703902721405,150.21923232078552
8062,0.03813828527927399,,3531.137027978897,150.23418426513672
8063,0.03787605091929436,,3531.5709960460663,150.2491581439972
8064,0.03789805620908737,,3532.003087759018,150.26409482955933
8065,0.0380193255841732,,3532.4351000785828,150.2790186405182
8066,0.03799448534846306,,3532.8677277565002,150.2939703464508
8067,0.03807383030653,,3533.3010058403015,150.30891919136047
8068,0.038292739540338516,,3533.7344563007355,150.3238663673401
8069,0.038226187229156494,,3534.1680822372437,150.33883047103882
8070,0.0381808765232563,,3534.599523305893,150.35379147529602
8071,0.038069576025009155,,3535.0335845947266,150.36875176429749
8072,0.037960171699523926,,3535.467303752899,150.383704662323
8073,0.038041532039642334,,3535.9013319015503,150.39865350723267
8074,0.03808961063623428,,3536.3353700637817,150.4135811328888
8075,0.03824795410037041,,3536.7687981128693,150.42851948738098
8076,0.03833426162600517,,3537.2019600868225,150.44345331192017
8077,0.03841964900493622,,3537.635702610016,150.4584002494812
8078,0.0380433164536953,,3538.0711529254913,150.4733066558838
8079,0.03804708272218704,,3538.504833459854,150.4882493019104
8080,0.03798167407512665,,3538.9385516643524,150.50320410728455
8081,0.038255419582128525,,3539.3724977970123,150.51815819740295
8082,0.03808670490980148,,3539.804876804352,150.53310990333557
8083,0.03857014700770378,,3540.2365398406982,150.54806685447693
8084,0.03856637701392174,,3540.6714601516724,150.56302428245544
8085,0.03805310279130936,,3541.1036365032196,150.57797026634216
8086,0.03820686414837837,,3541.536972761154,150.59291172027588
8087,0.038282886147499084,,3541.9710006713867,150.60786271095276
8088,0.0384787954390049,,3542.403337955475,150.62280464172363
8089,0.03834883123636246,,3542.837499141693,150.63773107528687
8090,0.03867391124367714,,3543.2701749801636,150.65267848968506
8091,0.038333550095558167,,3543.702721118927,150.6676332950592
8092,0.03842328116297722,,3544.1350898742676,150.6825897693634
8093,0.038410019129514694,,3544.56759929657,150.6975438594818
8094,0.038330379873514175,,3545.002095937729,150.71252703666687
8095,0.03840166702866554,,3545.4346826076508,150.72748684883118
8096,0.03836328536272049,,3545.869597196579,150.74243879318237
8097,0.0383237786591053,,3546.302409172058,150.75738668441772
8098,0.03817461431026459,,3546.735721349716,150.77232193946838
8099,0.038280051201581955,,3547.1695969104767,150.78738594055176
8100,0.038309939205646515,,3547.8227231502533,150.80234169960022
8101,0.037940457463264465,,3548.256123781204,150.81730151176453
8102,0.03778920695185661,,3548.6894311904907,150.83224892616272
8103,0.03773025423288345,,3549.125696182251,150.8471963405609
8104,0.03778079152107239,,3549.5605545043945,150.86212491989136
8105,0.03792225942015648,,3549.9944458007812,150.87708616256714
8106,0.03778468072414398,,3550.4274492263794,150.892028093338
8107,0.03787923976778984,,3550.861724615097,150.90696549415588
8108,0.037796903401613235,,3551.2937049865723,150.92190384864807
8109,0.03774092346429825,,3551.725619316101,150.93686389923096
8110,0.0378531888127327,,3552.158522129059,150.95182156562805
8111,0.037980590015649796,,3552.591897726059,150.96676874160767
8112,0.03791298344731331,,3553.0246918201447,150.98171973228455
8113,0.037864986807107925,,3553.4593098163605,150.99665808677673
8114,0.03794119879603386,,3553.892347097397,151.0116000175476
8115,0.03803834319114685,,3554.3252799510956,151.02654886245728
8116,0.03791821748018265,,3554.759506702423,151.0414915084839
8117,0.03787913918495178,,3555.1930589675903,151.05646467208862
8118,0.03788774460554123,,3555.6265058517456,151.07142400741577
8119,0.03808170557022095,,3556.0608010292053,151.08637237548828
8120,0.037920162081718445,,3556.4943010807037,151.10131335258484
8121,0.03815370425581932,,3556.9268181324005,151.11626553535461
8122,0.03794504329562187,,3557.359810590744,151.13120889663696
8123,0.03784266114234924,,3557.7912786006927,151.1461639404297
8124,0.038179878145456314,,3558.2244193553925,151.1611087322235
8125,0.03802874684333801,,3558.6588475704193,151.17605829238892
8126,0.03801140934228897,,3559.0924170017242,151.19098925590515
8127,0.03778680041432381,,3559.525879383087,151.20593118667603
8128,0.0381673164665699,,3559.960723876953,151.22086262702942
8129,0.0379643440246582,,3560.3937442302704,151.23581290245056
8130,0.03792700171470642,,3560.8268320560455,151.2507643699646
8131,0.0379655696451664,,3561.2611713409424,151.26571416854858
8132,0.038307879120111465,,3561.6933703422546,151.2806532382965
8133,0.038117628544569016,,3562.1263349056244,151.29560661315918
8134,0.038304004818201065,,3562.5600786209106,151.31057405471802
8135,0.037941087037324905,,3562.9929704666138,151.32552766799927
8136,0.037963226437568665,,3563.4264619350433,151.34046840667725
8137,0.03803379088640213,,3563.859746694565,151.3554186820984
8138,0.03808249533176422,,3564.293112754822,151.37037420272827
8139,0.038010500371456146,,3564.7254469394684,151.38531875610352
8140,0.03803929686546326,,3565.1596422195435,151.4002664089203
8141,0.03813871741294861,,3565.5936760902405,151.41520428657532
8142,0.03801409527659416,,3566.0274469852448,151.43016409873962
8143,0.038290079683065414,,3566.460655927658,151.44510960578918
8144,0.037928491830825806,,3566.8941688537598,151.46005296707153
8145,0.038016244769096375,,3567.3276920318604,151.47500586509705
8146,0.03820205107331276,,3567.7631833553314,151.4899559020996
8147,0.03801489248871803,,3568.1956193447113,151.50490641593933
8148,0.03802003338932991,,3568.628939628601,151.51985096931458
8149,0.037767767906188965,,3569.062623023987,151.53481364250183
8150,0.03786434233188629,,3569.715576648712,151.5497488975525
8151,0.03773665428161621,,3570.1496205329895,151.56468629837036
8152,0.03784535825252533,,3570.5872523784637,151.57961797714233
8153,0.0377974733710289,,3571.021258831024,151.59455943107605
8154,0.037766214460134506,,3571.455999851227,151.60951137542725
8155,0.0378347672522068,,3571.888984441757,151.62447547912598
8156,0.03788285702466965,,3572.3215754032135,151.63942408561707
8157,0.0378752276301384,,3572.757216691971,151.6543951034546
8158,0.03814300522208214,,3573.1913883686066,151.669340133667
8159,0.03806307166814804,,3573.62450671196,151.6842827796936
8160,0.03794363886117935,,3574.056534051895,151.69922828674316
8161,0.03785441070795059,,3574.4897227287292,151.714182138443
8162,0.037795841693878174,,3574.9216299057007,151.7291340827942
8163,0.037822362035512924,,3575.35497379303,151.74406123161316
8164,0.03766799718141556,,3575.787839412689,151.75901436805725
8165,0.03781723231077194,,3576.224004507065,151.77395915985107
8166,0.03797907382249832,,3576.65833735466,151.7889015674591
8167,0.03789037838578224,,3577.0909910202026,151.80382180213928
8168,0.037797294557094574,,3577.52591753006,151.81877374649048
8169,0.03789060190320015,,3577.959625720978,151.83373260498047
8170,0.03772192820906639,,3578.3928513526917,151.84868836402893
8171,0.03779520094394684,,3578.8258242607117,151.86364030838013
8172,0.03800250589847565,,3579.261003255844,151.87859272956848
8173,0.03796684369444847,,3579.692435979843,151.89354276657104
8174,0.03787453472614288,,3580.1254761219025,151.9084837436676
8175,0.038004908710718155,,3580.558340549469,151.923419713974
8176,0.03808683156967163,,3580.997414588928,151.9383716583252
8177,0.03814530000090599,,3581.431864976883,151.95332884788513
8178,0.0380348302423954,,3581.8673779964447,151.96826148033142
8179,0.03812814876437187,,3582.300713300705,151.98320126533508
8180,0.0381130650639534,,3582.7339458465576,151.99815368652344
8181,0.03816680610179901,,3583.1671850681305,152.01311564445496
8182,0.03819830343127251,,3583.6012811660767,152.0280590057373
8183,0.03802787512540817,,3584.0348801612854,152.04301142692566
8184,0.03785649687051773,,3584.4704201221466,152.05797052383423
8185,0.0378999263048172,,3584.903756380081,152.07291913032532
8186,0.03824876248836517,,3585.336797475815,152.0878541469574
8187,0.03787919506430626,,3585.7690799236298,152.10281586647034
8188,0.03783800080418587,,3586.2026941776276,152.11776161193848
8189,0.03803587332367897,,3586.6365354061127,152.13271236419678
8190,0.03785635158419609,,3587.0718450546265,152.14765191078186
8191,0.03825855255126953,,3587.5062940120697,152.1625804901123
8192,0.03805702179670334,,3587.938435316086,152.1775255203247
8193,0.03821290284395218,,3588.373121023178,152.19247913360596
8194,0.038422178477048874,,3588.806247472763,152.2074272632599
8195,0.03828190267086029,,3589.239674806595,152.22236704826355
8196,0.03840172290802002,,3589.6725442409515,152.2373173236847
8197,0.03815111145377159,,3590.106970310211,152.25226974487305
8198,0.038310859352350235,,3590.540050506592,152.26721215248108
8199,0.03839719295501709,,3590.973133325577,152.28215408325195
8200,0.03820856660604477,,3591.627648830414,152.29709839820862
8201,0.0380200631916523,,3592.0617847442627,152.31203150749207
8202,0.03789745271205902,,3592.4949703216553,152.32696890830994
8203,0.03790489584207535,,3592.9283730983734,152.34191131591797
8204,0.038392335176467896,,3593.3619446754456,152.35686540603638
8205,0.03794952481985092,,3593.7948887348175,152.37181067466736
8206,0.0379713736474514,,3594.2292335033417,152.38675999641418
8207,0.038342420011758804,,3594.663561820984,152.40171766281128
8208,0.03798595815896988,,3595.0967111587524,152.4166567325592
8209,0.037998683750629425,,3595.5305247306824,152.43159770965576
8210,0.03808077797293663,,3595.964236497879,152.44650673866272
8211,0.03791863098740578,,3596.3966851234436,152.46146392822266
8212,0.037756867706775665,,3596.829904317856,152.4764060974121
8213,0.03794332966208458,,3597.263612270355,152.4913558959961
8214,0.037992242723703384,,3597.6965816020966,152.50629353523254
8215,0.03798625245690346,,3598.129986524582,152.52123475074768
8216,0.03843425586819649,,3598.5641820430756,152.5361828804016
8217,0.03871820122003555,,3598.997414827347,152.55113077163696
8218,0.0384056381881237,,3599.4307165145874,152.56606793403625
8219,0.03844369202852249,,3599.865455389023,152.5810306072235
8220,0.03808952122926712,,3600.2991416454315,152.59598970413208
8221,0.037967242300510406,,3600.7357170581818,152.61093592643738
8222,0.03795560449361801,,3601.1697175502777,152.625883102417
8223,0.037995338439941406,,3601.603547334671,152.64082717895508
8224,0.03808686509728432,,3602.037143945694,152.65578246116638
8225,0.038393545895814896,,3602.4746656417847,152.67072939872742
8226,0.038290418684482574,,3602.908674478531,152.68566703796387
8227,0.03862132877111435,,3603.3399982452393,152.7006118297577
8228,0.03840074688196182,,3603.7728950977325,152.7155635356903
8229,0.038416728377342224,,3604.206341266632,152.73049688339233
8230,0.03812478855252266,,3604.6382129192352,152.74543166160583
8231,0.03817257285118103,,3605.075314760208,152.7603805065155
8232,0.03813696280121803,,3605.5084812641144,152.77533674240112
8233,0.038202572613954544,,3605.9424965381622,152.79028844833374
8234,0.03806952014565468,,3606.3748269081116,152.80522394180298
8235,0.03813290596008301,,3606.808170080185,152.82026958465576
8236,0.038200654089450836,,3607.240809202194,152.83522939682007
8237,0.038355935364961624,,3607.6746966838837,152.85017371177673
8238,0.0383642315864563,,3608.1067736148834,152.86511945724487
8239,0.038586076349020004,,3608.5392677783966,152.88007140159607
8240,0.038308050483465195,,3608.9726700782776,152.89501476287842
8241,0.038348399102687836,,3609.405685901642,152.90994954109192
8242,0.03843345120549202,,3609.8397006988525,152.9248867034912
8243,0.037918198853731155,,3610.273218154907,152.939838886261
8244,0.03800075128674507,,3610.705622434616,152.95478701591492
8245,0.03818606957793236,,3611.138508796692,152.96970343589783
8246,0.03820367529988289,,3611.571828842163,152.98464369773865
8247,0.03811167925596237,,3612.004457473755,152.99958205223083
8248,0.037771906703710556,,3612.4372227191925,153.01453733444214
8249,0.03802451118826866,,3612.8716707229614,153.02948021888733
8250,0.038009289652109146,,3613.5253534317017,153.04442429542542
8251,0.03803945332765579,,3613.9589397907257,153.05936121940613
8252,0.03793745115399361,,3614.390365123749,153.0742964744568
8253,0.0378309041261673,,3614.823722600937,153.0892298221588
8254,0.03806975483894348,,3615.2594435214996,153.10418391227722
8255,0.03797493502497673,,3615.6921923160553,153.11913895606995
8256,0.03808541223406792,,3616.126579284668,153.13407826423645
8257,0.03803616017103195,,3616.5612637996674,153.1490159034729
8258,0.037887681275606155,,3616.995099544525,153.1639802455902
8259,0.03795812278985977,,3617.429084300995,153.17892289161682
8260,0.03801041841506958,,3617.8626482486725,153.19385266304016
8261,0.03785444423556328,,3618.29585981369,153.20877933502197
8262,0.03812044858932495,,3618.730747938156,153.22370553016663
8263,0.0380001924932003,,3619.1663286685944,153.23865675926208
8264,0.038103654980659485,,3619.601443529129,153.25359058380127
8265,0.037936218082904816,,3620.0349395275116,153.26853895187378
8266,0.037665728479623795,,3620.4695563316345,153.2834770679474
8267,0.037851009517908096,,3620.9022092819214,153.2984230518341
8268,0.03762924671173096,,3621.3338117599487,153.3133625984192
8269,0.03764182701706886,,3621.767189502716,153.32830214500427
8270,0.03760334104299545,,3622.2005620002747,153.34323358535767
8271,0.03760569542646408,,3622.6326565742493,153.35816597938538
8272,0.03760041296482086,,3623.067308664322,153.37311577796936
8273,0.03754759579896927,,3623.502054452896,153.38806581497192
8274,0.03748801723122597,,3623.9345338344574,153.40302991867065
8275,0.037801843136548996,,3624.368016242981,153.41799020767212
8276,0.037691663950681686,,3624.800475358963,153.43294668197632
8277,0.03787318617105484,,3625.234461069107,153.4478747844696
8278,0.03768552839756012,,3625.668072462082,153.46282386779785
8279,0.03774036839604378,,3626.1019928455353,153.47778010368347
8280,0.037687573581933975,,3626.5355427265167,153.49272298812866
8281,0.037793856114149094,,3626.970278739929,153.50768184661865
8282,0.03771618381142616,,3627.4043443202972,153.52263689041138
8283,0.03775661438703537,,3627.83802485466,153.53759264945984
8284,0.03787221759557724,,3628.2723433971405,153.55252170562744
8285,0.037918590009212494,,3628.7057631015778,153.56745958328247
8286,0.03805160894989967,,3629.1389541625977,153.5823850631714
8287,0.03809131309390068,,3629.573032617569,153.59734392166138
8288,0.03783657029271126,,3630.0051543712616,153.61229825019836
8289,0.03804374858736992,,3630.4385311603546,153.6272530555725
8290,0.03773241490125656,,3630.872677087784,153.64221596717834
8291,0.037586525082588196,,3631.306622028351,153.65716099739075
8292,0.03765111044049263,,3631.7395656108856,153.67209887504578
8293,0.037561193108558655,,3632.1732761859894,153.6870322227478
8294,0.03759424388408661,,3632.606487751007,153.70197701454163
8295,0.03760881721973419,,3633.039652109146,153.71693062782288
8296,0.037641994655132294,,3633.4725494384766,153.73188066482544
8297,0.03785191476345062,,3633.9055082798004,153.7467966079712
8298,0.03782515972852707,,3634.340052843094,153.76174187660217
8299,0.03790128231048584,,3634.7743170261383,153.7766945362091
8300,0.037984929978847504,,3635.4285724163055,153.7916283607483
8301,0.03772798925638199,,3635.8630549907684,153.8065574169159
8302,0.037553854286670685,,3636.2959809303284,153.82151675224304
8303,0.03761795535683632,,3636.729950904846,153.83649492263794
8304,0.03818365931510925,,3637.163910150528,153.8514323234558
8305,0.03814823552966118,,3637.5964992046356,153.86638164520264
8306,0.03779904916882515,,3638.028564929962,153.8813452720642
8307,0.03800411522388458,,3638.4624223709106,153.8962996006012
8308,0.03820998966693878,,3638.8952407836914,153.91124439239502
8309,0.03768463060259819,,3639.327595949173,153.92620086669922
8310,0.038055576384067535,,3639.7623093128204,153.94115328788757
8311,0.03814668208360672,,3640.195515394211,153.9561026096344
8312,0.03790027275681496,,3640.6292412281036,153.97105622291565
8313,0.03823048993945122,,3641.063840150833,153.98601007461548
8314,0.03805641084909439,,3641.4984035491943,154.0009400844574
8315,0.03789732605218887,,3641.9297823905945,154.01588988304138
8316,0.037999335676431656,,3642.3622484207153,154.03083086013794
8317,0.03793191909790039,,3642.7957549095154,154.04580092430115
8318,0.037720102816820145,,3643.229355573654,154.06074714660645
8319,0.037648674100637436,,3643.6640973091125,154.07569885253906
8320,0.03775531426072121,,3644.097501516342,154.09063172340393
8321,0.03785816207528114,,3644.529646873474,154.10557746887207
8322,0.038194701075553894,,3644.9637472629547,154.12052059173584
8323,0.038234103471040726,,3645.3941905498505,154.1354591846466
8324,0.038006000220775604,,3645.827253341675,154.15039229393005
8325,0.03800373524427414,,3646.2612471580505,154.16536402702332
8326,0.037688761949539185,,3646.694063425064,154.18030905723572
8327,0.037720490247011185,,3647.128116607666,154.19525003433228
8328,0.037722378969192505,,3647.5624103546143,154.21019577980042
8329,0.03784207999706268,,3647.99693274498,154.22514128684998
8330,0.03785640373826027,,3648.4309980869293,154.24009346961975
8331,0.03761646896600723,,3648.864722967148,154.25503993034363
8332,0.03766348958015442,,3649.299197435379,154.26998496055603
8333,0.037678539752960205,,3649.731304883957,154.28492999076843
8334,0.03772079944610596,,3650.165179014206,154.2998833656311
8335,0.03812688589096069,,3650.5986495018005,154.31485176086426
8336,0.038073502480983734,,3651.031798839569,154.32979559898376
8337,0.03779403865337372,,3651.4647221565247,154.34475898742676
8338,0.03768645226955414,,3651.897310733795,154.35971474647522
8339,0.03776096925139427,,3652.3289184570312,154.37465810775757
8340,0.03780556842684746,,3652.7633395195007,154.38961100578308
8341,0.03791877254843712,,3653.195779800415,154.404554605484
8342,0.0376463420689106,,3653.629998922348,154.41951489448547
8343,0.03767533600330353,,3654.061426639557,154.43444418907166
8344,0.03770185261964798,,3654.4952840805054,154.44937753677368
8345,0.03762512654066086,,3654.925976037979,154.46434712409973
8346,0.03761348873376846,,3655.3605041503906,154.47929310798645
8347,0.037579260766506195,,3655.7935230731964,154.4942343235016
8348,0.03768879175186157,,3656.226573944092,154.50917315483093
8349,0.03792152926325798,,3656.66131734848,154.52413630485535
8350,0.03814687579870224,,3657.3148906230927,154.53908705711365
8351,0.03823230788111687,,3657.7498729228973,154.55402135849
8352,0.03790733963251114,,3658.182071685791,154.5689718723297
8353,0.03784266114234924,,3658.6149859428406,154.58391642570496
8354,0.03794559836387634,,3659.0499958992004,154.5988552570343
8355,0.03774804249405861,,3659.4835011959076,154.613844871521
8356,0.037696000188589096,,3659.917443037033,154.62879514694214
8357,0.03769946098327637,,3660.351436138153,154.64375829696655
8358,0.037860505282878876,,3660.7835483551025,154.65869784355164
8359,0.03811367601156235,,3661.217543363571,154.67364716529846
8360,0.03800792619585991,,3661.650925397873,154.68859672546387
8361,0.03778018429875374,,3662.0846440792084,154.70355319976807
8362,0.037625752389431,,3662.51540184021,154.7184944152832
8363,0.03801211342215538,,3662.9490628242493,154.73345232009888
8364,0.038016557693481445,,3663.382572889328,154.7483994960785
8365,0.038044705986976624,,3663.8148543834686,154.76334595680237
8366,0.038094352930784225,,3664.2498347759247,154.7782917022705
8367,0.03827304393053055,,3664.6838762760162,154.793231010437
8368,0.03781610354781151,,3665.1174523830414,154.8081772327423
8369,0.03795503079891205,,3665.551837205887,154.8231303691864
8370,0.03822179138660431,,3665.9841709136963,154.83806371688843
8371,0.038228508085012436,,3666.417561531067,154.853018283844
8372,0.038288772106170654,,3666.8502078056335,154.86797380447388
8373,0.038292717188596725,,3667.283584833145,154.8829219341278
8374,0.038101330399513245,,3667.7172408103943,154.89787888526917
8375,0.03787529841065407,,3668.1505148410797,154.91282057762146
8376,0.03817204758524895,,3668.582328557968,154.9277639389038
8377,0.038127027451992035,,3669.0152394771576,154.94271302223206
8378,0.03808106109499931,,3669.4488365650177,154.95765590667725
8379,0.03792819753289223,,3669.8828887939453,154.97261905670166
8380,0.037705641239881516,,3670.31645655632,154.98755764961243
8381,0.037755612283945084,,3670.7498667240143,155.0025041103363
8382,0.03772922605276108,,3671.183262348175,155.01743984222412
8383,0.03769369050860405,,3671.6151509284973,155.0323829650879
8384,0.03807799518108368,,3672.048419713974,155.04732823371887
8385,0.03775478154420853,,3672.482239961624,155.06227827072144
8386,0.03776853531599045,,3672.9150590896606,155.07719826698303
8387,0.03797261789441109,,3673.3486971855164,155.09214687347412
8388,0.03786003589630127,,3673.783321619034,155.1070876121521
8389,0.03758201003074646,,3674.216762781143,155.12203931808472
8390,0.038023196160793304,,3674.6517362594604,155.13697266578674
8391,0.038269106298685074,,3675.086101770401,155.15192675590515
8392,0.037935446947813034,,3675.52010345459,155.16687297821045
8393,0.037904612720012665,,3675.9539680480957,155.18183183670044
8394,0.03762299567461014,,3676.3865699768066,155.19676685333252
8395,0.037804048508405685,,3676.8192279338837,155.21171259880066
8396,0.03779866173863411,,3677.2544791698456,155.226665019989
8397,0.03780968114733696,,3677.688729286194,155.24159789085388
8398,0.037917573004961014,,3678.1234624385834,155.25653648376465
8399,0.037905409932136536,,3678.5567784309387,155.271470785141
8400,0.03781616687774658,,3679.209765434265,155.28641414642334
8401,0.03789433464407921,,3679.644119977951,155.30137634277344
8402,0.038120727986097336,,3680.0746355056763,155.31633758544922
8403,0.037683386355638504,,3680.5091001987457,155.33126831054688
8404,0.037946559488773346,,3680.942671060562,155.34622192382812
8405,0.037932138890028,,3681.373076915741,155.36116576194763
8406,0.03757023811340332,,3681.8063983917236,155.37612652778625
8407,0.037714578211307526,,3682.241452693939,155.3910801410675
8408,0.037716977298259735,,3682.675409078598,155.40603518486023
8409,0.03785566985607147,,3683.1088349819183,155.42097926139832
8410,0.03811516612768173,,3683.541605234146,155.43593096733093
8411,0.038101017475128174,,3683.9759888648987,155.45088386535645
8412,0.03811799734830856,,3684.4093470573425,155.46581959724426
8413,0.03814844414591789,,3684.842561006546,155.48076391220093
8414,0.03796916455030441,,3685.2765576839447,155.49569988250732
8415,0.03795988857746124,,3685.710254907608,155.51065063476562
8416,0.03797975182533264,,3686.143716812134,155.52560329437256
8417,0.03801167383790016,,3686.5768613815308,155.54056763648987
8418,0.037961043417453766,,3687.010746717453,155.55550384521484
8419,0.037963010370731354,,3687.443673849106,155.57046604156494
8420,0.03782546520233154,,3687.877376794815,155.58541226387024
8421,0.03769989311695099,,3688.310625553131,155.60035610198975
8422,0.037445854395627975,,3688.7448439598083,155.61530804634094
8423,0.037545591592788696,,3689.177855491638,155.6302580833435
8424,0.03747445344924927,,3689.6112253665924,155.64521265029907
8425,0.03758300468325615,,3690.0434629917145,155.66014957427979
8426,0.03746442124247551,,3690.4760620594025,155.67508172988892
8427,0.037582311779260635,,3690.909003019333,155.69003891944885
8428,0.03767525777220726,,3691.3428621292114,155.70498394966125
8429,0.03749718517065048,,3691.7750527858734,155.71993684768677
8430,0.03750510513782501,,3692.2100648880005,155.73488354682922
8431,0.03748418018221855,,3692.6422798633575,155.7498321533203
8432,0.037506215274333954,,3693.074473142624,155.76476955413818
8433,0.03752843290567398,,3693.5087509155273,155.77972412109375
8434,0.0374428816139698,,3693.9425551891327,155.794668674469
8435,0.037586260586977005,,3694.375237226486,155.80962085723877
8436,0.03761507570743561,,3694.808175802231,155.82457637786865
8437,0.03757401183247566,,3695.2421731948853,155.83952927589417
8438,0.037904173135757446,,3695.675255060196,155.85447716712952
8439,0.03770832717418671,,3696.109486103058,155.86942958831787
8440,0.03748435527086258,,3696.543316602707,155.8843846321106
8441,0.03768109902739525,,3696.9748363494873,155.89933109283447
8442,0.03759755939245224,,3697.408937692642,155.91426253318787
8443,0.037736278027296066,,3697.8442120552063,155.92922687530518
8444,0.03773216903209686,,3698.276956796646,155.94418263435364
8445,0.03767181187868118,,3698.7105855941772,155.95913743972778
8446,0.03761863708496094,,3699.1436302661896,155.97407841682434
8447,0.037631455808877945,,3699.576197385788,155.98902988433838
8448,0.03773208335042,,3700.0082607269287,156.00397562980652
8449,0.037690382450819016,,3700.4401774406433,156.01891446113586
8450,0.03791515529155731,,3701.0935151576996,156.03386330604553
8451,0.037994567304849625,,3701.528336763382,156.04881119728088
8452,0.03814950957894325,,3701.9617397785187,156.0637698173523
8453,0.038192473351955414,,3702.3937220573425,156.07872414588928
8454,0.03819115459918976,,3702.8276998996735,156.0936803817749
8455,0.03790772706270218,,3703.2599012851715,156.10861778259277
8456,0.03792108967900276,,3703.693188428879,156.1235568523407
8457,0.03778763860464096,,3704.1272025108337,156.13849878311157
8458,0.037866830825805664,,3704.55969786644,156.1534342765808
8459,0.03796272724866867,,3704.992100954056,156.16838812828064
8460,0.03793647140264511,,3705.4301958084106,156.18332505226135
8461,0.03774780407547951,,3705.8636133670807,156.1982717514038
8462,0.03747750446200371,,3706.297175168991,156.21318531036377
8463,0.03747225180268288,,3706.731400489807,156.22813534736633
8464,0.03745734691619873,,3707.163638114929,156.24306178092957
8465,0.0377863310277462,,3707.595689058304,156.25800561904907
8466,0.03799712657928467,,3708.0295586586,156.27296996116638
8467,0.03757399693131447,,3708.4626779556274,156.2879421710968
8468,0.037771351635456085,,3708.899323940277,156.3028838634491
8469,0.03754822909832001,,3709.333306789398,156.31782841682434
8470,0.03761192411184311,,3709.7672712802887,156.33279061317444
8471,0.037560805678367615,,3710.2004425525665,156.3477602005005
8472,0.037508100271224976,,3710.635556459427,156.3626971244812
8473,0.037480901926755905,,3711.069344520569,156.37762808799744
8474,0.03755157068371773,,3711.501963853836,156.39258289337158
8475,0.03786406293511391,,3711.935673713684,156.40753483772278
8476,0.037898868322372437,,3712.3654232025146,156.4224727153778
8477,0.03775621950626373,,3712.79953789711,156.43740820884705
8478,0.03770185261964798,,3713.2339293956757,156.45235085487366
8479,0.03787338361144066,,3713.665794610977,156.46729731559753
8480,0.038061607629060745,,3714.097630262375,156.48225021362305
8481,0.038042426109313965,,3714.531740665436,156.4971890449524
8482,0.03778677433729172,,3714.9655854701996,156.51213932037354
8483,0.037793710827827454,,3715.39860868454,156.52709102630615
8484,0.0379536896944046,,3715.8309133052826,156.54201698303223
8485,0.037540681660175323,,3716.2638323307037,156.55695962905884
8486,0.03774842619895935,,3716.6969318389893,156.57190561294556
8487,0.037720758467912674,,3717.130753993988,156.58685326576233
8488,0.0378144308924675,,3717.5632202625275,156.60178399085999
8489,0.03768199309706688,,3717.995854616165,156.61674737930298
8490,0.0375869944691658,,3718.428398370743,156.63169503211975
8491,0.03773200139403343,,3718.8615708351135,156.64666199684143
8492,0.03773479163646698,,3719.2956981658936,156.6616086959839
8493,0.037826161831617355,,3719.7302503585815,156.6765604019165
8494,0.03768957033753395,,3720.1630194187164,156.6915020942688
8495,0.03752913326025009,,3720.596535682678,156.70643043518066
8496,0.0377701073884964,,3721.0307383537292,156.72137331962585
8497,0.037922754883766174,,3721.4641630649567,156.7362926006317
8498,0.03802448511123657,,3721.89896774292,156.75124382972717
8499,0.03813203051686287,,3722.3318111896515,156.76618266105652
8500,0.037703774869441986,-0.0014296864392235875,3722.9840540885925,158.5225715637207
8501,0.03772089257836342,,3723.417611837387,158.53751969337463
8502,0.03766900673508644,,3723.851660966873,158.55248069763184
8503,0.03774391859769821,,3724.284821987152,158.56742906570435
8504,0.037859052419662476,,3724.7187418937683,158.5823769569397
8505,0.037925925105810165,,3725.149086713791,158.5973174571991
8506,0.037648655474185944,,3725.582446336746,158.61225485801697
8507,0.037638694047927856,,3726.0157668590546,158.62718796730042
8508,0.03782977536320686,,3726.447978258133,158.6421263217926
8509,0.037735674530267715,,3726.880404472351,158.6570918560028
8510,0.03770234063267708,,3727.315161705017,158.67204594612122
8511,0.03767671063542366,,3727.7474699020386,158.6869969367981
8512,0.037726208567619324,,3728.1789865493774,158.70193576812744
8513,0.03759614750742912,,3728.612581729889,158.71691250801086
8514,0.037958212196826935,,3729.0466752052307,158.73186421394348
8515,0.03812960907816887,,3729.4801528453827,158.74681210517883
8516,0.03794492408633232,,3729.9106724262238,158.76173853874207
8517,0.0379282608628273,,3730.3450407981873,158.77668118476868
8518,0.03790831193327904,,3730.777288913727,158.79163122177124
8519,0.03789152950048447,,3731.2104654312134,158.80657315254211
8520,0.037590429186820984,,3731.643742084503,158.82151627540588
8521,0.03766394034028053,,3732.075274705887,158.83645391464233
8522,0.037623368203639984,,3732.5092148780823,158.85141253471375
8523,0.037473034113645554,,3732.9429047107697,158.8663671016693
8524,0.03780199959874153,,3733.3768310546875,158.88130450248718
8525,0.03820514306426048,,3733.8092420101166,158.89625906944275
8526,0.037660472095012665,,3734.242535352707,158.91120433807373
8527,0.037658803164958954,,3734.6742429733276,158.92613744735718
8528,0.03822369500994682,,3735.1073310375214,158.94107747077942
8529,0.03767428547143936,,3735.5403616428375,158.9560375213623
8530,0.03761375695466995,,3735.974847316742,158.9709837436676
8531,0.03799290582537651,,3736.4077591896057,158.98592925071716
8532,0.037891410291194916,,3736.8427493572235,159.00086188316345
8533,0.03807535395026207,,3737.2782788276672,159.01581692695618
8534,0.038102030754089355,,3737.712709903717,159.0307638645172
8535,0.037969477474689484,,3738.146674156189,159.04570984840393
8536,0.03806497901678085,,3738.579865694046,159.06065845489502
8537,0.03798655793070793,,3739.0125110149384,159.07559370994568
8538,0.03788665309548378,,3739.4460442066193,159.09053802490234
8539,0.03808705136179924,,3739.8793199062347,159.10547995567322
8540,0.0381120890378952,,3740.309889316559,159.12040853500366
8541,0.038103196769952774,,3740.743006706238,159.13535380363464
8542,0.03816504031419754,,3741.1774055957794,159.15030789375305
8543,0.03816381096839905,,3741.611398935318,159.165265083313
8544,0.03792490065097809,,3742.0436787605286,159.1801881790161
8545,0.03801814466714859,,3742.477601289749,159.19513487815857
8546,0.03785382956266403,,3742.9120664596558,159.21009492874146
8547,0.037986304610967636,,3743.3441536426544,159.22503566741943
8548,0.03791578486561775,,3743.776601791382,159.2399764060974
8549,0.038094568997621536,,3744.209305047989,159.25492358207703
8550,0.03808772191405296,,3744.863374233246,159.26985931396484
8551,0.03790435940027237,,3745.2970821857452,159.2848036289215
8552,0.03781474754214287,,3745.730118751526,159.29975771903992
8553,0.03784777969121933,,3746.162472486496,159.31471943855286
8554,0.03773079812526703,,3746.596720933914,159.3296594619751
8555,0.03782971575856209,,3747.0298573970795,159.3445999622345
8556,0.03793264925479889,,3747.4641349315643,159.35955834388733
8557,0.03789551556110382,,3747.8979070186615,159.37450695037842
8558,0.03768394514918327,,3748.3321282863617,159.38944005966187
8559,0.03764867037534714,,3748.7651472091675,159.40439128875732
8560,0.037655171006917953,,3749.1997265815735,159.41932845115662
8561,0.037773970514535904,,3749.6327991485596,159.43426489830017
8562,0.037491340190172195,,3750.0664546489716,159.4491958618164
8563,0.037457577884197235,,3750.4996502399445,159.46413397789001
8564,0.037442345172166824,,3750.9324004650116,159.4790711402893
8565,0.03759722411632538,,3751.3642411231995,159.49402594566345
8566,0.037661679089069366,,3751.7986562252045,159.50896883010864
8567,0.03752116113901138,,3752.232545375824,159.52391147613525
8568,0.037600066512823105,,3752.6642639636993,159.5388526916504
8569,0.0381082259118557,,3753.098351240158,159.55380511283875
8570,0.03814972564578056,,3753.5309863090515,159.56874203681946
8571,0.03760092332959175,,3753.9653809070587,159.5836820602417
8572,0.03758811578154564,,3754.3996930122375,159.59862232208252
8573,0.0377180390059948,,3754.834004878998,159.6135790348053
8574,0.03746282309293747,,3755.26761674881,159.62853264808655
8575,0.03757904842495918,,3755.701344013214,159.64346766471863
8576,0.03792301565408707,,3756.1348435878754,159.65841007232666
8577,0.03806358948349953,,3756.5699610710144,159.6733410358429
8578,0.0383170060813427,,3757.00536608696,159.68827867507935
8579,0.038204967975616455,,3757.43954372406,159.7032232284546
8580,0.03775676712393761,,3757.873077392578,159.71817779541016
8581,0.03802844509482384,,3758.3078656196594,159.73313403129578
8582,0.03782549127936363,,3758.73956656456,159.7480742931366
8583,0.03780467063188553,,3759.1716799736023,159.7630114555359
8584,0.03781158849596977,,3759.6050419807434,159.77796483039856
8585,0.037706680595874786,,3760.0376658439636,159.79294610023499
8586,0.037709254771471024,,3760.4709544181824,159.80790162086487
8587,0.03804749622941017,,3760.905529499054,159.82285261154175
8588,0.038091808557510376,,3761.339442014694,159.83780479431152
8589,0.038142163306474686,,3761.774223804474,159.85275983810425
8590,0.038169559091329575,,3762.2079083919525,159.867689371109
8591,0.038145001977682114,,3762.6417915821075,159.88262844085693
8592,0.03794584795832634,,3763.075684070587,159.89759802818298
8593,0.0379558801651001,,3763.5079040527344,159.91254472732544
8594,0.037926726043224335,,3763.9409267902374,159.9274923801422
8595,0.03817020729184151,,3764.3739473819733,159.9424328804016
8596,0.037973374128341675,,3764.8083193302155,159.95737552642822
8597,0.03812875971198082,,3765.242069721222,159.9723241329193
8598,0.03803710266947746,,3765.6756279468536,159.98727083206177
8599,0.03789514675736427,,3766.10932469368,160.00221300125122
8600,0.03793960437178612,,3766.7625641822815,160.0171754360199
8601,0.037926673889160156,,3767.1956672668457,160.03211617469788
8602,0.03799750655889511,,3767.627809524536,160.04706168174744
8603,0.03775421902537346,,3768.060685157776,160.06201553344727
8604,0.037757374346256256,,3768.494425058365,160.07696437835693
8605,0.03763929009437561,,3768.926906108856,160.0919065475464
8606,0.037751395255327225,,3769.358012199402,160.10685229301453
8607,0.037643324583768845,,3769.791633605957,160.12179851531982
8608,0.03773258253931999,,3770.2234885692596,160.1367666721344
8609,0.03776150569319725,,3770.65598154068,160.1517035961151
8610,0.037745170295238495,,3771.0902535915375,160.16665387153625
8611,0.03780272603034973,,3771.524956226349,160.1816246509552
8612,0.03803543001413345,,3771.95782995224,160.19657468795776
8613,0.038021598011255264,,3772.391282558441,160.21151757240295
8614,0.03780202567577362,,3772.830475091934,160.22647953033447
8615,0.03812820464372635,,3773.2639439105988,160.24144196510315
8616,0.03783843666315079,,3773.6974608898163,160.25639510154724
8617,0.0380401536822319,,3774.129122018814,160.27134656906128
8618,0.03778925538063049,,3774.5626966953278,160.28627705574036
8619,0.037999749183654785,,3774.997304916382,160.30122709274292
8620,0.038010939955711365,,3775.431218147278,160.31618452072144
8621,0.037662338465452194,,3775.863158226013,160.33113551139832
8622,0.037970855832099915,,3776.2969586849213,160.3460841178894
8623,0.03799165040254593,,3776.7297489643097,160.36105060577393
8624,0.03780248761177063,,3777.162830591202,160.37602019309998
8625,0.03799314424395561,,3777.5967197418213,160.3909661769867
8626,0.03793977200984955,,3778.0302987098694,160.40591168403625
8627,0.03807844966650009,,3778.46143245697,160.42086625099182
8628,0.038119908422231674,,3778.8951692581177,160.43581867218018
8629,0.037939880043268204,,3779.327059984207,160.45075821876526
8630,0.0379338301718235,,3779.7610692977905,160.46570372581482
8631,0.03785662353038788,,3780.1956655979156,160.48063969612122
8632,0.03797956556081772,,3780.628844022751,160.49559235572815
8633,0.03823205456137657,,3781.0611815452576,160.51053476333618
8634,0.03807529807090759,,3781.4949209690094,160.52548503875732
8635,0.03804055228829384,,3781.9283056259155,160.54043817520142
8636,0.037936776876449585,,3782.3615815639496,160.55537867546082
8637,0.0378548689186573,,3782.7933564186096,160.570317029953
8638,0.03767221421003342,,3783.2262494564056,160.58525896072388
8639,0.03767767921090126,,3783.657658100128,160.60020780563354
8640,0.037880055606365204,,3784.0921947956085,160.6151614189148
8641,0.03758648410439491,,3784.525493621826,160.63010096549988
8642,0.03782973811030388,,3784.9583008289337,160.6450479030609
8643,0.03787672147154808,,3785.391679763794,160.659991979599
8644,0.03815149888396263,,3785.824772834778,160.6749484539032
8645,0.037895314395427704,,3786.2566459178925,160.68991351127625
8646,0.03789547458291054,,3786.6907608509064,160.70485615730286
8647,0.03779871389269829,,3787.1215109825134,160.7197983264923
8648,0.03786821290850639,,3787.55636882782,160.73475885391235
8649,0.037630170583724976,,3787.9913675785065,160.7496955394745
8650,0.0375145822763443,,3788.645637989044,160.76465511322021
8651,0.03754293918609619,,3789.0784776210785,160.7796139717102
8652,0.037975795567035675,,3789.5100474357605,160.79456043243408
8653,0.03783349692821503,,3789.944016933441,160.80949926376343
8654,0.03778194636106491,,3790.377168416977,160.82445788383484
8655,0.037684813141822815,,3790.8087768554688,160.83939862251282
8656,0.03787657245993614,,3791.2422161102295,160.85434317588806
8657,0.038019921630620956,,3791.6750893592834,160.86926674842834
8658,0.037943582981824875,,3792.1082787513733,160.88422179222107
8659,0.03767022117972374,,3792.5417952537537,160.89916563034058
8660,0.03752573952078819,,3792.9753744602203,160.9141161441803
8661,0.03768625855445862,,3793.410423517227,160.9290590286255
8662,0.037773434072732925,,3793.8436090946198,160.9440004825592
8663,0.037772782146930695,,3794.2776663303375,160.9589524269104
8664,0.03799779340624809,,3794.7106306552887,160.97389841079712
8665,0.037935446947813034,,3795.1437017917633,160.98884892463684
8666,0.03767486289143562,,3795.5766956806183,161.0037932395935
8667,0.037652913480997086,,3796.0084640979767,161.01873970031738
8668,0.037744857370853424,,3796.4399502277374,161.03367972373962
8669,0.037644751369953156,,3796.8732998371124,161.0486125946045
8670,0.03746755048632622,,3797.3077890872955,161.063551902771
8671,0.03746224194765091,,3797.740983724594,161.07850241661072
8672,0.03749896585941315,,3798.174840927124,161.0934464931488
8673,0.03757376968860626,,3798.6078782081604,161.10838413238525
8674,0.03771500661969185,,3799.03981423378,161.12333345413208
8675,0.037631671875715256,,3799.4772284030914,161.1382818222046
8676,0.03773675486445427,,3799.9104886054993,161.15321469306946
8677,0.03773001208901405,,3800.3437728881836,161.16816306114197
8678,0.03763740509748459,,3800.7766122817993,161.18311047554016
8679,0.03770878538489342,,3801.2101607322693,161.1980540752411
8680,0.03751753643155098,,3801.6425909996033,161.2130002975464
8681,0.03788740187883377,,3802.0766928195953,161.22795271873474
8682,0.03759034723043442,,3802.5099308490753,161.2429084777832
8683,0.03784321993589401,,3802.9441618919373,161.2578616142273
8684,0.037578191608190536,,3803.3762650489807,161.2727873325348
8685,0.03773016855120659,,3803.8082432746887,161.2877230644226
8686,0.037884701043367386,,3804.2407693862915,161.3026671409607
8687,0.03806363418698311,,3804.6750531196594,161.31763410568237
8688,0.03789881616830826,,3805.108882188797,161.33258295059204
8689,0.03794209659099579,,3805.543232679367,161.34752655029297
8690,0.03770783543586731,,3805.9777829647064,161.3624725341797
8691,0.0377674475312233,,3806.410158395767,161.37741589546204
8692,0.03772938251495361,,3806.8436703681946,161.3923511505127
8693,0.037578362971544266,,3807.2783279418945,161.4072961807251
8694,0.03749116137623787,,3807.713207960129,161.42224049568176
8695,0.03758235648274422,,3808.146577835083,161.43718242645264
8696,0.03760918974876404,,3808.5798251628876,161.45213389396667
8697,0.03760671615600586,,3809.011050224304,161.46707105636597
8698,0.03780556842684746,,3809.4445786476135,161.4820556640625
8699,0.03750375285744667,,3809.878119945526,161.49700474739075
8700,0.03761345148086548,,3810.5307722091675,161.51195096969604
8701,0.037832412868738174,,3810.9645535945892,161.5268840789795
8702,0.03799561783671379,,3811.3987255096436,161.54182720184326
8703,0.03786653280258179,,3811.832556247711,161.5567705631256
8704,0.037920303642749786,,3812.267171859741,161.5717191696167
8705,0.03791504725813866,,3812.6976912021637,161.58667135238647
8706,0.03792458400130272,,3813.1310102939606,161.60162162780762
8707,0.03799242526292801,,3813.564553499222,161.6165623664856
8708,0.037603553384542465,,3813.9947884082794,161.6315085887909
8709,0.037587154656648636,,3814.4281237125397,161.6464717388153
8710,0.037540726363658905,,3814.860034227371,161.66143321990967
8711,0.037594813853502274,,3815.2936356067657,161.6763825416565
8712,0.03764662519097328,,3815.7266170978546,161.69133710861206
8713,0.03754962980747223,,3816.1608593463898,161.70627808570862
8714,0.0375751256942749,,3816.593092441559,161.7212278842926
8715,0.03769299387931824,,3817.026726961136,161.73617005348206
8716,0.037678588181734085,,3817.46014547348,161.75111365318298
8717,0.03795202448964119,,3817.894012928009,161.7661726474762
8718,0.037877943366765976,,3818.326272010803,161.7811222076416
8719,0.037960976362228394,,3818.7600553035736,161.79607629776
8720,0.03796090558171272,,3819.193400621414,161.81101655960083
8721,0.038015227764844894,,3819.626235961914,161.8259654045105
8722,0.03789573907852173,,3820.0605306625366,161.8409299850464
8723,0.038005802780389786,,3820.49196600914,161.8558747768402
8724,0.037873413413763046,,3820.9257357120514,161.87081289291382
8725,0.0380016565322876,,3821.3596189022064,161.88577723503113
8726,0.037670865654945374,,3821.7924988269806,161.900719165802
8727,0.03762558475136757,,3822.2255029678345,161.91565561294556
8728,0.03754618018865585,,3822.6600680351257,161.93059945106506
8729,0.037596918642520905,,3823.093917131424,161.94553995132446
8730,0.03775186836719513,,3823.526844024658,161.96048259735107
8731,0.03775909170508385,,3823.961361646652,161.97542476654053
8732,0.03767635300755501,,3824.3948798179626,161.99036121368408
8733,0.037881165742874146,,3824.828222513199,162.00531220436096
8734,0.03810359910130501,,3825.262063264847,162.02027440071106
8735,0.03789043053984642,,3825.695677757263,162.03522491455078
8736,0.03763170540332794,,3826.1283779144287,162.05017232894897
8737,0.03756866604089737,,3826.562029361725,162.06513214111328
8738,0.03745112195611,,3826.9955961704254,162.08007764816284
8739,0.037551749497652054,,3827.429041862488,162.09502625465393
8740,0.03755967319011688,,3827.8611538410187,162.10994935035706
8741,0.03762368485331535,,3828.2926778793335,162.1249063014984
8742,0.03753563016653061,,3828.725683450699,162.13987112045288
8743,0.037534020841121674,,3829.1586220264435,162.15482807159424
8744,0.03757353499531746,,3829.5929160118103,162.16978359222412
8745,0.03756143897771835,,3830.0260186195374,162.18473196029663
8746,0.037495698779821396,,3830.4624977111816,162.19968724250793
8747,0.0375511460006237,,3830.895904779434,162.21464228630066
8748,0.03752238675951958,,3831.3269670009613,162.22958540916443
8749,0.03784399479627609,,3831.760213136673,162.24452114105225
8750,0.037926990538835526,,3832.4136521816254,162.25946044921875
8751,0.03756801784038544,,3832.8477125167847,162.274409532547
8752,0.03756651654839516,,3833.2806301116943,162.28937029838562
8753,0.03766327723860741,,3833.7146599292755,162.3043234348297
8754,0.037788886576890945,,3834.149382352829,162.31926131248474
8755,0.03780016675591469,,3834.5819594860077,162.33419156074524
8756,0.037748072296381,,3835.0162782669067,162.34916520118713
8757,0.03772693872451782,,3835.450942993164,162.36411905288696
8758,0.03768834471702576,,3835.8851296901703,162.37905502319336
8759,0.037743184715509415,,3836.3171570301056,162.39398765563965
8760,0.037714648991823196,,3836.7508754730225,162.40893054008484
8761,0.03769003227353096,,3837.1846392154694,162.42387700080872
8762,0.03781484067440033,,3837.617924451828,162.43881177902222
8763,0.03785029426217079,,3838.0535559654236,162.45375084877014
8764,0.03765556961297989,,3838.4855768680573,162.4687204360962
8765,0.03795134276151657,,3838.9194889068604,162.48368120193481
8766,0.038024891167879105,,3839.3550188541412,162.498619556427
8767,0.03809913992881775,,3839.788393974304,162.51357054710388
8768,0.03807583451271057,,3840.222280025482,162.52853083610535
8769,0.037930551916360855,,3840.654534339905,162.54348182678223
8770,0.038298968225717545,,3841.0866272449493,162.55839347839355
8771,0.03822704404592514,,3841.519334793091,162.57333612442017
8772,0.0379723496735096,,3841.959172487259,162.58827209472656
8773,0.0381055511534214,,3842.391607284546,162.6032223701477
8774,0.038009483367204666,,3842.8250193595886,162.61817026138306
8775,0.03815525025129318,,3843.2586541175842,162.6331226825714
8776,0.03788743540644646,,3843.693792104721,162.64808297157288
8777,0.037596508860588074,,3844.1276206970215,162.66303062438965
8778,0.03770795837044716,,3844.5633714199066,162.67797255516052
8779,0.03760550916194916,,3844.996967315674,162.69291067123413
8780,0.0377328023314476,,3845.427397966385,162.7078492641449
8781,0.03808673843741417,,3845.861387491226,162.72279381752014
8782,0.03797886148095131,,3846.2951810359955,162.73774194717407
8783,0.03783551603555679,,3846.7285585403442,162.75266003608704
8784,0.03783760592341423,,3847.161680698395,162.76760911941528
8785,0.03777216374874115,,3847.5945086479187,162.78255581855774
8786,0.037857696413993835,,3848.0275654792786,162.79751014709473
8787,0.03768918663263321,,3848.460691690445,162.81246089935303
8788,0.037887658923864365,,3848.893146276474,162.82740592956543
8789,0.03796861693263054,,3849.325949907303,162.84237003326416
8790,0.03783359378576279,,3849.76127910614,162.85731983184814
8791,0.03777148947119713,,3850.1932349205017,162.87227749824524
8792,0.037755921483039856,,3850.627474784851,162.887225151062
8793,0.03769233077764511,,3851.061068534851,162.90216827392578
8794,0.03757629543542862,,3851.4953303337097,162.9171178340912
8795,0.03776001185178757,,3851.928783893585,162.932058095932
8796,0.03773442283272743,,3852.362802505493,162.94701266288757
8797,0.03764922544360161,,3852.7960262298584,162.9619677066803
8798,0.03764862194657326,,3853.229097366333,162.976895570755
8799,0.0377255380153656,,3853.6641914844513,162.9918396472931
8800,0.03767561912536621,,3854.3166275024414,163.00678849220276
8801,0.03769531846046448,,3854.7504744529724,163.02173399925232
8802,0.03787202388048172,,3855.1834466457367,163.03666257858276
8803,0.03783510997891426,,3855.616521835327,163.0516176223755
8804,0.03804970905184746,,3856.051236152649,163.066570520401
8805,0.03797561302781105,,3856.4845435619354,163.08151745796204
8806,0.03799574449658394,,3856.9176876544952,163.09645533561707
8807,0.038003671914339066,,3857.3508477211,163.1113965511322
8808,0.03798405081033707,,3857.7838003635406,163.12635374069214
8809,0.03785272687673569,,3858.2169637680054,163.14128732681274
8810,0.03784077614545822,,3858.6515924930573,163.15622901916504
8811,0.037925370037555695,,3859.083646774292,163.17117404937744
8812,0.03791067376732826,,3859.5176696777344,163.18610835075378
8813,0.0376645103096962,,3859.9503819942474,163.20105147361755
8814,0.03759300336241722,,3860.379843711853,163.21598720550537
8815,0.03761633485555649,,3860.8120250701904,163.23093271255493
8816,0.037565961480140686,,3861.2461626529694,163.24587535858154
8817,0.03755288943648338,,3861.679535150528,163.2608232498169
8818,0.03756405785679817,,3862.1123325824738,163.27577710151672
8819,0.037544701248407364,,3862.5445499420166,163.29073286056519
8820,0.03754132613539696,,3862.976198911667,163.30570650100708
8821,0.037786081433296204,,3863.409560441971,163.32064175605774
8822,0.03800259903073311,,3863.843899488449,163.33557176589966
8823,0.037859149277210236,,3864.2764196395874,163.3505358695984
8824,0.037757158279418945,,3864.708404779434,163.365473985672
8825,0.037842992693185806,,3865.141434431076,163.3804235458374
8826,0.037954457104206085,,3865.5746700763702,163.39537000656128
8827,0.03768076375126839,,3866.0078477859497,163.41031908988953
8828,0.03775409981608391,,3866.4410009384155,163.42526721954346
8829,0.03775396570563316,,3866.8748075962067,163.4402093887329
8830,0.037823375314474106,,3867.30739569664,163.4551591873169
8831,0.03804565221071243,,3867.741431236267,163.47008609771729
8832,0.037912506610155106,,3868.1741750240326,163.48503160476685
8833,0.037707991898059845,,3868.6111981868744,163.49995589256287
8834,0.03795335441827774,,3869.0453429222107,163.51491332054138
8835,0.037928156554698944,,3869.479171514511,163.52985262870789
8836,0.037836719304323196,,3869.912298679352,163.54479885101318
8837,0.037643760442733765,,3870.346045255661,163.5597438812256
8838,0.037653569132089615,,3870.779616355896,163.57467198371887
8839,0.03765665367245674,,3871.213767528534,163.58961415290833
8840,0.03778500109910965,,3871.647636413574,163.60456013679504
8841,0.0375032052397728,,3872.0813133716583,163.6194932460785
8842,0.03764188289642334,,3872.5145120620728,163.63442301750183
8843,0.03775135427713394,,3872.946502685547,163.64937615394592
8844,0.037763722240924835,,3873.3796486854553,163.66433429718018
8845,0.037762515246868134,,3873.8115384578705,163.67927956581116
8846,0.037749260663986206,,3874.2445805072784,163.69421911239624
8847,0.03762057051062584,,3874.675845861435,163.70916628837585
8848,0.03769834712147713,,3875.1090173721313,163.72411012649536
8849,0.03766480088233948,,3875.542675256729,163.7390582561493
8850,0.0378500372171402,,3876.197193622589,163.7540009021759
8851,0.03772864490747452,,3876.6316883563995,163.768940448761
8852,0.03773307427763939,,3877.0667152404785,163.78390741348267
8853,0.037856053560972214,,3877.499427318573,163.79885029792786
8854,0.03791265934705734,,3877.9356124401093,163.81381225585938
8855,0.03803908824920654,,3878.368420600891,163.82877230644226
8856,0.03801301494240761,,3878.802529335022,163.84371829032898
8857,0.03797285258769989,,3879.2349379062653,163.85866165161133
8858,0.0376761369407177,,3879.667799949646,163.87362241744995
8859,0.03780403733253479,,3880.1015989780426,163.88858151435852
8860,0.03769334405660629,,3880.5340487957,163.90351700782776
8861,0.03782588988542557,,3880.967562675476,163.91844987869263
8862,0.03762175887823105,,3881.4006350040436,163.93338680267334
8863,0.037508826702833176,,3881.834690093994,163.9483346939087
8864,0.03782172501087189,,3882.268382549286,163.96328210830688
8865,0.03779216483235359,,3882.6991102695465,163.97821617126465
8866,0.038197822868824005,,3883.1329839229584,163.99315810203552
8867,0.03817782178521156,,3883.5666420459747,164.0081012248993
8868,0.038276370614767075,,3884.000399827957,164.02303814888
8869,0.038101423531770706,,3884.4343671798706,164.03797006607056
8870,0.03821462765336037,,3884.867538690567,164.0528826713562
8871,0.03811844810843468,,3885.3014068603516,164.06783819198608
8872,0.037998732179403305,,3885.7356045246124,164.08275961875916
8873,0.037977393716573715,,3886.1680698394775,164.0977110862732
8874,0.03792835772037506,,3886.6012036800385,164.11265993118286
8875,0.037984803318977356,,3887.035163164139,164.12761282920837
8876,0.03777472302317619,,3887.469091653824,164.14254903793335
8877,0.037594813853502274,,3887.9015514850616,164.15748119354248
8878,0.03773138299584389,,3888.33549451828,164.1724293231964
8879,0.037723004817962646,,3888.768604040146,164.18738198280334
8880,0.03785264492034912,,3889.2017452716827,164.20232486724854
8881,0.038012947887182236,,3889.635315656662,164.2172725200653
8882,0.037919167429208755,,3890.0695345401764,164.2322280406952
8883,0.038153089582920074,,3890.5022480487823,164.24719500541687
8884,0.037895649671554565,,3890.9343333244324,164.26213788986206
8885,0.03782309591770172,,3891.367990732193,164.27708458900452
8886,0.0377732552587986,,3891.801294326782,164.29203295707703
8887,0.03794366866350174,,3892.234397172928,164.30698823928833
8888,0.037740956991910934,,3892.666745901108,164.32193303108215
8889,0.037621356546878815,,3893.101902961731,164.33687472343445
8890,0.037583593279123306,,3893.536384820938,164.3518249988556
8891,0.037637654691934586,,3893.9667961597443,164.36677765846252
8892,0.037741854786872864,,3894.399396419525,164.38168597221375
8893,0.03767494484782219,,3894.835620164871,164.39663290977478
8894,0.03745608776807785,,3895.2668952941895,164.41157126426697
8895,0.03749227896332741,,3895.698943376541,164.4265332221985
8896,0.03774551302194595,,3896.1320457458496,164.44147539138794
8897,0.037923071533441544,,3896.5631811618805,164.45642709732056
8898,0.03790447488427162,,3896.9965267181396,164.4713797569275
8899,0.03770957887172699,,3897.429217338562,164.48633003234863
8900,0.037940554320812225,,3898.082351207733,164.50127387046814
8901,0.0380488745868206,,3898.5169258117676,164.51621961593628
8902,0.03763173148036003,,3898.9502794742584,164.53117752075195
8903,0.03801621496677399,,3899.3825311660767,164.54611492156982
8904,0.03818754851818085,,3899.81693816185,164.56105828285217
8905,0.038070112466812134,,3900.2480392456055,164.57602953910828
8906,0.03786630183458328,,3900.679797887802,164.5909857749939
8907,0.03790050745010376,,3901.113558769226,164.6059055328369
8908,0.037981707602739334,,3901.54692530632,164.62085461616516
8909,0.03804987668991089,,3901.9798080921173,164.63576364517212
8910,0.038045573979616165,,3902.413749933243,164.65071034431458
8911,0.03786735236644745,,3902.8467767238617,164.66567969322205
8912,0.03787442669272423,,3903.2798883914948,164.68062376976013
8913,0.03775597736239433,,3903.7128002643585,164.6955852508545
8914,0.03806672245264053,,3904.1446046829224,164.7105429172516
8915,0.03761911019682884,,3904.5772490501404,164.72548389434814
8916,0.03775189444422722,,3905.0108485221863,164.74041843414307
8917,0.03804228454828262,,3905.4431250095367,164.75537490844727
8918,0.038026563823223114,,3905.876899242401,164.77030897140503
8919,0.03798481822013855,,3906.3109431266785,164.7852442264557
8920,0.03801462799310684,,3906.743875980377,164.80018830299377
8921,0.0381028987467289,,3907.174349784851,164.8151478767395
8922,0.03774655610322952,,3907.607854604721,164.8301064968109
8923,0.038160305470228195,,3908.0408704280853,164.84505248069763
8924,0.03817268833518028,,3908.4747116565704,164.8599967956543
8925,0.03786628693342209,,3908.908547401428,164.87496638298035
8926,0.03783651441335678,,3909.3408658504486,164.88992857933044
8927,0.03778250515460968,,3909.7726089954376,164.90488243103027
8928,0.03797217085957527,,3910.213155269623,164.91983842849731
8929,0.037946004420518875,,3910.645286798477,164.9347686767578
8930,0.03775736689567566,,3911.078770160675,164.9497184753418
8931,0.03798595070838928,,3911.5103192329407,164.96463346481323
8932,0.03810930252075195,,3911.944094181061,164.97958326339722
8933,0.03777611628174782,,3912.3785588741302,164.9945206642151
8934,0.03793536499142647,,3912.8136446475983,165.00947761535645
8935,0.03777613490819931,,3913.2461342811584,165.0244243144989
8936,0.03778957948088646,,3913.6795132160187,165.03937196731567
8937,0.03788698464632034,,3914.1126980781555,165.05432319641113
8938,0.03795454278588295,,3914.5460002422333,165.06928634643555
8939,0.037758201360702515,,3914.976984977722,165.08423352241516
8940,0.03780684620141983,,3915.408957004547,165.09914779663086
8941,0.0379086397588253,,3915.842089653015,165.1141059398651
8942,0.03761693090200424,,3916.2737188339233,165.129056930542
8943,0.03773713484406471,,3916.70636677742,165.14400267601013
8944,0.03807530552148819,,3917.1397852897644,165.15894174575806
8945,0.038097865879535675,,3917.5725474357605,165.17388582229614
8946,0.03824763000011444,,3918.0052506923676,165.18883228302002
8947,0.03820768743753433,,3918.4352345466614,165.20377492904663
8948,0.038242120295763016,,3918.86820602417,165.21871948242188
8949,0.038267090916633606,,3919.301294326782,165.2336630821228
8950,0.03812377527356148,,3919.957598209381,165.24861645698547
8951,0.03786526620388031,,3920.3914878368378,165.26355600357056
8952,0.03774459287524223,,3920.8219752311707,165.27850604057312
8953,0.03773735836148262,,3921.255199432373,165.29343628883362
8954,0.03790339455008507,,3921.6883993148804,165.30838632583618
8955,0.037800516933202744,,3922.1214933395386,165.32330965995789
8956,0.03784799948334694,,3922.5531766414642,165.3382523059845
8957,0.03788270801305771,,3922.985669374466,165.35320687294006
8958,0.037739939987659454,,3923.4180533885956,165.368155002594
8959,0.038063615560531616,,3923.851319551468,165.3830966949463
8960,0.03791502118110657,,3924.2851264476776,165.39804100990295
8961,0.03804076462984085,,3924.7175710201263,165.41299319267273
8962,0.03804166615009308,,3925.150927066803,165.42793107032776
8963,0.03816494718194008,,3925.5848722457886,165.44287300109863
8964,0.03796989098191261,,3926.0175399780273,165.45780038833618
8965,0.0379122756421566,,3926.451094865799,165.47274351119995
8966,0.03785338252782822,,3926.885878801346,165.48768424987793
8967,0.03784900903701782,,3927.318841457367,165.50263571739197
8968,0.037937432527542114,,3927.75270986557,165.51758575439453
8969,0.03794781118631363,,3928.1865541934967,165.53253746032715
8970,0.03799756243824959,,3928.619980096817,165.5474853515625
8971,0.03769157454371452,,3929.0538136959076,165.5624225139618
8972,0.037945449352264404,,3929.488191127777,165.57737040519714
8973,0.038059674203395844,,3929.9215066432953,165.5923261642456
8974,0.03794350102543831,,3930.3530027866364,165.6072723865509
8975,0.037883415818214417,,3930.7875452041626,165.62222385406494
8976,0.038014624267816544,,3931.221836566925,165.63717103004456
8977,0.03800925984978676,,3931.6552453041077,165.65212416648865
8978,0.03765096887946129,,3932.0899233818054,165.6670651435852
8979,0.037674225866794586,,3932.522868156433,165.68200373649597
8980,0.037608373910188675,,3932.955821752548,165.69694638252258
8981,0.03767838701605797,,3933.3911216259003,165.71189856529236
8982,0.03758373484015465,,3933.8246188163757,165.72683238983154
8983,0.03767288103699684,,3934.257879972458,165.7417769432068
8984,0.03761341795325279,,3934.693017244339,165.75673151016235
8985,0.037798184901475906,,3935.1263768672943,165.77168440818787
8986,0.03801947832107544,,3935.5600051879883,165.7866370677948
8987,0.03768669068813324,,3935.995168209076,165.80157279968262
8988,0.03764801099896431,,3936.42906832695,165.8165237903595
8989,0.037624113261699677,,3936.860687971115,165.83147621154785
8990,0.038026440888643265,,3937.2946877479553,165.84642338752747
8991,0.038017649203538895,,3937.7267079353333,165.86136627197266
8992,0.03793320432305336,,3938.158097267151,165.87631797790527
8993,0.03796461597084999,,3938.5911345481873,165.89126586914062
8994,0.037818748503923416,,3939.023297071457,165.90621137619019
8995,0.037737730890512466,,3939.4561269283295,165.92114758491516
8996,0.037765130400657654,,3939.8910348415375,165.93610835075378
8997,0.03781596198678017,,3940.3253009319305,165.95104718208313
8998,0.03776375949382782,,3940.7584733963013,165.96598148345947
8999,0.03782251849770546,,3941.1929802894592,165.98091626167297
9000,0.037787750363349915,-0.0013261351268738508,3941.8463010787964,167.73734188079834
