it,rel_l1err,rc,rt_solve,rt_log
0,0.9596461653709412,0.10042290389537811,1.2776739597320557,1.3824067115783691
1,0.9179369211196899,,1.5919439792633057,1.3932719230651855
2,0.8604570627212524,,1.900249719619751,1.4041509628295898
3,0.8354480862617493,,2.213379383087158,1.4150290489196777
4,0.7651520371437073,,2.524777889251709,1.4259090423583984
5,0.6668110489845276,,2.834052085876465,1.436760425567627
6,0.5719012022018433,,3.145073652267456,1.4476029872894287
7,0.48976993560791016,,3.4561660289764404,1.4584681987762451
8,0.3918713629245758,,3.7659292221069336,1.4693233966827393
9,0.3100684583187103,,4.079132080078125,1.480170726776123
10,0.2999613881111145,,4.387350082397461,1.4910163879394531
11,0.25532543659210205,,4.694968223571777,1.5018811225891113
12,0.24871350824832916,,5.004174709320068,1.512744426727295
13,0.2771536409854889,,5.315877437591553,1.5235891342163086
14,0.2350667119026184,,5.627985954284668,1.5344462394714355
15,0.16988857090473175,,5.938936233520508,1.5452971458435059
16,0.1917179971933365,,6.24849009513855,1.5561401844024658
17,0.17241229116916656,,6.559537649154663,1.5670032501220703
18,0.14726844429969788,,6.868239641189575,1.5778589248657227
19,0.1345294862985611,,7.176141262054443,1.5887196063995361
20,0.12491714954376221,,7.484730958938599,1.5995712280273438
21,0.11147107183933258,,7.798134803771973,1.6104073524475098
22,0.11332432925701141,,8.106576919555664,1.6212632656097412
23,0.11644483357667923,,8.416453838348389,1.6321220397949219
24,0.11018253862857819,,8.725355386734009,1.6429860591888428
25,0.10392140597105026,,9.041120529174805,1.6538548469543457
26,0.10227323323488235,,9.352128028869629,1.6647229194641113
27,0.10179793834686279,,9.661028861999512,1.675572395324707
28,0.10159013420343399,,9.969812631607056,1.6864385604858398
29,0.10138708353042603,,10.281696796417236,1.6973059177398682
30,0.10135176032781601,,10.590391635894775,1.708169937133789
31,0.10125130414962769,,10.901137351989746,1.719062089920044
32,0.1006932407617569,,11.210225105285645,1.7299156188964844
33,0.10185087472200394,,11.520656824111938,1.7407708168029785
34,0.10335120558738708,,11.828383684158325,1.751619577407837
35,0.10235831886529922,,12.138357400894165,1.7624857425689697
36,0.10258596390485764,,12.450078010559082,1.773350477218628
37,0.10153964161872864,,12.759971141815186,1.7842297554016113
38,0.10109388083219528,,13.068299055099487,1.795105218887329
39,0.1012243926525116,,13.379528522491455,1.8059518337249756
40,0.10066455602645874,,13.690756559371948,1.8168039321899414
41,0.0999293327331543,,13.99992036819458,1.8276574611663818
42,0.10014388710260391,,14.309894323348999,1.8385121822357178
43,0.10010469704866409,,14.619233131408691,1.8493618965148926
44,0.10056962817907333,,14.927743434906006,1.8602290153503418
45,0.10308825969696045,,15.236729383468628,1.8710954189300537
46,0.10106567293405533,,15.546838760375977,1.8819525241851807
47,0.10141237080097198,,15.856258630752563,1.8928074836730957
48,0.10166779905557632,,16.166110038757324,1.9036509990692139
49,0.10123533755540848,,16.474849462509155,1.9145121574401855
50,0.09973148256540298,,16.951833486557007,1.9253709316253662
51,0.1006346121430397,,17.262712478637695,1.9362471103668213
52,0.1034364104270935,,17.57842707633972,1.9471211433410645
53,0.10081309080123901,,17.886754751205444,1.957986831665039
54,0.10094306617975235,,18.19526219367981,1.9688286781311035
55,0.1006375402212143,,18.50462532043457,1.9796841144561768
56,0.10298033058643341,,18.81407332420349,1.9905421733856201
57,0.10316747426986694,,19.12150263786316,2.0013926029205322
58,0.10436488687992096,,19.43278956413269,2.0122389793395996
59,0.10288653522729874,,19.745055437088013,2.0230934619903564
60,0.09968876838684082,,20.053489923477173,2.0339515209198
61,0.09742558747529984,,20.367310047149658,2.044790506362915
62,0.09940088540315628,,20.67754864692688,2.0556461811065674
63,0.10031314194202423,,20.987135410308838,2.066488027572632
64,0.10222321003675461,,21.297903060913086,2.077342987060547
65,0.10178565979003906,,21.606712579727173,2.088212251663208
66,0.09865432232618332,,21.91487717628479,2.099071502685547
67,0.09749365597963333,,22.224159240722656,2.1099276542663574
68,0.09781856089830399,,22.5343759059906,2.1207802295684814
69,0.10027051717042923,,22.84142780303955,2.1316282749176025
70,0.10089965909719467,,23.15192675590515,2.142484664916992
71,0.09496259689331055,,23.462275505065918,2.1533467769622803
72,0.09576588124036789,,23.775219202041626,2.1642165184020996
73,0.1008300930261612,,24.08277702331543,2.175089120864868
74,0.09756189584732056,,24.391002655029297,2.1859452724456787
75,0.09333852678537369,,24.698927879333496,2.1967875957489014
76,0.09242487698793411,,25.01081132888794,2.2076380252838135
77,0.09168712049722672,,25.31940245628357,2.2184886932373047
78,0.09157858043909073,,25.628541469573975,2.2293286323547363
79,0.09086509048938751,,25.936190128326416,2.240180015563965
80,0.0914783924818039,,26.246402740478516,2.251047134399414
81,0.09346028417348862,,26.558680772781372,2.2619006633758545
82,0.08932188898324966,,26.86720061302185,2.2727508544921875
83,0.08967915922403336,,27.177916288375854,2.2836008071899414
84,0.09020915627479553,,27.486856937408447,2.2944464683532715
85,0.09017502516508102,,27.795790672302246,2.3052916526794434
86,0.08859237283468246,,28.105692386627197,2.3161280155181885
87,0.08816897869110107,,28.41366958618164,2.3269834518432617
88,0.08788792788982391,,28.72347140312195,2.3378329277038574
89,0.08720892667770386,,29.034406185150146,2.3486900329589844
90,0.08744605630636215,,29.343894720077515,2.359553337097168
91,0.08860548585653305,,29.65283179283142,2.3704099655151367
92,0.09061221033334732,,29.96225619316101,2.3812754154205322
93,0.08862435072660446,,30.27007818222046,2.392132043838501
94,0.09055726230144501,,30.579646587371826,2.402974843978882
95,0.09173653274774551,,30.891517877578735,2.4138381481170654
96,0.09569066017866135,,31.20008158683777,2.4246959686279297
97,0.0916297659277916,,31.51142454147339,2.4355506896972656
98,0.08768967539072037,,31.82407784461975,2.4464056491851807
99,0.08371001482009888,,32.13246965408325,2.4572677612304688
100,0.08376527577638626,,32.613935470581055,2.468127727508545
101,0.08172336220741272,,32.92345213890076,2.4789886474609375
102,0.08143395930528641,,33.232903242111206,2.4898366928100586
103,0.08375973999500275,,33.54369568824768,2.5006980895996094
104,0.08143439888954163,,33.852943658828735,2.5115504264831543
105,0.08136039972305298,,34.16156888008118,2.52241849899292
106,0.08156606554985046,,34.47148132324219,2.5332722663879395
107,0.0814671441912651,,34.782912492752075,2.5441410541534424
108,0.08244950324296951,,35.09285306930542,2.5549938678741455
109,0.08217177540063858,,35.40133309364319,2.5658621788024902
110,0.08354561775922775,,35.710522413253784,2.5767104625701904
111,0.08163435757160187,,36.02279329299927,2.587575912475586
112,0.08163142949342728,,36.33218312263489,2.5984296798706055
113,0.07944949716329575,,36.64228844642639,2.6092875003814697
114,0.07921304553747177,,36.950973987579346,2.6201422214508057
115,0.07960519194602966,,37.261510610580444,2.6309943199157715
116,0.07893215864896774,,37.5721595287323,2.6418545246124268
117,0.07940483093261719,,37.88055062294006,2.6527187824249268
118,0.07888764142990112,,38.19229292869568,2.6635704040527344
119,0.07894938439130783,,38.50131130218506,2.674409866333008
120,0.07902458310127258,,38.81098747253418,2.685286283493042
121,0.07628825306892395,,39.121602058410645,2.696150064468384
122,0.07684656232595444,,39.43346858024597,2.707005739212036
123,0.07686810195446014,,39.74623084068298,2.7178571224212646
124,0.0761655867099762,,40.05589747428894,2.728713274002075
125,0.07591605931520462,,40.364453077316284,2.739572525024414
126,0.07551571726799011,,40.672829389572144,2.7504312992095947
127,0.07752750813961029,,40.984050273895264,2.76129412651062
128,0.07723970711231232,,41.29420232772827,2.772141695022583
129,0.07383517920970917,,41.60298037528992,2.7829926013946533
130,0.07309282571077347,,41.912967920303345,2.7938392162323
131,0.07285583019256592,,42.222890853881836,2.804687023162842
132,0.07430614531040192,,42.5319938659668,2.815542459487915
133,0.07086550444364548,,42.84221291542053,2.8263955116271973
134,0.06996788084506989,,43.14990568161011,2.8372364044189453
135,0.06966540217399597,,43.45973253250122,2.8480892181396484
136,0.06896606832742691,,43.770358085632324,2.85893177986145
137,0.07113528996706009,,44.0793719291687,2.8697845935821533
138,0.0697643831372261,,44.38863706588745,2.8806328773498535
139,0.0700245350599289,,44.69675278663635,2.891488790512085
140,0.07012514024972916,,45.00493049621582,2.902336597442627
141,0.07004358619451523,,45.31251621246338,2.9131839275360107
142,0.0695553869009018,,45.62080955505371,2.9240353107452393
143,0.06816047430038452,,45.930302143096924,2.934900999069214
144,0.06857684254646301,,46.2393000125885,2.94575834274292
145,0.06843242794275284,,46.54845833778381,2.9566287994384766
146,0.06757733225822449,,46.860305070877075,2.967474937438965
147,0.065326027572155,,47.171144008636475,2.9783365726470947
148,0.0667472556233406,,47.48022484779358,2.98919415473938
149,0.0640137791633606,,47.789281606674194,3.0000360012054443
150,0.06426027417182922,,48.27111220359802,3.010889768600464
151,0.06920605152845383,,48.580543518066406,3.0217392444610596
152,0.06320111453533173,,48.88971138000488,3.0326061248779297
153,0.062497325241565704,,49.199201583862305,3.0434587001800537
154,0.06127946823835373,,49.509077310562134,3.0543107986450195
155,0.060823190957307816,,49.8197283744812,3.065156936645508
156,0.05857464298605919,,50.12843561172485,3.0760133266448975
157,0.05782848596572876,,50.439244747161865,3.0868756771087646
158,0.05740567296743393,,50.74615693092346,3.0977272987365723
159,0.06151404604315758,,51.05553483963013,3.108574867248535
160,0.0616617314517498,,51.3655641078949,3.1194303035736084
161,0.06345993280410767,,51.67602825164795,3.1302709579467773
162,0.06379528343677521,,51.985527992248535,3.1411149501800537
163,0.06040390208363533,,52.29570269584656,3.1519839763641357
164,0.05702042207121849,,52.60503649711609,3.1628432273864746
165,0.055667027831077576,,52.914557456970215,3.1736879348754883
166,0.058045752346515656,,53.22255253791809,3.184530019760132
167,0.05652681738138199,,53.53180718421936,3.1953678131103516
168,0.05553155019879341,,53.83937215805054,3.2062220573425293
169,0.054948367178440094,,54.148094177246094,3.2170729637145996
170,0.056302957236766815,,54.45760250091553,3.2279162406921387
171,0.057877637445926666,,54.76937198638916,3.238774538040161
172,0.05881646275520325,,55.079214096069336,3.2496261596679688
173,0.056931886821985245,,55.39001941680908,3.260479211807251
174,0.05453810468316078,,55.69940543174744,3.2713286876678467
175,0.054679710417985916,,56.00950765609741,3.2821948528289795
176,0.05555060878396034,,56.31962704658508,3.293060541152954
177,0.055126987397670746,,56.629018783569336,3.303917646408081
178,0.05467996373772621,,56.93879723548889,3.3147683143615723
179,0.05632141977548599,,57.247477293014526,3.3256280422210693
180,0.06049284338951111,,57.555258989334106,3.3364880084991455
181,0.06456931680440903,,57.86324954032898,3.347346782684326
182,0.06974185258150101,,58.17261600494385,3.3581979274749756
183,0.06660572439432144,,58.48171663284302,3.3690640926361084
184,0.060209572315216064,,58.79317545890808,3.3799102306365967
185,0.07222060859203339,,59.10314106941223,3.3907718658447266
186,0.07257314771413803,,59.41340756416321,3.4016361236572266
187,0.06830617040395737,,59.72409677505493,3.4124834537506104
188,0.06976187229156494,,60.033411264419556,3.423340082168579
189,0.06229964643716812,,60.342103004455566,3.4341979026794434
190,0.06698547303676605,,60.65085005760193,3.4450454711914062
191,0.06795401126146317,,60.96288442611694,3.455913543701172
192,0.06633607298135757,,61.27252554893494,3.4667739868164062
193,0.06862740963697433,,61.5812931060791,3.477649450302124
194,0.07153449207544327,,61.891374349594116,3.4885025024414062
195,0.0649731308221817,,62.202181339263916,3.4993534088134766
196,0.06564439833164215,,62.510246992111206,3.510206937789917
197,0.06823574006557465,,62.81807613372803,3.5210602283477783
198,0.05589771643280983,,63.12708806991577,3.531925916671753
199,0.05488007515668869,,63.43640184402466,3.5427846908569336
200,0.05221303924918175,,63.917277574539185,3.5536446571350098
201,0.05139265954494476,,64.22607445716858,3.5645110607147217
202,0.05263950675725937,,64.53743505477905,3.5753567218780518
203,0.05161618813872337,,64.84829640388489,3.586212396621704
204,0.05028509348630905,,65.15692734718323,3.597060203552246
205,0.050415921956300735,,65.46659302711487,3.6079158782958984
206,0.048256874084472656,,65.77642393112183,3.618772268295288
207,0.04925675317645073,,66.08770847320557,3.6296348571777344
208,0.04857845976948738,,66.39643716812134,3.6404807567596436
209,0.053575292229652405,,66.70672273635864,3.6513490676879883
210,0.04951874911785126,,67.01443862915039,3.6622154712677
211,0.05101766437292099,,67.32304787635803,3.673081159591675
212,0.04947179555892944,,67.63249683380127,3.6839301586151123
213,0.047435514628887177,,67.94145894050598,3.6947824954986572
214,0.0466020368039608,,68.25032019615173,3.7056260108947754
215,0.0508466437458992,,68.55939984321594,3.7164742946624756
216,0.04943891614675522,,68.86939644813538,3.7273428440093994
217,0.049490854144096375,,69.17715835571289,3.738194704055786
218,0.04711879417300224,,69.48624849319458,3.749051094055176
219,0.04733651131391525,,69.79650950431824,3.7598979473114014
220,0.044164616614580154,,70.10549116134644,3.770754337310791
221,0.04374413564801216,,70.41313099861145,3.7816054821014404
222,0.04353448003530502,,70.72183418273926,3.792461633682251
223,0.043806686997413635,,71.03393602371216,3.8033199310302734
224,0.043839722871780396,,71.34312200546265,3.8141720294952393
225,0.04424694553017616,,71.65257382392883,3.8250064849853516
226,0.04408308491110802,,71.96425437927246,3.8358538150787354
227,0.04315263777971268,,72.27359080314636,3.8467178344726562
228,0.04392724856734276,,72.58372688293457,3.8575735092163086
229,0.0444285087287426,,72.89364910125732,3.8684446811676025
230,0.04486435279250145,,73.20513081550598,3.87931489944458
231,0.04533163085579872,,73.51357173919678,3.8901662826538086
232,0.04446641355752945,,73.82369804382324,3.9010064601898193
233,0.04646381735801697,,74.13161182403564,3.911853313446045
234,0.044542256742715836,,74.44106411933899,3.9226975440979004
235,0.04490135610103607,,74.74998784065247,3.933546781539917
236,0.043781522661447525,,75.05708813667297,3.944399356842041
237,0.04351787641644478,,75.36506581306458,3.9552595615386963
238,0.04302139952778816,,75.67445635795593,3.9661078453063965
239,0.04428204521536827,,75.98611164093018,3.9769673347473145
240,0.04305649548768997,,76.29571557044983,3.9878158569335938
241,0.042563941329717636,,76.60312128067017,3.998668909072876
242,0.041496627032756805,,76.91199779510498,4.009512186050415
243,0.04140757769346237,,77.22060656547546,4.020356893539429
244,0.04097567871212959,,77.52927756309509,4.031196355819702
245,0.041846200823783875,,77.83859205245972,4.042059898376465
246,0.044427864253520966,,78.14702820777893,4.052907705307007
247,0.039873018860816956,,78.45559072494507,4.063749551773071
248,0.0431024394929409,,78.76470184326172,4.074599742889404
249,0.04092804715037346,,79.07356476783752,4.085464239120483
250,0.03943830356001854,,79.55411410331726,4.096312999725342
251,0.03842393308877945,,79.86223196983337,4.1071717739105225
252,0.03784521669149399,,80.16992592811584,4.118027925491333
253,0.03824178874492645,,80.48039865493774,4.128881931304932
254,0.03812920302152634,,80.7886106967926,4.139734983444214
255,0.036253027617931366,,81.09781289100647,4.150583505630493
256,0.03801775351166725,,81.40937733650208,4.161439657211304
257,0.03704143688082695,,81.71809482574463,4.172292709350586
258,0.038565509021282196,,82.02687048912048,4.183148384094238
259,0.036930251866579056,,82.33481955528259,4.194000244140625
260,0.03696568310260773,,82.64353847503662,4.204847812652588
261,0.03821825236082077,,82.95502805709839,4.215698003768921
262,0.03697383403778076,,83.26636028289795,4.226553440093994
263,0.03911999240517616,,83.5734031200409,4.237390995025635
264,0.039998359978199005,,83.88171553611755,4.248243808746338
265,0.03871342912316322,,84.18979167938232,4.25909423828125
266,0.04009898751974106,,84.49993562698364,4.269939422607422
267,0.03545263782143593,,84.80870127677917,4.280783414840698
268,0.03607901930809021,,85.11741065979004,4.291638612747192
269,0.03623954579234123,,85.42650556564331,4.302483797073364
270,0.03652122616767883,,85.73615050315857,4.313339471817017
271,0.035185690969228745,,86.0457193851471,4.32419490814209
272,0.037108324468135834,,86.3553478717804,4.335047006607056
273,0.0365028977394104,,86.66567182540894,4.345901727676392
274,0.035515397787094116,,86.97828412055969,4.356760740280151
275,0.035576920956373215,,87.28649806976318,4.367605209350586
276,0.03522162884473801,,87.59566521644592,4.378471374511719
277,0.036604173481464386,,87.90755820274353,4.389321565628052
278,0.03709032014012337,,88.21648216247559,4.400173902511597
279,0.03790777549147606,,88.52579283714294,4.411026954650879
280,0.03340868279337883,,88.83417439460754,4.421878099441528
281,0.03688795864582062,,89.14355063438416,4.432740926742554
282,0.03791763633489609,,89.45138049125671,4.443608999252319
283,0.03447660058736801,,89.75950765609741,4.454456806182861
284,0.06498122215270996,,90.06994295120239,4.465313196182251
285,0.03335845470428467,,90.3796775341034,4.476177930831909
286,0.04810379818081856,,90.68975520133972,4.487025499343872
287,0.06925452500581741,,90.99777817726135,4.497865438461304
288,0.04655199870467186,,91.30502891540527,4.508723974227905
289,0.05457644164562225,,91.61500310897827,4.519563436508179
290,0.03712170571088791,,91.92358493804932,4.53040623664856
291,0.034760165959596634,,92.23072481155396,4.54125189781189
292,0.03827238827943802,,92.54014015197754,4.552102565765381
293,0.04354322329163551,,92.8497998714447,4.562942981719971
294,0.0381135493516922,,93.15903687477112,4.5737738609313965
295,0.04174843430519104,,93.46652460098267,4.584641933441162
296,0.03628356754779816,,93.77591133117676,4.595497369766235
297,0.034440603107213974,,94.08539938926697,4.606349945068359
298,0.035609856247901917,,94.39633798599243,4.617199897766113
299,0.03507348150014877,,94.70434260368347,4.628051042556763
300,0.03520982712507248,,95.18454694747925,4.6389000415802
301,0.038813985884189606,,95.49359893798828,4.649744987487793
302,0.038594864308834076,,95.80119276046753,4.660597801208496
303,0.03581216558814049,,96.10892271995544,4.671451568603516
304,0.03388216346502304,,96.41748905181885,4.682295560836792
305,0.03647422417998314,,96.72854900360107,4.693140029907227
306,0.033529628068208694,,97.0375919342041,4.703994989395142
307,0.033219851553440094,,97.34555339813232,4.714838743209839
308,0.032738618552684784,,97.65430974960327,4.725693464279175
309,0.032210636883974075,,97.96468353271484,4.736562252044678
310,0.035015590488910675,,98.27246427536011,4.747415542602539
311,0.03823357820510864,,98.58363223075867,4.758265495300293
312,0.03513149172067642,,98.89171600341797,4.769118785858154
313,0.04307759553194046,,99.20024967193604,4.77997088432312
314,0.03695269674062729,,99.50863456726074,4.790818691253662
315,0.03451965004205704,,99.81685900688171,4.8016722202301025
316,0.03891477361321449,,100.12405300140381,4.812520503997803
317,0.0362117663025856,,100.43398189544678,4.823371887207031
318,0.034893497824668884,,100.74275040626526,4.834219455718994
319,0.035020217299461365,,101.05119490623474,4.845075368881226
320,0.03871522843837738,,101.36057925224304,4.855945825576782
321,0.0391276478767395,,101.66976237297058,4.866790771484375
322,0.0384872667491436,,101.97824430465698,4.877644300460815
323,0.04159583896398544,,102.28777623176575,4.888500928878784
324,0.0354665145277977,,102.5942485332489,4.89935827255249
325,0.037618283182382584,,102.90676546096802,4.910225868225098
326,0.039961278438568115,,103.21690630912781,4.921083927154541
327,0.03673826530575752,,103.52486872673035,4.931945085525513
328,0.03940325975418091,,103.834317445755,4.9427947998046875
329,0.03699428215622902,,104.14644956588745,4.953653812408447
330,0.035659100860357285,,104.45547246932983,4.964509010314941
331,0.03594580665230751,,104.76559638977051,4.975346088409424
332,0.036700259894132614,,105.07597661018372,4.986207723617554
333,0.03616051375865936,,105.38699460029602,4.997058153152466
334,0.0369817279279232,,105.69698762893677,5.007901430130005
335,0.042184021323919296,,106.00530505180359,5.01875114440918
336,0.042248379439115524,,106.3130898475647,5.029603719711304
337,0.04087880626320839,,106.62314009666443,5.040460586547852
338,0.03595082089304924,,106.93479490280151,5.05132269859314
339,0.0355665422976017,,107.24353909492493,5.062169075012207
340,0.053012870252132416,,107.55267524719238,5.0730140209198
341,0.036416031420230865,,107.86641216278076,5.083861589431763
342,0.0453074648976326,,108.1769597530365,5.0947043895721436
343,0.044273145496845245,,108.4879424571991,5.105552434921265
344,0.043138567358255386,,108.79704356193542,5.116400480270386
345,0.03538263961672783,,109.10601162910461,5.127251625061035
346,0.031816303730010986,,109.41474628448486,5.138101577758789
347,0.038405969738960266,,109.72331500053406,5.148965358734131
348,0.06385748833417892,,110.0328938961029,5.159814119338989
349,0.038974132388830185,,110.34176087379456,5.17067289352417
350,0.04028595983982086,,110.8208703994751,5.1815245151519775
351,0.03948047012090683,,111.12780523300171,5.192378997802734
352,0.03536065295338631,,111.43505859375,5.2032341957092285
353,0.03245365619659424,,111.74626922607422,5.214095592498779
354,0.03188854083418846,,112.05650234222412,5.2249436378479
355,0.033273082226514816,,112.36853957176208,5.235801696777344
356,0.05160519853234291,,112.67814779281616,5.246659994125366
357,0.07778569310903549,,112.98740196228027,5.257517337799072
358,0.03240342065691948,,113.29664587974548,5.268374443054199
359,0.03229928016662598,,113.60497117042542,5.279226541519165
360,0.03088431991636753,,113.91369366645813,5.2900731563568115
361,0.0313778780400753,,114.22246360778809,5.300928831100464
362,0.03316871076822281,,114.53013396263123,5.31177830696106
363,0.03284495696425438,,114.83805513381958,5.3226258754730225
364,0.04025518149137497,,115.14772629737854,5.333489418029785
365,0.03446057066321373,,115.45554089546204,5.344346523284912
366,0.03138282895088196,,115.76555037498474,5.355183362960815
367,0.030313385650515556,,116.0754075050354,5.366024494171143
368,0.02968629263341427,,116.38442635536194,5.376872777938843
369,0.02939220890402794,,116.69317078590393,5.387727499008179
370,0.03014521859586239,,117.00451254844666,5.398581027984619
371,0.029783638194203377,,117.31462597846985,5.409448862075806
372,0.02840939350426197,,117.62272787094116,5.420320272445679
373,0.029032304883003235,,117.93093752861023,5.431171894073486
374,0.03088879957795143,,118.23909831047058,5.44202446937561
375,0.030575253069400787,,118.54719877243042,5.452904462814331
376,0.0336933359503746,,118.85907626152039,5.463817358016968
377,0.04842168837785721,,119.16805076599121,5.47481894493103
378,0.04704589769244194,,119.47653818130493,5.485695838928223
379,0.03685489296913147,,119.78507733345032,5.49657940864563
380,0.039843738079071045,,120.09799814224243,5.507510423660278
381,0.03521169722080231,,120.40686440467834,5.518385171890259
382,0.03710991144180298,,120.71484541893005,5.529263257980347
383,0.030215997248888016,,121.02386164665222,5.540108680725098
384,0.06436151266098022,,121.33384418487549,5.550955295562744
385,0.02913190796971321,,121.64491128921509,5.561806678771973
386,0.027718225494027138,,121.95401382446289,5.57268214225769
387,0.027846209704875946,,122.26208281517029,5.583540439605713
388,0.027625806629657745,,122.57061004638672,5.59441351890564
389,0.02784808911383152,,122.88117408752441,5.60529088973999
390,0.02735823579132557,,123.19024157524109,5.616150379180908
391,0.027640389278531075,,123.49943161010742,5.6270036697387695
392,0.02780098468065262,,123.80786538124084,5.637850046157837
393,0.027447042986750603,,124.11540246009827,5.648714303970337
394,0.02695908397436142,,124.42544078826904,5.6595540046691895
395,0.02780752070248127,,124.73413944244385,5.670400381088257
396,0.027353892102837563,,125.04614686965942,5.68126654624939
397,0.027273336425423622,,125.3559501171112,5.692131280899048
398,0.027648936957120895,,125.66470623016357,5.7029924392700195
399,0.026056654751300812,,125.97600984573364,5.713840961456299
400,0.026454534381628036,,126.4575686454773,5.724705457687378
401,0.02842875011265278,,126.7648856639862,5.735581159591675
402,0.029848767444491386,,127.07252883911133,5.746429920196533
403,0.031152114272117615,,127.3802797794342,5.757274150848389
404,0.028161920607089996,,127.68867683410645,5.768112659454346
405,0.02493150159716606,,127.99770641326904,5.778969049453735
406,0.023445935919880867,,128.30659103393555,5.789840936660767
407,0.023532086983323097,,128.61572575569153,5.800705194473267
408,0.02314929850399494,,128.9240927696228,5.8115575313568115
409,0.02302340231835842,,129.23170924186707,5.8224194049835205
410,0.023023776710033417,,129.5414228439331,5.83326268196106
411,0.023223156109452248,,129.85022926330566,5.844134330749512
412,0.023523038253188133,,130.1601357460022,5.854977130889893
413,0.02639729715883732,,130.4669897556305,5.865804195404053
414,0.023348523303866386,,130.77804732322693,5.876652002334595
415,0.024315547198057175,,131.08921122550964,5.887513160705566
416,0.025262905284762383,,131.39802145957947,5.89856743812561
417,0.02281373180449009,,131.70611929893494,5.9094154834747314
418,0.02317100577056408,,132.0164017677307,5.920267105102539
419,0.02222617343068123,,132.32571268081665,5.9311134815216064
420,0.02257675491273403,,132.6347246170044,5.941962003707886
421,0.02366494946181774,,132.9423770904541,5.9528117179870605
422,0.03477417677640915,,133.24966979026794,5.963685035705566
423,0.024411916732788086,,133.55850553512573,5.974528074264526
424,0.03575107827782631,,133.86681365966797,5.985374212265015
425,0.02422633394598961,,134.17554116249084,5.996222496032715
426,0.036381423473358154,,134.48589897155762,6.007070064544678
427,0.09897713363170624,,134.7944815158844,6.017914533615112
428,0.03326674923300743,,135.102397441864,6.028764963150024
429,0.037092097103595734,,135.4105315208435,6.039624452590942
430,0.023280413821339607,,135.72062253952026,6.050520181655884
431,0.020981749519705772,,136.03142714500427,6.0613672733306885
432,0.02210935950279236,,136.34251475334167,6.072213888168335
433,0.02109631523489952,,136.65559434890747,6.083054304122925
434,0.02200464718043804,,136.96330428123474,6.093915224075317
435,0.02283823862671852,,137.27213168144226,6.104781627655029
436,0.02219579368829727,,137.58091378211975,6.115629196166992
437,0.0223244559019804,,137.88981699943542,6.126502275466919
438,0.021412521600723267,,138.19834685325623,6.1373395919799805
439,0.0204797200858593,,138.50780940055847,6.14818000793457
440,0.020636562258005142,,138.81647539138794,6.1590306758880615
441,0.021743856370449066,,139.12327647209167,6.169865369796753
442,0.023583635687828064,,139.431969165802,6.180708646774292
443,0.029824649915099144,,139.74002408981323,6.191549062728882
444,0.03535515069961548,,140.0486011505127,6.202430486679077
445,0.02202983945608139,,140.35715126991272,6.213265657424927
446,0.025239773094654083,,140.6660599708557,6.224116325378418
447,0.02130109816789627,,140.97567582130432,6.234967470169067
448,0.02486644685268402,,141.2844853401184,6.245826482772827
449,0.025719068944454193,,141.59303975105286,6.256678104400635
450,0.023428358137607574,,142.07169485092163,6.2675230503082275
451,0.02646852843463421,,142.3811137676239,6.278354167938232
452,0.029340052977204323,,142.69040274620056,6.289212465286255
453,0.030155498534440994,,142.99927258491516,6.300048828125
454,0.029048986732959747,,143.30975341796875,6.310880184173584
455,0.025712957605719566,,143.61849427223206,6.321727991104126
456,0.026820246130228043,,143.9269871711731,6.332570791244507
457,0.02674427069723606,,144.23619961738586,6.3434083461761475
458,0.021304452791810036,,144.54591035842896,6.354260206222534
459,0.022547993808984756,,144.85442805290222,6.365108489990234
460,0.021005868911743164,,145.16444945335388,6.375958442687988
461,0.023330705240368843,,145.47263860702515,6.3868067264556885
462,0.021513840183615685,,145.77974653244019,6.397645950317383
463,0.020544027909636497,,146.08972811698914,6.408506870269775
464,0.02076130546629429,,146.39662742614746,6.419352769851685
465,0.021439993754029274,,146.70451307296753,6.430196523666382
466,0.02160240337252617,,147.01202297210693,6.441070556640625
467,0.020986339077353477,,147.32212829589844,6.451919078826904
468,0.019795741885900497,,147.6311535835266,6.462774276733398
469,0.021067392081022263,,147.93891978263855,6.473614692687988
470,0.019388047978281975,,148.24788165092468,6.484452724456787
471,0.01980346068739891,,148.55620956420898,6.495301246643066
472,0.022582445293664932,,148.86491179466248,6.5061562061309814
473,0.0412309505045414,,149.17414593696594,6.516998052597046
474,0.04020688682794571,,149.48374032974243,6.527837514877319
475,0.021127240732312202,,149.79280614852905,6.538678169250488
476,0.023186184465885162,,150.1022572517395,6.549536228179932
477,0.02216770499944687,,150.40928959846497,6.560385704040527
478,0.021019117906689644,,150.72028517723083,6.571219205856323
479,0.021684903651475906,,151.03037071228027,6.582065582275391
480,0.02383986860513687,,151.33753633499146,6.5929272174835205
481,0.04334587603807449,,151.6462128162384,6.603777647018433
482,0.06945957988500595,,151.95535135269165,6.614732980728149
483,0.024259189143776894,,152.26592230796814,6.625584125518799
484,0.021873438730835915,,152.57366943359375,6.636438608169556
485,0.024320056661963463,,152.88187551498413,6.647282838821411
486,0.022731943055987358,,153.19061660766602,6.658131122589111
487,0.023673081770539284,,153.50079679489136,6.668978452682495
488,0.026503436267375946,,153.80939745903015,6.679809331893921
489,0.02360464073717594,,154.1185872554779,6.6906654834747314
490,0.020054316148161888,,154.42618989944458,6.701501846313477
491,0.019333306699991226,,154.73506116867065,6.712335586547852
492,0.019490765407681465,,155.04397416114807,6.723199129104614
493,0.019224761053919792,,155.3522219657898,6.734048128128052
494,0.019942687824368477,,155.65988039970398,6.7448813915252686
495,0.0202435702085495,,155.9688844680786,6.755730867385864
496,0.019515275955200195,,156.27761936187744,6.766585826873779
497,0.02052949368953705,,156.5858883857727,6.777416229248047
498,0.02001560479402542,,156.89448499679565,6.7882490158081055
499,0.01924067549407482,,157.2043902873993,6.799095630645752
500,0.0190361849963665,0.002317553386092186,157.6820788383484,8.136876106262207
501,0.018676472827792168,,157.9929313659668,8.1477210521698
502,0.019278835505247116,,158.3023660182953,8.158558130264282
503,0.02082977257668972,,158.61191272735596,8.169405460357666
504,0.019667094573378563,,158.9205231666565,8.180250883102417
505,0.02022349275648594,,159.22942399978638,8.191109418869019
506,0.01966925524175167,,159.5380620956421,8.201957941055298
507,0.02127678133547306,,159.8471863269806,8.212802648544312
508,0.021757977083325386,,160.15638279914856,8.223641872406006
509,0.020224900916218758,,160.46656131744385,8.234492540359497
510,0.018123768270015717,,160.77572584152222,8.245341062545776
511,0.01747989095747471,,161.08425307273865,8.256177186965942
512,0.017461398616433144,,161.39371061325073,8.267018556594849
513,0.017245065420866013,,161.7068510055542,8.277870416641235
514,0.017238713800907135,,162.0145812034607,8.288711547851562
515,0.01745445653796196,,162.32139420509338,8.299545526504517
516,0.0169440358877182,,162.6285388469696,8.310424089431763
517,0.0176739152520895,,162.93858551979065,8.321260929107666
518,0.01928265206515789,,163.24826860427856,8.332133769989014
519,0.01698693260550499,,163.55857968330383,8.342958927154541
520,0.017679357901215553,,163.86641240119934,8.353810548782349
521,0.02052556350827217,,164.178724527359,8.364652633666992
522,0.017748652026057243,,164.48781061172485,8.375502109527588
523,0.017309682443737984,,164.79565691947937,8.386331796646118
524,0.016558200120925903,,165.1035897731781,8.397174596786499
525,0.018102901056408882,,165.4132604598999,8.408021688461304
526,0.015553218312561512,,165.72138023376465,8.418862342834473
527,0.018275972455739975,,166.03107523918152,8.429703712463379
528,0.017577897757291794,,166.33896589279175,8.440547227859497
529,0.01814996264874935,,166.64734530448914,8.451388597488403
530,0.016145318746566772,,166.95560669898987,8.462244510650635
531,0.01545083336532116,,167.26424384117126,8.4730863571167
532,0.01679609902203083,,167.57428908348083,8.483942747116089
533,0.014975721016526222,,167.8831067085266,8.49477744102478
534,0.014346988871693611,,168.1919138431549,8.505633354187012
535,0.015252182260155678,,168.50330328941345,8.51647138595581
536,0.014649390242993832,,168.8109188079834,8.527338027954102
537,0.019459662958979607,,169.12007784843445,8.53818964958191
538,0.014199224300682545,,169.42885828018188,8.549031257629395
539,0.016379481181502342,,169.73669266700745,8.559869289398193
540,0.01944628171622753,,170.0456793308258,8.570714712142944
541,0.023490488529205322,,170.3571057319641,8.581566095352173
542,0.016152581200003624,,170.66535997390747,8.59240460395813
543,0.018282657489180565,,170.97438168525696,8.603261709213257
544,0.012999835424125195,,171.28320384025574,8.614120721817017
545,0.014051440171897411,,171.59307074546814,8.624974250793457
546,0.01515402365475893,,171.9024932384491,8.635830163955688
547,0.013858497142791748,,172.2104959487915,8.646671056747437
548,0.01366083137691021,,172.52157926559448,8.657520771026611
549,0.01679990626871586,,172.83197927474976,8.668365001678467
550,0.018615035340189934,,173.30902862548828,8.679224014282227
551,0.013664903119206429,,173.6175994873047,8.690063953399658
552,0.013637417927384377,,173.92712235450745,8.700905323028564
553,0.013667027465999126,,174.23543787002563,8.711745262145996
554,0.012770338915288448,,174.54421472549438,8.722586870193481
555,0.013177161104977131,,174.85302639007568,8.733428716659546
556,0.015823064371943474,,175.1606559753418,8.7442786693573
557,0.012390713207423687,,175.46933913230896,8.755125761032104
558,0.013050788082182407,,175.77732038497925,8.765976667404175
559,0.011804924346506596,,176.0867657661438,8.776825428009033
560,0.01249143946915865,,176.39587259292603,8.787671327590942
561,0.013221080414950848,,176.70422959327698,8.798505306243896
562,0.012898090295493603,,177.012464761734,8.809345483779907
563,0.011367352679371834,,177.32255053520203,8.820180416107178
564,0.012620600871741772,,177.63344931602478,8.831021308898926
565,0.011249619536101818,,177.94155049324036,8.84186053276062
566,0.011086617596447468,,178.25093269348145,8.852705717086792
567,0.010964097455143929,,178.56195712089539,8.863565921783447
568,0.011260042898356915,,178.8708837032318,8.874453783035278
569,0.01277355570346117,,179.17926669120789,8.885292291641235
570,0.010359126143157482,,179.4896228313446,8.896135807037354
571,0.010600361973047256,,179.7975630760193,8.907004117965698
572,0.013872782699763775,,180.10633063316345,8.917858123779297
573,0.01296834833920002,,180.41402888298035,8.928716897964478
574,0.019339710474014282,,180.72478675842285,8.93956446647644
575,0.011758849956095219,,181.03306674957275,8.950415849685669
576,0.011137115769088268,,181.344735622406,8.961263179779053
577,0.012611518613994122,,181.65420699119568,8.972102165222168
578,0.013931638561189175,,181.96137118339539,8.982938528060913
579,0.023683607578277588,,182.26873993873596,8.993767261505127
580,0.02386407181620598,,182.58013319969177,9.004609107971191
581,0.03009752370417118,,182.88977456092834,9.015454053878784
582,0.023897074162960052,,183.19754481315613,9.026322603225708
583,0.010710184462368488,,183.5060257911682,9.03717303276062
584,0.009018106386065483,,183.81408429145813,9.048020839691162
585,0.00908996257930994,,184.12444615364075,9.05885100364685
586,0.008556855842471123,,184.4320125579834,9.069695472717285
587,0.011948256753385067,,184.7414288520813,9.080530166625977
588,0.0085570914670825,,185.0503077507019,9.091399192810059
589,0.00974626187235117,,185.35789036750793,9.10223913192749
590,0.009197394363582134,,185.6680727005005,9.113074541091919
591,0.010088913142681122,,185.97820687294006,9.123930215835571
592,0.011570444330573082,,186.28587865829468,9.134775161743164
593,0.01067519374191761,,186.59483861923218,9.145613670349121
594,0.009588669054210186,,186.90259218215942,9.156453132629395
595,0.009389081038534641,,187.21098566055298,9.1673002243042
596,0.010362721979618073,,187.52024960517883,9.178141593933105
597,0.011998658068478107,,187.8279972076416,9.188981294631958
598,0.013041970320045948,,188.13442635536194,9.199814081192017
599,0.010672460310161114,,188.44364523887634,9.210657119750977
600,0.00884136650711298,,188.92527556419373,9.22150468826294
601,0.012719324789941311,,189.23274397850037,9.232349157333374
602,0.012866583652794361,,189.54099082946777,9.24318528175354
603,0.012091707438230515,,189.8505973815918,9.254035472869873
604,0.007703522220253944,,190.15936923027039,9.264894485473633
605,0.006624510046094656,,190.46852016448975,9.275749206542969
606,0.006492370739579201,,190.77627158164978,9.286597490310669
607,0.0067253876477479935,,191.08422255516052,9.29742693901062
608,0.007045741192996502,,191.395733833313,9.30828070640564
609,0.005373239982873201,,191.70456314086914,9.31912112236023
610,0.005656543653458357,,192.0140597820282,9.329956769943237
611,0.008457536809146404,,192.32198333740234,9.34079623222351
612,0.005350977648049593,,192.62978768348694,9.351635456085205
613,0.011844693683087826,,192.93881678581238,9.362476110458374
614,0.00480763940140605,,193.2459487915039,9.37333869934082
615,0.007730626035481691,,193.55496311187744,9.384177684783936
616,0.005402612034231424,,193.8636019229889,9.395023584365845
617,0.008483082987368107,,194.1731948852539,9.40585970878601
618,0.013202694244682789,,194.4809250831604,9.416693687438965
619,0.004452127031981945,,194.78852128982544,9.42752981185913
620,0.010668672621250153,,195.09738850593567,9.438379764556885
621,0.02037116326391697,,195.40763926506042,9.449211359024048
622,0.01896863617002964,,195.7181670665741,9.460058450698853
623,0.02104613184928894,,196.02648043632507,9.470909118652344
624,0.020049063488841057,,196.33552384376526,9.481745719909668
625,0.012493873946368694,,196.64483189582825,9.492579698562622
626,0.00822561327368021,,196.95421981811523,9.503417015075684
627,0.005993715953081846,,197.26252055168152,9.514257431030273
628,0.011567894369363785,,197.5708920955658,9.525101661682129
629,0.04995778948068619,,197.88078355789185,9.535950899124146
630,0.014560695737600327,,198.1904649734497,9.546791553497314
631,0.016720140352845192,,198.50230765342712,9.557628631591797
632,0.0054181539453566074,,198.8096363544464,9.568480730056763
633,0.007539140060544014,,199.11714553833008,9.579327583312988
634,0.005607632454484701,,199.4245250225067,9.590212345123291
635,0.006835236679762602,,199.7317328453064,9.601051568984985
636,0.006063293199986219,,200.03955364227295,9.611899614334106
637,0.013603415340185165,,200.3495054244995,9.622749328613281
638,0.011176823638379574,,200.6564073562622,9.633589267730713
639,0.008025851100683212,,200.96600937843323,9.644428491592407
640,0.010576974600553513,,201.27479529380798,9.655293941497803
641,0.015317614190280437,,201.5833296775818,9.666151523590088
642,0.012738091871142387,,201.89456367492676,9.67699122428894
643,0.012837379239499569,,202.20251774787903,9.687835693359375
644,0.015584763139486313,,202.511244058609,9.698678016662598
645,0.009515081532299519,,202.8199701309204,9.70951795578003
646,0.007381339091807604,,203.12806749343872,9.720351219177246
647,0.011379766277968884,,203.4363875389099,9.731185913085938
648,0.025224344804883003,,203.74385809898376,9.742027282714844
649,0.007360761519521475,,204.0525381565094,9.752866744995117
650,0.025380181148648262,,204.53096532821655,9.763708591461182
651,0.02471231296658516,,204.84097909927368,9.774556398391724
652,0.03907150775194168,,205.14788460731506,9.78540301322937
653,0.036538269370794296,,205.4582929611206,9.79624629020691
654,0.0634932816028595,,205.76590776443481,9.807084083557129
655,0.035314448177814484,,206.0749273300171,9.817930459976196
656,0.050386033952236176,,206.38294625282288,9.828780174255371
657,0.044285546988248825,,206.69287633895874,9.839622735977173
658,0.024734577164053917,,207.0011923313141,9.850459814071655
659,0.04668522626161575,,207.30908799171448,9.86128854751587
660,0.07738496363162994,,207.61623811721802,9.872148513793945
661,0.0365774892270565,,207.92457842826843,9.882982730865479
662,0.028924552723765373,,208.23482203483582,9.893829822540283
663,0.032798439264297485,,208.54424381256104,9.904663562774658
664,0.05955284833908081,,208.85442471504211,9.915498971939087
665,0.007779397070407867,,209.16278100013733,9.926331043243408
666,0.008071063086390495,,209.47266244888306,9.937171459197998
667,0.04617319628596306,,209.7823350429535,9.948018789291382
668,0.041787512600421906,,210.09070920944214,9.95885443687439
669,0.018901849165558815,,210.3993570804596,9.969701051712036
670,0.030255628749728203,,210.706440448761,9.98056173324585
671,0.02682723104953766,,211.0151708126068,9.991398811340332
672,0.01191042736172676,,211.3232102394104,10.002241849899292
673,0.013211073353886604,,211.6340045928955,10.013087272644043
674,0.008907811716198921,,211.94235181808472,10.02393889427185
675,0.008416295982897282,,212.25424718856812,10.034779071807861
676,0.0036040032282471657,,212.56329607963562,10.04561996459961
677,0.008686460554599762,,212.870858669281,10.056457757949829
678,0.011415421031415462,,213.18016266822815,10.067294836044312
679,0.011243610642850399,,213.48867750167847,10.078139781951904
680,0.02188500016927719,,213.7966730594635,10.088980436325073
681,0.017321225255727768,,214.10582995414734,10.09981894493103
682,0.007352060172706842,,214.4140055179596,10.11067271232605
683,0.015494650229811668,,214.72349953651428,10.121520042419434
684,0.037957753986120224,,215.03250336647034,10.132368803024292
685,0.029190894216299057,,215.3408579826355,10.143208026885986
686,0.033281680196523666,,215.65166449546814,10.15404725074768
687,0.0343649797141552,,215.96061253547668,10.164884090423584
688,0.03785436972975731,,216.2700388431549,10.175724267959595
689,0.03214630112051964,,216.58017921447754,10.186557531356812
690,0.03033452481031418,,216.8903787136078,10.197400093078613
691,0.03391411527991295,,217.199476480484,10.208234548568726
692,0.04327908530831337,,217.50914454460144,10.219091892242432
693,0.023332050070166588,,217.81760549545288,10.229931116104126
694,0.00866563431918621,,218.12706518173218,10.240764379501343
695,0.008968677371740341,,218.436603307724,10.251617670059204
696,0.01137718465179205,,218.7457799911499,10.262459993362427
697,0.029832646250724792,,219.0581169128418,10.273298978805542
698,0.01828453131020069,,219.36639094352722,10.284141540527344
699,0.027561774477362633,,219.67661499977112,10.29499888420105
700,0.007100664544850588,,220.1550006866455,10.30583643913269
701,0.006523404270410538,,220.4627149105072,10.316670179367065
702,0.006354168988764286,,220.77129292488098,10.327512502670288
703,0.009110906161367893,,221.0794415473938,10.338338851928711
704,0.006734897848218679,,221.38823008537292,10.349207878112793
705,0.009836291894316673,,221.69751596450806,10.3600435256958
706,0.007504012435674667,,222.00693726539612,10.370882749557495
707,0.008810899220407009,,222.3149914741516,10.381728887557983
708,0.009107968769967556,,222.6242115497589,10.392586469650269
709,0.015324980020523071,,222.93247485160828,10.403427124023438
710,0.010266782715916634,,223.24164366722107,10.414266586303711
711,0.01967719942331314,,223.55071878433228,10.42510724067688
712,0.014791698195040226,,223.8603150844574,10.435960531234741
713,0.019199779257178307,,224.16779708862305,10.446800231933594
714,0.012053574435412884,,224.47631096839905,10.457643985748291
715,0.006574535276740789,,224.7851378917694,10.468487024307251
716,0.006654144264757633,,225.0932595729828,10.479319334030151
717,0.007242418825626373,,225.4007956981659,10.4901704788208
718,0.008789788000285625,,225.71003603935242,10.501017332077026
719,0.01382521353662014,,226.01745223999023,10.511855125427246
720,0.007317868061363697,,226.32700300216675,10.522709131240845
721,0.009601172991096973,,226.6356499195099,10.53353762626648
722,0.009743353351950645,,226.94573593139648,10.544400215148926
723,0.00837304349988699,,227.25606894493103,10.555248498916626
724,0.010318854823708534,,227.5648157596588,10.566092252731323
725,0.006351503077894449,,227.8740918636322,10.576947689056396
726,0.007593462709337473,,228.18336725234985,10.58779239654541
727,0.011776141822338104,,228.49273800849915,10.598619937896729
728,0.009103033691644669,,228.80222868919373,10.609455108642578
729,0.01882845163345337,,229.11427855491638,10.620290994644165
730,0.0073086475022137165,,229.4229609966278,10.63114619255066
731,0.00591549277305603,,229.7322895526886,10.641985654830933
732,0.007189825177192688,,230.04118537902832,10.652818441390991
733,0.005836471449583769,,230.34889698028564,10.6636483669281
734,0.005042829550802708,,230.65811824798584,10.674499273300171
735,0.008131973445415497,,230.96602177619934,10.685340166091919
736,0.00945335440337658,,231.27267789840698,10.696173906326294
737,0.0077789719216525555,,231.57987713813782,10.70700740814209
738,0.027027593925595284,,231.88982129096985,10.717855215072632
739,0.006226090714335442,,232.20294713974,10.728696584701538
740,0.01040814071893692,,232.51178359985352,10.739530086517334
741,0.005750647280365229,,232.8214738368988,10.750360250473022
742,0.004943912383168936,,233.13261461257935,10.761198997497559
743,0.00755931856110692,,233.44099378585815,10.772044658660889
744,0.01058827806264162,,233.74968838691711,10.78287649154663
745,0.00613653426989913,,234.05936741828918,10.793717384338379
746,0.009153665974736214,,234.3686351776123,10.804556846618652
747,0.013393226079642773,,234.67965006828308,10.815382480621338
748,0.007459311280399561,,234.9895088672638,10.826234817504883
749,0.007771895732730627,,235.29681062698364,10.837072849273682
750,0.00744551420211792,,235.77635955810547,10.847912549972534
751,0.011154561303555965,,236.08468651771545,10.858751058578491
752,0.01200052909553051,,236.39516949653625,10.869586944580078
753,0.01367020234465599,,236.7045431137085,10.880420446395874
754,0.011978266760706902,,237.01819396018982,10.891257762908936
755,0.006624667905271053,,237.32812786102295,10.902101993560791
756,0.010575740598142147,,237.6361277103424,10.912944555282593
757,0.014961417764425278,,237.94425654411316,10.923784971237183
758,0.012178627774119377,,238.25431108474731,10.934632778167725
759,0.01393735222518444,,238.5634684562683,10.945460081100464
760,0.028585953637957573,,238.87053608894348,10.956295013427734
761,0.017521584406495094,,239.18200159072876,10.967124700546265
762,0.009223144501447678,,239.4888780117035,10.97796893119812
763,0.005442230962216854,,239.79643964767456,10.988816738128662
764,0.004822714254260063,,240.10519456863403,10.99965238571167
765,0.007212760392576456,,240.4121696949005,11.010479211807251
766,0.005003754049539566,,240.71997475624084,11.021316766738892
767,0.012341216206550598,,241.0289089679718,11.032166719436646
768,0.009337776340544224,,241.338773727417,11.042996406555176
769,0.004830670077353716,,241.65016508102417,11.053836822509766
770,0.01095420029014349,,241.957998752594,11.064688444137573
771,0.012668399140238762,,242.26581168174744,11.075525045394897
772,0.0052336291410028934,,242.5743432044983,11.086373567581177
773,0.01668112352490425,,242.88199281692505,11.09721565246582
774,0.01386958733201027,,243.19043254852295,11.10805344581604
775,0.01783098094165325,,243.49945831298828,11.118895053863525
776,0.03586346283555031,,243.80697917938232,11.129727363586426
777,0.05467511713504791,,244.1157910823822,11.140565156936646
778,0.028761781752109528,,244.42340183258057,11.151406526565552
779,0.026424238458275795,,244.73134183883667,11.162242650985718
780,0.007593314163386822,,245.03905844688416,11.173068284988403
781,0.004891547840088606,,245.34820652008057,11.18394422531128
782,0.01379584800451994,,245.65888810157776,11.194796323776245
783,0.013864275068044662,,245.96805548667908,11.20565915107727
784,0.009551674127578735,,246.27940583229065,11.216485977172852
785,0.024111231788992882,,246.5880753993988,11.22732949256897
786,0.01787778176367283,,246.89691710472107,11.238166332244873
787,0.0066055115312337875,,247.2042555809021,11.248999834060669
788,0.006062923464924097,,247.51348543167114,11.25983452796936
789,0.006197798531502485,,247.82266879081726,11.270668029785156
790,0.006181021220982075,,248.1310887336731,11.28151559829712
791,0.007766345050185919,,248.43827986717224,11.292350053787231
792,0.007602905388921499,,248.74806451797485,11.303199529647827
793,0.006340809166431427,,249.0558397769928,11.314024925231934
794,0.010219544172286987,,249.36340641975403,11.324870347976685
795,0.006635179743170738,,249.67244482040405,11.33570408821106
796,0.009710653685033321,,249.98088455200195,11.34654450416565
797,0.006851886864751577,,250.29130697250366,11.35738492012024
798,0.014616784639656544,,250.60059070587158,11.368223905563354
799,0.006531406659632921,,250.90813374519348,11.379064559936523
800,0.008269012905657291,,251.38682293891907,11.38990592956543
801,0.009968395344913006,,251.69491410255432,11.400753259658813
802,0.0074957492761313915,,252.00705218315125,11.411571741104126
803,0.008724323473870754,,252.31522488594055,11.422413349151611
804,0.009488335810601711,,252.62273740768433,11.433261632919312
805,0.004951129667460918,,252.93227171897888,11.444103479385376
806,0.012022791430354118,,253.24145817756653,11.454931259155273
807,0.017788732424378395,,253.55195999145508,11.46576476097107
808,0.022285722196102142,,253.86037397384644,11.476601839065552
809,0.006700505036860704,,254.17309737205505,11.48743462562561
810,0.007386793382465839,,254.48294305801392,11.498265266418457
811,0.008572001941502094,,254.79047966003418,11.509104251861572
812,0.009213683195412159,,255.0972809791565,11.519942283630371
813,0.012057165615260601,,255.40491771697998,11.530778408050537
814,0.00482145557180047,,255.71617531776428,11.541611671447754
815,0.008388586342334747,,256.0253748893738,11.5524582862854
816,0.007901153527200222,,256.3332827091217,11.563303709030151
817,0.021793672814965248,,256.6429054737091,11.574137687683105
818,0.017784034833312035,,256.9512963294983,11.58498215675354
819,0.005993777420371771,,257.2614462375641,11.595816135406494
820,0.008971140719950199,,257.57105565071106,11.606653451919556
821,0.004493267275393009,,257.88195276260376,11.617495059967041
822,0.007056451868265867,,258.19006752967834,11.628329992294312
823,0.009818822145462036,,258.4978950023651,11.639153242111206
824,0.006096730940043926,,258.8085117340088,11.649991989135742
825,0.013247218914330006,,259.11695766448975,11.660823822021484
826,0.01125450897961855,,259.4273843765259,11.671662330627441
827,0.00762665830552578,,259.73629117012024,11.682502508163452
828,0.004180484917014837,,260.0466949939728,11.693345308303833
829,0.0053530363366007805,,260.355685710907,11.70418119430542
830,0.008822862058877945,,260.66642665863037,11.71501636505127
831,0.00397087587043643,,260.97517371177673,11.725858688354492
832,0.004850904457271099,,261.2840611934662,11.736696720123291
833,0.004586744587868452,,261.5952582359314,11.747533321380615
834,0.0035599872935563326,,261.9037547111511,11.758386611938477
835,0.004745762329548597,,262.211909532547,11.769234418869019
836,0.0039833844639360905,,262.51894307136536,11.780080795288086
837,0.004320316947996616,,262.8268644809723,11.790919065475464
838,0.01004144549369812,,263.13453435897827,11.801765203475952
839,0.0038910743314772844,,263.4436409473419,11.812602996826172
840,0.011911480687558651,,263.75428080558777,11.823447465896606
841,0.009729772806167603,,264.0642373561859,11.834287643432617
842,0.007762466091662645,,264.3754985332489,11.845131635665894
843,0.006457211449742317,,264.6826558113098,11.85596776008606
844,0.014736517332494259,,264.9915096759796,11.8668053150177
845,0.011231894604861736,,265.29992866516113,11.877651453018188
846,0.02126801200211048,,265.6115393638611,11.888490438461304
847,0.011577581986784935,,265.9207761287689,11.899330377578735
848,0.006133206654340029,,266.2313220500946,11.910175085067749
849,0.003402414731681347,,266.54022669792175,11.921018362045288
850,0.0038631868083029985,,267.01910281181335,11.931888103485107
851,0.010744746774435043,,267.32736706733704,11.942739725112915
852,0.01324138231575489,,267.63532614707947,11.953570127487183
853,0.006822338793426752,,267.9440939426422,11.9644136428833
854,0.008138534612953663,,268.2529034614563,11.975251913070679
855,0.007018467877060175,,268.5624907016754,11.986088037490845
856,0.008922398090362549,,268.87130761146545,11.996936559677124
857,0.0036031187046319246,,269.1798212528229,12.007770776748657
858,0.005516593810170889,,269.49064207077026,12.018598794937134
859,0.0063459002412855625,,269.8005123138428,12.029435873031616
860,0.0043010651133954525,,270.10946893692017,12.040288925170898
861,0.005219256971031427,,270.41956663131714,12.05112338066101
862,0.005889724474400282,,270.72851634025574,12.061954021453857
863,0.0038079640362411737,,271.0365626811981,12.072790384292603
864,0.012243137694895267,,271.34471678733826,12.083640813827515
865,0.013780179433524609,,271.6540484428406,12.09447956085205
866,0.04746212437748909,,271.96439361572266,12.105321884155273
867,0.027136633172631264,,272.27179741859436,12.116168737411499
868,0.029829632490873337,,272.5846562385559,12.127021789550781
869,0.0265200175344944,,272.89210295677185,12.137865781784058
870,0.023530783131718636,,273.2008271217346,12.148705244064331
871,0.021094148978590965,,273.50998282432556,12.159542560577393
872,0.017723096534609795,,273.81893706321716,12.170389175415039
873,0.007521828170865774,,274.12978982925415,12.181235551834106
874,0.008056381717324257,,274.438218832016,12.19207501411438
875,0.018654685467481613,,274.74557757377625,12.202919006347656
876,0.007135998457670212,,275.05562710762024,12.213764429092407
877,0.009569262154400349,,275.3625581264496,12.224619626998901
878,0.003277998184785247,,275.6725347042084,12.235454320907593
879,0.009061499498784542,,275.98093605041504,12.246293067932129
880,0.014469370245933533,,276.2904169559479,12.25713062286377
881,0.01755627989768982,,276.59799098968506,12.267953872680664
882,0.007708834949880838,,276.90776920318604,12.278785943984985
883,0.020569246262311935,,277.21742367744446,12.289614200592041
884,0.007897637784481049,,277.5270345211029,12.30046033859253
885,0.02018836699426174,,277.8357093334198,12.311307191848755
886,0.008816255256533623,,278.1437656879425,12.32215428352356
887,0.01255708746612072,,278.4518229961395,12.332985639572144
888,0.005889310501515865,,278.76346731185913,12.343818664550781
889,0.003900742158293724,,279.07334208488464,12.35483193397522
890,0.0031893791165202856,,279.38071632385254,12.365683555603027
891,0.006099558435380459,,279.68902587890625,12.37652325630188
892,0.010353118181228638,,279.9992573261261,12.387364864349365
893,0.010085970163345337,,280.30991196632385,12.398199081420898
894,0.009841084480285645,,280.61673069000244,12.409035205841064
895,0.004367802757769823,,280.9248390197754,12.419884443283081
896,0.00581492530182004,,281.2348575592041,12.430730819702148
897,0.005114695522934198,,281.5422329902649,12.441565036773682
898,0.0069193909876048565,,281.8520259857178,12.452397584915161
899,0.005035744048655033,,282.16060090065,12.463232278823853
900,0.010264068841934204,,282.63884449005127,12.474072694778442
901,0.012779710814356804,,282.948814868927,12.484911680221558
902,0.014738794416189194,,283.2577602863312,12.495744943618774
903,0.013291744515299797,,283.5665876865387,12.506584167480469
904,0.01576286181807518,,283.87625336647034,12.517425060272217
905,0.01591869816184044,,284.1844472885132,12.5282621383667
906,0.008461970835924149,,284.49391913414,12.539092063903809
907,0.0056780301965773106,,284.80190777778625,12.549945831298828
908,0.02566959150135517,,285.11018443107605,12.560803651809692
909,0.024244805797934532,,285.4184367656708,12.571648836135864
910,0.01915019378066063,,285.7275593280792,12.582496404647827
911,0.006812619976699352,,286.0367193222046,12.593343496322632
912,0.007712696213275194,,286.3463056087494,12.604182243347168
913,0.007249406073242426,,286.65456461906433,12.615014553070068
914,0.0028663265984505415,,286.9647903442383,12.625853538513184
915,0.002410714980214834,,287.27366876602173,12.636691570281982
916,0.01075156219303608,,287.58131861686707,12.647536754608154
917,0.0045845359563827515,,287.8920078277588,12.658359050750732
918,0.010442166589200497,,288.2017605304718,12.669193983078003
919,0.030389204621315002,,288.51051139831543,12.680010080337524
920,0.008031167089939117,,288.82060050964355,12.690844535827637
921,0.009440362453460693,,289.1295018196106,12.701907873153687
922,0.009039640426635742,,289.4387991428375,12.712750434875488
923,0.025202082470059395,,289.7473289966583,12.72360348701477
924,0.011533020064234734,,290.05491042137146,12.734442710876465
925,0.013022813014686108,,290.3669288158417,12.745285987854004
926,0.0054296888411045074,,290.67528343200684,12.756128072738647
927,0.00303930533118546,,290.98375821113586,12.766966581344604
928,0.006303084548562765,,291.2924835681915,12.777794122695923
929,0.0070457132533192635,,291.60071420669556,12.78861689567566
930,0.02371050976216793,,291.9091215133667,12.799461603164673
931,0.009330367669463158,,292.2178213596344,12.810302495956421
932,0.0034891574177891016,,292.52505111694336,12.82113790512085
933,0.0029730049427598715,,292.8352119922638,12.831974506378174
934,0.00754564767703414,,293.1426296234131,12.84281063079834
935,0.021684637293219566,,293.4527442455292,12.85366153717041
936,0.018768275156617165,,293.7601089477539,12.864511013031006
937,0.017410272732377052,,294.0695412158966,12.875354290008545
938,0.015562500804662704,,294.3794655799866,12.886190414428711
939,0.013848302885890007,,294.6891267299652,12.897045135498047
940,0.01924346759915352,,294.9981310367584,12.907885074615479
941,0.03134903684258461,,295.307834148407,12.918718099594116
942,0.037869345396757126,,295.61879658699036,12.929553985595703
943,0.006044045090675354,,295.9276554584503,12.940382719039917
944,0.030923500657081604,,296.23646426200867,12.951212882995605
945,0.02526886947453022,,296.5439975261688,12.962060928344727
946,0.011889218352735043,,296.8531131744385,12.972894191741943
947,0.0325041264295578,,297.16115522384644,12.983741283416748
948,0.004559024702757597,,297.47020864486694,12.994579076766968
949,0.01627955213189125,,297.7777132987976,13.005408763885498
950,0.016251342371106148,,298.25679111480713,13.016237258911133
951,0.013433462008833885,,298.56516194343567,13.027090311050415
952,0.01137026958167553,,298.8718032836914,13.037928581237793
953,0.02580316551029682,,299.182480096817,13.0487642288208
954,0.03297163173556328,,299.4890899658203,13.059605836868286
955,0.03655586764216423,,299.80100417137146,13.070444345474243
956,0.05372012406587601,,300.1093740463257,13.081273078918457
957,0.04855526238679886,,300.4164991378784,13.092103004455566
958,0.026738181710243225,,300.7260043621063,13.102952241897583
959,0.0595305860042572,,301.036137342453,13.113788366317749
960,0.07344453781843185,,301.34676361083984,13.12462830543518
961,0.06910338252782822,,301.6567680835724,13.135464191436768
962,0.012621596455574036,,301.9660692214966,13.146303176879883
963,0.002567791612818837,,302.27454018592834,13.15714168548584
964,0.0033779849763959646,,302.5831983089447,13.167991399765015
965,0.008547591976821423,,302.8931703567505,13.17881989479065
966,0.002666946966201067,,303.20166397094727,13.1896653175354
967,0.0037715730722993612,,303.5127844810486,13.200506687164307
968,0.008126885630190372,,303.81990003585815,13.211357116699219
969,0.010130494832992554,,304.12916469573975,13.222198724746704
970,0.005704192444682121,,304.4372773170471,13.233033418655396
971,0.012468038126826286,,304.7467246055603,13.243869066238403
972,0.006344884168356657,,305.05535650253296,13.25471043586731
973,0.00618433253839612,,305.36435890197754,13.265546798706055
974,0.006694580893963575,,305.6727774143219,13.276381731033325
975,0.0034353500232100487,,305.9808473587036,13.287224531173706
976,0.004028584808111191,,306.29080271720886,13.298075437545776
977,0.003502086503431201,,306.5998785495758,13.308910131454468
978,0.005464161280542612,,306.9067294597626,13.319737195968628
979,0.007603757083415985,,307.21622037887573,13.33059048652649
980,0.002620886079967022,,307.52449107170105,13.341447830200195
981,0.0037605303805321455,,307.8330252170563,13.352279901504517
982,0.0027386017609387636,,308.14280915260315,13.363111972808838
983,0.005136128049343824,,308.45217728614807,13.37395453453064
984,0.007663483265787363,,308.7599878311157,13.3847975730896
985,0.0063939462415874004,,309.0687310695648,13.395626544952393
986,0.006256391294300556,,309.3793103694916,13.406473636627197
987,0.006488141603767872,,309.6884996891022,13.417314767837524
988,0.00503571005538106,,309.9976797103882,13.428149223327637
989,0.005787064787000418,,310.30950379371643,13.43898630142212
990,0.003956964239478111,,310.61855125427246,13.44981336593628
991,0.0023793955333530903,,310.92766070365906,13.460649251937866
992,0.0035682793240994215,,311.23585510253906,13.471481561660767
993,0.0038154302164912224,,311.54616045951843,13.482314109802246
994,0.009899354539811611,,311.85437989234924,13.493160247802734
995,0.003590427106246352,,312.161896944046,13.503989458084106
996,0.005028890445828438,,312.47233986854553,13.514816522598267
997,0.008059434592723846,,312.7811417579651,13.525649070739746
998,0.009393560700118542,,313.0926196575165,13.536478519439697
999,0.00859211664646864,,313.4008572101593,13.547321319580078
1000,0.023240722715854645,0.0025965047534555197,313.8786220550537,14.884862184524536
1001,0.011486218310892582,,314.1866774559021,14.895708560943604
1002,0.005987425334751606,,314.4952802658081,14.906542301177979
1003,0.005049773957580328,,314.8027174472809,14.917377948760986
1004,0.002250061836093664,,315.1098413467407,14.928229331970215
1005,0.013558891601860523,,315.41801285743713,14.93906855583191
1006,0.0075196921825408936,,315.72615814208984,14.949899673461914
1007,0.006459764204919338,,316.03542470932007,14.960735082626343
1008,0.007818625308573246,,316.3431897163391,14.971575498580933
1009,0.0058804163709282875,,316.65378403663635,14.982421636581421
1010,0.0065028490498661995,,316.9632544517517,14.993266582489014
1011,0.005207468289881945,,317.27205872535706,15.004099369049072
1012,0.0034960920456796885,,317.5802073478699,15.01493763923645
1013,0.012755170464515686,,317.8918104171753,15.025777101516724
1014,0.01255480945110321,,318.19954895973206,15.036622524261475
1015,0.007938957773149014,,318.50816535949707,15.047462701797485
1016,0.0038517029024660587,,318.8190836906433,15.058294296264648
1017,0.01867694780230522,,319.1272859573364,15.069123029708862
1018,0.01549343578517437,,319.43636178970337,15.079959630966187
1019,0.02248380519449711,,319.74603486061096,15.090804815292358
1020,0.004769204184412956,,320.0534498691559,15.101651668548584
1021,0.003654331900179386,,320.36504554748535,15.112499237060547
1022,0.004330596886575222,,320.6735734939575,15.123335123062134
1023,0.003001856617629528,,320.9812717437744,15.134174346923828
1024,0.013024595566093922,,321.289920091629,15.145014762878418
1025,0.010130494832992554,,321.59809732437134,15.155848979949951
1026,0.003761183936148882,,321.90747117996216,15.166683197021484
1027,0.008551474660634995,,322.21462059020996,15.177524328231812
1028,0.011404345743358135,,322.52296686172485,15.188368797302246
1029,0.010464024730026722,,322.831182718277,15.199201107025146
1030,0.004700134973973036,,323.1384871006012,15.21004605293274
1031,0.011040971614420414,,323.4474823474884,15.220898389816284
1032,0.014827179722487926,,323.7593083381653,15.231746196746826
1033,0.007657445035874844,,324.070925951004,15.242590427398682
1034,0.008575919084250927,,324.3788228034973,15.253440141677856
1035,0.0032757616136223078,,324.6861312389374,15.264286994934082
1036,0.004281198140233755,,324.9938323497772,15.275123596191406
1037,0.011142048984766006,,325.3063323497772,15.285980463027954
1038,0.005083155818283558,,325.6151535511017,15.296814680099487
1039,0.024064430966973305,,325.9245376586914,15.307659387588501
1040,0.013489827513694763,,326.234991312027,15.318498849868774
1041,0.014246746897697449,,326.54806327819824,15.32932710647583
1042,0.005819104146212339,,326.8573296070099,15.34016227722168
1043,0.009470139630138874,,327.16678071022034,15.35099720954895
1044,0.0043966807425022125,,327.47463870048523,15.361832857131958
1045,0.014758779667317867,,327.7834208011627,15.372663497924805
1046,0.02508849836885929,,328.0922842025757,15.383500099182129
1047,0.0323905423283577,,328.4036421775818,15.394381523132324
1048,0.024287056177854538,,328.71073389053345,15.405216932296753
1049,0.021660098806023598,,329.02121806144714,15.416069030761719
1050,0.03552952781319618,,329.4982650279999,15.426902770996094
1051,0.029451914131641388,,329.80571484565735,15.437730550765991
1052,0.037867069244384766,,330.11632442474365,15.448561906814575
1053,0.017497045919299126,,330.42613887786865,15.45939016342163
1054,0.012799696065485477,,330.73388171195984,15.470232248306274
1055,0.011196808889508247,,331.0446267127991,15.481080532073975
1056,0.014825566671788692,,331.35603976249695,15.491913795471191
1057,0.01676238887012005,,331.66519951820374,15.50275468826294
1058,0.012894156388938427,,331.9760856628418,15.51358151435852
1059,0.010664920322597027,,332.2848901748657,15.524415969848633
1060,0.009613767266273499,,332.59432768821716,15.535250186920166
1061,0.013659150339663029,,332.9030849933624,15.546103954315186
1062,0.010201231576502323,,333.2108085155487,15.5569429397583
1063,0.005015197675675154,,333.5184133052826,15.56777811050415
1064,0.007287316955626011,,333.82665824890137,15.578614234924316
1065,0.010153430514037609,,334.13529872894287,15.589452028274536
1066,0.003256375901401043,,334.4433469772339,15.60030722618103
1067,0.005186207592487335,,334.7520396709442,15.611140012741089
1068,0.004512682557106018,,335.06078481674194,15.621980905532837
1069,0.01124059408903122,,335.36992263793945,15.632816076278687
1070,0.0249771885573864,,335.6798448562622,15.643667459487915
1071,0.0073977806605398655,,335.98842191696167,15.654528617858887
1072,0.011605039238929749,,336.29809045791626,15.665364027023315
1073,0.004195379093289375,,336.6071095466614,15.6762113571167
1074,0.010508953593671322,,336.9169135093689,15.68704891204834
1075,0.007792951073497534,,337.22399067878723,15.69788146018982
1076,0.004262874368578196,,337.5317749977112,15.708726167678833
1077,0.005110916681587696,,337.840708732605,15.71957015991211
1078,0.01213410310447216,,338.15116691589355,15.730406522750854
1079,0.006650293245911598,,338.4601891040802,15.74123764038086
1080,0.008785330690443516,,338.7695903778076,15.752089738845825
1081,0.009631754830479622,,339.07738041877747,15.762941837310791
1082,0.012969293631613255,,339.3853373527527,15.773771286010742
1083,0.01891804113984108,,339.69525504112244,15.784604549407959
1084,0.06538329273462296,,340.00468134880066,15.795441150665283
1085,0.029073454439640045,,340.3124704360962,15.806275844573975
1086,0.006408104673027992,,340.6243190765381,15.817111253738403
1087,0.0055505442433059216,,340.93373823165894,15.827947616577148
1088,0.0038632957730442286,,341.2447338104248,15.838791370391846
1089,0.004208297468721867,,341.5534121990204,15.849616050720215
1090,0.006857933476567268,,341.8632366657257,15.860464334487915
1091,0.016208108514547348,,342.1705811023712,15.87129020690918
1092,0.01716538891196251,,342.481130361557,15.882123231887817
1093,0.0110267149284482,,342.78947043418884,15.892961263656616
1094,0.012635568156838417,,343.09781432151794,15.903793811798096
1095,0.02426706813275814,,343.4079132080078,15.914639472961426
1096,0.017232175916433334,,343.7173240184784,15.925479650497437
1097,0.006133314687758684,,344.02534794807434,15.936302423477173
1098,0.00961846113204956,,344.3341839313507,15.947129011154175
1099,0.006111143622547388,,344.6416847705841,15.957980394363403
1100,0.00509068975225091,,345.1207835674286,15.968814849853516
1101,0.005793513730168343,,345.42906761169434,15.979646921157837
1102,0.0059120203368365765,,345.74210262298584,15.990491390228271
1103,0.0067688836716115475,,346.0513536930084,16.001319408416748
1104,0.003757426980882883,,346.35944747924805,16.01215934753418
1105,0.006050902884453535,,346.67041182518005,16.02300715446472
1106,0.0034248100128024817,,346.9823501110077,16.03385281562805
1107,0.0058685350231826305,,347.2925820350647,16.04469323158264
1108,0.003226738190278411,,347.6004595756531,16.05553102493286
1109,0.004699704237282276,,347.90818524360657,16.066372394561768
1110,0.005078350659459829,,348.21657037734985,16.07721471786499
1111,0.005469809286296368,,348.52719259262085,16.088066339492798
1112,0.006179455202072859,,348.8359839916229,16.098909854888916
1113,0.011384038254618645,,349.1453275680542,16.109742403030396
1114,0.00903288647532463,,349.45467042922974,16.12058687210083
1115,0.005989822093397379,,349.7623255252838,16.131431341171265
1116,0.0037599189672619104,,350.0707993507385,16.14227271080017
1117,0.003918442875146866,,350.3784816265106,16.153101921081543
1118,0.006232623476535082,,350.6880683898926,16.163931608200073
1119,0.012935547158122063,,350.9967601299286,16.17477583885193
1120,0.00657065212726593,,351.3073515892029,16.185607433319092
1121,0.01415997464209795,,351.61465072631836,16.19645118713379
1122,0.005700292531400919,,351.92301321029663,16.20729112625122
1123,0.005422541871666908,,352.23103404045105,16.21814227104187
1124,0.004332151263952255,,352.5373504161835,16.228984117507935
1125,0.0041962191462516785,,352.84557151794434,16.239820957183838
1126,0.01110775861889124,,353.1547644138336,16.250672817230225
1127,0.007925865240395069,,353.4662711620331,16.261499643325806
1128,0.00807697419077158,,353.7759449481964,16.272335290908813
1129,0.010500604286789894,,354.0844430923462,16.283169269561768
1130,0.007796893827617168,,354.3929810523987,16.29402184486389
1131,0.006066713947802782,,354.7023358345032,16.30487370491028
1132,0.00577740790322423,,355.01125025749207,16.31571125984192
1133,0.00636890297755599,,355.32044315338135,16.326560020446777
1134,0.007799927610903978,,355.6280925273895,16.337403774261475
1135,0.0036863398272544146,,355.9362790584564,16.348230123519897
1136,0.013002334162592888,,356.2447512149811,16.359076023101807
1137,0.0057276273146271706,,356.55472469329834,16.369932651519775
1138,0.0036153746768832207,,356.86251950263977,16.380756378173828
1139,0.008539438247680664,,357.1714825630188,16.39159059524536
1140,0.008144227787852287,,357.4807438850403,16.40243148803711
1141,0.008794814348220825,,357.7877836227417,16.413265466690063
1142,0.007580284960567951,,358.0971505641937,16.42410683631897
1143,0.012200890108942986,,358.4072644710541,16.434947967529297
1144,0.005983919836580753,,358.7186679840088,16.445783138275146
1145,0.012378988787531853,,359.0273916721344,16.456626653671265
1146,0.005922915879637003,,359.3364632129669,16.467461109161377
1147,0.0064346687868237495,,359.6465449333191,16.478301763534546
1148,0.005124250892549753,,359.95333909988403,16.489133596420288
1149,0.00998405646532774,,360.26278829574585,16.49997878074646
1150,0.00735118193551898,,360.741685628891,16.51081347465515
1151,0.0026151351630687714,,361.05067563056946,16.52163791656494
1152,0.0031344809103757143,,361.35731649398804,16.532485723495483
1153,0.006155220326036215,,361.6651096343994,16.543314695358276
1154,0.003638457041233778,,361.97325897216797,16.554155588150024
1155,0.006701040081679821,,362.2802677154541,16.564981698989868
1156,0.004915779922157526,,362.59147024154663,16.57582187652588
1157,0.0032194387167692184,,362.8992831707001,16.58665633201599
1158,0.005450350232422352,,363.2084903717041,16.597489833831787
1159,0.004574878606945276,,363.5191969871521,16.608336687088013
1160,0.008653562515974045,,363.82716155052185,16.619162559509277
1161,0.05765826627612114,,364.1385533809662,16.630000591278076
1162,0.01869921013712883,,364.44639897346497,16.640841245651245
1163,0.01611839421093464,,364.7546193599701,16.651676893234253
1164,0.011213977821171284,,365.06292057037354,16.662518978118896
1165,0.011938132345676422,,365.37226724624634,16.673364639282227
1166,0.009733910672366619,,365.68016147613525,16.684203386306763
1167,0.007039280608296394,,365.99187088012695,16.695059776306152
1168,0.006147055886685848,,366.3016290664673,16.705912828445435
1169,0.0063456641510128975,,366.60991311073303,16.71677875518799
1170,0.0029580325353890657,,366.9211254119873,16.72761368751526
1171,0.0048130834475159645,,367.2297375202179,16.738439321517944
1172,0.002887256909161806,,367.53806352615356,16.74932289123535
1173,0.002626043977215886,,367.8478949069977,16.76016402244568
1174,0.005198813043534756,,368.1586546897888,16.771009922027588
1175,0.0026165659073740244,,368.4688949584961,16.7818500995636
1176,0.0029592355713248253,,368.7778446674347,16.792694807052612
1177,0.004155824892222881,,369.0864005088806,16.80353879928589
1178,0.0056139202788472176,,369.3940465450287,16.81437587738037
1179,0.00525299459695816,,369.70242953300476,16.825206518173218
1180,0.00450490228831768,,370.00967264175415,16.83604407310486
1181,0.005465088412165642,,370.3176386356354,16.846877336502075
1182,0.0039047945756465197,,370.6256971359253,16.857725620269775
1183,0.01039798278361559,,370.9355671405792,16.868564128875732
1184,0.01200052909553051,,371.24428367614746,16.879398584365845
1185,0.008772493340075016,,371.5516073703766,16.890225887298584
1186,0.01082062628120184,,371.8595082759857,16.901057481765747
1187,0.011755644343793392,,372.1676387786865,16.911903381347656
1188,0.007058294489979744,,372.47642159461975,16.92275047302246
1189,0.0032535470090806484,,372.7876510620117,16.933589935302734
1190,0.002766577759757638,,373.0956492424011,16.944429636001587
1191,0.004244416486471891,,373.40734004974365,16.95527696609497
1192,0.005213812459260225,,373.71476554870605,16.966111421585083
1193,0.007280917372554541,,374.0238242149353,16.97695279121399
1194,0.010587920434772968,,374.3370683193207,16.98777461051941
1195,0.017937518656253815,,374.64609956741333,16.998610973358154
1196,0.008167402818799019,,374.95372223854065,17.009440422058105
1197,0.01923578418791294,,375.2608778476715,17.020272254943848
1198,0.026448773220181465,,375.5707428455353,17.03110647201538
1199,0.004080731421709061,,375.87963914871216,17.041942358016968
1200,0.008006845600903034,,376.35733699798584,17.052799940109253
1201,0.0076797110959887505,,376.66505098342896,17.06363868713379
1202,0.004654492251574993,,376.97480940818787,17.074469566345215
1203,0.008120597340166569,,377.2824242115021,17.085301637649536
1204,0.010670670308172703,,377.5923502445221,17.096147298812866
1205,0.010765946470201015,,377.9019377231598,17.10698938369751
1206,0.005875600501894951,,378.2112293243408,17.117828130722046
1207,0.007588649168610573,,378.5201413631439,17.128685474395752
1208,0.005567449145019054,,378.8301453590393,17.139516830444336
1209,0.010776101611554623,,379.1374716758728,17.150357484817505
1210,0.002679539378732443,,379.4456465244293,17.1611909866333
1211,0.004093590192496777,,379.75462794303894,17.172044277191162
1212,0.0073364065028727055,,380.06277537345886,17.18287420272827
1213,0.004010383505374193,,380.37199664115906,17.193714380264282
1214,0.005344095174223185,,380.68202471733093,17.20455265045166
1215,0.0070326863788068295,,380.9935255050659,17.215392589569092
1216,0.0043033091351389885,,381.3015959262848,17.22623634338379
1217,0.0030845734290778637,,381.61097526550293,17.23707890510559
1218,0.004048055503517389,,381.92011547088623,17.24791932106018
1219,0.005934920161962509,,382.2285554409027,17.258745670318604
1220,0.012421236373484135,,382.54070019721985,17.269582509994507
1221,0.009037363342940807,,382.84805035591125,17.28041648864746
1222,0.007762078195810318,,383.1563546657562,17.291255712509155
1223,0.005907092243432999,,383.4644467830658,17.302095651626587
1224,0.007865038700401783,,383.77228021621704,17.312925577163696
1225,0.002322730841115117,,384.08079290390015,17.32376265525818
1226,0.0067930808290839195,,384.3911554813385,17.33458685874939
1227,0.004113582894206047,,384.701055765152,17.345413208007812
1228,0.0060960715636610985,,385.01133131980896,17.356248140335083
1229,0.007414491381496191,,385.3198826313019,17.36710000038147
1230,0.003956340719014406,,385.62992238998413,17.377941370010376
1231,0.0029585929587483406,,385.938241481781,17.3887836933136
1232,0.009629872627556324,,386.2475697994232,17.399628162384033
1233,0.0033435297664254904,,386.55593729019165,17.41046166419983
1234,0.0037662468384951353,,386.86581540107727,17.42129635810852
1235,0.014688263647258282,,387.17450284957886,17.432135105133057
1236,0.00809030793607235,,387.48263454437256,17.44297456741333
1237,0.004823431372642517,,387.79401874542236,17.453816413879395
1238,0.0031002177856862545,,388.10228157043457,17.464672565460205
1239,0.010796086862683296,,388.4122431278229,17.475508451461792
1240,0.005980453919619322,,388.7201225757599,17.486345291137695
1241,0.008814740926027298,,389.03024768829346,17.497184991836548
1242,0.0032064819242805243,,389.33985328674316,17.508023500442505
1243,0.0032627955079078674,,389.64648485183716,17.518847227096558
1244,0.005770994815975428,,389.9557979106903,17.529688596725464
1245,0.006678396835923195,,390.2638530731201,17.54052424430847
1246,0.0032062979880720377,,390.57536482810974,17.551370859146118
1247,0.004526789300143719,,390.8847584724426,17.56220841407776
1248,0.016628814861178398,,391.19288182258606,17.57304334640503
1249,0.01549343578517437,,391.5037696361542,17.583874702453613
1250,0.009950118139386177,,391.98268961906433,17.59470558166504
1251,0.006371545139700174,,392.29050612449646,17.605538845062256
1252,0.008246609009802341,,392.60096526145935,17.61638355255127
1253,0.01039066631346941,,392.91042709350586,17.627230167388916
1254,0.005722591653466225,,393.21930289268494,17.63806986808777
1255,0.00532561307772994,,393.5270345211029,17.64889931678772
1256,0.004717397037893534,,393.83606791496277,17.659721851348877
1257,0.004323319997638464,,394.1488735675812,17.67056393623352
1258,0.0216401144862175,,394.458300113678,17.681389093399048
1259,0.030789926648139954,,394.76625967025757,17.69222664833069
1260,0.03359498083591461,,395.07995891571045,17.703086853027344
1261,0.017477059736847878,,395.38840198516846,17.713926792144775
1262,0.017387855798006058,,395.69615507125854,17.724764585494995
1263,0.014532426372170448,,396.0047640800476,17.735605001449585
1264,0.008212259970605373,,396.31285095214844,17.7464542388916
1265,0.009324130602180958,,396.6233546733856,17.757283449172974
1266,0.01859421096742153,,396.93503880500793,17.768118858337402
1267,0.006192323286086321,,397.24196696281433,17.778964519500732
1268,0.005049691069871187,,397.54980516433716,17.789822816848755
1269,0.009729772806167603,,397.8583469390869,17.80068612098694
1270,0.007440290879458189,,398.16776490211487,17.81152653694153
1271,0.012623874470591545,,398.4781334400177,17.822362422943115
1272,0.01203553844243288,,398.7890031337738,17.83320665359497
1273,0.007080556824803352,,399.10296988487244,17.844062328338623
1274,0.003281393088400364,,399.41086173057556,17.854883432388306
1275,0.0060803950764238834,,399.7180519104004,17.86572504043579
1276,0.008915613405406475,,400.0269458293915,17.87656283378601
1277,0.004960830323398113,,400.3370327949524,17.887393951416016
1278,0.007503540255129337,,400.64588832855225,17.898229360580444
1279,0.017543846741318703,,400.9559850692749,17.909065008163452
1280,0.02555827982723713,,401.263277053833,17.919909477233887
1281,0.0035586922895163298,,401.57308435440063,17.93073844909668
1282,0.004280942026525736,,401.8833210468292,17.941587686538696
1283,0.014004138298332691,,402.191965341568,17.952418327331543
1284,0.015317614190280437,,402.5005624294281,17.96327042579651
1285,0.008839279413223267,,402.81210112571716,17.974109649658203
1286,0.013848302885890007,,403.12029933929443,17.984952449798584
1287,0.004178471397608519,,403.4279873371124,17.995810985565186
1288,0.003028689417988062,,403.737033367157,18.006643772125244
1289,0.004099993966519833,,404.04796838760376,18.017488956451416
1290,0.0050466638058424,,404.3571264743805,18.02832293510437
1291,0.01068240124732256,,404.6653187274933,18.039152145385742
1292,0.002496900502592325,,404.97291564941406,18.050001859664917
1293,0.004352837800979614,,405.283921957016,18.060843229293823
1294,0.00714734336361289,,405.59284949302673,18.0716814994812
1295,0.004108217544853687,,405.90163683891296,18.082526206970215
1296,0.009551674127578735,,406.2100441455841,18.09336233139038
1297,0.019747816026210785,,406.5181522369385,18.104194402694702
1298,0.020014964044094086,,406.8283805847168,18.115026473999023
1299,0.021996311843395233,,407.1350271701813,18.12585759162903
1300,0.004475865047425032,,407.6134192943573,18.136701107025146
1301,0.011288135312497616,,407.92353916168213,18.147530794143677
1302,0.005032423418015242,,408.23258686065674,18.158389806747437
1303,0.005117274355143309,,408.54116702079773,18.16922640800476
1304,0.007191868033260107,,408.85005950927734,18.180077075958252
1305,0.0038154679350554943,,409.159547328949,18.190921545028687
1306,0.006702096667140722,,409.4682071208954,18.201761960983276
1307,0.00426118727773428,,409.77934169769287,18.21260929107666
1308,0.008555145002901554,,410.08798146247864,18.22344207763672
1309,0.005076703615486622,,410.39754033088684,18.23427724838257
1310,0.005905762780457735,,410.70828342437744,18.245123386383057
1311,0.006310618482530117,,411.0184988975525,18.255953311920166
1312,0.011438380926847458,,411.3269464969635,18.266796350479126
1313,0.005668855272233486,,411.6359086036682,18.277639389038086
1314,0.006929566618055105,,411.9462344646454,18.28847861289978
1315,0.01611167937517166,,412.25509881973267,18.299317598342896
1316,0.016353975981473923,,412.5625534057617,18.310160875320435
1317,0.014581716619431973,,412.87143898010254,18.320987462997437
1318,0.009590087458491325,,413.1810359954834,18.331828355789185
1319,0.008873836137354374,,413.49190306663513,18.34267544746399
1320,0.009679543785750866,,413.8018362522125,18.353506088256836
1321,0.010588910430669785,,414.1107819080353,18.3643639087677
1322,0.014936878345906734,,414.41961336135864,18.375197172164917
1323,0.013061927631497383,,414.7277810573578,18.386024713516235
1324,0.015975940972566605,,415.0358784198761,18.396867513656616
1325,0.011532560922205448,,415.34564685821533,18.4077045917511
1326,0.010219580493867397,,415.65596652030945,18.41853976249695
1327,0.01532529853284359,,415.96534419059753,18.429372310638428
1328,0.01675903983414173,,416.27258110046387,18.440210103988647
1329,0.017239771783351898,,416.5836160182953,18.451046466827393
1330,0.010908301919698715,,416.89202332496643,18.461886405944824
1331,0.01721750944852829,,417.1993751525879,18.472744941711426
1332,0.00231342320330441,,417.50947737693787,18.483586311340332
1333,0.0074465954676270485,,417.82037568092346,18.49441933631897
1334,0.017645008862018585,,418.1323173046112,18.50525188446045
1335,0.018838388845324516,,418.44190287590027,18.516089916229248
1336,0.02369106002151966,,418.7518661022186,18.52693462371826
1337,0.03708789125084877,,419.06150102615356,18.537763595581055
1338,0.05431891977787018,,419.3718328475952,18.548587799072266
1339,0.016975749284029007,,419.6793575286865,18.559427738189697
1340,0.02391488291323185,,419.98762559890747,18.570273876190186
1341,0.020222578197717667,,420.2970943450928,18.58110809326172
1342,0.021660668775439262,,420.60610699653625,18.59195375442505
1343,0.025876354426145554,,420.9162003993988,18.602789640426636
1344,0.02549062855541706,,421.22446179389954,18.61363434791565
1345,0.03148261085152626,,421.5348026752472,18.624475717544556
1346,0.020377768203616142,,421.8442978858948,18.635313987731934
1347,0.02278614230453968,,422.1552412509918,18.646151781082153
1348,0.017618512734770775,,422.4628849029541,18.65699005126953
1349,0.018161261454224586,,422.77372574806213,18.667816400527954
1350,0.014908244833350182,,423.25281596183777,18.678650617599487
1351,0.02123752050101757,,423.5602991580963,18.68949007987976
1352,0.013490322045981884,,423.8687608242035,18.700339555740356
1353,0.012534280307590961,,424.18081617355347,18.711174964904785
1354,0.009495701640844345,,424.4878513813019,18.72201657295227
1355,0.0037476341240108013,,424.7966115474701,18.73284888267517
1356,0.007067216094583273,,425.1058084964752,18.743682861328125
1357,0.0063396114856004715,,425.41414046287537,18.754516124725342
1358,0.0029341878835111856,,425.72301959991455,18.765342950820923
1359,0.0036326253321021795,,426.0347492694855,18.77619957923889
1360,0.009306789375841618,,426.3448407649994,18.78703808784485
1361,0.010464428924024105,,426.6554424762726,18.797874927520752
1362,0.014560695737600327,,426.96376943588257,18.808717012405396
1363,0.0031276405788958073,,427.27361512184143,18.81954574584961
1364,0.005922915879637003,,427.5832211971283,18.830389976501465
1365,0.003614980261772871,,427.8913414478302,18.841235637664795
1366,0.00901099294424057,,428.1997580528259,18.85206127166748
1367,0.0031072942074388266,,428.50764322280884,18.86289930343628
1368,0.006432671565562487,,428.8162190914154,18.87372851371765
1369,0.005252539645880461,,429.1240246295929,18.884594678878784
1370,0.0027313497848808765,,429.4319911003113,18.89545202255249
1371,0.007545787841081619,,429.7402272224426,18.906307458877563
1372,0.0036380665842443705,,430.0505175590515,18.917158603668213
1373,0.011510757729411125,,430.357990026474,18.92800211906433
1374,0.008405515924096107,,430.6666226387024,18.938828706741333
1375,0.015117254108190536,,430.97533535957336,18.949673175811768
1376,0.005876284092664719,,431.2862684726715,18.96051836013794
1377,0.01282423548400402,,431.59588170051575,18.97135591506958
1378,0.005390568170696497,,431.90573287010193,18.982181787490845
1379,0.002286765957251191,,432.21392607688904,18.993030786514282
1380,0.005418186541646719,,432.52333998680115,19.003868341445923
1381,0.004276580177247524,,432.8320620059967,19.014702081680298
1382,0.0031891760881990194,,433.1419286727905,19.02553963661194
1383,0.00376824545674026,,433.45134711265564,19.036379098892212
1384,0.014691992662847042,,433.7641444206238,19.04722547531128
1385,0.016695601865649223,,434.0747537612915,19.058053255081177
1386,0.007102819159626961,,434.3834538459778,19.068891048431396
1387,0.006738112773746252,,434.69438457489014,19.079744577407837
1388,0.005978351458907127,,435.0064973831177,19.090590000152588
1389,0.03593024984002113,,435.3160014152527,19.101429224014282
1390,0.014352445490658283,,435.62464237213135,19.11227059364319
1391,0.008432760834693909,,435.93238711357117,19.12311100959778
1392,0.007807668764144182,,436.2418735027313,19.133947372436523
1393,0.004760449752211571,,436.5494222640991,19.144801139831543
1394,0.002926900051534176,,436.85831022262573,19.15562391281128
1395,0.003696765983477235,,437.1643681526184,19.166456699371338
1396,0.009996919892728329,,437.4744064807892,19.17729115486145
1397,0.0032646427862346172,,437.78240060806274,19.188118934631348
1398,0.004622806794941425,,438.0915343761444,19.19895577430725
1399,0.004811962600797415,,438.4008059501648,19.209784030914307
1400,0.011628600768744946,,438.88310718536377,19.220608234405518
1401,0.0055178995244205,,439.1916539669037,19.231450080871582
1402,0.0034659861121326685,,439.50051712989807,19.242289304733276
1403,0.013892827555537224,,439.8099584579468,19.253123998641968
1404,0.00813217367976904,,440.118084192276,19.263979196548462
1405,0.012089578434824944,,440.4257516860962,19.274821281433105
1406,0.010894658975303173,,440.7352933883667,19.285663604736328
1407,0.004310814198106527,,441.04843378067017,19.296507120132446
1408,0.012067316100001335,,441.35628628730774,19.307349681854248
1409,0.009841084480285645,,441.6636760234833,19.31818199157715
1410,0.005019844975322485,,441.97107005119324,19.329010486602783
1411,0.005711317993700504,,442.28065252304077,19.339856386184692
1412,0.015851911157369614,,442.5899384021759,19.35069727897644
1413,0.009965491481125355,,442.8959655761719,19.361534118652344
1414,0.007176545914262533,,443.2044446468353,19.37238359451294
1415,0.012755170464515686,,443.5135986804962,19.383217811584473
1416,0.0069037494249641895,,443.8223931789398,19.394049644470215
1417,0.005374314729124308,,444.12945103645325,19.404877185821533
1418,0.012245414778590202,,444.43779277801514,19.41571879386902
1419,0.008027232252061367,,444.74692487716675,19.426549434661865
1420,0.011020987294614315,,445.0559685230255,19.437391996383667
1421,0.005613957531750202,,445.3670816421509,19.44823122024536
1422,0.00843628030270338,,445.6764359474182,19.459065675735474
1423,0.005180610343813896,,445.9859504699707,19.46990180015564
1424,0.004578482359647751,,446.29452180862427,19.480744123458862
1425,0.0037992780562490225,,446.60356521606445,19.49157738685608
1426,0.010419904254376888,,446.9123911857605,19.50240468978882
1427,0.03281579539179802,,447.22022247314453,19.513244152069092
1428,0.015832727774977684,,447.5290195941925,19.524078607559204
1429,0.009686775505542755,,447.8372211456299,19.534916400909424
1430,0.008370635099709034,,448.1468098163605,19.545755624771118
1431,0.006924720481038094,,448.45517802238464,19.556594371795654
1432,0.005465636029839516,,448.76578879356384,19.5674409866333
1433,0.0040933797135949135,,449.07377648353577,19.57827591896057
1434,0.006400106009095907,,449.3817365169525,19.58911633491516
1435,0.011387651786208153,,449.6893057823181,19.599953651428223
1436,0.0068006799556314945,,449.9976108074188,19.61080241203308
1437,0.036887530237436295,,450.30478382110596,19.621641397476196
1438,0.011308636516332626,,450.61488914489746,19.632471799850464
1439,0.00978278648108244,,450.9253296852112,19.6433162689209
1440,0.022016296163201332,,451.2348823547363,19.654148817062378
1441,0.00791863538324833,,451.54417657852173,19.664982795715332
1442,0.00706481421366334,,451.8522193431854,19.675812244415283
1443,0.0040053194388747215,,452.16409373283386,19.686645984649658
1444,0.004957510624080896,,452.4724054336548,19.69749402999878
1445,0.01716538891196251,,452.78300881385803,19.70832324028015
1446,0.01318043190985918,,453.09046959877014,19.71915340423584
1447,0.009173214435577393,,453.39991188049316,19.729987382888794
1448,0.007861520163714886,,453.7084619998932,19.74083924293518
1449,0.007436753250658512,,454.0181565284729,19.751676082611084
1450,0.0033839091192930937,,454.499178647995,19.76252555847168
1451,0.0024678136687725782,,454.8088903427124,19.773374557495117
1452,0.006045921240001917,,455.11779379844666,19.784220695495605
1453,0.009139416739344597,,455.4255449771881,19.795053005218506
1454,0.011505608446896076,,455.7338910102844,19.80589723587036
1455,0.010592938400804996,,456.04344844818115,19.816736698150635
1456,0.006724359001964331,,456.35372948646545,19.827589988708496
1457,0.007371601182967424,,456.6626319885254,19.838433742523193
1458,0.006835671607404947,,456.97196197509766,19.849266529083252
1459,0.0047430130653083324,,457.28021216392517,19.860105752944946
1460,0.007917914539575577,,457.5905294418335,19.87094736099243
1461,0.006231951527297497,,457.9008626937866,19.881786823272705
1462,0.009294754825532436,,458.20925879478455,19.892615795135498
1463,0.00879277940839529,,458.517831325531,19.903444051742554
1464,0.021996311843395233,,458.8253219127655,19.914292097091675
1465,0.028786316514015198,,459.13356733322144,19.92513108253479
1466,0.019168997183442116,,459.44128155708313,19.935957670211792
1467,0.009208490140736103,,459.7526104450226,19.94679880142212
1468,0.010731576941907406,,460.05986189842224,19.957634925842285
1469,0.011310397647321224,,460.3677670955658,19.968465328216553
1470,0.006279113236814737,,460.67585730552673,19.97930407524109
1471,0.003794862888753414,,460.9865255355835,19.990142822265625
1472,0.004207286052405834,,461.29707980155945,20.000988483428955
1473,0.010950879193842411,,461.6041865348816,20.011826753616333
1474,0.010887413285672665,,461.91238498687744,20.022660732269287
1475,0.009106427431106567,,462.2209668159485,20.033510208129883
1476,0.012623874470591545,,462.529114484787,20.044347524642944
1477,0.002259200904518366,,462.8362784385681,20.05518889427185
1478,0.002670017071068287,,463.1446952819824,20.0660183429718
1479,0.0037618926726281643,,463.45714473724365,20.076862335205078
1480,0.003425661940127611,,463.76449370384216,20.087711334228516
1481,0.004020830150693655,,464.07342076301575,20.098551988601685
1482,0.009440362453460693,,464.38189601898193,20.109399557113647
1483,0.009195476770401001,,464.69126176834106,20.120254039764404
1484,0.010470868088304996,,464.9991521835327,20.13109517097473
1485,0.009634435176849365,,465.3077745437622,20.141943216323853
1486,0.0022383497562259436,,465.6161358356476,20.152778148651123
1487,0.006702096667140722,,465.92494463920593,20.163617849349976
1488,0.005465088412165642,,466.2349944114685,20.174458026885986
1489,0.008817018009722233,,466.5433406829834,20.185294151306152
1490,0.005457536317408085,,466.8510699272156,20.196122407913208
1491,0.008554595522582531,,467.16053581237793,20.206971168518066
1492,0.008509794250130653,,467.46768283843994,20.217811346054077
1493,0.012067316100001335,,467.77740812301636,20.22865605354309
1494,0.003111803438514471,,468.0870056152344,20.23949933052063
1495,0.0038906217087060213,,468.3979322910309,20.250354528427124
1496,0.0155481593683362,,468.70645451545715,20.26119375228882
1497,0.01660882867872715,,469.0152499675751,20.272040128707886
1498,0.006624003406614065,,469.32266569137573,20.282872915267944
1499,0.00416595907881856,,469.631600856781,20.293723583221436
1500,0.0038107240106910467,0.0025913275312632322,470.110023021698,21.631282806396484
1501,0.008530220948159695,,470.41923427581787,21.642125844955444
1502,0.002530836034566164,,470.72877264022827,21.652966260910034
1503,0.005176242906600237,,471.03809452056885,21.66379475593567
1504,0.04065213352441788,,471.34764766693115,21.67463517189026
1505,0.008003458380699158,,471.6575462818146,21.68548822402954
1506,0.008076072670519352,,471.96769285202026,21.69632124900818
1507,0.00843628030270338,,472.27493810653687,21.707170724868774
1508,0.008725691586732864,,472.58158135414124,21.718011379241943
1509,0.0028229611925780773,,472.88960814476013,21.728846549987793
1510,0.0025255626533180475,,473.19819617271423,21.73967933654785
1511,0.007669262588024139,,473.50637125968933,21.750503063201904
1512,0.007691724691540003,,473.81489419937134,21.76134729385376
1513,0.004005018156021833,,474.1228609085083,21.77218008041382
1514,0.003998936619609594,,474.43136286735535,21.78301477432251
1515,0.006078752223402262,,474.7402651309967,21.79386591911316
1516,0.015985485166311264,,475.049072265625,21.804697275161743
1517,0.01772194541990757,,475.3579661846161,21.81553339958191
1518,0.01756610907614231,,475.66656136512756,21.826370239257812
1519,0.01524340733885765,,475.97449231147766,21.837207794189453
1520,0.015562500804662704,,476.28342270851135,21.848045110702515
1521,0.04454803839325905,,476.5922038555145,21.858906030654907
1522,0.013701396062970161,,476.8987147808075,21.86976146697998
1523,0.008151671849191189,,477.2056682109833,21.880610704421997
1524,0.011738279834389687,,477.515727519989,21.891457557678223
1525,0.005474217236042023,,477.82725405693054,21.902302980422974
1526,0.0075925905257463455,,478.13552689552307,21.91313409805298
1527,0.007792951073497534,,478.444180727005,21.923957347869873
1528,0.011599807068705559,,478.75367188453674,21.93480396270752
1529,0.0056115491315722466,,479.0649747848511,21.945634126663208
1530,0.0036255421582609415,,479.3747761249542,21.95647358894348
1531,0.0060127065517008305,,479.68349027633667,21.967480659484863
1532,0.013380792923271656,,479.99379420280457,21.978312015533447
1533,0.011288135312497616,,480.3031008243561,21.989168405532837
1534,0.020037226378917694,,480.6132023334503,22.000025510787964
1535,0.005552120506763458,,480.9210636615753,22.010868549346924
1536,0.009752035140991211,,481.2308945655823,22.02170968055725
1537,0.014894630759954453,,481.5400471687317,22.03254199028015
1538,0.012646136805415154,,481.8486032485962,22.043378353118896
1539,0.0193916205316782,,482.1575322151184,22.05420684814453
1540,0.004987898748368025,,482.46550965309143,22.065045833587646
1541,0.0050992099568247795,,482.77724409103394,22.075881242752075
1542,0.005588980857282877,,483.0850510597229,22.086719036102295
1543,0.006724359001964331,,483.3951051235199,22.097553968429565
1544,0.007602675352245569,,483.7032389640808,22.108394145965576
1545,0.010146290995180607,,484.01142954826355,22.119227647781372
1546,0.005763734225183725,,484.3209512233734,22.130073070526123
1547,0.003883269615471363,,484.6295576095581,22.140901565551758
1548,0.009065307676792145,,484.9411060810089,22.15176510810852
1549,0.009367287158966064,,485.25047397613525,22.162607431411743
1550,0.012925391085445881,,485.7300662994385,22.17345643043518
1551,0.009333949536085129,,486.0385615825653,22.184285640716553
1552,0.007994599640369415,,486.34904074668884,22.195117950439453
1553,0.014302480034530163,,486.65596747398376,22.205951690673828
1554,0.008781726472079754,,486.96598958969116,22.21679186820984
1555,0.010573463514447212,,487.2747950553894,22.22763180732727
1556,0.004375693388283253,,487.58448672294617,22.238487005233765
1557,0.003739903448149562,,487.8928143978119,22.249335289001465
1558,0.011176823638379574,,488.2022852897644,22.260170459747314
1559,0.003733729012310505,,488.5103313922882,22.27100944519043
1560,0.002924735425040126,,488.81929087638855,22.281866312026978
1561,0.004969661124050617,,489.12869811058044,22.292709589004517
1562,0.002930438844487071,,489.4378664493561,22.30354404449463
1563,0.0026214520912617445,,489.7469222545624,22.314395666122437
1564,0.007837475277483463,,490.0550765991211,22.32524871826172
1565,0.005542163737118244,,490.3622102737427,22.336101770401
1566,0.012928936630487442,,490.6705641746521,22.34693956375122
1567,0.00952016282826662,,490.97954654693604,22.357785940170288
1568,0.007475852966308594,,491.2890567779541,22.36862802505493
1569,0.004781024996191263,,491.5974712371826,22.379472255706787
1570,0.008798046968877316,,491.90696811676025,22.39030909538269
1571,0.004606576170772314,,492.21544575691223,22.401145935058594
1572,0.0038280796725302935,,492.5246124267578,22.41198754310608
1573,0.0062060002237558365,,492.8339915275574,22.422818183898926
1574,0.009434359148144722,,493.1421217918396,22.433656454086304
1575,0.008023466914892197,,493.45182371139526,22.444502353668213
1576,0.009111703373491764,,493.7597918510437,22.45534873008728
1577,0.009432132355868816,,494.06814312934875,22.46618628501892
1578,0.007746374700218439,,494.3764169216156,22.477022409439087
1579,0.007414491381496191,,494.6852693557739,22.487857341766357
1580,0.0029482925310730934,,494.99418115615845,22.49869394302368
1581,0.008263913914561272,,495.3046419620514,22.50954532623291
1582,0.00845138356089592,,495.61343479156494,22.520375967025757
1583,0.003417747328057885,,495.9228456020355,22.53121256828308
1584,0.007102819159626961,,496.2316029071808,22.54205822944641
1585,0.007103913463652134,,496.54173469543457,22.552895545959473
1586,0.0047028688713908195,,496.8505926132202,22.56373953819275
1587,0.005589885637164116,,497.15858459472656,22.57457184791565
1588,0.01150848064571619,,497.4681680202484,22.585408926010132
1589,0.04390016198158264,,497.77748560905457,22.596248865127563
1590,0.01620583049952984,,498.08506178855896,22.607090711593628
1591,0.01687370054423809,,498.3951361179352,22.617934703826904
1592,0.015471173450350761,,498.7038502693176,22.628783464431763
1593,0.008839023299515247,,499.0114748477936,22.639619827270508
1594,0.008903789333999157,,499.32118368148804,22.65045928955078
1595,0.013044580817222595,,499.62817549705505,22.661299467086792
1596,0.0030957276467233896,,499.93995904922485,22.67214345932007
1597,0.0034634144976735115,,500.24839210510254,22.682976245880127
1598,0.003537709591910243,,500.55786061286926,22.693813800811768
1599,0.0027572447434067726,,500.86615800857544,22.70465874671936
1600,0.00610473845154047,,501.3477041721344,22.715505599975586
1601,0.0033923154696822166,,501.6553626060486,22.72634506225586
1602,0.005112919025123119,,501.9626522064209,22.737186431884766
1603,0.00763328280299902,,502.27346634864807,22.74801254272461
1604,0.00773270521312952,,502.58222579956055,22.75884771347046
1605,0.010365933179855347,,502.8925232887268,22.769694328308105
1606,0.007481166627258062,,503.20263385772705,22.780552625656128
1607,0.006007840391248465,,503.51382398605347,22.79139232635498
1608,0.004502837546169758,,503.8230118751526,22.802250146865845
1609,0.005856128875166178,,504.1329789161682,22.813109159469604
1610,0.0037460396997630596,,504.44179224967957,22.823956727981567
1611,0.008972853422164917,,504.7502689361572,22.834792375564575
1612,0.006466257385909557,,505.0590796470642,22.845641136169434
1613,0.009086779318749905,,505.36866641044617,22.856501817703247
1614,0.006159862503409386,,505.6773946285248,22.86734914779663
1615,0.007414491381496191,,505.9876985549927,22.878204584121704
1616,0.004975740797817707,,506.29674243927,22.889060735702515
1617,0.007947174832224846,,506.6089119911194,22.89991855621338
1618,0.007108315825462341,,506.919203042984,22.91076636314392
1619,0.0068071200512349606,,507.23029685020447,22.921600580215454
1620,0.009619135409593582,,507.53924798965454,22.932454824447632
1621,0.01576058566570282,,507.8477668762207,22.94329857826233
1622,0.010207031853497028,,508.1578702926636,22.954150199890137
1623,0.011645890772342682,,508.4684593677521,22.96500873565674
1624,0.005340043921023607,,508.7832067012787,22.975897073745728
1625,0.009358331561088562,,509.09851717948914,22.98675537109375
1626,0.0071261003613471985,,509.4096028804779,22.9976065158844
1627,0.0053311181254684925,,509.72091126441956,23.008480548858643
1628,0.008165573701262474,,510.0352575778961,23.019352197647095
1629,0.006460411939769983,,510.3454532623291,23.030216932296753
1630,0.006592073477804661,,510.65902495384216,23.041096925735474
1631,0.0032385860104113817,,510.9689271450043,23.051958799362183
1632,0.009329725056886673,,511.27690863609314,23.062827110290527
1633,0.0029573598876595497,,511.5885865688324,23.073673725128174
1634,0.002969300141558051,,511.90006852149963,23.084542989730835
1635,0.0055465856567025185,,512.210221529007,23.09541130065918
1636,0.0056998394429683685,,512.5191752910614,23.106276273727417
1637,0.005232428666204214,,512.8290483951569,23.117147207260132
1638,0.006002950016409159,,513.1360151767731,23.12800693511963
1639,0.005668813828378916,,513.4444177150726,23.138872623443604
1640,0.006638554390519857,,513.751656293869,23.14974284172058
1641,0.007926524616777897,,514.0620305538177,23.160603761672974
1642,0.00948434229940176,,514.3700003623962,23.171464443206787
1643,0.013536629267036915,,514.6792607307434,23.18232774734497
1644,0.011740235611796379,,514.9882481098175,23.193179607391357
1645,0.011956004425883293,,515.2982501983643,23.204051971435547
1646,0.021974049508571625,,515.6081359386444,23.21492052078247
1647,0.004107838962227106,,515.9163520336151,23.225780963897705
1648,0.0035427375696599483,,516.2252571582794,23.236634731292725
1649,0.005074300337582827,,516.5345203876495,23.24748182296753
1650,0.004069397691637278,,517.0159223079681,23.258336544036865
1651,0.006935493554919958,,517.3250286579132,23.269198179244995
1652,0.008333545178174973,,517.6314861774445,23.280048847198486
1653,0.0035191478673368692,,517.9388439655304,23.290910482406616
1654,0.003393690101802349,,518.2487692832947,23.301765203475952
1655,0.004324719309806824,,518.5582811832428,23.31262230873108
1656,0.010108232498168945,,518.8667087554932,23.323486328125
1657,0.007481277920305729,,519.1759638786316,23.334343194961548
1658,0.012935547158122063,,519.4860339164734,23.345189571380615
1659,0.011332659982144833,,519.7942667007446,23.356050491333008
1660,0.009106427431106567,,520.1039474010468,23.366909980773926
1661,0.009150952100753784,,520.4143335819244,23.377749919891357
1662,0.005378557834774256,,520.725254535675,23.38859534263611
1663,0.011533020064234734,,521.0354869365692,23.39946722984314
1664,0.014560695737600327,,521.3447818756104,23.41032862663269
1665,0.011644331738352776,,521.652955532074,23.421186208724976
1666,0.017499322071671486,,521.9631445407867,23.432050704956055
1667,0.004446924198418856,,522.2722320556641,23.442914247512817
1668,0.0043716211803257465,,522.5831370353699,23.45377016067505
1669,0.012016946449875832,,522.8941621780396,23.464628219604492
1670,0.015117254108190536,,523.2048490047455,23.4755220413208
1671,0.010798363946378231,,523.5124027729034,23.486396312713623
1672,0.007517550606280565,,523.8221802711487,23.49725604057312
1673,0.005481130909174681,,524.1309740543365,23.50810742378235
1674,0.009685248136520386,,524.4395332336426,23.51895761489868
1675,0.003952467814087868,,524.7492501735687,23.529817819595337
1676,0.0061270794831216335,,525.0574462413788,23.54069185256958
1677,0.013915089890360832,,525.3652284145355,23.551538705825806
1678,0.016987290233373642,,525.6751506328583,23.562395572662354
1679,0.012468038126826286,,525.9843969345093,23.573256254196167
1680,0.00686717638745904,,526.2932593822479,23.584115028381348
1681,0.004047201480716467,,526.601457118988,23.594959020614624
1682,0.004085403401404619,,526.910248041153,23.605809211730957
1683,0.011091724038124084,,527.2192120552063,23.616680145263672
1684,0.004971288610249758,,527.5318551063538,23.627549648284912
1685,0.004145902115851641,,527.8405463695526,23.638421535491943
1686,0.004984816070646048,,528.1484062671661,23.649271965026855
1687,0.005763672757893801,,528.4582917690277,23.66012740135193
1688,0.00865146890282631,,528.7660920619965,23.670978784561157
1689,0.012779710814356804,,529.0743215084076,23.681822061538696
1690,0.009242131374776363,,529.3821787834167,23.692673444747925
1691,0.009302240796387196,,529.6900188922882,23.703527688980103
1692,0.008191312663257122,,529.9989676475525,23.714375972747803
1693,0.01110798493027687,,530.3085639476776,23.725221872329712
1694,0.011178952641785145,,530.6156024932861,23.736071825027466
1695,0.004843083210289478,,530.9243695735931,23.746925115585327
1696,0.007595378439873457,,531.2331972122192,23.757797956466675
1697,0.0070374212227761745,,531.5404644012451,23.76864528656006
1698,0.009153763763606548,,531.848863363266,23.779505491256714
1699,0.0059383828192949295,,532.1597149372101,23.7903733253479
1700,0.010310880839824677,,532.6383323669434,23.80122971534729
1701,0.00843033567070961,,532.9473340511322,23.812065601348877
1702,0.007562360260635614,,533.2548372745514,23.822922945022583
1703,0.004132339730858803,,533.5632781982422,23.83378267288208
1704,0.005430453922599554,,533.8718869686127,23.84464120864868
1705,0.009306789375841618,,534.1808793544769,23.855502128601074
1706,0.010464428924024105,,534.4909393787384,23.866353511810303
1707,0.005735303740948439,,534.8022992610931,23.87722158432007
1708,0.010553478263318539,,535.1122179031372,23.888081312179565
1709,0.004881021101027727,,535.4198546409607,23.898940563201904
1710,0.005018479190766811,,535.7290122509003,23.909786224365234
1711,0.0034611441660672426,,536.0375764369965,23.92066478729248
1712,0.0038697081618010998,,536.3457615375519,23.93152403831482
1713,0.014024123549461365,,536.6550903320312,23.942386865615845
1714,0.00494212144985795,,536.964849948883,23.953253269195557
1715,0.00588403781875968,,537.2723162174225,23.964101552963257
1716,0.005156893748790026,,537.5806477069855,23.97495675086975
1717,0.006857933476567268,,537.8897099494934,23.98581099510193
1718,0.013089105486869812,,538.1999201774597,23.996668338775635
1719,0.022417018190026283,,538.5075197219849,24.00755286216736
1720,0.008105642162263393,,538.816915512085,24.01839518547058
1721,0.0041832998394966125,,539.1262547969818,24.029253244400024
1722,0.006768058054149151,,539.4342746734619,24.04009771347046
1723,0.006406872067600489,,539.7412486076355,24.050954818725586
1724,0.00500229187309742,,540.0502300262451,24.061812162399292
1725,0.009319801814854145,,540.3587880134583,24.072660446166992
1726,0.004415414296090603,,540.6689507961273,24.083516836166382
1727,0.005744817201048136,,540.9792809486389,24.094359159469604
1728,0.003927936777472496,,541.2884862422943,24.105220556259155
1729,0.009546232409775257,,541.5951340198517,24.11607551574707
1730,0.010951923206448555,,541.9038248062134,24.126914501190186
1731,0.003148111281916499,,542.2122621536255,24.13777756690979
1732,0.010454599745571613,,542.5197410583496,24.148632287979126
1733,0.007589768618345261,,542.8284413814545,24.15948748588562
1734,0.014157697558403015,,543.1386575698853,24.170346975326538
1735,0.009746219962835312,,543.4483771324158,24.181198358535767
1736,0.007889514788985252,,543.7577338218689,24.192042350769043
1737,0.011678701266646385,,544.0664956569672,24.202898263931274
1738,0.004765457008033991,,544.3754518032074,24.213747024536133
1739,0.007778855971992016,,544.6849205493927,24.224616289138794
1740,0.007001003250479698,,544.9931862354279,24.235475540161133
1741,0.01239707414060831,,545.3021991252899,24.246331214904785
1742,0.00876654963940382,,545.6109912395477,24.2571964263916
1743,0.01017501950263977,,545.9210381507874,24.268059492111206
1744,0.0066663166508078575,,546.2301485538483,24.278934717178345
1745,0.009780718944966793,,546.5408978462219,24.289781093597412
1746,0.006025784183293581,,546.8509976863861,24.30064105987549
1747,0.006203587166965008,,547.158931016922,24.311502933502197
1748,0.006723655387759209,,547.4688467979431,24.322368144989014
1749,0.010437611490488052,,547.7771947383881,24.33322834968567
1750,0.011517476290464401,,548.2566611766815,24.344087839126587
1751,0.012331260368227959,,548.5642523765564,24.35495376586914
1752,0.013049875386059284,,548.871833562851,24.365814447402954
1753,0.012004180811345577,,549.1835641860962,24.376670598983765
1754,0.006852299906313419,,549.4924485683441,24.387529134750366
1755,0.011599807068705559,,549.8015720844269,24.398386001586914
1756,0.012067316100001335,,550.1102027893066,24.409248113632202
1757,0.010395986028015614,,550.4203457832336,24.420101642608643
1758,0.007048269268125296,,550.7284829616547,24.43095636367798
1759,0.008018593303859234,,551.0371339321136,24.44181489944458
1760,0.010578757151961327,,551.3479211330414,24.45267128944397
1761,0.010176772251725197,,551.6570219993591,24.4635329246521
1762,0.007518910337239504,,551.9650537967682,24.474377632141113
1763,0.00644722068682313,,552.2749161720276,24.485252380371094
1764,0.005257211159914732,,552.5830116271973,24.496111154556274
1765,0.005712877959012985,,552.892281293869,24.506989240646362
1766,0.008382300846278667,,553.201544046402,24.517850875854492
1767,0.007119502406567335,,553.5106980800629,24.5287082195282
1768,0.008589542470872402,,553.8202373981476,24.539564847946167
1769,0.011243610642850399,,554.1288118362427,24.550429821014404
1770,0.00514773977920413,,554.4358952045441,24.561279773712158
1771,0.0055838883854448795,,554.743266582489,24.57212734222412
1772,0.011889218352735043,,555.0526442527771,24.582982778549194
1773,0.018768275156617165,,555.362057685852,24.593835592269897
1774,0.011902960948646069,,555.6708691120148,24.604676961898804
1775,0.010441507212817669,,555.9808988571167,24.615522861480713
1776,0.010490612126886845,,556.2908358573914,24.62637209892273
1777,0.00729434285312891,,556.6020917892456,24.637210369110107
1778,0.019591979682445526,,556.9105560779572,24.648063898086548
1779,0.012534825131297112,,557.2183859348297,24.658915758132935
1780,0.028430119156837463,,557.5255489349365,24.6697735786438
1781,0.031903039664030075,,557.8359079360962,24.680626153945923
1782,0.011733382008969784,,558.1454274654388,24.69148278236389
1783,0.01193374302238226,,558.4553093910217,24.702346086502075
1784,0.007377659901976585,,558.7648758888245,24.713199138641357
1785,0.027138905599713326,,559.0735898017883,24.724080562591553
1786,0.018723750486969948,,559.3809020519257,24.734928369522095
1787,0.007330155931413174,,559.6892330646515,24.745798587799072
1788,0.008638919331133366,,559.9997656345367,24.756642818450928
1789,0.005926891230046749,,560.3084630966187,24.767494916915894
1790,0.0054002003744244576,,560.6168978214264,24.77834916114807
1791,0.009707510471343994,,560.92551612854,24.789209842681885
1792,0.006575038190931082,,561.2327251434326,24.800066471099854
1793,0.006023714318871498,,561.5429182052612,24.81091809272766
1794,0.007414423394948244,,561.8514020442963,24.82177734375
1795,0.009752035140991211,,562.160355091095,24.832645416259766
1796,0.008212103508412838,,562.4708960056305,24.843493938446045
1797,0.007838195189833641,,562.7789957523346,24.854346752166748
1798,0.009232234209775925,,563.089467048645,24.865206956863403
1799,0.006013945676386356,,563.3986411094666,24.87606191635132
1800,0.01200052909553051,,563.8792414665222,24.886933088302612
1801,0.0069427830167114735,,564.1876363754272,24.89778780937195
1802,0.011243610642850399,,564.495290517807,24.90863823890686
1803,0.006191233638674021,,564.8027167320251,24.919493675231934
1804,0.011430853977799416,,565.1109435558319,24.93036150932312
1805,0.009013556875288486,,565.421106338501,24.941215753555298
1806,0.008107670582830906,,565.7293124198914,24.952067613601685
1807,0.006229388993233442,,566.0389075279236,24.962917804718018
1808,0.00618743197992444,,566.3496603965759,24.973782777786255
1809,0.01042594388127327,,566.6598658561707,24.984646558761597
1810,0.0069426181726157665,,566.9688754081726,24.995503187179565
1811,0.005420760251581669,,567.2760651111603,25.006356954574585
1812,0.006714256014674902,,567.5845067501068,25.01719880104065
1813,0.0074628498405218124,,567.8931634426117,25.028056383132935
1814,0.005108836572617292,,568.203307390213,25.03891348838806
1815,0.006773967761546373,,568.512323141098,25.049773693084717
1816,0.00492893299087882,,568.8210499286652,25.060626983642578
1817,0.006758450996130705,,569.1301889419556,25.071494340896606
1818,0.005254620220512152,,569.4396774768829,25.082372665405273
1819,0.006468987558037043,,569.7494902610779,25.093228101730347
1820,0.006071704905480146,,570.0581285953522,25.104089498519897
1821,0.010540645569562912,,570.3671448230743,25.114954471588135
1822,0.009529411792755127,,570.6771326065063,25.125826597213745
1823,0.01033085584640503,,570.9873213768005,25.13667321205139
1824,0.016141321510076523,,571.2949585914612,25.147527933120728
1825,0.011777906678617,,571.6029257774353,25.15839409828186
1826,0.04212144762277603,,571.9115552902222,25.16923975944519
1827,0.026337461546063423,,572.219137430191,25.1800856590271
1828,0.009960303083062172,,572.5290875434875,25.190932989120483
1829,0.010058549232780933,,572.8392081260681,25.20178461074829
1830,0.007856862619519234,,573.1475524902344,25.212635040283203
1831,0.007404424250125885,,573.4556398391724,25.223506450653076
1832,0.006590165663510561,,573.7641899585724,25.234366416931152
1833,0.008573359809815884,,574.072732925415,25.245216608047485
1834,0.008570642210543156,,574.3819172382355,25.256077766418457
1835,0.009415537118911743,,574.6914653778076,25.266932487487793
1836,0.010472164489328861,,575.0022840499878,25.27778458595276
1837,0.012788013555109501,,575.3139410018921,25.288639307022095
1838,0.01228770986199379,,575.6224465370178,25.299502849578857
1839,0.012144156731665134,,575.9310507774353,25.3103506565094
1840,0.00688187126070261,,576.2402002811432,25.321215629577637
1841,0.0062126521952450275,,576.5507287979126,25.332077980041504
1842,0.00691286800429225,,576.8587691783905,25.342934131622314
1843,0.007143725175410509,,577.1665980815887,25.353785037994385
1844,0.025600532069802284,,577.4747612476349,25.36464238166809
1845,0.012542382813990116,,577.7851030826569,25.375494241714478
1846,0.009072687476873398,,578.09574842453,25.386352062225342
1847,0.039561279118061066,,578.4056141376495,25.397212028503418
1848,0.008065780624747276,,578.7153730392456,25.408090114593506
1849,0.007326944265514612,,579.0228922367096,25.418943881988525
1850,0.011200268752872944,,579.501793384552,25.429792881011963
1851,0.005898682866245508,,579.811407327652,25.440649271011353
1852,0.006399034522473812,,580.1206679344177,25.451508045196533
1853,0.012646136805415154,,580.4281322956085,25.462361097335815
1854,0.005690589081496,,580.738361120224,25.4732084274292
1855,0.007447168231010437,,581.0475978851318,25.484066009521484
1856,0.008552146144211292,,581.3575451374054,25.494930505752563
1857,0.00998533796519041,,581.6673200130463,25.505783081054688
1858,0.009619418531656265,,581.9778892993927,25.51664447784424
1859,0.005896532908082008,,582.286966085434,25.527515411376953
1860,0.005583291873335838,,582.5956180095673,25.53837823867798
1861,0.007372115273028612,,582.9062974452972,25.549240350723267
1862,0.007458381820470095,,583.2165858745575,25.560099363327026
1863,0.01136406697332859,,583.5257408618927,25.570950746536255
1864,0.010670391842722893,,583.8374547958374,25.581810235977173
1865,0.006618046667426825,,584.1446120738983,25.5926616191864
1866,0.006775527726858854,,584.4526472091675,25.603520393371582
1867,0.005859361495822668,,584.7606225013733,25.61438822746277
1868,0.011332659982144833,,585.0700836181641,25.625235319137573
1869,0.013091382570564747,,585.3782699108124,25.63608431816101
1870,0.0100855166092515,,585.6863594055176,25.646925449371338
1871,0.006262104492634535,,585.9944396018982,25.65778160095215
1872,0.006263182498514652,,586.3037431240082,25.668633699417114
1873,0.011265872977674007,,586.6118955612183,25.67948889732361
1874,0.0100658368319273,,586.9198482036591,25.69036030769348
1875,0.005400079768151045,,587.2274820804596,25.701215744018555
1876,0.011473930440843105,,587.5355441570282,25.712078332901
1877,0.007283729966729879,,587.8455145359039,25.72292709350586
1878,0.005817301571369171,,588.1536772251129,25.733787298202515
1879,0.008401325903832912,,588.4621422290802,25.744651317596436
1880,0.007031471002846956,,588.7739715576172,25.7555034160614
1881,0.005148611962795258,,589.0819382667542,25.76636505126953
1882,0.006062325090169907,,589.3927745819092,25.77721929550171
1883,0.007249289192259312,,589.7005257606506,25.78807306289673
1884,0.010798363946378231,,590.0082080364227,25.798929929733276
1885,0.008575176820158958,,590.3158047199249,25.809788465499878
1886,0.008468788117170334,,590.6262581348419,25.82064390182495
1887,0.006117088254541159,,590.9350190162659,25.83149743080139
1888,0.014672007411718369,,591.2468783855438,25.84235715866089
1889,0.006188304629176855,,591.555826663971,25.853204250335693
1890,0.011949409730732441,,591.8623290061951,25.86405658721924
1891,0.012238090857863426,,592.1694407463074,25.874901294708252
1892,0.009276777505874634,,592.4789128303528,25.885750770568848
1893,0.009019465185701847,,592.7892954349518,25.896615028381348
1894,0.005512216594070196,,593.0984122753143,25.907464504241943
1895,0.016274895519018173,,593.4070465564728,25.91831946372986
1896,0.019903652369976044,,593.715972661972,25.929190158843994
1897,0.03194756433367729,,594.0247871875763,25.940046787261963
1898,0.006461679935455322,,594.3358302116394,25.95090937614441
1899,0.006336671765893698,,594.6432108879089,25.96175789833069
1900,0.008777733892202377,,595.122944355011,25.972614765167236
1901,0.00903682317584753,,595.4334988594055,25.98349165916443
1902,0.014958696439862251,,595.7421979904175,25.994350910186768
1903,0.011002345010638237,,596.0525004863739,26.005216360092163
1904,0.007764133159071207,,596.3612895011902,26.016080379486084
1905,0.007330814376473427,,596.6693093776703,26.026941061019897
1906,0.007126418873667717,,596.9795563220978,26.037786960601807
1907,0.00632323557510972,,597.2867596149445,26.04865002632141
1908,0.006710891146212816,,597.5968012809753,26.059521198272705
1909,0.006308078300207853,,597.9059062004089,26.07037115097046
1910,0.00788726843893528,,598.2131361961365,26.08122229576111
1911,0.0072358958423137665,,598.5223610401154,26.092077255249023
1912,0.00937504693865776,,598.8321995735168,26.102919578552246
1913,0.013821861706674099,,599.1418571472168,26.113773107528687
1914,0.01954745501279831,,599.449104309082,26.12462091445923
1915,0.018345290794968605,,599.7577269077301,26.135480165481567
1916,0.016920501366257668,,600.0661954879761,26.14634132385254
1917,0.007446052506566048,,600.3746478557587,26.157195806503296
1918,0.013202694244682789,,600.6835038661957,26.168052196502686
1919,0.014070925302803516,,600.9927361011505,26.178916692733765
1920,0.009287097491323948,,601.3028094768524,26.18977451324463
1921,0.011769773438572884,,601.6117031574249,26.200627088546753
1922,0.009543253108859062,,601.9214713573456,26.211480379104614
1923,0.00934309046715498,,602.2328839302063,26.222355127334595
1924,0.008776633068919182,,602.5418241024017,26.23322033882141
1925,0.006333939265459776,,602.84992146492,26.24407172203064
1926,0.007203216664493084,,603.1574938297272,26.254923343658447
1927,0.00681931572034955,,603.4652166366577,26.26579523086548
1928,0.01093337219208479,,603.7748250961304,26.276651859283447
1929,0.007760959677398205,,604.084634065628,26.287511587142944
1930,0.006413920782506466,,604.3942058086395,26.29836106300354
1931,0.006382129620760679,,604.7067534923553,26.309203386306763
1932,0.011281082406640053,,605.0169820785522,26.320059061050415
1933,0.0068247574381530285,,605.3270735740662,26.330916166305542
1934,0.006315519567579031,,605.6355140209198,26.341763257980347
1935,0.010434669442474842,,605.9484646320343,26.35259985923767
1936,0.009400863200426102,,606.2560822963715,26.363457202911377
1937,0.008393759839236736,,606.5643227100372,26.374311685562134
1938,0.015206302516162395,,606.873437166214,26.38516640663147
1939,0.005732326302677393,,607.1824400424957,26.39601421356201
1940,0.011688857339322567,,607.4899790287018,26.406867265701294
1941,0.005893825087696314,,607.7977609634399,26.417720794677734
1942,0.003997376654297113,,608.1078884601593,26.42856764793396
1943,0.006238115020096302,,608.4181668758392,26.439419269561768
1944,0.007201038300991058,,608.7266004085541,26.450276851654053
1945,0.008594394661486149,,609.0364005565643,26.46114158630371
1946,0.022397033870220184,,609.3440930843353,26.471985340118408
1947,0.01137718465179205,,609.6534218788147,26.482850313186646
1948,0.0038566533476114273,,609.9620690345764,26.49370813369751
1949,0.005974589381366968,,610.2708003520966,26.504577159881592
1950,0.012200064957141876,,610.7484023571014,26.515427112579346
1951,0.008297396823763847,,611.058452129364,26.52628493309021
1952,0.010099328123033047,,611.3663120269775,26.537136793136597
1953,0.00823453813791275,,611.6735370159149,26.548001289367676
1954,0.009652351029217243,,611.9814102649689,26.558870792388916
1955,0.018518691882491112,,612.291665315628,26.569734573364258
1956,0.005230301525443792,,612.6016998291016,26.580596208572388
1957,0.004438457544893026,,612.909628868103,26.591443061828613
1958,0.009303130209445953,,613.2177278995514,26.602327585220337
1959,0.011935848742723465,,613.5271723270416,26.613184452056885
1960,0.004924608860164881,,613.8353915214539,26.624062061309814
1961,0.004502985626459122,,614.1439211368561,26.634917497634888
1962,0.008972400799393654,,614.4526488780975,26.64576745033264
1963,0.01122134830802679,,614.7606143951416,26.656639337539673
1964,0.008883804082870483,,615.0709929466248,26.66749119758606
1965,0.006401102524250746,,615.3777394294739,26.6783390045166
1966,0.006380703300237656,,615.687402009964,26.689185619354248
1967,0.007898160256445408,,615.9968271255493,26.700035095214844
1968,0.010039222426712513,,616.3052551746368,26.710890769958496
1969,0.006189865060150623,,616.614100933075,26.721742153167725
1970,0.008794755674898624,,616.92094373703,26.73261523246765
1971,0.010063707828521729,,617.2292969226837,26.743483781814575
1972,0.007373307831585407,,617.5369327068329,26.75432825088501
1973,0.008756637573242188,,617.8471121788025,26.76518177986145
1974,0.003959421068429947,,618.1540901660919,26.77604341506958
1975,0.007101931143552065,,618.4636805057526,26.78690004348755
1976,0.004549488890916109,,618.7720277309418,26.79776167869568
1977,0.00648563401773572,,619.0799224376678,26.80861735343933
1978,0.014580681920051575,,619.3872933387756,26.81946611404419
1979,0.006158364936709404,,619.6964733600616,26.830337047576904
1980,0.007140115834772587,,620.0050239562988,26.84120202064514
1981,0.018921835348010063,,620.3138744831085,26.852058172225952
1982,0.008279988542199135,,620.6229047775269,26.862926721572876
1983,0.006209883373230696,,620.932297706604,26.87380838394165
1984,0.011194389313459396,,621.240884065628,26.884673357009888
1985,0.007386942394077778,,621.5498170852661,26.895541667938232
1986,0.006565152667462826,,621.8580598831177,26.906397104263306
1987,0.007402882911264896,,622.1679444313049,26.9172580242157
1988,0.00651802122592926,,622.476672410965,26.928117275238037
1989,0.00902578979730606,,622.7873568534851,26.938987731933594
1990,0.004997105337679386,,623.0966467857361,26.949843883514404
1991,0.004140677396208048,,623.4066517353058,26.960689783096313
1992,0.007566668093204498,,623.7152128219604,26.97156023979187
1993,0.015448911115527153,,624.0244843959808,26.982423543930054
1994,0.01983458921313286,,624.33353972435,26.993284940719604
1995,0.006076965481042862,,624.6425609588623,27.004332304000854
1996,0.00769951893016696,,624.9520981311798,27.015189170837402
1997,0.006990619003772736,,625.2613487243652,27.02604866027832
1998,0.009058953262865543,,625.5700650215149,27.03691530227661
1999,0.006160515360534191,,625.8792943954468,27.047775268554688
2000,0.008518454618752003,0.00256606237962842,626.3593833446503,28.385549306869507
2001,0.005865348968654871,,626.6688113212585,28.396410703659058
2002,0.008761021308600903,,626.9767827987671,28.407262802124023
2003,0.008223860524594784,,627.2861363887787,28.41812515258789
2004,0.009594147093594074,,627.5950222015381,28.42897343635559
2005,0.00935131311416626,,627.9057624340057,28.43983244895935
2006,0.006861876230686903,,628.215861082077,28.45068669319153
2007,0.005120883230119944,,628.5239176750183,28.461536169052124
2008,0.017833257094025612,,628.8343939781189,28.47239351272583
2009,0.004167168401181698,,629.1444935798645,28.483250856399536
2010,0.007474501151591539,,629.4519934654236,28.494112491607666
2011,0.008817018009722233,,629.7604253292084,28.504960298538208
2012,0.020059488713741302,,630.068553686142,28.515819311141968
2013,0.010731576941907406,,630.3770685195923,28.526676177978516
2014,0.01774420775473118,,630.6852760314941,28.537524461746216
2015,0.012712923809885979,,630.9941596984863,28.548383474349976
2016,0.006135827396064997,,631.300861120224,28.559231996536255
2017,0.003617477137595415,,631.6128261089325,28.570104122161865
2018,0.0067394934594631195,,631.9213690757751,28.580959796905518
2019,0.0038091063033789396,,632.2288217544556,28.591822385787964
2020,0.004114985466003418,,632.5392689704895,28.602693557739258
2021,0.00391539977863431,,632.8477954864502,28.61354899406433
2022,0.0034680990502238274,,633.1573393344879,28.62440037727356
2023,0.0034902477636933327,,633.466171503067,28.635254383087158
2024,0.0046083820052444935,,633.775398015976,28.646116971969604
2025,0.016653353348374367,,634.0847465991974,28.65697956085205
2026,0.0030750897713005543,,634.395455121994,28.667834520339966
2027,0.0029100857209414244,,634.7049832344055,28.67868208885193
2028,0.003345677861943841,,635.0131487846375,28.689536571502686
2029,0.004254868719726801,,635.3229737281799,28.70039963722229
2030,0.003610784886404872,,635.6326303482056,28.711246013641357
2031,0.004828316159546375,,635.9431743621826,28.722087860107422
2032,0.00855044461786747,,636.2514822483063,28.732945680618286
2033,0.011020987294614315,,636.5613372325897,28.743796348571777
2034,0.00811055488884449,,636.8702437877655,28.75465226173401
2035,0.011622069403529167,,637.179178237915,28.76550555229187
2036,0.017900044098496437,,637.4884963035583,28.776370763778687
2037,0.003274455899372697,,637.7967896461487,28.787217140197754
2038,0.006635310128331184,,638.1053781509399,28.798076152801514
2039,0.004188681021332741,,638.4120244979858,28.808940172195435
2040,0.008531278930604458,,638.7216897010803,28.81980276107788
2041,0.01647297851741314,,639.0296897888184,28.830669403076172
2042,0.008387154899537563,,639.3387882709503,28.841528177261353
2043,0.005943188909441233,,639.6483845710754,28.85238027572632
2044,0.004913361743092537,,639.9557406902313,28.863258361816406
2045,0.0036729280836880207,,640.2647094726562,28.87411618232727
2046,0.0030578195583075285,,640.5725929737091,28.884969234466553
2047,0.0087279686704278,,640.883770942688,28.895830869674683
2048,0.007058294489979744,,641.1937277317047,28.9066903591156
2049,0.005397188011556864,,641.5054175853729,28.91755747795105
2050,0.006189280655235052,,641.9834034442902,28.928413152694702
2051,0.004249237477779388,,642.2924251556396,28.939271926879883
2052,0.005218295380473137,,642.6026508808136,28.95011568069458
2053,0.00704634003341198,,642.9112339019775,28.960971355438232
2054,0.0033711311407387257,,643.221351146698,28.971822500228882
2055,0.007815212942659855,,643.5305590629578,28.982675075531006
2056,0.010008009150624275,,643.8408432006836,28.99353528022766
2057,0.009921041317284107,,644.1484923362732,29.004388570785522
2058,0.010128216817975044,,644.4592080116272,29.015232801437378
2059,0.011686579324305058,,644.767157793045,29.02608633041382
2060,0.009688971564173698,,645.0760552883148,29.036943197250366
2061,0.013869899325072765,,645.3849582672119,29.04780149459839
2062,0.02384180948138237,,645.6944749355316,29.058643579483032
2063,0.008756209164857864,,646.0021278858185,29.06950092315674
2064,0.007215945050120354,,646.3111298084259,29.080337524414062
2065,0.01507272943854332,,646.6212592124939,29.091182470321655
2066,0.0062801591120660305,,646.9297966957092,29.102028131484985
2067,0.008271382190287113,,647.2384166717529,29.11287260055542
2068,0.009898041374981403,,647.5463664531708,29.123738765716553
2069,0.005610911641269922,,647.8560802936554,29.134588479995728
2070,0.01458492036908865,,648.1633110046387,29.14544153213501
2071,0.008098511956632137,,648.471536397934,29.15629768371582
2072,0.006140247918665409,,648.780478477478,29.167155504226685
2073,0.01043605525046587,,649.090024471283,29.178017616271973
2074,0.013125681318342686,,649.3984353542328,29.18887209892273
2075,0.004055461846292019,,649.7084894180298,29.199726819992065
2076,0.014694269746541977,,650.0170907974243,29.210591554641724
2077,0.006825531367212534,,650.325896024704,29.22144365310669
2078,0.007627931423485279,,650.6357231140137,29.232295989990234
2079,0.0028374886605888605,,650.9438121318817,29.243155002593994
2080,0.0039147124625742435,,651.2527401447296,29.254002332687378
2081,0.0059006535448133945,,651.5607950687408,29.26484489440918
2082,0.002828069496899843,,651.8690750598907,29.27570104598999
2083,0.003058824222534895,,652.1762218475342,29.286562204360962
2084,0.0025722519494593143,,652.4877586364746,29.297420024871826
2085,0.0065685235895216465,,652.7964186668396,29.30827784538269
2086,0.0029332605190575123,,653.1053261756897,29.319138050079346
2087,0.00591807346791029,,653.4134790897369,29.329999446868896
2088,0.0056711467914283276,,653.7240209579468,29.34084987640381
2089,0.010336345992982388,,654.032963514328,29.351712465286255
2090,0.010213254950940609,,654.3420877456665,29.362587928771973
2091,0.011388679966330528,,654.6497941017151,29.373451709747314
2092,0.01352955773472786,,654.96027135849,29.384321689605713
2093,0.01416027918457985,,655.2687537670135,29.395172595977783
2094,0.01636253297328949,,655.5765407085419,29.406025409698486
2095,0.013243874534964561,,655.8864471912384,29.416889190673828
2096,0.01653255522251129,,656.1966660022736,29.427751302719116
2097,0.008477075956761837,,656.5052962303162,29.438603401184082
2098,0.008836704306304455,,656.8148903846741,29.449458837509155
2099,0.004625711124390364,,657.1224641799927,29.460313320159912
2100,0.014400000683963299,,657.6014087200165,29.47116231918335
2101,0.004312889184802771,,657.9107105731964,29.482021808624268
2102,0.0037234905175864697,,658.221354007721,29.4928777217865
2103,0.01178785227239132,,658.5305407047272,29.503721714019775
2104,0.0074187275022268295,,658.8385722637177,29.51457405090332
2105,0.0038343947380781174,,659.1487669944763,29.525449514389038
2106,0.004265487194061279,,659.4579603672028,29.53630042076111
2107,0.01375697460025549,,659.7664124965668,29.54714798927307
2108,0.013690187595784664,,660.0740296840668,29.557994604110718
2109,0.010806743055582047,,660.382242679596,29.568841695785522
2110,0.013337614946067333,,660.6925010681152,29.579700469970703
2111,0.006530816201120615,,661.0031578540802,29.59054446220398
2112,0.00614919513463974,,661.3114626407623,29.601401805877686
2113,0.010782970115542412,,661.6209661960602,29.61225128173828
2114,0.00901080947369337,,661.929328918457,29.62311053276062
2115,0.006857933476567268,,662.237401008606,29.63395881652832
2116,0.0050058127380907536,,662.5448055267334,29.644814491271973
2117,0.0033207775559276342,,662.8518006801605,29.655674695968628
2118,0.005354149732738733,,663.1602087020874,29.666528940200806
2119,0.006369951646775007,,663.4686357975006,29.67738127708435
2120,0.009885609149932861,,663.777503490448,29.688239336013794
2121,0.0054671550169587135,,664.0873599052429,29.699094772338867
2122,0.007515009958297014,,664.3979439735413,29.709941864013672
2123,0.008339783176779747,,664.7077457904816,29.72078800201416
2124,0.016274895519018173,,665.0167105197906,29.731646299362183
2125,0.003442857414484024,,665.3272774219513,29.742510557174683
2126,0.0051747593097388744,,665.6356971263885,29.7533757686615
2127,0.007618056610226631,,665.9457478523254,29.76423215866089
2128,0.0034220668021589518,,666.2534353733063,29.775086164474487
2129,0.012109563685953617,,666.5635321140289,29.785934925079346
2130,0.007771129719913006,,666.8761112689972,29.796780109405518
2131,0.01424969732761383,,667.1862924098969,29.807635068893433
2132,0.0036999695003032684,,667.495368719101,29.81849455833435
2133,0.009885609149932861,,667.8043868541718,29.82935619354248
2134,0.014204499311745167,,668.1128425598145,29.840213775634766
2135,0.004098568577319384,,668.4217212200165,29.851072549819946
2136,0.004947117995470762,,668.7309308052063,29.861916542053223
2137,0.005785749293863773,,669.0392639636993,29.872765064239502
2138,0.005870772060006857,,669.3468663692474,29.88361096382141
2139,0.0058413343504071236,,669.6544282436371,29.89445662498474
2140,0.006909435149282217,,669.9642934799194,29.90532112121582
2141,0.007697795983403921,,670.2729094028473,29.91617202758789
2142,0.0034357947297394276,,670.5814409255981,29.927034378051758
2143,0.003991216421127319,,670.8907082080841,29.937896490097046
2144,0.003020612755790353,,671.1994431018829,29.9487624168396
2145,0.004977932665497065,,671.5085332393646,29.95961046218872
2146,0.012200890108942986,,671.8150720596313,29.970465183258057
2147,0.01554023940116167,,672.1247885227203,29.98132586479187
2148,0.010333738289773464,,672.4357883930206,29.99218487739563
2149,0.012205280363559723,,672.7452909946442,30.00304365158081
2150,0.009319988079369068,,673.2254412174225,30.01390504837036
2151,0.004949199501425028,,673.534637928009,30.02478265762329
2152,0.005458856467157602,,673.8428103923798,30.035671710968018
2153,0.006380076054483652,,674.1541187763214,30.046523571014404
2154,0.003219474805518985,,674.4640672206879,30.0573787689209
2155,0.004827540367841721,,674.7734613418579,30.06823468208313
2156,0.012368839234113693,,675.0817551612854,30.07908272743225
2157,0.0062583680264651775,,675.3896763324738,30.089927673339844
2158,0.0032456456683576107,,675.6991772651672,30.100780963897705
2159,0.005171279888600111,,676.0090637207031,30.111634731292725
2160,0.004933291580528021,,676.3204052448273,30.122484922409058
2161,0.00439232774078846,,676.629691362381,30.133361101150513
2162,0.0041541364043951035,,676.9368226528168,30.144227743148804
2163,0.011354922316968441,,677.2450816631317,30.155084133148193
2164,0.006919610779732466,,677.5569353103638,30.165942192077637
2165,0.0067074475809931755,,677.8681154251099,30.17679262161255
2166,0.020593784749507904,,678.1765489578247,30.187639236450195
2167,0.02428932674229145,,678.4874818325043,30.19849419593811
2168,0.02188500016927719,,678.7943227291107,30.209352493286133
2169,0.0072141303680837154,,679.101592540741,30.22022294998169
2170,0.0038841613568365574,,679.4102146625519,30.231075525283813
2171,0.00903344713151455,,679.7180383205414,30.241914987564087
2172,0.00819403026252985,,680.0264222621918,30.25276756286621
2173,0.004317175596952438,,680.3342163562775,30.263628482818604
2174,0.00832792092114687,,680.6428437232971,30.274487495422363
2175,0.004339414648711681,,680.9522595405579,30.285340547561646
2176,0.005078280344605446,,681.2623147964478,30.296181440353394
2177,0.0033778587821871042,,681.569253206253,30.307016372680664
2178,0.0033200064208358526,,681.8773717880249,30.31786847114563
2179,0.008060098625719547,,682.1902761459351,30.328735828399658
2180,0.008065382018685341,,682.5016055107117,30.339601755142212
2181,0.006562545895576477,,682.8090176582336,30.350459098815918
2182,0.013625677675008774,,683.1184892654419,30.361300468444824
2183,0.00396556593477726,,683.4269149303436,30.37215518951416
2184,0.003653409890830517,,683.7355628013611,30.383009910583496
2185,0.003764872904866934,,684.0432567596436,30.393875122070312
2186,0.005735189188271761,,684.3536555767059,30.404722213745117
2187,0.0040330602787435055,,684.6627666950226,30.415581703186035
2188,0.005637812428176403,,684.9716005325317,30.42645001411438
2189,0.0033157074358314276,,685.2817847728729,30.437312126159668
2190,0.004172949120402336,,685.593747138977,30.448174953460693
2191,0.008260459639132023,,685.9031431674957,30.459033966064453
2192,0.014805581420660019,,686.2126774787903,30.469887495040894
2193,0.007369966711848974,,686.5224049091339,30.480745315551758
2194,0.00857213232666254,,686.8313801288605,30.491620302200317
2195,0.006208089645951986,,687.1411113739014,30.502473831176758
2196,0.00333368475548923,,687.4489192962646,30.513338088989258
2197,0.005803381558507681,,687.7590835094452,30.52419424057007
2198,0.008416295982897282,,688.0682637691498,30.535046577453613
2199,0.011020987294614315,,688.3785488605499,30.545891523361206
2200,0.005285926163196564,,688.8591499328613,30.556742429733276
2201,0.00846294965595007,,689.1678173542023,30.567596912384033
2202,0.004440492484718561,,689.4768602848053,30.578452587127686
2203,0.0030720888171344995,,689.7862176895142,30.589304208755493
2204,0.0037018058355897665,,690.0949158668518,30.600163221359253
2205,0.007189816329628229,,690.4066548347473,30.611025094985962
2206,0.006370907183736563,,690.7152187824249,30.621870517730713
2207,0.007998893037438393,,691.0242781639099,30.63272452354431
2208,0.0031011130195111036,,691.3333156108856,30.643587112426758
2209,0.004433674272149801,,691.6428427696228,30.654449939727783
2210,0.009462624788284302,,691.9523849487305,30.6653094291687
2211,0.0036239312030375004,,692.2604019641876,30.676159381866455
2212,0.0072578913532197475,,692.5696024894714,30.68701457977295
2213,0.009729772806167603,,692.8771576881409,30.697890996932983
2214,0.006406546104699373,,693.1893212795258,30.70875597000122
2215,0.004778791684657335,,693.4981000423431,30.71960973739624
2216,0.0028317279648035765,,693.8072543144226,30.730456590652466
2217,0.0069999960251152515,,694.1168451309204,30.741326570510864
2218,0.008471676148474216,,694.4286074638367,30.75218367576599
2219,0.014605220407247543,,694.7380001544952,30.763039350509644
2220,0.0054381974041461945,,695.047816991806,30.77389121055603
2221,0.003647743258625269,,695.3571035861969,30.784749507904053
2222,0.004683563485741615,,695.6694710254669,30.795604944229126
2223,0.0037186676636338234,,695.9790601730347,30.806460857391357
2224,0.0033406070433557034,,696.2861313819885,30.817315816879272
2225,0.012668399140238762,,696.5950064659119,30.828194856643677
2226,0.013581153005361557,,696.9056475162506,30.839046478271484
2227,0.007837475277483463,,697.2139782905579,30.84990906715393
2228,0.0032944749109447002,,697.5217461585999,30.86075735092163
2229,0.004244718234986067,,697.8300621509552,30.871602535247803
2230,0.005977121647447348,,698.1385486125946,30.882465362548828
2231,0.012445775792002678,,698.4471936225891,30.893312215805054
2232,0.009423376061022282,,698.7587268352509,30.90415358543396
2233,0.00501534016802907,,699.0681376457214,30.91500997543335
2234,0.004334448836743832,,699.3774104118347,30.925868034362793
2235,0.005798326805233955,,699.6874575614929,30.93671464920044
2236,0.003900066716596484,,699.9952437877655,30.94757342338562
2237,0.014961417764425278,,700.3038182258606,30.9584219455719
2238,0.029788121581077576,,700.6133530139923,30.96927547454834
2239,0.012957809492945671,,700.9237697124481,30.980127811431885
2240,0.003667204175144434,,701.232715845108,30.990984439849854
2241,0.007604032754898071,,701.5412764549255,31.001837968826294
2242,0.00640036491677165,,701.8505494594574,31.01269006729126
2243,0.01717011258006096,,702.1578130722046,31.023529291152954
2244,0.012221910059452057,,702.4669418334961,31.03437852859497
2245,0.007407418917864561,,702.7762913703918,31.04522681236267
2246,0.0029844397213310003,,703.0870063304901,31.0560941696167
2247,0.006363294553011656,,703.3957238197327,31.06694793701172
2248,0.0060545275919139385,,703.7034327983856,31.077810525894165
2249,0.003788547357544303,,704.0140752792358,31.088659286499023
2250,0.0072617861442267895,,704.4937195777893,31.0995192527771
2251,0.004336236510425806,,704.8017349243164,31.11037564277649
2252,0.0030710480641573668,,705.1082637310028,31.121225357055664
2253,0.007436753250658512,,705.4162924289703,31.13208031654358
2254,0.016252633184194565,,705.7258570194244,31.142934322357178
2255,0.012312201783061028,,706.0349009037018,31.15379309654236
2256,0.004984958562999964,,706.3428733348846,31.164642333984375
2257,0.012223152443766594,,706.6535065174103,31.17548680305481
2258,0.008683444000780582,,706.9617671966553,31.18634843826294
2259,0.009195476770401001,,707.2713408470154,31.197213172912598
2260,0.002820474561303854,,707.5788056850433,31.20809268951416
2261,0.003304358571767807,,707.8886346817017,31.218945264816284
2262,0.006355441175401211,,708.1979191303253,31.229788303375244
2263,0.01729896292090416,,708.506463766098,31.240638971328735
2264,0.012468038126826286,,708.8150563240051,31.251487493515015
2265,0.011822431348264217,,709.123428106308,31.262336492538452
2266,0.003467574017122388,,709.4321255683899,31.273188591003418
2267,0.009106427431106567,,709.7397925853729,31.284035444259644
2268,0.0049405829049646854,,710.0465540885925,31.294886589050293
2269,0.007386414334177971,,710.3558120727539,31.30573797225952
2270,0.003386568510904908,,710.664555311203,31.316593647003174
2271,0.016386207193136215,,710.9726943969727,31.327444553375244
2272,0.008708812296390533,,711.2842228412628,31.33830738067627
2273,0.007898470386862755,,711.5947914123535,31.349170446395874
2274,0.005425373092293739,,711.9039578437805,31.360031366348267
2275,0.009875393472611904,,712.210785150528,31.370872735977173
2276,0.01059743482619524,,712.5180859565735,31.38172745704651
2277,0.014516171999275684,,712.8260259628296,31.392582654953003
2278,0.02542470581829548,,713.1354310512543,31.40342378616333
2279,0.025070689618587494,,713.4428067207336,31.414268493652344
2280,0.028902530670166016,,713.750125169754,31.425116300582886
2281,0.01569920964539051,,714.0607011318207,31.43596911430359
2282,0.013128423132002354,,714.3689517974854,31.446819067001343
2283,0.03744635730981827,,714.6784760951996,31.45766282081604
2284,0.05144936591386795,,714.9866578578949,31.46851348876953
2285,0.012488065287470818,,715.2954595088959,31.479371309280396
2286,0.004953746683895588,,715.6043491363525,31.490229845046997
2287,0.003874538466334343,,715.9141085147858,31.501082181930542
2288,0.006929574999958277,,716.2218341827393,31.51192855834961
2289,0.005675904452800751,,716.5313730239868,31.522784948349
2290,0.015495714731514454,,716.8408310413361,31.53362774848938
2291,0.012089578434824944,,717.1474668979645,31.54447364807129
2292,0.015807386487722397,,717.4560050964355,31.55533242225647
2293,0.009849187918007374,,717.7660796642303,31.566192150115967
2294,0.008701582439243793,,718.0745856761932,31.577057600021362
2295,0.010019182227551937,,718.3832368850708,31.587921380996704
2296,0.006889736279845238,,718.6938760280609,31.598780155181885
2297,0.012801973149180412,,719.0035984516144,31.609633207321167
2298,0.005823993589729071,,719.3124463558197,31.62049412727356
2299,0.004365075379610062,,719.6202609539032,31.63133931159973
2300,0.004593541845679283,,720.0983793735504,31.642191648483276
2301,0.0033351099118590355,,720.4105253219604,31.65304660797119
2302,0.0031831783708184958,,720.7193195819855,31.663894414901733
2303,0.004100349266082048,,721.028493642807,31.674747467041016
2304,0.007481277920305729,,721.3369300365448,31.685616731643677
2305,0.003917012829333544,,721.6460676193237,31.696471214294434
2306,0.0040713464841246605,,721.9541120529175,31.707323789596558
2307,0.007614852860569954,,722.2639610767365,31.718177795410156
2308,0.005439999047666788,,722.5716216564178,31.72904324531555
2309,0.005832435563206673,,722.8808660507202,31.739896535873413
2310,0.004982471466064453,,723.1890707015991,31.750755071640015
2311,0.0077403453178703785,,723.496818780899,31.761605739593506
2312,0.011487670242786407,,723.8054873943329,31.772464275360107
2313,0.004378712736070156,,724.1147210597992,31.783324718475342
2314,0.00768099632114172,,724.423336982727,31.794187307357788
2315,0.005480794236063957,,724.7310016155243,31.805034637451172
2316,0.00837177038192749,,725.0414304733276,31.815890073776245
2317,0.005130399018526077,,725.3512418270111,31.826728343963623
2318,0.008884478360414505,,725.6597819328308,31.837574005126953
2319,0.007302354089915752,,725.967447757721,31.848426342010498
2320,0.012020514346659184,,726.2758905887604,31.859283685684204
2321,0.00349447107873857,,726.5887658596039,31.870136260986328
2322,0.0032137855887413025,,726.8977882862091,31.880995512008667
2323,0.0027703361120074987,,727.2062380313873,31.891857385635376
2324,0.0030399325769394636,,727.5143887996674,31.902703285217285
2325,0.0059006535448133945,,727.8250176906586,31.913564205169678
2326,0.007718346547335386,,728.1337985992432,31.92443871498108
2327,0.006209440529346466,,728.4416699409485,31.935293197631836
2328,0.006959879770874977,,728.7502036094666,31.94613528251648
2329,0.0041733551770448685,,729.0591037273407,31.95700192451477
2330,0.004528217017650604,,729.3659718036652,31.967843770980835
2331,0.007422089111059904,,729.674179315567,31.978716135025024
2332,0.006731555797159672,,729.9816012382507,31.989574909210205
2333,0.0033354605548083782,,730.2902414798737,32.00042390823364
2334,0.004457662347704172,,730.5980167388916,32.011281967163086
2335,0.007971049286425114,,730.9060065746307,32.022135496139526
2336,0.011516819708049297,,731.2142956256866,32.03298091888428
2337,0.007759361062198877,,731.5260071754456,32.043843507766724
2338,0.010546867735683918,,731.8351349830627,32.05469107627869
2339,0.01800665818154812,,732.1439318656921,32.065552949905396
2340,0.010596070438623428,,732.4514513015747,32.076398611068726
2341,0.0031357884872704744,,732.7605693340302,32.087265491485596
2342,0.005067984573543072,,733.068461894989,32.098114252090454
2343,0.0036748454440385103,,733.3758752346039,32.108970403671265
2344,0.011153536848723888,,733.6839423179626,32.11982822418213
2345,0.0033256991300731897,,733.9936051368713,32.13067674636841
2346,0.0035500710364431143,,734.301840543747,32.141531467437744
2347,0.0073452298529446125,,734.6082277297974,32.15238404273987
2348,0.005519404076039791,,734.916647195816,32.163233041763306
2349,0.006297687534242868,,735.2242176532745,32.17408466339111
2350,0.00990244559943676,,735.7040104866028,32.18493676185608
2351,0.005549384746700525,,736.0131938457489,32.19578194618225
2352,0.015228564850986004,,736.3221411705017,32.206639528274536
2353,0.017254438251256943,,736.6303150653839,32.21748399734497
2354,0.02273096702992916,,736.9402751922607,32.228342056274414
2355,0.004235801286995411,,737.2480018138885,32.23919105529785
2356,0.004470200277864933,,737.5591869354248,32.25005745887756
2357,0.006932622287422419,,737.8661499023438,32.2609167098999
2358,0.006301375571638346,,738.1753354072571,32.2717604637146
2359,0.006450194865465164,,738.4837353229523,32.282628297805786
2360,0.003691923338919878,,738.79256939888,32.29349899291992
2361,0.00449919980019331,,739.1015319824219,32.304356813430786
2362,0.0032379033509641886,,739.4129860401154,32.31521534919739
2363,0.009504871442914009,,739.722412109375,32.32606816291809
2364,0.004516292363405228,,740.0318217277527,32.33691954612732
2365,0.0033602986950427294,,740.3410408496857,32.34776210784912
2366,0.0036928437184542418,,740.6508383750916,32.358614683151245
2367,0.005441657267510891,,740.9592943191528,32.369469165802
2368,0.004971282556653023,,741.2693848609924,32.380316734313965
2369,0.008616656996309757,,741.5775053501129,32.39116287231445
2370,0.006679074838757515,,741.885190486908,32.402005195617676
2371,0.008117793127894402,,742.1933596134186,32.41286492347717
2372,0.005404557567089796,,742.5015892982483,32.42372536659241
2373,0.0060104792937636375,,742.8103652000427,32.43458294868469
2374,0.003573674475774169,,743.1180529594421,32.44542908668518
2375,0.007205743808299303,,743.4266948699951,32.456298828125
2376,0.003788418835029006,,743.7383482456207,32.467146158218384
2377,0.006813409272581339,,744.0458929538727,32.47799730300903
2378,0.005866137333214283,,744.3548049926758,32.48884630203247
2379,0.005619469098746777,,744.6631813049316,32.49968385696411
2380,0.006501736119389534,,744.9737415313721,32.51054286956787
2381,0.0030637900345027447,,745.2825245857239,32.52139639854431
2382,0.004988742992281914,,745.591558933258,32.53224492073059
2383,0.007860607467591763,,745.89910197258,32.54310321807861
2384,0.003964680712670088,,746.20934009552,32.55395698547363
2385,0.003945684526115656,,746.5184259414673,32.56480264663696
2386,0.004872065503150225,,746.8276660442352,32.57566428184509
2387,0.010264742188155651,,747.1342868804932,32.5865159034729
2388,0.02134842611849308,,747.4442296028137,32.59736442565918
2389,0.014491632580757141,,747.7534484863281,32.60822343826294
2390,0.003446461632847786,,748.061943769455,32.61909604072571
2391,0.006130791734904051,,748.3703219890594,32.62994956970215
2392,0.0031985922250896692,,748.6814858913422,32.64081788063049
2393,0.00645070243626833,,748.9895782470703,32.651668548583984
2394,0.007704771123826504,,749.2979483604431,32.66251540184021
2395,0.003839309560135007,,749.605545759201,32.6733820438385
2396,0.0031202021054923534,,749.9145059585571,32.68425107002258
2397,0.0039844815619289875,,750.2214403152466,32.695103883743286
2398,0.004747853614389896,,750.5311181545258,32.705952405929565
2399,0.008883804082870483,,750.8421442508698,32.71680998802185
2400,0.005189577117562294,,751.3234293460846,32.72766923904419
2401,0.008343111723661423,,751.6319947242737,32.73852205276489
2402,0.003430608892813325,,751.940110206604,32.74937605857849
2403,0.00447118328884244,,752.250230550766,32.7602219581604
2404,0.003793794894590974,,752.5590028762817,32.771085023880005
2405,0.00307477917522192,,752.8680286407471,32.78193211555481
2406,0.005085536744445562,,753.1755564212799,32.792776346206665
2407,0.004200649447739124,,753.487066745758,32.80364203453064
2408,0.002802120754495263,,753.796822309494,32.81449747085571
2409,0.003086139913648367,,754.1067793369293,32.825347661972046
2410,0.0033017443493008614,,754.416871547699,32.836209774017334
2411,0.011176823638379574,,754.7272465229034,32.847066164016724
2412,0.012089578434824944,,755.0343265533447,32.85793423652649
2413,0.022953590378165245,,755.3407504558563,32.868791341781616
2414,0.014382597990334034,,755.6504611968994,32.87965536117554
2415,0.015451190061867237,,755.9604082107544,32.89052605628967
2416,0.004640473052859306,,756.2680721282959,32.901379346847534
2417,0.0033691395074129105,,756.5759310722351,32.91224384307861
2418,0.006269149947911501,,756.8844096660614,32.92309093475342
2419,0.007586699444800615,,757.192040681839,32.93395113945007
2420,0.009928328916430473,,757.4992964267731,32.944801330566406
2421,0.01787778176367283,,757.8071205615997,32.95565700531006
2422,0.022241197526454926,,758.1159977912903,32.96651029586792
2423,0.008839279413223267,,758.4238588809967,32.97736310958862
2424,0.009729772806167603,,758.7332255840302,32.98820972442627
2425,0.0030117412097752094,,759.0422742366791,32.999056339263916
2426,0.003922536503523588,,759.3511497974396,33.00991153717041
2427,0.004332836717367172,,759.6593656539917,33.02076745033264
2428,0.005511755123734474,,759.9696877002716,33.031620502471924
2429,0.0025361545849591494,,760.2768635749817,33.04247856140137
2430,0.0030939991120249033,,760.5841081142426,33.05331826210022
2431,0.007813150063157082,,760.8930630683899,33.06416869163513
2432,0.005945178214460611,,761.2003827095032,33.07501721382141
2433,0.02135070413351059,,761.5084869861603,33.08587193489075
2434,0.005410882644355297,,761.8170371055603,33.09670805931091
2435,0.002778685884550214,,762.1274728775024,33.10757255554199
2436,0.006679834332317114,,762.4361429214478,33.11842918395996
2437,0.013848302885890007,,762.7444117069244,33.12929105758667
2438,0.0035525336861610413,,763.0529510974884,33.14014196395874
2439,0.00439364043995738,,763.3624722957611,33.150984048843384
2440,0.006764756981283426,,763.6710839271545,33.16184592247009
2441,0.009699142538011074,,763.9824662208557,33.172714710235596
2442,0.011288899928331375,,764.2912406921387,33.183568239212036
2443,0.007833711802959442,,764.6018950939178,33.1944305896759
2444,0.009314579889178276,,764.9113245010376,33.20527911186218
2445,0.0036485663149505854,,765.2189562320709,33.21613812446594
2446,0.007357338443398476,,765.5265829563141,33.22699546813965
2447,0.00890735536813736,,765.8358216285706,33.23783802986145
2448,0.007385327480733395,,766.1442668437958,33.24868726730347
2449,0.0045619383454322815,,766.4534595012665,33.259533405303955
2450,0.005956663284450769,,766.9332709312439,33.27037501335144
2451,0.0053086355328559875,,767.2414557933807,33.281224966049194
2452,0.008607998490333557,,767.551628112793,33.29208469390869
2453,0.004639588296413422,,767.8597993850708,33.30293679237366
2454,0.0024255351163446903,,768.1678268909454,33.31379151344299
2455,0.003496006829664111,,768.4772777557373,33.32464790344238
2456,0.005780731327831745,,768.7852659225464,33.33550000190735
2457,0.0095493970438838,,769.0930655002594,33.346354246139526
2458,0.0033884267322719097,,769.4046506881714,33.35720205307007
2459,0.010731576941907406,,769.714417219162,33.3680579662323
2460,0.004142838530242443,,770.022702217102,33.37891364097595
2461,0.004047444090247154,,770.3312766551971,33.38975477218628
2462,0.008111022412776947,,770.6435084342957,33.400607109069824
2463,0.008201396092772484,,770.9542489051819,33.411461353302
2464,0.0031881914474070072,,771.263500213623,33.42234134674072
2465,0.003604393219575286,,771.5719544887543,33.433199644088745
2466,0.0065814778208732605,,771.8812773227692,33.4440553188324
2467,0.00618122611194849,,772.1898109912872,33.454909801483154
2468,0.0061213355511426926,,772.4979581832886,33.46576809883118
2469,0.012933270074427128,,772.8104152679443,33.476640939712524
2470,0.006172987632453442,,773.119654417038,33.48748445510864
2471,0.0029493668116629124,,773.4289436340332,33.49833941459656
2472,0.005474264267832041,,773.7397704124451,33.509193420410156
2473,0.008058506064116955,,774.0486261844635,33.520039081573486
2474,0.008736100047826767,,774.3567326068878,33.53090167045593
2475,0.008729623630642891,,774.6650695800781,33.5417537689209
2476,0.015368891879916191,,774.9740500450134,33.55260229110718
2477,0.015883373096585274,,775.2842035293579,33.56345272064209
2478,0.008218036964535713,,775.5931107997894,33.57432198524475
2479,0.0033002356067299843,,775.9018869400024,33.58517932891846
2480,0.00318624428473413,,776.2116632461548,33.596028089523315
2481,0.005113496910780668,,776.5205590724945,33.6068754196167
2482,0.006595510523766279,,776.8272960186005,33.61772012710571
2483,0.01157754473388195,,777.1373291015625,33.62856841087341
2484,0.006071062758564949,,777.4448583126068,33.639432191848755
2485,0.016720140352845192,,777.7539260387421,33.650290727615356
2486,0.006223219912499189,,778.0633709430695,33.66114354133606
2487,0.007083232514560223,,778.3733055591583,33.67199182510376
2488,0.00757033983245492,,778.6817066669464,33.68285369873047
2489,0.00562470406293869,,778.9901351928711,33.69369435310364
2490,0.006801591720432043,,779.2987606525421,33.7045533657074
2491,0.006669940892606974,,779.609274148941,33.71539926528931
2492,0.0042482963763177395,,779.9198656082153,33.726253032684326
2493,0.0055206106044352055,,780.2298412322998,33.737109899520874
2494,0.014338073320686817,,780.5383110046387,33.74795126914978
2495,0.005408408120274544,,780.8493659496307,33.758803367614746
2496,0.005517708137631416,,781.1581482887268,33.769662618637085
2497,0.0028128360863775015,,781.4675512313843,33.78051257133484
2498,0.005431346595287323,,781.777174949646,33.79136943817139
2499,0.0026083718985319138,,782.0862686634064,33.80222225189209
2500,0.00498320022597909,0.0022938416805118322,782.5645537376404,35.140201807022095
2501,0.007256127428263426,,782.8744876384735,35.15104627609253
2502,0.008109898306429386,,783.1829235553741,35.16189670562744
2503,0.007836881093680859,,783.4911603927612,35.17275929450989
2504,0.011073170229792595,,783.798499584198,35.18362641334534
2505,0.013246554881334305,,784.1086864471436,35.19447660446167
2506,0.01375697460025549,,784.4176554679871,35.205347776412964
2507,0.008860877715051174,,784.725878238678,35.21620988845825
2508,0.0054608178324997425,,785.034948348999,35.22706604003906
2509,0.009462624788284302,,785.3441874980927,35.237937450408936
2510,0.0028103142976760864,,785.6539742946625,35.24879598617554
2511,0.0036751595325767994,,785.9622926712036,35.25963377952576
2512,0.002706433180719614,,786.2714877128601,35.27048373222351
2513,0.003342107869684696,,786.5825209617615,35.28133821487427
2514,0.005850702989846468,,786.8921849727631,35.292187213897705
2515,0.005818800535053015,,787.200309753418,35.303030490875244
2516,0.0073330397717654705,,787.5078816413879,35.313883543014526
2517,0.003123903414234519,,787.8178067207336,35.32475543022156
2518,0.0031610180158168077,,788.1264233589172,35.33561110496521
2519,0.002631074283272028,,788.4351513385773,35.3464629650116
2520,0.004251787438988686,,788.7440023422241,35.3573260307312
2521,0.004648537840694189,,789.0524482727051,35.36817908287048
2522,0.002765385899692774,,789.3590116500854,35.37904095649719
2523,0.0037411970552057028,,789.6665616035461,35.38988375663757
2524,0.0023901332169771194,,789.9750006198883,35.400736808776855
2525,0.003280221950262785,,790.2852387428284,35.4115788936615
2526,0.002427732339128852,,790.5945465564728,35.4224328994751
2527,0.004267010372132063,,790.9030969142914,35.43329095840454
2528,0.014627482742071152,,791.2125809192657,35.44413733482361
2529,0.002660091035068035,,791.5231039524078,35.45499634742737
2530,0.004118213430047035,,791.8344469070435,35.46583938598633
2531,0.010929660871624947,,792.1426255702972,35.47670006752014
2532,0.006879350636154413,,792.4498627185822,35.48754930496216
2533,0.002294449834153056,,792.7603178024292,35.49841070175171
2534,0.0071939690969884396,,793.0702226161957,35.50926733016968
2535,0.005877103190869093,,793.3806293010712,35.52013039588928
2536,0.008169133216142654,,793.689343214035,35.530988454818726
2537,0.010150479152798653,,793.9994804859161,35.54183912277222
2538,0.002737279748544097,,794.3070528507233,35.55269241333008
2539,0.0052831959910690784,,794.6141438484192,35.56355261802673
2540,0.004401466343551874,,794.9220044612885,35.57441329956055
2541,0.00523278396576643,,795.2337961196899,35.58528184890747
2542,0.008060098625719547,,795.5427551269531,35.59614062309265
2543,0.005052211228758097,,795.8524804115295,35.606992959976196
2544,0.016539765521883965,,796.161689043045,35.61785006523132
2545,0.0032731820829212666,,796.4695394039154,35.628724336624146
2546,0.008948314003646374,,796.7773039340973,35.639575242996216
2547,0.003933303989470005,,797.088650226593,35.65042066574097
2548,0.011419432237744331,,797.3959257602692,35.66127681732178
2549,0.003578729694709182,,797.7059955596924,35.67214775085449
2550,0.0027977325953543186,,798.185250043869,35.683024168014526
2551,0.0025213647168129683,,798.4944751262665,35.69387984275818
2552,0.00429535424336791,,798.8065910339355,35.70473003387451
2553,0.009173214435577393,,799.1157402992249,35.715577125549316
2554,0.005611243192106485,,799.4244000911713,35.726436376571655
2555,0.007394842803478241,,799.7310409545898,35.73728394508362
2556,0.007684172131121159,,800.0407888889313,35.74814438819885
2557,0.007267471868544817,,800.3507478237152,35.75899577140808
2558,0.005592476576566696,,800.6593656539917,35.76986336708069
2559,0.00801557395607233,,800.9673895835876,35.78070855140686
2560,0.0036846213042736053,,801.2775795459747,35.79157280921936
2561,0.011542516760528088,,801.586995601654,35.80243182182312
2562,0.010060202330350876,,801.8969917297363,35.81328535079956
2563,0.00820290669798851,,802.2048749923706,35.824140310287476
2564,0.008601494133472443,,802.5146636962891,35.83499813079834
2565,0.005995145533233881,,802.822988986969,35.84584331512451
2566,0.008882013149559498,,803.1311435699463,35.85669469833374
2567,0.004757152404636145,,803.439914226532,35.86754608154297
2568,0.007879430428147316,,803.7491083145142,35.87839961051941
2569,0.0032026516273617744,,804.0590229034424,35.88924860954285
2570,0.013892827555537224,,804.3679337501526,35.90008854866028
2571,0.002625622320920229,,804.6762571334839,35.91093993186951
2572,0.010842889547348022,,804.9857506752014,35.92181587219238
2573,0.02132844179868698,,805.2936999797821,35.932673931121826
2574,0.010887413285672665,,805.6024520397186,35.94353747367859
2575,0.00495758093893528,,805.9138216972351,35.954394578933716
2576,0.008205779828131199,,806.2244942188263,35.96525764465332
2577,0.010587998665869236,,806.5342602729797,35.97610807418823
2578,0.007163317874073982,,806.8426659107208,35.98694705963135
2579,0.010302586480975151,,807.1503925323486,35.997814893722534
2580,0.011607598513364792,,807.4616456031799,36.008668422698975
2581,0.008768552914261818,,807.7710475921631,36.01951861381531
2582,0.008683444000780582,,808.0806291103363,36.03037786483765
2583,0.006946982815861702,,808.3891317844391,36.04124331474304
2584,0.004748295992612839,,808.6981782913208,36.0520977973938
2585,0.002344828797504306,,809.0074820518494,36.06295466423035
2586,0.002784455195069313,,809.3164222240448,36.073806047439575
2587,0.004108034539967775,,809.6229145526886,36.08465003967285
2588,0.0029197167605161667,,809.933756351471,36.09552216529846
2589,0.00515825767070055,,810.2418518066406,36.1063916683197
2590,0.003660778747871518,,810.5516104698181,36.117250204086304
2591,0.009640723466873169,,810.8612689971924,36.128098011016846
2592,0.011265872977674007,,811.1701288223267,36.13895320892334
2593,0.01231091283261776,,811.4778699874878,36.14980626106262
2594,0.009056135080754757,,811.7858061790466,36.160674810409546
2595,0.009187992662191391,,812.0948023796082,36.17153286933899
2596,0.0060267141088843346,,812.4048011302948,36.18238282203674
2597,0.016809189692139626,,812.7136569023132,36.193241596221924
2598,0.026715921238064766,,813.0226929187775,36.20409154891968
2599,0.011154561303555965,,813.3303627967834,36.21496105194092
2600,0.00371563876979053,,813.8103637695312,36.22583246231079
2601,0.010776101611554623,,814.119054555893,36.23668360710144
2602,0.007257810328155756,,814.4278266429901,36.24752902984619
2603,0.0035084050614386797,,814.7356517314911,36.25838017463684
2604,0.005384779069572687,,815.0431342124939,36.269232988357544
2605,0.005633505526930094,,815.3511371612549,36.28008699417114
2606,0.005313088186085224,,815.6597032546997,36.290942668914795
2607,0.010776101611554623,,815.9707109928131,36.30179810523987
2608,0.013158169575035572,,816.2786688804626,36.31264877319336
2609,0.010019182227551937,,816.5874931812286,36.323516607284546
2610,0.013069120235741138,,816.8978321552277,36.334367990493774
2611,0.00948488712310791,,817.2074344158173,36.34522008895874
2612,0.009395837783813477,,817.5169293880463,36.35608696937561
2613,0.004191930405795574,,817.8250839710236,36.366944551467896
2614,0.011755644343793392,,818.1315863132477,36.3777961730957
2615,0.00405356427654624,,818.4408588409424,36.388644218444824
2616,0.0044325594790279865,,818.7515358924866,36.39951539039612
2617,0.005188259296119213,,819.0623953342438,36.41037678718567
2618,0.0038092141039669514,,819.3716292381287,36.42121982574463
2619,0.006501736119389534,,819.6787867546082,36.43206477165222
2620,0.011488495394587517,,819.987987279892,36.44292593002319
2621,0.009173214435577393,,820.2966136932373,36.45377969741821
2622,0.00578934233635664,,820.6064922809601,36.46463918685913
2623,0.009885609149932861,,820.9157321453094,36.475480794906616
2624,0.006158243864774704,,821.224454164505,36.48634362220764
2625,0.012891022488474846,,821.5329029560089,36.4972140789032
2626,0.011733382008969784,,821.8411455154419,36.508063554763794
2627,0.011911480687558651,,822.1512076854706,36.51891541481018
2628,0.0043480731546878815,,822.4593884944916,36.5297737121582
2629,0.010842889547348022,,822.7676026821136,36.54063534736633
2630,0.0033961907029151917,,823.0766758918762,36.551493406295776
2631,0.009349036030471325,,823.3857138156891,36.56235885620117
2632,0.007475530728697777,,823.6958453655243,36.57320857048035
2633,0.009018361568450928,,824.0051176548004,36.584073305130005
2634,0.005681314505636692,,824.3124203681946,36.59492111206055
2635,0.0029443041421473026,,824.6224508285522,36.6057870388031
2636,0.010753839276731014,,824.9330155849457,36.616623878479004
2637,0.013841637410223484,,825.2416634559631,36.62747073173523
2638,0.003993030171841383,,825.5504841804504,36.6383261680603
2639,0.002425737679004669,,825.8617067337036,36.649173736572266
2640,0.0032158372923731804,,826.1700506210327,36.660019636154175
2641,0.0060916258953511715,,826.4787011146545,36.67086863517761
2642,0.010189328342676163,,826.7856113910675,36.68171501159668
2643,0.005504091735929251,,827.0955295562744,36.69256901741028
2644,0.0027852384373545647,,827.4045648574829,36.70342659950256
2645,0.006857933476567268,,827.7134923934937,36.71428823471069
2646,0.008282758295536041,,828.0225448608398,36.725146770477295
2647,0.007869471795856953,,828.3315992355347,36.73599600791931
2648,0.005040119867771864,,828.6409924030304,36.74685621261597
2649,0.005258122459053993,,828.9496173858643,36.757702589035034
2650,0.008392324671149254,,829.4278652667999,36.76853680610657
2651,0.016161305829882622,,829.7371442317963,36.77939200401306
2652,0.014990846626460552,,830.046037197113,36.790260314941406
2653,0.011282768100500107,,830.3570353984833,36.80114817619324
2654,0.00823592022061348,,830.6677236557007,36.812007427215576
2655,0.009078740142285824,,830.9772503376007,36.82286977767944
2656,0.019188981503248215,,831.2863590717316,36.83371949195862
2657,0.005420902743935585,,831.5953242778778,36.84457039833069
2658,0.005453869234770536,,831.9033386707306,36.855414628982544
2659,0.012413195334374905,,832.2127506732941,36.866267919540405
2660,0.01046815887093544,,832.522626876831,36.877134799957275
2661,0.011429587379097939,,832.83300948143,36.88797473907471
2662,0.00861054565757513,,833.1426270008087,36.89883017539978
2663,0.007597865536808968,,833.454256772995,36.909671783447266
2664,0.005458104889839888,,833.7626166343689,36.92054724693298
2665,0.0026776548475027084,,834.0697648525238,36.931397676467896
2666,0.002973015885800123,,834.3783166408539,36.942254066467285
2667,0.002598163206130266,,834.688145160675,36.953115940093994
2668,0.003992949612438679,,834.997031211853,36.96398878097534
2669,0.005115360952913761,,835.3050141334534,36.97482943534851
2670,0.008305137045681477,,835.6155066490173,36.98568367958069
2671,0.007330618798732758,,835.9241886138916,36.9965455532074
2672,0.006556281354278326,,836.2321214675903,37.007389307022095
2673,0.00946358498185873,,836.5413906574249,37.018248081207275
2674,0.004398779943585396,,836.8489363193512,37.02911019325256
2675,0.010375380516052246,,837.1592411994934,37.03996562957764
2676,0.00863846018910408,,837.4683516025543,37.05082821846008
2677,0.01242351345717907,,837.7766449451447,37.061673641204834
2678,0.006523998454213142,,838.0867433547974,37.072526693344116
2679,0.004593889228999615,,838.3986165523529,37.08338212966919
2680,0.012243137694895267,,838.7086119651794,37.09424018859863
2681,0.005403800401836634,,839.0182733535767,37.105095624923706
2682,0.004990158136934042,,839.325855255127,37.11594581604004
2683,0.0033994384575635195,,839.6344010829926,37.12679862976074
2684,0.003641597693786025,,839.9433438777924,37.137645959854126
2685,0.004538754001259804,,840.2540383338928,37.14849400520325
2686,0.010241806507110596,,840.5620534420013,37.15934228897095
2687,0.0022434138227254152,,840.8715488910675,37.170188903808594
2688,0.005588980857282877,,841.1799530982971,37.18103742599487
2689,0.010798363946378231,,841.4884216785431,37.19189739227295
2690,0.020014964044094086,,841.7968354225159,37.2027485370636
2691,0.006085372995585203,,842.1057271957397,37.213600397109985
2692,0.008839279413223267,,842.4132659435272,37.224472761154175
2693,0.00613532355055213,,842.7230100631714,37.235331535339355
2694,0.009972183033823967,,843.0306804180145,37.246185064315796
2695,0.010842889547348022,,843.3397748470306,37.257039308547974
2696,0.0022468911483883858,,843.6476516723633,37.26789474487305
2697,0.0033438713289797306,,843.9580380916595,37.278743743896484
2698,0.0035664266906678677,,844.2655909061432,37.28959631919861
2699,0.0028353321831673384,,844.5744316577911,37.30044364929199
2700,0.004290275275707245,,845.0531947612762,37.31128811836243
2701,0.0054816012270748615,,845.3618609905243,37.32213544845581
2702,0.006485168822109699,,845.6714506149292,37.33298873901367
2703,0.008993493393063545,,845.979323387146,37.34383964538574
2704,0.0062487307004630566,,846.2872943878174,37.35468602180481
2705,0.005709887947887182,,846.5963523387909,37.36554002761841
2706,0.010433556511998177,,846.9060673713684,37.37637996673584
2707,0.0030123877804726362,,847.2153053283691,37.38723349571228
2708,0.005201953463256359,,847.5250308513641,37.39809536933899
2709,0.0030656943563371897,,847.8345651626587,37.408958435058594
2710,0.00903923250734806,,848.143984079361,37.41981649398804
2711,0.008804605342447758,,848.4526357650757,37.43067216873169
2712,0.007323153782635927,,848.7600767612457,37.441518783569336
2713,0.006541584152728319,,849.0711185932159,37.4523720741272
2714,0.008116922341287136,,849.3806960582733,37.46323823928833
2715,0.009908545762300491,,849.6870002746582,37.47409391403198
2716,0.007980799302458763,,849.9945273399353,37.484949588775635
2717,0.0023305241484194994,,850.302169084549,37.495849609375
2718,0.009907870553433895,,850.6110649108887,37.50670289993286
2719,0.009707510471343994,,850.9200894832611,37.51754331588745
2720,0.004781064111739397,,851.2293450832367,37.528401136398315
2721,0.006301375571638346,,851.5383086204529,37.53925919532776
2722,0.006746621336787939,,851.8496358394623,37.5501172542572
2723,0.002960935467854142,,852.1577353477478,37.56095480918884
2724,0.0024617468006908894,,852.4686055183411,37.57181215286255
2725,0.007798485923558474,,852.7782599925995,37.58266472816467
2726,0.0047808364033699036,,853.0873916149139,37.59350800514221
2727,0.005660192109644413,,853.395840883255,37.604366064071655
2728,0.004829248879104853,,853.7043836116791,37.615232706069946
2729,0.004193063359707594,,854.0133247375488,37.62609124183655
2730,0.005752605386078358,,854.3226072788239,37.63694930076599
2731,0.009573936462402344,,854.6316623687744,37.64780855178833
2732,0.009815414436161518,,854.9386169910431,37.658661127090454
2733,0.00803905539214611,,855.2498292922974,37.66950511932373
2734,0.005021224729716778,,855.5601165294647,37.68034553527832
2735,0.00234795268625021,,855.8689813613892,37.69121718406677
2736,0.0027247746475040913,,856.1766109466553,37.70206356048584
2737,0.004129479639232159,,856.4830107688904,37.71292424201965
2738,0.005811604671180248,,856.7931609153748,37.72376847267151
2739,0.002403865335509181,,857.1015348434448,37.73463249206543
2740,0.004074025899171829,,857.4093675613403,37.74549198150635
2741,0.005563182756304741,,857.7179372310638,37.756341218948364
2742,0.0025594027247279882,,858.0284051895142,37.767194509506226
2743,0.005481721833348274,,858.3412537574768,37.7780339717865
2744,0.009831835515797138,,858.6508295536041,37.78890252113342
2745,0.014602943323552608,,858.9596750736237,37.79976177215576
2746,0.004880671389400959,,859.2711565494537,37.81062078475952
2747,0.0074193901382386684,,859.5807020664215,37.82149362564087
2748,0.006421910598874092,,859.8900504112244,37.8323712348938
2749,0.01053121592849493,,860.1975150108337,37.84322381019592
2750,0.007119217421859503,,860.6770458221436,37.854079723358154
2751,0.004424350801855326,,860.9859249591827,37.86491847038269
2752,0.007395047228783369,,861.295325756073,37.87577795982361
2753,0.0055295866914093494,,861.6036541461945,37.88663864135742
2754,0.003464743494987488,,861.9128115177155,37.89748954772949
2755,0.006342720706015825,,862.2227118015289,37.9083366394043
2756,0.014004138298332691,,862.5307111740112,37.919193983078
2757,0.0036633179988712072,,862.8412170410156,37.93003582954407
2758,0.013536629267036915,,863.1503670215607,37.94089341163635
2759,0.009462624788284302,,863.4598054885864,37.95174837112427
2760,0.0038845704402774572,,863.7681405544281,37.962594747543335
2761,0.0050992099568247795,,864.077588558197,37.97346091270447
2762,0.0069031319580972195,,864.3860375881195,37.98432731628418
2763,0.004062944557517767,,864.6947348117828,37.99516797065735
2764,0.011020987294614315,,865.0050842761993,38.00602841377258
2765,0.005784518085420132,,865.3156862258911,38.016878843307495
2766,0.005216587334871292,,865.6242663860321,38.02772665023804
2767,0.00689704529941082,,865.9332315921783,38.0385799407959
2768,0.014669730328023434,,866.245103597641,38.04943585395813
2769,0.012398974038660526,,866.5539436340332,38.06029415130615
2770,0.02105901762843132,,866.8615777492523,38.0711510181427
2771,0.0029871498700231314,,867.1695663928986,38.08200407028198
2772,0.003560355631634593,,867.4770994186401,38.09284996986389
2773,0.002465419704094529,,867.7857527732849,38.10371255874634
2774,0.003979091998189688,,868.0942649841309,38.11457371711731
2775,0.008218679577112198,,868.402779340744,38.12542724609375
2776,0.003906484227627516,,868.7112877368927,38.13627290725708
2777,0.0031944233924150467,,869.0203230381012,38.147122383117676
2778,0.00405981345102191,,869.3276686668396,38.157968521118164
2779,0.0033913522493094206,,869.6354751586914,38.16882658004761
2780,0.0027431121561676264,,869.9427242279053,38.179680585861206
2781,0.00212688441388309,,870.2515082359314,38.190534830093384
2782,0.0026632496155798435,,870.5591361522675,38.201385498046875
2783,0.004139355383813381,,870.8678314685822,38.212234020233154
2784,0.006989229470491409,,871.1752552986145,38.22308540344238
2785,0.005561402533203363,,871.4843471050262,38.23393416404724
2786,0.006200071889907122,,871.7909350395203,38.244773864746094
2787,0.0050941351801157,,872.1006903648376,38.255637407302856
2788,0.009861069731414318,,872.4095094203949,38.26648473739624
2789,0.004922672640532255,,872.7208595275879,38.27734684944153
2790,0.008861541748046875,,873.0292813777924,38.28821420669556
2791,0.0033532362431287766,,873.336651802063,38.29907011985779
2792,0.009084165096282959,,873.6455719470978,38.30992817878723
2793,0.004466616082936525,,873.9541845321655,38.320793867111206
2794,0.004812059924006462,,874.261474609375,38.3316388130188
2795,0.0030244458466768265,,874.5685148239136,38.342495918273926
2796,0.0062092626467347145,,874.8769934177399,38.35335445404053
2797,0.006702096667140722,,875.1871247291565,38.36421322822571
2798,0.0022468490060418844,,875.4958612918854,38.37507176399231
2799,0.0029988198075443506,,875.8040292263031,38.38591289520264
2800,0.01758837141096592,,876.2813382148743,38.39677429199219
2801,0.03377307578921318,,876.5913732051849,38.40765023231506
2802,0.010130494832992554,,876.9007558822632,38.418500900268555
2803,0.004301716107875109,,877.2086009979248,38.429365396499634
2804,0.0031069538090378046,,877.5176858901978,38.44022560119629
2805,0.015384403057396412,,877.8266451358795,38.45106792449951
2806,0.006550985854119062,,878.1356256008148,38.46192264556885
2807,0.006880195811390877,,878.4456057548523,38.472782611846924
2808,0.010508953593671322,,878.7538647651672,38.48364448547363
2809,0.013826040551066399,,879.063826084137,38.4944965839386
2810,0.002612174954265356,,879.3727512359619,38.50535535812378
2811,0.007837475277483463,,879.6811697483063,38.516199827194214
2812,0.008120556361973286,,879.9895346164703,38.527063846588135
2813,0.0067239003255963326,,880.2979516983032,38.53792142868042
2814,0.014961417764425278,,880.606041431427,38.548770904541016
2815,0.004936581011861563,,880.9158041477203,38.559627294540405
2816,0.00582317216321826,,881.2237949371338,38.57121419906616
2817,0.004694040864706039,,881.5353798866272,38.58206105232239
2818,0.005494837649166584,,881.8422749042511,38.59291744232178
2819,0.0061616902239620686,,882.150196313858,38.6037712097168
2820,0.007253242656588554,,882.4582099914551,38.61463260650635
2821,0.006643150933086872,,882.7684104442596,38.625492095947266
2822,0.004538766574114561,,883.0761563777924,38.63634181022644
2823,0.004024498164653778,,883.3855473995209,38.64719605445862
2824,0.006434949114918709,,883.6929845809937,38.658066272735596
2825,0.006690769921988249,,884.0031189918518,38.668920278549194
2826,0.00629359669983387,,884.3103296756744,38.67978382110596
2827,0.013625677675008774,,884.6177172660828,38.69064021110535
2828,0.010375380516052246,,884.9253077507019,38.70150136947632
2829,0.014226761646568775,,885.2365138530731,38.71236538887024
2830,0.005261387676000595,,885.5453612804413,38.72321057319641
2831,0.010842889547348022,,885.8540904521942,38.734052658081055
2832,0.005343026947230101,,886.1633384227753,38.74491000175476
2833,0.005069161299616098,,886.4712080955505,38.75578951835632
2834,0.0076977903954684734,,886.7804973125458,38.76663088798523
2835,0.010306996293365955,,887.0879700183868,38.77748656272888
2836,0.012423277832567692,,887.3962461948395,38.78833770751953
2837,0.00570278475061059,,887.7075974941254,38.79920244216919
2838,0.005141858011484146,,888.0171072483063,38.810051679611206
2839,0.010577976703643799,,888.3261158466339,38.8209114074707
2840,0.007263930514454842,,888.6353859901428,38.83176326751709
2841,0.002338634105399251,,888.9432866573334,38.84262132644653
2842,0.00814914796501398,,889.2551808357239,38.85348701477051
2843,0.008414829149842262,,889.5651226043701,38.864341497421265
2844,0.00614878861233592,,889.8735654354095,38.875213384628296
2845,0.011374363675713539,,890.184371471405,38.886070728302
2846,0.011642400175333023,,890.4936292171478,38.8969292640686
2847,0.0062074484303593636,,890.803405046463,38.90779447555542
2848,0.008796856738626957,,891.1124370098114,38.91865348815918
2849,0.010041385889053345,,891.423966884613,38.92951059341431
2850,0.007271453272551298,,891.9022018909454,38.94034957885742
2851,0.011154799722135067,,892.2097375392914,38.95119833946228
2852,0.010238535702228546,,892.5193989276886,38.96204996109009
2853,0.008872623555362225,,892.828108549118,38.97290849685669
2854,0.008148648776113987,,893.137866973877,38.98376655578613
2855,0.010004517622292042,,893.4487056732178,38.994609355926514
2856,0.008911952376365662,,893.7582528591156,39.00545048713684
2857,0.005191952455788851,,894.0672776699066,39.016308307647705
2858,0.0046016317792236805,,894.3783774375916,39.02715539932251
2859,0.005645344965159893,,894.6876368522644,39.038007736206055
2860,0.0028507958631962538,,894.9974207878113,39.048861265182495
2861,0.013826040551066399,,895.3058564662933,39.059709787368774
2862,0.003999628126621246,,895.6159615516663,39.07055878639221
2863,0.006090949289500713,,895.9247450828552,39.08140707015991
2864,0.0053218333050608635,,896.2340817451477,39.09224987030029
2865,0.0041315071284770966,,896.5437154769897,39.10310888290405
2866,0.008013296872377396,,896.8510708808899,39.113969802856445
2867,0.0058691417798399925,,897.1609904766083,39.12482452392578
2868,0.002876408863812685,,897.4726576805115,39.13567900657654
2869,0.0024049561470746994,,897.7845859527588,39.14653539657593
2870,0.00469983508810401,,898.0935835838318,39.157405376434326
2871,0.01003916747868061,,898.4047555923462,39.16826009750366
2872,0.009259986691176891,,898.7139694690704,39.17911624908447
2873,0.0094826091080904,,899.0243759155273,39.18996787071228
2874,0.012309924699366093,,899.3330404758453,39.20082950592041
2875,0.00843628030270338,,899.6418626308441,39.21168494224548
2876,0.004739189520478249,,899.9510135650635,39.2225341796875
2877,0.0025757562834769487,,900.2612690925598,39.233383655548096
2878,0.00375348306261003,,900.570074558258,39.24424076080322
2879,0.005471306852996349,,900.8783092498779,39.2550847530365
2880,0.002761074574664235,,901.1875009536743,39.26593542098999
2881,0.004111861810088158,,901.4963963031769,39.27677536010742
2882,0.005510731600224972,,901.8047082424164,39.28762412071228
2883,0.004220579285174608,,902.1122150421143,39.29847431182861
2884,0.0026158837135881186,,902.4222538471222,39.30932140350342
2885,0.009907870553433895,,902.7336909770966,39.32018041610718
2886,0.003742154920473695,,903.0426914691925,39.33102560043335
2887,0.0042522866278886795,,903.3522539138794,39.34188270568848
2888,0.006789397448301315,,903.6627087593079,39.3527352809906
2889,0.004223390482366085,,903.9711563587189,39.36358571052551
2890,0.005068265367299318,,904.2798836231232,39.37444448471069
2891,0.0035308394581079483,,904.5869400501251,39.38530397415161
2892,0.0026481528766453266,,904.8973252773285,39.39616632461548
2893,0.0032803062349557877,,905.2049674987793,39.40701603889465
2894,0.004366812761873007,,905.5127255916595,39.41786742210388
2895,0.007659377064555883,,905.8231942653656,39.42872166633606
2896,0.016987290233373642,,906.1318423748016,39.43956804275513
2897,0.006846470758318901,,906.4404962062836,39.450429916381836
2898,0.002690744586288929,,906.7480731010437,39.4612877368927
2899,0.009762607514858246,,907.0571572780609,39.47214651107788
2900,0.0038079351652413607,,907.5363454818726,39.482999324798584
2901,0.005199923180043697,,907.8452088832855,39.493855476379395
2902,0.003718885825946927,,908.1534876823425,39.50470948219299
2903,0.0047837975434958935,,908.4616584777832,39.515564918518066
2904,0.005463690031319857,,908.7697837352753,39.52642893791199
2905,0.006882739719003439,,909.0778460502625,39.537277936935425
2906,0.0065685235895216465,,909.3859770298004,39.548144578933716
2907,0.011154561303555965,,909.692873954773,39.558998823165894
2908,0.006393123883754015,,910.0009210109711,39.569849491119385
2909,0.004249763675034046,,910.3105261325836,39.58069825172424
2910,0.0026431381702423096,,910.619029045105,39.59155535697937
2911,0.002666955115273595,,910.9298810958862,39.60240960121155
2912,0.0025365736801177263,,911.2385177612305,39.613258838653564
2913,0.008750231005251408,,911.5473389625549,39.62412071228027
2914,0.011956004425883293,,911.8543524742126,39.63497185707092
2915,0.005471273325383663,,912.1626596450806,39.64582633972168
2916,0.0034542251378297806,,912.4710512161255,39.656683921813965
2917,0.007347704377025366,,912.7792370319366,39.66753697395325
2918,0.013558891601860523,,913.0870461463928,39.67839026451111
2919,0.009084165096282959,,913.3964068889618,39.68924164772034
2920,0.006902458146214485,,913.7059924602509,39.70010256767273
2921,0.003734137862920761,,914.0182619094849,39.71094465255737
2922,0.00696924515068531,,914.326009273529,39.721803426742554
2923,0.004921111278235912,,914.6356513500214,39.732667446136475
2924,0.0027299632783979177,,914.9443881511688,39.74351954460144
2925,0.007303179707378149,,915.2538046836853,39.75437641143799
2926,0.0034707861486822367,,915.5616195201874,39.76521897315979
2927,0.0027599013410508633,,915.873452425003,39.77606201171875
2928,0.003115351777523756,,916.1829314231873,39.786903619766235
2929,0.004921111278235912,,916.4913306236267,39.797752141952515
2930,0.005477669648826122,,916.7982320785522,39.80859589576721
2931,0.003973577171564102,,917.1087453365326,39.8194522857666
2932,0.003705448703840375,,917.4211764335632,39.83030962944031
2933,0.002615360775962472,,917.7296025753021,39.84115481376648
2934,0.0037408655043691397,,918.0376768112183,39.85200095176697
2935,0.008193672634661198,,918.347160577774,39.86285901069641
2936,0.0026623120065778494,,918.6568448543549,39.87371325492859
2937,0.0032354805152863264,,918.966450214386,39.88457655906677
2938,0.005767465569078922,,919.2766265869141,39.89541292190552
2939,0.003175172256305814,,919.5846633911133,39.906272649765015
2940,0.017499322071671486,,919.8927066326141,39.91713213920593
2941,0.004864878486841917,,920.2022497653961,39.92798089981079
2942,0.0031744528096169233,,920.5109372138977,39.938822984695435
2943,0.0031459734309464693,,920.8206346035004,39.94968628883362
2944,0.004765275400131941,,921.1282579898834,39.96053600311279
2945,0.006067084148526192,,921.4374878406525,39.971396923065186
2946,0.0050394549034535885,,921.7455108165741,39.982242584228516
2947,0.00596744054928422,,922.0548963546753,39.993098735809326
2948,0.004102877341210842,,922.3639211654663,40.00395107269287
2949,0.005204162560403347,,922.6708064079285,40.01481556892395
2950,0.005989702884107828,,923.1490337848663,40.02566623687744
2951,0.005820406600832939,,923.4602174758911,40.036541223526
2952,0.004927024245262146,,923.7681229114532,40.0473997592926
2953,0.004928327165544033,,924.0755801200867,40.058241844177246
2954,0.003969094250351191,,924.3849325180054,40.0690975189209
2955,0.009333949536085129,,924.6936473846436,40.079952239990234
2956,0.007282593287527561,,925.0031473636627,40.090808391571045
2957,0.005527799017727375,,925.312029838562,40.10166573524475
2958,0.00492108566686511,,925.6207399368286,40.11250948905945
2959,0.0036613934207707644,,925.9301555156708,40.12336850166321
2960,0.004340078216046095,,926.2371299266815,40.13422775268555
2961,0.004822488408535719,,926.5460197925568,40.1450879573822
2962,0.004776407033205032,,926.8546795845032,40.15593409538269
2963,0.005362372379750013,,927.1640281677246,40.166789293289185
2964,0.00506266625598073,,927.4715919494629,40.17765498161316
2965,0.002797994762659073,,927.7804670333862,40.18850803375244
2966,0.006007118616253138,,928.0899474620819,40.19935441017151
2967,0.005661373026669025,,928.3987045288086,40.21021127700806
2968,0.006216776091605425,,928.7060911655426,40.221076011657715
2969,0.003567817620933056,,929.0149652957916,40.231921911239624
2970,0.006765804719179869,,929.3245279788971,40.24278688430786
2971,0.006270208861678839,,929.633337020874,40.25365233421326
2972,0.0032616746611893177,,929.9425067901611,40.26453232765198
2973,0.006446965504437685,,930.2559599876404,40.275389671325684
2974,0.004414076916873455,,930.5660791397095,40.28624439239502
2975,0.0059846206568181515,,930.8754065036774,40.29709982872009
2976,0.006207403726875782,,931.1849930286407,40.30794167518616
2977,0.004840196575969458,,931.4948899745941,40.31878852844238
2978,0.012468038126826286,,931.8064577579498,40.32963752746582
2979,0.008103959262371063,,932.115350484848,40.34048652648926
2980,0.0033880218397825956,,932.4252622127533,40.351346254348755
2981,0.006464613135904074,,932.7323033809662,40.36219882965088
2982,0.0076284813694655895,,933.0395746231079,40.373061418533325
2983,0.005856128875166178,,933.3481683731079,40.38392233848572
2984,0.011488495394587517,,933.6569163799286,40.39476990699768
2985,0.005918090231716633,,933.9653208255768,40.405651569366455
2986,0.0029209323693066835,,934.2732105255127,40.41650414466858
2987,0.007102819159626961,,934.5816423892975,40.4273476600647
2988,0.002888162387534976,,934.8894109725952,40.4382050037384
2989,0.0039046381134539843,,935.1983778476715,40.449054479599
2990,0.0038206486497074366,,935.5073084831238,40.459911584854126
2991,0.0042450218461453915,,935.8168284893036,40.470770835876465
2992,0.01115228421986103,,936.1244628429413,40.48164105415344
2993,0.009151626378297806,,936.4335894584656,40.4925012588501
2994,0.005375819280743599,,936.7414963245392,40.50335383415222
2995,0.006050675176084042,,937.0511407852173,40.51419234275818
2996,0.005767115857452154,,937.3592491149902,40.52504897117615
2997,0.004474963061511517,,937.6688189506531,40.53589391708374
2998,0.00360297248698771,,937.9782199859619,40.54674530029297
2999,0.003817556658759713,,938.2873842716217,40.5576012134552
3000,0.005849112290889025,0.0020729792304337025,938.7640082836151,41.895596981048584
3001,0.007533839903771877,,939.074818611145,41.90645432472229
3002,0.003564530983567238,,939.3841872215271,41.9173150062561
3003,0.0037871103268116713,,939.6935636997223,41.92815947532654
3004,0.004490817431360483,,940.0021970272064,41.939013957977295
3005,0.003637137822806835,,940.31085896492,41.94986319541931
3006,0.0036843554116785526,,940.6214373111725,41.96071267127991
3007,0.003799162106588483,,940.929860830307,41.97158741950989
3008,0.005462293513119221,,941.2372870445251,41.982449531555176
3009,0.00356478663161397,,941.5457811355591,41.99329376220703
3010,0.010152757167816162,,941.853963136673,42.00415277481079
3011,0.005494602955877781,,942.1625409126282,42.01500105857849
3012,0.004600969608873129,,942.4715974330902,42.02585458755493
3013,0.006904587149620056,,942.7806549072266,42.03671622276306
3014,0.003974695224314928,,943.0890829563141,42.047568559646606
3015,0.004953543655574322,,943.3989887237549,42.05842161178589
3016,0.0030765573028475046,,943.7071557044983,42.06926417350769
3017,0.0039093587547540665,,944.0157318115234,42.08012056350708
3018,0.003537575015798211,,944.3268654346466,42.090975522994995
3019,0.0027396432124078274,,944.6336545944214,42.10182523727417
3020,0.009084165096282959,,944.9424154758453,42.11268138885498
3021,0.004307152703404427,,945.2518079280853,42.123539686203
3022,0.008238197304308414,,945.5600771903992,42.13438010215759
3023,0.005444149021059275,,945.8674483299255,42.14522886276245
3024,0.005477669648826122,,946.1771011352539,42.15607452392578
3025,0.0040876613929867744,,946.4867279529572,42.16693186759949
3026,0.006180338561534882,,946.7967166900635,42.17778134346008
3027,0.009097504429519176,,947.1062860488892,42.188637495040894
3028,0.011424913071095943,,947.4156785011292,42.19949674606323
3029,0.008549869991838932,,947.7251558303833,42.21037578582764
3030,0.005974326748400927,,948.0334784984589,42.221248149871826
3031,0.004068019799888134,,948.3420441150665,42.23210787773132
3032,0.0031790025532245636,,948.6507935523987,42.2429461479187
3033,0.0045626102946698666,,948.9601428508759,42.25381064414978
3034,0.0037504462525248528,,949.2676675319672,42.264665842056274
3035,0.008143722079694271,,949.5766518115997,42.275521993637085
3036,0.005125145893543959,,949.8862993717194,42.28638219833374
3037,0.0048903306014835835,,950.1987428665161,42.297247648239136
3038,0.003313529072329402,,950.5068824291229,42.308125495910645
3039,0.003926468547433615,,950.8162407875061,42.31898236274719
3040,0.00696924515068531,,951.1249477863312,42.32983422279358
3041,0.004588868468999863,,951.4321599006653,42.34070014953613
3042,0.004056830890476704,,951.7395687103271,42.351550817489624
3043,0.007655402645468712,,952.0482566356659,42.36240744590759
3044,0.00842389278113842,,952.3571438789368,42.373268127441406
3045,0.007857780903577805,,952.6672055721283,42.38411617279053
3046,0.003216321812942624,,952.9769339561462,42.39496898651123
3047,0.004328078590333462,,953.286367893219,42.40581488609314
3048,0.004740709438920021,,953.5940563678741,42.416661739349365
3049,0.006800828035920858,,953.9026141166687,42.427528381347656
3050,0.0036373173352330923,,954.3819491863251,42.43839240074158
3051,0.00859264936298132,,954.6909418106079,42.44926071166992
3052,0.0036462866701185703,,955.0004160404205,42.460105895996094
3053,0.00376789434812963,,955.3123874664307,42.470967054367065
3054,0.003167671151459217,,955.6204640865326,42.48182201385498
3055,0.007859737612307072,,955.9287259578705,42.492674827575684
3056,0.004079103469848633,,956.2396907806396,42.503520488739014
3057,0.011132298968732357,,956.5483868122101,42.5143678188324
3058,0.008104623295366764,,956.8582334518433,42.52522945404053
3059,0.005555050913244486,,957.1666262149811,42.536078691482544
3060,0.01464974507689476,,957.4761738777161,42.54693293571472
3061,0.005911677144467831,,957.78382563591,42.55778503417969
3062,0.00868543516844511,,958.091552734375,42.568633794784546
3063,0.004876465070992708,,958.4020454883575,42.57948303222656
3064,0.00837124977260828,,958.7132856845856,42.5903434753418
3065,0.01053121592849493,,959.0233309268951,42.60119390487671
3066,0.015028204768896103,,959.3330056667328,42.6120331287384
3067,0.00837177038192749,,959.6418623924255,42.62288236618042
3068,0.0032485472038388252,,959.9524636268616,42.633747577667236
3069,0.003622660180553794,,960.2606370449066,42.644598960876465
3070,0.0030204285867512226,,960.5685353279114,42.65545105934143
3071,0.013380792923271656,,960.8764989376068,42.66631245613098
3072,0.004374808631837368,,961.1852724552155,42.6771764755249
3073,0.004274357575923204,,961.4946119785309,42.68802833557129
3074,0.008439231663942337,,961.8043205738068,42.69888520240784
3075,0.0057295989245176315,,962.1127820014954,42.709739685058594
3076,0.004925052635371685,,962.4211905002594,42.72059345245361
3077,0.007564038969576359,,962.7312984466553,42.73146200180054
3078,0.00838774535804987,,963.0397291183472,42.742326974868774
3079,0.013638695701956749,,963.3478214740753,42.753167390823364
3080,0.007256079465150833,,963.6589455604553,42.76404142379761
3081,0.004605183377861977,,963.9674429893494,42.774898052215576
3082,0.004753421060740948,,964.2762024402618,42.785730838775635
3083,0.003306188154965639,,964.5828607082367,42.79657053947449
3084,0.0033455847296863794,,964.8922579288483,42.807429790496826
3085,0.004060875624418259,,965.1998126506805,42.81828165054321
3086,0.005388386081904173,,965.5100886821747,42.8291392326355
3087,0.0055189053528010845,,965.8184745311737,42.83999252319336
3088,0.015250827185809612,,966.1253685951233,42.85085844993591
3089,0.007528210990130901,,966.4340999126434,42.86171054840088
3090,0.00812446791678667,,966.7432088851929,42.87256455421448
3091,0.006860083434730768,,967.0510535240173,42.883408069610596
3092,0.004918989259749651,,967.361234664917,42.894261837005615
3093,0.004286643583327532,,967.6680717468262,42.9051239490509
3094,0.004138775635510683,,967.9765026569366,42.9159779548645
3095,0.0064126867800951,,968.2862577438354,42.92682933807373
3096,0.003684392897412181,,968.5955672264099,42.93768334388733
3097,0.003448635572567582,,968.9055950641632,42.94854545593262
3098,0.0036962481681257486,,969.2159516811371,42.95939302444458
3099,0.00801557395607233,,969.5234208106995,42.97026324272156
3100,0.002818027511239052,,970.003383398056,42.9811155796051
3101,0.0035695417318493128,,970.3110485076904,42.99198389053345
3102,0.004642173182219267,,970.6192259788513,43.002843379974365
3103,0.004511513281613588,,970.9287376403809,43.0136935710907
3104,0.005481779109686613,,971.2372400760651,43.02454733848572
3105,0.004284106194972992,,971.5466754436493,43.03541278839111
3106,0.008812321349978447,,971.8572344779968,43.04626131057739
3107,0.0025914344005286694,,972.1669566631317,43.05712032318115
3108,0.005418479908257723,,972.4742920398712,43.067983865737915
3109,0.006997914053499699,,972.7832930088043,43.07884359359741
3110,0.004814328160136938,,973.0912907123566,43.08970761299133
3111,0.0033304067328572273,,973.4014225006104,43.10056662559509
3112,0.003735067555680871,,973.709141254425,43.11142301559448
3113,0.0042844791896641254,,974.0172715187073,43.1222825050354
3114,0.004173454828560352,,974.3255393505096,43.13314461708069
3115,0.00812914501875639,,974.6332774162292,43.144004106521606
3116,0.003110459540039301,,974.9421675205231,43.15485143661499
3117,0.004144247621297836,,975.2507228851318,43.16569232940674
3118,0.005611243192106485,,975.5579884052277,43.17654514312744
3119,0.002461643423885107,,975.8677439689636,43.18739414215088
3120,0.005588980857282877,,976.1786911487579,43.198251724243164
3121,0.00610101455822587,,976.4887847900391,43.20909929275513
3122,0.009885609149932861,,976.7975947856903,43.21994924545288
3123,0.004194609820842743,,977.1068360805511,43.23079323768616
3124,0.008467706851661205,,977.4153280258179,43.24164342880249
3125,0.005078623071312904,,977.7253513336182,43.25250315666199
3126,0.004527275450527668,,978.033439874649,43.26338529586792
3127,0.00542143639177084,,978.3428950309753,43.27424907684326
3128,0.005301888566464186,,978.650904417038,43.285115242004395
3129,0.004396836739033461,,978.9601550102234,43.29596519470215
3130,0.008169133216142654,,979.2691187858582,43.306880712509155
3131,0.0031240934040397406,,979.5788753032684,43.31772828102112
3132,0.00420410418882966,,979.887992143631,43.328585624694824
3133,0.005196224432438612,,980.1968352794647,43.33944368362427
3134,0.005006812047213316,,980.504804611206,43.35029077529907
3135,0.004964156076312065,,980.8172371387482,43.361143589019775
3136,0.0033694247249513865,,981.1268815994263,43.37198543548584
3137,0.0027195841539651155,,981.4378190040588,43.38282775878906
3138,0.010598002932965755,,981.7460477352142,43.39366602897644
3139,0.0077550578862428665,,982.0552415847778,43.40453362464905
3140,0.004832480102777481,,982.3648638725281,43.415403604507446
3141,0.004053621087223291,,982.6754083633423,43.426257610321045
3142,0.010931937955319881,,982.9837391376495,43.437124490737915
3143,0.019013160839676857,,983.2938768863678,43.44797134399414
3144,0.013425317592918873,,983.6021661758423,43.458831787109375
3145,0.012156365439295769,,983.9119019508362,43.469680309295654
3146,0.0036887056194245815,,984.22119307518,43.48053336143494
3147,0.004861626774072647,,984.5313639640808,43.491368770599365
3148,0.006821445655077696,,984.8398008346558,43.50221920013428
3149,0.0025718817487359047,,985.1487233638763,43.51306176185608
3150,0.007948786951601505,,985.6262006759644,43.52393388748169
3151,0.0028139136265963316,,985.9363760948181,43.53477954864502
3152,0.006222955882549286,,986.2452936172485,43.54565238952637
3153,0.004184139426797628,,986.5551357269287,43.55650591850281
3154,0.005242791958153248,,986.8648331165314,43.56735062599182
3155,0.0038208067417144775,,987.1742813587189,43.578197956085205
3156,0.0035311486572027206,,987.4837391376495,43.58906674385071
3157,0.0025263833813369274,,987.7916045188904,43.59992051124573
3158,0.0030536875128746033,,988.0995354652405,43.610777378082275
3159,0.005852121859788895,,988.4098784923553,43.62163233757019
3160,0.002502832794561982,,988.7186939716339,43.63248610496521
3161,0.003720650216564536,,989.0265471935272,43.643335819244385
3162,0.007531309500336647,,989.3355467319489,43.65418601036072
3163,0.004945873282849789,,989.645919084549,43.665040016174316
3164,0.005632974673062563,,989.9537677764893,43.67590022087097
3165,0.004521017894148827,,990.2615883350372,43.686750411987305
3166,0.004733838140964508,,990.5708582401276,43.69760298728943
3167,0.005853405687958002,,990.8793787956238,43.70846891403198
3168,0.0035136649385094643,,991.186571598053,43.7193238735199
3169,0.0037930968683212996,,991.4954597949982,43.730175733566284
3170,0.0034744173754006624,,991.8040871620178,43.74102187156677
3171,0.003304273821413517,,992.1118106842041,43.751880168914795
3172,0.0036235745064914227,,992.4197659492493,43.762733459472656
3173,0.005032111890614033,,992.7284572124481,43.773598432540894
3174,0.005598562303930521,,993.036550283432,43.784457206726074
3175,0.005650822073221207,,993.3463068008423,43.79530596733093
3176,0.004315006081014872,,993.6542098522186,43.80615568161011
3177,0.007191868033260107,,993.9613378047943,43.81700897216797
3178,0.003854352980852127,,994.2697191238403,43.827855587005615
3179,0.0025299033150076866,,994.5784981250763,43.838709592819214
3180,0.004129570908844471,,994.8858001232147,43.84958243370056
3181,0.006512817926704884,,995.1945650577545,43.86044192314148
3182,0.00831139087677002,,995.5037117004395,43.8713002204895
3183,0.012376711703836918,,995.812584400177,43.88215708732605
3184,0.0054040043614804745,,996.1223862171173,43.893004179000854
3185,0.00675212824717164,,996.4313864707947,43.90385341644287
3186,0.006984896957874298,,996.7425122261047,43.91472339630127
3187,0.004572959151118994,,997.0515308380127,43.92557883262634
3188,0.0094826091080904,,997.3597433567047,43.93642020225525
3189,0.0048493919894099236,,997.6689560413361,43.94726777076721
3190,0.0045242165215313435,,997.9781332015991,43.95812273025513
3191,0.005293437745422125,,998.2897129058838,43.96897339820862
3192,0.008709920570254326,,998.5976979732513,43.97982120513916
3193,0.007762799505144358,,998.908445596695,43.9906849861145
3194,0.008509133942425251,,999.2166409492493,44.001543283462524
3195,0.00507632689550519,,999.5259070396423,44.012394428253174
3196,0.005251242779195309,,999.836626291275,44.023242712020874
3197,0.0030281790532171726,,1000.144458770752,44.034095764160156
3198,0.010373103432357311,,1000.4521250724792,44.04496145248413
3199,0.011879388242959976,,1000.761905670166,44.05582237243652
3200,0.005091514438390732,,1001.2401843070984,44.066675662994385
3201,0.004359127953648567,,1001.5482263565063,44.07752776145935
3202,0.004294715356081724,,1001.8566815853119,44.088380098342896
3203,0.004255994688719511,,1002.1651339530945,44.099241495132446
3204,0.00859150756150484,,1002.4725387096405,44.11009240150452
3205,0.004193704109638929,,1002.7808353900909,44.12093997001648
3206,0.004721792880445719,,1003.0895595550537,44.131794691085815
3207,0.006014986429363489,,1003.400022983551,44.14265775680542
3208,0.004646162036806345,,1003.7093703746796,44.15351581573486
3209,0.004606342874467373,,1004.0169496536255,44.16436004638672
3210,0.004449892323464155,,1004.3257291316986,44.17520570755005
3211,0.0050668418407440186,,1004.6350915431976,44.186055183410645
3212,0.010709314607083797,,1004.9457201957703,44.19690489768982
3213,0.007248731795698404,,1005.2554745674133,44.20776891708374
3214,0.008889731951057911,,1005.5646982192993,44.21861982345581
3215,0.010019182227551937,,1005.8732948303223,44.22946095466614
3216,0.004721656441688538,,1006.1810319423676,44.24031972885132
3217,0.0042084697633981705,,1006.4893174171448,44.25117206573486
3218,0.005969984456896782,,1006.7984895706177,44.26203370094299
3219,0.004843543749302626,,1007.1063756942749,44.272873878479004
3220,0.0034457917790859938,,1007.4157290458679,44.28373861312866
3221,0.002293712692335248,,1007.7243041992188,44.29459047317505
3222,0.0030025129672139883,,1008.0338389873505,44.30543375015259
3223,0.0050992099568247795,,1008.3428058624268,44.316287994384766
3224,0.003530551679432392,,1008.650871515274,44.32714033126831
3225,0.0029721271712332964,,1008.9608409404755,44.337993144989014
3226,0.0140264006331563,,1009.2703840732574,44.34885096549988
3227,0.006546260789036751,,1009.5813615322113,44.35970759391785
3228,0.0024857516400516033,,1009.8890681266785,44.370567321777344
3229,0.0050474065355956554,,1010.1978676319122,44.381415367126465
3230,0.003495040349662304,,1010.5058882236481,44.39226961135864
3231,0.004582811146974564,,1010.8142058849335,44.403133392333984
3232,0.003947976976633072,,1011.1249594688416,44.41400623321533
3233,0.004139541648328304,,1011.4343004226685,44.424861431121826
3234,0.0031975461170077324,,1011.7428262233734,44.43571400642395
3235,0.0025565021205693483,,1012.0516741275787,44.44657301902771
3236,0.014382597990334034,,1012.3596487045288,44.45742464065552
3237,0.010063707828521729,,1012.6684017181396,44.4682776927948
3238,0.005015314556658268,,1012.9773542881012,44.479145526885986
3239,0.008281669579446316,,1013.2866368293762,44.48999619483948
3240,0.0056510549038648605,,1013.5956728458405,44.50085401535034
3241,0.004130993504077196,,1013.9029560089111,44.511693477630615
3242,0.004786751698702574,,1014.2152645587921,44.522528409957886
3243,0.010286331176757812,,1014.5230071544647,44.533385276794434
3244,0.007643380668014288,,1014.8329622745514,44.5442373752594
3245,0.010575740598142147,,1015.1428623199463,44.555081367492676
3246,0.004496342036873102,,1015.4519250392914,44.56593441963196
3247,0.004209347069263458,,1015.760947227478,44.576791286468506
3248,0.00906190276145935,,1016.0705547332764,44.58765959739685
3249,0.007534348871558905,,1016.3786284923553,44.5985107421875
3250,0.004097968805581331,,1016.8611285686493,44.609360218048096
3251,0.003424283117055893,,1017.1683802604675,44.62021851539612
3252,0.0049364627338945866,,1017.4771811962128,44.631081342697144
3253,0.004720750730484724,,1017.7893803119659,44.641950607299805
3254,0.00784990843385458,,1018.1016538143158,44.6528000831604
3255,0.002360656624659896,,1018.4111714363098,44.66365933418274
3256,0.004062562249600887,,1018.7207498550415,44.674503564834595
3257,0.005529080517590046,,1019.0323259830475,44.685354471206665
3258,0.003489001886919141,,1019.3393797874451,44.69620895385742
3259,0.00970523338764906,,1019.6460242271423,44.707054138183594
3260,0.003289869986474514,,1019.9538245201111,44.717907667160034
3261,0.00793412234634161,,1020.2638385295868,44.728759765625
3262,0.0031719845719635487,,1020.5733518600464,44.73960256576538
3263,0.002709424588829279,,1020.8821783065796,44.75045347213745
3264,0.004283932037651539,,1021.1899390220642,44.761308431625366
3265,0.009862502105534077,,1021.4994432926178,44.77217507362366
3266,0.004372563678771257,,1021.8069200515747,44.783019065856934
3267,0.004758091643452644,,1022.1156227588654,44.79387283325195
3268,0.0032341897021979094,,1022.4246258735657,44.8047308921814
3269,0.004564864560961723,,1022.734946012497,44.81557822227478
3270,0.0028338273987174034,,1023.0436384677887,44.82644200325012
3271,0.002647656248882413,,1023.3522872924805,44.83728837966919
3272,0.0043247779831290245,,1023.6614260673523,44.8481342792511
3273,0.002372701419517398,,1023.9723057746887,44.85899305343628
3274,0.004059482831507921,,1024.2805082798004,44.869858503341675
3275,0.0025306507013738155,,1024.587804555893,44.88070607185364
3276,0.004861210938543081,,1024.8954510688782,44.89158630371094
3277,0.0036436254158616066,,1025.2053079605103,44.90243911743164
3278,0.004294136539101601,,1025.5135555267334,44.913294076919556
3279,0.005223691929131746,,1025.8205411434174,44.92416214942932
3280,0.0027233168948441744,,1026.1286058425903,44.935019731521606
3281,0.002932343864813447,,1026.4365015029907,44.94586801528931
3282,0.005014176946133375,,1026.745638847351,44.956711530685425
3283,0.0034313465002924204,,1027.0525052547455,44.967557191848755
3284,0.004568601492792368,,1027.3611361980438,44.97840332984924
3285,0.004319566767662764,,1027.6698350906372,44.9892475605011
3286,0.004805220756679773,,1027.9796288013458,45.00010013580322
3287,0.0047821118496358395,,1028.2884016036987,45.01095461845398
3288,0.003101747017353773,,1028.5974569320679,45.021809101104736
3289,0.0053704106248915195,,1028.907458782196,45.03266358375549
3290,0.006992821116000414,,1029.2172148227692,45.0434992313385
3291,0.005252858158200979,,1029.5267181396484,45.054341077804565
3292,0.007119074929505587,,1029.8360948562622,45.06519341468811
3293,0.006842230912297964,,1030.1458377838135,45.076035261154175
3294,0.008583825081586838,,1030.4528832435608,45.086889028549194
3295,0.0068071200512349606,,1030.761421918869,45.09774374961853
3296,0.004803081508725882,,1031.070463180542,45.1085889339447
3297,0.004045968875288963,,1031.3795101642609,45.11945581436157
3298,0.005184854846447706,,1031.6891450881958,45.130313873291016
3299,0.006454933900386095,,1031.9976704120636,45.14116382598877
3300,0.0027391568291932344,,1032.4781572818756,45.152031660079956
3301,0.003224235260859132,,1032.7867515087128,45.16289567947388
3302,0.0021751513704657555,,1033.097340106964,45.17375564575195
3303,0.003312907414510846,,1033.4054276943207,45.184627294540405
3304,0.007317950949072838,,1033.7144498825073,45.19548153877258
3305,0.008883804082870483,,1034.0222506523132,45.20633554458618
3306,0.018033618107438087,,1034.330267906189,45.217188596725464
3307,0.01367020234465599,,1034.6391880512238,45.22804617881775
3308,0.0066123539581894875,,1034.94868350029,45.23891043663025
3309,0.007349638734012842,,1035.2579708099365,45.24975085258484
3310,0.006819136906415224,,1035.5665535926819,45.26059579849243
3311,0.007636001333594322,,1035.8742275238037,45.271446228027344
3312,0.016965027898550034,,1036.1848585605621,45.28231382369995
3313,0.002857223618775606,,1036.492620229721,45.29317116737366
3314,0.003897220827639103,,1036.800671339035,45.30402445793152
3315,0.004191180225461721,,1037.11026263237,45.31489157676697
3316,0.005091224797070026,,1037.417590379715,45.32575511932373
3317,0.002664086641743779,,1037.7266974449158,45.33661365509033
3318,0.004390868358314037,,1038.0353364944458,45.34745907783508
3319,0.004889987874776125,,1038.3442249298096,45.3583128452301
3320,0.0035177082754671574,,1038.6527950763702,45.36915993690491
3321,0.006667322479188442,,1038.9629051685333,45.38002920150757
3322,0.011463956907391548,,1039.270756483078,45.390891313552856
3323,0.01110775861889124,,1039.5815591812134,45.401758670806885
3324,0.026179352775216103,,1039.8898038864136,45.41261649131775
3325,0.0032092886976897717,,1040.198325395584,45.42348098754883
3326,0.0056343344040215015,,1040.5075643062592,45.434327125549316
3327,0.0035859288182109594,,1040.8164114952087,45.44516706466675
3328,0.004789474420249462,,1041.1269481182098,45.45602869987488
3329,0.004106872249394655,,1041.437786102295,45.466883420944214
3330,0.004521994385868311,,1041.7451219558716,45.477736949920654
3331,0.004209502134472132,,1042.052478313446,45.488595962524414
3332,0.00696924515068531,,1042.3611149787903,45.49944448471069
3333,0.004220056347548962,,1042.6702318191528,45.5102915763855
3334,0.0028624481055885553,,1042.979453086853,45.52114391326904
3335,0.002870104042813182,,1043.2880156040192,45.532018184661865
3336,0.002879104111343622,,1043.5966205596924,45.54289221763611
3337,0.004031618591398001,,1043.9064605236053,45.553760051727295
3338,0.004484907723963261,,1044.216558933258,45.564621925354004
3339,0.0024057694245129824,,1044.525847196579,45.5754656791687
3340,0.0054331449791789055,,1044.8330104351044,45.5863254070282
3341,0.004626214504241943,,1045.143108844757,45.59718155860901
3342,0.0061455387622118,,1045.4536867141724,45.60802888870239
3343,0.004559843335300684,,1045.761956691742,45.6188747882843
3344,0.00308591453358531,,1046.071904182434,45.62972450256348
3345,0.0026000654324889183,,1046.3812034130096,45.640573501586914
3346,0.0033591596875339746,,1046.6899077892303,45.65142798423767
3347,0.0032641589641571045,,1046.9997255802155,45.662283420562744
3348,0.003055949928238988,,1047.307865858078,45.673125982284546
3349,0.002323221880942583,,1047.6194913387299,45.68397760391235
3350,0.004989394452422857,,1048.097716331482,45.694833755493164
3351,0.004800550639629364,,1048.4060447216034,45.70568537712097
3352,0.002234700135886669,,1048.715163230896,45.71654486656189
3353,0.005053986329585314,,1049.024363040924,45.72739887237549
3354,0.004446758423000574,,1049.3332333564758,45.73825740814209
3355,0.0044257137924432755,,1049.6413860321045,45.749109983444214
3356,0.0026655637193471193,,1049.9517271518707,45.759968519210815
3357,0.0041171652264893055,,1050.261857509613,45.77081847190857
3358,0.0050341663882136345,,1050.572377204895,45.78167748451233
3359,0.004462798126041889,,1050.8810753822327,45.79252815246582
3360,0.004957367200404406,,1051.1898636817932,45.80338215827942
3361,0.0036939666606485844,,1051.4978728294373,45.81422185897827
3362,0.0054331449791789055,,1051.80633187294,45.825074195861816
3363,0.006390424445271492,,1052.1153652668,45.835922718048096
3364,0.007971049286425114,,1052.4245839118958,45.84678244590759
3365,0.00961846113204956,,1052.7342529296875,45.8576226234436
3366,0.007904262281954288,,1053.0445408821106,45.868468284606934
3367,0.011755644343793392,,1053.352830171585,45.879302978515625
3368,0.004716810770332813,,1053.6615221500397,45.890164852142334
3369,0.005497507750988007,,1053.9695847034454,45.90102291107178
3370,0.006033563986420631,,1054.2773385047913,45.91187930107117
3371,0.0034362883307039738,,1054.586086511612,45.92272734642029
3372,0.009128689765930176,,1054.8961951732635,45.93359351158142
3373,0.009885609149932861,,1055.2058835029602,45.944438457489014
3374,0.008126885630190372,,1055.5138545036316,45.95530295372009
3375,0.007481277920305729,,1055.8219201564789,45.96614408493042
3376,0.0065685235895216465,,1056.1310334205627,45.97699236869812
3377,0.005530568305402994,,1056.4393935203552,45.98785710334778
3378,0.010620265267789364,,1056.7467184066772,45.99870824813843
3379,0.0069976202212274075,,1057.055388212204,46.00955820083618
3380,0.007886795327067375,,1057.3642070293427,46.02040767669678
3381,0.008944479748606682,,1057.6715846061707,46.03125214576721
3382,0.009120800532400608,,1057.9815609455109,46.04210877418518
3383,0.006804462522268295,,1058.2908537387848,46.052966356277466
3384,0.01038055494427681,,1058.601573228836,46.06380581855774
3385,0.0053326101042330265,,1058.9105610847473,46.07467079162598
3386,0.002873153192922473,,1059.2189326286316,46.08552289009094
3387,0.006212326232343912,,1059.5280537605286,46.09638166427612
3388,0.011622069403529167,,1059.8366467952728,46.107216119766235
3389,0.014070925302803516,,1060.1444344520569,46.1180694103241
3390,0.0028905265498906374,,1060.453843832016,46.128929138183594
3391,0.003020936157554388,,1060.7620022296906,46.13977384567261
3392,0.003609832376241684,,1061.0709476470947,46.15063261985779
3393,0.003075339598581195,,1061.3828179836273,46.16150164604187
3394,0.008970576338469982,,1061.6922137737274,46.172348737716675
3395,0.008770216256380081,,1062.000049829483,46.183205127716064
3396,0.008614378981292248,,1062.309136390686,46.194058656692505
3397,0.006248239893466234,,1062.6167266368866,46.20489740371704
3398,0.0025803400203585625,,1062.926120042801,46.21574926376343
3399,0.0021812617778778076,,1063.2358679771423,46.22660517692566
3400,0.004572264850139618,,1063.7144696712494,46.23745512962341
3401,0.003983090631663799,,1064.0227537155151,46.248302698135376
3402,0.0029840748757123947,,1064.331734418869,46.25914812088013
3403,0.0025238364469259977,,1064.6408367156982,46.27000427246094
3404,0.002248729346320033,,1064.9496629238129,46.28086996078491
3405,0.005269818007946014,,1065.2588140964508,46.291725873947144
3406,0.00414418987929821,,1065.5669689178467,46.3025758266449
3407,0.004396315664052963,,1065.8772146701813,46.313427686691284
3408,0.0033167011570185423,,1066.1870136260986,46.32428741455078
3409,0.0035874152090400457,,1066.4945545196533,46.33515214920044
3410,0.009796559810638428,,1066.8035531044006,46.346025466918945
3411,0.016386207193136215,,1067.1131942272186,46.35687828063965
3412,0.0087279686704278,,1067.4217863082886,46.36772060394287
3413,0.005463048350065947,,1067.729015827179,46.37857937812805
3414,0.008082360960543156,,1068.0365512371063,46.38942050933838
3415,0.007125081494450569,,1068.3460874557495,46.40027618408203
3416,0.0025027610827237368,,1068.6534886360168,46.411134004592896
3417,0.002620818093419075,,1068.9631643295288,46.42199230194092
3418,0.01164205465465784,,1069.2724692821503,46.43283987045288
3419,0.004065901506692171,,1069.581309556961,46.44369983673096
3420,0.005611243192106485,,1069.8890762329102,46.45455884933472
3421,0.003422948531806469,,1070.198805809021,46.465420961380005
3422,0.004409922752529383,,1070.507764339447,46.47628045082092
3423,0.007726164069026709,,1070.819518327713,46.48711919784546
3424,0.0035524361301213503,,1071.1282665729523,46.49797296524048
3425,0.006501736119389534,,1071.4368770122528,46.50882053375244
3426,0.004762997850775719,,1071.7442939281464,46.519673585891724
3427,0.004361022263765335,,1072.053813457489,46.53051400184631
3428,0.006390424445271492,,1072.3630442619324,46.54136657714844
3429,0.0024373191408813,,1072.670961856842,46.552226305007935
3430,0.003303925972431898,,1072.9811565876007,46.56307601928711
3431,0.002545694587752223,,1073.2907884120941,46.573923110961914
3432,0.0032668630592525005,,1073.600180387497,46.58478093147278
3433,0.008549869991838932,,1073.9082701206207,46.59563088417053
3434,0.005998923443257809,,1074.2152717113495,46.60649251937866
3435,0.013870565220713615,,1074.5236494541168,46.61733102798462
3436,0.01242351345717907,,1074.834187746048,46.628194093704224
3437,0.009930132888257504,,1075.146196603775,46.63905072212219
3438,0.0056941816583275795,,1075.4536981582642,46.64992809295654
3439,0.006539684254676104,,1075.7633323669434,46.66078472137451
3440,0.00584800262004137,,1076.0731580257416,46.67163872718811
3441,0.005402653012424707,,1076.3825619220734,46.6824791431427
3442,0.011354922316968441,,1076.6909358501434,46.69333600997925
3443,0.007012657355517149,,1077.0014119148254,46.70418190956116
3444,0.004702076315879822,,1077.309538602829,46.715025424957275
3445,0.0050833988934755325,,1077.6170568466187,46.72588562965393
3446,0.007266873959451914,,1077.9277379512787,46.7367148399353
3447,0.00656241225078702,,1078.2373480796814,46.74756383895874
3448,0.006614703685045242,,1078.544853925705,46.75843381881714
3449,0.004542699549347162,,1078.8536267280579,46.76929712295532
3450,0.005560607649385929,,1079.3343403339386,46.78013896942139
3451,0.008495451882481575,,1079.6435143947601,46.790993213653564
3452,0.009952395223081112,,1079.9515988826752,46.8018434047699
3453,0.004560757894068956,,1080.2588143348694,46.81269979476929
3454,0.0062988498248159885,,1080.5672805309296,46.82354211807251
3455,0.0057336194440722466,,1080.8751599788666,46.83439540863037
3456,0.004539337940514088,,1081.1841638088226,46.845258712768555
3457,0.0029987627640366554,,1081.4932844638824,46.85611295700073
3458,0.006991507485508919,,1081.799559354782,46.866962909698486
3459,0.008683444000780582,,1082.1073741912842,46.87781071662903
3460,0.002600159263238311,,1082.4161231517792,46.888659715652466
3461,0.006212326232343912,,1082.7245712280273,46.89951825141907
3462,0.0030230244155973196,,1083.0323958396912,46.91037058830261
3463,0.0024089368525892496,,1083.3413228988647,46.92122840881348
3464,0.0035066790878772736,,1083.6511781215668,46.93229103088379
3465,0.0029723765328526497,,1083.9591524600983,46.94315218925476
3466,0.005198473110795021,,1084.2684228420258,46.95400905609131
3467,0.002743832301348448,,1084.5782165527344,46.96496343612671
3468,0.0036512461956590414,,1084.8865411281586,46.975826263427734
3469,0.004381597973406315,,1085.1961648464203,46.98667120933533
3470,0.004605008289217949,,1085.5040102005005,46.99752354621887
3471,0.004823253955692053,,1085.813106060028,47.008365631103516
3472,0.01095420029014349,,1086.122769832611,47.01922821998596
3473,0.0038585993461310863,,1086.430081129074,47.03006601333618
3474,0.005574141163378954,,1086.7369956970215,47.04092311859131
3475,0.005401308182626963,,1087.046801328659,47.05177640914917
3476,0.013069120235741138,,1087.3567259311676,47.06263303756714
3477,0.0046520228497684,,1087.6651089191437,47.07348871231079
3478,0.0041170744225382805,,1087.9766676425934,47.084331035614014
3479,0.002593748504295945,,1088.2855627536774,47.09519982337952
3480,0.007681639399379492,,1088.594706773758,47.106056928634644
3481,0.002570581389591098,,1088.9048635959625,47.11690044403076
3482,0.002822450129315257,,1089.2131311893463,47.12775182723999
3483,0.004345872439444065,,1089.520828485489,47.13860726356506
3484,0.0033168038353323936,,1089.8286445140839,47.14946675300598
3485,0.009861069731414318,,1090.1381793022156,47.1603147983551
3486,0.0025900378823280334,,1090.446903705597,47.17116594314575
3487,0.004290447570383549,,1090.7562546730042,47.18202447891235
3488,0.002820819616317749,,1091.064499616623,47.19288873672485
3489,0.006113625597208738,,1091.374013185501,47.2037467956543
3490,0.004520864225924015,,1091.6822080612183,47.21460509300232
3491,0.0045854477211833,,1091.9943671226501,47.22545385360718
3492,0.006103274412453175,,1092.3023381233215,47.23632860183716
3493,0.0089283287525177,,1092.611614227295,47.247174978256226
3494,0.006880195811390877,,1092.9195201396942,47.25802993774414
3495,0.006590785924345255,,1093.2280225753784,47.268887519836426
3496,0.003661045106127858,,1093.5346987247467,47.279749631881714
3497,0.009898041374981403,,1093.8425953388214,47.29059457778931
3498,0.003363821655511856,,1094.1534311771393,47.30146050453186
3499,0.0031351419165730476,,1094.461848974228,47.312337160110474
3500,0.0038571609184145927,0.0018755181226879358,1094.9395415782928,48.65013837814331
3501,0.0034462653566151857,,1095.2484004497528,48.66098928451538
3502,0.005221075378358364,,1095.5601799488068,48.67184543609619
3503,0.004965636413544416,,1095.8706729412079,48.68269085884094
3504,0.011020987294614315,,1096.177565574646,48.693554401397705
3505,0.0050992099568247795,,1096.4869973659515,48.704408168792725
3506,0.006724359001964331,,1096.7960169315338,48.71526551246643
3507,0.004041892942041159,,1097.1038312911987,48.726125717163086
3508,0.004829957615584135,,1097.4142360687256,48.736982345581055
3509,0.00427451403811574,,1097.7241508960724,48.74783444404602
3510,0.009049390442669392,,1098.0337283611298,48.7586932182312
3511,0.0023800639901310205,,1098.3430469036102,48.76955032348633
3512,0.008387423120439053,,1098.6516580581665,48.7804000377655
3513,0.005286029074341059,,1098.9610257148743,48.791271924972534
3514,0.004497727379202843,,1099.2691674232483,48.802130699157715
3515,0.00339519209228456,,1099.5779418945312,48.81298017501831
3516,0.005150860641151667,,1099.8863325119019,48.82383441925049
3517,0.00392197398468852,,1100.196905374527,48.834681034088135
3518,0.003794686868786812,,1100.5046997070312,48.84553050994873
3519,0.002336004748940468,,1100.8135161399841,48.8563756942749
3520,0.004352844785898924,,1101.1236593723297,48.867231130599976
3521,0.0059949676506221294,,1101.4314172267914,48.87809467315674
3522,0.005131407640874386,,1101.7402815818787,48.88894271850586
3523,0.0062345885671675205,,1102.0510566234589,48.899797439575195
3524,0.008525329641997814,,1102.359456539154,48.91066002845764
3525,0.004215359687805176,,1102.6666140556335,48.92150115966797
3526,0.004313031677156687,,1102.9740526676178,48.93236041069031
3527,0.0027629313990473747,,1103.2824311256409,48.94321060180664
3528,0.006556374952197075,,1103.592119693756,48.95406651496887
3529,0.010197281837463379,,1103.9027206897736,48.964948654174805
3530,0.006256850901991129,,1104.2127196788788,48.97579860687256
3531,0.002598383231088519,,1104.5215027332306,48.986653566360474
3532,0.006286309100687504,,1104.8305280208588,48.99751400947571
3533,0.002895183162763715,,1105.1410002708435,49.008357763290405
3534,0.0034589897841215134,,1105.448678970337,49.01921606063843
3535,0.0054302578791975975,,1105.7575588226318,49.03008031845093
3536,0.00895126536488533,,1106.0690281391144,49.04094123840332
3537,0.018365275114774704,,1106.3790678977966,49.051796197891235
3538,0.009616184048354626,,1106.687156677246,49.06265735626221
3539,0.008414017967879772,,1106.995150566101,49.07350707054138
3540,0.002816127147525549,,1107.3065993785858,49.08436989784241
3541,0.0024810556787997484,,1107.6161720752716,49.095216512680054
3542,0.0035605437587946653,,1107.9255940914154,49.10606288909912
3543,0.0035996227525174618,,1108.2335715293884,49.11692261695862
3544,0.00870570633560419,,1108.5418527126312,49.12777853012085
3545,0.0043568662367761135,,1108.8504614830017,49.138620376586914
3546,0.002349569695070386,,1109.1580250263214,49.14946627616882
3547,0.003492745803669095,,1109.4666607379913,49.160332441329956
3548,0.006457211449742317,,1109.7744290828705,49.17118501663208
3549,0.008750231005251408,,1110.0831208229065,49.18203687667847
3550,0.010575740598142147,,1110.5602400302887,49.1928813457489
3551,0.012801973149180412,,1110.8710856437683,49.20373749732971
3552,0.004284449853003025,,1111.180795431137,49.21459221839905
3553,0.004803115036338568,,1111.4895508289337,49.22547125816345
3554,0.0035537697840481997,,1111.7981135845184,49.236324071884155
3555,0.002827415941283107,,1112.1056699752808,49.24718356132507
3556,0.0024344187695533037,,1112.4141359329224,49.258044719696045
3557,0.005238128826022148,,1112.7221984863281,49.268898248672485
3558,0.0028752165380865335,,1113.0313503742218,49.27976393699646
3559,0.007102819159626961,,1113.3393034934998,49.29062223434448
3560,0.006501736119389534,,1113.6495208740234,49.30149865150452
3561,0.00480979960411787,,1113.958488225937,49.312363386154175
3562,0.005633505526930094,,1114.266616821289,49.323209047317505
3563,0.002589623210951686,,1114.5761992931366,49.334052324295044
3564,0.006232656072825193,,1114.885103225708,49.344892263412476
3565,0.003072544001042843,,1115.1942982673645,49.35574388504028
3566,0.00997465755790472,,1115.5033390522003,49.36659097671509
3567,0.004092579707503319,,1115.8121037483215,49.37744450569153
3568,0.008703429251909256,,1116.1221294403076,49.38830375671387
3569,0.00859211664646864,,1116.4292616844177,49.399160623550415
3570,0.0031852328684180975,,1116.738145828247,49.4100022315979
3571,0.00246036471799016,,1117.0467555522919,49.42086124420166
3572,0.0028065762016922235,,1117.356496810913,49.431721687316895
3573,0.0028917875606566668,,1117.6646478176117,49.44257164001465
3574,0.002516489941626787,,1117.9732611179352,49.453426122665405
3575,0.0033570686355233192,,1118.2818758487701,49.464285135269165
3576,0.004321206361055374,,1118.593561887741,49.47514081001282
3577,0.0036061424762010574,,1118.9013669490814,49.48598289489746
3578,0.003899554256349802,,1119.209044456482,49.49683237075806
3579,0.005270912311971188,,1119.5181965827942,49.50768685340881
3580,0.004184719640761614,,1119.828279018402,49.51855397224426
3581,0.007926524616777897,,1120.1374018192291,49.529409408569336
3582,0.0058721029199659824,,1120.4472796916962,49.54026556015015
3583,0.007258850149810314,,1120.756772518158,49.55111908912659
3584,0.004517283756285906,,1121.0645332336426,49.56196618080139
3585,0.003244127845391631,,1121.373327255249,49.572842597961426
3586,0.009418100118637085,,1121.6815731525421,49.58368992805481
3587,0.004276779945939779,,1121.9896099567413,49.59453749656677
3588,0.0026984938886016607,,1122.2991223335266,49.605393409729004
3589,0.003448232775554061,,1122.6077990531921,49.61625337600708
3590,0.003539340104907751,,1122.9169218540192,49.62710475921631
3591,0.0029927317518740892,,1123.2284789085388,49.637959718704224
3592,0.004619987681508064,,1123.535504102707,49.64881491661072
3593,0.003694117534905672,,1123.8431434631348,49.65966486930847
3594,0.0023654273245483637,,1124.153822183609,49.67052102088928
3595,0.002620454179123044,,1124.464881181717,49.68136930465698
3596,0.004155454691499472,,1124.7769525051117,49.69223666191101
3597,0.002883341396227479,,1125.087976694107,49.70308589935303
3598,0.00876266323029995,,1125.3958361148834,49.71393394470215
3599,0.004940621089190245,,1125.7049353122711,49.72480320930481
3600,0.0033806480932980776,,1126.1833236217499,49.73567295074463
3601,0.006244683638215065,,1126.4917044639587,49.746522426605225
3602,0.0026382384821772575,,1126.8005738258362,49.75737285614014
3603,0.0032540333922952414,,1127.113119840622,49.768226861953735
3604,0.004229405429214239,,1127.420763015747,49.77908492088318
3605,0.006174655631184578,,1127.7287306785583,49.78993535041809
3606,0.004226153716444969,,1128.0371980667114,49.80079007148743
3607,0.007191868033260107,,1128.34659075737,49.811654806137085
3608,0.0042765503749251366,,1128.6551113128662,49.822508811950684
3609,0.0061502642929553986,,1128.962933063507,49.833364486694336
3610,0.00400288961827755,,1129.2692410945892,49.84420919418335
3611,0.012356726452708244,,1129.5777881145477,49.855058908462524
3612,0.003037739545106888,,1129.8869104385376,49.86591720581055
3613,0.0034481221809983253,,1130.1987376213074,49.87675428390503
3614,0.006702096667140722,,1130.5085320472717,49.887612104415894
3615,0.0031229283194988966,,1130.8185348510742,49.89847111701965
3616,0.01033085584640503,,1131.127058506012,49.909329414367676
3617,0.006323637906461954,,1131.4356014728546,49.92023539543152
3618,0.0032934346236288548,,1131.7444174289703,49.93108606338501
3619,0.003648570040240884,,1132.0530791282654,49.941946506500244
3620,0.0023782120551913977,,1132.3612775802612,49.952805042266846
3621,0.004451923072338104,,1132.6689717769623,49.96365571022034
3622,0.007080556824803352,,1132.9775817394257,49.974518060684204
3623,0.005255046300590038,,1133.2865195274353,49.985376834869385
3624,0.002383279614150524,,1133.5959351062775,49.996232986450195
3625,0.003211913863196969,,1133.9052426815033,50.0070903301239
3626,0.002467817161232233,,1134.2130799293518,50.01795315742493
3627,0.0037078633904457092,,1134.5221824645996,50.028810024261475
3628,0.004252775106579065,,1134.8319432735443,50.039676666259766
3629,0.0027278868947178125,,1135.1415457725525,50.05052089691162
3630,0.00525977136567235,,1135.448653459549,50.061387062072754
3631,0.0025834408588707447,,1135.7580351829529,50.07224440574646
3632,0.0027032862417399883,,1136.0665502548218,50.08308506011963
3633,0.009215462021529675,,1136.376657485962,50.093931674957275
3634,0.0026107870507985353,,1136.6858217716217,50.10479474067688
3635,0.008260459639132023,,1136.994807958603,50.11564779281616
3636,0.011889218352735043,,1137.3028070926666,50.126500606536865
3637,0.006428264547139406,,1137.6095151901245,50.137354612350464
3638,0.0033051169011741877,,1137.9195294380188,50.14819693565369
3639,0.003929997328668833,,1138.2285466194153,50.15903639793396
3640,0.006305822636932135,,1138.5367183685303,50.169888973236084
3641,0.007303179707378149,,1138.847354888916,50.18073320388794
3642,0.01213410310447216,,1139.155107498169,50.19157910346985
3643,0.006570782978087664,,1139.4642434120178,50.20243048667908
3644,0.006427458021789789,,1139.772861480713,50.2132933139801
3645,0.010219544172286987,,1140.0811307430267,50.22415113449097
3646,0.011243610642850399,,1140.3901062011719,50.23500370979309
3647,0.01513951551169157,,1140.6996331214905,50.24586224555969
3648,0.005181524436920881,,1141.0089371204376,50.256714820861816
3649,0.009150952100753784,,1141.320613861084,50.26757216453552
3650,0.012223152443766594,,1141.799376964569,50.27843356132507
3651,0.006434949114918709,,1142.1073124408722,50.28929042816162
3652,0.0067688836716115475,,1142.4168231487274,50.300143003463745
3653,0.011844693683087826,,1142.7276093959808,50.3110089302063
3654,0.007436753250658512,,1143.0368328094482,50.32187843322754
3655,0.004965575877577066,,1143.3467304706573,50.332730531692505
3656,0.007177263498306274,,1143.654447555542,50.343597412109375
3657,0.012178627774119377,,1143.9633882045746,50.354453802108765
3658,0.008021960034966469,,1144.2718074321747,50.36530041694641
3659,0.011332659982144833,,1144.5810878276825,50.37615776062012
3660,0.013736991211771965,,1144.8900985717773,50.387009143829346
3661,0.010108232498168945,,1145.2002234458923,50.397863149642944
3662,0.011711119674146175,,1145.508181810379,50.40872025489807
3663,0.005418835673481226,,1145.8190569877625,50.41956663131714
3664,0.005140592809766531,,1146.1269249916077,50.430420875549316
3665,0.004809947684407234,,1146.4362173080444,50.441275119781494
3666,0.004192494787275791,,1146.7460420131683,50.4521324634552
3667,0.006076647434383631,,1147.0583786964417,50.462979316711426
3668,0.003685015020892024,,1147.3679077625275,50.47383761405945
3669,0.005128777120262384,,1147.676400899887,50.48469138145447
3670,0.004698691423982382,,1147.9837551116943,50.495535135269165
3671,0.005837760865688324,,1148.2928297519684,50.506394147872925
3672,0.011755644343793392,,1148.6028833389282,50.51725697517395
3673,0.005216737277805805,,1148.9110345840454,50.528112173080444
3674,0.0038219005800783634,,1149.2176434993744,50.53895163536072
3675,0.0038161189295351505,,1149.526067495346,50.5497989654541
3676,0.002689096610993147,,1149.8340866565704,50.5606586933136
3677,0.004999060183763504,,1150.143215894699,50.57153367996216
3678,0.0029874304309487343,,1150.4526796340942,50.58238077163696
3679,0.003717745654284954,,1150.7627198696136,50.59323692321777
3680,0.004123674239963293,,1151.0713498592377,50.60410737991333
3681,0.0055337282828986645,,1151.3800370693207,50.61497354507446
3682,0.004079150035977364,,1151.6885075569153,50.62584209442139
3683,0.004450282547622919,,1151.997624874115,50.63670563697815
3684,0.0031303928699344397,,1152.3067495822906,50.64755630493164
3685,0.003656454384326935,,1152.6150658130646,50.65841221809387
3686,0.0048353830352425575,,1152.9239070415497,50.669270753860474
3687,0.004637968726456165,,1153.234531879425,50.680129528045654
3688,0.0034750383347272873,,1153.542756319046,50.69098877906799
3689,0.004765477031469345,,1153.8501191139221,50.70184016227722
3690,0.003999466076493263,,1154.1591489315033,50.71269702911377
3691,0.00515976594761014,,1154.467465877533,50.72356057167053
3692,0.005238204263150692,,1154.7756481170654,50.734434604644775
3693,0.005249112378805876,,1155.0847651958466,50.745291233062744
3694,0.005441722925752401,,1155.3966121673584,50.75615930557251
3695,0.004795041400939226,,1155.7081878185272,50.76702117919922
3696,0.005785756278783083,,1156.0158767700195,50.77788686752319
3697,0.006936260033398867,,1156.3281111717224,50.78874850273132
3698,0.0056294966489076614,,1156.6362357139587,50.79961085319519
3699,0.004076285287737846,,1156.9457592964172,50.810476779937744
3700,0.007293930742889643,,1157.4236543178558,50.821327447891235
3701,0.0051094829104840755,,1157.7311975955963,50.83219122886658
3702,0.004132070578634739,,1158.0410540103912,50.84304451942444
3703,0.007639194373041391,,1158.350180387497,50.85388517379761
3704,0.009389515966176987,,1158.6592631340027,50.86474370956421
3705,0.006609721574932337,,1158.9681363105774,50.87559747695923
3706,0.005805315915495157,,1159.276539325714,50.886470556259155
3707,0.004779061768203974,,1159.5850911140442,50.897331953048706
3708,0.0032556483056396246,,1159.893626689911,50.90818405151367
3709,0.0027019905392080545,,1160.20192527771,50.9190411567688
3710,0.0025052421260625124,,1160.5114951133728,50.929882526397705
3711,0.0029254888650029898,,1160.8190758228302,50.94073963165283
3712,0.007042430806905031,,1161.1270730495453,50.95158338546753
3713,0.006864332593977451,,1161.435397386551,50.962438106536865
3714,0.0028754312079399824,,1161.7456121444702,50.973305225372314
3715,0.003216453595086932,,1162.0520017147064,50.98414850234985
3716,0.0035259369760751724,,1162.360544204712,50.995001792907715
3717,0.003190866205841303,,1162.6689765453339,51.00584387779236
3718,0.003514958778396249,,1162.980033159256,51.01669454574585
3719,0.0051507786847651005,,1163.289620399475,51.02753257751465
3720,0.008285925723612309,,1163.5981245040894,51.03838896751404
3721,0.006541910115629435,,1163.9080851078033,51.04925203323364
3722,0.005227898713201284,,1164.2182185649872,51.0600962638855
3723,0.004434458911418915,,1164.5259640216827,51.07096076011658
3724,0.004752835724502802,,1164.8355531692505,51.08181381225586
3725,0.006206864956766367,,1165.1423001289368,51.09268140792847
3726,0.004168874118477106,,1165.4545359611511,51.10355877876282
3727,0.0033928700722754,,1165.764312505722,51.11442494392395
3728,0.009551674127578735,,1166.073537349701,51.12529420852661
3729,0.015250827185809612,,1166.3809089660645,51.13615822792053
3730,0.006127288565039635,,1166.6918079853058,51.14701271057129
3731,0.0070657869800925255,,1167.0012464523315,51.157859802246094
3732,0.004643821623176336,,1167.309942483902,51.16871094703674
3733,0.00405793497338891,,1167.6167559623718,51.17956304550171
3734,0.0034599360078573227,,1167.926319360733,51.19041919708252
3735,0.004419188015162945,,1168.2357420921326,51.201263427734375
3736,0.0028621891979128122,,1168.5434110164642,51.21210289001465
3737,0.003291444154456258,,1168.851291179657,51.222967863082886
3738,0.0027318126522004604,,1169.1604840755463,51.23382067680359
3739,0.002884480869397521,,1169.4693040847778,51.2446722984314
3740,0.003401334397494793,,1169.7764666080475,51.255531787872314
3741,0.0028442805632948875,,1170.0839548110962,51.26638388633728
3742,0.0030757426284253597,,1170.3927385807037,51.277233839035034
3743,0.0045379032380878925,,1170.700642824173,51.288097858428955
3744,0.0063232071697711945,,1171.0092558860779,51.29896855354309
3745,0.005445690359920263,,1171.3176944255829,51.30981373786926
3746,0.004222212824970484,,1171.6289360523224,51.32065463066101
3747,0.0063943746499717236,,1171.9386456012726,51.3315155506134
3748,0.0038687188643962145,,1172.2474591732025,51.34236478805542
3749,0.004041775595396757,,1172.556747674942,51.35322070121765
3750,0.008878378197550774,,1173.034850358963,51.36407828330994
3751,0.0032403836958110332,,1173.3450260162354,51.37493562698364
3752,0.006546313874423504,,1173.6527409553528,51.38577151298523
3753,0.00809067115187645,,1173.9619913101196,51.39662003517151
3754,0.0037014710251241922,,1174.2713227272034,51.407471656799316
3755,0.004740001168102026,,1174.5792474746704,51.41832399368286
3756,0.0028998348861932755,,1174.8867709636688,51.42916989326477
3757,0.0028679538518190384,,1175.1967332363129,51.44003367424011
3758,0.0026660235598683357,,1175.5064506530762,51.45089292526245
3759,0.006323637906461954,,1175.815535068512,51.46175193786621
3760,0.0027261748909950256,,1176.124178647995,51.472617387771606
3761,0.0032436875626444817,,1176.435468673706,51.48348259925842
3762,0.0030320174992084503,,1176.7448990345001,51.49433660507202
3763,0.007347704377025366,,1177.0539264678955,51.50519132614136
3764,0.003001035191118717,,1177.36204123497,51.516053676605225
3765,0.004616415593773127,,1177.6700510978699,51.52690625190735
3766,0.008304320275783539,,1177.98144197464,51.537758350372314
3767,0.013981031253933907,,1178.2907269001007,51.548601150512695
3768,0.013801499269902706,,1178.5997698307037,51.55945920944214
3769,0.015114977024495602,,1178.9083540439606,51.570311307907104
3770,0.016517503187060356,,1179.2158544063568,51.58116292953491
3771,0.011598962359130383,,1179.5245361328125,51.592018127441406
3772,0.0028519860934466124,,1179.8342628479004,51.602869272232056
3773,0.004522062838077545,,1180.1440780162811,51.613709688186646
3774,0.004919855389744043,,1180.4527621269226,51.62456250190735
3775,0.003586100647225976,,1180.7621994018555,51.63541221618652
3776,0.005009138025343418,,1181.0712893009186,51.646254777908325
3777,0.0036549889482557774,,1181.380674123764,51.65709900856018
3778,0.0040781572461128235,,1181.6885828971863,51.66794395446777
3779,0.003300321754068136,,1181.9987783432007,51.67879581451416
3780,0.0030959490686655045,,1182.3076314926147,51.689645528793335
3781,0.00906190276145935,,1182.6164174079895,51.70050835609436
3782,0.010753839276731014,,1182.9254734516144,51.71135210990906
3783,0.006501736119389534,,1183.2337033748627,51.72218918800354
3784,0.005465516354888678,,1183.5431237220764,51.73304891586304
3785,0.005724459420889616,,1183.854201555252,51.74389839172363
3786,0.006430414970964193,,1184.161714553833,51.7547287940979
3787,0.005853693000972271,,1184.470551252365,51.76556348800659
3788,0.009497326798737049,,1184.7790625095367,51.77640986442566
3789,0.008788452483713627,,1185.0873057842255,51.787253618240356
3790,0.005116027779877186,,1185.3948044776917,51.79810285568237
3791,0.005345507990568876,,1185.7033145427704,51.808956146240234
3792,0.002880478510633111,,1186.012092590332,51.819796323776245
3793,0.00322871096432209,,1186.320975780487,51.83063220977783
3794,0.0031612622551620007,,1186.6306698322296,51.84147310256958
3795,0.002517077839002013,,1186.94003200531,51.85231876373291
3796,0.0027863141149282455,,1187.2511839866638,51.86315846443176
3797,0.008681165985763073,,1187.5608804225922,51.87401485443115
3798,0.002643618732690811,,1187.8679175376892,51.884862184524536
3799,0.0035620962735265493,,1188.1763718128204,51.8957097530365
3800,0.004724041558802128,,1188.6552679538727,51.90655994415283
3801,0.004080993123352528,,1188.9652116298676,51.91740536689758
3802,0.003329904517158866,,1189.2729852199554,51.92824459075928
3803,0.005327817518264055,,1189.580724477768,51.939085245132446
3804,0.006880195811390877,,1189.8880650997162,51.949923038482666
3805,0.006523998454213142,,1190.1975662708282,51.96076846122742
3806,0.004817043896764517,,1190.5064187049866,51.97162675857544
3807,0.009183527901768684,,1190.8153672218323,51.9824755191803
3808,0.004381958860903978,,1191.1237969398499,51.99332571029663
3809,0.006125996354967356,,1191.4336278438568,52.00418281555176
3810,0.008279546163976192,,1191.7418262958527,52.01503109931946
3811,0.005376921966671944,,1192.0508527755737,52.02588629722595
3812,0.003518897807225585,,1192.358252286911,52.03674674034119
3813,0.0048919375985860825,,1192.6656403541565,52.04760408401489
3814,0.005894695874303579,,1192.9746108055115,52.05846643447876
3815,0.003496869234368205,,1193.2833988666534,52.06931447982788
3816,0.0059297699481248856,,1193.5930938720703,52.080162525177
3817,0.004229182843118906,,1193.9012863636017,52.091020822525024
3818,0.004510081838816404,,1194.2090327739716,52.101866722106934
3819,0.00417689373716712,,1194.5173304080963,52.112728118896484
3820,0.004242598544806242,,1194.823748588562,52.123576402664185
3821,0.005072489846497774,,1195.1334438323975,52.13441300392151
3822,0.008404101245105267,,1195.442354440689,52.14526724815369
3823,0.008294112980365753,,1195.750938653946,52.15611004829407
3824,0.005455295089632273,,1196.0600998401642,52.166961669921875
3825,0.0044476669281721115,,1196.3696608543396,52.17780542373657
3826,0.007058294489979744,,1196.6780333518982,52.18864941596985
3827,0.0064126867800951,,1196.985345363617,52.19949722290039
3828,0.01017501950263977,,1197.2961640357971,52.2103476524353
3829,0.006857933476567268,,1197.6057713031769,52.22119450569153
3830,0.003212812589481473,,1197.9153909683228,52.2320454120636
3831,0.0025135332252830267,,1198.2239418029785,52.24288749694824
3832,0.0041092680767178535,,1198.5304515361786,52.25375032424927
3833,0.003548577195033431,,1198.8391871452332,52.264601945877075
3834,0.0026192034129053354,,1199.1470820903778,52.27544403076172
3835,0.0038183077704161406,,1199.4564781188965,52.28629684448242
3836,0.006816347129642963,,1199.764880180359,52.297144412994385
3837,0.008149933069944382,,1200.0738773345947,52.307982444763184
3838,0.006541726645082235,,1200.3820683956146,52.3188214302063
3839,0.0061323316767811775,,1200.6910405158997,52.32966637611389
3840,0.0037346191238611937,,1200.9988553524017,52.34052324295044
3841,0.004050929099321365,,1201.3093478679657,52.351391553878784
3842,0.0034907322842627764,,1201.6188714504242,52.362242698669434
3843,0.003888138569891453,,1201.9254558086395,52.3730890750885
3844,0.002777113113552332,,1202.234525680542,52.38394284248352
3845,0.002712399000301957,,1202.5447018146515,52.394787311553955
3846,0.0026939420495182276,,1202.8537149429321,52.4056441783905
3847,0.004345878958702087,,1203.163533449173,52.41649532318115
3848,0.006093750707805157,,1203.4714887142181,52.42733669281006
3849,0.003907972946763039,,1203.781638622284,52.43819046020508
3850,0.004888919647783041,,1204.2597241401672,52.44904541969299
3851,0.005648063961416483,,1204.5706000328064,52.459882974624634
3852,0.009088925085961819,,1204.8789501190186,52.47072649002075
3853,0.008926913142204285,,1205.188646554947,52.4815788269043
3854,0.007447507232427597,,1205.4966552257538,52.492438316345215
3855,0.006318313535302877,,1205.8043503761292,52.50328803062439
3856,0.008918152190744877,,1206.1144058704376,52.51413416862488
3857,0.009129188023507595,,1206.4233565330505,52.52497220039368
3858,0.012334464117884636,,1206.7311108112335,52.53583550453186
3859,0.0060296254232525826,,1207.0379214286804,52.5466833114624
3860,0.004131000488996506,,1207.3463044166565,52.557533740997314
3861,0.00380725902505219,,1207.6557190418243,52.56837821006775
3862,0.0037466890644282103,,1207.9654750823975,52.579233169555664
3863,0.004638678394258022,,1208.2737526893616,52.590078830718994
3864,0.002591370837762952,,1208.5838186740875,52.60091781616211
3865,0.004698488395661116,,1208.8916018009186,52.61176347732544
3866,0.007681639399379492,,1209.1997735500336,52.62260437011719
3867,0.01017501950263977,,1209.5075852870941,52.63345003128052
3868,0.002892573829740286,,1209.8181722164154,52.64431071281433
3869,0.011488495394587517,,1210.1256790161133,52.655147552490234
3870,0.011176823638379574,,1210.4339890480042,52.665992736816406
3871,0.004437111783772707,,1210.741013288498,52.67683982849121
3872,0.0025658730883151293,,1211.0501372814178,52.68768358230591
3873,0.0027210605330765247,,1211.358639717102,52.69852900505066
3874,0.008037836290895939,,1211.667428970337,52.7093722820282
3875,0.009818822145462036,,1211.975286245346,52.720219373703
3876,0.0031529658008366823,,1212.2874782085419,52.73106622695923
3877,0.0035028669517487288,,1212.596398115158,52.74190878868103
3878,0.0034517955500632524,,1212.9070508480072,52.75275492668152
3879,0.006931019015610218,,1213.2152070999146,52.7636034488678
3880,0.0037108613178133965,,1213.5231857299805,52.77444863319397
3881,0.0049531590193510056,,1213.8309800624847,52.785298347473145
3882,0.0032040015794336796,,1214.1380486488342,52.796151638031006
3883,0.0052987318485975266,,1214.4458582401276,52.807005167007446
3884,0.005588980857282877,,1214.7547838687897,52.81786298751831
3885,0.0033068154007196426,,1215.062558889389,52.82871961593628
3886,0.0030611471738666296,,1215.3708982467651,52.839566469192505
3887,0.0036680353805422783,,1215.6776902675629,52.8504102230072
3888,0.0089283287525177,,1215.986007452011,52.86127257347107
3889,0.0070360321551561356,,1216.2951273918152,52.87213683128357
3890,0.0061455387622118,,1216.6015725135803,52.88298010826111
3891,0.0034808600321412086,,1216.9104657173157,52.893829345703125
3892,0.0031935139559209347,,1217.2204842567444,52.90466666221619
3893,0.005382689647376537,,1217.5284485816956,52.9155056476593
3894,0.004304854664951563,,1217.8392705917358,52.92634916305542
3895,0.006117939483374357,,1218.1470494270325,52.937209606170654
3896,0.005589392501860857,,1218.455453634262,52.94805383682251
3897,0.006258686538785696,,1218.7633471488953,52.958921909332275
3898,0.005590477958321571,,1219.0716457366943,52.96976971626282
3899,0.003025305224582553,,1219.3793938159943,52.98060870170593
3900,0.004300238098949194,,1219.8589363098145,52.9914448261261
3901,0.0031551457941532135,,1220.1669535636902,53.002283334732056
3902,0.00689662154763937,,1220.4755718708038,53.013121604919434
3903,0.00397708173841238,,1220.784984588623,53.02398419380188
3904,0.0030115360859781504,,1221.0926942825317,53.034828186035156
3905,0.003096250584349036,,1221.401448249817,53.04567503929138
3906,0.004576914943754673,,1221.7109138965607,53.05652093887329
3907,0.007059150841087103,,1222.0205721855164,53.06737732887268
3908,0.00546469260007143,,1222.328233242035,53.07822322845459
3909,0.004132185131311417,,1222.635237455368,53.08908152580261
3910,0.003921529743820429,,1222.944293498993,53.09992980957031
3911,0.008607407100498676,,1223.2537577152252,53.110777616500854
3912,0.005357051733881235,,1223.5627253055573,53.12162661552429
3913,0.007549084257334471,,1223.870492696762,53.132495403289795
3914,0.004640841390937567,,1224.1780724525452,53.14334297180176
3915,0.005057123024016619,,1224.4889006614685,53.154202938079834
3916,0.0072199758142232895,,1224.7969036102295,53.16504120826721
3917,0.004788739141076803,,1225.105182170868,53.17589497566223
3918,0.006801695097237825,,1225.4139873981476,53.18674349784851
3919,0.005532832816243172,,1225.7222800254822,53.19759678840637
3920,0.0038310501258820295,,1226.0316755771637,53.20844078063965
3921,0.0029127278830856085,,1226.341331243515,53.219298362731934
3922,0.007550171576440334,,1226.65021276474,53.23014807701111
3923,0.005906952079385519,,1226.96089553833,53.24099278450012
3924,0.0029216224793344736,,1227.2695910930634,53.251835346221924
3925,0.003821128746494651,,1227.5775439739227,53.26267099380493
3926,0.008963024243712425,,1227.88573884964,53.27354431152344
3927,0.009081888012588024,,1228.1939370632172,53.28441381454468
3928,0.008703773841261864,,1228.5034627914429,53.29527306556702
3929,0.009038977324962616,,1228.8131387233734,53.30611872673035
3930,0.00843771267682314,,1229.120931148529,53.31696701049805
3931,0.007320745382457972,,1229.4295415878296,53.32781386375427
3932,0.0035637530963867903,,1229.738009929657,53.338674545288086
3933,0.0037826155312359333,,1230.0452597141266,53.349523067474365
3934,0.0034639928489923477,,1230.3530695438385,53.36035943031311
3935,0.0030730345752090216,,1230.6622891426086,53.37120580673218
3936,0.0026547741144895554,,1230.970101594925,53.382060050964355
3937,0.0038429908454418182,,1231.2807366847992,53.39291262626648
3938,0.0032922287937253714,,1231.5895566940308,53.40376853942871
3939,0.002646817360073328,,1231.8977870941162,53.41460132598877
3940,0.0028285207226872444,,1232.2079420089722,53.4254469871521
3941,0.0030794364865869284,,1232.5168664455414,53.43628764152527
3942,0.003330717096105218,,1232.824857711792,53.44713044166565
3943,0.003897957969456911,,1233.131508588791,53.45797085762024
3944,0.004131830297410488,,1233.438508272171,53.46881818771362
3945,0.0078559136018157,,1233.7474529743195,53.47967267036438
3946,0.005380280315876007,,1234.060029745102,53.490522623062134
3947,0.004294624552130699,,1234.3677377700806,53.50136733055115
3948,0.005191665608435869,,1234.677606344223,53.51221537590027
3949,0.003911109175533056,,1234.989245891571,53.52307391166687
3950,0.00496147433295846,,1235.4695863723755,53.53391671180725
3951,0.003387682605534792,,1235.7781672477722,53.54477143287659
3952,0.003050039755180478,,1236.0871822834015,53.555630922317505
3953,0.0030409670434892178,,1236.396250963211,53.566471338272095
3954,0.0026354496367275715,,1236.7046582698822,53.57732391357422
3955,0.002895852318033576,,1237.0132641792297,53.58817410469055
3956,0.0057802144438028336,,1237.3217468261719,53.599013566970825
3957,0.005617292132228613,,1237.6308751106262,53.609851360321045
3958,0.005598214454948902,,1237.940750360489,53.62070441246033
3959,0.004534715320914984,,1238.249413728714,53.63154363632202
3960,0.0028832315001636744,,1238.5575151443481,53.64239549636841
3961,0.0029582614079117775,,1238.8653082847595,53.65324330329895
3962,0.007258655037730932,,1239.1746995449066,53.664082050323486
3963,0.005842328537255526,,1239.4834699630737,53.67492938041687
3964,0.0036686125677078962,,1239.791296005249,53.685787200927734
3965,0.003173786448314786,,1240.0999102592468,53.69663739204407
3966,0.004718422424048185,,1240.408368587494,53.70749258995056
3967,0.00442295940592885,,1240.7172801494598,53.718337059020996
3968,0.004598434083163738,,1241.0259478092194,53.72920322418213
3969,0.003725287737324834,,1241.3333594799042,53.74005341529846
3970,0.003358574118465185,,1241.6420316696167,53.7508909702301
3971,0.006489747203886509,,1241.9500486850739,53.76173186302185
3972,0.008298373781144619,,1242.2595691680908,53.77258014678955
3973,0.008289608173072338,,1242.5678589344025,53.783432722091675
3974,0.004200809635221958,,1242.877721786499,53.79428482055664
3975,0.004299759399145842,,1243.187820672989,53.80512452125549
3976,0.005435786210000515,,1243.4957947731018,53.815966844558716
3977,0.007273426279425621,,1243.8037872314453,53.826812744140625
3978,0.00371313514187932,,1244.1123208999634,53.83765625953674
3979,0.003584472229704261,,1244.4202461242676,53.848498821258545
3980,0.007637114729732275,,1244.7280504703522,53.859339475631714
3981,0.0051545328460633755,,1245.0365431308746,53.8701856136322
3982,0.006263792049139738,,1245.3462054729462,53.88103628158569
3983,0.005010189022868872,,1245.6549129486084,53.8918776512146
3984,0.004177473951131105,,1245.9631571769714,53.90273070335388
3985,0.004160843789577484,,1246.272004365921,53.913578510284424
3986,0.005118243861943483,,1246.57985663414,53.9244339466095
3987,0.011777906678617,,1246.8879249095917,53.935274839401245
3988,0.016408467665314674,,1247.1960151195526,53.9461407661438
3989,0.009420199319720268,,1247.5051403045654,53.95698404312134
3990,0.012891022488474846,,1247.8139448165894,53.96782469749451
3991,0.0065952083095908165,,1248.123374223709,53.97867679595947
3992,0.007589935790747404,,1248.431529045105,53.98953151702881
3993,0.006985855288803577,,1248.7387042045593,54.000378370285034
3994,0.009011030197143555,,1249.0485017299652,54.01123523712158
3995,0.006783343385905027,,1249.3572316169739,54.022083044052124
3996,0.007083968259394169,,1249.666310787201,54.03294038772583
3997,0.012033024802803993,,1249.9747009277344,54.04378414154053
3998,0.010322093032300472,,1250.2825963497162,54.054625272750854
3999,0.006507894489914179,,1250.593162059784,54.06548261642456
4000,0.0060017528012394905,0.0017383204540237784,1251.0711147785187,55.40324378013611
4001,0.005062408745288849,,1251.3808419704437,55.414103746414185
4002,0.006304990500211716,,1251.689002275467,55.424936294555664
4003,0.003822011174634099,,1251.9970953464508,55.43578219413757
4004,0.004144635982811451,,1252.3046371936798,55.4466278553009
4005,0.004412869922816753,,1252.61297082901,55.45747518539429
4006,0.010197281837463379,,1252.9209434986115,55.46832871437073
4007,0.006539864465594292,,1253.2304813861847,55.479187965393066
4008,0.00273145386017859,,1253.5406439304352,55.4900438785553
4009,0.0047430130653083324,,1253.850427865982,55.50089144706726
4010,0.003550636349245906,,1254.158400774002,55.511751890182495
4011,0.003252011025324464,,1254.468943119049,55.52261829376221
4012,0.003150918520987034,,1254.7771863937378,55.533466815948486
4013,0.005165996961295605,,1255.0858297348022,55.54431200027466
4014,0.003648814046755433,,1255.3943979740143,55.555158615112305
4015,0.00385881750844419,,1255.7028350830078,55.566020488739014
4016,0.0038632159121334553,,1256.0106728076935,55.576873540878296
4017,0.005388814955949783,,1256.320510149002,55.5877366065979
4018,0.0036434039939194918,,1256.6279892921448,55.59859108924866
4019,0.007548739202320576,,1256.9372029304504,55.60944366455078
4020,0.0027303234674036503,,1257.2458112239838,55.62030100822449
4021,0.0042530931532382965,,1257.5557661056519,55.63116669654846
4022,0.0034842670429497957,,1257.8646116256714,55.64201021194458
4023,0.004754155408591032,,1258.174315214157,55.65286207199097
4024,0.0047130766324698925,,1258.4820530414581,55.66372203826904
4025,0.004975093994289637,,1258.7913570404053,55.674570083618164
4026,0.0028389852959662676,,1259.100260257721,55.68542814254761
4027,0.0030101011507213116,,1259.4087526798248,55.69628643989563
4028,0.0026709341909736395,,1259.7171778678894,55.70714235305786
4029,0.0032818946056067944,,1260.0263149738312,55.7179958820343
4030,0.003068580524995923,,1260.33411860466,55.72885274887085
4031,0.0026930375024676323,,1260.6416013240814,55.73970317840576
4032,0.002442689146846533,,1260.9490540027618,55.75056505203247
4033,0.002530216472223401,,1261.257970571518,55.7614107131958
4034,0.003873454174026847,,1261.5667326450348,55.77227783203125
4035,0.002965485444292426,,1261.875571489334,55.783141136169434
4036,0.0024215769954025745,,1262.1835310459137,55.79398965835571
4037,0.0026132408529520035,,1262.4919714927673,55.804842948913574
4038,0.0073330397717654705,,1262.801417350769,55.815688133239746
4039,0.0032145667355507612,,1263.1104953289032,55.82654047012329
4040,0.0042084213346242905,,1263.4192054271698,55.83738923072815
4041,0.004385973326861858,,1263.727970123291,55.84823775291443
4042,0.006100752390921116,,1264.0343420505524,55.8590669631958
4043,0.005905897356569767,,1264.3429079055786,55.86991333961487
4044,0.0068213604390621185,,1264.6510438919067,55.880759716033936
4045,0.004559162072837353,,1264.9628276824951,55.89160466194153
4046,0.004091170150786638,,1265.2713830471039,55.902451276779175
4047,0.01066478993743658,,1265.5804650783539,55.91330027580261
4048,0.00417637825012207,,1265.8881216049194,55.92414593696594
4049,0.009573936462402344,,1266.199167251587,55.93499946594238
4050,0.004117727279663086,,1266.6755254268646,55.9458327293396
4051,0.003258943324908614,,1266.9819161891937,55.95667386054993
4052,0.003876686794683337,,1267.2896146774292,55.96752190589905
4053,0.0037009394727647305,,1267.5961933135986,55.97836947441101
4054,0.004355099983513355,,1267.904976606369,55.98922348022461
4055,0.00596744054928422,,1268.2129006385803,56.00006699562073
4056,0.003503835294395685,,1268.521716594696,56.01093316078186
4057,0.004277177155017853,,1268.831954240799,56.0217821598053
4058,0.004839356988668442,,1269.1409327983856,56.03261733055115
4059,0.007848178036510944,,1269.4490604400635,56.04346442222595
4060,0.010569903999567032,,1269.7579154968262,56.05432415008545
4061,0.007386298850178719,,1270.0666127204895,56.06516909599304
4062,0.006823948118835688,,1270.3739993572235,56.07600021362305
4063,0.008499356918036938,,1270.6816596984863,56.08685064315796
4064,0.007426420226693153,,1270.9901101589203,56.09769582748413
4065,0.004315060563385487,,1271.2990345954895,56.10853958129883
4066,0.003947224467992783,,1271.6070733070374,56.11938452720642
4067,0.003280746517702937,,1271.913967847824,56.13023543357849
4068,0.002759716007858515,,1272.2217724323273,56.14107155799866
4069,0.0035585558507591486,,1272.5291798114777,56.15191626548767
4070,0.004844754468649626,,1272.8388872146606,56.162763833999634
4071,0.00634006317704916,,1273.1460781097412,56.173612117767334
4072,0.005291493609547615,,1273.4562685489655,56.18446111679077
4073,0.005307717714458704,,1273.7634301185608,56.19530725479126
4074,0.005910235922783613,,1274.0737438201904,56.20615792274475
4075,0.00562354177236557,,1274.381997346878,56.217013359069824
4076,0.006122552324086428,,1274.691612958908,56.227866649627686
4077,0.0039574988186359406,,1275.000051021576,56.238701820373535
4078,0.007971049286425114,,1275.309502363205,56.249547719955444
4079,0.007971049286425114,,1275.6169955730438,56.260393142700195
4080,0.006590785924345255,,1275.9267010688782,56.27123713493347
4081,0.008906066417694092,,1276.2344534397125,56.28209447860718
4082,0.004142222926020622,,1276.5427072048187,56.29294538497925
4083,0.00466706370934844,,1276.8500745296478,56.303804874420166
4084,0.0025909114629030228,,1277.16015791893,56.31465697288513
4085,0.002597588347271085,,1277.4690284729004,56.32550406455994
4086,0.005922915879637003,,1277.777626991272,56.33635139465332
4087,0.003763894084841013,,1278.0859968662262,56.34720015525818
4088,0.006002955604344606,,1278.3939318656921,56.35804319381714
4089,0.00569867342710495,,1278.7029085159302,56.368889808654785
4090,0.005707837175577879,,1279.0118567943573,56.37974143028259
4091,0.005618866998702288,,1279.3172628879547,56.39059066772461
4092,0.006219356320798397,,1279.6260869503021,56.401450872421265
4093,0.00597962224856019,,1279.9334044456482,56.41229796409607
4094,0.005280924960970879,,1280.2424585819244,56.42313766479492
4095,0.004476471804082394,,1280.5493309497833,56.43399477005005
4096,0.004157343879342079,,1280.8563060760498,56.44484043121338
4097,0.005402261856943369,,1281.166058063507,56.45568346977234
4098,0.008005606010556221,,1281.4754502773285,56.46651887893677
4099,0.003963485360145569,,1281.7833244800568,56.477357149124146
4100,0.005460591055452824,,1282.2635490894318,56.48820090293884
4101,0.009039640426635742,,1282.5725798606873,56.49904823303223
4102,0.01493915542960167,,1282.88103556633,56.50990557670593
4103,0.014382597990334034,,1283.1894075870514,56.52076053619385
4104,0.00933377631008625,,1283.4978022575378,56.5316059589386
4105,0.003910453524440527,,1283.8053550720215,56.54246258735657
4106,0.005791311617940664,,1284.1137940883636,56.55330300331116
4107,0.007057729177176952,,1284.4224166870117,56.56414461135864
4108,0.00648373831063509,,1284.7322115898132,56.57500910758972
4109,0.005809985566884279,,1285.0385777950287,56.58586573600769
4110,0.006428293418139219,,1285.3481285572052,56.596707820892334
4111,0.008184210397303104,,1285.6577513217926,56.607542991638184
4112,0.010201270692050457,,1285.9657015800476,56.61839699745178
4113,0.011688857339322567,,1286.2741949558258,56.629249572753906
4114,0.006760806776583195,,1286.582079410553,56.6401002407074
4115,0.008182871155440807,,1286.892925977707,56.650938272476196
4116,0.006152159068733454,,1287.200532913208,56.66179633140564
4117,0.005699531640857458,,1287.5080528259277,56.672648906707764
4118,0.00965103693306446,,1287.8155143260956,56.68351221084595
4119,0.010258080437779427,,1288.1241660118103,56.694371461868286
4120,0.005691283382475376,,1288.4324789047241,56.70522713661194
4121,0.007249915506690741,,1288.7405087947845,56.716060400009155
4122,0.006990942172706127,,1289.0494694709778,56.72689485549927
4123,0.006377996411174536,,1289.358448266983,56.73774003982544
4124,0.0061776358634233475,,1289.6677179336548,56.748595237731934
4125,0.005297351628541946,,1289.9764692783356,56.75943660736084
4126,0.00562118599191308,,1290.2840340137482,56.77027249336243
4127,0.006954009644687176,,1290.594444990158,56.78112459182739
4128,0.0060693323612213135,,1290.9026460647583,56.79197716712952
4129,0.005038161296397448,,1291.212862253189,56.802833557128906
4130,0.006002590525895357,,1291.521091222763,56.81368446350098
4131,0.008833146654069424,,1291.8304302692413,56.82454037666321
4132,0.006878996733576059,,1292.13867521286,56.83539271354675
4133,0.005606349091976881,,1292.446461200714,56.84625434875488
4134,0.006279113236814737,,1292.7558286190033,56.85710167884827
4135,0.0030368268489837646,,1293.0652205944061,56.86798858642578
4136,0.002831282326951623,,1293.3752357959747,56.87884974479675
4137,0.0034222505055367947,,1293.6837446689606,56.88969373703003
4138,0.00454329838976264,,1293.9920189380646,56.900543212890625
4139,0.003277840092778206,,1294.301138162613,56.91139507293701
4140,0.003289805492386222,,1294.609223127365,56.92224597930908
4141,0.0033575959969311953,,1294.918056488037,56.933109760284424
4142,0.003429677803069353,,1295.2257595062256,56.94394636154175
4143,0.0032988684251904488,,1295.5361597537994,56.95481014251709
4144,0.0042306799441576,,1295.8431417942047,56.96566963195801
4145,0.003939234185963869,,1296.1495370864868,56.97652316093445
4146,0.0035515453200787306,,1296.4565980434418,56.98737716674805
4147,0.003241549013182521,,1296.7664439678192,56.99821877479553
4148,0.004012806341052055,,1297.073569536209,57.0090708732605
4149,0.0035953910555690527,,1297.382199048996,57.01992702484131
4150,0.006202357821166515,,1297.8607201576233,57.030771255493164
4151,0.0060174716636538506,,1298.1696908473969,57.04161787033081
4152,0.003511641174554825,,1298.4787011146545,57.0524742603302
4153,0.009441036731004715,,1298.7874970436096,57.063316106796265
4154,0.006511821877211332,,1299.0954203605652,57.07414937019348
4155,0.006935631390661001,,1299.405497789383,57.08500146865845
4156,0.00979723408818245,,1299.7126491069794,57.09585618972778
4157,0.003981150221079588,,1300.020737171173,57.106711626052856
4158,0.0061822920106351376,,1300.3291301727295,57.11755418777466
4159,0.005745579022914171,,1300.636830329895,57.128395795822144
4160,0.004853732883930206,,1300.9455926418304,57.139240741729736
4161,0.004298282787203789,,1301.254755973816,57.15008282661438
4162,0.005340027157217264,,1301.5642323493958,57.16094779968262
4163,0.006007897201925516,,1301.8728692531586,57.17179346084595
4164,0.006057019345462322,,1302.1797842979431,57.18264031410217
4165,0.0046188849955797195,,1302.4866383075714,57.19348120689392
4166,0.004064407665282488,,1302.794424533844,57.20432686805725
4167,0.0035585470031946898,,1303.1048271656036,57.21516704559326
4168,0.003601348726078868,,1303.412764787674,57.2260205745697
4169,0.0073709855787456036,,1303.7207770347595,57.23686695098877
4170,0.0038170665502548218,,1304.0277438163757,57.247694969177246
4171,0.003511408343911171,,1304.337566614151,57.25854015350342
4172,0.0027344662230461836,,1304.6443076133728,57.26938843727112
4173,0.0041482895612716675,,1304.9522342681885,57.280237674713135
4174,0.002935193246230483,,1305.2631442546844,57.291095495224
4175,0.003291432047262788,,1305.5724375247955,57.30193829536438
4176,0.0035204379819333553,,1305.8800067901611,57.31278729438782
4177,0.004780976567417383,,1306.1885414123535,57.32363247871399
4178,0.0048230960965156555,,1306.4956135749817,57.33447885513306
4179,0.003338100854307413,,1306.803176164627,57.34531092643738
4180,0.0030210705008357763,,1307.1109237670898,57.356154441833496
4181,0.0032065268605947495,,1307.4190366268158,57.36702060699463
4182,0.002727299463003874,,1307.7271254062653,57.37786912918091
4183,0.0033387690782546997,,1308.03528881073,57.388721227645874
4184,0.0029522019904106855,,1308.3458724021912,57.39956974983215
4185,0.0026613895315676928,,1308.653934955597,57.41041827201843
4186,0.006390424445271492,,1308.9615643024445,57.421265602111816
4187,0.007904262281954288,,1309.270721912384,57.43210053443909
4188,0.011443971656262875,,1309.5787644386292,57.442950963974
4189,0.003565460443496704,,1309.886060476303,57.45379996299744
4190,0.006715388502925634,,1310.1957342624664,57.464648485183716
4191,0.0046162717044353485,,1310.5044066905975,57.47549533843994
4192,0.004124019760638475,,1310.813437461853,57.48634052276611
4193,0.004943380132317543,,1311.121392250061,57.49719166755676
4194,0.009440362453460693,,1311.4279835224152,57.50804138183594
4195,0.004536780063062906,,1311.7362372875214,57.518898010253906
4196,0.004758287686854601,,1312.045597076416,57.52975392341614
4197,0.006479473784565926,,1312.3527693748474,57.54059338569641
4198,0.002983838552609086,,1312.6616451740265,57.55144190788269
4199,0.004330459516495466,,1312.9713768959045,57.56229615211487
4200,0.002933029318228364,,1313.4486951828003,57.57314705848694
4201,0.00408077472820878,,1313.7585334777832,57.58400058746338
4202,0.004714776296168566,,1314.0651335716248,57.594842195510864
4203,0.008485342375934124,,1314.3733417987823,57.60569763183594
4204,0.009885609149932861,,1314.6821630001068,57.616541624069214
4205,0.0036561149172484875,,1314.9909145832062,57.627395153045654
4206,0.005589867476373911,,1315.300768852234,57.638248920440674
4207,0.003839671378955245,,1315.609176158905,57.64910650253296
4208,0.0037063073832541704,,1315.9169130325317,57.65994906425476
4209,0.004351633135229349,,1316.2239904403687,57.67079472541809
4210,0.0036942088045179844,,1316.532405614853,57.681638956069946
4211,0.0038894047029316425,,1316.8402879238129,57.692490577697754
4212,0.003368841018527746,,1317.1493606567383,57.703336000442505
4213,0.003969110548496246,,1317.4591238498688,57.71417999267578
4214,0.005281771067529917,,1317.7684922218323,57.72502636909485
4215,0.006818673107773066,,1318.0759234428406,57.73586893081665
4216,0.011844693683087826,,1318.3836116790771,57.7467246055603
4217,0.011755644343793392,,1318.6914570331573,57.75756096839905
4218,0.0060429261066019535,,1319.0005707740784,57.76840662956238
4219,0.005815928801894188,,1319.3079566955566,57.77924108505249
4220,0.004959031939506531,,1319.6173181533813,57.790091037750244
4221,0.007438279688358307,,1319.9264242649078,57.800942182540894
4222,0.005125403869897127,,1320.2356634140015,57.81179404258728
4223,0.005269187036901712,,1320.5454304218292,57.8226420879364
4224,0.004112689755856991,,1320.853255033493,57.83348774909973
4225,0.0054749902337789536,,1321.1622443199158,57.844330072402954
4226,0.004659741651266813,,1321.4744622707367,57.85517716407776
4227,0.004009617958217859,,1321.7828946113586,57.866026401519775
4228,0.0029546450823545456,,1322.0922396183014,57.87687659263611
4229,0.004006091970950365,,1322.4004781246185,57.8877317905426
4230,0.0036645091604441404,,1322.7094113826752,57.898573875427246
4231,0.004672099370509386,,1323.017814397812,57.909422636032104
4232,0.0025045897345989943,,1323.3256697654724,57.92026972770691
4233,0.006171155255287886,,1323.6330559253693,57.93112874031067
4234,0.010152757167816162,,1323.9424154758453,57.94197869300842
4235,0.004921111278235912,,1324.2531788349152,57.952828884124756
4236,0.003904451383277774,,1324.5605578422546,57.963690519332886
4237,0.006128477398306131,,1324.8697168827057,57.97454810142517
4238,0.004879811313003302,,1325.178950548172,57.985392808914185
4239,0.004579853266477585,,1325.4899275302887,57.99625515937805
4240,0.006396755110472441,,1325.8014390468597,58.007110834121704
4241,0.0049886200577020645,,1326.1089415550232,58.01797032356262
4242,0.003651415929198265,,1326.4200372695923,58.028818130493164
4243,0.004399618599563837,,1326.7275567054749,58.03965449333191
4244,0.0043567786924541,,1327.0362458229065,58.05049538612366
4245,0.00537847401574254,,1327.3443632125854,58.061341524124146
4246,0.005598788149654865,,1327.6525447368622,58.07219099998474
4247,0.005400850437581539,,1327.9601640701294,58.08303666114807
4248,0.006249097175896168,,1328.2707266807556,58.09387946128845
4249,0.006815668661147356,,1328.5795907974243,58.10473847389221
4250,0.003863172372803092,,1329.0595211982727,58.115570068359375
4251,0.002471214160323143,,1329.3672065734863,58.12642550468445
4252,0.0024371473118662834,,1329.6753468513489,58.13728666305542
4253,0.004187549464404583,,1329.9830543994904,58.148125410079956
4254,0.007481277920305729,,1330.2913241386414,58.158976554870605
4255,0.002542057540267706,,1330.598436832428,58.16984581947327
4256,0.002555243205279112,,1330.9058480262756,58.18069577217102
4257,0.0024359312374144793,,1331.2157447338104,58.19153094291687
4258,0.003097326960414648,,1331.5236415863037,58.202375411987305
4259,0.0025968330446630716,,1331.8293914794922,58.21322059631348
4260,0.003877717535942793,,1332.1369235515594,58.224058389663696
4261,0.003722446272149682,,1332.4452407360077,58.234904050827026
4262,0.0025139341596513987,,1332.7530491352081,58.245744943618774
4263,0.0027600745670497417,,1333.0600423812866,58.25659537315369
4264,0.009729772806167603,,1333.3678886890411,58.26744341850281
4265,0.010553478263318539,,1333.6765146255493,58.2782928943634
4266,0.00977429747581482,,1333.9833443164825,58.289145708084106
4267,0.0064126867800951,,1334.2913160324097,58.29998230934143
4268,0.00508167315274477,,1334.5986795425415,58.31082463264465
4269,0.0034884405322372913,,1334.9070315361023,58.32168173789978
4270,0.00269710854627192,,1335.2162518501282,58.33251595497131
4271,0.0023946084547787905,,1335.5252616405487,58.34336853027344
4272,0.003035512985661626,,1335.8332834243774,58.354227781295776
4273,0.0025572325102984905,,1336.1421356201172,58.36508560180664
4274,0.004564914386719465,,1336.4507718086243,58.37593173980713
4275,0.0031639616936445236,,1336.759342432022,58.3867769241333
4276,0.003735506674274802,,1337.0685589313507,58.39763069152832
4277,0.002562505193054676,,1337.376945734024,58.408469438552856
4278,0.0027428981848061085,,1337.6861445903778,58.41932559013367
4279,0.010642527602612972,,1337.9938616752625,58.430180072784424
4280,0.009507149457931519,,1338.3018844127655,58.44104504585266
4281,0.010976462624967098,,1338.6108708381653,58.45188570022583
4282,0.0064126867800951,,1338.9194889068604,58.46273112297058
4283,0.0032383312936872244,,1339.2278077602386,58.473570823669434
4284,0.0028883812483400106,,1339.5372881889343,58.484424114227295
4285,0.002839721040800214,,1339.846881389618,58.495272636413574
4286,0.003633130108937621,,1340.1549065113068,58.506104946136475
4287,0.0033974244724959135,,1340.462504863739,58.516950607299805
4288,0.004906969144940376,,1340.771184206009,58.527806520462036
4289,0.0024858773685991764,,1341.0817122459412,58.53865671157837
4290,0.004209579899907112,,1341.3895161151886,58.54951858520508
4291,0.00899427104741335,,1341.6991052627563,58.56036972999573
4292,0.008681165985763073,,1342.0088319778442,58.571215867996216
4293,0.003334191394969821,,1342.3194608688354,58.58204984664917
4294,0.0036248897667974234,,1342.62753367424,58.59289574623108
4295,0.002893255790695548,,1342.9357540607452,58.60375475883484
4296,0.005833866540342569,,1343.2442092895508,58.614612102508545
4297,0.006212326232343912,,1343.5552139282227,58.62545585632324
4298,0.0038822591304779053,,1343.867537021637,58.63630270957947
4299,0.0033183800987899303,,1344.174190044403,58.64715361595154
4300,0.007860411889851093,,1344.6524884700775,58.65799283981323
4301,0.004050408955663443,,1344.9623382091522,58.66883444786072
4302,0.002710242522880435,,1345.2709617614746,58.679688453674316
4303,0.0030589213129132986,,1345.580305814743,58.69053912162781
4304,0.0036941436119377613,,1345.8879520893097,58.70139217376709
4305,0.004765275400131941,,1346.1969754695892,58.71224284172058
4306,0.0036640609614551067,,1346.5023441314697,58.723095178604126
4307,0.002771940780803561,,1346.8106887340546,58.73395252227783
4308,0.0033485563471913338,,1347.1179609298706,58.74479651451111
4309,0.0027114858385175467,,1347.426263809204,58.75564217567444
4310,0.003116950625553727,,1347.7361288070679,58.76650047302246
4311,0.0025787712074816227,,1348.0432896614075,58.777339696884155
4312,0.0027246265672147274,,1348.3507764339447,58.78819537162781
4313,0.0035489946603775024,,1348.661250114441,58.79902744293213
4314,0.004524074029177427,,1348.9697878360748,58.8098726272583
4315,0.002593410201370716,,1349.2787742614746,58.820725202560425
4316,0.004325956106185913,,1349.5871012210846,58.83156943321228
4317,0.005188259296119213,,1349.8997728824615,58.84243988990784
4318,0.0034341481514275074,,1350.2082645893097,58.853320598602295
4319,0.004748940002173185,,1350.516433954239,58.86416172981262
4320,0.004327977541834116,,1350.8256225585938,58.87502694129944
4321,0.00578934233635664,,1351.134391784668,58.88589262962341
4322,0.003961429465562105,,1351.442239522934,58.89674472808838
4323,0.004262923263013363,,1351.7509984970093,58.907596588134766
4324,0.0031008936930447817,,1352.0604588985443,58.91846776008606
4325,0.006256850901991129,,1352.3703269958496,58.9293167591095
4326,0.004395323805510998,,1352.6792540550232,58.940168619155884
4327,0.003941746428608894,,1352.9883229732513,58.951016426086426
4328,0.005199247971177101,,1353.2963712215424,58.96187496185303
4329,0.0036361459642648697,,1353.6058931350708,58.9727201461792
4330,0.00522070936858654,,1353.9136486053467,58.98356771469116
4331,0.004910617135465145,,1354.2216007709503,58.99441456794739
4332,0.0032033072784543037,,1354.5280606746674,59.00526547431946
4333,0.003486137604340911,,1354.8365726470947,59.01611351966858
4334,0.0037163891829550266,,1355.145096063614,59.02696442604065
4335,0.002958891214802861,,1355.4535732269287,59.03781986236572
4336,0.005985216703265905,,1355.7628870010376,59.04867601394653
4337,0.002624342916533351,,1356.0727815628052,59.05952000617981
4338,0.0036618737503886223,,1356.3819642066956,59.070361852645874
4339,0.0030253541190177202,,1356.6907138824463,59.081217527389526
4340,0.007235728669911623,,1356.9993162155151,59.092057943344116
4341,0.01248802337795496,,1357.3069458007812,59.10289788246155
4342,0.015159501694142818,,1357.617827653885,59.11374640464783
4343,0.009083320386707783,,1357.9276242256165,59.12458944320679
4344,0.006709428038448095,,1358.238730430603,59.13543677330017
4345,0.00301352865062654,,1358.5485672950745,59.146299600601196
4346,0.003103665541857481,,1358.8561086654663,59.157169342041016
4347,0.0032354528084397316,,1359.1639318466187,59.16802406311035
4348,0.0038733170367777348,,1359.4725341796875,59.17887568473816
4349,0.002962644910439849,,1359.7819056510925,59.18972826004028
4350,0.007275491487234831,,1360.2612261772156,59.200578927993774
4351,0.005916305352002382,,1360.5692732334137,59.21142530441284
4352,0.0033747884444892406,,1360.8788197040558,59.22228956222534
4353,0.0027407859452068806,,1361.1858568191528,59.23315930366516
4354,0.0030255138408392668,,1361.4955003261566,59.24399709701538
4355,0.0025766652543097734,,1361.8015942573547,59.254844665527344
4356,0.0037624496035277843,,1362.111138343811,59.26569318771362
4357,0.0030354505870491266,,1362.4194355010986,59.276538133621216
4358,0.0038294310215860605,,1362.7284009456635,59.28737711906433
4359,0.005260358564555645,,1363.037096977234,59.29822111129761
4360,0.0031978851184248924,,1363.3462071418762,59.3090717792511
4361,0.0036070691421628,,1363.6557886600494,59.319902658462524
4362,0.009608631953597069,,1363.9659807682037,59.3307421207428
4363,0.003659667680040002,,1364.2727982997894,59.34158706665039
4364,0.006507926620543003,,1364.5838704109192,59.35243558883667
4365,0.0048187351785600185,,1364.895189523697,59.36328387260437
4366,0.00579920643940568,,1365.2027740478516,59.37412786483765
4367,0.003009337466210127,,1365.5109581947327,59.384979248046875
4368,0.0030948640778660774,,1365.82017827034,59.39583706855774
4369,0.0031045686919242144,,1366.1293549537659,59.406691551208496
4370,0.0028007179498672485,,1366.4359607696533,59.417534828186035
4371,0.0027546666096895933,,1366.7446768283844,59.42840123176575
4372,0.005566718988120556,,1367.0532791614532,59.43925976753235
4373,0.00578934233635664,,1367.3604402542114,59.450106382369995
4374,0.005415607709437609,,1367.6687262058258,59.46096110343933
4375,0.004777618683874607,,1367.9775397777557,59.47180986404419
4376,0.008683444000780582,,1368.2867529392242,59.48265218734741
4377,0.0033543966710567474,,1368.5961735248566,59.49349617958069
4378,0.006590785924345255,,1368.9044513702393,59.50434613227844
4379,0.01033085584640503,,1369.21351313591,59.51519274711609
4380,0.008282721973955631,,1369.5216164588928,59.52604341506958
4381,0.007013769820332527,,1369.82896900177,59.53689908981323
4382,0.004033365286886692,,1370.1378445625305,59.5477454662323
4383,0.007681639399379492,,1370.4461369514465,59.55858755111694
4384,0.011800169013440609,,1370.7549147605896,59.569430351257324
4385,0.007904262281954288,,1371.0620782375336,59.58027410507202
4386,0.0028583628591150045,,1371.369193315506,59.5911226272583
4387,0.007191868033260107,,1371.6780908107758,59.601966381073
4388,0.005113626830279827,,1371.9873371124268,59.612812757492065
4389,0.009173214435577393,,1372.296287059784,59.62366342544556
4390,0.012779710814356804,,1372.6043663024902,59.634504079818726
4391,0.004162893630564213,,1372.913120508194,59.64535689353943
4392,0.003355310996994376,,1373.2228512763977,59.65620136260986
4393,0.005625468213111162,,1373.5305252075195,59.667044162750244
4394,0.004140686243772507,,1373.839893579483,59.67788767814636
4395,0.004339348524808884,,1374.14830493927,59.688732385635376
4396,0.004045551177114248,,1374.4557173252106,59.6995964050293
4397,0.0049458835273981094,,1374.7641396522522,59.71044135093689
4398,0.0037578034680336714,,1375.0726897716522,59.72130513191223
4399,0.0037154308520257473,,1375.3813481330872,59.73214411735535
4400,0.00432442594319582,,1375.8597311973572,59.74299621582031
4401,0.0029773088172078133,,1376.1687307357788,59.75385022163391
4402,0.0037197107449173927,,1376.4767651557922,59.764692068099976
4403,0.002785536926239729,,1376.7865912914276,59.77556228637695
4404,0.0057670800015330315,,1377.095266342163,59.78640604019165
4405,0.002862938679754734,,1377.403611421585,59.79725480079651
4406,0.0027800623793154955,,1377.7112908363342,59.80809736251831
4407,0.0070360321551561356,,1378.020221710205,59.81896615028381
4408,0.005066118203103542,,1378.3289721012115,59.82982087135315
4409,0.005077609326690435,,1378.637130022049,59.84066390991211
4410,0.004507535602897406,,1378.946979522705,59.85150384902954
4411,0.0037386815529316664,,1379.2541348934174,59.862351179122925
4412,0.003228440647944808,,1379.5624165534973,59.87319374084473
4413,0.003770559560507536,,1379.8704919815063,59.88404130935669
4414,0.003985641524195671,,1380.1822621822357,59.89488625526428
4415,0.0034145996905863285,,1380.4943861961365,59.905725955963135
4416,0.0030352275352925062,,1380.8031249046326,59.91658806800842
4417,0.0042382352985441685,,1381.1132502555847,59.9274365901947
4418,0.0059006535448133945,,1381.4203972816467,59.93828058242798
4419,0.005922915879637003,,1381.7291021347046,59.94912528991699
4420,0.004251208622008562,,1382.0385298728943,59.9599769115448
4421,0.0058349608443677425,,1382.3466982841492,59.97083282470703
4422,0.007614852860569954,,1382.654305934906,59.98167657852173
4423,0.007815212942659855,,1382.9631142616272,59.99251127243042
4424,0.004459276329725981,,1383.2706725597382,60.00337314605713
4425,0.008549869991838932,,1383.5776534080505,60.0142126083374
4426,0.004495966248214245,,1383.8853900432587,60.02505660057068
4427,0.004650040064007044,,1384.194635629654,60.03590703010559
4428,0.0045144506730139256,,1384.5028176307678,60.04674673080444
4429,0.003356621600687504,,1384.8107740879059,60.05758810043335
4430,0.0035442160442471504,,1385.1197991371155,60.06843900680542
4431,0.003860785625874996,,1385.428748369217,60.07928442955017
4432,0.003405508818104863,,1385.7363164424896,60.090137004852295
4433,0.003211862174794078,,1386.0443563461304,60.10098958015442
4434,0.004235494416207075,,1386.3524096012115,60.11183023452759
4435,0.004527774639427662,,1386.660626411438,60.12268114089966
4436,0.005115621257573366,,1386.9695420265198,60.13352632522583
4437,0.005778662394732237,,1387.276445388794,60.14436602592468
4438,0.005946442484855652,,1387.5857725143433,60.15521717071533
4439,0.008327246643602848,,1387.8956561088562,60.16605806350708
4440,0.007369966711848974,,1388.204116344452,60.1769061088562
4441,0.005455407314002514,,1388.5125572681427,60.18778944015503
4442,0.006279113236814737,,1388.820608139038,60.19865369796753
4443,0.006078752223402262,,1389.1288464069366,60.20949578285217
4444,0.010130494832992554,,1389.437616109848,60.22035479545593
4445,0.009818822145462036,,1389.7442400455475,60.231205224990845
4446,0.004365444183349609,,1390.0534567832947,60.24205255508423
4447,0.004492274019867182,,1390.3628017902374,60.25288271903992
4448,0.009084165096282959,,1390.672342300415,60.26372981071472
4449,0.0034966152161359787,,1390.9802045822144,60.2745680809021
4450,0.003760572522878647,,1391.4595770835876,60.285406827926636
4451,0.0027914964593946934,,1391.768982887268,60.29625129699707
4452,0.0036268001422286034,,1392.0775010585785,60.307103633880615
4453,0.0027127033099532127,,1392.3856625556946,60.31794834136963
4454,0.00272327265702188,,1392.6962265968323,60.32879424095154
4455,0.0031718045938760042,,1393.0061802864075,60.33963489532471
4456,0.006123902276158333,,1393.314038515091,60.35048317909241
4457,0.002671297639608383,,1393.6216356754303,60.36134600639343
4458,0.0026394722517579794,,1393.9291412830353,60.37218427658081
4459,0.002809666795656085,,1394.2392032146454,60.383023738861084
4460,0.003437757259234786,,1394.5477607250214,60.39385986328125
4461,0.0029996614903211594,,1394.8568184375763,60.40470099449158
4462,0.002711590612307191,,1395.166438817978,60.41554927825928
4463,0.002787374658510089,,1395.4756383895874,60.42640566825867
4464,0.0028382637538015842,,1395.782238960266,60.437256813049316
4465,0.0039059119299054146,,1396.0915472507477,60.44808840751648
4466,0.003258639480918646,,1396.4000432491302,60.458942890167236
4467,0.003076463472098112,,1396.7084414958954,60.469780683517456
4468,0.0026441384106874466,,1397.0169775485992,60.480634927749634
4469,0.0037422282621264458,,1397.325455904007,60.49147295951843
4470,0.00553529430180788,,1397.6343576908112,60.502328872680664
4471,0.007414491381496191,,1397.9432847499847,60.513177156448364
4472,0.007315376773476601,,1398.2511217594147,60.52403473854065
4473,0.005348809063434601,,1398.5574293136597,60.53488039970398
4474,0.004174166824668646,,1398.865704536438,60.54572343826294
4475,0.004212483763694763,,1399.1754252910614,60.55656552314758
4476,0.004676650743931532,,1399.4841721057892,60.567400217056274
4477,0.007837475277483463,,1399.7940819263458,60.57825589179993
4478,0.0062690479680895805,,1400.1032831668854,60.58910155296326
4479,0.0026198786217719316,,1400.412124633789,60.59994840621948
4480,0.002999698743224144,,1400.7194788455963,60.61079812049866
4481,0.0028856233693659306,,1401.028915643692,60.621641874313354
4482,0.0048940349370241165,,1401.3354952335358,60.63248682022095
4483,0.0030753565952181816,,1401.6451666355133,60.6433379650116
4484,0.0029732834082096815,,1401.953829050064,60.65418481826782
4485,0.003977534361183643,,1402.2627866268158,60.66502833366394
4486,0.004279978107661009,,1402.5724351406097,60.67587685585022
4487,0.002572824480012059,,1402.8816709518433,60.686726093292236
4488,0.0032969051972031593,,1403.1917662620544,60.69757080078125
4489,0.002923223888501525,,1403.4991874694824,60.70841407775879
4490,0.004003037698566914,,1403.8082299232483,60.71926999092102
4491,0.007637114729732275,,1404.117927312851,60.730117321014404
4492,0.004902139771729708,,1404.4270915985107,60.74098229408264
4493,0.0027773508336395025,,1404.736789226532,60.7518196105957
4494,0.0025008220691233873,,1405.0464572906494,60.76267766952515
4495,0.003153682453557849,,1405.3555493354797,60.77352738380432
4496,0.003505854634568095,,1405.6656255722046,60.784382343292236
4497,0.0032571940682828426,,1405.9747052192688,60.795225620269775
4498,0.003970426972955465,,1406.283846616745,60.806073904037476
4499,0.0038606016896665096,,1406.5909836292267,60.81691527366638
4500,0.0035448346752673388,0.0016186219872906804,1407.0665636062622,62.15470862388611
4501,0.0034499159082770348,,1407.3748524188995,62.165563344955444
4502,0.0024421687703579664,,1407.6831328868866,62.176429271698
4503,0.002927111927419901,,1407.992301940918,62.18727135658264
4504,0.005234805401414633,,1408.2996335029602,62.198121309280396
4505,0.006924720481038094,,1408.6089315414429,62.208964347839355
4506,0.009373575448989868,,1408.9180030822754,62.21980834007263
4507,0.0054331449791789055,,1409.226378917694,62.230674028396606
4508,0.004477808717638254,,1409.5353906154633,62.241514444351196
4509,0.004453194793313742,,1409.8449113368988,62.25236797332764
4510,0.004627579357475042,,1410.1536276340485,62.263243436813354
4511,0.00571339251473546,,1410.4614646434784,62.27409791946411
4512,0.00379298347979784,,1410.771490097046,62.28493547439575
4513,0.003213344607502222,,1411.0828528404236,62.295785427093506
4514,0.0030196798034012318,,1411.3902802467346,62.30663323402405
4515,0.0029034146573394537,,1411.6986565589905,62.317474603652954
4516,0.0028788303025066853,,1412.0063529014587,62.328327655792236
4517,0.0027844668366014957,,1412.3152740001678,62.339179277420044
4518,0.0037828695494681597,,1412.6239726543427,62.35002088546753
4519,0.0028720858972519636,,1412.9324698448181,62.36087679862976
4520,0.007771539967507124,,1413.2414128780365,62.37173247337341
4521,0.00898927915841341,,1413.5525772571564,62.38258337974548
4522,0.006925888359546661,,1413.8608906269073,62.39343810081482
4523,0.008031999692320824,,1414.1696548461914,62.404293060302734
4524,0.007515834644436836,,1414.4782464504242,62.415138959884644
4525,0.008343523368239403,,1414.786294221878,62.42599010467529
4526,0.006991953123360872,,1415.093644618988,62.436835050582886
4527,0.009943299926817417,,1415.400983095169,62.447683572769165
4528,0.009262645617127419,,1415.7096145153046,62.458534479141235
4529,0.011133274994790554,,1416.017671585083,62.46938157081604
4530,0.011299578472971916,,1416.3246052265167,62.48022818565369
4531,0.00917455367743969,,1416.6318242549896,62.491068601608276
4532,0.008752965368330479,,1416.9397206306458,62.50191521644592
4533,0.008181548677384853,,1417.24880027771,62.5127649307251
4534,0.007557899225503206,,1417.5557873249054,62.5236132144928
4535,0.007405806798487902,,1417.8645973205566,62.53446578979492
4536,0.008760275319218636,,1418.1741178035736,62.54531455039978
4537,0.007685626856982708,,1418.4821465015411,62.55616593360901
4538,0.0055885580368340015,,1418.7897233963013,62.5670166015625
4539,0.005310496781021357,,1419.0972900390625,62.577863931655884
4540,0.0063433051109313965,,1419.4038360118866,62.5887176990509
4541,0.006637987680733204,,1419.7135531902313,62.59955716133118
4542,0.005754394456744194,,1420.0223770141602,62.61041760444641
4543,0.00534811383113265,,1420.3318359851837,62.62125849723816
4544,0.005964542739093304,,1420.640007019043,62.632094860076904
4545,0.005012148059904575,,1420.949917793274,62.642945528030396
4546,0.004566545598208904,,1421.2575969696045,62.65379357337952
4547,0.0043792929500341415,,1421.5672793388367,62.664663314819336
4548,0.002639623126015067,,1421.874009847641,62.67551350593567
4549,0.003354832995682955,,1422.1837770938873,62.686378955841064
4550,0.0043735685758292675,,1422.6619622707367,62.69722580909729
4551,0.005415658932179213,,1422.9700515270233,62.7080864906311
4552,0.00530655775219202,,1423.2787642478943,62.71894121170044
4553,0.004820229951292276,,1423.587212562561,62.72979760169983
4554,0.005469242110848427,,1423.8961808681488,62.74063849449158
4555,0.0037656198255717754,,1424.203239440918,62.75148248672485
4556,0.004257890395820141,,1424.512113571167,62.76233220100403
4557,0.004031213466078043,,1424.8209731578827,62.77318501472473
4558,0.0027699312195181847,,1425.129430770874,62.784040451049805
4559,0.0036570848897099495,,1425.4376764297485,62.794891119003296
4560,0.00393381342291832,,1425.7463829517365,62.80573105812073
4561,0.004322088323533535,,1426.055312871933,62.8165819644928
4562,0.00444162217900157,,1426.3646585941315,62.82742953300476
4563,0.004111632239073515,,1426.6709804534912,62.83826923370361
4564,0.005997076630592346,,1426.9808838367462,62.84911561012268
4565,0.0070968312211334705,,1427.289895772934,62.85997247695923
4566,0.0036020753905177116,,1427.59934091568,62.87083554267883
4567,0.0033835493959486485,,1427.906956911087,62.88167905807495
4568,0.003718119114637375,,1428.2163891792297,62.89252185821533
4569,0.003924629185348749,,1428.5246603488922,62.90336799621582
4570,0.00756344897672534,,1428.832798242569,62.91423463821411
4571,0.0029142992570996284,,1429.140877008438,62.92508554458618
4572,0.002951241098344326,,1429.4504718780518,62.935919761657715
4573,0.003277083858847618,,1429.7599766254425,62.94674754142761
4574,0.004586896393448114,,1430.0686683654785,62.95760130882263
4575,0.004859681241214275,,1430.3758702278137,62.96845078468323
4576,0.006813409272581339,,1430.6848094463348,62.979305267333984
4577,0.005716649815440178,,1430.9932107925415,62.99015164375305
4578,0.006072147749364376,,1431.3022515773773,63.00099968910217
4579,0.006730286404490471,,1431.609731912613,63.011845111846924
4580,0.004351647570729256,,1431.9180800914764,63.02268052101135
4581,0.004291770048439503,,1432.227340221405,63.03353691101074
4582,0.0043504126369953156,,1432.5344712734222,63.044392108917236
4583,0.007102819159626961,,1432.8437232971191,63.055246353149414
4584,0.01039764191955328,,1433.154212474823,63.06610417366028
4585,0.013091382570564747,,1433.4622633457184,63.07695817947388
4586,0.007815212942659855,,1433.7706911563873,63.08779454231262
4587,0.007191571872681379,,1434.0785911083221,63.09865212440491
4588,0.0089283287525177,,1434.387542963028,63.10949945449829
4589,0.004511271137744188,,1434.6954851150513,63.12035608291626
4590,0.0034448541700839996,,1435.0047702789307,63.131189584732056
4591,0.003856875468045473,,1435.314476966858,63.14204168319702
4592,0.004061795771121979,,1435.6239790916443,63.15288257598877
4593,0.004853259306401014,,1435.932210445404,63.16373538970947
4594,0.004526869859546423,,1436.2394466400146,63.17459797859192
4595,0.003933439031243324,,1436.549842119217,63.18543887138367
4596,0.005018624011427164,,1436.8588328361511,63.19629144668579
4597,0.005142283625900745,,1437.1660997867584,63.207130432128906
4598,0.0057243830524384975,,1437.4768977165222,63.217984437942505
4599,0.005007028579711914,,1437.7873985767365,63.228832483291626
4600,0.005775437690317631,,1438.2656891345978,63.23967266082764
4601,0.00400089006870985,,1438.5736017227173,63.250523805618286
4602,0.003535189665853977,,1438.8829400539398,63.26137447357178
4603,0.0033208359964191914,,1439.1935930252075,63.272223711013794
4604,0.002965811640024185,,1439.5017518997192,63.28307318687439
4605,0.0052085695788264275,,1439.8109941482544,63.29391288757324
4606,0.004084096290171146,,1440.1222593784332,63.30476379394531
4607,0.0050155180506408215,,1440.4309649467468,63.3156099319458
4608,0.003734671277925372,,1440.7391300201416,63.32646322250366
4609,0.0035761522594839334,,1441.0466568470001,63.33731555938721
4610,0.006902458146214485,,1441.3546733856201,63.34816527366638
4611,0.003079464193433523,,1441.6645605564117,63.35901427268982
4612,0.0033498071134090424,,1441.9740662574768,63.369858264923096
4613,0.003032384440302849,,1442.2846705913544,63.3807053565979
4614,0.0036382649559527636,,1442.5917937755585,63.39155316352844
4615,0.0033381562680006027,,1442.9023876190186,63.40241050720215
4616,0.003662091912701726,,1443.211833000183,63.41325378417969
4617,0.005578036420047283,,1443.5203394889832,63.4240996837616
4618,0.007090442813932896,,1443.8282434940338,63.43494248390198
4619,0.0064670974388718605,,1444.1363048553467,63.44579768180847
4620,0.003780143801122904,,1444.4437191486359,63.456648111343384
4621,0.003772534430027008,,1444.7518446445465,63.46749925613403
4622,0.003980560228228569,,1445.0585424900055,63.47833824157715
4623,0.0040859500877559185,,1445.367264032364,63.48918151855469
4624,0.0037710487376898527,,1445.6738624572754,63.50003457069397
4625,0.004103473387658596,,1445.9804289340973,63.510881185531616
4626,0.004323286470025778,,1446.2885222434998,63.521729946136475
4627,0.0038791378028690815,,1446.5965056419373,63.5325722694397
4628,0.004699726589024067,,1446.9054327011108,63.54341530799866
4629,0.003832468530163169,,1447.2123091220856,63.55425572395325
4630,0.0037133570294827223,,1447.5198469161987,63.56509971618652
4631,0.0036572995595633984,,1447.8297936916351,63.57593512535095
4632,0.003182037500664592,,1448.1380224227905,63.586790561676025
4633,0.0028436174616217613,,1448.446721315384,63.59763741493225
4634,0.0029397201724350452,,1448.754778623581,63.60848879814148
4635,0.0037554388400167227,,1449.0638370513916,63.61932420730591
4636,0.009540623053908348,,1449.3713490962982,63.6301589012146
4637,0.004073666874319315,,1449.6801342964172,63.641008138656616
4638,0.00908483937382698,,1449.9883844852448,63.651862144470215
4639,0.005144977010786533,,1450.296587228775,63.66269063949585
4640,0.0038308773655444384,,1450.605057477951,63.673537492752075
4641,0.003399295499548316,,1450.9127178192139,63.68437099456787
4642,0.0033403735142201185,,1451.2193057537079,63.69520807266235
4643,0.0028261984698474407,,1451.529237985611,63.706050157547
4644,0.0037291627377271652,,1451.8376400470734,63.71690654754639
4645,0.004521051421761513,,1452.1469523906708,63.72776699066162
4646,0.003800896694883704,,1452.4541025161743,63.73861122131348
4647,0.003520367434248328,,1452.762204170227,63.74947118759155
4648,0.004720670636743307,,1453.0711731910706,63.760326862335205
4649,0.00413873977959156,,1453.3786227703094,63.771172523498535
4650,0.0036784925032407045,,1453.8556711673737,63.7820188999176
4651,0.004663147963583469,,1454.1644887924194,63.7928671836853
4652,0.0037123756483197212,,1454.472461938858,63.8037223815918
4653,0.004024110734462738,,1454.7816274166107,63.814555168151855
4654,0.003742445493116975,,1455.089838027954,63.82539391517639
4655,0.0034823694732040167,,1455.3990879058838,63.83624577522278
4656,0.0035040592774748802,,1455.7070784568787,63.847087383270264
4657,0.0042035202495753765,,1456.0163750648499,63.857933044433594
4658,0.0050093745812773705,,1456.3246493339539,63.86877751350403
4659,0.005387834273278713,,1456.6328716278076,63.87962627410889
4660,0.005946607794612646,,1456.9445145130157,63.890485763549805
4661,0.006147066596895456,,1457.2534260749817,63.90133213996887
4662,0.00612934585660696,,1457.5617382526398,63.91218662261963
4663,0.005496931727975607,,1457.86896443367,63.92302894592285
4664,0.004898532759398222,,1458.1786456108093,63.933876514434814
4665,0.0043536461889743805,,1458.4874658584595,63.94471549987793
4666,0.0038365765940397978,,1458.7948257923126,63.95557117462158
4667,0.0035408686380833387,,1459.1040558815002,63.96641731262207
4668,0.003169044153764844,,1459.4158067703247,63.97726583480835
4669,0.0037353397347033024,,1459.7250361442566,63.98811388015747
4670,0.004631766118109226,,1460.0325915813446,63.99896502494812
4671,0.0029197277035564184,,1460.3411982059479,64.00983023643494
4672,0.003049228573217988,,1460.6498794555664,64.0206789970398
4673,0.0057670800015330315,,1460.9568009376526,64.03152656555176
4674,0.0039467462338507175,,1461.2663519382477,64.04236912727356
4675,0.003571062348783016,,1461.5747153759003,64.05322170257568
4676,0.004693559370934963,,1461.8835515975952,64.06408834457397
4677,0.0065685235895216465,,1462.1927456855774,64.07493090629578
4678,0.008238197304308414,,1462.5012919902802,64.08578705787659
4679,0.006256850901991129,,1462.8101499080658,64.09663987159729
4680,0.013647940009832382,,1463.1198780536652,64.10748362541199
4681,0.005588980857282877,,1463.4279799461365,64.11833167076111
4682,0.0038923060055822134,,1463.7354311943054,64.1291708946228
4683,0.005434239283204079,,1464.0451052188873,64.14002227783203
4684,0.0044476683251559734,,1464.3524861335754,64.15086793899536
4685,0.003280065720900893,,1464.6631813049316,64.16171860694885
4686,0.006523998454213142,,1464.972342967987,64.17255568504333
4687,0.005700292531400919,,1465.2813966274261,64.18341326713562
4688,0.005391614977270365,,1465.589004278183,64.19426107406616
4689,0.007993311621248722,,1465.8976521492004,64.20511102676392
4690,0.010286331176757812,,1466.2049899101257,64.21595907211304
4691,0.006843444891273975,,1466.5133731365204,64.22679471969604
4692,0.0044374121353030205,,1466.8221797943115,64.23762965202332
4693,0.003916644956916571,,1467.1296637058258,64.24848794937134
4694,0.003931025974452496,,1467.4380161762238,64.25933790206909
4695,0.0042523834854364395,,1467.7472684383392,64.27017426490784
4696,0.00424270099028945,,1468.0578672885895,64.28102469444275
4697,0.00419503403827548,,1468.3659093379974,64.2918770313263
4698,0.007109217811375856,,1468.674911737442,64.30271983146667
4699,0.0117978909984231,,1468.9843201637268,64.31357645988464
4700,0.01589415781199932,,1469.4635014533997,64.3244276046753
4701,0.011130020953714848,,1469.7730112075806,64.33527994155884
4702,0.004992103204131126,,1470.0822699069977,64.34613990783691
4703,0.002876460552215576,,1470.390487909317,64.3569872379303
4704,0.002891609678044915,,1470.6990656852722,64.36784768104553
4705,0.0028784601017832756,,1471.006548166275,64.37870907783508
4706,0.002851850353181362,,1471.3181710243225,64.38954448699951
4707,0.0028575945179909468,,1471.6264944076538,64.40039682388306
4708,0.002687016036361456,,1471.9334697723389,64.41125178337097
4709,0.004233974497765303,,1472.241935968399,64.42209243774414
4710,0.005246527027338743,,1472.5522997379303,64.4329297542572
4711,0.00317963189445436,,1472.8605263233185,64.4437894821167
4712,0.003213153686374426,,1473.1707165241241,64.45462226867676
4713,0.005722554866224527,,1473.4776649475098,64.4654688835144
4714,0.012089578434824944,,1473.7864429950714,64.47630977630615
4715,0.007525802589952946,,1474.0933439731598,64.48716592788696
4716,0.0036942658480256796,,1474.4017469882965,64.49801683425903
4717,0.0033081185538321733,,1474.7092545032501,64.50886917114258
4718,0.0032828545663505793,,1475.018878698349,64.51971936225891
4719,0.002565403003245592,,1475.3267273902893,64.53056311607361
4720,0.0026919294614344835,,1475.6350767612457,64.54141163825989
4721,0.002849062206223607,,1475.943708896637,64.55226397514343
4722,0.004027617629617453,,1476.2524836063385,64.56311345100403
4723,0.0030290139839053154,,1476.5618467330933,64.5739574432373
4724,0.0038099060766398907,,1476.8707637786865,64.58479523658752
4725,0.0037599813658744097,,1477.1789665222168,64.59565711021423
4726,0.0033581864554435015,,1477.488037109375,64.60649156570435
4727,0.0036799057852476835,,1477.7958595752716,64.61733722686768
4728,0.0030498066917061806,,1478.104300737381,64.62818479537964
4729,0.0030345511622726917,,1478.4119708538055,64.63904023170471
4730,0.003616275265812874,,1478.719225883484,64.64989972114563
4731,0.003250603098422289,,1479.027812719345,64.66074919700623
4732,0.004023752175271511,,1479.3384835720062,64.6715977191925
4733,0.004488309379667044,,1479.6475100517273,64.68244433403015
4734,0.004388599190860987,,1479.9561793804169,64.69329476356506
4735,0.003091101534664631,,1480.2657752037048,64.7041449546814
4736,0.00830585416406393,,1480.5724914073944,64.715017080307
4737,0.0029927617870271206,,1480.880984544754,64.72585415840149
4738,0.0026925525162369013,,1481.1912751197815,64.73670482635498
4739,0.008282721973955631,,1481.4993996620178,64.74756383895874
4740,0.007191868033260107,,1481.8067207336426,64.75840902328491
4741,0.006301375571638346,,1482.114069223404,64.76925468444824
4742,0.0039262473583221436,,1482.4231023788452,64.78011226654053
4743,0.0036231803242117167,,1482.730607509613,64.79096841812134
4744,0.0032692591194063425,,1483.0377743244171,64.80181050300598
4745,0.006010023877024651,,1483.3471722602844,64.81266403198242
4746,0.007993311621248722,,1483.656653881073,64.82350754737854
4747,0.008104623295366764,,1483.9682805538177,64.83435249328613
4748,0.0031488267704844475,,1484.2771141529083,64.84520602226257
4749,0.005344095174223185,,1484.5855810642242,64.85605835914612
4750,0.004132839851081371,,1485.0645406246185,64.86690998077393
4751,0.0032233765814453363,,1485.3716459274292,64.87775564193726
4752,0.0032631915528327227,,1485.6798250675201,64.88861274719238
4753,0.0033600095193833113,,1485.9891905784607,64.89946603775024
4754,0.003042614785954356,,1486.2978785037994,64.9103090763092
4755,0.004149843007326126,,1486.606906414032,64.92115044593811
4756,0.008387423120439053,,1486.9161880016327,64.93199944496155
4757,0.004058842081576586,,1487.2243554592133,64.94286584854126
4758,0.003290141699835658,,1487.5315473079681,64.95371842384338
4759,0.0034794937819242477,,1487.8394718170166,64.96457171440125
4760,0.003302114550024271,,1488.147932767868,64.97542405128479
4761,0.0036184126511216164,,1488.456314086914,64.98626780509949
4762,0.0057502686977386475,,1488.7647650241852,64.99710512161255
4763,0.005594432353973389,,1489.0726940631866,65.00794339179993
4764,0.004392665810883045,,1489.3824741840363,65.01880121231079
4765,0.005865810438990593,,1489.6911058425903,65.0296642780304
4766,0.003878391580656171,,1490.0037994384766,65.04051065444946
4767,0.0037264975253492594,,1490.3122155666351,65.05135774612427
4768,0.003629213199019432,,1490.6198892593384,65.0622136592865
4769,0.00385601376183331,,1490.9273347854614,65.07305955886841
4770,0.004984419792890549,,1491.234081029892,65.08390092849731
4771,0.002912474563345313,,1491.5434007644653,65.09475588798523
4772,0.004328498151153326,,1491.8519604206085,65.10561513900757
4773,0.003363972529768944,,1492.1604416370392,65.11646056175232
4774,0.0033449470065534115,,1492.4670958518982,65.1273102760315
4775,0.005407243967056274,,1492.7759730815887,65.13816905021667
4776,0.0034890277311205864,,1493.0842101573944,65.1490306854248
4777,0.003970146179199219,,1493.3934223651886,65.15986967086792
4778,0.0028964660596102476,,1493.7024693489075,65.17072033882141
4779,0.002824948402121663,,1494.0105473995209,65.18156409263611
4780,0.0033332756720483303,,1494.3205273151398,65.19241118431091
4781,0.004763790871948004,,1494.6313364505768,65.2032573223114
4782,0.003367962781339884,,1494.9410827159882,65.21409773826599
4783,0.0036296190228313208,,1495.2488243579865,65.22494101524353
4784,0.004339271225035191,,1495.5578532218933,65.23578882217407
4785,0.0038244896568357944,,1495.867913722992,65.24663782119751
4786,0.004105133004486561,,1496.177122592926,65.25748419761658
4787,0.0036290509160608053,,1496.4860455989838,65.26832675933838
4788,0.004578103311359882,,1496.7940518856049,65.27918076515198
4789,0.00392413605004549,,1497.1016218662262,65.29003262519836
4790,0.004009884782135487,,1497.409496307373,65.30087327957153
4791,0.003789975307881832,,1497.717863559723,65.31172561645508
4792,0.003213482443243265,,1498.024460554123,65.3225781917572
4793,0.003982455935329199,,1498.335122346878,65.33343148231506
4794,0.0039353626780211926,,1498.642899274826,65.34427261352539
4795,0.00335973734036088,,1498.9490931034088,65.35512328147888
4796,0.0029115830548107624,,1499.2579052448273,65.36598062515259
4797,0.002908079419285059,,1499.5660994052887,65.3768413066864
4798,0.004827635828405619,,1499.8736824989319,65.3876883983612
4799,0.007197852246463299,,1500.1827692985535,65.39853096008301
4800,0.003101276233792305,,1500.6589210033417,65.40937185287476
4801,0.005888399668037891,,1500.9677419662476,65.42022037506104
4802,0.004979453980922699,,1501.2758395671844,65.43108344078064
4803,0.004331269767135382,,1501.5837857723236,65.44192433357239
4804,0.0034373782109469175,,1501.8917462825775,65.45276856422424
4805,0.006056489888578653,,1502.1997208595276,65.46360492706299
4806,0.005158869083970785,,1502.5078210830688,65.47445321083069
4807,0.0037944994401186705,,1502.8164262771606,65.48530149459839
4808,0.003232398768886924,,1503.1246531009674,65.4961404800415
4809,0.0030151389073580503,,1503.435460805893,65.50699543952942
4810,0.0030962955206632614,,1503.7423121929169,65.51784992218018
4811,0.002936658216640353,,1504.0498235225677,65.52871370315552
4812,0.003152222605422139,,1504.3577353954315,65.53957343101501
4813,0.006003283895552158,,1504.6703746318817,65.55042099952698
4814,0.005231319461017847,,1504.9796404838562,65.56126284599304
4815,0.0068655554205179214,,1505.2870934009552,65.57210659980774
4816,0.005524355452507734,,1505.5936398506165,65.58295488357544
4817,0.004989712964743376,,1505.9030196666718,65.5938024520874
4818,0.006114087998867035,,1506.2114055156708,65.60464239120483
4819,0.00403258902952075,,1506.5205554962158,65.615487575531
4820,0.003936891909688711,,1506.8288133144379,65.62633848190308
4821,0.003951877821236849,,1507.1383781433105,65.63719463348389
4822,0.0040910677053034306,,1507.4477021694183,65.64803576469421
4823,0.0033581259194761515,,1507.7577056884766,65.65887713432312
4824,0.004242733586579561,,1508.067189693451,65.66971015930176
4825,0.0041565303690731525,,1508.3759942054749,65.68054413795471
4826,0.0038798730820417404,,1508.6860671043396,65.69138693809509
4827,0.00503859668970108,,1508.993651151657,65.70222616195679
4828,0.011555282399058342,,1509.3009316921234,65.7130663394928
4829,0.006902458146214485,,1509.607172012329,65.72392177581787
4830,0.014271286316215992,,1509.9145936965942,65.73478412628174
4831,0.01616358384490013,,1510.2234489917755,65.74563026428223
4832,0.012468038126826286,,1510.5323703289032,65.75647234916687
4833,0.006702096667140722,,1510.8406701087952,65.76731324195862
4834,0.005947759374976158,,1511.1501421928406,65.77815985679626
4835,0.007770688738673925,,1511.4591252803802,65.78900337219238
4836,0.0074590155854821205,,1511.7673115730286,65.79985904693604
4837,0.005771351046860218,,1512.0776495933533,65.81070804595947
4838,0.004076886922121048,,1512.387281179428,65.82156038284302
4839,0.004521825350821018,,1512.695461988449,65.83241105079651
4840,0.0055999006144702435,,1513.002985715866,65.84327578544617
4841,0.003788763890042901,,1513.3122317790985,65.85412192344666
4842,0.0035024320241063833,,1513.6199426651,65.86496949195862
4843,0.0037619108334183693,,1513.9283564090729,65.87581157684326
4844,0.00418152054771781,,1514.237587928772,65.88665819168091
4845,0.003292379667982459,,1514.5459651947021,65.8975043296814
4846,0.004294826649129391,,1514.8548040390015,65.90835499763489
4847,0.007414491381496191,,1515.1634016036987,65.91919803619385
4848,0.00522097060456872,,1515.4723222255707,65.93005108833313
4849,0.003806458553299308,,1515.7807483673096,65.94090056419373
4850,0.004817387089133263,,1516.2576212882996,65.9517560005188
4851,0.005388239864259958,,1516.5661942958832,65.96259689331055
4852,0.006135939154773951,,1516.8741166591644,65.9734525680542
4853,0.006990078371018171,,1517.1810216903687,65.98428988456726
4854,0.0060023656114935875,,1517.4891221523285,65.99515533447266
4855,0.006582815665751696,,1517.7984001636505,66.00600099563599
4856,0.0087279686704278,,1518.1076862812042,66.01685404777527
4857,0.005155444610863924,,1518.4162893295288,66.02769756317139
4858,0.005807048641145229,,1518.7249028682709,66.03855180740356
4859,0.004544375464320183,,1519.034197807312,66.04938864707947
4860,0.004211068153381348,,1519.3443269729614,66.06023001670837
4861,0.0032329715322703123,,1519.6526601314545,66.07107472419739
4862,0.0032962949480861425,,1519.9608850479126,66.08190989494324
4863,0.004717014729976654,,1520.2685091495514,66.09275913238525
4864,0.0038240745197981596,,1520.5781054496765,66.1036148071289
4865,0.0034498325549066067,,1520.8859837055206,66.11446046829224
4866,0.0029763870406895876,,1521.1930022239685,66.12530565261841
4867,0.004430283326655626,,1521.5025107860565,66.13614749908447
4868,0.0036963345482945442,,1521.8126327991486,66.14699745178223
4869,0.0034591127187013626,,1522.12069773674,66.15783214569092
4870,0.004243435803800821,,1522.4304695129395,66.16867899894714
4871,0.004594078753143549,,1522.7410109043121,66.17952609062195
4872,0.00452491594478488,,1523.0496752262115,66.19037508964539
4873,0.0038656771648675203,,1523.358422279358,66.20122241973877
4874,0.0039484864100813866,,1523.6653096675873,66.21206569671631
4875,0.003447686554864049,,1523.9736776351929,66.22290873527527
4876,0.0036233486607670784,,1524.285329580307,66.23375749588013
4877,0.003023677971214056,,1524.5931668281555,66.24460983276367
4878,0.002993563190102577,,1524.9021232128143,66.25545716285706
4879,0.003853005822747946,,1525.2103939056396,66.2663106918335
4880,0.005915788002312183,,1525.520081281662,66.27716064453125
4881,0.0033796285279095173,,1525.8284583091736,66.28800654411316
4882,0.004410149995237589,,1526.1369409561157,66.29885864257812
4883,0.009440362453460693,,1526.4444999694824,66.30971336364746
4884,0.004802049603313208,,1526.7524065971375,66.32055497169495
4885,0.0038994105998426676,,1527.0602300167084,66.3314094543457
4886,0.0034958624746650457,,1527.3684904575348,66.34225869178772
4887,0.003470048075541854,,1527.6776723861694,66.35309958457947
4888,0.0030591010581701994,,1527.9883692264557,66.36395120620728
4889,0.004435388371348381,,1528.2994096279144,66.37479710578918
4890,0.004308535251766443,,1528.6072118282318,66.38565325737
4891,0.003324664430692792,,1528.9137892723083,66.39649534225464
4892,0.00630014156922698,,1529.2220146656036,66.40734672546387
4893,0.007525802589952946,,1529.5303015708923,66.4182026386261
4894,0.003403641749173403,,1529.8398370742798,66.42904424667358
4895,0.003889851737767458,,1530.148808479309,66.43989038467407
4896,0.0039710053242743015,,1530.459947347641,66.45074915885925
4897,0.005394391715526581,,1530.767657995224,66.46159720420837
4898,0.005744817201048136,,1531.0763080120087,66.4724440574646
4899,0.004219485446810722,,1531.3836584091187,66.48329877853394
4900,0.003978461027145386,,1531.8628907203674,66.49414014816284
4901,0.0041489251889288425,,1532.1717083454132,66.50497627258301
4902,0.00425767432898283,,1532.4791219234467,66.51583790779114
4903,0.0035410195123404264,,1532.7886395454407,66.5266842842102
4904,0.0028742975555360317,,1533.0973641872406,66.53752517700195
4905,0.0033538402058184147,,1533.4056344032288,66.54837226867676
4906,0.0036618162412196398,,1533.712999343872,66.55924797058105
4907,0.0036667431704699993,,1534.02228140831,66.57009410858154
4908,0.0038240975700318813,,1534.3309473991394,66.58093667030334
4909,0.0035643973387777805,,1534.637549161911,66.59178066253662
4910,0.003248364431783557,,1534.9459655284882,66.60261678695679
4911,0.0030797747895121574,,1535.2552065849304,66.61346673965454
4912,0.0028651661705225706,,1535.5653157234192,66.62431144714355
4913,0.0051093022339046,,1535.8751146793365,66.63516330718994
4914,0.0037820949219167233,,1536.1834139823914,66.64600968360901
4915,0.0030456746462732553,,1536.4922304153442,66.65685868263245
4916,0.003036119043827057,,1536.7999312877655,66.66770219802856
4917,0.0042402842082083225,,1537.1084768772125,66.67856025695801
4918,0.006151045672595501,,1537.4153306484222,66.68940591812134
4919,0.008771829307079315,,1537.7246022224426,66.70025491714478
4920,0.00827611144632101,,1538.0319578647614,66.71109628677368
4921,0.005662176758050919,,1538.3404760360718,66.72194385528564
4922,0.00493738753721118,,1538.6498334407806,66.73279881477356
4923,0.003665465861558914,,1538.9567122459412,66.74365425109863
4924,0.0026414240710437298,,1539.2648961544037,66.7545018196106
4925,0.0032152673229575157,,1539.5722815990448,66.76535058021545
4926,0.002771656261757016,,1539.8795523643494,66.77619957923889
4927,0.005875916685909033,,1540.1892685890198,66.78705048561096
4928,0.0037829705979675055,,1540.4988887310028,66.79789900779724
4929,0.0060447766445577145,,1540.8068850040436,66.80874633789062
4930,0.009504871442914009,,1541.1159336566925,66.81958985328674
4931,0.0058247740380465984,,1541.4252636432648,66.83043479919434
4932,0.0075044105760753155,,1541.735008239746,66.84128022193909
4933,0.007786340545862913,,1542.0424926280975,66.85214066505432
4934,0.005694306455552578,,1542.3502941131592,66.8629858493805
4935,0.0028140651993453503,,1542.6600720882416,66.87383961677551
4936,0.0041316794231534,,1542.9688777923584,66.88469099998474
4937,0.00401946809142828,,1543.2770688533783,66.89552974700928
4938,0.003276301082223654,,1543.5895328521729,66.90638375282288
4939,0.0033244150690734386,,1543.8991281986237,66.91722249984741
4940,0.003052628831937909,,1544.2072670459747,66.92806100845337
4941,0.002813676605001092,,1544.516878604889,66.93890404701233
4942,0.0033956565894186497,,1544.8255944252014,66.9497492313385
4943,0.0033665986265987158,,1545.1361892223358,66.96059799194336
4944,0.005455407314002514,,1545.4448595046997,66.97145915031433
4945,0.003945537842810154,,1545.7543985843658,66.98230624198914
4946,0.0027759342920035124,,1546.0624070167542,66.99315357208252
4947,0.003699256805703044,,1546.3715977668762,67.00398850440979
4948,0.004698208998888731,,1546.6794028282166,67.01483392715454
4949,0.003177476115524769,,1546.9872710704803,67.02568292617798
4950,0.002861588727682829,,1547.465636253357,67.03652906417847
4951,0.004374234937131405,,1547.7752912044525,67.04737544059753
4952,0.0036548711359500885,,1548.0843901634216,67.05821490287781
4953,0.003043664386495948,,1548.391898393631,67.06906080245972
4954,0.003124722046777606,,1548.7040419578552,67.07990431785583
4955,0.0031596922781318426,,1549.0149137973785,67.09074449539185
4956,0.003463521134108305,,1549.3229949474335,67.10159683227539
4957,0.004703213460743427,,1549.6320633888245,67.11243724822998
4958,0.002847453812137246,,1549.9391641616821,67.12328171730042
4959,0.005309638567268848,,1550.2483875751495,67.13413453102112
4960,0.0038876249454915524,,1550.5560297966003,67.14497303962708
4961,0.0030119414441287518,,1550.864997625351,67.15582466125488
4962,0.0025396982673555613,,1551.1723840236664,67.16667628288269
4963,0.0035704532638192177,,1551.4841151237488,67.17752170562744
4964,0.005649931263178587,,1551.7931909561157,67.18836545944214
4965,0.0029492941685020924,,1552.1007380485535,67.19921898841858
4966,0.0029470697045326233,,1552.410723209381,67.21006536483765
4967,0.003195459023118019,,1552.719957113266,67.22090172767639
4968,0.003064792137593031,,1553.027144908905,67.23175144195557
4969,0.002943670144304633,,1553.3349030017853,67.24259901046753
4970,0.0032356465235352516,,1553.642404794693,67.25343728065491
4971,0.0034650866873562336,,1553.9526422023773,67.26427149772644
4972,0.0053218333050608635,,1554.2606863975525,67.2751214504242
4973,0.0038731181994080544,,1554.5703020095825,67.28596782684326
4974,0.007236392702907324,,1554.879494190216,67.29681706428528
4975,0.0039954762905836105,,1555.1893978118896,67.30767917633057
4976,0.0024946252815425396,,1555.498062133789,67.3185133934021
4977,0.0025341773871332407,,1555.8062217235565,67.3293616771698
4978,0.002710374305024743,,1556.1134867668152,67.34021258354187
4979,0.0037919313181191683,,1556.4215223789215,67.35106158256531
4980,0.0035341717302799225,,1556.7301905155182,67.3619065284729
4981,0.00318895117379725,,1557.0378589630127,67.37275981903076
4982,0.0028037377633154392,,1557.3444290161133,67.38360500335693
4983,0.0026925213169306517,,1557.6557445526123,67.39445805549622
4984,0.002955095376819372,,1557.963008403778,67.40531516075134
4985,0.0029374577570706606,,1558.2722871303558,67.41616225242615
4986,0.003647230099886656,,1558.5807330608368,67.42701578140259
4987,0.0026824811939150095,,1558.8887588977814,67.43786430358887
4988,0.0037878304719924927,,1559.1971688270569,67.44872164726257
4989,0.004025689326226711,,1559.5039465427399,67.45957112312317
4990,0.003657336113974452,,1559.813666343689,67.47041630744934
4991,0.0034329118207097054,,1560.123867034912,67.48125720024109
4992,0.0053218333050608635,,1560.4328203201294,67.49210739135742
4993,0.004511200822889805,,1560.7413430213928,67.50296664237976
4994,0.005064366851001978,,1561.0491127967834,67.51383781433105
4995,0.0038887932896614075,,1561.3563718795776,67.5246844291687
4996,0.003276553936302662,,1561.6639988422394,67.5355372428894
4997,0.0032751483377069235,,1561.972309589386,67.54638648033142
4998,0.0055444566532969475,,1562.2821505069733,67.55723810195923
4999,0.0033414228819310665,,1562.5922343730927,67.5680923461914
5000,0.0034782513976097107,0.001578032155521214,1563.0701043605804,68.90617752075195
5001,0.002604447538033128,,1563.3786036968231,68.9170286655426
5002,0.0031272410415112972,,1563.6877393722534,68.9278781414032
5003,0.003344085533171892,,1563.9964635372162,68.93872094154358
5004,0.004496186040341854,,1564.3041174411774,68.94956278800964
5005,0.0031060930341482162,,1564.6141831874847,68.96041440963745
5006,0.004450448323041201,,1564.9235360622406,68.97125840187073
5007,0.0038588792085647583,,1565.2314810752869,68.98211312294006
5008,0.0041749970987439156,,1565.5394022464752,68.9929587841034
5009,0.0032932241447269917,,1565.8480167388916,69.00379967689514
5010,0.0028299582190811634,,1566.155553817749,69.01465320587158
5011,0.002640301827341318,,1566.4631493091583,69.02550721168518
5012,0.0035351263359189034,,1566.7731440067291,69.03635048866272
5013,0.0026251785457134247,,1567.081785917282,69.04719972610474
5014,0.003003218909725547,,1567.3913538455963,69.05803871154785
5015,0.003945966716855764,,1567.6997666358948,69.06903409957886
5016,0.003105977550148964,,1568.0090391635895,69.07988119125366
5017,0.00596744054928422,,1568.3175611495972,69.09072422981262
5018,0.007681639399379492,,1568.6272146701813,69.10157227516174
5019,0.010687052272260189,,1568.9358158111572,69.11241936683655
5020,0.008594394661486149,,1569.2461035251617,69.12326788902283
5021,0.01053121592849493,,1569.555768251419,69.13410806655884
5022,0.0057670800015330315,,1569.863477230072,69.14495968818665
5023,0.008238197304308414,,1570.1720516681671,69.15581941604614
5024,0.010130494832992554,,1570.4800584316254,69.16667866706848
5025,0.01033085584640503,,1570.790045261383,69.17753338813782
5026,0.003091837279498577,,1571.0978348255157,69.18838667869568
5027,0.005413167178630829,,1571.4069776535034,69.19923877716064
5028,0.003713189624249935,,1571.7146117687225,69.21008777618408
5029,0.002681969664990902,,1572.0230150222778,69.22093033790588
5030,0.0033483896404504776,,1572.3316278457642,69.23177981376648
5031,0.0037183810491114855,,1572.641216993332,69.2426278591156
5032,0.003922964911907911,,1572.950531721115,69.25348258018494
5033,0.004279242362827063,,1573.2597811222076,69.26432991027832
5034,0.0066735404543578625,,1573.5664567947388,69.27518773078918
5035,0.006932757794857025,,1573.8732748031616,69.28603458404541
5036,0.006272818427532911,,1574.1803545951843,69.29687929153442
5037,0.004172618500888348,,1574.4883019924164,69.30774021148682
5038,0.0038484486285597086,,1574.798232793808,69.31858825683594
5039,0.0032004578970372677,,1575.1081655025482,69.32943034172058
5040,0.003107527270913124,,1575.4158008098602,69.3402910232544
5041,0.0034428779035806656,,1575.7245662212372,69.35113191604614
5042,0.003083127550780773,,1576.031686782837,69.36198019981384
5043,0.003267662599682808,,1576.3398542404175,69.37282872200012
5044,0.0037872849497944117,,1576.6494812965393,69.38368225097656
5045,0.0048675742000341415,,1576.958071231842,69.39452719688416
5046,0.005488469265401363,,1577.2661027908325,69.40538334846497
5047,0.005459417123347521,,1577.5741047859192,69.41623783111572
5048,0.008817018009722233,,1577.8814322948456,69.42708730697632
5049,0.007792951073497534,,1578.1914367675781,69.43792414665222
5050,0.003853926667943597,,1578.6679902076721,69.44877505302429
5051,0.0038996839430183172,,1578.9769520759583,69.4596221446991
5052,0.0026771745178848505,,1579.2866699695587,69.47047400474548
5053,0.002531037200242281,,1579.595207452774,69.4813244342804
5054,0.002658324781805277,,1579.905061006546,69.49216723442078
5055,0.0025080684572458267,,1580.2144119739532,69.50300884246826
5056,0.003592088120058179,,1580.5251417160034,69.51386904716492
5057,0.0029085136484354734,,1580.8341360092163,69.52471375465393
5058,0.002669741166755557,,1581.1425731182098,69.53556251525879
5059,0.0027638289611786604,,1581.4496500492096,69.54640507698059
5060,0.003381426678970456,,1581.7583882808685,69.55724906921387
5061,0.002641933038830757,,1582.0669255256653,69.56810331344604
5062,0.0038031665608286858,,1582.3776452541351,69.5789361000061
5063,0.00582592748105526,,1582.6879677772522,69.58978796005249
5064,0.003417034400627017,,1582.9970581531525,69.60063624382019
5065,0.004317083861678839,,1583.305977344513,69.61147880554199
5066,0.0036159055307507515,,1583.6150596141815,69.62232279777527
5067,0.00280953710898757,,1583.9219176769257,69.63317561149597
5068,0.003168635768815875,,1584.2309579849243,69.64404034614563
5069,0.0033277489710599184,,1584.5391328334808,69.65489029884338
5070,0.0037240737583488226,,1584.848361492157,69.66574096679688
5071,0.0028241900727152824,,1585.1570491790771,69.67658615112305
5072,0.002549191238358617,,1585.4653568267822,69.68744540214539
5073,0.002930430695414543,,1585.774026632309,69.6983015537262
5074,0.00282517378218472,,1586.0816495418549,69.70914483070374
5075,0.0024535837583243847,,1586.3887963294983,69.71998286247253
5076,0.0028158966451883316,,1586.6972615718842,69.73082137107849
5077,0.0025382470339536667,,1587.004441022873,69.74167490005493
5078,0.004193439614027739,,1587.3156778812408,69.75252890586853
5079,0.0048164622858166695,,1587.6248214244843,69.76338386535645
5080,0.0066644586622715,,1587.9325861930847,69.77422380447388
5081,0.00817141029983759,,1588.240029335022,69.78507947921753
5082,0.005621797405183315,,1588.5494396686554,69.79593324661255
5083,0.005524453707039356,,1588.8585455417633,69.80677485466003
5084,0.005922915879637003,,1589.1658411026,69.81762409210205
5085,0.003761239815503359,,1589.473948955536,69.82847595214844
5086,0.0027352788019925356,,1589.7819066047668,69.83931589126587
5087,0.0029718561563640833,,1590.089465379715,69.85015749931335
5088,0.003320002928376198,,1590.4004576206207,69.8609983921051
5089,0.00359956338070333,,1590.708934545517,69.87184500694275
5090,0.0036601636093109846,,1591.01580452919,69.88270568847656
5091,0.0029063397087156773,,1591.3234903812408,69.89353847503662
5092,0.003706485964357853,,1591.6333079338074,69.90438151359558
5093,0.004606211092323065,,1591.9420368671417,69.91522026062012
5094,0.006880195811390877,,1592.2502064704895,69.92606258392334
5095,0.006546260789036751,,1592.5582084655762,69.93690872192383
5096,0.00696924515068531,,1592.8643834590912,69.94775676727295
5097,0.005410882644355297,,1593.172468662262,69.95860505104065
5098,0.0032598013058304787,,1593.479974746704,69.96945571899414
5099,0.002905768109485507,,1593.7892966270447,69.98029851913452
5100,0.003791453782469034,,1594.2679073810577,69.9911642074585
5101,0.004650304559618235,,1594.575811624527,70.00200653076172
5102,0.005661958362907171,,1594.8855283260345,70.01285290718079
5103,0.0034810907673090696,,1595.195116519928,70.02370285987854
5104,0.0026675169356167316,,1595.5040230751038,70.03454971313477
5105,0.0036803269758820534,,1595.8106191158295,70.04538679122925
5106,0.0030987956561148167,,1596.120280265808,70.05623745918274
5107,0.003388408338651061,,1596.4294176101685,70.06709623336792
5108,0.0027634159196168184,,1596.7366480827332,70.0779480934143
5109,0.003673222381621599,,1597.0445804595947,70.08879160881042
5110,0.0038433654699474573,,1597.353399515152,70.09963417053223
5111,0.0028071762062609196,,1597.6629831790924,70.11047911643982
5112,0.0026890814770013094,,1597.9719741344452,70.1213173866272
5113,0.002790851751342416,,1598.2816324234009,70.13216066360474
5114,0.004042675718665123,,1598.590211391449,70.14302039146423
5115,0.002588869770988822,,1598.8996047973633,70.15385437011719
5116,0.003990996163338423,,1599.2097313404083,70.16472244262695
5117,0.0035447492264211178,,1599.5174088478088,70.17556595802307
5118,0.0036198459565639496,,1599.8253631591797,70.18641018867493
5119,0.00396314961835742,,1600.1348631381989,70.19726777076721
5120,0.005566718988120556,,1600.4421954154968,70.20811200141907
5121,0.004682160913944244,,1600.7521328926086,70.21896743774414
5122,0.0057670800015330315,,1601.060527563095,70.22981762886047
5123,0.0033758238423615694,,1601.3707427978516,70.24065089225769
5124,0.003135248553007841,,1601.680319070816,70.25149774551392
5125,0.0038899092469364405,,1601.988537788391,70.26233315467834
5126,0.004824926611036062,,1602.2979917526245,70.27318811416626
5127,0.004048812668770552,,1602.6094312667847,70.28403615951538
5128,0.003949485719203949,,1602.9170746803284,70.2948865890503
5129,0.005191450007259846,,1603.2261958122253,70.3057427406311
5130,0.0054958052933216095,,1603.535496711731,70.31659626960754
5131,0.0052731819450855255,,1603.844072818756,70.32744479179382
5132,0.0035654015373438597,,1604.1512522697449,70.33828830718994
5133,0.00420787837356329,,1604.4603352546692,70.34914708137512
5134,0.0032521928660571575,,1604.76948928833,70.35999464988708
5135,0.0028515092562884092,,1605.0774641036987,70.37083125114441
5136,0.0034101014025509357,,1605.384775876999,70.38167834281921
5137,0.002667501103132963,,1605.6931381225586,70.39253377914429
5138,0.004023369401693344,,1606.0022354125977,70.4033727645874
5139,0.005263554397970438,,1606.3107824325562,70.41420698165894
5140,0.008215934969484806,,1606.622379541397,70.42505407333374
5141,0.008060098625719547,,1606.9318459033966,70.4359061717987
5142,0.005041966214776039,,1607.2399706840515,70.44675779342651
5143,0.007414491381496191,,1607.549175977707,70.457603931427
5144,0.004919159691780806,,1607.8569467067719,70.46846413612366
5145,0.004089655354619026,,1608.1650338172913,70.4793050289154
5146,0.003152458695694804,,1608.4734425544739,70.49014544487
5147,0.0034280612599104643,,1608.7841818332672,70.50097846984863
5148,0.00523645943030715,,1609.0914781093597,70.5118396282196
5149,0.0029593328945338726,,1609.4003684520721,70.52269959449768
5150,0.0028972390573471785,,1609.8787143230438,70.53355264663696
5151,0.0028383121825754642,,1610.188411474228,70.54440593719482
5152,0.007125081494450569,,1610.4954512119293,70.55525922775269
5153,0.003973835147917271,,1610.8039231300354,70.56611824035645
5154,0.005566718988120556,,1611.1114954948425,70.57695317268372
5155,0.002760304370895028,,1611.4217927455902,70.587806224823
5156,0.003330768784508109,,1611.7302572727203,70.59864640235901
5157,0.00306130014359951,,1612.0401153564453,70.6094925403595
5158,0.0029846320394426584,,1612.3483901023865,70.6203351020813
5159,0.0029123113490641117,,1612.657620191574,70.63118076324463
5160,0.0030028242617845535,,1612.9660432338715,70.64203262329102
5161,0.002714717062190175,,1613.2760210037231,70.65288138389587
5162,0.003042287891730666,,1613.5863938331604,70.66373896598816
5163,0.002699602395296097,,1613.8955104351044,70.67459678649902
5164,0.0032996681984514,,1614.203269481659,70.68545508384705
5165,0.0027490623760968447,,1614.5121932029724,70.6963050365448
5166,0.002781313145533204,,1614.8200178146362,70.70714449882507
5167,0.00262422114610672,,1615.1291127204895,70.71799087524414
5168,0.003089464269578457,,1615.437507867813,70.72883296012878
5169,0.003753774566575885,,1615.746339559555,70.73967909812927
5170,0.0027653397992253304,,1616.0533225536346,70.7505247592926
5171,0.003365439362823963,,1616.3622517585754,70.76137351989746
5172,0.0027044189628213644,,1616.6711320877075,70.77222323417664
5173,0.0026708641089498997,,1616.9802317619324,70.78306317329407
5174,0.0027845497243106365,,1617.288531780243,70.79390931129456
5175,0.004027617629617453,,1617.5970027446747,70.80475378036499
5176,0.004076406359672546,,1617.9041812419891,70.81558609008789
5177,0.003006202634423971,,1618.212567806244,70.82644176483154
5178,0.004387706518173218,,1618.5183231830597,70.83729791641235
5179,0.005568116903305054,,1618.827087879181,70.8481547832489
5180,0.005189442075788975,,1619.1360697746277,70.85900139808655
5181,0.003147171111777425,,1619.4442446231842,70.86984658241272
5182,0.00352832511998713,,1619.7544689178467,70.88069248199463
5183,0.0036610558163374662,,1620.064773797989,70.89155864715576
5184,0.003196883713826537,,1620.3733253479004,70.90239763259888
5185,0.003159960499033332,,1620.6828436851501,70.91323852539062
5186,0.0028957920148968697,,1620.991681098938,70.92409157752991
5187,0.00334749324247241,,1621.3001353740692,70.93493485450745
5188,0.0059006535448133945,,1621.6072821617126,70.94579219818115
5189,0.006880195811390877,,1621.9142518043518,70.95664143562317
5190,0.007614852860569954,,1622.2221534252167,70.96749019622803
5191,0.006835671607404947,,1622.5299339294434,70.97834181785583
5192,0.007303179707378149,,1622.8381633758545,70.9891951084137
5193,0.006946982815861702,,1623.1473512649536,71.00003385543823
5194,0.003224768675863743,,1623.4580006599426,71.01087021827698
5195,0.006880195811390877,,1623.7663338184357,71.02170968055725
5196,0.0034472872503101826,,1624.07528424263,71.03254914283752
5197,0.003351984778419137,,1624.385639667511,71.04339838027954
5198,0.003462768392637372,,1624.693405866623,71.05425906181335
5199,0.0034664799459278584,,1625.0020027160645,71.065110206604
5200,0.004489221144467592,,1625.480914592743,71.07595753669739
5201,0.00341038522310555,,1625.78808426857,71.08680391311646
5202,0.003064858727157116,,1626.096658706665,71.09766125679016
5203,0.004483578726649284,,1626.4066410064697,71.10851192474365
5204,0.004447616636753082,,1626.7147359848022,71.11936688423157
5205,0.004921506159007549,,1627.0216035842896,71.13021445274353
5206,0.007675028871744871,,1627.3285677433014,71.14105749130249
5207,0.003047788981348276,,1627.6383366584778,71.15190863609314
5208,0.00269889272749424,,1627.9461793899536,71.16276121139526
5209,0.0030354431364685297,,1628.2552874088287,71.17360353469849
5210,0.0042952862568199635,,1628.5640952587128,71.1844551563263
5211,0.003373390296474099,,1628.8719172477722,71.19530081748962
5212,0.003390783676877618,,1629.1807560920715,71.20616316795349
5213,0.0032865633256733418,,1629.4888863563538,71.2170250415802
5214,0.0028846743516623974,,1629.7971622943878,71.22787690162659
5215,0.002868583658710122,,1630.1049947738647,71.23872876167297
5216,0.004237034823745489,,1630.4121234416962,71.24958276748657
5217,0.0033857577946037054,,1630.72038936615,71.2604296207428
5218,0.006079377606511116,,1631.0311164855957,71.27128410339355
5219,0.005354599095880985,,1631.3390712738037,71.28212475776672
5220,0.0037435845006257296,,1631.6486937999725,71.29297661781311
5221,0.005176500417292118,,1631.958151102066,71.30382442474365
5222,0.007813281379640102,,1632.2679977416992,71.31467127799988
5223,0.0056662713177502155,,1632.5763881206512,71.32552123069763
5224,0.005688177887350321,,1632.8840868473053,71.33636784553528
5225,0.007903598248958588,,1633.193388223648,71.34723114967346
5226,0.004303964786231518,,1633.501121044159,71.35808372497559
5227,0.0036313608288764954,,1633.810733795166,71.36894035339355
5228,0.005690674297511578,,1634.1181688308716,71.37979221343994
5229,0.00423533096909523,,1634.4262435436249,71.39064574241638
5230,0.008839954622089863,,1634.7357141971588,71.40149188041687
5231,0.00957460980862379,,1635.0433931350708,71.4123260974884
5232,0.007993985898792744,,1635.350380897522,71.42317748069763
5233,0.005890294909477234,,1635.6579430103302,71.43402791023254
5234,0.003510075155645609,,1635.9660215377808,71.4448881149292
5235,0.0030210833065211773,,1636.2724447250366,71.45572853088379
5236,0.003592751920223236,,1636.5823254585266,71.46657538414001
5237,0.002717800671234727,,1636.8897833824158,71.47741413116455
5238,0.0027314594481140375,,1637.1990942955017,71.48825907707214
5239,0.0026595720555633307,,1637.5055167675018,71.49910473823547
5240,0.002912466414272785,,1637.8169150352478,71.50995397567749
5241,0.002856077393516898,,1638.1255753040314,71.5207986831665
5242,0.002870105439797044,,1638.4354836940765,71.53164744377136
5243,0.003476346144452691,,1638.7434196472168,71.54248595237732
5244,0.00366364442743361,,1639.0544981956482,71.55334568023682
5245,0.0032902234233915806,,1639.362431049347,71.56419897079468
5246,0.0035472591407597065,,1639.6704452037811,71.57504749298096
5247,0.005165543872863054,,1639.9812293052673,71.58590507507324
5248,0.002914037788286805,,1640.2887437343597,71.59675598144531
5249,0.0030578847508877516,,1640.5968203544617,71.60761332511902
5250,0.0033713250886648893,,1641.0763144493103,71.6184651851654
5251,0.003078646957874298,,1641.3835740089417,71.62931323051453
5252,0.003330361098051071,,1641.6920447349548,71.64017939567566
5253,0.004880244843661785,,1641.9999289512634,71.65104508399963
5254,0.005135053303092718,,1642.3109993934631,71.66188645362854
5255,0.007622048258781433,,1642.6205315589905,71.67272901535034
5256,0.005451477598398924,,1642.9297215938568,71.68357586860657
5257,0.0035522091202437878,,1643.238734960556,71.69442057609558
5258,0.005619256291538477,,1643.5469691753387,71.70527410507202
5259,0.00326785771176219,,1643.8556356430054,71.71611499786377
5260,0.0033512271475046873,,1644.1633162498474,71.72696232795715
5261,0.0037826241459697485,,1644.4756557941437,71.73781228065491
5262,0.003294765716418624,,1644.7839963436127,71.74864768981934
5263,0.00596744054928422,,1645.0925557613373,71.75949311256409
5264,0.004250908736139536,,1645.4010095596313,71.770343542099
5265,0.004302491899579763,,1645.7099194526672,71.78119778633118
5266,0.0048241703771054745,,1646.0175275802612,71.79203534126282
5267,0.003213068936020136,,1646.3267650604248,71.80287981033325
5268,0.0029441954102367163,,1646.6367585659027,71.81372666358948
5269,0.004084100481122732,,1646.9452652931213,71.82456660270691
5270,0.00696924515068531,,1647.2520859241486,71.83540678024292
5271,0.0064126867800951,,1647.5606925487518,71.84626841545105
5272,0.007503540255129337,,1647.8692467212677,71.85712385177612
5273,0.005525636952370405,,1648.1763634681702,71.86797332763672
5274,0.007748426403850317,,1648.484575510025,71.87882256507874
5275,0.004409739747643471,,1648.7928476333618,71.88965725898743
5276,0.005165996961295605,,1649.0998735427856,71.9004955291748
5277,0.0065685235895216465,,1649.4088382720947,71.91134905815125
5278,0.008215934969484806,,1649.7169661521912,71.92219853401184
5279,0.0060119652189314365,,1650.0243270397186,71.93304824829102
5280,0.0043342276476323605,,1650.331222295761,71.94390273094177
5281,0.004625044763088226,,1650.640195608139,71.95475792884827
5282,0.004657639190554619,,1650.9485404491425,71.9656126499176
5283,0.0043012709356844425,,1651.2571151256561,71.97646617889404
5284,0.0026947511360049248,,1651.5654802322388,71.98731780052185
5285,0.0032778787426650524,,1651.8747906684875,71.99816823005676
5286,0.0036836862564086914,,1652.1819982528687,72.00903344154358
5287,0.00454035634174943,,1652.4896748065948,72.01988673210144
5288,0.004790118895471096,,1652.7979862689972,72.03074359893799
5289,0.004545964300632477,,1653.1080076694489,72.04158806800842
5290,0.003189360024407506,,1653.415833234787,72.05244755744934
5291,0.0075703272596001625,,1653.7239634990692,72.06329894065857
5292,0.007525802589952946,,1654.032907485962,72.074143409729
5293,0.006279113236814737,,1654.3427848815918,72.08498334884644
5294,0.0053879860788583755,,1654.6516392230988,72.09584498405457
5295,0.0028323999140411615,,1654.9591450691223,72.10670375823975
5296,0.0025988942943513393,,1655.2678961753845,72.11755037307739
5297,0.0029144093859940767,,1655.577712059021,72.12840127944946
5298,0.0031827217899262905,,1655.8854875564575,72.13925242424011
5299,0.0027682483196258545,,1656.1928887367249,72.1501235961914
5300,0.002766304649412632,,1656.6721785068512,72.16099381446838
5301,0.004444996826350689,,1656.9807395935059,72.17182779312134
5302,0.00394841656088829,,1657.2896909713745,72.18267226219177
5303,0.003962503746151924,,1657.598051071167,72.19351720809937
5304,0.006734529044479132,,1657.9069833755493,72.20436716079712
5305,0.005092121660709381,,1658.2170543670654,72.21522903442383
5306,0.003915094304829836,,1658.5251426696777,72.22609233856201
5307,0.0038399086333811283,,1658.8359718322754,72.23691940307617
5308,0.00401440542191267,,1659.1452088356018,72.24776577949524
5309,0.00448978366330266,,1659.45401096344,72.25862216949463
5310,0.004227636847645044,,1659.7633366584778,72.26947569847107
5311,0.004861894994974136,,1660.0730793476105,72.28031992912292
5312,0.006168984342366457,,1660.3829391002655,72.29118180274963
5313,0.004827398806810379,,1660.6908922195435,72.30203676223755
5314,0.0031878266017884016,,1660.999225616455,72.31288242340088
5315,0.00357794645242393,,1661.3063933849335,72.32372760772705
5316,0.006479473784565926,,1661.614810705185,72.33458828926086
5317,0.008906066417694092,,1661.923564195633,72.34543061256409
5318,0.004655108787119389,,1662.2321276664734,72.3562695980072
5319,0.004993638023734093,,1662.5382232666016,72.36711120605469
5320,0.005033605732023716,,1662.8481631278992,72.37797212600708
5321,0.005833866540342569,,1663.1569373607635,72.38882398605347
5322,0.0065685235895216465,,1663.4657022953033,72.39966320991516
5323,0.003123854985460639,,1663.7734107971191,72.41050434112549
5324,0.0031575243920087814,,1664.0833191871643,72.42136287689209
5325,0.003059164620935917,,1664.3915388584137,72.43221187591553
5326,0.003494475968182087,,1664.699811220169,72.44306230545044
5327,0.003125010058283806,,1665.0101494789124,72.45391368865967
5328,0.00271867448464036,,1665.3181545734406,72.46477198600769
5329,0.003538269316777587,,1665.6267702579498,72.47562193870544
5330,0.0037284079007804394,,1665.9345972537994,72.48646545410156
5331,0.005152510479092598,,1666.2409796714783,72.49731492996216
5332,0.00830498430877924,,1666.5534613132477,72.50815916061401
5333,0.006657572463154793,,1666.8637924194336,72.51900053024292
5334,0.006702096667140722,,1667.1738522052765,72.52985405921936
5335,0.004674897529184818,,1667.481758594513,72.54070162773132
5336,0.004715791903436184,,1667.7894949913025,72.55155444145203
5337,0.003786195069551468,,1668.099970817566,72.56239938735962
5338,0.004350943025201559,,1668.4068775177002,72.57324576377869
5339,0.003999148029834032,,1668.7166509628296,72.58408665657043
5340,0.0031490435358136892,,1669.024870634079,72.59494352340698
5341,0.0034967083483934402,,1669.334853887558,72.60579991340637
5342,0.004898670595139265,,1669.6446928977966,72.61664962768555
5343,0.006276960019022226,,1669.953054189682,72.62749314308167
5344,0.003531938185915351,,1670.261135339737,72.63835310935974
5345,0.0035386967938393354,,1670.5706973075867,72.64921236038208
5346,0.004115156829357147,,1670.8787651062012,72.66005778312683
5347,0.0031681887339800596,,1671.1884734630585,72.67089891433716
5348,0.003208411391824484,,1671.4976723194122,72.6817409992218
5349,0.003453480778262019,,1671.8086700439453,72.69257545471191
5350,0.0033825852442532778,,1672.2865500450134,72.70341086387634
5351,0.003718689316883683,,1672.5958759784698,72.71428036689758
5352,0.0038313863333314657,,1672.9058043956757,72.72513747215271
5353,0.005750018171966076,,1673.2145824432373,72.73599171638489
5354,0.0038739547599107027,,1673.5240850448608,72.7468478679657
5355,0.005508008413016796,,1673.8309724330902,72.75769233703613
5356,0.005428713280707598,,1674.140969991684,72.76853442192078
5357,0.005423939786851406,,1674.4502556324005,72.77938890457153
5358,0.0036308139096945524,,1674.7575709819794,72.79023051261902
5359,0.0037233952898532152,,1675.0658547878265,72.80108094215393
5360,0.003910945728421211,,1675.3746435642242,72.81192922592163
5361,0.004004151094704866,,1675.6827480793,72.82277846336365
5362,0.004246535245329142,,1675.9930353164673,72.8336341381073
5363,0.003966436255723238,,1676.301206111908,72.84447312355042
5364,0.004268426448106766,,1676.610512971878,72.85532450675964
5365,0.0039385296404361725,,1676.9176182746887,72.86616230010986
5366,0.005373000632971525,,1677.2268195152283,72.87699246406555
5367,0.003481796942651272,,1677.5350830554962,72.88785481452942
5368,0.004079288337379694,,1677.842362165451,72.89871311187744
5369,0.004820424132049084,,1678.1504290103912,72.90956377983093
5370,0.005738310981541872,,1678.4591784477234,72.92041254043579
5371,0.00395155930891633,,1678.767793416977,72.93126797676086
5372,0.0033532273955643177,,1679.0765738487244,72.94213032722473
5373,0.003796779317781329,,1679.3853631019592,72.95298433303833
5374,0.002761736512184143,,1679.693435907364,72.96383762359619
5375,0.002826187526807189,,1680.0029697418213,72.97467422485352
5376,0.003362102434039116,,1680.3125574588776,72.9855363368988
5377,0.0028782940935343504,,1680.622141122818,72.99639344215393
5378,0.002752292901277542,,1680.9315354824066,73.0072557926178
5379,0.003167087445035577,,1681.240371465683,73.01809620857239
5380,0.0025602886453270912,,1681.5514702796936,73.02894616127014
5381,0.002934930380433798,,1681.8602769374847,73.03979516029358
5382,0.0038020501378923655,,1682.1704292297363,73.05063843727112
5383,0.004845974501222372,,1682.4793462753296,73.0614869594574
5384,0.002961406484246254,,1682.7892389297485,73.07233619689941
5385,0.0028372425585985184,,1683.096030473709,73.08317446708679
5386,0.002510561142116785,,1683.4024019241333,73.09402132034302
5387,0.0027310033328831196,,1683.709234714508,73.1048834323883
5388,0.0025763690937310457,,1684.0193305015564,73.11573004722595
5389,0.002506846794858575,,1684.329770565033,73.12656903266907
5390,0.0026321953628212214,,1684.6383323669434,73.13742280006409
5391,0.0027343302499502897,,1684.9452531337738,73.14827346801758
5392,0.0025819928850978613,,1685.2535781860352,73.15911197662354
5393,0.002655685879290104,,1685.5623116493225,73.16996622085571
5394,0.004448734223842621,,1685.8710763454437,73.18081140518188
5395,0.0033606651704758406,,1686.1803073883057,73.1916573047638
5396,0.002497989684343338,,1686.4903635978699,73.20250344276428
5397,0.0038009805139154196,,1686.7997932434082,73.21334910392761
5398,0.003391459584236145,,1687.108252286911,73.22419714927673
5399,0.003141975961625576,,1687.4165694713593,73.23505020141602
5400,0.0031656294595450163,,1687.895767211914,73.24590516090393
5401,0.0030480646528303623,,1688.2039279937744,73.25676131248474
5402,0.0027359097730368376,,1688.5133106708527,73.26766228675842
5403,0.0032614332158118486,,1688.8212599754333,73.27851843833923
5404,0.0049140662886202335,,1689.1294739246368,73.28937149047852
5405,0.002872118493542075,,1689.4387385845184,73.30022478103638
5406,0.0032608762849122286,,1689.7474205493927,73.3110625743866
5407,0.002831295831128955,,1690.0554685592651,73.32191300392151
5408,0.003096584230661392,,1690.362880706787,73.33276653289795
5409,0.00478418217971921,,1690.67138838768,73.34361815452576
5410,0.0026210907381027937,,1690.979599237442,73.35447216033936
5411,0.0029284448828548193,,1691.28963637352,73.36532306671143
5412,0.00276072951965034,,1691.5977146625519,73.37616848945618
5413,0.002954076277092099,,1691.9053356647491,73.38703417778015
5414,0.002812796039506793,,1692.214769601822,73.39787817001343
5415,0.004411659203469753,,1692.5243229866028,73.40872740745544
5416,0.0050992099568247795,,1692.832685470581,73.41958713531494
5417,0.004698488395661116,,1693.1413197517395,73.43043494224548
5418,0.004130858927965164,,1693.4502182006836,73.44128441810608
5419,0.003744682762771845,,1693.7603526115417,73.45213866233826
5420,0.0047477236948907375,,1694.0677139759064,73.46298837661743
5421,0.005811604671180248,,1694.3756515979767,73.47383666038513
5422,0.004987898748368025,,1694.6837227344513,73.48469495773315
5423,0.004637634381651878,,1694.9923446178436,73.49554705619812
5424,0.0029787614475935698,,1695.3016188144684,73.50639653205872
5425,0.0037106918171048164,,1695.6101088523865,73.51724290847778
5426,0.004206384066492319,,1695.9187850952148,73.5280933380127
5427,0.003166730748489499,,1696.2271785736084,73.53893852233887
5428,0.00451235007494688,,1696.5355305671692,73.54979252815247
5429,0.003683236427605152,,1696.8444788455963,73.5606381893158
5430,0.003198328660801053,,1697.1522052288055,73.57149243354797
5431,0.0027836535591632128,,1697.4607481956482,73.58234739303589
5432,0.002852147910743952,,1697.7703504562378,73.59319686889648
5433,0.0032177811954170465,,1698.078420162201,73.60405993461609
5434,0.003765994915738702,,1698.3875007629395,73.61490869522095
5435,0.002639567945152521,,1698.6958236694336,73.62575721740723
5436,0.004273208323866129,,1699.0040972232819,73.6365897655487
5437,0.004231641069054604,,1699.3115446567535,73.64745235443115
5438,0.0030443179421126842,,1699.618961572647,73.65830516815186
5439,0.0026632477529346943,,1699.9281649589539,73.66914939880371
5440,0.0036926157772541046,,1700.2363035678864,73.680006980896
5441,0.002858932362869382,,1700.5449120998383,73.69085574150085
5442,0.0026041825767606497,,1700.8524737358093,73.70171022415161
5443,0.002638061996549368,,1701.1608200073242,73.71254801750183
5444,0.0026505789719522,,1701.4695627689362,73.7233989238739
5445,0.0052521610632538795,,1701.778382062912,73.73424768447876
5446,0.0029102214612066746,,1702.086157798767,73.74508547782898
5447,0.003674315521493554,,1702.3958585262299,73.75591897964478
5448,0.0032979906536638737,,1702.7027943134308,73.7667670249939
5449,0.0029418757185339928,,1703.00990152359,73.77761673927307
5450,0.0031624294351786375,,1703.4868564605713,73.78845357894897
5451,0.0029082982800900936,,1703.7969810962677,73.79932451248169
5452,0.002524831099435687,,1704.1075091362,73.81017088890076
5453,0.0033956565894186497,,1704.4150772094727,73.82102179527283
5454,0.003359925700351596,,1704.725191116333,73.83185291290283
5455,0.002519535832107067,,1705.034901857376,73.84270071983337
5456,0.0025170431472361088,,1705.3423244953156,73.85354900360107
5457,0.002505944576114416,,1705.6505861282349,73.86440849304199
5458,0.0027392797637730837,,1705.9588584899902,73.87525916099548
5459,0.002976992866024375,,1706.2660892009735,73.88611769676208
5460,0.005722554866224527,,1706.5748856067657,73.89697480201721
5461,0.006702096667140722,,1706.8822491168976,73.90781736373901
5462,0.004292016848921776,,1707.1927044391632,73.91865539550781
5463,0.002997221192345023,,1707.5033192634583,73.92949867248535
5464,0.004381886683404446,,1707.8105597496033,73.94035530090332
5465,0.002862148452550173,,1708.1200957298279,73.95119953155518
5466,0.0034304456785321236,,1708.4299547672272,73.96204566955566
5467,0.0039914511144161224,,1708.7389669418335,73.972895860672
5468,0.00388643192127347,,1709.0452735424042,73.9837474822998
5469,0.003534766612574458,,1709.3563137054443,73.99461102485657
5470,0.0060119652189314365,,1709.6641113758087,74.00547289848328
5471,0.005611243192106485,,1709.9742472171783,74.01632809638977
5472,0.0056780301965773106,,1710.2822179794312,74.02719187736511
5473,0.0045646983198821545,,1710.5908696651459,74.03804445266724
5474,0.003727457020431757,,1710.9004378318787,74.04888105392456
5475,0.0036870173644274473,,1711.2083513736725,74.05972933769226
5476,0.006813409272581339,,1711.5155770778656,74.07058715820312
5477,0.005121472291648388,,1711.82310628891,74.08142876625061
5478,0.006813409272581339,,1712.131360054016,74.09226179122925
5479,0.004854324273765087,,1712.4389469623566,74.10310912132263
5480,0.005076947622001171,,1712.7467079162598,74.11394810676575
5481,0.004579657688736916,,1713.0548706054688,74.12479066848755
5482,0.003942110575735569,,1713.363847732544,74.13564682006836
5483,0.004203380085527897,,1713.673356294632,74.14649629592896
5484,0.005811604671180248,,1713.9810786247253,74.15735864639282
5485,0.0037765721790492535,,1714.290322303772,74.16820478439331
5486,0.00383764342404902,,1714.5987775325775,74.17904806137085
5487,0.005076947622001171,,1714.9082553386688,74.18991017341614
5488,0.005655767861753702,,1715.2153103351593,74.20076179504395
5489,0.0044784462079405785,,1715.5232338905334,74.21160960197449
5490,0.0026745132636278868,,1715.8317062854767,74.2224600315094
5491,0.005076947622001171,,1716.1415762901306,74.23330163955688
5492,0.005922915879637003,,1716.448462486267,74.24415326118469
5493,0.008483082987368107,,1716.7568335533142,74.25499844551086
5494,0.0070360321551561356,,1717.0660412311554,74.2658383846283
5495,0.005566718988120556,,1717.3746366500854,74.2766809463501
5496,0.003310783766210079,,1717.684611082077,74.28753805160522
5497,0.00367576046846807,,1717.9931094646454,74.29838848114014
5498,0.0043927510268986225,,1718.301798582077,74.30924606323242
5499,0.0055444566532969475,,1718.6096196174622,74.32009482383728
5500,0.005255046300590038,0.0015051361406221986,1719.0881099700928,75.65761137008667
5501,0.004720750730484724,,1719.397423028946,75.66845893859863
5502,0.003948901314288378,,1719.7040903568268,75.67929267883301
5503,0.0038033961318433285,,1720.0135135650635,75.69013786315918
5504,0.004256532993167639,,1720.3222377300262,75.70097064971924
5505,0.004126634448766708,,1720.6310720443726,75.71181654930115
5506,0.0026540288235992193,,1720.9377880096436,75.72266054153442
5507,0.002740574534982443,,1721.2457008361816,75.73351073265076
5508,0.0029118249658495188,,1721.5538067817688,75.74436259269714
5509,0.0026010614819824696,,1721.8630514144897,75.75521540641785
5510,0.0025811621453613043,,1722.1724157333374,75.76605463027954
5511,0.0025725229643285275,,1722.4801948070526,75.77689671516418
5512,0.0024794365745037794,,1722.7902054786682,75.78774309158325
5513,0.0025566930416971445,,1723.100023508072,75.79859638214111
5514,0.002655592281371355,,1723.4085199832916,75.80943846702576
5515,0.0024675799068063498,,1723.716289281845,75.82028722763062
5516,0.0032094360794872046,,1724.0237128734589,75.83113169670105
5517,0.0028888739179819822,,1724.3316676616669,75.84196877479553
5518,0.003081776900216937,,1724.639641046524,75.85281419754028
5519,0.003847976913675666,,1724.9473428726196,75.86368107795715
5520,0.004497310146689415,,1725.2538640499115,75.87453198432922
5521,0.003897720016539097,,1725.5630218982697,75.88537836074829
5522,0.004136213101446629,,1725.8716206550598,75.89622211456299
5523,0.004346717614680529,,1726.1792957782745,75.90706658363342
5524,0.00572203379124403,,1726.4861657619476,75.91791272163391
5525,0.005109218414872885,,1726.796771287918,75.92876076698303
5526,0.007637114729732275,,1727.1077489852905,75.93959975242615
5527,0.005945178214460611,,1727.4170055389404,75.95044898986816
5528,0.007058294489979744,,1727.724956035614,75.96130013465881
5529,0.00596744054928422,,1728.0336718559265,75.97214603424072
5530,0.0036662782076746225,,1728.342054605484,75.9829957485199
5531,0.004571184515953064,,1728.6511898040771,75.99384498596191
5532,0.003282378427684307,,1728.9606719017029,76.00468754768372
5533,0.003698001615703106,,1729.2714095115662,76.01554870605469
5534,0.0032262904569506645,,1729.5804901123047,76.02640104293823
5535,0.004791547544300556,,1729.889770746231,76.03727316856384
5536,0.004868435673415661,,1730.1983904838562,76.04812598228455
5537,0.004346220754086971,,1730.507997751236,76.05898785591125
5538,0.003893630113452673,,1730.8174183368683,76.06982231140137
5539,0.0037155316676944494,,1731.124359846115,76.08066749572754
5540,0.0034248563461005688,,1731.4316842556,76.09152317047119
5541,0.003741256892681122,,1731.7397258281708,76.10239291191101
5542,0.003405796131119132,,1732.0478701591492,76.1132459640503
5543,0.0036647552624344826,,1732.3571031093597,76.12409257888794
5544,0.003096464555710554,,1732.6658170223236,76.13494110107422
5545,0.003107684664428234,,1732.9754259586334,76.14578437805176
5546,0.003750566393136978,,1733.2838888168335,76.15663385391235
5547,0.0049783289432525635,,1733.5938572883606,76.16748881340027
5548,0.006930226925760508,,1733.902696609497,76.17834615707397
5549,0.009306125342845917,,1734.212170600891,76.18918371200562
5550,0.00506737781688571,,1734.6913666725159,76.20002961158752
5551,0.003145183203741908,,1734.9993333816528,76.21087646484375
5552,0.005107180215418339,,1735.3083329200745,76.2217345237732
5553,0.0038875576574355364,,1735.6161065101624,76.23259091377258
5554,0.0034408511128276587,,1735.9229335784912,76.24344491958618
5555,0.004101084545254707,,1736.2293977737427,76.25429320335388
5556,0.006069659721106291,,1736.5375213623047,76.26513314247131
5557,0.0041706012561917305,,1736.8450417518616,76.27597141265869
5558,0.004525637719780207,,1737.1532864570618,76.28680872917175
5559,0.00452871760353446,,1737.4660320281982,76.29765248298645
5560,0.004141602665185928,,1737.7765460014343,76.30849695205688
5561,0.003206499619409442,,1738.0853335857391,76.319331407547
5562,0.0032258848659694195,,1738.3930950164795,76.33019256591797
5563,0.002814770443364978,,1738.7014300823212,76.34103107452393
5564,0.0027125272899866104,,1739.0120167732239,76.35187983512878
5565,0.002488206373527646,,1739.3196456432343,76.36272525787354
5566,0.0028659652452915907,,1739.6266264915466,76.37357997894287
5567,0.0030635902658104897,,1739.9361600875854,76.38442349433899
5568,0.003470973577350378,,1740.2441956996918,76.39528179168701
5569,0.0031088772229850292,,1740.5531249046326,76.40613222122192
5570,0.0052105216309428215,,1740.8632233142853,76.41697812080383
5571,0.005722554866224527,,1741.1702144145966,76.42783188819885
5572,0.004209458362311125,,1741.4794068336487,76.43868923187256
5573,0.003977857064455748,,1741.786764383316,76.44954323768616
5574,0.003994789905846119,,1742.0965733528137,76.46039199829102
5575,0.0038731058593839407,,1742.4070205688477,76.47124314308167
5576,0.002515975618734956,,1742.7154557704926,76.48208713531494
5577,0.002661509672179818,,1743.024057149887,76.49294877052307
5578,0.0030882670544087887,,1743.3328595161438,76.5037899017334
5579,0.002969225635752082,,1743.6403012275696,76.51464939117432
5580,0.0029408452101051807,,1743.9493794441223,76.52548670768738
5581,0.0027795962523669004,,1744.2570044994354,76.53633666038513
5582,0.003351125167682767,,1744.5654187202454,76.54718685150146
5583,0.0031778537668287754,,1744.8759677410126,76.5580358505249
5584,0.0035763245541602373,,1745.1874821186066,76.56888604164124
5585,0.0026848516426980495,,1745.4964752197266,76.57973170280457
5586,0.0027621148619800806,,1745.8040425777435,76.5905749797821
5587,0.003312514629215002,,1746.1139240264893,76.60142707824707
5588,0.003780272789299488,,1746.4238004684448,76.61226963996887
5589,0.003538338467478752,,1746.7341051101685,76.62310290336609
5590,0.004852965008467436,,1747.0404977798462,76.633944272995
5591,0.006808922626078129,,1747.3478088378906,76.6448073387146
5592,0.004822093993425369,,1747.6568126678467,76.65564918518066
5593,0.0055499630980193615,,1747.9657008647919,76.6665050983429
5594,0.007577924989163876,,1748.272635936737,76.6773328781128
5595,0.004103327170014381,,1748.5804722309113,76.68818211555481
5596,0.0037035206332802773,,1748.8897972106934,76.69902992248535
5597,0.004002215340733528,,1749.2012865543365,76.70986866950989
5598,0.0035729333758354187,,1749.5099649429321,76.7207248210907
5599,0.0034198344219475985,,1749.8207511901855,76.73157548904419
5600,0.0029779127798974514,,1750.2984328269958,76.74241995811462
5601,0.0035922087263315916,,1750.6069059371948,76.75327181816101
5602,0.003238982055336237,,1750.914992570877,76.76410794258118
5603,0.0024332143366336823,,1751.2235453128815,76.77495956420898
5604,0.003208584152162075,,1751.5323467254639,76.78582048416138
5605,0.0031516822054982185,,1751.8408608436584,76.79665565490723
5606,0.002643025480210781,,1752.1499228477478,76.80749845504761
5607,0.0034666520077735186,,1752.459166765213,76.8183479309082
5608,0.0035002492368221283,,1752.7652401924133,76.82920122146606
5609,0.003887761617079377,,1753.0737972259521,76.84005093574524
5610,0.002853476908057928,,1753.3820197582245,76.85089540481567
5611,0.002724852180108428,,1753.6913368701935,76.86173677444458
5612,0.0024229655973613262,,1753.9994122982025,76.87259840965271
5613,0.0025490180123597383,,1754.3094148635864,76.88344025611877
5614,0.0027437726967036724,,1754.6168324947357,76.8942859172821
5615,0.002626104047521949,,1754.9258124828339,76.90515637397766
5616,0.0033759349025785923,,1755.2339034080505,76.91599702835083
5617,0.003836254123598337,,1755.544187784195,76.92684936523438
5618,0.004508135374635458,,1755.8517367839813,76.93770861625671
5619,0.004243568517267704,,1756.1603775024414,76.94856429100037
5620,0.003467723960056901,,1756.4692504405975,76.95942068099976
5621,0.002670340472832322,,1756.7771334648132,76.97027158737183
5622,0.002583895344287157,,1757.0856935977936,76.98111391067505
5623,0.0025120535865426064,,1757.3954231739044,76.99195098876953
5624,0.0025656442157924175,,1757.703903913498,77.00280737876892
5625,0.002571606310084462,,1758.0119211673737,77.01366186141968
5626,0.002604295965284109,,1758.3197433948517,77.0245110988617
5627,0.002565884031355381,,1758.6303040981293,77.03535866737366
5628,0.004527366254478693,,1758.9373590946198,77.04620718955994
5629,0.006381332408636808,,1759.2470045089722,77.05707025527954
5630,0.0028666516300290823,,1759.556792974472,77.06792283058167
5631,0.0027317963540554047,,1759.864872455597,77.078777551651
5632,0.0025627491995692253,,1760.1729755401611,77.08961892127991
5633,0.003454948775470257,,1760.4830384254456,77.10046625137329
5634,0.003353270934894681,,1760.7924382686615,77.11131024360657
5635,0.0036923044826835394,,1761.1014847755432,77.12216114997864
5636,0.003270319662988186,,1761.4103400707245,77.13301110267639
5637,0.002577462699264288,,1761.7191634178162,77.14387130737305
5638,0.00348197971470654,,1762.0280272960663,77.15472531318665
5639,0.0033221791964024305,,1762.3399007320404,77.16556596755981
5640,0.0026610714849084616,,1762.6475422382355,77.17641091346741
5641,0.0025776014663279057,,1762.9556069374084,77.1872489452362
5642,0.003498846897855401,,1763.2629981040955,77.19808602333069
5643,0.0034676261711865664,,1763.572024345398,77.20892810821533
5644,0.003077363595366478,,1763.8820147514343,77.21976971626282
5645,0.003013747278600931,,1764.1892602443695,77.23061966896057
5646,0.0041047376580536366,,1764.4966707229614,77.24147319793701
5647,0.004729258827865124,,1764.8056411743164,77.25233101844788
5648,0.007258655037730932,,1765.113473892212,77.26318955421448
5649,0.008126885630190372,,1765.4217002391815,77.27403259277344
5650,0.00870570633560419,,1765.9007902145386,77.2848870754242
5651,0.003338712966069579,,1766.2094841003418,77.29572677612305
5652,0.0034032054245471954,,1766.518578529358,77.30657577514648
5653,0.004402369260787964,,1766.8258655071259,77.31742286682129
5654,0.005859483499079943,,1767.1336781978607,77.32826685905457
5655,0.006390424445271492,,1767.4421589374542,77.33910369873047
5656,0.005112344864755869,,1767.7510039806366,77.34996557235718
5657,0.00427616573870182,,1768.0588963031769,77.36081290245056
5658,0.0037091674748808146,,1768.3673586845398,77.37167692184448
5659,0.002926092827692628,,1768.6759147644043,77.38251757621765
5660,0.0031266671139746904,,1768.9841814041138,77.39336323738098
5661,0.0034883685875684023,,1769.2903635501862,77.40420651435852
5662,0.0033789922017604113,,1769.5981154441833,77.41505432128906
5663,0.003841579193249345,,1769.9088878631592,77.42591166496277
5664,0.004006023518741131,,1770.2163662910461,77.43674612045288
5665,0.0033753931056708097,,1770.5247256755829,77.44759106636047
5666,0.0025108768604695797,,1770.833426952362,77.45843505859375
5667,0.002662916202098131,,1771.1422345638275,77.46928334236145
5668,0.0032887381967157125,,1771.4491834640503,77.48013091087341
5669,0.004765275400131941,,1771.7578926086426,77.49097943305969
5670,0.0064126867800951,,1772.0663044452667,77.50182938575745
5671,0.007525802589952946,,1772.3773076534271,77.51267766952515
5672,0.005655767861753702,,1772.685982465744,77.52352142333984
5673,0.008817018009722233,,1772.9962062835693,77.5343656539917
5674,0.008126885630190372,,1773.3040988445282,77.54520344734192
5675,0.005859483499079943,,1773.612366437912,77.55606698989868
5676,0.004229499958455563,,1773.923885345459,77.56691861152649
5677,0.0036762102972716093,,1774.2309486865997,77.57777333259583
5678,0.003125264309346676,,1774.5411558151245,77.58862352371216
5679,0.002932316856458783,,1774.848415851593,77.5994713306427
5680,0.0031471929978579283,,1775.1582388877869,77.6103253364563
5681,0.0038527355063706636,,1775.4660952091217,77.62117671966553
5682,0.0038320973981171846,,1775.7751274108887,77.63202595710754
5683,0.003164546564221382,,1776.0841825008392,77.6428849697113
5684,0.0032598653342574835,,1776.3939867019653,77.65374302864075
5685,0.0035134823992848396,,1776.7029778957367,77.66459488868713
5686,0.003875888418406248,,1777.0120606422424,77.67543935775757
5687,0.0032812280114740133,,1777.3240551948547,77.68628764152527
5688,0.005161785986274481,,1777.631432056427,77.69713997840881
5689,0.005364285781979561,,1777.9395577907562,77.70798373222351
5690,0.0049034710973501205,,1778.248797416687,77.71884369850159
5691,0.003429397474974394,,1778.5584814548492,77.7297043800354
5692,0.004141075070947409,,1778.8671844005585,77.74055671691895
5693,0.0031881975010037422,,1779.1747522354126,77.75140595436096
5694,0.003981040790677071,,1779.4841928482056,77.7622594833374
5695,0.0030148900113999844,,1779.7934174537659,77.77312445640564
5696,0.0033436473459005356,,1780.1006252765656,77.78396797180176
5697,0.0033766427077353,,1780.408427476883,77.79482412338257
5698,0.005380681250244379,,1780.7155375480652,77.80567240715027
5699,0.006893847603350878,,1781.0249738693237,77.8165168762207
5700,0.006934470497071743,,1781.5043640136719,77.82736897468567
5701,0.003739249426871538,,1781.8124356269836,77.83821558952332
5702,0.003663845593109727,,1782.12167096138,77.84905576705933
5703,0.003913837485015392,,1782.4316620826721,77.85991430282593
5704,0.003039728617295623,,1782.7407402992249,77.87077569961548
5705,0.0037523831706494093,,1783.0496294498444,77.88161563873291
5706,0.0025995341129601,,1783.3580403327942,77.8924605846405
5707,0.0030801878310739994,,1783.6658203601837,77.90331649780273
5708,0.0027382755652070045,,1783.9731965065002,77.91415405273438
5709,0.003925094846636057,,1784.2821345329285,77.92500114440918
5710,0.0026207719929516315,,1784.5925931930542,77.93583416938782
5711,0.002705473219975829,,1784.9018619060516,77.94669342041016
5712,0.002500985050573945,,1785.2100493907928,77.95754027366638
5713,0.0023214188404381275,,1785.5185408592224,77.96839356422424
5714,0.002372834598645568,,1785.8287189006805,77.97923970222473
5715,0.002388319466263056,,1786.1407072544098,77.99008369445801
5716,0.002575458725914359,,1786.4488108158112,78.0009241104126
5717,0.0028796917758882046,,1786.7566289901733,78.0117883682251
5718,0.0023796409368515015,,1787.0651426315308,78.02264785766602
5719,0.0032056437339633703,,1787.3755149841309,78.03350353240967
5720,0.003356144530698657,,1787.6832385063171,78.04435229301453
5721,0.0031601719092577696,,1787.9914169311523,78.05520033836365
5722,0.0028589824214577675,,1788.3004324436188,78.06603956222534
5723,0.0030272069852799177,,1788.6092908382416,78.07690453529358
5724,0.0032379080075770617,,1788.9164714813232,78.0877468585968
5725,0.003949332050979137,,1789.2266325950623,78.09858870506287
5726,0.004963753279298544,,1789.5373177528381,78.10942554473877
5727,0.004843045957386494,,1789.846534729004,78.12025570869446
5728,0.0038142765406519175,,1790.1547448635101,78.13111639022827
5729,0.0037054503336548805,,1790.4636478424072,78.14197778701782
5730,0.003940296359360218,,1790.7724072933197,78.15281915664673
5731,0.006188131868839264,,1791.0822584629059,78.16368007659912
5732,0.007627285551279783,,1791.3894445896149,78.17453002929688
5733,0.005752013064920902,,1791.6990735530853,78.18537282943726
5734,0.005969541147351265,,1792.0089070796967,78.19622135162354
5735,0.007924247533082962,,1792.3172199726105,78.20707058906555
5736,0.0036014937795698643,,1792.626617193222,78.21792340278625
5737,0.002457906724885106,,1792.9361984729767,78.22876453399658
5738,0.002326669404283166,,1793.24374294281,78.23961162567139
5739,0.0024453196674585342,,1793.5519933700562,78.2504575252533
5740,0.002299773506820202,,1793.8598282337189,78.26131248474121
5741,0.002761612879112363,,1794.169192790985,78.27215576171875
5742,0.0034586091060191393,,1794.4784512519836,78.28299307823181
5743,0.0029510613530874252,,1794.787258386612,78.29383325576782
5744,0.002302821259945631,,1795.095321893692,78.30468344688416
5745,0.003036028705537319,,1795.4043509960175,78.31553530693054
5746,0.002682422986254096,,1795.7156691551208,78.32640242576599
5747,0.00405217707157135,,1796.024108171463,78.33724355697632
5748,0.0022907431703060865,,1796.3332500457764,78.34808325767517
5749,0.002299233339726925,,1796.641825914383,78.35893368721008
5750,0.002318988088518381,,1797.1217594146729,78.3697726726532
5751,0.00303616258315742,,1797.429686307907,78.38063097000122
5752,0.0023996741510927677,,1797.7404403686523,78.39148330688477
5753,0.002355918288230896,,1798.049395084381,78.40233898162842
5754,0.0023503161501139402,,1798.3579478263855,78.41319370269775
5755,0.002807705430313945,,1798.6656947135925,78.42403626441956
5756,0.0035994797945022583,,1798.9738671779633,78.43488264083862
5757,0.00231893640011549,,1799.2827711105347,78.44573163986206
5758,0.0034433037508279085,,1799.5898649692535,78.45658278465271
5759,0.00358504056930542,,1799.8996880054474,78.46742820739746
5760,0.0035224570892751217,,1800.208238363266,78.47827100753784
5761,0.003542626276612282,,1800.5175244808197,78.48910689353943
5762,0.004987898748368025,,1800.8253564834595,78.49995470046997
5763,0.005188259296119213,,1801.1317780017853,78.51080369949341
5764,0.0024213248398154974,,1801.4400930404663,78.52165412902832
5765,0.0028661603573709726,,1801.749094247818,78.53250169754028
5766,0.0031325609888881445,,1802.056646347046,78.54334306716919
5767,0.0037543433718383312,,1802.3668060302734,78.55418181419373
5768,0.003187344176694751,,1802.6756899356842,78.56502628326416
5769,0.003959705121815205,,1802.9844026565552,78.57587623596191
5770,0.004609439056366682,,1803.2928643226624,78.58671760559082
5771,0.004587176721543074,,1803.6014242172241,78.59758806228638
5772,0.00523278396576643,,1803.910715341568,78.60843181610107
5773,0.005299570970237255,,1804.220109462738,78.61928176879883
5774,0.0041690911166369915,,1804.5284807682037,78.63012480735779
5775,0.0027402574196457863,,1804.836369752884,78.64096593856812
5776,0.0037357218097895384,,1805.1448419094086,78.65181851387024
5777,0.0062345885671675205,,1805.4541041851044,78.66265869140625
5778,0.0042218174785375595,,1805.7644407749176,78.67349910736084
5779,0.004854324273765087,,1806.07231092453,78.68434143066406
5780,0.004466702695935965,,1806.3813471794128,78.69519639015198
5781,0.003390528028830886,,1806.6891305446625,78.706045627594
5782,0.004023707006126642,,1806.9967501163483,78.71690034866333
5783,0.002622837433591485,,1807.3061347007751,78.72774028778076
5784,0.0034929118119180202,,1807.6136920452118,78.73859310150146
5785,0.0037245843559503555,,1807.9236364364624,78.74943971633911
5786,0.004480590112507343,,1808.2315294742584,78.76028728485107
5787,0.002432415261864662,,1808.5399332046509,78.7711410522461
5788,0.002914072247222066,,1808.8478600978851,78.78198647499084
5789,0.0034111952409148216,,1809.15634059906,78.79283118247986
5790,0.003692610887810588,,1809.4646072387695,78.80368971824646
5791,0.0024294517934322357,,1809.7735900878906,78.81453800201416
5792,0.002723354147747159,,1810.0824191570282,78.82538962364197
5793,0.0026431370060890913,,1810.3907475471497,78.83624315261841
5794,0.0024139827582985163,,1810.698870897293,78.84707760810852
5795,0.0024595854338258505,,1811.0061631202698,78.85792279243469
5796,0.002461056923493743,,1811.3146948814392,78.86877417564392
5797,0.002605605870485306,,1811.6235151290894,78.87960934638977
5798,0.003022941527888179,,1811.9328782558441,78.89045429229736
5799,0.0036798357032239437,,1812.2420628070831,78.9012999534607
5800,0.003285542828962207,,1812.7208139896393,78.9121401309967
5801,0.002797303954139352,,1813.0300977230072,78.92298746109009
5802,0.0026087998412549496,,1813.338767528534,78.93382596969604
5803,0.003097127890214324,,1813.6474153995514,78.94467282295227
5804,0.004150392021983862,,1813.957862854004,78.95551300048828
5805,0.0024196833837777376,,1814.2680361270905,78.9663565158844
5806,0.0029064796399325132,,1814.5751090049744,78.97721433639526
5807,0.0023356147576123476,,1814.8843731880188,78.9880645275116
5808,0.0023748448584228754,,1815.1922421455383,78.99891877174377
5809,0.0027462136931717396,,1815.4996495246887,79.00976705551147
5810,0.002582485554739833,,1815.809278011322,79.02062058448792
5811,0.002341090003028512,,1816.1176714897156,79.03147053718567
5812,0.0023355239536613226,,1816.4257836341858,79.04232406616211
5813,0.003800527658313513,,1816.7362072467804,79.0531702041626
5814,0.005204685032367706,,1817.04452085495,79.0640139579773
5815,0.003753859316930175,,1817.3523893356323,79.07485485076904
5816,0.002945449436083436,,1817.6604855060577,79.0857036113739
5817,0.0033018470276147127,,1817.9702534675598,79.09655380249023
5818,0.0022859328892081976,,1818.2770540714264,79.10740184783936
5819,0.002336121629923582,,1818.5849921703339,79.11824750900269
5820,0.002899294951930642,,1818.8926301002502,79.12909245491028
5821,0.0042474051006138325,,1819.202136039734,79.13993668556213
5822,0.003490479663014412,,1819.5103645324707,79.15078330039978
5823,0.004223343916237354,,1819.819155216217,79.16164588928223
5824,0.004222713876515627,,1820.1272089481354,79.17248916625977
5825,0.0035185629967600107,,1820.436084985733,79.18333435058594
5826,0.0031316496897488832,,1820.7441737651825,79.19417595863342
5827,0.002478817943483591,,1821.0521206855774,79.20502281188965
5828,0.0025291708298027515,,1821.3618559837341,79.21586608886719
5829,0.002407559659332037,,1821.6722807884216,79.22671961784363
5830,0.0026986473239958286,,1821.9825811386108,79.23756456375122
5831,0.002875445643439889,,1822.291090965271,79.24840593338013
5832,0.002392043126747012,,1822.5994219779968,79.25925040245056
5833,0.006301375571638346,,1822.9078006744385,79.27010130882263
5834,0.004842616152018309,,1823.2168052196503,79.28094339370728
5835,0.0039109280332922935,,1823.525283575058,79.2917869091034
5836,0.0034494122955948114,,1823.8344695568085,79.30264687538147
5837,0.004909403156489134,,1824.1451897621155,79.3134970664978
5838,0.008549869991838932,,1824.453490972519,79.32433533668518
5839,0.00788199994713068,,1824.7620303630829,79.33519244194031
5840,0.007058294489979744,,1825.0710756778717,79.34604120254517
5841,0.00610101455822587,,1825.3806347846985,79.35689425468445
5842,0.005811604671180248,,1825.688992023468,79.36774134635925
5843,0.0053218333050608635,,1825.9981427192688,79.37858247756958
5844,0.005255046300590038,,1826.3083758354187,79.38944387435913
5845,0.005655767861753702,,1826.6179971694946,79.4002935886383
5846,0.005811604671180248,,1826.9279327392578,79.41114568710327
5847,0.006256850901991129,,1827.2374017238617,79.42199945449829
5848,0.0030472679063677788,,1827.5473399162292,79.43284010887146
5849,0.002319615101441741,,1827.8560135364532,79.44367337226868
5850,0.002337339799851179,,1828.3334331512451,79.45451378822327
5851,0.0038792318664491177,,1828.6417481899261,79.4653549194336
5852,0.003256018739193678,,1828.951367855072,79.47619795799255
5853,0.0047430130653083324,,1829.2592554092407,79.48704671859741
5854,0.006635310128331184,,1829.568532705307,79.49790215492249
5855,0.0063459002412855625,,1829.8766853809357,79.50874400138855
5856,0.004030618350952864,,1830.1859397888184,79.5195951461792
5857,0.004431340377777815,,1830.4943561553955,79.53044867515564
5858,0.0026448769494891167,,1830.8037407398224,79.5412917137146
5859,0.0033741979859769344,,1831.1125223636627,79.55213809013367
5860,0.0025157728232443333,,1831.4217495918274,79.5630030632019
5861,0.0025138778146356344,,1831.7327013015747,79.57384848594666
5862,0.0023729894310235977,,1832.0408329963684,79.58469724655151
5863,0.0032901926897466183,,1832.3506405353546,79.59555244445801
5864,0.004698488395661116,,1832.6603817939758,79.60640835762024
5865,0.0037948472891002893,,1832.968891620636,79.61725449562073
5866,0.0033718605991452932,,1833.277391910553,79.62811136245728
5867,0.0025318791158497334,,1833.5865235328674,79.63895583152771
5868,0.0026300973258912563,,1833.894467830658,79.64981579780579
5869,0.0032519919332116842,,1834.201801776886,79.66065883636475
5870,0.002921400358900428,,1834.5111966133118,79.67149829864502
5871,0.0026686873752623796,,1834.819209575653,79.6823456287384
5872,0.0023667269852012396,,1835.1275615692139,79.69318771362305
5873,0.0023436397314071655,,1835.4356381893158,79.70403003692627
5874,0.0033365313429385424,,1835.7460885047913,79.71488642692566
5875,0.0052105216309428215,,1836.0542147159576,79.72573161125183
5876,0.0038396401796489954,,1836.3637318611145,79.73658299446106
5877,0.003690778510645032,,1836.6724817752838,79.7474296092987
5878,0.004207204096019268,,1836.9813811779022,79.75840997695923
5879,0.004143575672060251,,1837.2899396419525,79.7692461013794
5880,0.0042977663688361645,,1837.600596666336,79.78008794784546
5881,0.007525802589952946,,1837.9085474014282,79.79093503952026
5882,0.004544911906123161,,1838.2165267467499,79.80179476737976
5883,0.003937442786991596,,1838.5284161567688,79.81263327598572
5884,0.003918339032679796,,1838.8373029232025,79.82349252700806
5885,0.004595157690346241,,1839.1467282772064,79.83433747291565
5886,0.006167801562696695,,1839.4571120738983,79.84517788887024
5887,0.003226944012567401,,1839.7675125598907,79.85601854324341
5888,0.004857678432017565,,1840.076890707016,79.86689305305481
5889,0.0032304462511092424,,1840.3860278129578,79.87774300575256
5890,0.0024775282945483923,,1840.6945643424988,79.88859295845032
5891,0.0033494445960968733,,1841.0015428066254,79.89944124221802
5892,0.0044418941251933575,,1841.3106801509857,79.91027617454529
5893,0.004078497178852558,,1841.619568347931,79.92112517356873
5894,0.0036330875009298325,,1841.9271993637085,79.93196725845337
5895,0.003923844080418348,,1842.2363891601562,79.94282174110413
5896,0.004300026223063469,,1842.546021938324,79.95367217063904
5897,0.004121927544474602,,1842.8537299633026,79.96451759338379
5898,0.0037296065129339695,,1843.1640493869781,79.97537875175476
5899,0.0036239279434084892,,1843.4728264808655,79.98622870445251
5900,0.0030953632667660713,,1843.9527056217194,79.99708127975464
5901,0.003946106415241957,,1844.261549949646,80.00793170928955
5902,0.0027991398237645626,,1844.5714740753174,80.01878213882446
5903,0.0023697318974882364,,1844.881583929062,80.0296323299408
5904,0.003033808432519436,,1845.1932485103607,80.04047966003418
5905,0.003530642483383417,,1845.5020642280579,80.05133628845215
5906,0.0027743636164814234,,1845.8110778331757,80.0621931552887
5907,0.003782759653404355,,1846.120254278183,80.07303023338318
5908,0.0027511909138411283,,1846.427675485611,80.08388447761536
5909,0.002437498653307557,,1846.7368466854095,80.0947322845459
5910,0.0025528341066092253,,1847.0496859550476,80.10559129714966
5911,0.0038795077707618475,,1847.358128786087,80.11645364761353
5912,0.004313311539590359,,1847.6668093204498,80.12729620933533
5913,0.0023476951755583286,,1847.9747154712677,80.13814449310303
5914,0.0031476968433707952,,1848.2856576442719,80.14899921417236
5915,0.0038463864475488663,,1848.596021413803,80.1598527431488
5916,0.0037473745178431273,,1848.9080307483673,80.17069172859192
5917,0.0031453564297407866,,1849.2175207138062,80.18154239654541
5918,0.002724092686548829,,1849.52605509758,80.19238257408142
5919,0.002920850645750761,,1849.8371231555939,80.2032380104065
5920,0.0025272509083151817,,1850.1453218460083,80.2142424583435
5921,0.0030892828945070505,,1850.4526765346527,80.2250907421112
5922,0.002371602226048708,,1850.761219739914,80.2359344959259
5923,0.0031342857982963324,,1851.069623708725,80.24677515029907
5924,0.002353927120566368,,1851.3782279491425,80.25762009620667
5925,0.002283037407323718,,1851.6871638298035,80.26845598220825
5926,0.002654729411005974,,1851.9945340156555,80.27931332588196
5927,0.002311650663614273,,1852.3031616210938,80.29015278816223
5928,0.002462915377691388,,1852.6112885475159,80.30100345611572
5929,0.002271087374538183,,1852.9196531772614,80.31185460090637
5930,0.0029342868365347385,,1853.2272744178772,80.32269883155823
5931,0.0029709802474826574,,1853.5371561050415,80.33354544639587
5932,0.0025710274931043386,,1853.84587931633,80.34439253807068
5933,0.0026560889091342688,,1854.1550831794739,80.35523509979248
5934,0.002818975131958723,,1854.4627134799957,80.36608004570007
5935,0.002952661830931902,,1854.7728688716888,80.37691640853882
5936,0.0027533520478755236,,1855.0809617042542,80.38776445388794
5937,0.003160765627399087,,1855.3890717029572,80.39861464500427
5938,0.0029172853101044893,,1855.6978688240051,80.40945720672607
5939,0.0033009133767336607,,1856.0061388015747,80.42030549049377
5940,0.002829869743436575,,1856.3138542175293,80.43115425109863
5941,0.0025897598825395107,,1856.6225261688232,80.44200944900513
5942,0.002662344602867961,,1856.9314439296722,80.45287156105042
5943,0.0031457918230444193,,1857.2403473854065,80.46372127532959
5944,0.0024604559876024723,,1857.550863981247,80.47456669807434
5945,0.0028090302366763353,,1857.8603420257568,80.4854006767273
5946,0.0028649878222495317,,1858.1689655780792,80.49624681472778
5947,0.00252572912722826,,1858.4768702983856,80.50709104537964
5948,0.003548743436113,,1858.7839851379395,80.51793503761292
5949,0.003668280551210046,,1859.0930905342102,80.5287835597992
5950,0.002551234094426036,,1859.5704772472382,80.53962922096252
5951,0.002326867077499628,,1859.8783886432648,80.55047059059143
5952,0.0023184677120298147,,1860.1921470165253,80.56132674217224
5953,0.002853227313607931,,1860.5002698898315,80.57217359542847
5954,0.0027595392893999815,,1860.8086383342743,80.58302736282349
5955,0.002300870604813099,,1861.118782043457,80.59387421607971
5956,0.0023866507690399885,,1861.4276831150055,80.60472989082336
5957,0.0023204474709928036,,1861.7364218235016,80.61557698249817
5958,0.0024097072891891003,,1862.0450239181519,80.62644147872925
5959,0.0023483275435864925,,1862.3531408309937,80.63729310035706
5960,0.0030311814043670893,,1862.6610789299011,80.64815044403076
5961,0.0029137462843209505,,1862.9702668190002,80.65900015830994
5962,0.0027726017870008945,,1863.2797396183014,80.66984963417053
5963,0.0033893263898789883,,1863.589569568634,80.68069124221802
5964,0.0026473253965377808,,1863.9000091552734,80.69156098365784
5965,0.0025342043954879045,,1864.2093589305878,80.70241498947144
5966,0.0022977341432124376,,1864.5206563472748,80.71325469017029
5967,0.002465914934873581,,1864.8304250240326,80.72409701347351
5968,0.0031626014970242977,,1865.139545917511,80.73496055603027
5969,0.0026700489688664675,,1865.4482817649841,80.74580502510071
5970,0.002822231501340866,,1865.755835533142,80.75665163993835
5971,0.002446903381496668,,1866.0639839172363,80.7674925327301
5972,0.002551539335399866,,1866.3722898960114,80.77833580970764
5973,0.002829651115462184,,1866.6800618171692,80.78918099403381
5974,0.0031618112698197365,,1866.9893045425415,80.80002999305725
5975,0.0029567836318165064,,1867.3006296157837,80.81087183952332
5976,0.0036718281917274,,1867.6087393760681,80.82172751426697
5977,0.002874963916838169,,1867.9184851646423,80.83256840705872
5978,0.002613415475934744,,1868.226676940918,80.84342765808105
5979,0.0032296704594045877,,1868.5358374118805,80.8542754650116
5980,0.002330079907551408,,1868.8433706760406,80.86510848999023
5981,0.002471417188644409,,1869.1504929065704,80.87595415115356
5982,0.002474006498232484,,1869.4583270549774,80.88680815696716
5983,0.002563248388469219,,1869.7688224315643,80.89766502380371
5984,0.002738320967182517,,1870.079251050949,80.908522605896
5985,0.003366129007190466,,1870.388508796692,80.91937828063965
5986,0.0033658482134342194,,1870.6966350078583,80.93022465705872
5987,0.0023982718121260405,,1871.0050067901611,80.94107174873352
5988,0.0023237683344632387,,1871.3137848377228,80.95191979408264
5989,0.0028047587256878614,,1871.62167096138,80.96277379989624
5990,0.0031190162990242243,,1871.9299128055573,80.973628282547
5991,0.0037647660356014967,,1872.238911151886,80.98448061943054
5992,0.0027545408811420202,,1872.5454578399658,80.99532890319824
5993,0.0024487506598234177,,1872.8535854816437,81.00616693496704
5994,0.002544027054682374,,1873.1606509685516,81.0170066356659
5995,0.002609032206237316,,1873.469084739685,81.02785968780518
5996,0.003111191326752305,,1873.77814412117,81.03870439529419
5997,0.0028260978870093822,,1874.086664199829,81.04955220222473
5998,0.0025816126726567745,,1874.3947579860687,81.06039619445801
5999,0.0023251590318977833,,1874.7031869888306,81.07124066352844
6000,0.0029556050430983305,0.0014589548809453845,1875.1825346946716,82.409104347229
6001,0.002384905470535159,,1875.4924268722534,82.4199709892273
6002,0.002325389999896288,,1875.8013632297516,82.4308111667633
6003,0.0023006759583950043,,1876.1107740402222,82.44165849685669
6004,0.002320075174793601,,1876.4213256835938,82.45250988006592
6005,0.002413548529148102,,1876.7306435108185,82.46336078643799
6006,0.002478888491168618,,1877.0387053489685,82.4742157459259
6007,0.002366787986829877,,1877.3478841781616,82.4850640296936
6008,0.0023315229918807745,,1877.6552059650421,82.49592161178589
6009,0.002854520920664072,,1877.9637799263,82.50677275657654
6010,0.002483992138877511,,1878.2723228931427,82.51761484146118
6011,0.0022533771116286516,,1878.5798671245575,82.52845096588135
6012,0.0023229217622429132,,1878.8882665634155,82.53929996490479
6013,0.002883744891732931,,1879.1965372562408,82.55014657974243
6014,0.0030114687979221344,,1879.5058195590973,82.56100487709045
6015,0.0023617511615157127,,1879.8142743110657,82.57185626029968
6016,0.0038409100379794836,,1880.1247408390045,82.5827100276947
6017,0.003282617311924696,,1880.4348211288452,82.59354972839355
6018,0.0028652935288846493,,1880.743706703186,82.60439419746399
6019,0.0027275255415588617,,1881.0527234077454,82.61524438858032
6020,0.0032835034653544426,,1881.3608927726746,82.62609815597534
6021,0.003083069110289216,,1881.668334722519,82.63694906234741
6022,0.0031227883882820606,,1881.9754891395569,82.64780068397522
6023,0.003487425157800317,,1882.2852892875671,82.65865397453308
6024,0.003737197956070304,,1882.592886209488,82.66951274871826
6025,0.003835028503090143,,1882.9029879570007,82.68036484718323
6026,0.0039046911988407373,,1883.2124450206757,82.69121479988098
6027,0.0042579094879329205,,1883.5196073055267,82.70205950737
6028,0.003713431302458048,,1883.8272256851196,82.7129111289978
6029,0.004112533759325743,,1884.1381678581238,82.72376132011414
6030,0.004459602292627096,,1884.4456226825714,82.73460054397583
6031,0.004282795358449221,,1884.7530407905579,82.74544668197632
6032,0.004118793644011021,,1885.0613532066345,82.75629711151123
6033,0.0031762898433953524,,1885.3697035312653,82.76714444160461
6034,0.0030582149047404528,,1885.6781585216522,82.77798271179199
6035,0.003228855784982443,,1885.9886310100555,82.78883075714111
6036,0.0037660023663192987,,1886.297221660614,82.79967594146729
6037,0.0031661519315093756,,1886.6053340435028,82.81051230430603
6038,0.0038105270359665155,,1886.9137241840363,82.82134556770325
6039,0.002844530623406172,,1887.2220478057861,82.83218121528625
6040,0.003965359181165695,,1887.5314500331879,82.84303426742554
6041,0.0038319325540214777,,1887.8405647277832,82.85387182235718
6042,0.0040002744644880295,,1888.1498217582703,82.86471724510193
6043,0.0031513222493231297,,1888.460544347763,82.87556099891663
6044,0.0036072430666536093,,1888.7689678668976,82.8864164352417
6045,0.0028962900396436453,,1889.0786564350128,82.8972680568695
6046,0.0027393342461436987,,1889.3886182308197,82.908118724823
6047,0.00323007395491004,,1889.6964628696442,82.91895771026611
6048,0.003629548940807581,,1890.0035009384155,82.9298038482666
6049,0.0041113621555268764,,1890.31303024292,82.94066047668457
6050,0.0041670845821499825,,1890.791546344757,82.95150399208069
6051,0.0047143688425421715,,1891.0984165668488,82.96234726905823
6052,0.0054747434332966805,,1891.4096274375916,82.9731993675232
6053,0.005498903803527355,,1891.7187314033508,82.98404955863953
6054,0.0046599190682172775,,1892.0266506671906,82.99490904808044
6055,0.003828533459454775,,1892.3347883224487,83.00576281547546
6056,0.00441718241199851,,1892.6447372436523,83.01660466194153
6057,0.003410564037039876,,1892.9553825855255,83.02745509147644
6058,0.003193241311237216,,1893.2651524543762,83.03830528259277
6059,0.003234008327126503,,1893.5724930763245,83.04916024208069
6060,0.004834314342588186,,1893.880942583084,83.06000804901123
6061,0.004202504176646471,,1894.1898791790009,83.07085609436035
6062,0.004392385017126799,,1894.497838973999,83.08170866966248
6063,0.0035250207874923944,,1894.8080711364746,83.09255504608154
6064,0.0038873967714607716,,1895.1172785758972,83.10341119766235
6065,0.003617109963670373,,1895.4271512031555,83.11425924301147
6066,0.003409898839890957,,1895.7378528118134,83.12513184547424
6067,0.003564493963494897,,1896.0478222370148,83.1359703540802
6068,0.0029169381596148014,,1896.3579273223877,83.14681768417358
6069,0.002547200070694089,,1896.6655950546265,83.15766596794128
6070,0.002274200553074479,,1896.9735252857208,83.16851496696472
6071,0.0029993930365890265,,1897.2820417881012,83.17936134338379
6072,0.0033442627172917128,,1897.5904591083527,83.19020342826843
6073,0.004921111278235912,,1897.8975095748901,83.20105934143066
6074,0.00610101455822587,,1898.207558631897,83.21190309524536
6075,0.006056489888578653,,1898.516141653061,83.22276902198792
6076,0.003795414697378874,,1898.8251609802246,83.23361897468567
6077,0.0032447895500808954,,1899.1325299739838,83.24447464942932
6078,0.0029191793873906136,,1899.4411985874176,83.25532245635986
6079,0.004653963726013899,,1899.7504441738129,83.26616406440735
6080,0.0042977663688361645,,1900.0602598190308,83.27702188491821
6081,0.0048765866085886955,,1900.3695359230042,83.28789448738098
6082,0.003496475052088499,,1900.6776523590088,83.29875183105469
6083,0.0040577794425189495,,1900.9860591888428,83.30959224700928
6084,0.00422688527032733,,1901.295354127884,83.32043600082397
6085,0.0031241688411682844,,1901.6029105186462,83.33129000663757
6086,0.003299738047644496,,1901.9097623825073,83.34213733673096
6087,0.0031827548518776894,,1902.2190446853638,83.35299062728882
6088,0.0029047727584838867,,1902.5279622077942,83.36384987831116
6089,0.002940700389444828,,1902.8354387283325,83.37471342086792
6090,0.0037609455175697803,,1903.145301580429,83.38556432723999
6091,0.0035974993370473385,,1903.456101179123,83.3964216709137
6092,0.004587176721543074,,1903.7659599781036,83.40727186203003
6093,0.004564914386719465,,1904.0737462043762,83.41812825202942
6094,0.0035127485170960426,,1904.3852214813232,83.42898225784302
6095,0.005277308635413647,,1904.6927108764648,83.43982100486755
6096,0.00714734336361289,,1905.0023834705353,83.45067405700684
6097,0.004155030008405447,,1905.3098764419556,83.46152329444885
6098,0.0032232352532446384,,1905.61758685112,83.47236657142639
6099,0.0024891982320696115,,1905.9269363880157,83.48322010040283
6100,0.0026224779430776834,,1906.4061658382416,83.4940779209137
6101,0.0025412722025066614,,1906.7143380641937,83.50491762161255
6102,0.002405997132882476,,1907.0213706493378,83.51575684547424
6103,0.002472778782248497,,1907.3330376148224,83.52659797668457
6104,0.0023006817791610956,,1907.6407358646393,83.5374538898468
6105,0.0025131215807050467,,1907.948537826538,83.54829907417297
6106,0.0024320397060364485,,1908.2607741355896,83.5591402053833
6107,0.0028279961552470922,,1908.570440530777,83.56999611854553
6108,0.0023740315809845924,,1908.8793771266937,83.58084440231323
6109,0.002925884211435914,,1909.1878261566162,83.59170174598694
6110,0.0029543228447437286,,1909.4962511062622,83.60253763198853
6111,0.003723577596247196,,1909.80722117424,83.61339688301086
6112,0.002679729601368308,,1910.1171152591705,83.62424778938293
6113,0.002663225866854191,,1910.4259579181671,83.63510942459106
6114,0.0028024816419929266,,1910.7343320846558,83.6459550857544
6115,0.0029880404472351074,,1911.042932510376,83.65680408477783
6116,0.003280022880062461,,1911.3497817516327,83.66765522956848
6117,0.0030566053465008736,,1911.6569912433624,83.67850375175476
6118,0.0036788058932870626,,1911.965175628662,83.68934845924377
6119,0.0027592252008616924,,1912.2747702598572,83.7002260684967
6120,0.0028521728236228228,,1912.58269739151,83.71106791496277
6121,0.0037682426627725363,,1912.8924083709717,83.72191548347473
6122,0.0035443066153675318,,1913.2005062103271,83.73276901245117
6123,0.004549317993223667,,1913.5085248947144,83.74361634254456
6124,0.0038391503039747477,,1913.8166990280151,83.75445938110352
6125,0.003821986960247159,,1914.1265134811401,83.76530432701111
6126,0.002912430325523019,,1914.4349143505096,83.77614450454712
6127,0.00271356338635087,,1914.7445540428162,83.7869942188263
6128,0.0035175697412341833,,1915.0530693531036,83.79785704612732
6129,0.0029021070804446936,,1915.3594353199005,83.80871272087097
6130,0.00274524069391191,,1915.6676471233368,83.81956005096436
6131,0.003195805475115776,,1915.9781093597412,83.83040189743042
6132,0.002526757074519992,,1916.2859981060028,83.84124898910522
6133,0.0026495414786040783,,1916.595180273056,83.85209774971008
6134,0.002554424572736025,,1916.903579711914,83.86293768882751
6135,0.0027190623804926872,,1917.2114760875702,83.87377882003784
6136,0.0025840650778263807,,1917.5186977386475,83.88462567329407
6137,0.0023971826303750277,,1917.825374364853,83.8954815864563
6138,0.0023479743395000696,,1918.1345045566559,83.90633034706116
6139,0.0023556624073535204,,1918.4422895908356,83.91717505455017
6140,0.0023461671080440283,,1918.7510123252869,83.92805171012878
6141,0.002355150645598769,,1919.0607874393463,83.93889999389648
6142,0.002981126308441162,,1919.3693339824677,83.94975018501282
6143,0.002482373733073473,,1919.6785743236542,83.96059465408325
6144,0.0024457904510200024,,1919.9861245155334,83.97143626213074
6145,0.002410869114100933,,1920.2961773872375,83.9822883605957
6146,0.0023741833865642548,,1920.6038348674774,83.99313449859619
6147,0.0023691311944276094,,1920.9134333133698,84.00397753715515
6148,0.0025826289784163237,,1921.2206168174744,84.01483297348022
6149,0.0029571792110800743,,1921.5279755592346,84.02567672729492
6150,0.002576905069872737,,1922.0084743499756,84.03652477264404
6151,0.002846090355888009,,1922.3176925182343,84.04738068580627
6152,0.002663267310708761,,1922.6274347305298,84.05822467803955
6153,0.0028107063844799995,,1922.9347364902496,84.06907343864441
6154,0.003082948736846447,,1923.2426714897156,84.0799241065979
6155,0.003041366580873728,,1923.5506236553192,84.09076976776123
6156,0.0027895942330360413,,1923.8587338924408,84.1016206741333
6157,0.0027396120131015778,,1924.167517900467,84.1124620437622
6158,0.0028204515110701323,,1924.4766108989716,84.12331199645996
6159,0.002787505043670535,,1924.785697221756,84.13414740562439
6160,0.004422178026288748,,1925.0928275585175,84.14498400688171
6161,0.0028005908243358135,,1925.4006996154785,84.155841588974
6162,0.0025774152018129826,,1925.7096483707428,84.1666910648346
6163,0.002410933142527938,,1926.0180027484894,84.17754077911377
6164,0.0026469549629837275,,1926.326581478119,84.188401222229
6165,0.0025417355354875326,,1926.6337368488312,84.19924545288086
6166,0.0027354934718459845,,1926.9432730674744,84.21008801460266
6167,0.002650571521371603,,1927.2528049945831,84.22095441818237
6168,0.002622911473736167,,1927.5611803531647,84.23180961608887
6169,0.003263772465288639,,1927.8691022396088,84.24265146255493
6170,0.002427112078294158,,1928.1793038845062,84.25349926948547
6171,0.0025269989855587482,,1928.4877390861511,84.26433539390564
6172,0.0035393822472542524,,1928.7958705425262,84.27518773078918
6173,0.002654636511579156,,1929.1040315628052,84.28603982925415
6174,0.003551651956513524,,1929.4129331111908,84.2968966960907
6175,0.0031576473265886307,,1929.7214996814728,84.3077347278595
6176,0.002809261903166771,,1930.0294289588928,84.31858372688293
6177,0.0041431947611272335,,1930.3373939990997,84.32942223548889
6178,0.0033504581078886986,,1930.6455397605896,84.34026265144348
6179,0.002502681454643607,,1930.955961227417,84.35110354423523
6180,0.002430572174489498,,1931.2637376785278,84.36195158958435
6181,0.0024028250481933355,,1931.5716977119446,84.37279844284058
6182,0.002515815431252122,,1931.8807945251465,84.38365507125854
6183,0.002410764340311289,,1932.1906373500824,84.39449739456177
6184,0.002649012953042984,,1932.4974446296692,84.40534830093384
6185,0.004931665025651455,,1932.8050291538239,84.41619563102722
6186,0.0032914867624640465,,1933.1121835708618,84.42703819274902
6187,0.002486020792275667,,1933.4222266674042,84.43788552284241
6188,0.0024640001356601715,,1933.73082613945,84.44872283935547
6189,0.003206902649253607,,1934.0383939743042,84.45957064628601
6190,0.003085123607888818,,1934.3465847969055,84.47042226791382
6191,0.0031255155336111784,,1934.6561653614044,84.4812741279602
6192,0.002928211120888591,,1934.9656610488892,84.49210834503174
6193,0.0033635369036346674,,1935.2735731601715,84.50295758247375
6194,0.0033363227266818285,,1935.5827600955963,84.51380324363708
6195,0.003027872648090124,,1935.8900632858276,84.5246467590332
6196,0.004564914386719465,,1936.1983933448792,84.53549551963806
6197,0.004077402874827385,,1936.5073988437653,84.54635453224182
6198,0.005878391209989786,,1936.816859960556,84.55721664428711
6199,0.0056780301965773106,,1937.1262633800507,84.56805944442749
6200,0.005744817201048136,,1937.6040017604828,84.57890605926514
6201,0.003756904974579811,,1937.9117057323456,84.58975100517273
6202,0.003850275417789817,,1938.2203743457794,84.60060453414917
6203,0.00436455337330699,,1938.5287725925446,84.61146998405457
6204,0.004320028703659773,,1938.8378384113312,84.62231779098511
6205,0.005878391209989786,,1939.1466562747955,84.63316178321838
6206,0.00578934233635664,,1939.4552302360535,84.6440052986145
6207,0.00450498191639781,,1939.7632031440735,84.65485715866089
6208,0.006279113236814737,,1940.0719730854034,84.6657018661499
6209,0.0035757620353251696,,1940.3819150924683,84.67654490470886
6210,0.0026367399841547012,,1940.6942043304443,84.68739628791809
6211,0.003893401939421892,,1941.0021913051605,84.69825410842896
6212,0.004921111278235912,,1941.311143398285,84.70911526679993
6213,0.004676226060837507,,1941.6197202205658,84.71997332572937
6214,0.003996302839368582,,1941.9283134937286,84.73081755638123
6215,0.0026624391321092844,,1942.235765695572,84.74166822433472
6216,0.002639496698975563,,1942.5449452400208,84.75251841545105
6217,0.002452799817547202,,1942.8536500930786,84.76336646080017
6218,0.002743964083492756,,1943.1628677845001,84.7742166519165
6219,0.0025855007115751505,,1943.4701855182648,84.7850661277771
6220,0.002770318416878581,,1943.7806468009949,84.79592180252075
6221,0.00238577788695693,,1944.089953660965,84.80677342414856
6222,0.002444290556013584,,1944.398817062378,84.81762480735779
6223,0.002434749621897936,,1944.706812620163,84.82847189903259
6224,0.0024880527053028345,,1945.0142922401428,84.8393087387085
6225,0.0024912229273468256,,1945.3227293491364,84.85016632080078
6226,0.0026274416595697403,,1945.6319696903229,84.8610053062439
6227,0.002346796914935112,,1945.9395377635956,84.8718478679657
6228,0.0029110449831932783,,1946.2486021518707,84.88270282745361
6229,0.003539148485288024,,1946.5566782951355,84.89355397224426
6230,0.0030737505294382572,,1946.8649299144745,84.90439915657043
6231,0.002761774929240346,,1947.1726405620575,84.91523575782776
6232,0.0025260865222662687,,1947.481605052948,84.92608332633972
6233,0.0026864781975746155,,1947.7904679775238,84.93693470954895
6234,0.003566822037100792,,1948.101713180542,84.9477949142456
6235,0.003928421065211296,,1948.4095199108124,84.95864176750183
6236,0.00418645516037941,,1948.7168383598328,84.96948838233948
6237,0.0060119652189314365,,1949.0244715213776,84.98033022880554
6238,0.0065685235895216465,,1949.3334732055664,84.99117469787598
6239,0.0031784498132765293,,1949.641093492508,85.00202631950378
6240,0.003034943714737892,,1949.9501974582672,85.01288366317749
6241,0.0025227630976587534,,1950.2595703601837,85.02373552322388
6242,0.0024032837245613337,,1950.567395210266,85.03458070755005
6243,0.0029976023361086845,,1950.8747889995575,85.04542970657349
6244,0.0026267317589372396,,1951.1828796863556,85.05627536773682
6245,0.002426696242764592,,1951.4920454025269,85.0671226978302
6246,0.0029499640222638845,,1951.7999835014343,85.07796669006348
6247,0.0030528572387993336,,1952.1077725887299,85.08880925178528
6248,0.004397369455546141,,1952.4166812896729,85.09965300559998
6249,0.003457536455243826,,1952.725780248642,85.11051034927368
6250,0.0026233538519591093,,1953.2052450180054,85.12135004997253
6251,0.002358595374971628,,1953.511867761612,85.13219809532166
6252,0.002852686680853367,,1953.8199014663696,85.14305686950684
6253,0.0038688459899276495,,1954.12943983078,85.15389847755432
6254,0.003382276277989149,,1954.4390544891357,85.16473603248596
6255,0.0029163945000618696,,1954.7484385967255,85.17558312416077
6256,0.0027746062260121107,,1955.0570187568665,85.18643617630005
6257,0.0029645198956131935,,1955.3658769130707,85.19727802276611
6258,0.0029029392171651125,,1955.6732745170593,85.20812320709229
6259,0.002595102647319436,,1955.9825220108032,85.21896696090698
6260,0.003231614828109741,,1956.2903203964233,85.22982597351074
6261,0.00480979960411787,,1956.5993587970734,85.24065971374512
6262,0.0041293492540717125,,1956.908543586731,85.25150489807129
6263,0.003521959763020277,,1957.2178966999054,85.26236867904663
6264,0.0027473028749227524,,1957.527663230896,85.27321815490723
6265,0.0026245976332575083,,1957.8360402584076,85.28406620025635
6266,0.003287280211225152,,1958.14324426651,85.29491138458252
6267,0.004228454083204269,,1958.452194929123,85.30577301979065
6268,0.0027752278838306665,,1958.7602429389954,85.31662344932556
6269,0.002591460244730115,,1959.0717091560364,85.32763528823853
6270,0.0026824309024959803,,1959.3805902004242,85.33847832679749
6271,0.0029875433538109064,,1959.6901562213898,85.34932565689087
6272,0.0026912924367934465,,1960.0012156963348,85.360178232193
6273,0.002988592255860567,,1960.3102476596832,85.37104034423828
6274,0.002659746678546071,,1960.6172664165497,85.38189840316772
6275,0.003526667831465602,,1960.9259915351868,85.39275193214417
6276,0.003716621082276106,,1961.2366828918457,85.40361070632935
6277,0.004533559549599886,,1961.5469958782196,85.41445899009705
6278,0.0034313928335905075,,1961.8555541038513,85.42529129981995
6279,0.0030746739357709885,,1962.1621632575989,85.43616104125977
6280,0.002734800335019827,,1962.4718189239502,85.44704580307007
6281,0.002546050352975726,,1962.78134226799,85.4579074382782
6282,0.0024128889199346304,,1963.0892429351807,85.46875381469727
6283,0.0024441361892968416,,1963.3981759548187,85.47960162162781
6284,0.0025305876042693853,,1963.705664396286,85.49045181274414
6285,0.0025544872041791677,,1964.0152320861816,85.50129389762878
6286,0.0025614441838115454,,1964.3232522010803,85.51215076446533
6287,0.003754308680072427,,1964.630607843399,85.52300143241882
6288,0.00239397119730711,,1964.939858198166,85.53385138511658
6289,0.0024761350359767675,,1965.2490501403809,85.54469108581543
6290,0.002284676767885685,,1965.5566341876984,85.55554628372192
6291,0.0023049532901495695,,1965.8664245605469,85.56639170646667
6292,0.0023257220163941383,,1966.1769468784332,85.57724785804749
6293,0.0027738797944039106,,1966.4853079319,85.58809733390808
6294,0.0029754547867923975,,1966.79345536232,85.59893989562988
6295,0.002581592183560133,,1967.102189540863,85.60979104042053
6296,0.0038727191276848316,,1967.412142276764,85.62063908576965
6297,0.002933545969426632,,1967.722764492035,85.63147568702698
6298,0.002500855131074786,,1968.0316488742828,85.64231562614441
6299,0.003000094322487712,,1968.3392350673676,85.6531593799591
6300,0.00353928841650486,,1968.8177938461304,85.66400408744812
6301,0.00303417956456542,,1969.125179052353,85.67485737800598
6302,0.0030346843414008617,,1969.432409286499,85.68572092056274
6303,0.0033227044623345137,,1969.7400693893433,85.69655776023865
6304,0.00327784544788301,,1970.0493626594543,85.70740842819214
6305,0.0027907490730285645,,1970.3574793338776,85.71824932098389
6306,0.0034487172961235046,,1970.6664102077484,85.72910404205322
6307,0.005131362471729517,,1970.97522854805,85.73995327949524
6308,0.005330618470907211,,1971.2816441059113,85.75078678131104
6309,0.004257549066096544,,1971.5904760360718,85.76163387298584
6310,0.0034928524401038885,,1971.898120880127,85.77247643470764
6311,0.0025584506802260876,,1972.2049520015717,85.78332495689392
6312,0.0038034797180444,,1972.5131540298462,85.79416942596436
6313,0.0027030797209590673,,1972.8233122825623,85.80501914024353
6314,0.0026709791272878647,,1973.1298036575317,85.81585812568665
6315,0.0027490698266774416,,1973.4391195774078,85.82669806480408
6316,0.002380810910835862,,1973.7489471435547,85.83755207061768
6317,0.0023052494507282972,,1974.058312177658,85.8483943939209
6318,0.0022685411386191845,,1974.3656845092773,85.85923051834106
6319,0.002280519576743245,,1974.6721527576447,85.87007164955139
6320,0.0025791614316403866,,1974.9821410179138,85.88092565536499
6321,0.0037223873659968376,,1975.2922916412354,85.89179253578186
6322,0.0046708001755177975,,1975.6013443470001,85.90263628959656
6323,0.0028536119498312473,,1975.90949344635,85.91349768638611
6324,0.0025733164511621,,1976.217692375183,85.92434740066528
6325,0.002251570811495185,,1976.526828289032,85.93519878387451
6326,0.0028624332044273615,,1976.8361864089966,85.94604420661926
6327,0.0027486872859299183,,1977.1453392505646,85.9568920135498
6328,0.002403461607173085,,1977.4518117904663,85.96775007247925
6329,0.0022342889569699764,,1977.7617270946503,85.97859573364258
6330,0.0023507755249738693,,1978.0704984664917,85.98943614959717
6331,0.0026239652652293444,,1978.377748966217,86.00029253959656
6332,0.0032707899808883667,,1978.6848793029785,86.01115608215332
6333,0.0028459185268729925,,1978.9947164058685,86.0219886302948
6334,0.002726929262280464,,1979.3042092323303,86.03283429145813
6335,0.002967478707432747,,1979.6128640174866,86.04367232322693
6336,0.0023531601764261723,,1979.9236330986023,86.05452704429626
6337,0.0026322747580707073,,1980.232587814331,86.06537771224976
6338,0.002884898567572236,,1980.5396239757538,86.07621169090271
6339,0.002317992737516761,,1980.8467245101929,86.08705615997314
6340,0.0027866209857165813,,1981.1560790538788,86.09790563583374
6341,0.002313487697392702,,1981.4651849269867,86.10875606536865
6342,0.002694702008739114,,1981.7724685668945,86.11960291862488
6343,0.002827754244208336,,1982.0796101093292,86.1304578781128
6344,0.002483877819031477,,1982.3883974552155,86.14132332801819
6345,0.0022715753875672817,,1982.6960361003876,86.15218186378479
6346,0.0023207913618534803,,1983.0051839351654,86.16303896903992
6347,0.002239739056676626,,1983.3138272762299,86.17389273643494
6348,0.0022535985335707664,,1983.6233432292938,86.18474125862122
6349,0.0026476155035197735,,1983.9353983402252,86.19560480117798
6350,0.002592726843431592,,1984.4146099090576,86.20644187927246
6351,0.002330687129870057,,1984.7222201824188,86.21728157997131
6352,0.0025846529752016068,,1985.0314145088196,86.22813296318054
6353,0.0028254184871912003,,1985.3401548862457,86.23898792266846
6354,0.0023536398075520992,,1985.647610425949,86.24984383583069
6355,0.002259661443531513,,1985.9564046859741,86.26069808006287
6356,0.0023369055707007647,,1986.2649450302124,86.27153372764587
6357,0.002920307219028473,,1986.5731477737427,86.28238129615784
6358,0.0024262703955173492,,1986.8828225135803,86.29322504997253
6359,0.002367665758356452,,1987.190808057785,86.30408430099487
6360,0.002294178819283843,,1987.5000054836273,86.31495141983032
6361,0.0024103615432977676,,1987.8080532550812,86.32579898834229
6362,0.0023446357809007168,,1988.118712902069,86.33665871620178
6363,0.003627366153523326,,1988.4275982379913,86.3475034236908
6364,0.0026232218369841576,,1988.7367041110992,86.35835099220276
6365,0.002567548304796219,,1989.0442576408386,86.3691999912262
6366,0.0023789789993315935,,1989.35236287117,86.38003754615784
6367,0.002739476738497615,,1989.6617531776428,86.39090085029602
6368,0.002323597203940153,,1989.9736082553864,86.40175771713257
6369,0.002318723127245903,,1990.2817137241364,86.41260123252869
6370,0.0022874793503433466,,1990.5898575782776,86.42345714569092
6371,0.002337424084544182,,1990.8967518806458,86.43429827690125
6372,0.0022464757785201073,,1991.2060852050781,86.44515633583069
6373,0.0025568874552845955,,1991.5151839256287,86.45600628852844
6374,0.00294076232239604,,1991.8239269256592,86.46685528755188
6375,0.0025870944373309612,,1992.1312646865845,86.47770547866821
6376,0.002618232974782586,,1992.4413759708405,86.48855495452881
6377,0.0023823000956326723,,1992.7494122982025,86.4993965625763
6378,0.002364442916586995,,1993.0579788684845,86.51026582717896
6379,0.004265439230948687,,1993.3677814006805,86.52110958099365
6380,0.005611243192106485,,1993.6761136054993,86.53196692466736
6381,0.004925836343318224,,1993.9860434532166,86.5428307056427
6382,0.004943374078720808,,1994.2938776016235,86.5536732673645
6383,0.004164192825555801,,1994.6035096645355,86.56453442573547
6384,0.0037807091139256954,,1994.9134485721588,86.57538270950317
6385,0.0028678805101662874,,1995.2240014076233,86.5862295627594
6386,0.003284091129899025,,1995.531708240509,86.59706926345825
6387,0.0034994902089238167,,1995.8394033908844,86.60792589187622
6388,0.002391368616372347,,1996.1496303081512,86.61877703666687
6389,0.0023202416487038136,,1996.4578428268433,86.62962102890015
6390,0.002320753876119852,,1996.7663702964783,86.64046096801758
6391,0.0023521825205534697,,1997.0751519203186,86.6513135433197
6392,0.0030461333226412535,,1997.384938955307,86.66215705871582
6393,0.0023595185484737158,,1997.6943490505219,86.67300248146057
6394,0.0027597621083259583,,1998.002986907959,86.68384909629822
6395,0.002969169756397605,,1998.311126947403,86.6946976184845
6396,0.0023819541092962027,,1998.621125459671,86.7055492401123
6397,0.002409663051366806,,1998.9293818473816,86.71638941764832
6398,0.0024616203736513853,,1999.2404882907867,86.7272355556488
6399,0.0023267806973308325,,1999.549061536789,86.73808026313782
6400,0.002657777862623334,,2000.0277090072632,86.74893069267273
6401,0.0023542314302176237,,2000.3341627120972,86.75978517532349
6402,0.002370770089328289,,2000.6415779590607,86.77062845230103
6403,0.002686035120859742,,2000.9509649276733,86.78146648406982
6404,0.002375728916376829,,2001.2589123249054,86.79231429100037
6405,0.002678586868569255,,2001.5693910121918,86.80315804481506
6406,0.0029569780454039574,,2001.8782742023468,86.8139979839325
6407,0.0038572875782847404,,2002.1902830600739,86.82485461235046
6408,0.004683883395045996,,2002.4989032745361,86.83570623397827
6409,0.004625553265213966,,2002.8055090904236,86.84655141830444
6410,0.006034227553755045,,2003.1162967681885,86.85739588737488
6411,0.0034271152690052986,,2003.4232444763184,86.86823415756226
6412,0.003144034883007407,,2003.730906009674,86.8790991306305
6413,0.0035326543729752302,,2004.0390620231628,86.88994455337524
6414,0.0024384355638176203,,2004.348729133606,86.90079808235168
6415,0.0023597998078912497,,2004.6581854820251,86.91164302825928
6416,0.002633581403642893,,2004.9676582813263,86.92249989509583
6417,0.0024350914172828197,,2005.2771430015564,86.93333983421326
6418,0.0029548604506999254,,2005.5853817462921,86.9441831111908
6419,0.003332146443426609,,2005.894225358963,86.95502376556396
6420,0.002545913215726614,,2006.2032651901245,86.96585988998413
6421,0.002469391329213977,,2006.5155873298645,86.97671270370483
6422,0.003020085394382477,,2006.8233153820038,86.98756170272827
6423,0.002853007987141609,,2007.1310074329376,86.9984176158905
6424,0.002644383115693927,,2007.4397904872894,87.00927019119263
6425,0.002761964686214924,,2007.7486972808838,87.0201108455658
6426,0.0027114308904856443,,2008.0576968193054,87.03095650672913
6427,0.0024286869447678328,,2008.3676314353943,87.04179859161377
6428,0.0023508991580456495,,2008.675769329071,87.05264353752136
6429,0.0026113244239240885,,2008.9828209877014,87.06348371505737
6430,0.0026707006618380547,,2009.2921850681305,87.07432842254639
6431,0.0026234337128698826,,2009.6027896404266,87.08517217636108
6432,0.002529001096263528,,2009.9105784893036,87.09601545333862
6433,0.0025495567824691534,,2010.2188217639923,87.10685920715332
6434,0.003198743099346757,,2010.5272331237793,87.11771130561829
6435,0.002830228768289089,,2010.8370616436005,87.12856650352478
6436,0.003044953104108572,,2011.1463646888733,87.13940978050232
6437,0.0033208441454917192,,2011.4539313316345,87.15027356147766
6438,0.0034722071141004562,,2011.7615249156952,87.16111755371094
6439,0.00302087957970798,,2012.0710425376892,87.17197704315186
6440,0.0025866522919386625,,2012.3777740001678,87.18282961845398
6441,0.0024531830567866564,,2012.6873981952667,87.19366979598999
6442,0.0023430881556123495,,2012.9941511154175,87.20450711250305
6443,0.0022544153034687042,,2013.3026957511902,87.2153787612915
6444,0.0022578665520995855,,2013.6114287376404,87.22622466087341
6445,0.0023011004086583853,,2013.9204742908478,87.2370593547821
6446,0.0023795641027390957,,2014.2291195392609,87.24789428710938
6447,0.0022521798964589834,,2014.5384459495544,87.25874733924866
6448,0.00331888347864151,,2014.8491833209991,87.26958894729614
6449,0.002558350097388029,,2015.157387495041,87.28042411804199
6450,0.0023247417993843555,,2015.6347389221191,87.29126167297363
6451,0.0023943509440869093,,2015.9447619915009,87.30210638046265
6452,0.002550806151703,,2016.2539303302765,87.31295251846313
6453,0.002865849295631051,,2016.5617303848267,87.3237977027893
6454,0.0025888707023113966,,2016.8708400726318,87.33464622497559
6455,0.0026352782733738422,,2017.1807191371918,87.34548711776733
6456,0.0031546044629067183,,2017.4896655082703,87.3563461303711
6457,0.003903931239619851,,2017.7985241413116,87.36719822883606
6458,0.0032092751935124397,,2018.1062636375427,87.37804579734802
6459,0.0027830679900944233,,2018.4153945446014,87.38888740539551
6460,0.0022833009716123343,,2018.7242951393127,87.39972186088562
6461,0.0024043279699981213,,2019.0335416793823,87.41057109832764
6462,0.0023008829448372126,,2019.3411028385162,87.42141151428223
6463,0.0023482616525143385,,2019.652765750885,87.43225884437561
6464,0.0022308079060167074,,2019.9621078968048,87.443110704422
6465,0.0025441732723265886,,2020.2712471485138,87.45395708084106
6466,0.002823108108714223,,2020.5799236297607,87.4648060798645
6467,0.0026952545158565044,,2020.890364408493,87.47564554214478
6468,0.0027583707123994827,,2021.197921514511,87.48649597167969
6469,0.0026663257740437984,,2021.5061683654785,87.49735045433044
6470,0.0029122999403625727,,2021.814038515091,87.5082004070282
6471,0.002379745477810502,,2022.1241760253906,87.51905417442322
6472,0.002464503515511751,,2022.4328398704529,87.52990388870239
6473,0.0022752126678824425,,2022.7406387329102,87.5407509803772
6474,0.002381732687354088,,2023.0484371185303,87.55160307884216
6475,0.002275845967233181,,2023.3561873435974,87.56243824958801
6476,0.0022811004891991615,,2023.6647324562073,87.57329964637756
6477,0.002277411287650466,,2023.9732465744019,87.58415865898132
6478,0.0022972829174250364,,2024.2828862667084,87.59500551223755
6479,0.002842030953615904,,2024.595059633255,87.60585641860962
6480,0.0034341115970164537,,2024.9033861160278,87.61670088768005
6481,0.0030836514197289944,,2025.2133748531342,87.62755227088928
6482,0.003070009173825383,,2025.5248093605042,87.63838505744934
6483,0.002559783635661006,,2025.8330471515656,87.64922738075256
6484,0.0026345825754106045,,2026.1421585083008,87.66007256507874
6485,0.003006757004186511,,2026.4522356987,87.67093896865845
6486,0.0033539265859872103,,2026.7612719535828,87.68179082870483
6487,0.0033736717887222767,,2027.0707104206085,87.69262766838074
6488,0.003646464552730322,,2027.3768210411072,87.70349025726318
6489,0.0028553178999572992,,2027.6846311092377,87.71436595916748
6490,0.0029498927760869265,,2027.9925174713135,87.72521805763245
6491,0.0031907439697533846,,2028.3017823696136,87.7360668182373
6492,0.0028324462473392487,,2028.6097581386566,87.74691772460938
6493,0.002463547745719552,,2028.91615152359,87.75776076316833
6494,0.0026294696144759655,,2029.22456240654,87.76859903335571
6495,0.0031846980564296246,,2029.5337014198303,87.77944731712341
6496,0.002593565732240677,,2029.8418395519257,87.79029107093811
6497,0.003702642163261771,,2030.1489679813385,87.80115127563477
6498,0.0023897183127701283,,2030.4572043418884,87.81199431419373
6499,0.0025240802206099033,,2030.765231370926,87.82283973693848
6500,0.0025099271442741156,0.001441352185793221,2031.241905927658,89.16044926643372
6501,0.002668637316673994,,2031.5523872375488,89.17128825187683
6502,0.0027367027942091227,,2031.8607313632965,89.18213963508606
6503,0.0025354470126330853,,2032.168936252594,89.19297766685486
6504,0.0025977541226893663,,2032.4770555496216,89.2038266658783
6505,0.0023452043533325195,,2032.7851288318634,89.214679479599
6506,0.002337333746254444,,2033.093002796173,89.22552585601807
6507,0.0026150066405534744,,2033.4022028446198,89.23640203475952
6508,0.0026452539023011923,,2033.7106976509094,89.2472631931305
6509,0.00239951116964221,,2034.0189011096954,89.25811696052551
6510,0.0023118185345083475,,2034.3267452716827,89.26896715164185
6511,0.0026235433761030436,,2034.6360149383545,89.27981805801392
6512,0.0039061587303876877,,2034.942773103714,89.29066109657288
6513,0.002966451458632946,,2035.2509002685547,89.30151581764221
6514,0.004208717495203018,,2035.5581548213959,89.31237292289734
6515,0.00610101455822587,,2035.8655710220337,89.32321906089783
6516,0.0034711018670350313,,2036.1738016605377,89.33405828475952
6517,0.0034076066222041845,,2036.4825401306152,89.34490489959717
6518,0.002380318706855178,,2036.7897782325745,89.35576438903809
6519,0.002502207411453128,,2037.0986309051514,89.36661100387573
6520,0.002396942349150777,,2037.4073295593262,89.37746095657349
6521,0.0028098230250179768,,2037.7170174121857,89.38831758499146
6522,0.0036381855607032776,,2038.025550365448,89.39916777610779
6523,0.0035011880099773407,,2038.3322486877441,89.41001844406128
6524,0.0033700838685035706,,2038.6397683620453,89.42087268829346
6525,0.0028485613875091076,,2038.9499509334564,89.43171858787537
6526,0.003928322345018387,,2039.2576777935028,89.44258117675781
6527,0.005722554866224527,,2039.5662996768951,89.45344090461731
6528,0.004295714665204287,,2039.8734259605408,89.46429705619812
6529,0.003387107513844967,,2040.1807928085327,89.47514200210571
6530,0.00304318405687809,,2040.4877457618713,89.48599195480347
6531,0.0024452682118862867,,2040.7960481643677,89.49683833122253
6532,0.0023999486584216356,,2041.1046900749207,89.50768089294434
6533,0.002469076542183757,,2041.4159009456635,89.51852893829346
6534,0.002348023932427168,,2041.7234818935394,89.52937746047974
6535,0.0025961732026189566,,2042.0312736034393,89.54021096229553
6536,0.0028864217456430197,,2042.3379263877869,89.5510630607605
6537,0.0032440130598843098,,2042.6479887962341,89.56190609931946
6538,0.0032316686119884253,,2042.9559128284454,89.5727596282959
6539,0.002381526166573167,,2043.263736486435,89.58361506462097
6540,0.0025070037227123976,,2043.5716316699982,89.59447479248047
6541,0.002577234525233507,,2043.8797974586487,89.6053376197815
6542,0.002557463478296995,,2044.1898982524872,89.6161892414093
6543,0.00301161827519536,,2044.499137878418,89.62705111503601
6544,0.003485576482489705,,2044.8081693649292,89.63791465759277
6545,0.0028296734672039747,,2045.1164586544037,89.64875340461731
6546,0.0025540196802467108,,2045.4257192611694,89.65959906578064
6547,0.002359443809837103,,2045.7340395450592,89.67043685913086
6548,0.0024760288652032614,,2046.0413126945496,89.68128871917725
6549,0.0027094760444015265,,2046.3509318828583,89.6921226978302
6550,0.003594825742766261,,2046.8275582790375,89.70296239852905
6551,0.0027993202675133944,,2047.1364767551422,89.71380925178528
6552,0.002555851824581623,,2047.4456777572632,89.72466254234314
6553,0.0025135413743555546,,2047.7550210952759,89.73550486564636
6554,0.0028165755793452263,,2048.0627348423004,89.74635982513428
6555,0.002721804426982999,,2048.3717608451843,89.75721454620361
6556,0.002880736719816923,,2048.680022239685,89.76806688308716
6557,0.002859266009181738,,2048.987983942032,89.77892065048218
6558,0.002883203560486436,,2049.2963721752167,89.7897686958313
6559,0.003138531232252717,,2049.605004787445,89.80061101913452
6560,0.0030526616610586643,,2049.913546562195,89.81146359443665
6561,0.0027835939545184374,,2050.223524093628,89.82230281829834
6562,0.0030413109343498945,,2050.531147956848,89.83315896987915
6563,0.0024147701915353537,,2050.837940454483,89.84401059150696
6564,0.002589671639725566,,2051.145267724991,89.85486340522766
6565,0.002412511734291911,,2051.4537456035614,89.86569428443909
6566,0.0024425850715488195,,2051.761614084244,89.876544713974
6567,0.00254468759521842,,2052.068900823593,89.88739347457886
6568,0.003779115853831172,,2052.3762469291687,89.89823651313782
6569,0.0027062769513577223,,2052.68438911438,89.90908217430115
6570,0.0025860972236841917,,2052.99356174469,89.91994023323059
6571,0.002539447508752346,,2053.3009946346283,89.93078994750977
6572,0.002637773985043168,,2053.6095321178436,89.94164681434631
6573,0.0023769212421029806,,2053.9179804325104,89.95249032974243
6574,0.0023613895755261183,,2054.2274017333984,89.96334958076477
6575,0.0025263610295951366,,2054.5361642837524,89.97419738769531
6576,0.0023923516273498535,,2054.844123840332,89.98505067825317
6577,0.0024450337514281273,,2055.1519231796265,89.99590992927551
6578,0.0024892615620046854,,2055.4609999656677,90.00674796104431
6579,0.0025299678090959787,,2055.7688472270966,90.0176031589508
6580,0.00263573438860476,,2056.077392101288,90.02846264839172
6581,0.002386826789006591,,2056.3865427970886,90.03930258750916
6582,0.0023937884252518415,,2056.694617986679,90.05015444755554
6583,0.002475713612511754,,2057.003492116928,90.06100010871887
6584,0.002589809475466609,,2057.3144121170044,90.07184958457947
6585,0.0035650613717734814,,2057.622328519821,90.08270001411438
6586,0.002845815848559141,,2057.9288096427917,90.09353923797607
6587,0.0025533579755574465,,2058.236200094223,90.1043803691864
6588,0.0023807918187230825,,2058.5445127487183,90.11522269248962
6589,0.0026409451384097338,,2058.8520617485046,90.12607836723328
6590,0.003952131140977144,,2059.161562681198,90.13693022727966
6591,0.002780020935460925,,2059.470329761505,90.14778685569763
6592,0.0025393692776560783,,2059.7779219150543,90.15864086151123
6593,0.0027005348820239305,,2060.0870413780212,90.16948556900024
6594,0.003136502578854561,,2060.3958189487457,90.18032789230347
6595,0.0024053396191447973,,2060.7027282714844,90.19117593765259
6596,0.0027435775846242905,,2061.010202884674,90.20203256607056
6597,0.002385447733104229,,2061.3196606636047,90.21288299560547
6598,0.0026627075858414173,,2061.6270565986633,90.22372102737427
6599,0.0025623301044106483,,2061.9350278377533,90.23456501960754
6600,0.002474067499861121,,2062.4137959480286,90.24540185928345
6601,0.0024413736537098885,,2062.7226190567017,90.25625514984131
6602,0.002529931254684925,,2063.0321600437164,90.26709175109863
6603,0.002395044546574354,,2063.339403152466,90.27793288230896
6604,0.00239416491240263,,2063.6467258930206,90.28878879547119
6605,0.0023902496322989464,,2063.9555220603943,90.2996277809143
6606,0.0023777915630489588,,2064.2653431892395,90.3104796409607
6607,0.0024732244201004505,,2064.5759284496307,90.3213198184967
6608,0.002395106013864279,,2064.8854405879974,90.33217072486877
6609,0.002350057475268841,,2065.1937317848206,90.3430163860321
6610,0.002770523075014353,,2065.502405166626,90.35386300086975
6611,0.0024058925919234753,,2065.813618183136,90.36472582817078
6612,0.0023730495013296604,,2066.121089696884,90.37557458877563
6613,0.0028925437945872545,,2066.4289178848267,90.38642358779907
6614,0.003184599569067359,,2066.7360711097717,90.39726495742798
6615,0.0029165917076170444,,2067.0449492931366,90.40810775756836
6616,0.002486638957634568,,2067.3538427352905,90.41896438598633
6617,0.00233393139205873,,2067.661266565323,90.42981433868408
6618,0.002482697833329439,,2067.9703164100647,90.44068098068237
6619,0.002590697491541505,,2068.279360294342,90.45151948928833
6620,0.002896374324336648,,2068.587176799774,90.46238136291504
6621,0.002648785477504134,,2068.895357608795,90.47323513031006
6622,0.002476415364071727,,2069.2013614177704,90.48407745361328
6623,0.0038309991359710693,,2069.511798620224,90.49492168426514
6624,0.002827325602993369,,2069.8199305534363,90.50577211380005
6625,0.003892218926921487,,2070.12845826149,90.51662349700928
6626,0.004092579707503319,,2070.4369344711304,90.52746033668518
6627,0.003959006164222956,,2070.745089530945,90.53831386566162
6628,0.0032189299818128347,,2071.054918050766,90.54916095733643
6629,0.0032311249524354935,,2071.3643894195557,90.55999898910522
6630,0.0033538537099957466,,2071.6737904548645,90.57083177566528
6631,0.002608104608952999,,2071.983572244644,90.58168244361877
6632,0.002579541178420186,,2072.2919664382935,90.59252953529358
6633,0.002516636159271002,,2072.603684425354,90.60338568687439
6634,0.002584306290373206,,2072.911098241806,90.61423015594482
6635,0.0024392425548285246,,2073.2214155197144,90.62508010864258
6636,0.002572756726294756,,2073.5338401794434,90.63594007492065
6637,0.002429309766739607,,2073.844852924347,90.64678001403809
6638,0.0023752886336296797,,2074.1526889801025,90.65762758255005
6639,0.0029268122743815184,,2074.461546897888,90.66848278045654
6640,0.002691874513402581,,2074.7710044384003,90.67932319641113
6641,0.0025190901942551136,,2075.080190896988,90.69016599655151
6642,0.0023516062647104263,,2075.3872849941254,90.70101952552795
6643,0.0023304373025894165,,2075.695484161377,90.71187567710876
6644,0.002818763256072998,,2076.0044679641724,90.72271776199341
6645,0.0028590967413038015,,2076.3128197193146,90.7335684299469
6646,0.002865350339561701,,2076.6218554973602,90.74441170692444
6647,0.0029291717801243067,,2076.93266749382,90.75525879859924
6648,0.0025666137225925922,,2077.241545200348,90.76609945297241
6649,0.002628627698868513,,2077.548608779907,90.77693939208984
6650,0.003813576651737094,,2078.0267865657806,90.78778219223022
6651,0.0031978879123926163,,2078.33420586586,90.79863142967224
6652,0.0026073839981108904,,2078.6428456306458,90.80947613716125
6653,0.0024818172678351402,,2078.9501242637634,90.82032632827759
6654,0.0026665949262678623,,2079.2597148418427,90.83118605613708
6655,0.002454101573675871,,2079.569627761841,90.8420352935791
6656,0.0026566723827272654,,2079.87846827507,90.85289359092712
6657,0.002955622738227248,,2080.1860826015472,90.86373496055603
6658,0.003006473882123828,,2080.4954676628113,90.87457823753357
6659,0.002855553524568677,,2080.804126739502,90.88541960716248
6660,0.0028322876896709204,,2081.1110067367554,90.89627027511597
6661,0.00307996547780931,,2081.418620824814,90.90712809562683
6662,0.0038256412371993065,,2081.7265582084656,90.91797399520874
6663,0.003910118248313665,,2082.03723692894,90.92882490158081
6664,0.003947150427848101,,2082.345978975296,90.93967366218567
6665,0.0033627264201641083,,2082.6531772613525,90.95051860809326
6666,0.0036583866458386183,,2082.9601867198944,90.96135592460632
6667,0.0036213949788361788,,2083.2697978019714,90.97219777107239
6668,0.00422300398349762,,2083.5773532390594,90.98304295539856
6669,0.003558441298082471,,2083.8858408927917,90.99388337135315
6670,0.003875523805618286,,2084.19420003891,91.00474739074707
6671,0.0037738888058811426,,2084.5031871795654,91.01559972763062
6672,0.005499931983649731,,2084.8106956481934,91.02645063400269
6673,0.004001702181994915,,2085.1200914382935,91.03729915618896
6674,0.003694763407111168,,2085.4285912513733,91.04815149307251
6675,0.004014103207737207,,2085.7378256320953,91.0590033531189
6676,0.0038336575962603092,,2086.0454342365265,91.06986784934998
6677,0.0027876102831214666,,2086.354390859604,91.08071875572205
6678,0.003215796547010541,,2086.6626348495483,91.09157657623291
6679,0.00391812901943922,,2086.9729557037354,91.10241031646729
6680,0.0038198153488337994,,2087.2829530239105,91.11325192451477
6681,0.0032187369652092457,,2087.5913138389587,91.12409782409668
6682,0.004345581866800785,,2087.899493932724,91.13494777679443
6683,0.004173873923718929,,2088.207258939743,91.1458067893982
6684,0.004013807978481054,,2088.514918088913,91.15665864944458
6685,0.0036034646909683943,,2088.8251922130585,91.16751551628113
6686,0.003675449639558792,,2089.1348712444305,91.17836427688599
6687,0.003688943339511752,,2089.4437499046326,91.18921685218811
6688,0.0031664203852415085,,2089.7520072460175,91.20006847381592
6689,0.0031664203852415085,,2090.062208890915,91.21090507507324
6690,0.003881416516378522,,2090.370001554489,91.22175574302673
6691,0.003947020508348942,,2090.678077697754,91.23259782791138
6692,0.003591409418731928,,2090.9857461452484,91.24345517158508
6693,0.002690392080694437,,2091.2943737506866,91.2542974948883
6694,0.0027960503939539194,,2091.6033189296722,91.26514339447021
6695,0.002463812241330743,,2091.9123985767365,91.27598738670349
6696,0.002490581478923559,,2092.2194747924805,91.28684639930725
6697,0.0027601290494203568,,2092.526342391968,91.29769849777222
6698,0.0024128786753863096,,2092.834219932556,91.30857396125793
6699,0.0025650470051914454,,2093.14497923851,91.3194272518158
6700,0.0032712628599256277,,2093.622948884964,91.33027124404907
6701,0.0032590290065854788,,2093.932030916214,91.34111618995667
6702,0.0025813686661422253,,2094.2407701015472,91.35196685791016
6703,0.0024510095827281475,,2094.5488975048065,91.36282777786255
6704,0.0024916345719248056,,2094.8570291996,91.37368297576904
6705,0.0025689357426017523,,2095.1647152900696,91.38454174995422
6706,0.002403956837952137,,2095.472379922867,91.39540696144104
6707,0.002498009242117405,,2095.781108856201,91.4062352180481
6708,0.0033927939366549253,,2096.088565349579,91.41708517074585
6709,0.0036310062278062105,,2096.3971168994904,91.42793226242065
6710,0.0026618752162903547,,2096.7068395614624,91.43877601623535
6711,0.0024831679183989763,,2097.0153574943542,91.44962692260742
6712,0.0023806714452803135,,2097.325058221817,91.46047377586365
6713,0.0024722833186388016,,2097.634473800659,91.47133731842041
6714,0.002416131552308798,,2097.943510055542,91.48218107223511
6715,0.0023736145813018084,,2098.251131772995,91.4930419921875
6716,0.002588715637102723,,2098.560266017914,91.50389194488525
6717,0.002534473082050681,,2098.8694429397583,91.51474523544312
6718,0.0025304381269961596,,2099.1777148246765,91.52560329437256
6719,0.002609772142022848,,2099.484977722168,91.53645396232605
6720,0.0026684063486754894,,2099.7940106391907,91.54729843139648
6721,0.0025800555013120174,,2100.102884531021,91.55814480781555
6722,0.0030361537355929613,,2100.4115290641785,91.5689857006073
6723,0.003929868806153536,,2100.720993757248,91.57982873916626
6724,0.004898848943412304,,2101.028851032257,91.59068489074707
6725,0.005121472291648388,,2101.3375346660614,91.60153484344482
6726,0.0050992099568247795,,2101.6466143131256,91.61239433288574
6727,0.004282358568161726,,2101.955218553543,91.62323474884033
6728,0.004173873923718929,,2102.263462305069,91.6340823173523
6729,0.004312053322792053,,2102.571295976639,91.64492726325989
6730,0.004155030008405447,,2102.8807232379913,91.65577149391174
6731,0.0056780301965773106,,2103.1894006729126,91.66662311553955
6732,0.003765990724787116,,2103.4996457099915,91.67746090888977
6733,0.003424297785386443,,2103.8093452453613,91.68829894065857
6734,0.003534522373229265,,2104.1180431842804,91.69914150238037
6735,0.002806524047628045,,2104.428386926651,91.70998954772949
6736,0.0030587692745029926,,2104.736922264099,91.72083520889282
6737,0.003922386094927788,,2105.046014070511,91.73168849945068
6738,0.0028474710416048765,,2105.3543136119843,91.74254655838013
6739,0.00271896505728364,,2105.6624495983124,91.75340270996094
6740,0.0025835921987891197,,2105.969735145569,91.76424860954285
6741,0.002612050622701645,,2106.2779307365417,91.7750895023346
6742,0.0025297654792666435,,2106.5874195098877,91.78593707084656
6743,0.002614094177260995,,2106.899652004242,91.79679608345032
6744,0.002777665387839079,,2107.207448244095,91.80765461921692
6745,0.0029017794877290726,,2107.515899658203,91.81848978996277
6746,0.002698751864954829,,2107.8234276771545,91.82933330535889
6747,0.002657298231497407,,2108.1319828033447,91.84016418457031
6748,0.00289163738489151,,2108.4398057460785,91.85101675987244
6749,0.0024571737740188837,,2108.748169183731,91.86185693740845
6750,0.0023573017679154873,,2109.227504491806,91.87270259857178
6751,0.0023831091821193695,,2109.536641359329,91.8835461139679
6752,0.002555716782808304,,2109.844251394272,91.89440488815308
6753,0.0023855753242969513,,2110.155211687088,91.90526008605957
6754,0.0025095297023653984,,2110.4663648605347,91.91611552238464
6755,0.003283709054812789,,2110.7761750221252,91.92695808410645
6756,0.002924722619354725,,2111.084769010544,91.93781232833862
6757,0.003137514926493168,,2111.394006729126,91.94866752624512
6758,0.0042192661203444,,2111.7019758224487,91.95950889587402
6759,0.0037644689437001944,,2112.011214017868,91.97035527229309
6760,0.0035573234781622887,,2112.3193452358246,91.98119759559631
6761,0.002776787616312504,,2112.6284880638123,91.9920482635498
6762,0.002690121065825224,,2112.936267852783,92.00290393829346
6763,0.002606224035844207,,2113.243875980377,92.01375007629395
6764,0.002838841872289777,,2113.551336288452,92.02458834648132
6765,0.0026337599847465754,,2113.862529039383,92.03543758392334
6766,0.0026622863952070475,,2114.1715557575226,92.04627251625061
6767,0.0032935950439423323,,2114.4797263145447,92.05710983276367
6768,0.002866842318326235,,2114.7887845039368,92.06796860694885
6769,0.003011503256857395,,2115.096445083618,92.07882571220398
6770,0.002892846940085292,,2115.4064712524414,92.08967161178589
6771,0.002603088039904833,,2115.715263605118,92.1005311012268
6772,0.0027809706516563892,,2116.0250313282013,92.11138653755188
6773,0.002760855248197913,,2116.3342096805573,92.12223196029663
6774,0.0031223406549543142,,2116.642697572708,92.1330738067627
6775,0.0033412082120776176,,2116.951428413391,92.14392805099487
6776,0.0025415292475372553,,2117.260199546814,92.15479230880737
6777,0.002901273313909769,,2117.57062458992,92.16564750671387
6778,0.0026565862353891134,,2117.8787882328033,92.17650294303894
6779,0.002814083592966199,,2118.1866323947906,92.18734741210938
6780,0.002889734460040927,,2118.496159553528,92.19819211959839
6781,0.003235969692468643,,2118.80565905571,92.20903897285461
6782,0.003570542437955737,,2119.114908218384,92.2198839187622
6783,0.003281855024397373,,2119.4236176013947,92.2307403087616
6784,0.0029060489032417536,,2119.7310194969177,92.24159049987793
6785,0.002874766243621707,,2120.0390889644623,92.25243663787842
6786,0.002972725545987487,,2120.3464093208313,92.26326751708984
6787,0.0025729252956807613,,2120.6541810035706,92.27411603927612
6788,0.0025811430532485247,,2120.9620900154114,92.28497433662415
6789,0.0022774413228034973,,2121.2703404426575,92.29584240913391
6790,0.0023338538594543934,,2121.578591823578,92.30668759346008
6791,0.0024123848415911198,,2121.8879206180573,92.31753015518188
6792,0.00233830395154655,,2122.196791410446,92.32837438583374
6793,0.0025598148349672556,,2122.5066905021667,92.33922076225281
6794,0.002232223516330123,,2122.81503033638,92.35006260871887
6795,0.0022550055291503668,,2123.12393283844,92.36091494560242
6796,0.0022397723514586687,,2123.4332497119904,92.3717725276947
6797,0.002444217912852764,,2123.7415611743927,92.3826174736023
6798,0.0033567138016223907,,2124.050488471985,92.39346671104431
6799,0.00351123558357358,,2124.3594040870667,92.40431475639343
6800,0.002805846044793725,,2124.837646961212,92.41516137123108
6801,0.002620065351948142,,2125.1473128795624,92.42602205276489
6802,0.002354760654270649,,2125.4545962810516,92.43687915802002
6803,0.002573359990492463,,2125.765371322632,92.44772052764893
6804,0.0027209478430449963,,2126.074420452118,92.4585702419281
6805,0.002615515608340502,,2126.3837707042694,92.46941089630127
6806,0.002645596396178007,,2126.692711830139,92.48025965690613
6807,0.0028899069875478745,,2127.0010352134705,92.49110651016235
6808,0.0026477104984223843,,2127.3083395957947,92.50195503234863
6809,0.002692235168069601,,2127.617089033127,92.51281023025513
6810,0.0028699953109025955,,2127.9251046180725,92.52366065979004
6811,0.002543398179113865,,2128.2329082489014,92.53450846672058
6812,0.0023573017679154873,,2128.5412724018097,92.54534983634949
6813,0.002334012184292078,,2128.849980354309,92.55621242523193
6814,0.002315712859854102,,2129.1576619148254,92.56705689430237
6815,0.0023125780280679464,,2129.465216398239,92.57790613174438
6816,0.002818170003592968,,2129.7732524871826,92.58875155448914
6817,0.0026502576656639576,,2130.083825111389,92.59960794448853
6818,0.0026752811390906572,,2130.3924198150635,92.61044907569885
6819,0.0033138764556497335,,2130.7025804519653,92.62129855155945
6820,0.0043519726023077965,,2131.012306213379,92.63215255737305
6821,0.004616293124854565,,2131.3194642066956,92.64299750328064
6822,0.004680951125919819,,2131.6285235881805,92.6538496017456
6823,0.004070317838340998,,2131.938079595566,92.66470193862915
6824,0.005477669648826122,,2132.244870901108,92.67556357383728
6825,0.0062345885671675205,,2132.554532289505,92.68641710281372
6826,0.006523998454213142,,2132.8622426986694,92.6972644329071
6827,0.005121472291648388,,2133.1703581809998,92.7081093788147
6828,0.004549506586045027,,2133.479840517044,92.71897029876709
6829,0.003086252138018608,,2133.787905693054,92.72981905937195
6830,0.0024716162588447332,,2134.094932794571,92.7406575679779
6831,0.002411354100331664,,2134.402859210968,92.75150394439697
6832,0.0030996655113995075,,2134.711617231369,92.76235270500183
6833,0.0028856522403657436,,2135.0200448036194,92.77320528030396
6834,0.004248416051268578,,2135.3282573223114,92.7840747833252
6835,0.003907844424247742,,2135.637530565262,92.79491567611694
6836,0.004552333615720272,,2135.9456911087036,92.80576539039612
6837,0.003223884617909789,,2136.2545874118805,92.81662464141846
6838,0.0034052336122840643,,2136.5635244846344,92.82748079299927
6839,0.00346898240968585,,2136.8720030784607,92.83832597732544
6840,0.003255740739405155,,2137.182177066803,92.8491759300232
6841,0.002761131152510643,,2137.49249625206,92.8600070476532
6842,0.0034598715137690306,,2137.8003573417664,92.87086844444275
6843,0.0031533061992377043,,2138.1091606616974,92.88171339035034
6844,0.002986224601045251,,2138.417001724243,92.89255952835083
6845,0.0032725101336836815,,2138.726910829544,92.90339803695679
6846,0.00284527032636106,,2139.035874605179,92.91425561904907
6847,0.0030029022600501776,,2139.344611644745,92.92510557174683
6848,0.003250983776524663,,2139.653133869171,92.93595027923584
6849,0.0036214874126017094,,2139.9631593227386,92.9467887878418
6850,0.004035343881696463,,2140.443805217743,92.9576210975647
6851,0.0035553695634007454,,2140.7519075870514,92.9684648513794
6852,0.003993078600615263,,2141.062028646469,92.97930479049683
6853,0.003741527209058404,,2141.37047457695,92.99015259742737
6854,0.003301081946119666,,2141.6814885139465,93.00099682807922
6855,0.0028488317038863897,,2141.9897468090057,93.01185083389282
6856,0.0023787140380591154,,2142.2990124225616,93.02270483970642
6857,0.0023401090875267982,,2142.60750746727,93.03354811668396
6858,0.0026431323494762182,,2142.9160883426666,93.04439735412598
6859,0.002824969356879592,,2143.2244884967804,93.05524444580078
6860,0.002438595052808523,,2143.5353009700775,93.06609725952148
6861,0.002836712868884206,,2143.8444817066193,93.07696151733398
6862,0.002361319726333022,,2144.1524391174316,93.08780908584595
6863,0.0024569218512624502,,2144.463347196579,93.0986475944519
6864,0.0036852213088423014,,2144.7718029022217,93.10949969291687
6865,0.004112756811082363,,2145.0799798965454,93.12034821510315
6866,0.0039438288658857346,,2145.3873426914215,93.13119006156921
6867,0.0038211303763091564,,2145.6949639320374,93.14202833175659
6868,0.003394058672711253,,2146.0058510303497,93.15289044380188
6869,0.0025568173732608557,,2146.315265417099,93.16376328468323
6870,0.0029583775904029608,,2146.623956680298,93.17460823059082
6871,0.0036900381091982126,,2146.932230949402,93.1854510307312
6872,0.0033558839932084084,,2147.2416985034943,93.19630241394043
6873,0.0037375653628259897,,2147.549766778946,93.20716404914856
6874,0.004357642028480768,,2147.857845067978,93.21804118156433
6875,0.004196136258542538,,2148.166374206543,93.22888135910034
6876,0.004456893540918827,,2148.474979877472,93.2397301197052
6877,0.004791986662894487,,2148.783797264099,93.25057291984558
6878,0.004197254776954651,,2149.0919330120087,93.26141476631165
6879,0.0030970482621341944,,2149.3999330997467,93.27227306365967
6880,0.0030486728064715862,,2149.7090883255005,93.28313398361206
6881,0.0027299835346639156,,2150.018963098526,93.29397702217102
6882,0.002389284083619714,,2150.328207015991,93.30481171607971
6883,0.0024267323315143585,,2150.6341700553894,93.31565570831299
6884,0.0023128383327275515,,2150.943895816803,93.326504945755
6885,0.002318238839507103,,2151.2518696784973,93.33734846115112
6886,0.002848177682608366,,2151.5617291927338,93.34820199012756
6887,0.002494340529665351,,2151.869826078415,93.35904669761658
6888,0.002442950615659356,,2152.1790804862976,93.36989450454712
6889,0.002354792784899473,,2152.487653017044,93.38073778152466
6890,0.002425075974315405,,2152.7959620952606,93.39158153533936
6891,0.0025119823403656483,,2153.104748725891,93.40243077278137
6892,0.003097668755799532,,2153.4133355617523,93.41328740119934
6893,0.0025618658401072025,,2153.7207612991333,93.42411422729492
6894,0.0036718554329127073,,2154.0297436714172,93.43496012687683
6895,0.003441003616899252,,2154.339607477188,93.44580936431885
6896,0.0029186930041760206,,2154.648690223694,93.45664930343628
6897,0.002590722404420376,,2154.957882165909,93.46749091148376
6898,0.002413530368357897,,2155.26606464386,93.47833561897278
6899,0.003159257583320141,,2155.574671983719,93.48917865753174
6900,0.0024591221008449793,,2156.052568435669,93.50002336502075
6901,0.0023435079492628574,,2156.362518787384,93.51088118553162
6902,0.0023670843802392483,,2156.6708984375,93.52171468734741
6903,0.0023952375631779432,,2156.9805550575256,93.5325539112091
6904,0.0024200822226703167,,2157.2868781089783,93.54340744018555
6905,0.0023433715105056763,,2157.5961787700653,93.55425071716309
6906,0.0023867106065154076,,2157.9046120643616,93.56509494781494
6907,0.0023569599725306034,,2158.2138290405273,93.57594799995422
6908,0.0023593937512487173,,2158.521956682205,93.58679437637329
6909,0.0026699919253587723,,2158.8330895900726,93.5976550579071
6910,0.002532476093620062,,2159.1409029960632,93.60850763320923
6911,0.0026612835936248302,,2159.4513595104218,93.6193494796753
6912,0.0024960872251540422,,2159.7595794200897,93.63019466400146
6913,0.00250614364631474,,2160.067806005478,93.64104652404785
6914,0.002447787905111909,,2160.3763835430145,93.65190196037292
6915,0.0024885651655495167,,2160.6846628189087,93.66276597976685
6916,0.002704191952943802,,2160.9928619861603,93.67362093925476
6917,0.003378403838723898,,2161.30113863945,93.6844732761383
6918,0.0024825111031532288,,2161.609177350998,93.69532561302185
6919,0.0025712456554174423,,2161.921861886978,93.70617866516113
6920,0.002532316604629159,,2162.229994535446,93.71703028678894
6921,0.0023915886413306,,2162.5396559238434,93.72787714004517
6922,0.002541294088587165,,2162.84751868248,93.73871994018555
6923,0.002447787905111909,,2163.156713247299,93.74956727027893
6924,0.003160021035000682,,2163.4653494358063,93.76040387153625
6925,0.0029992633499205112,,2163.772162914276,93.77126574516296
6926,0.0023640731815248728,,2164.08132481575,93.7821102142334
6927,0.0034226803109049797,,2164.391748189926,93.79295444488525
6928,0.0035762337502092123,,2164.700480699539,93.80381774902344
6929,0.002529199467971921,,2165.008948802948,93.81467580795288
6930,0.003138258820399642,,2165.3186190128326,93.82552313804626
6931,0.0033363914117217064,,2165.6277101039886,93.83637523651123
6932,0.004330828320235014,,2165.9353914260864,93.84722423553467
6933,0.003907844424247742,,2166.2442977428436,93.85807085037231
6934,0.003809259971603751,,2166.554097890854,93.8689169883728
6935,0.0026569103356450796,,2166.8638303279877,93.87977457046509
6936,0.002684764564037323,,2167.172685623169,93.89063215255737
6937,0.0032195611856877804,,2167.4817543029785,93.90146708488464
6938,0.0026449537836015224,,2167.791855573654,93.9123272895813
6939,0.0025251442566514015,,2168.1004433631897,93.92317342758179
6940,0.0031912955455482006,,2168.4075343608856,93.93401312828064
6941,0.0035305977798998356,,2168.715920686722,93.94485330581665
6942,0.003988354001194239,,2169.023622274399,93.95570302009583
6943,0.0048765866085886955,,2169.33460521698,93.96655583381653
6944,0.004422245547175407,,2169.6431415081024,93.9774124622345
6945,0.0033046421594917774,,2169.9503440856934,93.98825669288635
6946,0.0031125873792916536,,2170.2599511146545,93.99911236763
6947,0.003921733237802982,,2170.5697593688965,94.0099549293518
6948,0.0033105553593486547,,2170.878542661667,94.02080011367798
6949,0.002757951384410262,,2171.1878728866577,94.03164911270142
6950,0.003162670647725463,,2171.6652693748474,94.04248094558716
6951,0.0026397889014333487,,2171.9753561019897,94.05332350730896
6952,0.0026181372813880444,,2172.2831332683563,94.06417226791382
6953,0.0027165384963154793,,2172.591973543167,94.07502770423889
6954,0.0032699983566999435,,2172.900560617447,94.08587837219238
6955,0.003067088546231389,,2173.2118017673492,94.09672236442566
6956,0.0031099175103008747,,2173.5199813842773,94.10757732391357
6957,0.0024598499294370413,,2173.8280458450317,94.11842346191406
6958,0.0022942302748560905,,2174.139306306839,94.12927556037903
6959,0.002353762276470661,,2174.447986602783,94.14011812210083
6960,0.002325981156900525,,2174.756090402603,94.15098237991333
6961,0.0028242655098438263,,2175.065404653549,94.1618435382843
6962,0.0023238458670675755,,2175.373261451721,94.17267489433289
6963,0.0023347092792391777,,2175.6823530197144,94.18351626396179
6964,0.0023140027187764645,,2175.99169421196,94.19437170028687
6965,0.0022973548620939255,,2176.303410768509,94.20520520210266
6966,0.0023666364140808582,,2176.6122007369995,94.21604681015015
6967,0.0026603981386870146,,2176.920859336853,94.22689414024353
6968,0.0025166673585772514,,2177.230171442032,94.23773980140686
6969,0.0024223970249295235,,2177.5364871025085,94.2485830783844
6970,0.0030755766201764345,,2177.8439519405365,94.25943088531494
6971,0.0023551927879452705,,2178.151777982712,94.27028846740723
6972,0.002412802539765835,,2178.461310148239,94.28113603591919
6973,0.0023849515710026026,,2178.770176410675,94.29199457168579
6974,0.002407756168395281,,2179.0790112018585,94.30284643173218
6975,0.002376415766775608,,2179.388590335846,94.31369948387146
6976,0.002514517866075039,,2179.698075532913,94.32453846931458
6977,0.0025900716427713633,,2180.0060029029846,94.33538556098938
6978,0.002360459417104721,,2180.314217567444,94.34624290466309
6979,0.0025575219187885523,,2180.6230897903442,94.35709643363953
6980,0.0027031749486923218,,2180.9316573143005,94.36795711517334
6981,0.0029392086435109377,,2181.238882780075,94.37881207466125
6982,0.002612862503156066,,2181.548150062561,94.38965392112732
6983,0.002603472676128149,,2181.857980966568,94.40049624443054
6984,0.00255674053914845,,2182.1655769348145,94.41135001182556
6985,0.0024134807754307985,,2182.474041700363,94.42220973968506
6986,0.0023592407815158367,,2182.7824144363403,94.43306136131287
6987,0.0027196432929486036,,2183.0915315151215,94.44391226768494
6988,0.002720828866586089,,2183.3987312316895,94.45476031303406
6989,0.0022898237220942974,,2183.7077820301056,94.46560168266296
6990,0.002380857476964593,,2184.0163662433624,94.47645044326782
6991,0.0024129271041601896,,2184.328238964081,94.48729825019836
6992,0.0023748103994876146,,2184.6356217861176,94.49813175201416
6993,0.0023966487497091293,,2184.9450540542603,94.50897002220154
6994,0.002293845172971487,,2185.2547030448914,94.51982116699219
6995,0.0023101381957530975,,2185.562873363495,94.53066849708557
6996,0.0030293366871774197,,2185.869955062866,94.54152393341064
6997,0.003124508773908019,,2186.1787917613983,94.55236339569092
6998,0.0035524708218872547,,2186.4874124526978,94.56320977210999
6999,0.0032072211615741253,,2186.796148777008,94.57405519485474
7000,0.0023271001409739256,0.0014160871505737305,2187.2734472751617,95.91172981262207
7001,0.002296422142535448,,2187.581772327423,95.92257380485535
7002,0.002831673715263605,,2187.8895874023438,95.9334352016449
7003,0.0028398067224770784,,2188.196677207947,95.9442822933197
7004,0.0023821871727705,,2188.503978252411,95.95513272285461
7005,0.002343067666515708,,2188.81370139122,95.96598672866821
7006,0.0026116694789379835,,2189.121942281723,95.97683525085449
7007,0.0026418459601700306,,2189.4311616420746,95.98768162727356
7008,0.002967266831547022,,2189.7388660907745,95.99852800369263
7009,0.0027391838375478983,,2190.0469703674316,96.00938153266907
7010,0.003263092366978526,,2190.356871843338,96.02023673057556
7011,0.0036863626446574926,,2190.6644299030304,96.03106617927551
7012,0.00351720186881721,,2190.9735469818115,96.04191327095032
7013,0.00309781008400023,,2191.282728433609,96.05275511741638
7014,0.002858734456822276,,2191.59082531929,96.06360077857971
7015,0.0029489919543266296,,2191.899186849594,96.07446360588074
7016,0.0032550327014178038,,2192.205420732498,96.08531212806702
7017,0.0031266799196600914,,2192.514338493347,96.09616470336914
7018,0.003086519194766879,,2192.8237771987915,96.107017993927
7019,0.0034293178468942642,,2193.1325976848602,96.11786317825317
7020,0.0027429594192653894,,2193.4415605068207,96.12871837615967
7021,0.0030582882463932037,,2193.7496359348297,96.13955974578857
7022,0.002968225395306945,,2194.058555841446,96.15040993690491
7023,0.003604676341637969,,2194.366798400879,96.16126084327698
7024,0.0032111916225403547,,2194.6748661994934,96.17212438583374
7025,0.002500534523278475,,2194.984046459198,96.1829993724823
7026,0.0030922878067940474,,2195.2936577796936,96.1938374042511
7027,0.002603566274046898,,2195.6032297611237,96.20467400550842
7028,0.0036492012441158295,,2195.9116899967194,96.21554589271545
7029,0.00342831714078784,,2196.2208592891693,96.22639632225037
7030,0.003415551967918873,,2196.5293414592743,96.23724508285522
7031,0.0028539360500872135,,2196.8380110263824,96.2480981349945
7032,0.0030183340422809124,,2197.147552728653,96.2589521408081
7033,0.002590554067865014,,2197.4582047462463,96.2698106765747
7034,0.002970729721710086,,2197.768152475357,96.28064393997192
7035,0.0024737182538956404,,2198.076545238495,96.29149317741394
7036,0.002876198384910822,,2198.3869302272797,96.30234718322754
7037,0.0032620332203805447,,2198.695864915848,96.31318950653076
7038,0.0031866133213043213,,2199.00741648674,96.3240373134613
7039,0.0024987640790641308,,2199.3162200450897,96.33487939834595
7040,0.0024470610078424215,,2199.624927997589,96.34572315216064
7041,0.0025780098512768745,,2199.934657096863,96.35656762123108
7042,0.0028476440347731113,,2200.2430851459503,96.36741662025452
7043,0.002411194611340761,,2200.5515189170837,96.37826204299927
7044,0.0026583620347082615,,2200.8596012592316,96.3891077041626
7045,0.0033074934035539627,,2201.1676988601685,96.39996218681335
7046,0.0026591788046061993,,2201.476620197296,96.41081094741821
7047,0.002523137954995036,,2201.7855122089386,96.42165994644165
7048,0.003146090777590871,,2202.0938324928284,96.43252277374268
7049,0.0025726724416017532,,2202.4020998477936,96.44336748123169
7050,0.0032195611856877804,,2202.8798129558563,96.4542076587677
7051,0.0026277003344148397,,2203.186998128891,96.46504330635071
7052,0.0032195611856877804,,2203.4975578784943,96.47589921951294
7053,0.002758210990577936,,2203.807296514511,96.48675608634949
7054,0.002796843182295561,,2204.116350889206,96.49759984016418
7055,0.002924244850873947,,2204.4251165390015,96.50843334197998
7056,0.0024286508560180664,,2204.735716819763,96.51929116249084
7057,0.002472787396982312,,2205.044608592987,96.53012824058533
7058,0.002585607348009944,,2205.3521580696106,96.54098463058472
7059,0.002451841253787279,,2205.661401748657,96.5518388748169
7060,0.002438184106722474,,2205.9709079265594,96.56269001960754
7061,0.002380720339715481,,2206.2792069911957,96.57352900505066
7062,0.0025656495708972216,,2206.5897421836853,96.5843870639801
7063,0.0030006568413227797,,2206.898439645767,96.59522843360901
7064,0.002621755003929138,,2207.207066297531,96.60608196258545
7065,0.002367706038057804,,2207.516126871109,96.61692786216736
7066,0.002339607570320368,,2207.824545145035,96.62779188156128
7067,0.00245497259311378,,2208.1333100795746,96.63866209983826
7068,0.0026850819122046232,,2208.4413001537323,96.64951539039612
7069,0.0024840286932885647,,2208.7505519390106,96.6603696346283
7070,0.002555848564952612,,2209.0578887462616,96.67121839523315
7071,0.0028791334480047226,,2209.3677654266357,96.68206667900085
7072,0.0033586183562874794,,2209.676706790924,96.69291234016418
7073,0.0032195611856877804,,2209.9849433898926,96.70377254486084
7074,0.002808039542287588,,2210.292729616165,96.71462273597717
7075,0.0029573088977485895,,2210.602276802063,96.72546243667603
7076,0.0028855258133262396,,2210.912030696869,96.73631024360657
7077,0.002565584145486355,,2211.2213163375854,96.74716448783875
7078,0.002374256495386362,,2211.5290896892548,96.7580029964447
7079,0.002409290987998247,,2211.83780503273,96.76885509490967
7080,0.0028253458440303802,,2212.146428823471,96.77970290184021
7081,0.0027350280433893204,,2212.4553785324097,96.79054689407349
7082,0.002591993659734726,,2212.765280008316,96.8013961315155
7083,0.0024444947484880686,,2213.0724470615387,96.81224536895752
7084,0.002414345508441329,,2213.3799970149994,96.82310676574707
7085,0.0024690141435712576,,2213.6875953674316,96.83396291732788
7086,0.0025931994896382093,,2213.9951243400574,96.84481739997864
7087,0.0025430060923099518,,2214.3038749694824,96.8556706905365
7088,0.0024596937000751495,,2214.6142268180847,96.86652398109436
7089,0.0024627181701362133,,2214.923595905304,96.87736868858337
7090,0.002490510931238532,,2215.2318670749664,96.8882224559784
7091,0.002571334131062031,,2215.539175748825,96.89906740188599
7092,0.002556104212999344,,2215.848571538925,96.90991520881653
7093,0.0027941346634179354,,2216.158989906311,96.92075157165527
7094,0.002603408182039857,,2216.46781373024,96.93161368370056
7095,0.0026357369497418404,,2216.776391029358,96.94247007369995
7096,0.002613474614918232,,2217.084899187088,96.95332860946655
7097,0.002467639744281769,,2217.39199590683,96.9641661643982
7098,0.002368340501561761,,2217.699536085129,96.9750063419342
7099,0.0023407572880387306,,2218.007798910141,96.98585724830627
7100,0.002411903813481331,,2218.4866182804108,96.99670815467834
7101,0.002386942971497774,,2218.796272754669,97.00756072998047
7102,0.002344602020457387,,2219.105093240738,97.01841306686401
7103,0.002737633651122451,,2219.413158893585,97.02925443649292
7104,0.002449746010825038,,2219.7210018634796,97.04011368751526
7105,0.0023613637313246727,,2220.027683496475,97.05095410346985
7106,0.0023313278798013926,,2220.335678577423,97.06179785728455
7107,0.0023576589301228523,,2220.6455051898956,97.07263898849487
7108,0.002381531521677971,,2220.953877925873,97.08348631858826
7109,0.002435421571135521,,2221.261432647705,97.09432721138
7110,0.002638285979628563,,2221.569885969162,97.10516452789307
7111,0.002811367390677333,,2221.879202604294,97.11601090431213
7112,0.003800926497206092,,2222.1864154338837,97.12684774398804
7113,0.0038855820894241333,,2222.495428085327,97.13769245147705
7114,0.004280229564756155,,2222.803780555725,97.14854860305786
7115,0.0031972986180335283,,2223.1149530410767,97.15938663482666
7116,0.0027223064098507166,,2223.423672914505,97.17024779319763
7117,0.0025670041795819998,,2223.7322330474854,97.1810986995697
7118,0.002470010193064809,,2224.0416593551636,97.19194293022156
7119,0.0025023866910487413,,2224.350912809372,97.20277976989746
7120,0.0028612830210477114,,2224.6601026058197,97.21362829208374
7121,0.002575572580099106,,2224.969527244568,97.22447681427002
7122,0.003448403673246503,,2225.2779562473297,97.23532509803772
7123,0.003098015207797289,,2225.587471961975,97.24618196487427
7124,0.003098015207797289,,2225.8932752609253,97.25703072547913
7125,0.003400236601009965,,2226.200934410095,97.26787519454956
7126,0.0027075507678091526,,2226.508576631546,97.27871918678284
7127,0.002671015914529562,,2226.8156340122223,97.28957509994507
7128,0.0032231637742370367,,2227.125899076462,97.30043363571167
7129,0.0026084810961037874,,2227.4332251548767,97.31129264831543
7130,0.002604949753731489,,2227.7416512966156,97.32214260101318
7131,0.0025164831895381212,,2228.0515365600586,97.33299684524536
7132,0.002360939746722579,,2228.3576924800873,97.34384536743164
7133,0.0028586161788553,,2228.6665279865265,97.35469317436218
7134,0.002871227217838168,,2228.975534439087,97.36553311347961
7135,0.0030585266649723053,,2229.285346508026,97.37637066841125
7136,0.002682396210730076,,2229.5962347984314,97.38721442222595
7137,0.0030086215119808912,,2229.903235912323,97.39805126190186
7138,0.0030585266649723053,,2230.212479352951,97.40889430046082
7139,0.0026386224199086428,,2230.521721839905,97.41973996162415
7140,0.0024942338932305574,,2230.8313217163086,97.43059754371643
7141,0.0023835485335439444,,2231.142333507538,97.44144988059998
7142,0.0023275958374142647,,2231.450606107712,97.45231246948242
7143,0.002366782631725073,,2231.7604207992554,97.46316027641296
7144,0.002363305538892746,,2232.0674788951874,97.47401285171509
7145,0.003006892278790474,,2232.377771139145,97.48487043380737
7146,0.0024043687153607607,,2232.686072587967,97.49571633338928
7147,0.0030303189996629953,,2232.9961206912994,97.50655460357666
7148,0.0028989084530621767,,2233.306298017502,97.51740312576294
7149,0.002948906272649765,,2233.614556312561,97.52824306488037
7150,0.002882994245737791,,2234.0937778949738,97.53908967971802
7151,0.0028937116730958223,,2234.404397249222,97.54994225502014
7152,0.003443458117544651,,2234.7137274742126,97.5607898235321
7153,0.0038859250489622355,,2235.024345636368,97.57162952423096
7154,0.0028733285143971443,,2235.33221578598,97.58248805999756
7155,0.0032469623256474733,,2235.6421093940735,97.59334373474121
7156,0.0026145828887820244,,2235.9502754211426,97.60418438911438
7157,0.0029745716601610184,,2236.259179353714,97.61502838134766
7158,0.003155227517709136,,2236.568007707596,97.62586665153503
7159,0.003586899721994996,,2236.878657579422,97.63672351837158
7160,0.0035428483970463276,,2237.186080932617,97.64758014678955
7161,0.0035332359839230776,,2237.4948251247406,97.65841221809387
7162,0.003306716913357377,,2237.8027238845825,97.66925930976868
7163,0.003065113676711917,,2238.111763238907,97.68009209632874
7164,0.002584642032161355,,2238.4181802272797,97.69093418121338
7165,0.0024651496205478907,,2238.7252089977264,97.70180153846741
7166,0.0024646646343171597,,2239.034987449646,97.71264481544495
7167,0.0024232591968029737,,2239.3441190719604,97.72349667549133
7168,0.002488944912329316,,2239.652761697769,97.73435306549072
7169,0.002387118758633733,,2239.9605815410614,97.74520182609558
7170,0.0023981821723282337,,2240.26961350441,97.75604581832886
7171,0.002397353295236826,,2240.5793385505676,97.76689100265503
7172,0.0025172149762511253,,2240.8881018161774,97.77774333953857
7173,0.0025148093700408936,,2241.1957488059998,97.7885992527008
7174,0.0023781603667885065,,2241.5047912597656,97.79946184158325
7175,0.002447298727929592,,2241.8138201236725,97.8103039264679
7176,0.0025014940183609724,,2242.123665332794,97.82115745544434
7177,0.0024160088505595922,,2242.4341053962708,97.83202385902405
7178,0.0024688197299838066,,2242.7416791915894,97.84287071228027
7179,0.0024177907034754753,,2243.0512595176697,97.8537290096283
7180,0.002762515563517809,,2243.359863758087,97.86458706855774
7181,0.0029005082324147224,,2243.668827533722,97.87544226646423
7182,0.0027727384585887194,,2243.978431224823,97.88630056381226
7183,0.002542976289987564,,2244.2886826992035,97.89716172218323
7184,0.0024047105107456446,,2244.597345352173,97.90800356864929
7185,0.0026605131570249796,,2244.9054577350616,97.91886043548584
7186,0.002662877319380641,,2245.214096546173,97.92971348762512
7187,0.0024754309561103582,,2245.521223783493,97.94056057929993
7188,0.002480749972164631,,2245.8297460079193,97.95140051841736
7189,0.0024364169221371412,,2246.1365225315094,97.96224856376648
7190,0.002413063542917371,,2246.443934202194,97.97308802604675
7191,0.0026884591206908226,,2246.7535648345947,97.98392629623413
7192,0.00240678945556283,,2247.061751127243,97.99477934837341
7193,0.002698684809729457,,2247.3704557418823,98.00563311576843
7194,0.002549360506236553,,2247.6780350208282,98.01649379730225
7195,0.0024011475034058094,,2247.987373352051,98.02734684944153
7196,0.002670707879588008,,2248.294966697693,98.03820419311523
7197,0.002689499408006668,,2248.603228330612,98.04906034469604
7198,0.0034208905417472124,,2248.9113178253174,98.05991220474243
7199,0.0028937559109181166,,2249.220421552658,98.07076907157898
7200,0.0025870653335005045,,2249.698037624359,98.08161568641663
7201,0.0023508549202233553,,2250.006733894348,98.09247064590454
7202,0.002627808600664139,,2250.3161437511444,98.10331177711487
7203,0.002414198126643896,,2250.6252403259277,98.11415910720825
7204,0.0025256790686398745,,2250.9328701496124,98.12501931190491
7205,0.0027659819461405277,,2251.2413997650146,98.13585591316223
7206,0.002496089320629835,,2251.5496447086334,98.14669394493103
7207,0.002467205049470067,,2251.859714984894,98.157541513443
7208,0.002592237666249275,,2252.169433116913,98.16837882995605
7209,0.002688566455617547,,2252.4776604175568,98.17923378944397
7210,0.0026730310637503862,,2252.7880029678345,98.1900987625122
7211,0.0023338233586400747,,2253.0962245464325,98.20093607902527
7212,0.0024551001843065023,,2253.405548810959,98.21178150177002
7213,0.00231810356490314,,2253.714293718338,98.22264266014099
7214,0.002329321578145027,,2254.0230045318604,98.233478307724
7215,0.002434598049148917,,2254.3324999809265,98.2443265914917
7216,0.002875727601349354,,2254.6402168273926,98.25517320632935
7217,0.0025846867356449366,,2254.949048757553,98.26603317260742
7218,0.002428497187793255,,2255.2559354305267,98.27687644958496
7219,0.0025203388649970293,,2255.5637764930725,98.28772401809692
7220,0.0024801474064588547,,2255.8745160102844,98.29857635498047
7221,0.002407562453299761,,2256.183182001114,98.30943059921265
7222,0.0024235593155026436,,2256.4940791130066,98.32027435302734
7223,0.0028114495798945427,,2256.8014109134674,98.33111953735352
7224,0.0032332814298570156,,2257.1080536842346,98.341970205307
7225,0.0026402827352285385,,2257.419047832489,98.3528220653534
7226,0.0024185848888009787,,2257.728186607361,98.36367893218994
7227,0.002431481145322323,,2258.03679561615,98.37454295158386
7228,0.0024658767506480217,,2258.3463394641876,98.3854022026062
7229,0.0024006797466427088,,2258.6558911800385,98.39625668525696
7230,0.0024801474064588547,,2258.965189218521,98.40711665153503
7231,0.0024537434801459312,,2259.272297143936,98.4179584980011
7232,0.0024285651743412018,,2259.5803627967834,98.42880535125732
7233,0.0023973744828253984,,2259.8890211582184,98.43965148925781
7234,0.0024096863344311714,,2260.197777032852,98.45050191879272
7235,0.0024245670065283775,,2260.5052111148834,98.46135401725769
7236,0.0024946925695985556,,2260.812409877777,98.4722089767456
7237,0.0023836451582610607,,2261.121884584427,98.48306322097778
7238,0.0024039684794843197,,2261.4311242103577,98.49389791488647
7239,0.0024075168184936047,,2261.7402741909027,98.5047345161438
7240,0.0024214303120970726,,2262.0493671894073,98.51558589935303
7241,0.002359839854761958,,2262.3558921813965,98.52642774581909
7242,0.0023602142464369535,,2262.666081428528,98.53727555274963
7243,0.0024050315842032433,,2262.973263502121,98.54811453819275
7244,0.002391838701441884,,2263.28201007843,98.55895590782166
7245,0.002433590590953827,,2263.591467857361,98.56981039047241
7246,0.0024311509914696217,,2263.901342868805,98.58066272735596
7247,0.0024467550683766603,,2264.2101604938507,98.59151244163513
7248,0.002503296360373497,,2264.5174522399902,98.60236239433289
7249,0.0025903114583343267,,2264.827367544174,98.61320567131042
7250,0.0025891612749546766,,2265.3066873550415,98.62404727935791
7251,0.0032322269398719072,,2265.617171764374,98.63489174842834
7252,0.0028803956229239702,,2265.924465417862,98.64575099945068
7253,0.003164825728163123,,2266.233324766159,98.65659427642822
7254,0.003602762706577778,,2266.5415699481964,98.66745352745056
7255,0.004257704131305218,,2266.850529193878,98.67829632759094
7256,0.0035757506266236305,,2267.1589772701263,98.68914103507996
7257,0.0034926936496049166,,2267.4674994945526,98.69998502731323
7258,0.0033849095925688744,,2267.776780128479,98.71083426475525
7259,0.00292009930126369,,2268.084275007248,98.72167706489563
7260,0.002745363162830472,,2268.3941390514374,98.73251438140869
7261,0.003120235400274396,,2268.703621149063,98.74336767196655
7262,0.0029043664690107107,,2269.0128738880157,98.75421810150146
7263,0.0031650038436055183,,2269.3216829299927,98.76506114006042
7264,0.002894151955842972,,2269.630396604538,98.77593803405762
7265,0.00317513570189476,,2269.9397575855255,98.78678703308105
7266,0.0027312152087688446,,2270.2471013069153,98.79763269424438
7267,0.0025328579358756542,,2270.554809331894,98.80849695205688
7268,0.002941104583442211,,2270.863970518112,98.81935095787048
7269,0.002973576309159398,,2271.173887491226,98.83019137382507
7270,0.0026838358025997877,,2271.4809577465057,98.84104061126709
7271,0.0031720097176730633,,2271.790015935898,98.85188603401184
7272,0.0031522095669060946,,2272.0983471870422,98.86273169517517
7273,0.0033036370296031237,,2272.4079151153564,98.87356781959534
7274,0.004087409470230341,,2272.7165582180023,98.88440704345703
7275,0.003502653678879142,,2273.024134874344,98.89525294303894
7276,0.004423427861183882,,2273.3327820301056,98.90609741210938
7277,0.003666539443656802,,2273.643744468689,98.9169590473175
7278,0.0037405744660645723,,2273.953224182129,98.9277982711792
7279,0.003875365946441889,,2274.2642781734467,98.93864870071411
7280,0.0041664522141218185,,2274.573560476303,98.94950199127197
7281,0.003534526564180851,,2274.881546497345,98.96034860610962
7282,0.0026846518740057945,,2275.1905720233917,98.97118663787842
7283,0.0024159622844308615,,2275.498682498932,98.98204278945923
7284,0.0028819350991398096,,2275.8055667877197,98.99289059638977
7285,0.0025140754878520966,,2276.115492105484,99.00373268127441
7286,0.0026093609631061554,,2276.4240684509277,99.014577627182
7287,0.0026437626220285892,,2276.731556892395,99.02541995048523
7288,0.002687137806788087,,2277.0415472984314,99.03627824783325
7289,0.002677542855963111,,2277.351086139679,99.04714393615723
7290,0.0026503377594053745,,2277.6593091487885,99.05799436569214
7291,0.0025553954765200615,,2277.9658858776093,99.06883382797241
7292,0.00260502309538424,,2278.2743232250214,99.07969164848328
7293,0.002592403907328844,,2278.582302093506,99.09053683280945
7294,0.0028803031891584396,,2278.890123128891,99.10139107704163
7295,0.0026639101561158895,,2279.1987764835358,99.11224269866943
7296,0.0028106465470045805,,2279.50777220726,99.12309551239014
7297,0.0025361429434269667,,2279.8158271312714,99.13393330574036
7298,0.0024629661347717047,,2280.123558998108,99.14477467536926
7299,0.0026514148339629173,,2280.432503223419,99.15561771392822
7300,0.002936070319265127,,2280.9101779460907,99.16646432876587
7301,0.002839569700881839,,2281.218191385269,99.17731285095215
7302,0.0032956325449049473,,2281.528041124344,99.18816447257996
7303,0.0036265854723751545,,2281.83508849144,99.19902539253235
7304,0.0033901482820510864,,2282.1428813934326,99.20986652374268
7305,0.004262923263013363,,2282.4521024227142,99.22071290016174
7306,0.0044710393995046616,,2282.761173248291,99.23155736923218
7307,0.003902791766449809,,2283.069885492325,99.2424008846283
7308,0.002959993202239275,,2283.380162000656,99.25324845314026
7309,0.00277700019069016,,2283.688285589218,99.26408886909485
7310,0.002830330515280366,,2283.9973015785217,99.27494192123413
7311,0.003193383337929845,,2284.3065464496613,99.28579473495483
7312,0.002810835372656584,,2284.613484621048,99.29663944244385
7313,0.0033080640714615583,,2284.922357559204,99.30748271942139
7314,0.0035776549484580755,,2285.2313783168793,99.31832003593445
7315,0.002915897173807025,,2285.5409440994263,99.32917046546936
7316,0.0027620901819318533,,2285.8488595485687,99.34001207351685
7317,0.0027966455090790987,,2286.157206296921,99.35086679458618
7318,0.002521462505683303,,2286.464406490326,99.36172580718994
7319,0.0027421843260526657,,2286.772923231125,99.37257838249207
7320,0.0026246763300150633,,2287.080838918686,99.38344025611877
7321,0.002606956521049142,,2287.3911180496216,99.39427304267883
7322,0.0026204411406069994,,2287.699188232422,99.40513300895691
7323,0.003274934832006693,,2288.0056788921356,99.41598391532898
7324,0.0031655121129006147,,2288.312935113907,99.426833152771
7325,0.0027193191926926374,,2288.6222624778748,99.43768906593323
7326,0.002683128695935011,,2288.9304699897766,99.44855380058289
7327,0.0027607500087469816,,2289.2387170791626,99.45939874649048
7328,0.0025213980115950108,,2289.5458705425262,99.47024440765381
7329,0.002907190239056945,,2289.8544387817383,99.48108196258545
7330,0.003131310688331723,,2290.1627497673035,99.49193215370178
7331,0.0031695361249148846,,2290.4706914424896,99.50278210639954
7332,0.0030455244705080986,,2290.779388666153,99.51363253593445
7333,0.002380844671279192,,2291.0886087417603,99.52448153495789
7334,0.0024636108428239822,,2291.396031856537,99.5353307723999
7335,0.002515278058126569,,2291.7053339481354,99.54616641998291
7336,0.002462460659444332,,2292.012342453003,99.55702018737793
7337,0.0031415289267897606,,2292.3213062286377,99.56787157058716
7338,0.002462042262777686,,2292.6295788288116,99.57871699333191
7339,0.002437039976939559,,2292.9391555786133,99.58957052230835
7340,0.002774860244244337,,2293.2470688819885,99.60041785240173
7341,0.002649752888828516,,2293.554811000824,99.61125874519348
7342,0.0025067110545933247,,2293.863800764084,99.6220977306366
7343,0.0027893090154975653,,2294.171804666519,99.63293838500977
7344,0.002603573026135564,,2294.4805755615234,99.64379096031189
7345,0.002622091444209218,,2294.7891969680786,99.65463662147522
7346,0.0024824077263474464,,2295.098563671112,99.66549229621887
7347,0.0024385936558246613,,2295.407011270523,99.67635035514832
7348,0.0026726878713816404,,2295.7146747112274,99.68721127510071
7349,0.002617396181449294,,2296.023307800293,99.69806408882141
7350,0.002488279715180397,,2296.5011072158813,99.70891523361206
7351,0.0026422645896673203,,2296.8092353343964,99.71976923942566
7352,0.00244370405562222,,2297.116706132889,99.73063230514526
7353,0.0023838747292757034,,2297.4259853363037,99.74147772789001
7354,0.0028433348052203655,,2297.734494447708,99.75233721733093
7355,0.0024527821224182844,,2298.0423748493195,99.76318955421448
7356,0.002368120476603508,,2298.3515210151672,99.77402853965759
7357,0.002547006355598569,,2298.6590280532837,99.78486204147339
7358,0.002999477321282029,,2298.9678115844727,99.79570412635803
7359,0.0025597510393708944,,2299.280182123184,99.80656051635742
7360,0.002481613541021943,,2299.589693546295,99.81741786003113
7361,0.0023741675540804863,,2299.8974978923798,99.82827281951904
7362,0.0026400492060929537,,2300.205346107483,99.83912372589111
7363,0.0024454337544739246,,2300.5129868984222,99.84999966621399
7364,0.0024285658728331327,,2300.8217628002167,99.86084938049316
7365,0.00244734575971961,,2301.1284005641937,99.87170386314392
7366,0.0025948660913854837,,2301.4380004405975,99.88255023956299
7367,0.0027110795490443707,,2301.746331691742,99.89340353012085
7368,0.0025166634004563093,,2302.054822206497,99.90426588058472
7369,0.0028021412435919046,,2302.364094018936,99.9151074886322
7370,0.0028630411252379417,,2302.67192029953,99.925954580307
7371,0.002953052520751953,,2302.980122566223,99.9368064403534
7372,0.0027062769513577223,,2303.289026737213,99.94766545295715
7373,0.0023997074458748102,,2303.597639322281,99.95852065086365
7374,0.0024209737312048674,,2303.904800415039,99.96937394142151
7375,0.0023784206714481115,,2304.2128024101257,99.98021602630615
7376,0.0024111210368573666,,2304.521581888199,99.99106168746948
7377,0.002373472088947892,,2304.828970193863,100.00190472602844
7378,0.0023966534063220024,,2305.139761686325,100.01274752616882
7379,0.002419925993308425,,2305.4496903419495,100.02357959747314
7380,0.002376495162025094,,2305.75999045372,100.0344123840332
7381,0.0025625834241509438,,2306.067441225052,100.04527139663696
7382,0.002466795966029167,,2306.3762395381927,100.05612206459045
7383,0.0024817241355776787,,2306.6845021247864,100.06696677207947
7384,0.0024010897614061832,,2306.994562149048,100.07781457901001
7385,0.0024528636131435633,,2307.303322792053,100.08866047859192
7386,0.0027941435109823942,,2307.611072063446,100.09949922561646
7387,0.0028565102256834507,,2307.920136451721,100.11035060882568
7388,0.002623949432745576,,2308.228662967682,100.12119960784912
7389,0.002879178151488304,,2308.537783384323,100.13204622268677
7390,0.0025657983496785164,,2308.8476841449738,100.14289569854736
7391,0.0023934231139719486,,2309.1555573940277,100.15374374389648
7392,0.0023620384745299816,,2309.4628462791443,100.16459727287292
7393,0.0024199741892516613,,2309.771022796631,100.17545509338379
7394,0.00247334991581738,,2310.079009771347,100.18631219863892
7395,0.002468918450176716,,2310.384405374527,100.19715881347656
7396,0.002464096061885357,,2310.693855047226,100.20800423622131
7397,0.0024663074873387814,,2311.0027828216553,100.21883153915405
7398,0.002601493615657091,,2311.313412666321,100.22968935966492
7399,0.0032099850941449404,,2311.624182701111,100.2405457496643
7400,0.002625607419759035,,2312.1016886234283,100.25139832496643
7401,0.002663272898644209,,2312.4097304344177,100.26224040985107
7402,0.0025263861753046513,,2312.72017621994,100.27308464050293
7403,0.003169258125126362,,2313.0314407348633,100.28392791748047
7404,0.0032656427938491106,,2313.3390798568726,100.29476714134216
7405,0.00299111008644104,,2313.6476080417633,100.30561304092407
7406,0.004295714665204287,,2313.9548070430756,100.3164644241333
7407,0.003951250575482845,,2314.263870716095,100.327317237854
7408,0.0040551405400037766,,2314.572018623352,100.33817839622498
7409,0.004253242164850235,,2314.882642507553,100.3490264415741
7410,0.004253242164850235,,2315.191156387329,100.35988068580627
7411,0.004320028703659773,,2315.4987070560455,100.37072730064392
7412,0.0060119652189314365,,2315.8070554733276,100.38156867027283
7413,0.004921111278235912,,2316.1150228977203,100.39241075515747
7414,0.004898848943412304,,2316.421977996826,100.40326023101807
7415,0.005165996961295605,,2316.733662366867,100.41409873962402
7416,0.0046573178842663765,,2317.0413303375244,100.42495369911194
7417,0.0037170297000557184,,2317.3498373031616,100.43579959869385
7418,0.003653654595836997,,2317.6581633090973,100.44664669036865
7419,0.003534526564180851,,2317.9678254127502,100.45748925209045
7420,0.003212185576558113,,2318.275862932205,100.46834206581116
7421,0.0027953791432082653,,2318.585259914398,100.47919631004333
7422,0.0025248012971132994,,2318.8950057029724,100.49005651473999
7423,0.002554881852120161,,2319.2039461135864,100.50091075897217
7424,0.0024573809932917356,,2319.513066291809,100.51175808906555
7425,0.0024693538434803486,,2319.8200011253357,100.52260684967041
7426,0.002364047337323427,,2320.128674507141,100.53347301483154
7427,0.0023959048558026552,,2320.4384083747864,100.54432129859924
7428,0.002408693078905344,,2320.7477054595947,100.55517721176147
7429,0.002636020304635167,,2321.0567712783813,100.56602263450623
7430,0.003132488112896681,,2321.3650653362274,100.57687330245972
7431,0.00350924558006227,,2321.673238992691,100.58771562576294
7432,0.003927120007574558,,2321.982011795044,100.598557472229
7433,0.003985460381954908,,2322.2892611026764,100.6094138622284
7434,0.003569440683349967,,2322.5964016914368,100.62025141716003
7435,0.00353466859087348,,2322.904564142227,100.63108658790588
7436,0.0037654219195246696,,2323.21276140213,100.64193391799927
7437,0.0034578468184918165,,2323.521943807602,100.65278005599976
7438,0.0031262377742677927,,2323.8310825824738,100.66363501548767
7439,0.003113580634817481,,2324.140565395355,100.67448997497559
7440,0.0027098171412944794,,2324.4477922916412,100.68534064292908
7441,0.0033072936348617077,,2324.75634598732,100.6961739063263
7442,0.002953200601041317,,2325.0648663043976,100.70702528953552
7443,0.002464297227561474,,2325.372176170349,100.71788454055786
7444,0.002479112008586526,,2325.680541038513,100.72872352600098
7445,0.0031764197628945112,,2325.9897739887238,100.73957967758179
7446,0.0033547275234013796,,2326.2973375320435,100.75042819976807
7447,0.0035684569738805294,,2326.6069808006287,100.7612841129303
7448,0.004079680424183607,,2326.9154341220856,100.77213382720947
7449,0.0039631980471313,,2327.2235510349274,100.78298473358154
7450,0.004553246311843395,,2327.7023656368256,100.79384016990662
7451,0.004178542643785477,,2328.0104360580444,100.804682970047
7452,0.0036807521246373653,,2328.3183419704437,100.81552958488464
7453,0.0031005199998617172,,2328.627371072769,100.82638621330261
7454,0.0028522368520498276,,2328.9352567195892,100.83724021911621
7455,0.0026330826804041862,,2329.2439692020416,100.84808325767517
7456,0.0027308573480695486,,2329.5519168376923,100.85892796516418
7457,0.0027262272778898478,,2329.8593957424164,100.86976838111877
7458,0.0026789421681314707,,2330.167772769928,100.88060784339905
7459,0.002896717516705394,,2330.4781494140625,100.8914520740509
7460,0.0026558164972811937,,2330.7864603996277,100.9023106098175
7461,0.0026694952975958586,,2331.0966246128082,100.91317772865295
7462,0.0027579970192164183,,2331.4030635356903,100.92404174804688
7463,0.002750474028289318,,2331.7114791870117,100.93491244316101
7464,0.003085790667682886,,2332.0192918777466,100.94575953483582
7465,0.003196029458194971,,2332.329209089279,100.9566080570221
7466,0.0032744905911386013,,2332.638394832611,100.96746110916138
7467,0.0036215565633028746,,2332.9453241825104,100.97830510139465
7468,0.003593859262764454,,2333.2563121318817,100.98917555809021
7469,0.0038941113743931055,,2333.5637888908386,101.00002551078796
7470,0.003599294228479266,,2333.872708797455,101.01087665557861
7471,0.0032634118106216192,,2334.181895971298,101.02171111106873
7472,0.003264320082962513,,2334.490332365036,101.03256678581238
7473,0.003140837186947465,,2334.798837184906,101.04340434074402
7474,0.0034695337526500225,,2335.1070561408997,101.05424809455872
7475,0.0032950444146990776,,2335.4155418872833,101.06510090827942
7476,0.003387205768376589,,2335.723014831543,101.07596516609192
7477,0.0027807538863271475,,2336.031141757965,101.08681511878967
7478,0.0025269770994782448,,2336.3388612270355,101.09766721725464
7479,0.002433504443615675,,2336.646886110306,101.10851097106934
7480,0.002406980376690626,,2336.9570803642273,101.11936497688293
7481,0.002642340026795864,,2337.265331029892,101.13022255897522
7482,0.0026330491527915,,2337.572752714157,101.14110589027405
7483,0.002461561933159828,,2337.881355524063,101.15195345878601
7484,0.002525175455957651,,2338.188480615616,101.16281843185425
7485,0.002647742396220565,,2338.496581554413,101.17368507385254
7486,0.0023937292862683535,,2338.804181575775,101.18453574180603
7487,0.0022486099041998386,,2339.1140320301056,101.19538474082947
7488,0.002335243858397007,,2339.4227697849274,101.20623421669006
7489,0.0028735105879604816,,2339.7318897247314,101.21707487106323
7490,0.003314281813800335,,2340.0402755737305,101.22793054580688
7491,0.0025878155138343573,,2340.348815202713,101.23878002166748
7492,0.002883053384721279,,2340.6560542583466,101.24962162971497
7493,0.0023491415195167065,,2340.96427321434,101.2604672908783
7494,0.002415450755506754,,2341.273006916046,101.27131581306458
7495,0.002359007718041539,,2341.5813462734222,101.28215742111206
7496,0.0023911239113658667,,2341.8896679878235,101.29300475120544
7497,0.0027017472311854362,,2342.1978874206543,101.30384969711304
7498,0.002705294406041503,,2342.507724761963,101.314692735672
7499,0.0031667370349168777,,2342.818392753601,101.32555484771729
7500,0.0029271398670971394,0.00138750858604908,2343.2972362041473,102.6631646156311
7501,0.0026338028255850077,,2343.6104288101196,102.67401480674744
7502,0.002904877532273531,,2343.91836643219,102.68486332893372
7503,0.0028520608320832253,,2344.225532054901,102.69569206237793
7504,0.003629263024777174,,2344.5338757038116,102.70654892921448
7505,0.0036070006899535656,,2344.843617916107,102.71740341186523
7506,0.004360729828476906,,2345.151041507721,102.72825789451599
7507,0.0047053745947778225,,2345.4595267772675,102.73909115791321
7508,0.004943374078720808,,2345.7663860321045,102.74993968009949
7509,0.004283485002815723,,2346.077451467514,102.76079440116882
7510,0.004216697998344898,,2346.384529352188,102.77164244651794
7511,0.004522649571299553,,2346.6938095092773,102.78249740600586
7512,0.0040160538628697395,,2347.0025839805603,102.79333734512329
7513,0.003113580634817481,,2347.3120968341827,102.80418348312378
7514,0.0023704636842012405,,2347.6202099323273,102.81504106521606
7515,0.0024787173606455326,,2347.9278662204742,102.82587957382202
7516,0.0026169600896537304,,2348.2367095947266,102.83672952651978
7517,0.0027352054603397846,,2348.544225692749,102.84757447242737
7518,0.0023568738251924515,,2348.851895570755,102.85841727256775
7519,0.0023409121204167604,,2349.1605925559998,102.86926102638245
7520,0.0023699018638581038,,2349.467607498169,102.88011193275452
7521,0.002524228300899267,,2349.7785906791687,102.89095687866211
7522,0.0029667390044778585,,2350.086182117462,102.90180850028992
7523,0.003180307801812887,,2350.3941292762756,102.91266012191772
7524,0.002906296867877245,,2350.702636241913,102.92351388931274
7525,0.0025199721567332745,,2351.009865760803,102.93435716629028
7526,0.002447787905111909,,2351.3173418045044,102.94521164894104
7527,0.002933694049715996,,2351.6257593631744,102.95606207847595
7528,0.0032099850941449404,,2351.932883501053,102.96692109107971
7529,0.0027535841800272465,,2352.2416195869446,102.97775864601135
7530,0.0032890967559069395,,2352.5503993034363,102.98861622810364
7531,0.0035191390197724104,,2352.8597450256348,102.9994649887085
7532,0.0031603460665792227,,2353.1673452854156,103.01031947135925
7533,0.0030085507314652205,,2353.4769229888916,103.0211706161499
7534,0.00286518270149827,,2353.7850725650787,103.0320074558258
7535,0.0031123135704547167,,2354.095068693161,103.04286789894104
7536,0.002707387786358595,,2354.403174161911,103.05371332168579
7537,0.002461919328197837,,2354.7113223075867,103.06456327438354
7538,0.0026188751216977835,,2355.0208756923676,103.07540774345398
7539,0.0025962518993765116,,2355.3299944400787,103.08625268936157
7540,0.00295354425907135,,2355.6395738124847,103.09710383415222
7541,0.0029797544702887535,,2355.949511051178,103.10795283317566
7542,0.0031083484645932913,,2356.256942510605,103.11879682540894
7543,0.003018520772457123,,2356.5655965805054,103.12963008880615
7544,0.0024106346536427736,,2356.8747956752777,103.14048075675964
7545,0.002471034647896886,,2357.18399310112,103.15133213996887
7546,0.0024671207647770643,,2357.4921798706055,103.16219019889832
7547,0.002487823134288192,,2357.7996737957,103.1730306148529
7548,0.0023158772382885218,,2358.108184814453,103.18389654159546
7549,0.002462588483467698,,2358.4184560775757,103.19473910331726
7550,0.0025744482409209013,,2358.897629737854,103.205575466156
7551,0.0027107195928692818,,2359.2063121795654,103.21640300750732
7552,0.0030017464887350798,,2359.5169010162354,103.22724723815918
7553,0.002492628525942564,,2359.8257188796997,103.23809695243835
7554,0.0022738587576895952,,2360.135498523712,103.24894785881042
7555,0.0023383419029414654,,2360.443507671356,103.2597918510437
7556,0.0024652755819261074,,2360.7532634735107,103.27064514160156
7557,0.0024164021015167236,,2361.061296224594,103.28150010108948
7558,0.0022882618941366673,,2361.3754160404205,103.2923436164856
7559,0.0023992827627807856,,2361.684558868408,103.30320000648499
7560,0.0024244922678917646,,2361.9930698871613,103.31404948234558
7561,0.003013205947354436,,2362.3010330200195,103.32489395141602
7562,0.0027701309882104397,,2362.608474969864,103.33574295043945
7563,0.0027389407623559237,,2362.917623758316,103.34659051895142
7564,0.002586214803159237,,2363.225888490677,103.35743999481201
7565,0.002982679521664977,,2363.533770799637,103.36828589439392
7566,0.0032481681555509567,,2363.8418657779694,103.37914371490479
7567,0.003473681630566716,,2364.150954723358,103.38999152183533
7568,0.003600400872528553,,2364.462866783142,103.40084481239319
7569,0.003667376236990094,,2364.7724900245667,103.41171264648438
7570,0.003155454294756055,,2365.081072330475,103.42255759239197
7571,0.0026250991504639387,,2365.388869524002,103.43340039253235
7572,0.002563735004514456,,2365.698433160782,103.44426584243774
7573,0.00326751871034503,,2366.007497549057,103.4551215171814
7574,0.003192017087712884,,2366.3171043395996,103.46598887443542
7575,0.002871251665055752,,2366.627877473831,103.47683691978455
7576,0.0030142052564769983,,2366.9377253055573,103.48769855499268
7577,0.002896518213674426,,2367.2449197769165,103.49854826927185
7578,0.003350253915414214,,2367.5531375408173,103.50940608978271
7579,0.003755193669348955,,2367.8644375801086,103.52024602890015
7580,0.0036961419973522425,,2368.1754236221313,103.53109073638916
7581,0.003872089786455035,,2368.4834978580475,103.54193902015686
7582,0.0031516123563051224,,2368.791360616684,103.55278635025024
7583,0.003078917507082224,,2369.0994436740875,103.56365537643433
7584,0.0030232099816203117,,2369.4095511436462,103.57451176643372
7585,0.0030227508395910263,,2369.7179882526398,103.58536386489868
7586,0.002685988787561655,,2370.0263118743896,103.59622478485107
7587,0.0032752996776252985,,2370.334047317505,103.60706639289856
7588,0.0028186864219605923,,2370.6438159942627,103.61791348457336
7589,0.0028116919565945864,,2370.953295469284,103.6287727355957
7590,0.0029817691538482904,,2371.2624638080597,103.63963532447815
7591,0.0030898447148501873,,2371.5712146759033,103.65048408508301
7592,0.0033420140389353037,,2371.8852105140686,103.66132831573486
7593,0.0028729161713272333,,2372.195470094681,103.67218351364136
7594,0.0028122186195105314,,2372.5068867206573,103.68302702903748
7595,0.0034882407635450363,,2372.8157835006714,103.69387817382812
7596,0.00324195995926857,,2373.122789621353,103.70472478866577
7597,0.002767335157841444,,2373.432588815689,103.71557259559631
7598,0.0029151206836104393,,2373.74116230011,103.72641181945801
7599,0.0025418144650757313,,2374.050104856491,103.7372612953186
7600,0.0027277632616460323,,2374.5291085243225,103.74810576438904
7601,0.0029816909227520227,,2374.838392972946,103.75894737243652
7602,0.0032527975272387266,,2375.146026134491,103.76978850364685
7603,0.003340034978464246,,2375.4568729400635,103.78063821792603
7604,0.002884896006435156,,2375.767348051071,103.79148554801941
7605,0.0027711086440831423,,2376.0754702091217,103.80232787132263
7606,0.0029049802105873823,,2376.3841478824615,103.81318259239197
7607,0.0028342159930616617,,2376.6927711963654,103.82402420043945
7608,0.0028232792392373085,,2377.000571012497,103.83487391471863
7609,0.002831083256751299,,2377.3080909252167,103.84572148323059
7610,0.0028689680621027946,,2377.6146619319916,103.85657334327698
7611,0.002900854917243123,,2377.9227747917175,103.86742067337036
7612,0.0031875704880803823,,2378.230372428894,103.87827825546265
7613,0.0027537494897842407,,2378.5398321151733,103.88912987709045
7614,0.002750470070168376,,2378.8482949733734,103.89999270439148
7615,0.0034755878150463104,,2379.156988620758,103.9108316898346
7616,0.0031469359528273344,,2379.4651453495026,103.92168545722961
7617,0.003021647222340107,,2379.7747316360474,103.93254351615906
7618,0.0025878737214952707,,2380.0823199748993,103.9433970451355
7619,0.0029993848875164986,,2380.3916943073273,103.95425033569336
7620,0.00291221565566957,,2380.700849533081,103.96509599685669
7621,0.002355888020247221,,2381.008862257004,103.97595810890198
7622,0.002297439146786928,,2381.316247701645,103.98681259155273
7623,0.0023013653699308634,,2381.6250360012054,103.99766540527344
7624,0.0023304929491132498,,2381.9355194568634,104.00852727890015
7625,0.00233151251450181,,2382.2449839115143,104.01936936378479
7626,0.0023174630478024483,,2382.5522327423096,104.03021359443665
7627,0.0024314955808222294,,2382.8620014190674,104.04106283187866
7628,0.002366485772654414,,2383.1702003479004,104.05193185806274
7629,0.002460161689668894,,2383.4793524742126,104.06278276443481
7630,0.002577398205175996,,2383.78809261322,104.07362031936646
7631,0.0027157736476510763,,2384.096890926361,104.08446049690247
7632,0.002500720089301467,,2384.4034090042114,104.0953094959259
7633,0.002698615426197648,,2384.7122066020966,104.1061646938324
7634,0.0027021747082471848,,2385.0190789699554,104.117018699646
7635,0.002491486258804798,,2385.328379869461,104.12786483764648
7636,0.0029293750412762165,,2385.6388685703278,104.13871455192566
7637,0.002399669261649251,,2385.9452109336853,104.14955496788025
7638,0.002579120686277747,,2386.2529571056366,104.1604015827179
7639,0.0025293645448982716,,2386.5616648197174,104.17124938964844
7640,0.002367774723097682,,2386.870139360428,104.18210649490356
7641,0.0024317060597240925,,2387.1769304275513,104.19295144081116
7642,0.0024838086683303118,,2387.4855382442474,104.20380163192749
7643,0.00242447922937572,,2387.7936730384827,104.2146508693695
7644,0.0027125831693410873,,2388.1007058620453,104.22551226615906
7645,0.0026614635717123747,,2388.4086668491364,104.23635244369507
7646,0.0022263475693762302,,2388.716139316559,104.24719762802124
7647,0.00223201303742826,,2389.025375366211,104.25803136825562
7648,0.002235759049654007,,2389.335127592087,104.26887011528015
7649,0.0022540593054145575,,2389.6458852291107,104.27971339225769
7650,0.0024238107725977898,,2390.1248428821564,104.29055523872375
7651,0.002991295652464032,,2390.433477640152,104.30140113830566
7652,0.002585743321105838,,2390.7421703338623,104.31224179267883
7653,0.002494205953553319,,2391.050621032715,104.32308530807495
7654,0.002510437509045005,,2391.361438512802,104.33394718170166
7655,0.0024087540805339813,,2391.6717822551727,104.34481906890869
7656,0.0022896567825227976,,2391.980451822281,104.35568451881409
7657,0.0027870680205523968,,2392.290021419525,104.3665337562561
7658,0.0029246723279356956,,2392.5973308086395,104.37737464904785
7659,0.002807568060234189,,2392.9056413173676,104.38821363449097
7660,0.002829228527843952,,2393.214737176895,104.3990569114685
7661,0.0026260882150381804,,2393.5220239162445,104.40990424156189
7662,0.002585270442068577,,2393.8306653499603,104.42074584960938
7663,0.0024254319723695517,,2394.140491247177,104.43158793449402
7664,0.002579763997346163,,2394.448595046997,104.44244313240051
7665,0.002830179175361991,,2394.7561399936676,104.45329332351685
7666,0.0028203658293932676,,2395.064519405365,104.46413707733154
7667,0.00255990750156343,,2395.373126268387,104.47498440742493
7668,0.0026612107176333666,,2395.6821649074554,104.48581957817078
7669,0.0029056784696877003,,2395.993138074875,104.49666357040405
7670,0.0024984257761389017,,2396.29954457283,104.50750660896301
7671,0.0024444309528917074,,2396.608381986618,104.51834774017334
7672,0.0023840656504034996,,2396.916610956192,104.52919697761536
7673,0.002500266768038273,,2397.2247729301453,104.54005551338196
7674,0.0024346206337213516,,2397.533107280731,104.55089855194092
7675,0.002356315962970257,,2397.8422689437866,104.56174516677856
7676,0.002323618158698082,,2398.150677204132,104.57258462905884
7677,0.002398096490651369,,2398.457957983017,104.58342671394348
7678,0.002419655676931143,,2398.766700744629,104.59427833557129
7679,0.0025170212611556053,,2399.076444387436,104.60512447357178
7680,0.0025030572433024645,,2399.3848748207092,104.61596822738647
7681,0.002448596991598606,,2399.692990541458,104.62681841850281
7682,0.002484797267243266,,2400.0004880428314,104.6376781463623
7683,0.0024218738544732332,,2400.311585187912,104.64853620529175
7684,0.0025366598274558783,,2400.6209964752197,104.65938425064087
7685,0.002475305926054716,,2400.929786682129,104.67022442817688
7686,0.002523559145629406,,2401.2370653152466,104.68109393119812
7687,0.003135720733553171,,2401.5458178520203,104.69194293022156
7688,0.0033792653121054173,,2401.855384349823,104.70279812812805
7689,0.0030806472059339285,,2402.163211584091,104.7136561870575
7690,0.0027211487758904696,,2402.471503973007,104.7244975566864
7691,0.0025816240813583136,,2402.7806429862976,104.73534321784973
7692,0.002566603245213628,,2403.0883255004883,104.74619483947754
7693,0.002852531848475337,,2403.3976588249207,104.75704193115234
7694,0.002509561600163579,,2403.7053031921387,104.76788401603699
7695,0.002479921095073223,,2404.0155844688416,104.7787253856659
7696,0.002493857638910413,,2404.324431657791,104.78957390785217
7697,0.002808103570714593,,2404.6343038082123,104.80042123794556
7698,0.0028436826542019844,,2404.9421615600586,104.81126618385315
7699,0.0036214874126017094,,2405.251177549362,104.82210612297058
7700,0.0037731523625552654,,2405.7269337177277,104.83295226097107
7701,0.004366682842373848,,2406.0350379943848,104.84379458427429
7702,0.004349145572632551,,2406.3462488651276,104.85465002059937
7703,0.0038622014690190554,,2406.6546807289124,104.86549639701843
7704,0.003839939134195447,,2406.962613582611,104.87635898590088
7705,0.003750890027731657,,2407.271580219269,104.88720750808716
7706,0.0034143237862735987,,2407.5805201530457,104.89805889129639
7707,0.0035984960850328207,,2407.8890533447266,104.90890622138977
7708,0.003237935248762369,,2408.1969957351685,104.91975235939026
7709,0.0025558287743479013,,2408.5051457881927,104.93060159683228
7710,0.0023476395290344954,,2408.814864397049,104.94145035743713
7711,0.002651714952662587,,2409.1236021518707,104.95229625701904
7712,0.002878849860280752,,2409.4320816993713,104.96313977241516
7713,0.0030374324414879084,,2409.7388672828674,104.9739842414856
7714,0.0033705313690006733,,2410.049822807312,104.98483657836914
7715,0.00240395893342793,,2410.360766172409,104.99568915367126
7716,0.002501885872334242,,2410.669990539551,105.00653266906738
7717,0.0025564050301909447,,2410.9773087501526,105.01736903190613
7718,0.00266512343659997,,2411.2861819267273,105.02821183204651
7719,0.0027970157098025084,,2411.594383239746,105.03905868530273
7720,0.0031394939869642258,,2411.9027919769287,105.0499005317688
7721,0.00311079784296453,,2412.2104268074036,105.0607373714447
7722,0.0026306668296456337,,2412.5186331272125,105.07159209251404
7723,0.0025946127716451883,,2412.82718706131,105.0824544429779
7724,0.0027615162543952465,,2413.1362268924713,105.09330105781555
7725,0.003142183180898428,,2413.444963693619,105.10414576530457
7726,0.0034009485971182585,,2413.7546377182007,105.11499881744385
7727,0.0029664067551493645,,2414.0635917186737,105.12584161758423
7728,0.002961616264656186,,2414.370722055435,105.13669323921204
7729,0.0028961661737412214,,2414.6786732673645,105.14754629135132
7730,0.003040321869775653,,2414.9894421100616,105.1583960056305
7731,0.0035553867928683758,,2415.2984790802,105.16923213005066
7732,0.0035607158206403255,,2415.6058218479156,105.18007588386536
7733,0.0035881916992366314,,2415.9137632846832,105.19092106819153
7734,0.0033416098449379206,,2416.2215251922607,105.2017674446106
7735,0.0034558007027953863,,2416.5278255939484,105.21260380744934
7736,0.003423210931941867,,2416.8371477127075,105.22344422340393
7737,0.0031306298915296793,,2417.1452889442444,105.2342963218689
7738,0.0027812919579446316,,2417.455080986023,105.24514603614807
7739,0.00283806468360126,,2417.764272212982,105.25598406791687
7740,0.002775826258584857,,2418.070964574814,105.26682901382446
7741,0.002486022189259529,,2418.379547595978,105.27768182754517
7742,0.003056226996704936,,2418.689460515976,105.28853464126587
7743,0.0030204392969608307,,2418.997206926346,105.29938769340515
7744,0.0028095010202378035,,2419.305766105652,105.31024670600891
7745,0.0027026457246392965,,2419.6136376857758,105.32109713554382
7746,0.0026186909526586533,,2419.921473503113,105.33195042610168
7747,0.0024825246073305607,,2420.2298197746277,105.34280014038086
7748,0.0026960072573274374,,2420.5386238098145,105.35364556312561
7749,0.002635133685544133,,2420.8475840091705,105.3644962310791
7750,0.0033373201731592417,,2421.3273894786835,105.37534284591675
7751,0.0033584164921194315,,2421.6353993415833,105.38620066642761
7752,0.0028152228333055973,,2421.9445340633392,105.39704537391663
7753,0.0026329655665904284,,2422.2528505325317,105.40788912773132
7754,0.0025200936943292618,,2422.5638892650604,105.4187502861023
7755,0.0029454040341079235,,2422.8726184368134,105.42960381507874
7756,0.002483059884980321,,2423.1806082725525,105.44045543670654
7757,0.0026145882438868284,,2423.490282058716,105.45130634307861
7758,0.0024594550486654043,,2423.7965104579926,105.46215510368347
7759,0.002523559145629406,,2424.1077003479004,105.47300243377686
7760,0.002456150483340025,,2424.416163921356,105.48384380340576
7761,0.0024565118364989758,,2424.726034641266,105.49469542503357
7762,0.002442479133605957,,2425.0325877666473,105.50555992126465
7763,0.002598988125100732,,2425.340978860855,105.51641583442688
7764,0.002465503755956888,,2425.6494913101196,105.52726984024048
7765,0.0033416321966797113,,2425.9582731723785,105.5381121635437
7766,0.0027804882265627384,,2426.2647020816803,105.54895043373108
7767,0.002557471627369523,,2426.5741381645203,105.55978417396545
7768,0.002913653152063489,,2426.881939649582,105.5706398487091
7769,0.0032971075270324945,,2427.190109729767,105.58148622512817
7770,0.0035839888732880354,,2427.4986095428467,105.59234809875488
7771,0.003044507000595331,,2427.805225610733,105.6031985282898
7772,0.0030525163747370243,,2428.113666534424,105.61405444145203
7773,0.002513844519853592,,2428.4218974113464,105.62490272521973
7774,0.003130494151264429,,2428.7293565273285,105.63575220108032
7775,0.0033778566867113113,,2429.036540746689,105.64659881591797
7776,0.0030374324414879084,,2429.3433442115784,105.65744280815125
7777,0.002617889316752553,,2429.652585744858,105.66831231117249
7778,0.0025042942725121975,,2429.9618752002716,105.67915630340576
7779,0.002523476956412196,,2430.2708897590637,105.69000601768494
7780,0.002570170909166336,,2430.5797753334045,105.70086455345154
7781,0.002640658523887396,,2430.8875432014465,105.71173572540283
7782,0.002562308218330145,,2431.1955950260162,105.7225911617279
7783,0.0024404313880950212,,2431.5047504901886,105.7334520816803
7784,0.002443114295601845,,2431.8117883205414,105.7443015575409
7785,0.0024857644457370043,,2432.1210131645203,105.75515007972717
7786,0.0025812082458287477,,2432.4301731586456,105.7660026550293
7787,0.002467151964083314,,2432.737173318863,105.77685213088989
7788,0.0024880997370928526,,2433.0465540885925,105.78770709037781
7789,0.002727833343669772,,2433.3556895256042,105.79854416847229
7790,0.0025330421049147844,,2433.665090084076,105.80939817428589
7791,0.002887146081775427,,2433.9720497131348,105.82025742530823
7792,0.0029941340908408165,,2434.2797911167145,105.83111143112183
7793,0.0028559237252920866,,2434.587389230728,105.84196829795837
7794,0.002655809512361884,,2434.896031141281,105.85281753540039
7795,0.0026187875773757696,,2435.205272436142,105.86366820335388
7796,0.0026499091181904078,,2435.5142562389374,105.87452101707458
7797,0.0027201033663004637,,2435.823264837265,105.8853530883789
7798,0.00289204646833241,,2436.1324253082275,105.89620876312256
7799,0.0028693003114312887,,2436.43936753273,105.90706610679626
7800,0.003262375481426716,,2436.9202461242676,105.91793251037598
7801,0.002922950778156519,,2437.2297999858856,105.92878699302673
7802,0.0030277217738330364,,2437.538190841675,105.93962550163269
7803,0.0026798858307302,,2437.8465943336487,105.95046758651733
7804,0.002541610039770603,,2438.155603647232,105.96131491661072
7805,0.002514410996809602,,2438.4635512828827,105.97214198112488
7806,0.002465665340423584,,2438.770362854004,105.98298907279968
7807,0.002490398706868291,,2439.0781240463257,105.99384045600891
7808,0.002542095026001334,,2439.3877160549164,106.0046911239624
7809,0.002558625303208828,,2439.6977388858795,106.01554083824158
7810,0.002546733245253563,,2440.0069999694824,106.02637505531311
7811,0.002495540538802743,,2440.3155393600464,106.03722548484802
7812,0.0024310266599059105,,2440.6224160194397,106.04806232452393
7813,0.0024705054238438606,,2440.930416584015,106.05890345573425
7814,0.0024755303747951984,,2441.237940788269,106.06975364685059
7815,0.002508268691599369,,2441.5446054935455,106.08059978485107
7816,0.0023655870463699102,,2441.851247549057,106.09144592285156
7817,0.002293794183060527,,2442.1620190143585,106.10230350494385
7818,0.0023120881523936987,,2442.470730304718,106.11314058303833
7819,0.0026646465994417667,,2442.77751994133,106.1240029335022
7820,0.002345012268051505,,2443.0853765010834,106.13485455513
7821,0.0026103081181645393,,2443.3945813179016,106.1457166671753
7822,0.002559562912210822,,2443.7038979530334,106.15656447410583
7823,0.002385584870353341,,2444.0116963386536,106.16741728782654
7824,0.0024082220625132322,,2444.31866645813,106.17825937271118
7825,0.0023570775520056486,,2444.6288964748383,106.18910360336304
7826,0.0026915082708001137,,2444.9371671676636,106.1999499797821
7827,0.0025617708452045918,,2445.243042945862,106.21078634262085
7828,0.0025361175648868084,,2445.551677465439,106.22163581848145
7829,0.0025737464893609285,,2445.859106063843,106.23249173164368
7830,0.0025602008681744337,,2446.167329311371,106.24333643913269
7831,0.0024953223764896393,,2446.475257396698,106.25417518615723
7832,0.002783225616440177,,2446.7836418151855,106.26501893997192
7833,0.0029475290793925524,,2447.0929045677185,106.27586221694946
7834,0.002678440883755684,,2447.4013481140137,106.28670811653137
7835,0.0024792547337710857,,2447.710659980774,106.29756689071655
7836,0.002805363619700074,,2448.0206270217896,106.30841183662415
7837,0.0028236806392669678,,2448.3293499946594,106.31927251815796
7838,0.003235234646126628,,2448.6386880874634,106.3301169872284
7839,0.0033762899693101645,,2448.94721865654,106.34095335006714
7840,0.0030124036129564047,,2449.254029750824,106.35179567337036
7841,0.0028850086964666843,,2449.5621581077576,106.36265134811401
7842,0.002446281025186181,,2449.8688645362854,106.37349271774292
7843,0.0024446246679872274,,2450.1754355430603,106.38433241844177
7844,0.0025331482756882906,,2450.4839191436768,106.395179271698
7845,0.0024072451051324606,,2450.7934362888336,106.40602135658264
7846,0.0024637170135974884,,2451.103602170944,106.41686582565308
7847,0.002434528199955821,,2451.411401748657,106.42771768569946
7848,0.0024895460810512304,,2451.719387769699,106.43856120109558
7849,0.0026805056259036064,,2452.030107975006,106.44940567016602
7850,0.0030249953269958496,,2452.5096065998077,106.46024751663208
7851,0.002954938681796193,,2452.8190960884094,106.47109365463257
7852,0.002954938681796193,,2453.1297266483307,106.48194217681885
7853,0.0025042162742465734,,2453.437885284424,106.49281525611877
7854,0.002395643386989832,,2453.7480363845825,106.50368618965149
7855,0.0023068818263709545,,2454.05699634552,106.51453518867493
7856,0.0023614228703081608,,2454.365075111389,106.52538657188416
7857,0.0028058839961886406,,2454.6734161376953,106.53622961044312
7858,0.002555213402956724,,2454.983773946762,106.54708099365234
7859,0.002410750137642026,,2455.2921612262726,106.55793786048889
7860,0.0024614245630800724,,2455.5997478961945,106.56878113746643
7861,0.0023049660958349705,,2455.907539367676,106.57963466644287
7862,0.002254616469144821,,2456.2142305374146,106.59048128128052
7863,0.002266525523737073,,2456.5228214263916,106.60132193565369
7864,0.0022796825505793095,,2456.830263853073,106.61217427253723
7865,0.0022342652082443237,,2457.1392047405243,106.62301731109619
7866,0.0022198627702891827,,2457.447138786316,106.63387179374695
7867,0.0023276149295270443,,2457.7536351680756,106.64470911026001
7868,0.0023965984582901,,2458.0635201931,106.65555334091187
7869,0.0026350896805524826,,2458.3711457252502,106.66640090942383
7870,0.002489975420758128,,2458.6791064739227,106.67725491523743
7871,0.0027970396913588047,,2458.987048149109,106.68809866905212
7872,0.00334635260514915,,2459.2957599163055,106.69894337654114
7873,0.003214283613488078,,2459.6046545505524,106.70978903770447
7874,0.0030477414838969707,,2459.9132194519043,106.72064590454102
7875,0.003180531319230795,,2460.221780538559,106.73148274421692
7876,0.0032318111043423414,,2460.5302176475525,106.7423357963562
7877,0.002945575164631009,,2460.8404335975647,106.75317406654358
7878,0.0028528727125376463,,2461.147176504135,106.76402878761292
7879,0.00267687626183033,,2461.454349040985,106.77489161491394
7880,0.002783966949209571,,2461.761955499649,106.78572702407837
7881,0.0024352993350476027,,2462.0709052085876,106.79658508300781
7882,0.0023659905418753624,,2462.3804528713226,106.80743646621704
7883,0.002599257742986083,,2462.6886105537415,106.81829595565796
7884,0.002384383697062731,,2462.9982080459595,106.82914066314697
7885,0.002380019286647439,,2463.3069336414337,106.84001016616821
7886,0.002977857831865549,,2463.6152358055115,106.85086941719055
7887,0.003059232607483864,,2463.9239218235016,106.86171197891235
7888,0.0029511074535548687,,2464.233648777008,106.8725802898407
7889,0.0036271424032747746,,2464.545305252075,106.88342642784119
7890,0.002920307219028473,,2464.853196620941,106.89427518844604
7891,0.0022594346664845943,,2465.160723924637,106.90511751174927
7892,0.0025062544737011194,,2465.470522403717,106.91596817970276
7893,0.0023980415426194668,,2465.7806520462036,106.92682838439941
7894,0.0023511520121246576,,2466.0899109840393,106.93767714500427
7895,0.002355733187869191,,2466.3985657691956,106.94852137565613
7896,0.0021676570177078247,,2466.707347393036,106.95936369895935
7897,0.002265698742121458,,2467.014344930649,106.97021341323853
7898,0.0025220876559615135,,2467.3224532604218,106.98106932640076
7899,0.0026894938200712204,,2467.631370306015,106.99192261695862
7900,0.002268552780151367,,2468.1100907325745,107.00276803970337
7901,0.0021587698720395565,,2468.4184761047363,107.01361441612244
7902,0.0022147148847579956,,2468.725610971451,107.02446341514587
7903,0.0022161887027323246,,2469.035046815872,107.03532242774963
7904,0.002186317928135395,,2469.3422741889954,107.04617810249329
7905,0.0024510545190423727,,2469.650502681732,107.05702662467957
7906,0.002584646688774228,,2469.95779132843,107.06786823272705
7907,0.0026732305996119976,,2470.2666552066803,107.07871437072754
7908,0.0027930964715778828,,2470.5748183727264,107.0895459651947
7909,0.0030111989472061396,,2470.8825223445892,107.10041403770447
7910,0.002938051475211978,,2471.1917946338654,107.11126160621643
7911,0.0028980448842048645,,2471.5027561187744,107.12211322784424
7912,0.002970384433865547,,2471.812339067459,107.13295602798462
7913,0.002871439326554537,,2472.121221780777,107.14380693435669
7914,0.0030358033254742622,,2472.4312891960144,107.1546630859375
7915,0.0030859578400850296,,2472.7394790649414,107.1655204296112
7916,0.002876830752938986,,2473.0468163490295,107.17636895179749
7917,0.0030226330272853374,,2473.3545010089874,107.18721151351929
7918,0.0029675792902708054,,2473.6618361473083,107.19805860519409
7919,0.0029860329814255238,,2473.974717617035,107.20890021324158
7920,0.003113893326371908,,2474.283163547516,107.21976351737976
7921,0.00299668381921947,,2474.591310977936,107.2306215763092
7922,0.0035658737178891897,,2474.9002783298492,107.24147033691406
7923,0.0037540628109127283,,2475.2086391448975,107.25232100486755
7924,0.004246845375746489,,2475.518363714218,107.26316618919373
7925,0.003722704714164138,,2475.8275287151337,107.27400326728821
7926,0.0043517909944057465,,2476.1354546546936,107.28485250473022
7927,0.004396315664052963,,2476.445123195648,107.2956907749176
7928,0.0033572595566511154,,2476.7531406879425,107.3065435886383
7929,0.0033704619854688644,,2477.0628390312195,107.31740236282349
7930,0.0035276312846690416,,2477.371290206909,107.32824993133545
7931,0.003446460934355855,,2477.6791908740997,107.33909797668457
7932,0.003455556696280837,,2477.9863629341125,107.34996104240417
7933,0.003378812689334154,,2478.2939796447754,107.36081147193909
7934,0.0037740650586783886,,2478.6022148132324,107.37165951728821
7935,0.0034312426578253508,,2478.910576105118,107.38251852989197
7936,0.003425179049372673,,2479.2197506427765,107.39337038993835
7937,0.0036286544054746628,,2479.527674436569,107.4042136669159
7938,0.003215787699446082,,2479.834287881851,107.41506218910217
7939,0.002991324057802558,,2480.143331050873,107.42590379714966
7940,0.0025113504379987717,,2480.4544146060944,107.43677949905396
7941,0.0022770105861127377,,2480.76113986969,107.44762325286865
7942,0.0022974377498030663,,2481.0680480003357,107.45846796035767
7943,0.0022584113758057356,,2481.376218557358,107.46933507919312
7944,0.002227859105914831,,2481.683588027954,107.4801983833313
7945,0.0021616537123918533,,2481.993063211441,107.49104404449463
7946,0.002236978616565466,,2482.303483247757,107.50187993049622
7947,0.002206857781857252,,2482.6124317646027,107.51272463798523
7948,0.0023124455474317074,,2482.9201748371124,107.52356171607971
7949,0.00244513968937099,,2483.230987548828,107.53440761566162
7950,0.0027917390689253807,,2483.7116148471832,107.545250415802
7951,0.00279818382114172,,2484.021680355072,107.55610156059265
7952,0.0031302496790885925,,2484.330746650696,107.56695127487183
7953,0.0031291956547647715,,2484.6390266418457,107.57779455184937
7954,0.0029870166908949614,,2484.9484462738037,107.58864569664001
7955,0.003057921538129449,,2485.256288290024,107.59949231147766
7956,0.0028400716837495565,,2485.5618000030518,107.61034059524536
7957,0.0030060273129493,,2485.8682944774628,107.62117981910706
7958,0.0029556029476225376,,2486.1772022247314,107.63202357292175
7959,0.002982750767841935,,2486.4856028556824,107.64285206794739
7960,0.0026487777940928936,,2486.7926485538483,107.65370845794678
7961,0.002434057416394353,,2487.1013627052307,107.66455149650574
7962,0.0023417288903146982,,2487.4100420475006,107.67539286613464
7963,0.002901833038777113,,2487.7191219329834,107.68624353408813
7964,0.0029168734326958656,,2488.026304960251,107.69708180427551
7965,0.003082131501287222,,2488.334112405777,107.70793390274048
7966,0.0032219518907368183,,2488.64284825325,107.71879005432129
7967,0.003173643723130226,,2488.9506816864014,107.72965168952942
7968,0.0033068289048969746,,2489.259686946869,107.74048829078674
7969,0.0035500230733305216,,2489.5680932998657,107.75133895874023
7970,0.0028600553050637245,,2489.87651348114,107.76218438148499
7971,0.003180531319230795,,2490.1859500408173,107.7730405330658
7972,0.00279818382114172,,2490.49382519722,107.78389596939087
7973,0.002530877012759447,,2490.802989721298,107.79475808143616
7974,0.0026611497160047293,,2491.1103515625,107.80559825897217
7975,0.0024002441205084324,,2491.4191341400146,107.8164393901825
7976,0.002479535061866045,,2491.7272188663483,107.82728600502014
7977,0.002862619934603572,,2492.035901069641,107.83814597129822
7978,0.00316911144182086,,2492.3437328338623,107.84899401664734
7979,0.0030212642159312963,,2492.651207923889,107.85985016822815
7980,0.002476415364071727,,2492.958821296692,107.87068581581116
7981,0.0021963762119412422,,2493.266570329666,107.88153862953186
7982,0.0022312744986265898,,2493.576521396637,107.89238572120667
7983,0.00223595486022532,,2493.885102748871,107.90322804450989
7984,0.0023037956561893225,,2494.193836927414,107.91408038139343
7985,0.0023411994334310293,,2494.506024837494,107.92493414878845
7986,0.0023742681369185448,,2494.8135101795197,107.9357795715332
7987,0.002224596682935953,,2495.1233336925507,107.9466290473938
7988,0.0022301780991256237,,2495.432725429535,107.95749926567078
7989,0.00235775881446898,,2495.740503311157,107.96835446357727
7990,0.002374677686020732,,2496.04828953743,107.97920989990234
7991,0.002367167267948389,,2496.35777592659,107.99005484580994
7992,0.0023414739407598972,,2496.6658420562744,108.0009024143219
7993,0.002309096045792103,,2496.9739780426025,108.01175093650818
7994,0.00293938722461462,,2497.281965494156,108.0225875377655
7995,0.003539011348038912,,2497.59317612648,108.0334460735321
7996,0.0038140122778713703,,2497.9026424884796,108.04433131217957
7997,0.0034240465611219406,,2498.210424423218,108.05518794059753
7998,0.003675256622955203,,2498.5176541805267,108.06604743003845
7999,0.004007961601018906,,2498.8260221481323,108.07690453529358
8000,0.0036765378899872303,0.001382952556014061,2499.30726647377,109.4144811630249
8001,0.003763076150789857,,2499.6165404319763,109.4253351688385
8002,0.0030792176257818937,,2499.924503326416,109.43619108200073
8003,0.00294951768592,,2500.2322328090668,109.44704294204712
8004,0.0023739945609122515,,2500.539766073227,109.45788836479187
8005,0.002384638413786888,,2500.8472373485565,109.46874594688416
8006,0.0024507641792297363,,2501.1554942131042,109.47959542274475
8007,0.0023070096503943205,,2501.463076353073,109.49044752120972
8008,0.0023886929266154766,,2501.772996902466,109.50128531455994
8009,0.0027608899399638176,,2502.081207513809,109.5121397972107
8010,0.002517461543902755,,2502.389631509781,109.52299189567566
8011,0.0024200347252190113,,2502.6972148418427,109.53383564949036
8012,0.0023478560615330935,,2503.005637407303,109.54468965530396
8013,0.002535854699090123,,2503.3150062561035,109.55554604530334
8014,0.0024222652427852154,,2503.62296295166,109.56639885902405
8015,0.0025838769506663084,,2503.9311628341675,109.57724618911743
8016,0.0026556167285889387,,2504.2410502433777,109.58809685707092
8017,0.0024317495990544558,,2504.5517060756683,109.59895014762878
8018,0.0024520503357052803,,2504.8595983982086,109.60980892181396
8019,0.002456214278936386,,2505.1669664382935,109.62065553665161
8020,0.0023574756924062967,,2505.4756376743317,109.63150954246521
8021,0.0022842453327029943,,2505.7818932533264,109.64238262176514
8022,0.0023511620238423347,,2506.089382171631,109.65325260162354
8023,0.002268489683046937,,2506.3985941410065,109.66411399841309
8024,0.0023208053316920996,,2506.7080569267273,109.67495965957642
8025,0.002322243759408593,,2507.017173051834,109.68580484390259
8026,0.0023806742392480373,,2507.3262898921967,109.69666528701782
8027,0.002330766525119543,,2507.633002758026,109.70750641822815
8028,0.0023522016126662493,,2507.9418489933014,109.7183678150177
8029,0.0024897572584450245,,2508.2496995925903,109.729243516922
8030,0.0023767927195876837,,2508.5590777397156,109.74010705947876
8031,0.0022499205078929663,,2508.867303609848,109.75095343589783
8032,0.002416379516944289,,2509.1755418777466,109.76182079315186
8033,0.002783152274787426,,2509.4842727184296,109.77267241477966
8034,0.0030819482635706663,,2509.7929487228394,109.78351998329163
8035,0.003243678715080023,,2510.101503133774,109.79436874389648
8036,0.0035976271610707045,,2510.410658597946,109.80521178245544
8037,0.0034351199865341187,,2510.7182383537292,109.81606197357178
8038,0.0034240465611219406,,2511.027958393097,109.82690477371216
8039,0.003383092815056443,,2511.3364198207855,109.8377571105957
8040,0.0033958556596189737,,2511.6443960666656,109.84859347343445
8041,0.0030708916019648314,,2511.9545221328735,109.85943675041199
8042,0.0028991440776735544,,2512.261585712433,109.87028622627258
8043,0.0028165550902485847,,2512.5691454410553,109.88112783432007
8044,0.0029909280128777027,,2512.877790927887,109.89197993278503
8045,0.002414146438241005,,2513.187156200409,109.90282106399536
8046,0.0024173823185265064,,2513.4960527420044,109.91366577148438
8047,0.002467143116518855,,2513.805095911026,109.92452645301819
8048,0.0026036384515464306,,2514.112780570984,109.93537020683289
8049,0.0024612487759441137,,2514.423148870468,109.94622206687927
8050,0.0027259711641818285,,2514.899290084839,109.95706748962402
8051,0.0024817991070449352,,2515.2067902088165,109.96791958808899
8052,0.0029920449014753103,,2515.515161037445,109.97876405715942
8053,0.00243811821565032,,2515.823525905609,109.98960995674133
8054,0.002359902486205101,,2516.131553888321,110.00045585632324
8055,0.0023690585512667894,,2516.441220998764,110.01128816604614
8056,0.0024049358908087015,,2516.7494130134583,110.02213668823242
8057,0.0022505170200020075,,2517.0576486587524,110.03298330307007
8058,0.0024563632905483246,,2517.3670694828033,110.04382610321045
8059,0.002679852768778801,,2517.6742997169495,110.05467176437378
8060,0.002783561125397682,,2517.983858346939,110.06553030014038
8061,0.002908330876380205,,2518.2902081012726,110.07638692855835
8062,0.0028241779655218124,,2518.598011493683,110.08722615242004
8063,0.003232707269489765,,2518.907388448715,110.09807586669922
8064,0.0032501996029168367,,2519.217217683792,110.10893559455872
8065,0.0031881825998425484,,2519.5249621868134,110.11978268623352
8066,0.003441594308242202,,2519.83620595932,110.13061881065369
8067,0.00331155420280993,,2520.144401550293,110.14145278930664
8068,0.0034149871207773685,,2520.4532918930054,110.1522958278656
8069,0.003201464656740427,,2520.7619864940643,110.1631383895874
8070,0.003306532744318247,,2521.0713737010956,110.17400765419006
8071,0.002530552912503481,,2521.380429506302,110.18487000465393
8072,0.0026646722108125687,,2521.6895411014557,110.195725440979
8073,0.0028512265998870134,,2521.996855735779,110.20657968521118
8074,0.002457569120451808,,2522.307007789612,110.21743059158325
8075,0.0022975734900683165,,2522.6164422035217,110.22829127311707
8076,0.0028711939230561256,,2522.926058769226,110.23913908004761
8077,0.0029616495594382286,,2523.2344007492065,110.24999046325684
8078,0.002709574531763792,,2523.5427458286285,110.26083588600159
8079,0.0025072393473237753,,2523.851240158081,110.27169108390808
8080,0.002880481304600835,,2524.1583776474,110.28254747390747
8081,0.002463548444211483,,2524.4683141708374,110.2934000492096
8082,0.002288015792146325,,2524.7762594223022,110.3042402267456
8083,0.0023943863343447447,,2525.0849730968475,110.31508803367615
8084,0.0023506118450313807,,2525.394554376602,110.32593131065369
8085,0.0023573648650199175,,2525.7034652233124,110.33680653572083
8086,0.002390884095802903,,2526.0126552581787,110.34767389297485
8087,0.0024715245235711336,,2526.3226006031036,110.35852289199829
8088,0.0028121620416641235,,2526.632210254669,110.36937952041626
8089,0.002368586603552103,,2526.9423792362213,110.38022470474243
8090,0.0022085215896368027,,2527.2500100135803,110.39107060432434
8091,0.0022900798358023167,,2527.5579273700714,110.40191292762756
8092,0.00239364430308342,,2527.8667917251587,110.41275548934937
8093,0.002873488934710622,,2528.176107406616,110.42359924316406
8094,0.0026167514733970165,,2528.4871006011963,110.43444538116455
8095,0.002695767441764474,,2528.7949047088623,110.44529414176941
8096,0.0027763929683715105,,2529.1065657138824,110.45615077018738
8097,0.0023857655469328165,,2529.416351556778,110.46699810028076
8098,0.0022168441209942102,,2529.7242438793182,110.47784757614136
8099,0.002419219585135579,,2530.0323197841644,110.48869800567627
8100,0.0026083209086209536,,2530.5101294517517,110.49954748153687
8101,0.002930453745648265,,2530.8192009925842,110.51039361953735
8102,0.0030022072605788708,,2531.129117012024,110.52123665809631
8103,0.0032898937352001667,,2531.4386925697327,110.53208351135254
8104,0.002654747571796179,,2531.7488582134247,110.54292893409729
8105,0.0023198407143354416,,2532.056341648102,110.55378484725952
8106,0.002490522339940071,,2532.3639283180237,110.564612865448
8107,0.0022934083826839924,,2532.672641515732,110.57546591758728
8108,0.0022467258386313915,,2532.979876756668,110.58632516860962
8109,0.0022369290236383677,,2533.287178039551,110.59716892242432
8110,0.0022346919868141413,,2533.595418691635,110.60801458358765
8111,0.0024755457416176796,,2533.9044349193573,110.61886167526245
8112,0.0022338065318763256,,2534.2135803699493,110.62970733642578
8113,0.002281537977978587,,2534.522651910782,110.64055943489075
8114,0.0026857927441596985,,2534.831624031067,110.65142941474915
8115,0.0022994568571448326,,2535.140513420105,110.66228151321411
8116,0.0022344861645251513,,2535.4484498500824,110.67312550544739
8117,0.0022432419937103987,,2535.7573132514954,110.68397927284241
8118,0.002324439585208893,,2536.066292285919,110.69482398033142
8119,0.0022381588350981474,,2536.375401735306,110.70568180084229
8120,0.0022912423592060804,,2536.684570789337,110.71654558181763
8121,0.0022627683356404305,,2536.992954969406,110.72738909721375
8122,0.0022970063146203756,,2537.30202460289,110.73824572563171
8123,0.0022854001726955175,,2537.6107354164124,110.74908518791199
8124,0.0023163289297372103,,2537.918759584427,110.7599310874939
8125,0.0022721262648701668,,2538.2282254695892,110.77079057693481
8126,0.002580565633252263,,2538.5394649505615,110.78163743019104
8127,0.0022934232838451862,,2538.847758769989,110.79249477386475
8128,0.002662191865965724,,2539.1557083129883,110.80333733558655
8129,0.002551155397668481,,2539.464109659195,110.81418490409851
8130,0.0022278688848018646,,2539.7719979286194,110.82502818107605
8131,0.0022344363387674093,,2540.0809874534607,110.83587121963501
8132,0.0022936780005693436,,2540.388342857361,110.8467206954956
8133,0.002345503307878971,,2540.6958689689636,110.85757040977478
8134,0.002405378269031644,,2541.006813764572,110.86841869354248
8135,0.0023116152733564377,,2541.3179416656494,110.87926816940308
8136,0.0022102058865129948,,2541.626197576523,110.89011788368225
8137,0.0022821419406682253,,2541.9332118034363,110.9009804725647
8138,0.002270003780722618,,2542.2397174835205,110.91181564331055
8139,0.0022626433055847883,,2542.548326730728,110.92269015312195
8140,0.0022638547234237194,,2542.856090068817,110.9335401058197
8141,0.0022854001726955175,,2543.1637740135193,110.94438314437866
8142,0.002296906430274248,,2543.4737074375153,110.9552252292633
8143,0.002359420759603381,,2543.784067630768,110.96607708930969
8144,0.002294858917593956,,2544.0926246643066,110.97692251205444
8145,0.002412514528259635,,2544.402101278305,110.98776602745056
8146,0.0027800363022834063,,2544.7097799777985,110.99861764907837
8147,0.002916038502007723,,2545.0184667110443,111.0094575881958
8148,0.0028213998302817345,,2545.32661485672,111.02031445503235
8149,0.0028436623979359865,,2545.6361899375916,111.03116202354431
8150,0.003151443786919117,,2546.1152267456055,111.04200720787048
8151,0.0034358063712716103,,2546.4255106449127,111.05285477638245
8152,0.0033039688132703304,,2546.733409881592,111.06369280815125
8153,0.0036500957794487476,,2547.043930530548,111.0745599269867
8154,0.0031191271264106035,,2547.3524260520935,111.08540225028992
8155,0.0029999767430126667,,2547.6599276065826,111.09624767303467
8156,0.0030173645354807377,,2547.968229532242,111.10710620880127
8157,0.0029135411605238914,,2548.276720762253,111.1179587841034
8158,0.003298977855592966,,2548.5853543281555,111.12880492210388
8159,0.0033039688132703304,,2548.894968032837,111.13964819908142
8160,0.003410797566175461,,2549.203262090683,111.15050458908081
8161,0.0035671198274940252,,2549.511810064316,111.16134452819824
8162,0.003647333476692438,,2549.8206288814545,111.17218947410583
8163,0.003805470187216997,,2550.1284906864166,111.183034658432
8164,0.0035116826184093952,,2550.438501596451,111.19388127326965
8165,0.0034683451522141695,,2550.746327161789,111.20472025871277
8166,0.003489420283585787,,2551.0562028884888,111.21556377410889
8167,0.0037063651252537966,,2551.365309715271,111.22640943527222
8168,0.003973839804530144,,2551.6734766960144,111.2372477054596
8169,0.003647333476692438,,2551.982304573059,111.24810481071472
8170,0.0037286276929080486,,2552.292073726654,111.25895857810974
8171,0.0039396281354129314,,2552.600914001465,111.2698004245758
8172,0.003995775245130062,,2552.9084408283234,111.28066563606262
8173,0.0037988333497196436,,2553.2156484127045,111.29152417182922
8174,0.003256498370319605,,2553.52481007576,111.30237221717834
8175,0.004151611588895321,,2553.836663007736,111.31321620941162
8176,0.003114464459940791,,2554.145735025406,111.32405662536621
8177,0.0032898937352001667,,2554.4533607959747,111.33490204811096
8178,0.003277985379099846,,2554.7635498046875,111.34575343132019
8179,0.003411915386095643,,2555.0739238262177,111.35660552978516
8180,0.0029295585118234158,,2555.3835661411285,111.3674750328064
8181,0.0029218264389783144,,2555.6910815238953,111.37831687927246
8182,0.003199090249836445,,2555.9991924762726,111.38915300369263
8183,0.0029005089309066534,,2556.3096041679382,111.39999866485596
8184,0.003684102790430188,,2556.6176130771637,111.41085004806519
8185,0.0035605437587946653,,2556.925582885742,111.4216992855072
8186,0.0038844638038426638,,2557.2348577976227,111.43254256248474
8187,0.003286282066255808,,2557.5430948734283,111.4433982372284
8188,0.003402740927413106,,2557.8524408340454,111.45423817634583
8189,0.003489420283585787,,2558.1601223945618,111.46509099006653
8190,0.0034683451522141695,,2558.470106124878,111.47595477104187
8191,0.0029286255594342947,,2558.7799215316772,111.48679685592651
8192,0.0026969320606440306,,2559.0864400863647,111.49764442443848
8193,0.003045767778530717,,2559.39648103714,111.50848603248596
8194,0.0030814767815172672,,2559.7047805786133,111.51933240890503
8195,0.003066144185140729,,2560.0131635665894,111.5301833152771
8196,0.002867828356102109,,2560.32142162323,111.54102635383606
8197,0.0027337265200912952,,2560.6303520202637,111.55188012123108
8198,0.0025826275814324617,,2560.939009666443,111.5627372264862
8199,0.002863679314032197,,2561.2466702461243,111.57358837127686
8200,0.003178696846589446,,2561.7266368865967,111.5844509601593
8201,0.0034683451522141695,,2562.034773826599,111.59530711174011
8202,0.0032778983004391193,,2562.344880580902,111.60617113113403
8203,0.0032232217490673065,,2562.6538560390472,111.61701035499573
8204,0.003094478277489543,,2562.9613823890686,111.62785768508911
8205,0.0026900325901806355,,2563.2686274051666,111.6387152671814
8206,0.002376680728048086,,2563.5783977508545,111.64955234527588
8207,0.0024095659609884024,,2563.8889253139496,111.6604163646698
8208,0.0025342018343508244,,2564.197662830353,111.67127776145935
8209,0.0024242110084742308,,2564.5056245326996,111.68212556838989
8210,0.002529953606426716,,2564.814792871475,111.69297647476196
8211,0.0024969291407614946,,2565.123169898987,111.70385551452637
8212,0.0025286648888140917,,2565.4312393665314,111.71471524238586
8213,0.002517985412850976,,2565.7394433021545,111.7255802154541
8214,0.0025905887596309185,,2566.048803329468,111.73642778396606
8215,0.002901487983763218,,2566.3594098091125,111.74728989601135
8216,0.0028383969329297543,,2566.6686568260193,111.75814604759216
8217,0.0027081139851361513,,2566.97571516037,111.76900720596313
8218,0.002418557647615671,,2567.2844743728638,111.77986764907837
8219,0.0024526978377252817,,2567.5927472114563,111.79070544242859
8220,0.002412572968751192,,2567.9005818367004,111.80156111717224
8221,0.002386266365647316,,2568.2084822654724,111.81242251396179
8222,0.0023491252213716507,,2568.518198490143,111.82327222824097
8223,0.0024903647135943174,,2568.826389312744,111.83412861824036
8224,0.0027041707653552294,,2569.1357395648956,111.84497404098511
8225,0.002482573501765728,,2569.4449162483215,111.85581183433533
8226,0.002525098854675889,,2569.7534630298615,111.86665987968445
8227,0.0025536781176924706,,2570.0632243156433,111.87751293182373
8228,0.002728995168581605,,2570.3706007003784,111.88836407661438
8229,0.0025627342984080315,,2570.679621696472,111.89920616149902
8230,0.002481133909896016,,2570.9869887828827,111.9100694656372
8231,0.002536043059080839,,2571.2947380542755,111.92091608047485
8232,0.0024827690795063972,,2571.6027941703796,111.93177270889282
8233,0.0025621172972023487,,2571.909913301468,111.94262862205505
8234,0.0025417241267859936,,2572.2199749946594,111.95347571372986
8235,0.0024996011052280664,,2572.5264942646027,111.96433687210083
8236,0.002548918826505542,,2572.835226535797,111.97519731521606
8237,0.0023452730383723974,,2573.143189430237,111.98604965209961
8238,0.0023510344326496124,,2573.453426837921,111.99689292907715
8239,0.0024140975438058376,,2573.762356519699,112.00776314735413
8240,0.002346306573599577,,2574.071526288986,112.01862454414368
8241,0.0023574777878820896,,2574.380753517151,112.02948236465454
8242,0.0025580308865755796,,2574.6901047229767,112.04033541679382
8243,0.0026584314182400703,,2575.0000808238983,112.05118179321289
8244,0.0023282202892005444,,2575.3078906536102,112.06203651428223
8245,0.0023353234864771366,,2575.616100549698,112.0728862285614
8246,0.0023174805101007223,,2575.927221059799,112.08375000953674
8247,0.002287826268002391,,2576.2354748249054,112.09461760520935
8248,0.0023902549874037504,,2576.5451340675354,112.10548377037048
8249,0.0028758300468325615,,2576.855443239212,112.11632800102234
8250,0.002657362725585699,,2577.33420586586,112.12717604637146
8251,0.0030002526473253965,,2577.6426401138306,112.13803362846375
8252,0.0030065150931477547,,2577.951409101486,112.1488778591156
8253,0.002843429334461689,,2578.2607638835907,112.15971755981445
8254,0.0028340970166027546,,2578.5678594112396,112.17057514190674
8255,0.0028380402363836765,,2578.876537799835,112.18141412734985
8256,0.002988876309245825,,2579.1846640110016,112.19226145744324
8257,0.00302486983127892,,2579.493383169174,112.20311212539673
8258,0.002494401764124632,,2579.8030331134796,112.2139732837677
8259,0.0029406549874693155,,2580.1099700927734,112.2248203754425
8260,0.0031810966320335865,,2580.419132709503,112.23567366600037
8261,0.0033966880291700363,,2580.728242635727,112.2465341091156
8262,0.003499566577374935,,2581.035978078842,112.25737738609314
8263,0.0033578944858163595,,2581.345463514328,112.26823472976685
8264,0.0035382816568017006,,2581.653219938278,112.27908992767334
8265,0.0031844282057136297,,2581.9634721279144,112.28993582725525
8266,0.0033070952631533146,,2582.2737793922424,112.30077409744263
8267,0.0033130208030343056,,2582.5829224586487,112.3116340637207
8268,0.00344554940238595,,2582.89146399498,112.32248210906982
8269,0.003452352015301585,,2583.2003693580627,112.33333373069763
8270,0.0035596927627921104,,2583.5097103118896,112.34418225288391
8271,0.003433248260989785,,2583.8175814151764,112.35503077507019
8272,0.0039236960001289845,,2584.1259796619415,112.36588644981384
8273,0.0031894680578261614,,2584.436086177826,112.3767306804657
8274,0.002916902070865035,,2584.7438974380493,112.3875892162323
8275,0.0033063581213355064,,2585.0526962280273,112.39844059944153
8276,0.0031975614838302135,,2585.3605949878693,112.40929508209229
8277,0.003084030468016863,,2585.670096874237,112.42013430595398
8278,0.0031285551376640797,,2585.9789814949036,112.4309892654419
8279,0.0028150896541774273,,2586.2859811782837,112.44183921813965
8280,0.002452611457556486,,2586.5951635837555,112.45268821716309
8281,0.002499421825632453,,2586.9031608104706,112.4635374546051
8282,0.002571679884567857,,2587.211918115616,112.47437906265259
8283,0.0026409956626594067,,2587.51931476593,112.48522329330444
8284,0.0029875037726014853,,2587.826289176941,112.49606966972351
8285,0.003167205723002553,,2588.135090827942,112.50691437721252
8286,0.0031406069174408913,,2588.4436469078064,112.51776218414307
8287,0.003189623588696122,,2588.7527384757996,112.5286078453064
8288,0.003227814333513379,,2589.0604932308197,112.53944420814514
8289,0.003029242856428027,,2589.3706197738647,112.55028796195984
8290,0.002956877462565899,,2589.6792397499084,112.56113862991333
8291,0.003109111450612545,,2589.9876911640167,112.5719735622406
8292,0.0028850282542407513,,2590.2968821525574,112.58281445503235
8293,0.0029619138222187757,,2590.6069107055664,112.59366083145142
8294,0.0029578572139143944,,2590.914978981018,112.60450148582458
8295,0.002809253754094243,,2591.2242510318756,112.61535286903381
8296,0.002743832301348448,,2591.532772541046,112.6262149810791
8297,0.0025374433025717735,,2591.840116262436,112.63705945014954
8298,0.0026120117399841547,,2592.1480967998505,112.64791297912598
8299,0.002597666112706065,,2592.456611633301,112.65876007080078
8300,0.0025473609566688538,,2592.935362815857,112.66961169242859
8301,0.0026631001383066177,,2593.2446405887604,112.68047189712524
8302,0.002598994877189398,,2593.5551755428314,112.69131398200989
8303,0.002644801512360573,,2593.8633358478546,112.70214986801147
8304,0.002571197459474206,,2594.1722741127014,112.71300506591797
8305,0.0024981654714792967,,2594.482172727585,112.72384762763977
8306,0.0025371313095092773,,2594.789446592331,112.73469138145447
8307,0.0025445830542594194,,2595.0988421440125,112.74553537368774
8308,0.0024828254245221615,,2595.408692598343,112.75638914108276
8309,0.0027115524280816317,,2595.7181878089905,112.76724219322205
8310,0.0030267229303717613,,2596.02757191658,112.7780933380127
8311,0.0030172979459166527,,2596.3354942798615,112.7889289855957
8312,0.0029993965290486813,,2596.6436982154846,112.79978346824646
8313,0.0031089552212506533,,2596.952782869339,112.81063890457153
8314,0.003054314525797963,,2597.2597184181213,112.82147765159607
8315,0.0028944869991391897,,2597.5687925815582,112.83232998847961
8316,0.002931055147200823,,2597.876680612564,112.84318017959595
8317,0.002620948012918234,,2598.185602903366,112.85403180122375
8318,0.0024198947940021753,,2598.4921560287476,112.86488151550293
8319,0.002438048832118511,,2598.800555706024,112.87572693824768
8320,0.0024242177605628967,,2599.107873439789,112.88657689094543
8321,0.0025431958492845297,,2599.4155700206757,112.89743423461914
8322,0.002658054931089282,,2599.7220273017883,112.90826797485352
8323,0.0029546571895480156,,2600.030579328537,112.9191107749939
8324,0.003296690294519067,,2600.338325023651,112.92997479438782
8325,0.00326623790897429,,2600.645909547806,112.94082808494568
8326,0.003406211268156767,,2600.954597711563,112.95166969299316
8327,0.0036395781207829714,,2601.2634530067444,112.96251964569092
8328,0.0030649416148662567,,2601.571349143982,112.9733681678772
8329,0.002564528491348028,,2601.88267493248,112.984215259552
8330,0.002521304879337549,,2602.1926968097687,112.99507594108582
8331,0.002542567905038595,,2602.499992132187,113.00592637062073
8332,0.0022980470675975084,,2602.8086307048798,113.01676416397095
8333,0.002238742308691144,,2603.1163527965546,113.02761960029602
8334,0.0022683795541524887,,2603.4249229431152,113.03846311569214
8335,0.0022543207742273808,,2603.7330853939056,113.0493106842041
8336,0.002262239111587405,,2604.0414390563965,113.06016540527344
8337,0.002338578924536705,,2604.3509454727173,113.07100629806519
8338,0.002289172261953354,,2604.659462928772,113.08185625076294
8339,0.002331408206373453,,2604.966764688492,113.092702627182
8340,0.002411030698567629,,2605.275699853897,113.10356831550598
8341,0.00229298765771091,,2605.5841178894043,113.11441898345947
8342,0.002238895744085312,,2605.895234823227,113.12527108192444
8343,0.0023171433713287115,,2606.2027299404144,113.13611626625061
8344,0.002363850362598896,,2606.5106086730957,113.14696455001831
8345,0.002309405244886875,,2606.8195033073425,113.15781283378601
8346,0.0022590921726077795,,2607.1274852752686,113.16866159439087
8347,0.0023158772382885218,,2607.4337112903595,113.1795105934143
8348,0.0023157780524343252,,2607.7439970970154,113.19036650657654
8349,0.002387438202276826,,2608.0523447990417,113.20124745368958
8350,0.002592959674075246,,2608.5314083099365,113.21208667755127
8351,0.0027257802430540323,,2608.840005159378,113.22295570373535
8352,0.0024446952156722546,,2609.1489808559418,113.23380756378174
8353,0.0023466073907911777,,2609.4588253498077,113.24465584754944
8354,0.002446574391797185,,2609.76628947258,113.25550627708435
8355,0.002732951194047928,,2610.0762956142426,113.26635098457336
8356,0.0025071173440665007,,2610.3864421844482,113.27720546722412
8357,0.002592851873487234,,2610.694654226303,113.28806233406067
8358,0.0027430877089500427,,2611.0035281181335,113.29891777038574
8359,0.002706382190808654,,2611.3131041526794,113.30976176261902
8360,0.002805989235639572,,2611.6207990646362,113.32060623168945
8361,0.002656969940289855,,2611.928500890732,113.33145928382874
8362,0.002554466715082526,,2612.235049009323,113.3423216342926
8363,0.002871784381568432,,2612.5431628227234,113.35316824913025
8364,0.002449490362778306,,2612.851599216461,113.36401009559631
8365,0.0023171433713287115,,2613.1587612628937,113.37485432624817
8366,0.00251961313188076,,2613.4646203517914,113.38571000099182
8367,0.002927488414570689,,2613.7735283374786,113.39656805992126
8368,0.00285525806248188,,2614.083339214325,113.40741562843323
8369,0.0024664821103215218,,2614.3912370204926,113.41826367378235
8370,0.002699700416997075,,2614.698650598526,113.42912530899048
8371,0.0024345885030925274,,2615.0084867477417,113.43998575210571
8372,0.0024151906836777925,,2615.3171281814575,113.45083522796631
8373,0.0023296421859413385,,2615.625191450119,113.4616870880127
8374,0.0023690557572990656,,2615.9334495067596,113.47253322601318
8375,0.002340413397178054,,2616.242398738861,113.48338198661804
8376,0.0022977490443736315,,2616.551298379898,113.49423551559448
8377,0.0024186575319617987,,2616.8603961467743,113.5050859451294
8378,0.0024137706495821476,,2617.1708984375,113.51593971252441
8379,0.0027111414819955826,,2617.4791219234467,113.52678728103638
8380,0.0028923815116286278,,2617.78826212883,113.53762888908386
8381,0.002731041284278035,,2618.0948979854584,113.5484790802002
8382,0.0026114112697541714,,2618.4019525051117,113.55932927131653
8383,0.0023185587488114834,,2618.7087733745575,113.57018876075745
8384,0.002370296511799097,,2619.018285751343,113.58104228973389
8385,0.0023356806486845016,,2619.3258304595947,113.59188342094421
8386,0.002293845172971487,,2619.634167432785,113.60273146629333
8387,0.0023375179152935743,,2619.943021774292,113.61357831954956
8388,0.002353637246415019,,2620.2514078617096,113.62444043159485
8389,0.0023448336869478226,,2620.5596504211426,113.63530540466309
8390,0.0023445405531674623,,2620.868418455124,113.64613437652588
8391,0.0025175982154905796,,2621.1770989894867,113.65699481964111
8392,0.002563999965786934,,2621.4851117134094,113.66784691810608
8393,0.0027542603202164173,,2621.792736053467,113.6786961555481
8394,0.0025312926154583693,,2622.1015105247498,113.68954682350159
8395,0.002575894817709923,,2622.4092874526978,113.70038366317749
8396,0.0026521545369178057,,2622.718419075012,113.71124029159546
8397,0.0027540952432900667,,2623.0271825790405,113.722088098526
8398,0.002767403144389391,,2623.3362894058228,113.73293542861938
8399,0.003012204309925437,,2623.645416021347,113.74378895759583
8400,0.0030193673446774483,,2624.126118183136,113.75463271141052
8401,0.002978384494781494,,2624.4332234859467,113.76550221443176
8402,0.002944496925920248,,2624.7418398857117,113.77637839317322
8403,0.0024594932328909636,,2625.051789045334,113.78722381591797
8404,0.0025532892905175686,,2625.3618071079254,113.79806995391846
8405,0.0023594240192323923,,2625.670229911804,113.8089165687561
8406,0.002349862363189459,,2625.9783976078033,113.81976079940796
8407,0.002279983600601554,,2626.2905666828156,113.83061361312866
8408,0.00241842120885849,,2626.5996537208557,113.84147500991821
8409,0.002286285627633333,,2626.9082868099213,113.8523280620575
8410,0.0023455943446606398,,2627.217301130295,113.86318039894104
8411,0.002630943898111582,,2627.5261738300323,113.87402749061584
8412,0.002411694498732686,,2627.834492921829,113.88487339019775
8413,0.002356907119974494,,2628.144079685211,113.89572191238403
8414,0.002467567566782236,,2628.4530329704285,113.906569480896
8415,0.0023601753637194633,,2628.764272212982,113.91740369796753
8416,0.0029121260158717632,,2629.075270175934,113.92825078964233
8417,0.0028039400931447744,,2629.383047580719,113.93910431861877
8418,0.002831288380548358,,2629.691976547241,113.94995927810669
8419,0.002931232564151287,,2630.006246805191,113.96081066131592
8420,0.0027339213993400335,,2630.314793586731,113.97164821624756
8421,0.0022992410231381655,,2630.622072696686,113.98250341415405
8422,0.002286294475197792,,2630.9308326244354,113.9933512210846
8423,0.0022658167872577906,,2631.2396404743195,114.00420641899109
8424,0.0023034741170704365,,2631.5503091812134,114.01506114006042
8425,0.0024126062635332346,,2631.8585093021393,114.02591562271118
8426,0.0027105959597975016,,2632.16525888443,114.03677821159363
8427,0.0026696284767240286,,2632.4741423130035,114.04763054847717
8428,0.0024868387263268232,,2632.7830832004547,114.05848288536072
8429,0.002862738911062479,,2633.0910420417786,114.06933331489563
8430,0.0025367632042616606,,2633.401495218277,114.0801784992218
8431,0.0024232121650129557,,2633.7130813598633,114.09103178977966
8432,0.0024009498301893473,,2634.023676633835,114.10189127922058
8433,0.0023877283092588186,,2634.335472345352,114.1127347946167
8434,0.0024147951044142246,,2634.6450006961823,114.12357974052429
8435,0.002451178152114153,,2634.953947544098,114.13442730903625
8436,0.0023877283092588186,,2635.261996269226,114.14527654647827
8437,0.0023877283092588186,,2635.5703659057617,114.15612554550171
8438,0.002386360662057996,,2635.8799793720245,114.16699171066284
8439,0.002534233732149005,,2636.1893610954285,114.1778211593628
8440,0.002510989084839821,,2636.498733997345,114.18869519233704
8441,0.0027695908211171627,,2636.8075597286224,114.19955229759216
8442,0.00282339402474463,,2637.11554980278,114.21039128303528
8443,0.0025357366539537907,,2637.4246034622192,114.22123146057129
8444,0.0025964274536818266,,2637.732853412628,114.232088804245
8445,0.0024499890860170126,,2638.040506362915,114.24297666549683
8446,0.002374043222516775,,2638.3488397598267,114.25383877754211
8447,0.002361395861953497,,2638.657573699951,114.2646849155426
8448,0.0023469622246921062,,2638.966516971588,114.2755479812622
8449,0.0022934041917324066,,2639.2751047611237,114.28640460968018
8450,0.00229214527644217,,2639.753208875656,114.29726123809814
8451,0.0023127635940909386,,2640.063652276993,114.30810832977295
8452,0.002424556063488126,,2640.3746366500854,114.31896805763245
8453,0.0023238363210111856,,2640.6835005283356,114.32981252670288
8454,0.002348128007724881,,2640.991048812866,114.34065651893616
8455,0.0023218912538141012,,2641.301142692566,114.35150861740112
8456,0.0023452581372112036,,2641.609652519226,114.36236023902893
8457,0.0023266903590410948,,2641.917951107025,114.373215675354
8458,0.0022829482331871986,,2642.2268390655518,114.3840913772583
8459,0.0022872828412801027,,2642.53541970253,114.39494180679321
8460,0.0023094622883945704,,2642.844583272934,114.40579581260681
8461,0.0022737153340131044,,2643.1524629592896,114.41665935516357
8462,0.0022509279660880566,,2643.461457967758,114.42750453948975
8463,0.002313697710633278,,2643.770411968231,114.43835639953613
8464,0.0022933315485715866,,2644.079388141632,114.4493134021759
8465,0.002337343990802765,,2644.3884189128876,114.46016764640808
8466,0.002369833644479513,,2644.6970489025116,114.471018075943
8467,0.0022819715086370707,,2645.007393360138,114.48189043998718
8468,0.0023183447774499655,,2645.315165281296,114.49273252487183
8469,0.0022819715086370707,,2645.625422477722,114.50357270240784
8470,0.0023392706643790007,,2645.9331488609314,114.51440596580505
8471,0.0022829482331871986,,2646.2412734031677,114.52525401115417
8472,0.002319531049579382,,2646.5486464500427,114.53611445426941
8473,0.002318842802196741,,2646.8564398288727,114.5469617843628
8474,0.002338979160413146,,2647.164412021637,114.55781984329224
8475,0.0023445405531674623,,2647.47287607193,114.56866502761841
8476,0.0023310459218919277,,2647.781293153763,114.57952523231506
8477,0.0023008279968053102,,2648.089913368225,114.59037208557129
8478,0.002473885891959071,,2648.397642850876,114.60123252868652
8479,0.002348128007724881,,2648.7073600292206,114.61208033561707
8480,0.002342591527849436,,2649.0164444446564,114.62292432785034
8481,0.002411837223917246,,2649.3248410224915,114.63377666473389
8482,0.0023573036305606365,,2649.6324350833893,114.64463591575623
8483,0.0023371754214167595,,2649.9420137405396,114.65548181533813
8484,0.0023445405531674623,,2650.250423669815,114.66632533073425
8485,0.0023759298492223024,,2650.5569763183594,114.67718076705933
8486,0.0023187543265521526,,2650.868047475815,114.68803572654724
8487,0.00251634675078094,,2651.177449941635,114.69887828826904
8488,0.0028558322228491306,,2651.485714197159,114.70973253250122
8489,0.0025488168466836214,,2651.7945442199707,114.72057890892029
8490,0.002416117349639535,,2652.1025013923645,114.73142719268799
8491,0.002450669417157769,,2652.4118852615356,114.7422788143158
8492,0.0027582531329244375,,2652.7199618816376,114.75312995910645
8493,0.0023200330324470997,,2653.030161857605,114.76398730278015
8494,0.0024002271238714457,,2653.338982820511,114.7748429775238
8495,0.002546178176999092,,2653.6485183238983,114.78570055961609
8496,0.0023791713174432516,,2653.9573197364807,114.79655432701111
8497,0.002429167041555047,,2654.267151117325,114.80739450454712
8498,0.0025212736800312996,,2654.577512741089,114.81825113296509
8499,0.002712744753807783,,2654.8878698349,114.82910227775574
8500,0.0024447476025670767,0.0013745654141530395,2655.3649303913116,116.16698932647705
8501,0.0024624669458717108,,2655.6736731529236,116.1778404712677
8502,0.0025939163751900196,,2655.9827501773834,116.18867635726929
8503,0.00248652882874012,,2656.292186498642,116.19953298568726
8504,0.0024690115824341774,,2656.6001646518707,116.21038818359375
8505,0.0025126386899501085,,2656.910113811493,116.22122025489807
8506,0.002444243524223566,,2657.219223499298,116.23206043243408
8507,0.0026461840607225895,,2657.529853820801,116.24291324615479
8508,0.0027483883313834667,,2657.8377265930176,116.25376987457275
8509,0.0029958277009427547,,2658.1502480506897,116.26462602615356
8510,0.003012035507708788,,2658.457724571228,116.27549004554749
8511,0.0026586272288113832,,2658.7665405273438,116.2863461971283
8512,0.002599067520350218,,2659.075299024582,116.29719877243042
8513,0.0030022908467799425,,2659.3835055828094,116.30804300308228
8514,0.0030204392969608307,,2659.6907896995544,116.31889057159424
8515,0.00335590704344213,,2659.9984967708588,116.32974243164062
8516,0.0030911960639059544,,2660.307854413986,116.34060144424438
8517,0.0030979143921285868,,2660.616832971573,116.3514621257782
8518,0.003166105132550001,,2660.9231066703796,116.36231303215027
8519,0.0032035321928560734,,2661.231870651245,116.37315225601196
8520,0.003166105132550001,,2661.543470144272,116.38400173187256
8521,0.00344489561393857,,2661.854147195816,116.39484858512878
8522,0.0034238204825669527,,2662.1620490550995,116.40569305419922
8523,0.004045969340950251,,2662.468772172928,116.41653800010681
8524,0.0038622014690190554,,2662.7758436203003,116.42739677429199
8525,0.0035093824844807386,,2663.0871019363403,116.43824434280396
8526,0.0036207344383001328,,2663.393969297409,116.44910073280334
8527,0.003489420283585787,,2663.7021696567535,116.45997738838196
8528,0.002927488414570689,,2664.01079082489,116.4708149433136
8529,0.003230873728170991,,2664.318795442581,116.48183679580688
8530,0.003166105132550001,,2664.625795841217,116.49269199371338
8531,0.0029890271835029125,,2664.9351978302,116.50354671478271
8532,0.0030419970862567425,,2665.24245429039,116.51440358161926
8533,0.0029810164123773575,,2665.551439523697,116.5252616405487
8534,0.002838867949321866,,2665.8586931228638,116.53610944747925
8535,0.0029929804150015116,,2666.167253255844,116.54695343971252
8536,0.0032408572733402252,,2666.475829601288,116.557785987854
8537,0.0032358665484935045,,2666.7880318164825,116.56863808631897
8538,0.002827255055308342,,2667.0952713489532,116.57948517799377
8539,0.0025660463143140078,,2667.4025444984436,116.59032392501831
8540,0.0024334595073014498,,2667.7120513916016,116.60117149353027
8541,0.002485277596861124,,2668.020969390869,116.61202073097229
8542,0.002820592140778899,,2668.3292310237885,116.62286758422852
8543,0.0023572943173348904,,2668.6396293640137,116.63371777534485
8544,0.0023707598447799683,,2668.946698665619,116.6445746421814
8545,0.002344206441193819,,2669.2563211917877,116.65543413162231
8546,0.0023420860525220633,,2669.5650362968445,116.66629338264465
8547,0.0023406068794429302,,2669.8729841709137,116.67715167999268
8548,0.0023252791725099087,,2670.181545495987,116.68799757957458
8549,0.002373019466176629,,2670.4909105300903,116.69885730743408
8550,0.00244512059725821,,2670.9710240364075,116.70969939231873
8551,0.0023494961205869913,,2671.278888463974,116.72054767608643
8552,0.002354878932237625,,2671.5888731479645,116.73139667510986
8553,0.002382881473749876,,2671.896810531616,116.74225091934204
8554,0.0024789965245872736,,2672.2026801109314,116.75309157371521
8555,0.0026274523697793484,,2672.511059522629,116.7639684677124
8556,0.002787173492833972,,2672.8215143680573,116.77485466003418
8557,0.002906430047005415,,2673.131224632263,116.78572940826416
8558,0.0032027936540544033,,2673.4394929409027,116.7965726852417
8559,0.0035608368925750256,,2673.7485406398773,116.80740666389465
8560,0.0033987078350037336,,2674.0600776672363,116.81824707984924
8561,0.003520464990288019,,2674.3673787117004,116.82909989356995
8562,0.003452352015301585,,2674.6769239902496,116.83995246887207
8563,0.003840266028419137,,2674.984251499176,116.85080695152283
8564,0.004168917424976826,,2675.293623447418,116.86166715621948
8565,0.0037731523625552654,,2675.6010723114014,116.87251234054565
8566,0.003406619420275092,,2675.909324645996,116.88336372375488
8567,0.003235234646126628,,2676.217294692993,116.89421153068542
8568,0.0035973135381937027,,2676.5255749225616,116.90507483482361
8569,0.0029945417772978544,,2676.8349134922028,116.91592073440552
8570,0.002969390479847789,,2677.143297433853,116.92677783966064
8571,0.0030193584971129894,,2677.451573371887,116.93761372566223
8572,0.0029976789373904467,,2677.762528181076,116.94847106933594
8573,0.002940830308943987,,2678.070238828659,116.95931839942932
8574,0.002940830308943987,,2678.379067182541,116.97017073631287
8575,0.0033264600206166506,,2678.6879200935364,116.98100686073303
8576,0.0032318111043423414,,2678.996639728546,116.99185562133789
8577,0.002998955547809601,,2679.304452896118,117.00271368026733
8578,0.002881996100768447,,2679.6117222309113,117.01356291770935
8579,0.0028973682783544064,,2679.919699907303,117.02441573143005
8580,0.0028806645423173904,,2680.232493162155,117.03527617454529
8581,0.002662105718627572,,2680.5439217090607,117.04613637924194
8582,0.002743873978033662,,2680.851801633835,117.05697870254517
8583,0.002703853650018573,,2681.1606900691986,117.06783556938171
8584,0.0026543273124843836,,2681.471193790436,117.07870197296143
8585,0.002624338259920478,,2681.77956366539,117.08953976631165
8586,0.0027920904103666544,,2682.087632417679,117.10039710998535
8587,0.002806128701195121,,2682.3981742858887,117.11123418807983
8588,0.002569912001490593,,2682.7082567214966,117.12208557128906
8589,0.0027745694387704134,,2683.0159261226654,117.13293647766113
8590,0.002675869967788458,,2683.3232913017273,117.14379906654358
8591,0.00324836652725935,,2683.631250143051,117.15465211868286
8592,0.0030839277897030115,,2683.939776659012,117.16551804542542
8593,0.0032016944605857134,,2684.250514984131,117.17637705802917
8594,0.003390042344108224,,2684.559024810791,117.18724060058594
8595,0.0033062759321182966,,2684.866180419922,117.19809651374817
8596,0.0031373982783406973,,2685.1748716831207,117.20896649360657
8597,0.0027920904103666544,,2685.483240842819,117.21981191635132
8598,0.002531911013647914,,2685.791077852249,117.23065280914307
8599,0.0029202867299318314,,2686.1001541614532,117.24150323867798
8600,0.003040383569896221,,2686.5796797275543,117.2523410320282
8601,0.0031930424738675356,,2686.8881826400757,117.2631950378418
8602,0.0033763658720999956,,2687.1962406635284,117.2740387916565
8603,0.003260709112510085,,2687.5066781044006,117.2848892211914
8604,0.0032718891743570566,,2687.815406560898,117.29573726654053
8605,0.0031297970563173294,,2688.125471830368,117.3065938949585
8606,0.003308690618723631,,2688.434787273407,117.31745791435242
8607,0.003046090481802821,,2688.744532585144,117.32831740379333
8608,0.0030703700613230467,,2689.051231622696,117.3391683101654
8609,0.0035005025565624237,,2689.36110663414,117.35002160072327
8610,0.0035227646585553885,,2689.668236017227,117.36086964607239
8611,0.003311688778921962,,2689.976310968399,117.37172794342041
8612,0.003117743879556656,,2690.2853393554688,117.38256525993347
8613,0.003154076635837555,,2690.5940322875977,117.39341592788696
8614,0.0031930424738675356,,2690.9032299518585,117.40425825119019
8615,0.0029146496672183275,,2691.2132744789124,117.41510939598083
8616,0.0022908258251845837,,2691.5220589637756,117.42596411705017
8617,0.0023222866002470255,,2691.82918715477,117.43682098388672
8618,0.002417268930003047,,2692.13720536232,117.44767189025879
8619,0.002374812262132764,,2692.4474306106567,117.45851683616638
8620,0.0023887271527200937,,2692.756217479706,117.46937537193298
8621,0.002269092947244644,,2693.064667701721,117.48022556304932
8622,0.002257715677842498,,2693.374226331711,117.49108171463013
8623,0.0023225650656968355,,2693.683986902237,117.50192594528198
8624,0.002355222823098302,,2693.99361371994,117.51277279853821
8625,0.002339123049750924,,2694.3019132614136,117.52362322807312
8626,0.0022456939332187176,,2694.6119482517242,117.53447079658508
8627,0.0022861857432872057,,2694.9214425086975,117.54532527923584
8628,0.002244786126539111,,2695.229779481888,117.55617189407349
8629,0.0023222866002470255,,2695.540001153946,117.56702280044556
8630,0.00229539698921144,,2695.8486790657043,117.57786989212036
8631,0.0022764981258660555,,2696.1573979854584,117.58872747421265
8632,0.0022712654899805784,,2696.4662930965424,117.59958720207214
8633,0.0022550064604729414,,2696.7741837501526,117.61042594909668
8634,0.0022983162198215723,,2697.083738565445,117.62127470970154
8635,0.002284466754645109,,2697.391333580017,117.63213109970093
8636,0.0022784664761275053,,2697.700896501541,117.64298439025879
8637,0.002283396665006876,,2698.008283138275,117.65384268760681
8638,0.002265915973111987,,2698.318969488144,117.66486597061157
8639,0.002259346190840006,,2698.628903865814,117.67572712898254
8640,0.002254301682114601,,2698.938304424286,117.68660306930542
8641,0.0022577247582376003,,2699.245572090149,117.6974732875824
8642,0.0022503838408738375,,2699.553293466568,117.7083203792572
8643,0.002271749312058091,,2699.862080335617,117.71917462348938
8644,0.002275968436151743,,2700.1700654029846,117.73003053665161
8645,0.002267607022076845,,2700.477723121643,117.74087023735046
8646,0.0022641136310994625,,2700.785364627838,117.75171375274658
8647,0.0022883338388055563,,2701.093776702881,117.76256442070007
8648,0.002281374763697386,,2701.404393196106,117.77341437339783
8649,0.002355628414079547,,2701.713713169098,117.78426098823547
8650,0.002305545611307025,,2702.1912381649017,117.79509282112122
8651,0.0024423813447356224,,2702.501536130905,117.80594229698181
8652,0.002568055409938097,,2702.8095915317535,117.81678676605225
8653,0.0026001613587141037,,2703.1184084415436,117.82764101028442
8654,0.002353694988414645,,2703.4260020256042,117.83849000930786
8655,0.00225407094694674,,2703.7343780994415,117.84935021400452
8656,0.0022955001331865788,,2704.0427074432373,117.86022186279297
8657,0.002355890814214945,,2704.351984500885,117.8710789680481
8658,0.002318800427019596,,2704.6601634025574,117.88193368911743
8659,0.002321318257600069,,2704.9689967632294,117.89279365539551
8660,0.00226041441783309,,2705.2772347927094,117.90365099906921
8661,0.0022513647563755512,,2705.5846490859985,117.91451525688171
8662,0.0022250397596508265,,2705.8938896656036,117.9253671169281
8663,0.0022686831653118134,,2706.201977968216,117.93622636795044
8664,0.0023648592177778482,,2706.50919508934,117.94709587097168
8665,0.0022227412555366755,,2706.8176276683807,117.95795774459839
8666,0.002265998162329197,,2707.1254844665527,117.96880221366882
8667,0.002254990627989173,,2707.434058904648,117.97965145111084
8668,0.002246619202196598,,2707.741958618164,117.9905014038086
8669,0.002238186541944742,,2708.049984931946,118.0013473033905
8670,0.0021915538236498833,,2708.3585293293,118.0122001171112
8671,0.002242805203422904,,2708.6688838005066,118.02305722236633
8672,0.0022398647852241993,,2708.9766869544983,118.03390693664551
8673,0.0022549859713763,,2709.2862260341644,118.0447723865509
8674,0.0022946528624743223,,2709.595602989197,118.05562162399292
8675,0.0023135666269809008,,2709.9041385650635,118.06649088859558
8676,0.002314597135409713,,2710.2119250297546,118.07733702659607
8677,0.002262049587443471,,2710.5198669433594,118.08818459510803
8678,0.0022802790626883507,,2710.828455209732,118.09903383255005
8679,0.0022870043758302927,,2711.138300895691,118.10988211631775
8680,0.00229668035171926,,2711.4465868473053,118.12073040008545
8681,0.002278083236888051,,2711.7549760341644,118.1315746307373
8682,0.002222909824922681,,2712.063414335251,118.14241743087769
8683,0.0021975787822157145,,2712.371080160141,118.15327072143555
8684,0.0021999096497893333,,2712.6791849136353,118.16410899162292
8685,0.0022509191185235977,,2712.9868037700653,118.17496395111084
8686,0.0022996554616838694,,2713.294671058655,118.1858069896698
8687,0.0022620155941694975,,2713.604438304901,118.1966552734375
8688,0.002246556803584099,,2713.9126024246216,118.20749068260193
8689,0.0022864961065351963,,2714.2217721939087,118.21833920478821
8690,0.002264892915263772,,2714.5302233695984,118.22918844223022
8691,0.0023149531334638596,,2714.8377735614777,118.24003410339355
8692,0.002264612354338169,,2715.144855737686,118.25087475776672
8693,0.0022237924858927727,,2715.4520637989044,118.26171803474426
8694,0.002237854991108179,,2715.7612133026123,118.27256035804749
8695,0.002195036504417658,,2716.072945833206,118.28341603279114
8696,0.0022208343725651503,,2716.3790814876556,118.29428219795227
8697,0.0022841317113488913,,2716.686959505081,118.30513262748718
8698,0.002219304209575057,,2716.993727207184,118.31599354743958
8699,0.0022454201243817806,,2717.302356004715,118.32684636116028
8700,0.0023201261647045612,,2717.779712200165,118.33768653869629
8701,0.0023174327798187733,,2718.0877692699432,118.34854507446289
8702,0.0022431034594774246,,2718.3960886001587,118.35938715934753
8703,0.0022504753433167934,,2718.7068479061127,118.37023830413818
8704,0.002261384390294552,,2719.015527486801,118.38108682632446
8705,0.0022933492437005043,,2719.3231194019318,118.39193606376648
8706,0.002215484157204628,,2719.6320898532867,118.40278220176697
8707,0.0022674344945698977,,2719.9404525756836,118.4136323928833
8708,0.0022751986980438232,,2720.2466871738434,118.42448806762695
8709,0.002295888727530837,,2720.5553147792816,118.43534469604492
8710,0.002250764751806855,,2720.866828918457,118.44618940353394
8711,0.002274202648550272,,2721.175853729248,118.45703864097595
8712,0.0022809619549661875,,2721.4824769496918,118.46788716316223
8713,0.0022688135504722595,,2721.78995347023,118.47875046730042
8714,0.0023529978934675455,,2722.1012942790985,118.48959159851074
8715,0.0025303782895207405,,2722.408010005951,118.50042510032654
8716,0.0027555213309824467,,2722.7165179252625,118.51130151748657
8717,0.00269120535813272,,2723.0255632400513,118.52215075492859
8718,0.0028639992233365774,,2723.3338034152985,118.5329966545105
8719,0.0033194622956216335,,2723.642331123352,118.54384994506836
8720,0.0033102117013186216,,2723.9504601955414,118.55469489097595
8721,0.0030172434635460377,,2724.2572932243347,118.56554198265076
8722,0.0029708349611610174,,2724.5654809474945,118.57640099525452
8723,0.003147983690723777,,2724.8747668266296,118.58723998069763
8724,0.0025905887596309185,,2725.183080434799,118.5980920791626
8725,0.0025294821243733168,,2725.492063999176,118.60894107818604
8726,0.0025121148210018873,,2725.8020157814026,118.61979126930237
8727,0.002466238336637616,,2726.110766172409,118.63063454627991
8728,0.0024262878578156233,,2726.4187219142914,118.64149117469788
8729,0.0024186354130506516,,2726.728764772415,118.65233278274536
8730,0.002434513997286558,,2727.037499189377,118.66317415237427
8731,0.0024924178142100573,,2727.3445501327515,118.67402219772339
8732,0.0025713592767715454,,2727.653519153595,118.6848771572113
8733,0.002599200699478388,,2727.960234642029,118.69574189186096
8734,0.0025847051292657852,,2728.26899600029,118.70659160614014
8735,0.002467434387654066,,2728.576269865036,118.7174437046051
8736,0.002533965976908803,,2728.885459423065,118.72828888893127
8737,0.002392732771113515,,2729.1953382492065,118.73914074897766
8738,0.0024046008475124836,,2729.505396127701,118.749990940094
8739,0.0024745429400354624,,2729.8143784999847,118.76083326339722
8740,0.002638345817103982,,2730.121281862259,118.77167439460754
8741,0.0026392494328320026,,2730.429680109024,118.78252100944519
8742,0.0028543341904878616,,2730.738002061844,118.79337787628174
8743,0.0024245181120932102,,2731.0477273464203,118.8042380809784
8744,0.002426491118967533,,2731.355576276779,118.81508660316467
8745,0.002789603779092431,,2731.664924621582,118.82593059539795
8746,0.002659342484548688,,2731.9731724262238,118.83677768707275
8747,0.0026226553600281477,,2732.28226852417,118.84763145446777
8748,0.0027781000826507807,,2732.592300891876,118.85847854614258
8749,0.0026908330619335175,,2732.901265859604,118.86931991577148
8750,0.0028543341904878616,,2733.3803243637085,118.88017058372498
8751,0.002888142829760909,,2733.689204454422,118.89102983474731
8752,0.002882798667997122,,2733.998626470566,118.90188479423523
8753,0.002875237725675106,,2734.3074622154236,118.91272187232971
8754,0.0030370145104825497,,2734.615217447281,118.92356324195862
8755,0.0026931625325232744,,2734.9222373962402,118.93442440032959
8756,0.0030097898561507463,,2735.230437040329,118.94527435302734
8757,0.0031798614654690027,,2735.5392174720764,118.95612502098083
8758,0.0030117023270577192,,2735.8492090702057,118.96697545051575
8759,0.0030204392969608307,,2736.1573507785797,118.97782921791077
8760,0.0031709030736237764,,2736.4647381305695,118.98868894577026
8761,0.003102234797552228,,2736.7735691070557,118.99954175949097
8762,0.0032035321928560734,,2737.084079504013,119.01038885116577
8763,0.003096794243901968,,2737.3918459415436,119.02122807502747
8764,0.0031164877582341433,,2737.7011160850525,119.03207993507385
8765,0.002931855386123061,,2738.010300397873,119.04290890693665
8766,0.0027244254015386105,,2738.3186032772064,119.05375599861145
8767,0.0025741704739630222,,2738.6271488666534,119.0646104812622
8768,0.002607006812468171,,2738.9368090629578,119.07547235488892
8769,0.0029095930512994528,,2739.2460753917694,119.08631706237793
8770,0.0030814167112112045,,2739.5558972358704,119.09717512130737
8771,0.0027331768069416285,,2739.865039587021,119.10801696777344
8772,0.002506094751879573,,2740.172015428543,119.11886882781982
8773,0.0023237920831888914,,2740.481761455536,119.12970352172852
8774,0.0024043938610702753,,2740.7902641296387,119.14058589935303
8775,0.00242665596306324,,2741.0982303619385,119.15145683288574
8776,0.0027100529987365007,,2741.406360387802,119.16230463981628
8777,0.0027429424226284027,,2741.7165961265564,119.1731493473053
8778,0.0024654241278767586,,2742.024413585663,119.183997631073
8779,0.0023797827307134867,,2742.33238697052,119.19484734535217
8780,0.0024456619285047054,,2742.640338897705,119.20570254325867
8781,0.002872329903766513,,2742.9507009983063,119.21655321121216
8782,0.0025645801797509193,,2743.260177373886,119.22739911079407
8783,0.0025585140101611614,,2743.568670988083,119.23825526237488
8784,0.002433437155559659,,2743.8787236213684,119.24911093711853
8785,0.0024644690565764904,,2744.1893150806427,119.25996971130371
8786,0.0025067157112061977,,2744.497549057007,119.27082347869873
8787,0.0025129797868430614,,2744.8064637184143,119.28167867660522
8788,0.0027996220160275698,,2745.1141855716705,119.29253959655762
8789,0.0027861320413649082,,2745.422642469406,119.30339884757996
8790,0.0027061649598181248,,2745.7300066947937,119.31424975395203
8791,0.0027711568400263786,,2746.0379552841187,119.32510495185852
8792,0.0023878940846771,,2746.34645485878,119.33596324920654
8793,0.002331564901396632,,2746.65594124794,119.34680914878845
8794,0.00243738223798573,,2746.9641876220703,119.35765862464905
8795,0.0026250386144965887,,2747.2722160816193,119.3685052394867
8796,0.0024474558886140585,,2747.5792241096497,119.37935328483582
8797,0.0023101717233657837,,2747.887218952179,119.39019656181335
8798,0.002557672094553709,,2748.1943621635437,119.40103459358215
8799,0.002381670055910945,,2748.5029792785645,119.41188383102417
8800,0.0023393086157739162,,2748.980668783188,119.42274212837219
8801,0.0023226214107125998,,2749.2884578704834,119.43362712860107
8802,0.0023438504431396723,,2749.596335172653,119.44447612762451
8803,0.0023486551363021135,,2749.9025506973267,119.45532441139221
8804,0.002323009306564927,,2750.210708618164,119.46618127822876
8805,0.0023222831077873707,,2750.519234418869,119.47704315185547
8806,0.0022926724050194025,,2750.828992128372,119.4878830909729
8807,0.0022686240263283253,,2751.136981487274,119.49874639511108
8808,0.0024068281054496765,,2751.446495294571,119.5095956325531
8809,0.002526336582377553,,2751.7565398216248,119.5204508304596
8810,0.0023762125056236982,,2752.0671858787537,119.53129434585571
8811,0.002482989337295294,,2752.3747227191925,119.54213786125183
8812,0.0025549442507326603,,2752.683485507965,119.55299592018127
8813,0.002844182075932622,,2752.9924499988556,119.5638496875763
8814,0.0030497899278998375,,2753.3001675605774,119.57469987869263
8815,0.003111344762146473,,2753.6085226535797,119.58557486534119
8816,0.003199612721800804,,2753.916344165802,119.59641861915588
8817,0.0031185245607048273,,2754.2260868549347,119.60725927352905
8818,0.0027550470549613237,,2754.53497672081,119.61811470985413
8819,0.0029801535420119762,,2754.843210697174,119.62895631790161
8820,0.002821286441758275,,2755.1526248455048,119.63982892036438
8821,0.0031528465915471315,,2755.46214056015,119.65069103240967
8822,0.0032812166027724743,,2755.770875453949,119.66153240203857
8823,0.0034701984841376543,,2756.079190969467,119.67237114906311
8824,0.0031880277674645185,,2756.3884489536285,119.68321919441223
8825,0.0031297204550355673,,2756.6988558769226,119.69405603408813
8826,0.003205319633707404,,2757.008620262146,119.70491814613342
8827,0.0034243487752974033,,2757.3163912296295,119.7157621383667
8828,0.0030560605227947235,,2757.625492334366,119.7266149520874
8829,0.003460933454334736,,2757.9339497089386,119.73748350143433
8830,0.0034723274875432253,,2758.243460893631,119.74833607673645
8831,0.0034186120610684156,,2758.5530812740326,119.7591905593872
8832,0.0031042105983942747,,2758.859934568405,119.7700469493866
8833,0.0032387084793299437,,2759.1687223911285,119.78089880943298
8834,0.003240599064156413,,2759.477107524872,119.79175543785095
8835,0.0035601919516921043,,2759.7859942913055,119.80260396003723
8836,0.0037569566629827023,,2760.0947868824005,119.81348371505737
8837,0.003777821082621813,,2760.402539253235,119.8243420124054
8838,0.0036248494870960712,,2760.710668563843,119.83526992797852
8839,0.0033920614514499903,,2761.018705844879,119.84611701965332
8840,0.0032100726384669542,,2761.3265516757965,119.85697412490845
8841,0.0029178953263908625,,2761.634357690811,119.86783528327942
8842,0.002530365949496627,,2761.9424002170563,119.87867140769958
8843,0.002572694793343544,,2762.250761985779,119.88953256607056
8844,0.0024432381615042686,,2762.5591452121735,119.90039443969727
8845,0.002403605729341507,,2762.8684258461,119.91123819351196
8846,0.0023564037401229143,,2763.1756250858307,119.92209267616272
8847,0.0023480341769754887,,2763.4843769073486,119.93293499946594
8848,0.0024191406555473804,,2763.7916316986084,119.94379544258118
8849,0.0024138116277754307,,2764.099721431732,119.95464777946472
8850,0.002395739546045661,,2764.577064037323,119.965496301651
8851,0.002975905081257224,,2764.8861134052277,119.97635674476624
8852,0.002977612428367138,,2765.195051908493,119.9872076511383
8853,0.0030922340229153633,,2765.502963781357,119.9980525970459
8854,0.002957076532766223,,2765.8119654655457,120.00890135765076
8855,0.0028377848211675882,,2766.120770931244,120.01975750923157
8856,0.0026287732180207968,,2766.428828239441,120.03061938285828
8857,0.0028372316155582666,,2766.736230611801,120.04148244857788
8858,0.0029616556130349636,,2767.046088695526,120.052316904068
8859,0.002927158959209919,,2767.353861808777,120.06316423416138
8860,0.0032637561671435833,,2767.663589954376,120.07401490211487
8861,0.003295444417744875,,2767.972229242325,120.08485794067383
8862,0.0032261041924357414,,2768.280435562134,120.09571886062622
8863,0.003308752318844199,,2768.5899846553802,120.10656332969666
8864,0.0034924608189612627,,2768.899074316025,120.11741995811462
8865,0.003151982557028532,,2769.209760427475,120.12827491760254
8866,0.003300263313576579,,2769.5186812877655,120.13911938667297
8867,0.0029959711246192455,,2769.8270766735077,120.14996886253357
8868,0.0033132145181298256,,2770.1351294517517,120.1608293056488
8869,0.0034034813288599253,,2770.4451529979706,120.17167735099792
8870,0.0037555587477982044,,2770.7537117004395,120.18253326416016
8871,0.003594418289139867,,2771.062942504883,120.19336986541748
8872,0.0034954941365867853,,2771.369296312332,120.20422101020813
8873,0.0035867365077137947,,2771.677864551544,120.21507835388184
8874,0.0035069140139967203,,2771.9854798316956,120.22593402862549
8875,0.0031709973700344563,,2772.293569087982,120.23678421974182
8876,0.00319201173260808,,2772.6027143001556,120.24763894081116
8877,0.0028063703794032335,,2772.9110713005066,120.25847697257996
8878,0.0027055065147578716,,2773.218814134598,120.26931881904602
8879,0.0024931584484875202,,2773.526418209076,120.28017926216125
8880,0.002491819905117154,,2773.8347737789154,120.29102683067322
8881,0.002401453210040927,,2774.14186167717,120.30188059806824
8882,0.0025810077786445618,,2774.4485943317413,120.312735080719
8883,0.0024856077507138252,,2774.756172657013,120.32359218597412
8884,0.0024437536485493183,,2775.065352678299,120.33445024490356
8885,0.002401011763140559,,2775.3723707199097,120.34529328346252
8886,0.00241767056286335,,2775.6818244457245,120.35615181922913
8887,0.002365546301007271,,2775.989214658737,120.36699938774109
8888,0.0024572748225182295,,2776.298312664032,120.37784957885742
8889,0.0025004041381180286,,2776.606420278549,120.38871049880981
8890,0.00247888988815248,,2776.917238712311,120.39954996109009
8891,0.002401427598670125,,2777.2241575717926,120.41039657592773
8892,0.002327441005036235,,2777.5310900211334,120.42124485969543
8893,0.002371783833950758,,2777.8395223617554,120.43210244178772
8894,0.002646278589963913,,2778.1479938030243,120.44297528266907
8895,0.002568876836448908,,2778.457272052765,120.45381999015808
8896,0.0024935586843639612,,2778.7669916152954,120.46467876434326
8897,0.0024327882565557957,,2779.075623512268,120.47553563117981
8898,0.002385794883593917,,2779.3848581314087,120.48639512062073
8899,0.002526999684050679,,2779.692451477051,120.49725127220154
8900,0.00234616850502789,,2780.172223806381,120.50811004638672
8901,0.002288536401465535,,2780.4807975292206,120.51895236968994
8902,0.0024495034012943506,,2780.789664030075,120.52980017662048
8903,0.002417604671791196,,2781.099499940872,120.54065179824829
8904,0.0023807326797395945,,2781.406813621521,120.55150604248047
8905,0.002271006116643548,,2781.7132947444916,120.56236577033997
8906,0.002269055461511016,,2782.021749019623,120.5732069015503
8907,0.002273322781547904,,2782.331873893738,120.58405470848083
8908,0.002260085428133607,,2782.6383068561554,120.59490895271301
8909,0.00228741392493248,,2782.9466383457184,120.60575866699219
8910,0.002393400529399514,,2783.2559373378754,120.61661076545715
8911,0.002384916180744767,,2783.5658831596375,120.62745785713196
8912,0.002452481770887971,,2783.872682094574,120.63831567764282
8913,0.0023096553049981594,,2784.1792571544647,120.64916014671326
8914,0.0023022438399493694,,2784.4880702495575,120.66002035140991
8915,0.0023746159859001637,,2784.7986557483673,120.67086458206177
8916,0.0022666105069220066,,2785.106824159622,120.68171763420105
8917,0.0022980303037911654,,2785.4154872894287,120.69257307052612
8918,0.0022793319076299667,,2785.723293542862,120.70340919494629
8919,0.0022328433115035295,,2786.0336694717407,120.71424436569214
8920,0.002262116875499487,,2786.341280937195,120.72508430480957
8921,0.002272973535582423,,2786.6495802402496,120.73594284057617
8922,0.0022328433115035295,,2786.958883047104,120.7467827796936
8923,0.0022335301619023085,,2787.267095565796,120.75762343406677
8924,0.0022570581641048193,,2787.576732158661,120.76846575737
8925,0.0022374943364411592,,2787.8845460414886,120.77931785583496
8926,0.002273240592330694,,2788.192748069763,120.79018139839172
8927,0.002288536401465535,,2788.5023481845856,120.80103945732117
8928,0.0022872788831591606,,2788.8106441497803,120.8118941783905
8929,0.0022825216874480247,,2789.119645357132,120.82275342941284
8930,0.002290055388584733,,2789.427886724472,120.83358979225159
8931,0.0022850041277706623,,2789.736498594284,120.84443354606628
8932,0.002271034521982074,,2790.0446577072144,120.85527276992798
8933,0.002257545944303274,,2790.353084087372,120.8661277294159
8934,0.00234616850502789,,2790.662261724472,120.87697553634644
8935,0.0023828516714274883,,2790.972170829773,120.8878276348114
8936,0.002319835824891925,,2791.279970884323,120.89867281913757
8937,0.00228609680198133,,2791.5887405872345,120.90952968597412
8938,0.002282171742990613,,2791.897462129593,120.92037558555603
8939,0.0023741484619677067,,2792.2057332992554,120.93124103546143
8940,0.0022796846460551023,,2792.515891313553,120.94209361076355
8941,0.002265358343720436,,2792.823238134384,120.95293545722961
8942,0.0022809060756117105,,2793.1317048072815,120.96377229690552
8943,0.0022997104097157717,,2793.4407992362976,120.97462487220764
8944,0.0022763044107705355,,2793.748381137848,120.98547148704529
8945,0.0023003399837762117,,2794.055480003357,120.99631953239441
8946,0.002306712092831731,,2794.362717151642,121.0071656703949
8947,0.002358468249440193,,2794.6714129447937,121.01803207397461
8948,0.00237327441573143,,2794.979676961899,121.02888369560242
8949,0.0023621649015694857,,2795.287884950638,121.03972887992859
8950,0.002310933778062463,,2795.765952348709,121.05058217048645
8951,0.0022872916888445616,,2796.075227022171,121.06143093109131
8952,0.0023171815555542707,,2796.382001399994,121.07227158546448
8953,0.0023340440820902586,,2796.6930499076843,121.08311486244202
8954,0.002219051355496049,,2797.0027871131897,121.0939564704895
8955,0.0022283957805484533,,2797.310834169388,121.10481095314026
8956,0.002279936568811536,,2797.6192445755005,121.11566281318665
8957,0.0022309075575321913,,2797.928032398224,121.12651872634888
8958,0.0022866239305585623,,2798.236619234085,121.137371301651
8959,0.002224123338237405,,2798.54589343071,121.14822769165039
8960,0.0022753113880753517,,2798.852904319763,121.15907001495361
8961,0.002399464836344123,,2799.1614639759064,121.16992115974426
8962,0.0022688978351652622,,2799.470648288727,121.18076753616333
8963,0.0023828516714274883,,2799.778109073639,121.1916081905365
8964,0.002364229643717408,,2800.0852739810944,121.20245218276978
8965,0.0023250028025358915,,2800.3945891857147,121.21329712867737
8966,0.0022637827787548304,,2800.7033133506775,121.22414636611938
8967,0.002324209315702319,,2801.013016462326,121.23498725891113
8968,0.0022694740910083055,,2801.3206703662872,121.24583601951599
8969,0.0022676722146570683,,2801.629550933838,121.25668096542358
8970,0.002253751503303647,,2801.9358150959015,121.26754379272461
8971,0.0022887960076332092,,2802.2438967227936,121.27839779853821
8972,0.0023182604927569628,,2802.5524294376373,121.28924775123596
8973,0.0023227680940181017,,2802.8603324890137,121.30010199546814
8974,0.0024024283047765493,,2803.170590877533,121.31094288825989
8975,0.0024754514452069998,,2803.4794256687164,121.3217945098877
8976,0.002495498862117529,,2803.788149356842,121.33263421058655
8977,0.0023374587763100863,,2804.0979750156403,121.34347653388977
8978,0.0022493298165500164,,2804.404846429825,121.35432410240173
8979,0.002253411104902625,,2804.7122428417206,121.36517024040222
8980,0.002250841585919261,,2805.021488904953,121.37603378295898
8981,0.002269742311909795,,2805.3292243480682,121.38689088821411
8982,0.002267079195007682,,2805.6389882564545,121.39774703979492
8983,0.0022173516917973757,,2805.951238632202,121.40859532356262
8984,0.002230673795565963,,2806.261054992676,121.41944527626038
8985,0.002230673795565963,,2806.5693130493164,121.43030405044556
8986,0.00225811661221087,,2806.8779821395874,121.44114756584167
8987,0.002252106787636876,,2807.187645673752,121.45200824737549
8988,0.002237598178908229,,2807.4953532218933,121.46285390853882
8989,0.0022851910907775164,,2807.8029975891113,121.47369766235352
8990,0.002263793721795082,,2808.112530708313,121.4845359325409
8991,0.0022294367663562298,,2808.4225878715515,121.49538612365723
8992,0.0022410217206925154,,2808.730773448944,121.50623631477356
8993,0.002236423548310995,,2809.039036989212,121.51709127426147
8994,0.0022780378349125385,,2809.346801519394,121.52793097496033
8995,0.0022463800851255655,,2809.656653881073,121.53878402709961
8996,0.002245246898382902,,2809.9646620750427,121.54963707923889
8997,0.0022785344626754522,,2810.2744765281677,121.5605046749115
8998,0.0022738201078027487,,2810.58336019516,121.57134771347046
8999,0.002296163234859705,,2810.891931295395,121.58221673965454
9000,0.002293093828484416,0.0013757044216617942,2811.3708159923553,122.91991138458252
