it,rel_l1err,rc,rt_solve,rt_log
0,0.7822941541671753,0.4452030062675476,2.460681200027466,1.9065630435943604
1,0.6470186710357666,,3.103541612625122,1.9195220470428467
2,0.5064207315444946,,3.7440812587738037,1.9324779510498047
3,0.38992172479629517,,4.385982990264893,1.945415735244751
4,0.22836518287658691,,5.027769327163696,1.9583289623260498
5,0.14602313935756683,,5.668635129928589,1.9712975025177002
6,0.09771224111318588,,6.311427116394043,1.9842145442962646
7,0.08829186856746674,,6.9531049728393555,1.9971592426300049
8,0.08979204297065735,,7.595095634460449,2.010117769241333
9,0.0907815471291542,,8.237588167190552,2.023097276687622
10,0.0995992124080658,,8.878893852233887,2.0360374450683594
11,0.10852209478616714,,9.52013349533081,2.049003839492798
12,0.10842341184616089,,10.161332607269287,2.061962604522705
13,0.1071794331073761,,10.80192494392395,2.0749058723449707
14,0.11092223972082138,,11.44382381439209,2.087843656539917
15,0.10429931432008743,,12.08475112915039,2.1007213592529297
16,0.10001260042190552,,12.726205825805664,2.1136317253112793
17,0.09923341870307922,,13.369516372680664,2.126584053039551
18,0.10346832126379013,,14.010636806488037,2.139507532119751
19,0.09830114245414734,,14.653305768966675,2.152479887008667
20,0.09498288482427597,,15.294479846954346,2.165475606918335
21,0.08777877688407898,,15.937423706054688,2.178452491760254
22,0.08616282045841217,,16.578831911087036,2.191445827484131
23,0.08727142959833145,,17.22023320198059,2.2043895721435547
24,0.08532706648111343,,17.86173439025879,2.217456579208374
25,0.08493036031723022,,18.50323987007141,2.2304368019104004
26,0.0834442526102066,,19.14482283592224,2.2434141635894775
27,0.07983933389186859,,20.141626834869385,2.2563605308532715
28,0.07962460070848465,,20.783134698867798,2.269294023513794
29,0.07770343869924545,,21.42496395111084,2.282230854034424
30,0.07837541401386261,,22.067810535430908,2.2951889038085938
31,0.07863100618124008,,22.709150552749634,2.3080761432647705
32,0.07696180045604706,,23.350852251052856,2.3210337162017822
33,0.07448089867830276,,23.992297410964966,2.3340299129486084
34,0.07423506677150726,,24.63487148284912,2.346980094909668
35,0.0722445547580719,,25.27658176422119,2.359931468963623
36,0.0715869814157486,,25.918636322021484,2.372880220413208
37,0.07108195871114731,,26.561177015304565,2.3858284950256348
38,0.06756475567817688,,27.2024827003479,2.3988306522369385
39,0.06703599542379379,,27.84409737586975,2.411807060241699
40,0.06503815203905106,,28.48633575439453,2.4247050285339355
41,0.0636684000492096,,29.128122568130493,2.437642812728882
42,0.06340871751308441,,29.769206762313843,2.450623035430908
43,0.06309500336647034,,30.41273069381714,2.4635987281799316
44,0.06352144479751587,,31.053954124450684,2.4765210151672363
45,0.06573093682527542,,31.695727586746216,2.4894587993621826
46,0.07098686695098877,,32.338144302368164,2.5023703575134277
47,0.06758538633584976,,32.97991394996643,2.5153048038482666
48,0.06720635294914246,,33.62202262878418,2.528221607208252
49,0.06644363701343536,,34.26288318634033,2.541184425354004
50,0.05585617944598198,,34.904635429382324,2.554117441177368
51,0.05454101413488388,,35.54564452171326,2.56708025932312
52,0.052482739090919495,,36.18836522102356,2.5800437927246094
53,0.05236710235476494,,36.829702377319336,2.5929770469665527
54,0.050498414784669876,,37.80797743797302,2.605938673019409
55,0.04922479763627052,,38.44952964782715,2.61893892288208
56,0.0501086488366127,,39.09175658226013,2.63191556930542
57,0.048252470791339874,,39.73306608200073,2.6448135375976562
58,0.04878166317939758,,40.375537633895874,2.6577813625335693
59,0.04602329805493355,,41.016884088516235,2.6707189083099365
60,0.04562171921133995,,41.659672021865845,2.683673143386841
61,0.04480799660086632,,42.30174517631531,2.6965885162353516
62,0.04599567875266075,,42.943552017211914,2.7095630168914795
63,0.043429143726825714,,43.5868079662323,2.7225394248962402
64,0.04440796747803688,,44.22886681556702,2.735494375228882
65,0.04640809819102287,,44.870137214660645,2.748460531234741
66,0.047417737543582916,,45.512064933776855,2.761446237564087
67,0.045819371938705444,,46.154436349868774,2.774444341659546
68,0.047343749552965164,,46.795586347579956,2.7874033451080322
69,0.04708683863282204,,47.43683457374573,2.8003482818603516
70,0.04892510920763016,,48.079607009887695,2.8133273124694824
71,0.04782060906291008,,48.72166991233826,2.8262481689453125
72,0.045420434325933456,,49.36407017707825,2.8391976356506348
73,0.04931404069066048,,50.00466752052307,2.8521275520324707
74,0.04886976629495621,,50.648247718811035,2.8650577068328857
75,0.04242948815226555,,51.29183554649353,2.87800669670105
76,0.04249289631843567,,51.93436884880066,2.891021490097046
77,0.04370482638478279,,52.57566785812378,2.9040210247039795
78,0.04199204966425896,,53.2180495262146,2.9169278144836426
79,0.04180864617228508,,53.858882904052734,2.929910659790039
80,0.041335251182317734,,54.49970245361328,2.9428622722625732
81,0.04181353747844696,,55.47781777381897,2.9558591842651367
82,0.041253890842199326,,56.12009263038635,2.9688563346862793
83,0.04155487194657326,,56.76238942146301,2.9818155765533447
84,0.04258523881435394,,57.40345764160156,2.9947726726531982
85,0.04547789320349693,,58.04465937614441,3.0077595710754395
86,0.04347076639533043,,58.68709969520569,3.020704507827759
87,0.0422658808529377,,59.327855825424194,3.0336382389068604
88,0.043431203812360764,,59.97020745277405,3.0465903282165527
89,0.04270816221833229,,60.61135149002075,3.0595543384552
90,0.044227924197912216,,61.25348210334778,3.0724985599517822
91,0.04328494146466255,,61.89444541931152,3.0855255126953125
92,0.045072443783283234,,62.53614139556885,3.0984790325164795
93,0.04624653980135918,,63.177898645401,3.11142897605896
94,0.046693187206983566,,63.81937789916992,3.124445676803589
95,0.04603659734129906,,64.46074938774109,3.1374621391296387
96,0.04514887183904648,,65.10296559333801,3.1504414081573486
97,0.04483732581138611,,65.74535822868347,3.1633951663970947
98,0.04278932511806488,,66.3863775730133,3.176320791244507
99,0.047111138701438904,,67.02711033821106,3.189277172088623
100,0.03917121887207031,,67.66823077201843,3.2022228240966797
101,0.03906240686774254,,68.30903553962708,3.2151856422424316
102,0.03962142765522003,,68.95065379142761,3.228145122528076
103,0.03948093205690384,,69.59300541877747,3.2410950660705566
104,0.03843154013156891,,70.23492193222046,3.2540979385375977
105,0.03848316892981529,,70.87600016593933,3.267101287841797
106,0.03786676377058029,,71.51702666282654,3.280010938644409
107,0.03748176619410515,,72.15778350830078,3.2929811477661133
108,0.039155833423137665,,73.13670659065247,3.3059940338134766
109,0.03935474902391434,,73.78026580810547,3.319025993347168
110,0.03975820913910866,,74.42193865776062,3.3320226669311523
111,0.04236660152673721,,75.06284093856812,3.344974994659424
112,0.038866665214300156,,75.70420360565186,3.35791277885437
113,0.03936942666769028,,76.34659099578857,3.3708817958831787
114,0.040499139577150345,,76.98859906196594,3.38383412361145
115,0.04013010486960411,,77.63024830818176,3.396796226501465
116,0.04062596336007118,,78.27120637893677,3.409776210784912
117,0.04094678908586502,,78.91430568695068,3.422766923904419
118,0.041047994047403336,,79.55841398239136,3.43572998046875
119,0.04082785174250603,,80.20143580436707,3.448690891265869
120,0.04105686396360397,,80.84309816360474,3.4616711139678955
121,0.04038461670279503,,81.48559641838074,3.4746291637420654
122,0.040091373026371,,82.1272623538971,3.48761248588562
123,0.04154091700911522,,82.76823544502258,3.5005977153778076
124,0.04300776496529579,,83.40962409973145,3.5135748386383057
125,0.03706001117825508,,84.05102753639221,3.5265090465545654
126,0.036132194101810455,,84.69334030151367,3.539461851119995
127,0.03582286089658737,,85.33494734764099,3.5524206161499023
128,0.03739066794514656,,85.97727680206299,3.5654258728027344
129,0.036582525819540024,,86.61848759651184,3.578439950942993
130,0.03702898323535919,,87.26025581359863,3.591418504714966
131,0.03761954978108406,,87.9008846282959,3.604424238204956
132,0.036753568798303604,,88.5441243648529,3.617377281188965
133,0.03598472848534584,,89.18678140640259,3.630303382873535
134,0.03914368897676468,,89.82857251167297,3.643254280090332
135,0.04133719205856323,,90.80631804466248,3.656165361404419
136,0.03779730945825577,,91.44809675216675,3.66912841796875
137,0.03820260614156723,,92.08987355232239,3.6820685863494873
138,0.03987477719783783,,92.73143863677979,3.695061445236206
139,0.03871222585439682,,93.37430930137634,3.708014726638794
140,0.03581157326698303,,94.01624965667725,3.7209837436676025
141,0.039689693599939346,,94.65691757202148,3.7339296340942383
142,0.038303978741168976,,95.29923820495605,3.746889352798462
143,0.037545692175626755,,95.94099497795105,3.7598698139190674
144,0.03787033259868622,,96.5818145275116,3.772908926010132
145,0.03795139491558075,,97.22422933578491,3.7858643531799316
146,0.037353500723838806,,97.86647534370422,3.7988195419311523
147,0.03592032194137573,,98.50690340995789,3.8117752075195312
148,0.0385148860514164,,99.14936971664429,3.8247783184051514
149,0.037372056394815445,,99.79078125953674,3.837700128555298
150,0.037163421511650085,,100.43261122703552,3.8506276607513428
151,0.03959755599498749,,101.07623028755188,3.863527536392212
152,0.036927271634340286,,101.71730399131775,3.876490831375122
153,0.03711545094847679,,102.3587441444397,3.889451742172241
154,0.036690350621938705,,103.00159430503845,3.902463912963867
155,0.03678625822067261,,103.64313650131226,3.915407657623291
156,0.03653465211391449,,104.2859194278717,3.928352117538452
157,0.03681478276848793,,104.92689943313599,3.941260814666748
158,0.03785974159836769,,105.56818175315857,3.954202175140381
159,0.03706490993499756,,106.20943546295166,3.9671473503112793
160,0.03591493144631386,,106.85080313682556,3.9800667762756348
161,0.03685139864683151,,107.49157881736755,3.9930684566497803
162,0.03684160113334656,,108.47159075737,4.005976438522339
163,0.03607350215315819,,109.11230087280273,4.018942594528198
164,0.03594789654016495,,109.75360774993896,4.031881093978882
165,0.035952676087617874,,110.39470720291138,4.044832944869995
166,0.03620225191116333,,111.03603982925415,4.057848691940308
167,0.03586806729435921,,111.67738223075867,4.070829629898071
168,0.038033027201890945,,112.31868720054626,4.08382773399353
169,0.036977339535951614,,112.9611234664917,4.096747636795044
170,0.035311490297317505,,113.60428285598755,4.109723091125488
171,0.039258923381567,,114.24555993080139,4.122683525085449
172,0.03660128265619278,,114.88710713386536,4.135644912719727
173,0.0360734760761261,,115.52934002876282,4.148591995239258
174,0.03978537768125534,,116.17045617103577,4.161596059799194
175,0.03768627718091011,,116.81300735473633,4.174503803253174
176,0.03659273311495781,,117.45447516441345,4.187451362609863
177,0.03610082343220711,,118.09529137611389,4.200436115264893
178,0.036787837743759155,,118.7370114326477,4.213409900665283
179,0.03683348745107651,,119.37958478927612,4.226380109786987
180,0.03701987490057945,,120.02094292640686,4.239350318908691
181,0.03625381737947464,,120.66247701644897,4.252357482910156
182,0.038634173572063446,,121.3044810295105,4.2653045654296875
183,0.03734876587986946,,121.94591975212097,4.278250694274902
184,0.04201161861419678,,122.58688497543335,4.291245460510254
185,0.036725424230098724,,123.22771191596985,4.304168939590454
186,0.03584917262196541,,123.86989545822144,4.317147731781006
187,0.03630592301487923,,124.51307535171509,4.330117225646973
188,0.035633720457553864,,125.15412592887878,4.343096017837524
189,0.035913463681936264,,126.1312267780304,4.35603141784668
190,0.03529621288180351,,126.77345418930054,4.369021892547607
191,0.03893859311938286,,127.4149808883667,4.381925821304321
192,0.03893927112221718,,128.05887532234192,4.394899606704712
193,0.03773687407374382,,128.69997215270996,4.407868385314941
194,0.03692036494612694,,129.3413369655609,4.420877695083618
195,0.03810620680451393,,129.9847571849823,4.433826684951782
196,0.03615811839699745,,130.6255600452423,4.446764945983887
197,0.036765504628419876,,131.2664406299591,4.459732294082642
198,0.03654421120882034,,131.90914249420166,4.472710847854614
199,0.03960138186812401,,132.55213403701782,4.485758066177368
200,0.03581079840660095,,133.19352960586548,4.498773097991943
201,0.035395361483097076,,133.83481979370117,4.511750221252441
202,0.03574236482381821,,134.47826838493347,4.524709224700928
203,0.03551613539457321,,135.11931729316711,4.53764796257019
204,0.039959609508514404,,135.76071214675903,4.550626277923584
205,0.035987045615911484,,136.40282225608826,4.563603639602661
206,0.03581171855330467,,137.04432940483093,4.576587438583374
207,0.03541013225913048,,137.68500638008118,4.589577913284302
208,0.03514892980456352,,138.3258535861969,4.602528810501099
209,0.03530839830636978,,138.96669578552246,4.61543869972229
210,0.035682886838912964,,139.61050009727478,4.628403425216675
211,0.03505636751651764,,140.25295758247375,4.641348600387573
212,0.03516247496008873,,140.89537572860718,4.654321908950806
213,0.03508863225579262,,141.53610348701477,4.66725754737854
214,0.035222943872213364,,142.1772756576538,4.680249929428101
215,0.03543685004115105,,142.8182623386383,4.69320011138916
216,0.0372602604329586,,143.79694819450378,4.706168174743652
217,0.035917311906814575,,144.43873357772827,4.719128608703613
218,0.03583473712205887,,145.08018565177917,4.73211145401001
219,0.03560976684093475,,145.72059869766235,4.745137691497803
220,0.0378202348947525,,146.36222124099731,4.758052349090576
221,0.03846070542931557,,147.0031032562256,4.77100133895874
222,0.03580751270055771,,147.64424324035645,4.783997297286987
223,0.03735319897532463,,148.2869553565979,4.796925067901611
224,0.036351364105939865,,148.92852449417114,4.80992579460144
225,0.038757577538490295,,149.56928944587708,4.822925567626953
226,0.03676070645451546,,150.21133542060852,4.8358473777771
227,0.03646038472652435,,150.852472782135,4.848781108856201
228,0.03620605170726776,,151.49461150169373,4.8617236614227295
229,0.0371793657541275,,152.13566040992737,4.874750375747681
230,0.036005593836307526,,152.7764003276825,4.8877387046813965
231,0.03544720262289047,,153.41815328598022,4.900669813156128
232,0.03568979352712631,,154.0608425140381,4.913658857345581
233,0.03574630990624428,,154.70214462280273,4.9266510009765625
234,0.0354277566075325,,155.34321403503418,4.93956446647644
235,0.03571072220802307,,155.9844629764557,4.952519416809082
236,0.0368482880294323,,156.6265411376953,4.9654717445373535
237,0.03496577590703964,,157.26913595199585,4.978415489196777
238,0.03681442141532898,,157.91141772270203,4.991379737854004
239,0.04003823921084404,,158.5537383556366,5.004319190979004
240,0.04168204963207245,,159.19538640975952,5.017233848571777
241,0.041995514184236526,,159.83690404891968,5.030199766159058
242,0.03734011948108673,,160.47839450836182,5.043147563934326
243,0.03648369759321213,,161.45613384246826,5.0560925006866455
244,0.040448855608701706,,162.09725904464722,5.069049835205078
245,0.041107602417469025,,162.7420415878296,5.081949949264526
246,0.038059741258621216,,163.38291716575623,5.095006227493286
247,0.037699393928050995,,164.02350664138794,5.107941627502441
248,0.037750739604234695,,164.66520380973816,5.120862245559692
249,0.04014744609594345,,165.30627012252808,5.133867502212524
250,0.03516324982047081,,165.94963383674622,5.146855354309082
251,0.039429888129234314,,166.5906858444214,5.15982985496521
252,0.03524834290146828,,167.23303127288818,5.172792911529541
253,0.03540865704417229,,167.87597370147705,5.185787200927734
254,0.03562459349632263,,168.51775097846985,5.198766469955444
255,0.03666757792234421,,169.15974926948547,5.211682558059692
256,0.041573666036129,,169.8017179965973,5.22461724281311
257,0.04368171840906143,,170.44306921958923,5.2375571727752686
258,0.039013661444187164,,171.0848948955536,5.250495910644531
259,0.038988929241895676,,171.7262315750122,5.2635509967803955
260,0.03979196026921272,,172.36891746520996,5.2764997482299805
261,0.04103900119662285,,173.01021337509155,5.289401292800903
262,0.039970241487026215,,173.65273094177246,5.302393913269043
263,0.03410135582089424,,174.29336094856262,5.315288305282593
264,0.034526146948337555,,174.9353539943695,5.328254699707031
265,0.03864191100001335,,175.5769238471985,5.3412604331970215
266,0.039209384471178055,,176.21944737434387,5.35424280166626
267,0.036821264773607254,,176.86044049263,5.367197036743164
268,0.0383317768573761,,177.50183272361755,5.380151987075806
269,0.039732664823532104,,178.14272356033325,5.393097162246704
270,0.03726198896765709,,179.12085390090942,5.406024932861328
271,0.0404791422188282,,179.76301646232605,5.418967008590698
272,0.04078666493296623,,180.4053771495819,5.431941747665405
273,0.03467255085706711,,181.04678535461426,5.444878339767456
274,0.03543379530310631,,181.68779516220093,5.457865953445435
275,0.03422228619456291,,182.3302309513092,5.470862150192261
276,0.03436560183763504,,182.97285413742065,5.483799457550049
277,0.03451057896018028,,183.61433863639832,5.496817588806152
278,0.035892389714717865,,184.2577304840088,5.509793281555176
279,0.03919104114174843,,184.89852738380432,5.522734880447388
280,0.03666996955871582,,185.5399088859558,5.5357346534729
281,0.043116968125104904,,186.1813461780548,5.5486671924591064
282,0.043843936175107956,,186.8227984905243,5.5616724491119385
283,0.04177170991897583,,187.46362113952637,5.574608564376831
284,0.03528634458780289,,188.10563778877258,5.587590217590332
285,0.03964797407388687,,188.74713802337646,5.6005940437316895
286,0.03971057012677193,,189.39063477516174,5.613529682159424
287,0.03934638574719429,,190.03136777877808,5.626497983932495
288,0.0397530235350132,,190.6733717918396,5.639434337615967
289,0.04569338262081146,,191.31512689590454,5.652391195297241
290,0.04235817864537239,,191.9585154056549,5.665369033813477
291,0.0382978580892086,,192.60154151916504,5.678324460983276
292,0.035353466868400574,,193.2435221672058,5.691334009170532
293,0.03636477515101433,,193.88478469848633,5.704234838485718
294,0.042139142751693726,,194.5266182422638,5.717220067977905
295,0.038299333304166794,,195.16843247413635,5.730160236358643
296,0.03583991900086403,,195.81045031547546,5.743133068084717
297,0.03916934132575989,,196.7885160446167,5.756062269210815
298,0.037085067480802536,,197.43009543418884,5.769012451171875
299,0.03712020441889763,,198.07345724105835,5.781947135925293
300,0.03502374514937401,,198.71499276161194,5.794905424118042
301,0.03763100132346153,,199.35582160949707,5.807831764221191
302,0.033255185931921005,,199.99712228775024,5.820790529251099
303,0.03645183891057968,,200.63968348503113,5.833693027496338
304,0.04069332033395767,,201.28053402900696,5.846652269363403
305,0.03887387365102768,,201.92121481895447,5.859652280807495
306,0.03874485194683075,,202.56424641609192,5.87263560295105
307,0.03352637588977814,,203.20714783668518,5.885599374771118
308,0.03326720744371414,,203.84860587120056,5.89858603477478
309,0.034837912768125534,,204.49093532562256,5.91153359413147
310,0.03685852512717247,,205.13404488563538,5.92446231842041
311,0.03791815787553787,,205.77633476257324,5.93743634223938
312,0.03120802342891693,,206.4182834625244,5.9504382610321045
313,0.03513796254992485,,207.06016612052917,5.963366746902466
314,0.0338478721678257,,207.70229315757751,5.976349592208862
315,0.03346974030137062,,208.34347343444824,5.989320993423462
316,0.03870262950658798,,208.9866907596588,6.00235915184021
317,0.03420974686741829,,209.62788891792297,6.015280246734619
318,0.03114413283765316,,210.2694275379181,6.028303861618042
319,0.02939414605498314,,210.9104619026184,6.041241407394409
320,0.03819681704044342,,211.5523133277893,6.054157018661499
321,0.030533958226442337,,212.19273686408997,6.0670692920684814
322,0.032601676881313324,,212.8352391719818,6.080029010772705
323,0.03257179260253906,,213.47582602500916,6.0929954051971436
324,0.03035125322639942,,214.4533188343048,6.105964183807373
325,0.03241024166345596,,215.09412050247192,6.1189491748809814
326,0.033361002802848816,,215.73774003982544,6.1319074630737305
327,0.03462735190987587,,216.37886810302734,6.144874811172485
328,0.030621238052845,,217.02047109603882,6.1578028202056885
329,0.030880887061357498,,217.66132354736328,6.170737266540527
330,0.03134220093488693,,218.30204153060913,6.183656454086304
331,0.03478312864899635,,218.94322681427002,6.196625232696533
332,0.03263821452856064,,219.5848903656006,6.209576845169067
333,0.03507911413908005,,220.22598695755005,6.222580909729004
334,0.033512335270643234,,220.86737775802612,6.2355265617370605
335,0.03304532170295715,,221.5099105834961,6.24845814704895
336,0.0392037108540535,,222.15258502960205,6.2614054679870605
337,0.03230897709727287,,222.7938051223755,6.27439284324646
338,0.029976537451148033,,223.43678641319275,6.287323951721191
339,0.03034103661775589,,224.07897019386292,6.300309181213379
340,0.029884951189160347,,224.72207140922546,6.313310384750366
341,0.029221056029200554,,225.36337089538574,6.326255798339844
342,0.030531305819749832,,226.00641584396362,6.339272975921631
343,0.03059478849172592,,226.6470808982849,6.352227449417114
344,0.030566178262233734,,227.28911972045898,6.365212440490723
345,0.03224780410528183,,227.93121886253357,6.37816596031189
346,0.03521953895688057,,228.57521152496338,6.3911662101745605
347,0.03530684858560562,,229.2164032459259,6.404169797897339
348,0.03455357253551483,,229.8574240207672,6.417153835296631
349,0.03209225833415985,,230.49889993667603,6.430121660232544
350,0.03644665330648422,,231.14200687408447,6.443074703216553
351,0.03293619304895401,,232.12050533294678,6.456016540527344
352,0.03821144253015518,,232.76283812522888,6.46896505355835
353,0.03304189816117287,,233.4040882587433,6.481928586959839
354,0.03071647882461548,,234.04565477371216,6.494906902313232
355,0.033178504556417465,,234.6870813369751,6.507874488830566
356,0.03164912387728691,,235.3286054134369,6.520881175994873
357,0.034924253821372986,,235.96972370147705,6.533859491348267
358,0.038215164095163345,,236.61166071891785,6.546803951263428
359,0.03441854193806648,,237.25241351127625,6.559763193130493
360,0.03477592021226883,,237.89406991004944,6.572710752487183
361,0.0298188216984272,,238.53593349456787,6.5856404304504395
362,0.03221307322382927,,239.17735195159912,6.598590850830078
363,0.033449284732341766,,239.8201994895935,6.611544609069824
364,0.03627592697739601,,240.46360182762146,6.624488830566406
365,0.032905470579862595,,241.10506796836853,6.637376308441162
366,0.03748700022697449,,241.74622249603271,6.650328874588013
367,0.038997404277324677,,242.38711810112,6.663257360458374
368,0.03384111449122429,,243.02854299545288,6.676224708557129
369,0.03145340457558632,,243.66964435577393,6.689139366149902
370,0.03061317838728428,,244.31241917610168,6.702106237411499
371,0.030174532905220985,,244.95317268371582,6.7151124477386475
372,0.030716801062226295,,245.59674954414368,6.7280354499816895
373,0.03534747287631035,,246.23776960372925,6.740966320037842
374,0.03454454615712166,,246.88044095039368,6.753913879394531
375,0.03185640275478363,,247.52336955070496,6.766844987869263
376,0.03270652890205383,,248.1654212474823,6.779775619506836
377,0.03327060118317604,,248.80636286735535,6.792691707611084
378,0.03303215280175209,,249.78462386131287,6.805634021759033
379,0.036954425275325775,,250.42603278160095,6.818595886230469
380,0.03745482489466667,,251.06772446632385,6.831571340560913
381,0.040876101702451706,,251.70866584777832,6.844532489776611
382,0.03491644561290741,,252.35017895698547,6.857491970062256
383,0.035020846873521805,,252.99216771125793,6.870444059371948
384,0.032803721725940704,,253.63313174247742,6.883362531661987
385,0.03405873849987984,,254.27541851997375,6.896308898925781
386,0.03239164501428604,,254.91716837882996,6.909391403198242
387,0.03072444535791874,,255.5585856437683,6.922398567199707
388,0.029964569956064224,,256.20230770111084,6.9353814125061035
389,0.03078225627541542,,256.8446788787842,6.948330402374268
390,0.03127865493297577,,257.48750162124634,6.961307525634766
391,0.03158364072442055,,258.1302239894867,6.974299669265747
392,0.03206364065408707,,258.771897315979,6.987214803695679
393,0.031214019283652306,,259.4132218360901,7.000152349472046
394,0.030899912118911743,,260.0547368526459,7.013163089752197
395,0.03157911077141762,,260.6962375640869,7.026137828826904
396,0.03115471638739109,,261.3379657268524,7.039125919342041
397,0.032597865909338,,261.97979640960693,7.052117824554443
398,0.03258282318711281,,262.62191438674927,7.065123796463013
399,0.031952906399965286,,263.2634518146515,7.078134059906006
400,0.03665892407298088,,263.9067361354828,7.091080904006958
401,0.03808389976620674,,264.5485498905182,7.104069232940674
402,0.035073500126600266,,265.1906225681305,7.11700701713562
403,0.03428220748901367,,265.83356499671936,7.129912614822388
404,0.03244804963469505,,266.4752199649811,7.142876863479614
405,0.03419334068894386,,267.4532480239868,7.155811786651611
406,0.03219715878367424,,268.0954508781433,7.168717384338379
407,0.03136976435780525,,268.7367031574249,7.181663751602173
408,0.03251724690198898,,269.37810707092285,7.1946258544921875
409,0.031850967556238174,,270.0193223953247,7.207533359527588
410,0.03277137130498886,,270.66152572631836,7.220503568649292
411,0.031235894188284874,,271.3036780357361,7.23343563079834
412,0.029829835519194603,,271.94505858421326,7.246402263641357
413,0.029877809807658195,,272.58661580085754,7.259406089782715
414,0.03277439996600151,,273.22782278060913,7.272412538528442
415,0.034278061240911484,,273.86924386024475,7.285323858261108
416,0.031983405351638794,,274.5106477737427,7.298338413238525
417,0.030546465888619423,,275.151243686676,7.311289310455322
418,0.031674087047576904,,275.79235315322876,7.32425594329834
419,0.030701717361807823,,276.4347150325775,7.337242603302002
420,0.030743196606636047,,277.0770468711853,7.350229978561401
421,0.03132013604044914,,277.7183403968811,7.363174915313721
422,0.03353513777256012,,278.3593075275421,7.376138210296631
423,0.034873250871896744,,279.0004823207855,7.389060020446777
424,0.033572692424058914,,279.6438524723053,7.402058839797974
425,0.03186158463358879,,280.2868673801422,7.415043592453003
426,0.03146280720829964,,280.929322719574,7.427933692932129
427,0.03387079015374184,,281.5713610649109,7.440867185592651
428,0.034447409212589264,,282.2126536369324,7.45389461517334
429,0.03214340656995773,,282.85572481155396,7.46687126159668
430,0.03286976367235184,,283.4988830089569,7.479817628860474
431,0.030309665948152542,,284.1400809288025,7.492814064025879
432,0.029668116942048073,,285.11938881874084,7.505791664123535
433,0.02954767644405365,,285.7619481086731,7.518746376037598
434,0.029063047841191292,,286.40461015701294,7.531761646270752
435,0.028690237551927567,,287.04630160331726,7.544697523117065
436,0.028490958735346794,,287.6891059875488,7.557628393173218
437,0.02823927439749241,,288.32969784736633,7.5706353187561035
438,0.027800405398011208,,288.9709837436676,7.58362340927124
439,0.028549110516905785,,289.61275267601013,7.596577882766724
440,0.0275381188839674,,290.25440859794617,7.609550952911377
441,0.03009105660021305,,290.8954350948334,7.622486591339111
442,0.028027622029185295,,291.53867840766907,7.635434865951538
443,0.027306297793984413,,292.18107414245605,7.648404836654663
444,0.027510445564985275,,292.82294058799744,7.661370515823364
445,0.028466204181313515,,293.4680061340332,7.674324035644531
446,0.03318246454000473,,294.109628200531,7.68729829788208
447,0.027998335659503937,,294.75161147117615,7.700284481048584
448,0.028287842869758606,,295.3933837413788,7.7132673263549805
449,0.02905047871172428,,296.034405708313,7.726165294647217
450,0.03018726222217083,,296.67561626434326,7.739176988601685
451,0.028143243864178658,,297.31788444519043,7.752130508422852
452,0.028084881603717804,,297.95977449417114,7.765094995498657
453,0.026711681857705116,,298.60140109062195,7.778095960617065
454,0.026282185688614845,,299.24289655685425,7.79106068611145
455,0.026800520718097687,,299.8841254711151,7.803986549377441
456,0.026155102998018265,,300.5254878997803,7.816964387893677
457,0.025024307891726494,,301.16729950904846,7.829949140548706
458,0.023749258369207382,,301.8105490207672,7.842974424362183
459,0.024112887680530548,,302.78823614120483,7.855949640274048
460,0.026476360857486725,,303.42962980270386,7.868948698043823
461,0.024708406999707222,,304.072035074234,7.881921291351318
462,0.024261632934212685,,304.71364665031433,7.894835948944092
463,0.024018075317144394,,305.3546621799469,7.907750129699707
464,0.024157369509339333,,305.99729180336,7.920710325241089
465,0.027434438467025757,,306.6384344100952,7.9337780475616455
466,0.024279996752738953,,307.2798023223877,7.946808338165283
467,0.024078287184238434,,307.9206118583679,7.959766626358032
468,0.024219922721385956,,308.5630671977997,7.972702264785767
469,0.024044683203101158,,309.20468521118164,7.985714435577393
470,0.02401787042617798,,309.8472077846527,7.9986491203308105
471,0.02508532628417015,,310.48934292793274,8.011568784713745
472,0.02508499100804329,,311.1321985721588,8.024536609649658
473,0.02460251748561859,,311.7751660346985,8.037480354309082
474,0.024522917345166206,,312.4168493747711,8.050493478775024
475,0.024870701134204865,,313.05776381492615,8.06342101097107
476,0.024493569508194923,,313.6991422176361,8.076369047164917
477,0.024489806964993477,,314.34125089645386,8.089359521865845
478,0.0266561359167099,,314.9840052127838,8.102331399917603
479,0.026629945263266563,,315.62542963027954,8.11523151397705
480,0.028624052181839943,,316.26688861846924,8.128193378448486
481,0.025997156277298927,,316.91047978401184,8.141195058822632
482,0.025938600301742554,,317.55180621147156,8.154142618179321
483,0.023979458957910538,,318.1932637691498,8.167091608047485
484,0.024008307605981827,,318.8351900577545,8.180047273635864
485,0.023918014019727707,,319.47643756866455,8.193007946014404
486,0.024716153740882874,,320.45551228523254,8.205990314483643
487,0.024405043572187424,,321.09712648391724,8.218992233276367
488,0.02351486310362816,,321.7393944263458,8.231956481933594
489,0.026424385607242584,,322.38277792930603,8.244924306869507
490,0.02440555952489376,,323.0242474079132,8.257846117019653
491,0.026602765545248985,,323.667179107666,8.270774364471436
492,0.026266124099493027,,324.30980038642883,8.283676147460938
493,0.029327863827347755,,324.95083689689636,8.296645879745483
494,0.027405546978116035,,325.5930607318878,8.309611082077026
495,0.036997172981500626,,326.2340383529663,8.322566032409668
496,0.030338745564222336,,326.87726759910583,8.335510492324829
497,0.03462652117013931,,327.5194847583771,8.348441123962402
498,0.032630983740091324,,328.1623032093048,8.361425161361694
499,0.02891508676111698,,328.8039083480835,8.374406099319458
500,0.02879124879837036,0.008027813397347927,329.4458451271057,10.260376930236816
501,0.028153985738754272,,330.088014125824,10.27339482307434
502,0.031032752245664597,,330.7309274673462,10.286364793777466
503,0.031427718698978424,,331.37240767478943,10.29929518699646
504,0.029621658846735954,,332.0148432254791,10.312283754348755
505,0.029072316363453865,,332.6558439731598,10.325273513793945
506,0.027577033266425133,,333.2983253002167,10.338224411010742
507,0.02730141021311283,,333.939462184906,10.351189613342285
508,0.027697382494807243,,334.580703496933,10.364169836044312
509,0.02723424695432186,,335.22235894203186,10.377103328704834
510,0.02794637717306614,,335.8628339767456,10.390037298202515
511,0.027761513367295265,,336.504980802536,10.402952432632446
512,0.0316871702671051,,337.1470773220062,10.415972232818604
513,0.026614606380462646,,338.12546849250793,10.428946256637573
514,0.026884866878390312,,338.7666480541229,10.441908121109009
515,0.02623232826590538,,339.40867495536804,10.454878807067871
516,0.026331622153520584,,340.0503480434418,10.467802047729492
517,0.026497235521674156,,340.6933891773224,10.480726480484009
518,0.02635929547250271,,341.3343782424927,10.493732452392578
519,0.026708541437983513,,341.9756934642792,10.50670075416565
520,0.028110697865486145,,342.6180806159973,10.519623756408691
521,0.03302044793963432,,343.26036167144775,10.532580137252808
522,0.0328892320394516,,343.9022743701935,10.545595169067383
523,0.02934005856513977,,344.5438299179077,10.558533191680908
524,0.02973899617791176,,345.1857171058655,10.57148551940918
525,0.03207924962043762,,345.82869267463684,10.584479331970215
526,0.032820601016283035,,346.4698917865753,10.597489356994629
527,0.0310434028506279,,347.1117420196533,10.610431432723999
528,0.030909253284335136,,347.75252509117126,10.623414993286133
529,0.030761253088712692,,348.3941125869751,10.636391878128052
530,0.032448381185531616,,349.0349600315094,10.649314403533936
531,0.02733777090907097,,349.6762411594391,10.6622633934021
532,0.030453940853476524,,350.3193004131317,10.675244331359863
533,0.02961837127804756,,350.96200489997864,10.688175201416016
534,0.028925733640789986,,351.6038136482239,10.70114541053772
535,0.02883661724627018,,352.2470054626465,10.714120149612427
536,0.03425771743059158,,352.88843870162964,10.727115869522095
537,0.03555832803249359,,353.5309245586395,10.740076780319214
538,0.03466618061065674,,354.1725540161133,10.753023147583008
539,0.036712680011987686,,354.8136281967163,10.765987873077393
540,0.028351562097668648,,355.7924222946167,10.778940916061401
541,0.02611728571355343,,356.4348888397217,10.791930437088013
542,0.025944774970412254,,357.0782594680786,10.804908752441406
543,0.026179907843470573,,357.7208921909332,10.817853450775146
544,0.027698127552866936,,358.3617744445801,10.830816268920898
545,0.023403244093060493,,359.0038743019104,10.843756914138794
546,0.025165369734168053,,359.64444279670715,10.856759071350098
547,0.026840971782803535,,360.2867519855499,10.86970853805542
548,0.024322859942913055,,360.928653717041,10.882672786712646
549,0.02349761687219143,,361.56935954093933,10.895583868026733
550,0.02715509943664074,,362.2116928100586,10.908565282821655
551,0.021622786298394203,,362.8531446456909,10.921560764312744
552,0.024922216311097145,,363.4937250614166,10.934510231018066
553,0.023115895688533783,,364.13506388664246,10.947439670562744
554,0.02386363409459591,,364.7780177593231,10.960370540618896
555,0.023880278691649437,,365.4200839996338,10.973309993743896
556,0.02998252958059311,,366.0619535446167,10.986248254776001
557,0.024318069219589233,,366.7041537761688,10.999194145202637
558,0.01904175616800785,,367.34595108032227,11.012113094329834
559,0.018363721668720245,,367.98899030685425,11.025115251541138
560,0.019288813695311546,,368.6307098865509,11.038073539733887
561,0.02211195044219494,,369.27209877967834,11.051065444946289
562,0.019623437896370888,,369.91310715675354,11.064035654067993
563,0.02101893723011017,,370.5546224117279,11.076958656311035
564,0.02080908976495266,,371.1953740119934,11.089948415756226
565,0.019411174580454826,,371.8367404937744,11.10289216041565
566,0.01819416880607605,,372.4773168563843,11.115808725357056
567,0.01858356222510338,,373.4559118747711,11.128793478012085
568,0.018258357420563698,,374.0967364311218,11.141735792160034
569,0.019953858107328415,,374.73829221725464,11.154684066772461
570,0.019354574382305145,,375.3803858757019,11.167680263519287
571,0.01828463189303875,,376.0230588912964,11.18065881729126
572,0.021622229367494583,,376.66419863700867,11.193632364273071
573,0.02291000634431839,,377.3074667453766,11.206609964370728
574,0.019728802144527435,,377.94952058792114,11.219560623168945
575,0.022840838879346848,,378.59204602241516,11.232479095458984
576,0.017559701576828957,,379.23382091522217,11.245439291000366
577,0.017949318513274193,,379.87677812576294,11.258382797241211
578,0.021071216091513634,,380.51912236213684,11.27135682106018
579,0.021784566342830658,,381.160306930542,11.28436017036438
580,0.019396629184484482,,381.8032853603363,11.297313690185547
581,0.023184364661574364,,382.4440598487854,11.310305833816528
582,0.03163343667984009,,383.0854411125183,11.323292255401611
583,0.023841870948672295,,383.72663593292236,11.336262226104736
584,0.022807244211435318,,384.3689777851105,11.34922742843628
585,0.02494070678949356,,385.0127799510956,11.362166404724121
586,0.023344136774539948,,385.6540129184723,11.375153064727783
587,0.024135364219546318,,386.29797077178955,11.38810420036316
588,0.02231008931994438,,386.9399025440216,11.401090621948242
589,0.023170175030827522,,387.5812654495239,11.414094924926758
590,0.02479821816086769,,388.22354650497437,11.427019357681274
591,0.022730087861418724,,388.86554622650146,11.440049171447754
592,0.026338104158639908,,389.5068869590759,11.452999114990234
593,0.02250877022743225,,390.14838910102844,11.46593451499939
594,0.022544940933585167,,391.12699699401855,11.478901147842407
595,0.021747523918747902,,391.7685055732727,11.49188494682312
596,0.022945350036025047,,392.410085439682,11.504864931106567
597,0.0193400289863348,,393.0525712966919,11.517832517623901
598,0.01680317521095276,,393.69490575790405,11.530789852142334
599,0.017291029915213585,,394.33632731437683,11.543768405914307
600,0.01887732371687889,,394.9786899089813,11.556712865829468
601,0.021372780203819275,,395.62113785743713,11.569683074951172
602,0.029209554195404053,,396.2625014781952,11.582643747329712
603,0.02229354903101921,,396.9043695926666,11.595666885375977
604,0.021138129755854607,,397.54681611061096,11.608666181564331
605,0.02184678614139557,,398.18856835365295,11.621647119522095
606,0.02070501260459423,,398.82966804504395,11.634602546691895
607,0.022390710189938545,,399.472012758255,11.647573471069336
608,0.02629867196083069,,400.11357378959656,11.660557508468628
609,0.024609478190541267,,400.756041765213,11.673480749130249
610,0.024449339136481285,,401.39693570137024,11.68647313117981
611,0.02143847569823265,,402.0396707057953,11.69945740699768
612,0.019643405452370644,,402.68194031715393,11.712465763092041
613,0.020670756697654724,,403.3236012458801,11.725405931472778
614,0.021996639668941498,,403.96573972702026,11.738292217254639
615,0.020338447764515877,,404.6094377040863,11.751251459121704
616,0.020855018869042397,,405.250287771225,11.76422643661499
617,0.021819060668349266,,405.8934850692749,11.777204990386963
618,0.021179040893912315,,406.5355429649353,11.790168285369873
619,0.022326063364744186,,407.1773715019226,11.803155422210693
620,0.020678315311670303,,407.81936860084534,11.816132068634033
621,0.02027765102684498,,408.7990367412567,11.829141616821289
622,0.019734423607587814,,409.44245982170105,11.842100381851196
623,0.01918279379606247,,410.08386754989624,11.855042695999146
624,0.01984439045190811,,410.7247700691223,11.867975950241089
625,0.02282545529305935,,411.36720752716064,11.880970478057861
626,0.020375821739435196,,412.0078248977661,11.89394760131836
627,0.01985718496143818,,412.6491093635559,11.906924724578857
628,0.02064894326031208,,413.29081439971924,11.919879674911499
629,0.020730169489979744,,413.93350982666016,11.932844638824463
630,0.018881019204854965,,414.5756182670593,11.945807933807373
631,0.018077079206705093,,415.2179207801819,11.958798885345459
632,0.019336415454745293,,415.8585720062256,11.97172999382019
633,0.030794231221079826,,416.50031661987305,11.98472809791565
634,0.025419291108846664,,417.14125204086304,11.997676134109497
635,0.01935533620417118,,417.78331542015076,12.010638236999512
636,0.02529079280793667,,418.4266731739044,12.023622512817383
637,0.023794109001755714,,419.0695753097534,12.036593675613403
638,0.026826925575733185,,419.7131223678589,12.04950737953186
639,0.019564136862754822,,420.3543884754181,12.062464237213135
640,0.024712439626455307,,420.9967987537384,12.07539176940918
641,0.02095319889485836,,421.6387708187103,12.08832573890686
642,0.01776481233537197,,422.2807791233063,12.101306915283203
643,0.017144454643130302,,422.92367792129517,12.11427354812622
644,0.01714584231376648,,423.564480304718,12.127196311950684
645,0.017105452716350555,,424.2088694572449,12.140183925628662
646,0.01722453534603119,,424.84933638572693,12.15313982963562
647,0.017227400094270706,,425.4905529022217,12.166140079498291
648,0.016175851225852966,,426.46880316734314,12.179181098937988
649,0.01701432839035988,,427.1109824180603,12.192176580429077
650,0.017271682620048523,,427.75382709503174,12.205139875411987
651,0.016977529972791672,,428.3970561027527,12.218089818954468
652,0.023845138028264046,,429.03822231292725,12.23110294342041
653,0.022210726514458656,,429.6799199581146,12.244080066680908
654,0.0195473525673151,,430.32107424736023,12.257081031799316
655,0.019573314115405083,,430.9632179737091,12.27003026008606
656,0.018032925203442574,,431.60513520240784,12.282961368560791
657,0.018512079492211342,,432.246484041214,12.29589319229126
658,0.018955674022436142,,432.88799238204956,12.308905363082886
659,0.017341885715723038,,433.5308322906494,12.321865320205688
660,0.017914535477757454,,434.1724944114685,12.334887027740479
661,0.0182343702763319,,434.81420516967773,12.347911834716797
662,0.01780347339808941,,435.45626997947693,12.360813856124878
663,0.01994144916534424,,436.0974988937378,12.373757362365723
664,0.01787741668522358,,436.7407751083374,12.386739730834961
665,0.016857238486409187,,437.3856556415558,12.399680614471436
666,0.01804662123322487,,438.0269980430603,12.412636995315552
667,0.021949633955955505,,438.66822504997253,12.425570249557495
668,0.016847655177116394,,439.3095905780792,12.43855595588684
669,0.017106128856539726,,439.95227098464966,12.451531648635864
670,0.0183432474732399,,440.59415674209595,12.464511394500732
671,0.01697005331516266,,441.2357814311981,12.477458715438843
672,0.01903834380209446,,441.87749123573303,12.490422248840332
673,0.020741088315844536,,442.51897978782654,12.50340485572815
674,0.017343509942293167,,443.1607117652893,12.516336917877197
675,0.017414189875125885,,444.139422416687,12.5292649269104
676,0.01738150231540203,,444.7801342010498,12.542237758636475
677,0.0198068805038929,,445.42195868492126,12.555250883102417
678,0.022921446710824966,,446.06309390068054,12.568200588226318
679,0.022883187979459763,,446.7060067653656,12.58118224143982
680,0.02513662353157997,,447.347284078598,12.594224452972412
681,0.02974114567041397,,447.98836493492126,12.607236623764038
682,0.017313329502940178,,448.6304054260254,12.620256900787354
683,0.017337175086140633,,449.2721633911133,12.633185625076294
684,0.017450056970119476,,449.9131438732147,12.646143198013306
685,0.017147723585367203,,450.5553328990936,12.659054279327393
686,0.016615109518170357,,451.1969757080078,12.67202377319336
687,0.020207323133945465,,451.83930587768555,12.685007572174072
688,0.015971647575497627,,452.48171162605286,12.69797158241272
689,0.017020151019096375,,453.12438440322876,12.71087121963501
690,0.01795869879424572,,453.7652680873871,12.723807573318481
691,0.019969575107097626,,454.406218290329,12.73676061630249
692,0.024475188925862312,,455.0480127334595,12.749733686447144
693,0.0173569917678833,,455.6898264884949,12.762698411941528
694,0.017024921253323555,,456.33139181137085,12.775659561157227
695,0.0167896319180727,,456.974258184433,12.788572549819946
696,0.01596575416624546,,457.6167025566101,12.801531553268433
697,0.02181866765022278,,458.2585518360138,12.814517498016357
698,0.024411119520664215,,458.9005160331726,12.827499389648438
699,0.021663274616003036,,459.54250383377075,12.84051775932312
700,0.02719932608306408,,460.1837491989136,12.853510618209839
701,0.02342788130044937,,460.8285303115845,12.866486072540283
702,0.015905505046248436,,461.8060519695282,12.87945294380188
703,0.016033269464969635,,462.44727063179016,12.892412424087524
704,0.016718175262212753,,463.08860325813293,12.905346155166626
705,0.01853196881711483,,463.73113775253296,12.918355703353882
706,0.017770972102880478,,464.3725664615631,12.931282043457031
707,0.018349722027778625,,465.0149505138397,12.944262266159058
708,0.017397385090589523,,465.6565787792206,12.957200288772583
709,0.019218215718865395,,466.2990016937256,12.970102548599243
710,0.019437622278928757,,466.9418234825134,12.98310136795044
711,0.017827507108449936,,467.58375358581543,12.996139526367188
712,0.015849266201257706,,468.2250792980194,13.009097337722778
713,0.016432689502835274,,468.86647963523865,13.022104263305664
714,0.018487397581338882,,469.5079288482666,13.03511118888855
715,0.015374976210296154,,470.1514093875885,13.048083543777466
716,0.015425929799675941,,470.7929697036743,13.061046123504639
717,0.01606280915439129,,471.435090303421,13.074041843414307
718,0.015456408262252808,,472.07730293273926,13.08698320388794
719,0.015380505472421646,,472.7204096317291,13.09993028640747
720,0.017160700634121895,,473.3622055053711,13.112882375717163
721,0.016398942098021507,,474.00361013412476,13.125827312469482
722,0.017555056139826775,,474.64519453048706,13.138789415359497
723,0.016400976106524467,,475.28657722473145,13.15178370475769
724,0.016315745189785957,,475.92859411239624,13.16480541229248
725,0.01689423806965351,,476.57080364227295,13.17780613899231
726,0.01584537886083126,,477.21152091026306,13.190837860107422
727,0.01511141937226057,,477.8531868457794,13.203845500946045
728,0.014980773441493511,,478.4940176010132,13.216835737228394
729,0.0168088898062706,,479.47210025787354,13.229825973510742
730,0.017028702422976494,,480.11444997787476,13.242778539657593
731,0.015475379303097725,,480.75849509239197,13.25572395324707
732,0.016423756256699562,,481.3995101451874,13.26865267753601
733,0.019633544608950615,,482.04103994369507,13.281649827957153
734,0.015637880191206932,,482.68396067619324,13.294608116149902
735,0.0230802483856678,,483.32541608810425,13.307601690292358
736,0.020148959010839462,,483.9666109085083,13.320558071136475
737,0.019917534664273262,,484.6085214614868,13.333523511886597
738,0.01692737080156803,,485.2498028278351,13.346495389938354
739,0.019465729594230652,,485.89281964302063,13.359487533569336
740,0.018741481006145477,,486.5359127521515,13.372415781021118
741,0.02531503327190876,,487.17696261405945,13.385339736938477
742,0.028357116505503654,,487.8184390068054,13.398312091827393
743,0.019475387409329414,,488.46125292778015,13.411235809326172
744,0.017679883167147636,,489.1032440662384,13.42422890663147
745,0.018525471910834312,,489.74586820602417,13.43723440170288
746,0.018235499039292336,,490.3871030807495,13.450151443481445
747,0.02210831642150879,,491.0302474498749,13.463149309158325
748,0.018626276403665543,,491.6713833808899,13.476151943206787
749,0.017190802842378616,,492.3130660057068,13.48909854888916
750,0.01667935959994793,,492.9556691646576,13.502059936523438
751,0.018225330859422684,,493.5983293056488,13.515039682388306
752,0.018389729782938957,,494.23938274383545,13.527953386306763
753,0.01867050491273403,,494.8805434703827,13.540945529937744
754,0.022290050983428955,,495.522723197937,13.553889036178589
755,0.020788149908185005,,496.1650252342224,13.566851139068604
756,0.022983023896813393,,497.1435110569,13.579828977584839
757,0.023065607994794846,,497.7860417366028,13.592750787734985
758,0.02036592736840248,,498.4272344112396,13.605693101882935
759,0.019831975921988487,,499.0687925815582,13.618658304214478
760,0.020541546866297722,,499.7098274230957,13.631598949432373
761,0.02011057175695896,,500.35164284706116,13.644524574279785
762,0.020740482956171036,,500.99362540245056,13.657474994659424
763,0.02142561413347721,,501.6371099948883,13.670398950576782
764,0.026846909895539284,,502.2786133289337,13.683339834213257
765,0.021940667182207108,,502.9203658103943,13.696261405944824
766,0.020276235416531563,,503.5633499622345,13.709210634231567
767,0.018514472991228104,,504.204776763916,13.722151756286621
768,0.01840919815003872,,504.84719014167786,13.73507046699524
769,0.018855057656764984,,505.490113735199,13.747986793518066
770,0.01869194768369198,,506.1325743198395,13.760957956314087
771,0.018113402649760246,,506.7744405269623,13.773917198181152
772,0.020692186430096626,,507.4156177043915,13.786916255950928
773,0.023122845217585564,,508.05717062950134,13.799901247024536
774,0.024369308724999428,,508.6976170539856,13.812845230102539
775,0.018521741032600403,,509.33957862854004,13.8257737159729
776,0.019433308392763138,,509.980731010437,13.838717699050903
777,0.020957939326763153,,510.62224674224854,13.85164999961853
778,0.0329342782497406,,511.26383805274963,13.864587306976318
779,0.042727693915367126,,511.90570044517517,13.877551317214966
780,0.016634130850434303,,512.5465662479401,13.890505313873291
781,0.017622875049710274,,513.1881146430969,13.903476238250732
782,0.01569133810698986,,513.8290119171143,13.916415691375732
783,0.015480829402804375,,514.807270526886,13.929352283477783
784,0.015948906540870667,,515.4499082565308,13.942315816879272
785,0.016413187608122826,,516.0921189785004,13.955273151397705
786,0.016638780012726784,,516.73415350914,13.968255758285522
787,0.022135477513074875,,517.3765931129456,13.981178760528564
788,0.021118633449077606,,518.0174629688263,13.994121789932251
789,0.01595368981361389,,518.6593153476715,14.00709056854248
790,0.013673059642314911,,519.3010079860687,14.020111560821533
791,0.016167040914297104,,519.9420456886292,14.033038854598999
792,0.015920156612992287,,520.5830185413361,14.046034574508667
793,0.014463694766163826,,521.2241191864014,14.058957576751709
794,0.01365871261805296,,521.8651852607727,14.071868658065796
795,0.015350339002907276,,522.5066373348236,14.084839582443237
796,0.015606421045958996,,523.1469163894653,14.0978102684021
797,0.014504212886095047,,523.7890567779541,14.110771656036377
798,0.015749111771583557,,524.4309794902802,14.123731851577759
799,0.014335516840219498,,525.0721843242645,14.1367027759552
800,0.014555591158568859,,525.7134494781494,14.149651050567627
801,0.017071103677153587,,526.3547775745392,14.162583112716675
802,0.015761859714984894,,526.9956924915314,14.17549991607666
803,0.014529252424836159,,527.6374878883362,14.188453912734985
804,0.014913837425410748,,528.279629945755,14.201366186141968
805,0.01447739452123642,,528.921226978302,14.214325904846191
806,0.01512756198644638,,529.5618901252747,14.227242469787598
807,0.01434872392565012,,530.2032537460327,14.240253925323486
808,0.015413198620080948,,530.8449611663818,14.25318455696106
809,0.016084419563412666,,531.487268447876,14.266145944595337
810,0.014787275344133377,,532.465265750885,14.279102325439453
811,0.015182452276349068,,533.1073014736176,14.292074203491211
812,0.014440624043345451,,533.748931646347,14.305028915405273
813,0.014898567460477352,,534.3908143043518,14.317955017089844
814,0.01587677374482155,,535.0315597057343,14.330948114395142
815,0.016440968960523605,,535.673730134964,14.343946695327759
816,0.014996632933616638,,536.3154072761536,14.356868505477905
817,0.015804685652256012,,536.9581000804901,14.369801759719849
818,0.01545520219951868,,537.6004683971405,14.38276481628418
819,0.015043721534311771,,538.2427959442139,14.39568018913269
820,0.014531215652823448,,538.884651184082,14.408622026443481
821,0.014740975573658943,,539.5258042812347,14.421592473983765
822,0.015037938952445984,,540.1667294502258,14.434568881988525
823,0.015217576175928116,,540.8093504905701,14.447545528411865
824,0.014627077616751194,,541.4511785507202,14.460478782653809
825,0.01567842997610569,,542.0936167240143,14.47349739074707
826,0.021139174699783325,,542.7348463535309,14.486424684524536
827,0.019471488893032074,,543.377635717392,14.499399423599243
828,0.018408188596367836,,544.018132686615,14.51237177848816
829,0.016485292464494705,,544.6603791713715,14.525336980819702
830,0.01634060963988304,,545.3013768196106,14.538275480270386
831,0.016144711524248123,,545.9423882961273,14.55120062828064
832,0.018676243722438812,,546.5841000080109,14.564169883728027
833,0.016048159450292587,,547.2268309593201,14.577139616012573
834,0.016334468498826027,,547.8700089454651,14.590081930160522
835,0.015474718064069748,,548.5111742019653,14.603015899658203
836,0.016326725482940674,,549.1532180309296,14.61595630645752
837,0.016692612320184708,,550.1317894458771,14.62888479232788
838,0.017569713294506073,,550.774941444397,14.641894102096558
839,0.017161065712571144,,551.4180755615234,14.65485143661499
840,0.01838931068778038,,552.0589787960052,14.667803525924683
841,0.022203631699085236,,552.7001194953918,14.680775880813599
842,0.020785560831427574,,553.3413074016571,14.693721294403076
843,0.01892722025513649,,553.9829635620117,14.706669330596924
844,0.016078099608421326,,554.6244578361511,14.719644784927368
845,0.017607562243938446,,555.2668459415436,14.732564926147461
846,0.016932783648371696,,555.9083623886108,14.745535373687744
847,0.015718601644039154,,556.5520544052124,14.758512496948242
848,0.01803470030426979,,557.1940176486969,14.771501541137695
849,0.02072303369641304,,557.835967540741,14.784481287002563
850,0.02099909447133541,,558.4773445129395,14.797390937805176
851,0.019662488251924515,,559.1200377941132,14.810303688049316
852,0.020814422518014908,,559.7606704235077,14.82328176498413
853,0.01780874654650688,,560.4023180007935,14.836248636245728
854,0.017364321276545525,,561.0473568439484,14.849210500717163
855,0.017334649339318275,,561.688732624054,14.862156391143799
856,0.02253739722073078,,562.3309304714203,14.875147342681885
857,0.018983520567417145,,562.9724218845367,14.88807988166809
858,0.02097165957093239,,563.6128900051117,14.901036739349365
859,0.02791488915681839,,564.2551648616791,14.914011001586914
860,0.021954229101538658,,564.8961930274963,14.926993131637573
861,0.018513135612010956,,565.5400624275208,14.939947605133057
862,0.018359964713454247,,566.1816070079803,14.952891826629639
863,0.020597951486706734,,566.8235924243927,14.965845584869385
864,0.020399244502186775,,567.8015873432159,14.978832721710205
865,0.02041763626039028,,568.4428930282593,14.991771221160889
866,0.020435642451047897,,569.084165096283,15.004678010940552
867,0.019684357568621635,,569.727151632309,15.017592191696167
868,0.019210124388337135,,570.3690133094788,15.03061056137085
869,0.02095213532447815,,571.0108788013458,15.043560981750488
870,0.01840507797896862,,571.6525974273682,15.056482791900635
871,0.018693076446652412,,572.2957921028137,15.069421529769897
872,0.0184946209192276,,572.9369077682495,15.082377672195435
873,0.020929578691720963,,573.5791218280792,15.095314979553223
874,0.01907735876739025,,574.2210986614227,15.108251094818115
875,0.01813562400639057,,574.8631994724274,15.121222257614136
876,0.017873317003250122,,575.5055000782013,15.134228706359863
877,0.01670886017382145,,576.1474432945251,15.147161483764648
878,0.0176045224070549,,576.7890548706055,15.160111427307129
879,0.031292881816625595,,577.4310221672058,15.173092126846313
880,0.017167923972010612,,578.0731663703918,15.186079025268555
881,0.016487466171383858,,578.7157692909241,15.199048280715942
882,0.016666514798998833,,579.3575193881989,15.211958646774292
883,0.016207754611968994,,579.998836517334,15.224949836730957
884,0.016522711142897606,,580.6408503055573,15.237894296646118
885,0.016993407160043716,,581.2825591564178,15.250839948654175
886,0.016509676352143288,,581.9238262176514,15.263814210891724
887,0.016140716150403023,,582.5670008659363,15.276751279830933
888,0.015751734375953674,,583.2086305618286,15.289712190628052
889,0.01718667894601822,,583.85120677948,15.302664995193481
890,0.01554470881819725,,584.4947772026062,15.315598487854004
891,0.014560287818312645,,585.473201751709,15.328553676605225
892,0.015504970215260983,,586.114129781723,15.341544389724731
893,0.014269155450165272,,586.7579119205475,15.354511976242065
894,0.014427865855395794,,587.3987200260162,15.36745023727417
895,0.014629099518060684,,588.0403625965118,15.380419731140137
896,0.014716423116624355,,588.6815457344055,15.393347978591919
897,0.015027759596705437,,589.3234915733337,15.40632677078247
898,0.018801793456077576,,589.9643902778625,15.41930603981018
899,0.015925291925668716,,590.6066274642944,15.432284832000732
900,0.015041997656226158,,591.2490842342377,15.44529390335083
901,0.01429707556962967,,591.8909397125244,15.458292245864868
902,0.014002319425344467,,592.5317854881287,15.471229791641235
903,0.01357187982648611,,593.1739847660065,15.484164476394653
904,0.012660306878387928,,593.8159527778625,15.497171401977539
905,0.012305397540330887,,594.458126783371,15.51010513305664
906,0.012118958868086338,,595.1008937358856,15.523097515106201
907,0.01378566212952137,,595.7425889968872,15.536071538925171
908,0.01394325029104948,,596.3841090202332,15.549052476882935
909,0.013912001624703407,,597.025872707367,15.562021017074585
910,0.016915863379836082,,597.6668756008148,15.575057983398438
911,0.0194025207310915,,598.3093347549438,15.58806586265564
912,0.013094134628772736,,598.9516260623932,15.601004600524902
913,0.012789582833647728,,599.5953776836395,15.61397123336792
914,0.012386523187160492,,600.2373123168945,15.626927137374878
915,0.012792151421308517,,600.8790900707245,15.639941930770874
916,0.010497103445231915,,601.5212132930756,15.652961730957031
917,0.013522783294320107,,602.1626546382904,15.665934562683105
918,0.012828276492655277,,603.1421868801117,15.678947448730469
919,0.012444689869880676,,603.7835936546326,15.69194221496582
920,0.01214519515633583,,604.4253299236298,15.704877614974976
921,0.012915452942252159,,605.0668075084686,15.717803239822388
922,0.01251076627522707,,605.7080855369568,15.730733394622803
923,0.012536373920738697,,606.3499617576599,15.743716955184937
924,0.012540411204099655,,606.9931509494781,15.756698369979858
925,0.012485085986554623,,607.6364669799805,15.769613981246948
926,0.012335187755525112,,608.2790172100067,15.782625675201416
927,0.012999647296965122,,608.9211580753326,15.795539379119873
928,0.01598447374999523,,609.566162109375,15.808453559875488
929,0.014264264144003391,,610.2082107067108,15.82136607170105
930,0.01578338071703911,,610.8489730358124,15.834365129470825
931,0.013160903006792068,,611.4909443855286,15.847299098968506
932,0.014384410344064236,,612.132472038269,15.860295534133911
933,0.014856229536235332,,612.7748820781708,15.873295545578003
934,0.013406632468104362,,613.4180042743683,15.886288404464722
935,0.01823810301721096,,614.0603766441345,15.899291515350342
936,0.017758045345544815,,614.7017042636871,15.912223815917969
937,0.024309935048222542,,615.343535900116,15.925183534622192
938,0.019745972007513046,,615.9846487045288,15.938194990158081
939,0.017827613279223442,,616.627546787262,15.951173067092896
940,0.017017627134919167,,617.2701196670532,15.96414566040039
941,0.018216419965028763,,617.9129362106323,15.977126836776733
942,0.018290124833583832,,618.5537278652191,15.990098237991333
943,0.01790383830666542,,619.1955704689026,16.003079652786255
944,0.01938621513545513,,619.8365738391876,16.016035556793213
945,0.018702708184719086,,620.8161387443542,16.02900195121765
946,0.016614533960819244,,621.4577302932739,16.041959047317505
947,0.01630156673491001,,622.10014295578,16.054900884628296
948,0.016584977507591248,,622.7411797046661,16.067899227142334
949,0.015488693490624428,,623.3853573799133,16.08085799217224
950,0.0159238763153553,,624.0262916088104,16.093799591064453
951,0.01891089603304863,,624.667576789856,16.106789350509644
952,0.019051063805818558,,625.3110706806183,16.11974334716797
953,0.016608698293566704,,625.9522681236267,16.132694721221924
954,0.015457428060472012,,626.5933494567871,16.145654916763306
955,0.014694944955408573,,627.2350552082062,16.15860104560852
956,0.014842136763036251,,627.8768155574799,16.171563625335693
957,0.015777310356497765,,628.5191991329193,16.184515476226807
958,0.017614729702472687,,629.1611955165863,16.19746446609497
959,0.01695955917239189,,629.8036458492279,16.21041226387024
960,0.016813894733786583,,630.4450993537903,16.22335910797119
961,0.016207300126552582,,631.0877201557159,16.236331701278687
962,0.015003630891442299,,631.72900223732,16.24925923347473
963,0.014242345467209816,,632.3707439899445,16.26222038269043
964,0.013594753108918667,,633.0136296749115,16.275171756744385
965,0.01409455668181181,,633.6571838855743,16.28814387321472
966,0.01960841752588749,,634.2986624240875,16.301066160202026
967,0.016199877485632896,,634.9408025741577,16.3140606880188
968,0.016202010214328766,,635.5816271305084,16.32700824737549
969,0.015060476958751678,,636.2233560085297,16.339970588684082
970,0.015514242462813854,,636.8651747703552,16.35298466682434
971,0.014666908420622349,,637.5075852870941,16.365933179855347
972,0.020659446716308594,,638.4852826595306,16.378881216049194
973,0.022619469091296196,,639.126945734024,16.391855239868164
974,0.023584341630339622,,639.7686212062836,16.40476679801941
975,0.019735947251319885,,640.4104762077332,16.41769051551819
976,0.02007989026606083,,641.0531108379364,16.430628061294556
977,0.016511626541614532,,641.6945173740387,16.443578481674194
978,0.016028596088290215,,642.3353822231293,16.456570863723755
979,0.013821009546518326,,642.9781513214111,16.469507455825806
980,0.014304148964583874,,643.6204342842102,16.482418060302734
981,0.011626600287854671,,644.2620136737823,16.49538493156433
982,0.014001232571899891,,644.9036028385162,16.508299827575684
983,0.012204235419631004,,645.5477521419525,16.52120590209961
984,0.013292797841131687,,646.1889555454254,16.53419518470764
985,0.012791258282959461,,646.8310232162476,16.547101259231567
986,0.017659777775406837,,647.471981048584,16.560011863708496
987,0.011675169691443443,,648.1155648231506,16.572960376739502
988,0.01181071251630783,,648.756415605545,16.585915327072144
989,0.01277597900480032,,649.398549079895,16.59887671470642
990,0.01565033756196499,,650.039377450943,16.611825942993164
991,0.016017846763134003,,650.6811425685883,16.62483811378479
992,0.01715509593486786,,651.3237917423248,16.637797117233276
993,0.016797523945569992,,651.9647524356842,16.650749444961548
994,0.012938365340232849,,652.6067543029785,16.66368317604065
995,0.01415216363966465,,653.2494564056396,16.676626205444336
996,0.014672327786684036,,653.8924930095673,16.6895809173584
997,0.01783023029565811,,654.5335576534271,16.70249342918396
998,0.013002756983041763,,655.1743004322052,16.715420484542847
999,0.015031509101390839,,656.1527211666107,16.728396892547607
1000,0.016453009098768234,0.003833076683804393,656.793995141983,18.616382122039795
1001,0.011680899187922478,,657.4369556903839,18.62937879562378
1002,0.011978047899901867,,658.0802500247955,18.64233374595642
1003,0.010677572339773178,,658.7217757701874,18.655292510986328
1004,0.012963858433067799,,659.3638532161713,18.6682231426239
1005,0.011633748188614845,,660.0063219070435,18.681172609329224
1006,0.045725006610155106,,660.6471555233002,18.6940975189209
1007,0.011872672475874424,,661.2895855903625,18.707029342651367
1008,0.012748577632009983,,661.9313566684723,18.720009565353394
1009,0.011402488686144352,,662.5735585689545,18.73296093940735
1010,0.010819544084370136,,663.2148010730743,18.74591088294983
1011,0.010639616288244724,,663.8561582565308,18.758893728256226
1012,0.010980933904647827,,664.4976711273193,18.771796703338623
1013,0.011730181984603405,,665.1400001049042,18.784775972366333
1014,0.010877175256609917,,665.781656742096,18.797759771347046
1015,0.011136793531477451,,666.4238607883453,18.81072235107422
1016,0.011134586296975613,,667.0677099227905,18.823729753494263
1017,0.011981052346527576,,667.7097978591919,18.83663821220398
1018,0.0120621956884861,,668.3514113426208,18.84958004951477
1019,0.013898134231567383,,668.993124961853,18.862584590911865
1020,0.012205906212329865,,669.6343965530396,18.875577926635742
1021,0.01369626447558403,,670.2771542072296,18.888558387756348
1022,0.012560890056192875,,670.9181258678436,18.901585340499878
1023,0.012506942264735699,,671.5617616176605,18.914544105529785
1024,0.012164715677499771,,672.2038245201111,18.927504062652588
1025,0.012134342454373837,,672.8464572429657,18.940488576889038
1026,0.08718238770961761,,673.8253653049469,18.953418016433716
1027,0.04613850638270378,,674.4675688743591,18.96641516685486
1028,0.02605525217950344,,675.1087973117828,18.979356288909912
1029,0.01876247301697731,,675.7500941753387,18.99232530593872
1030,0.016570357605814934,,676.3928589820862,19.005269527435303
1031,0.01460783090442419,,677.0347681045532,19.018188953399658
1032,0.01335176732391119,,677.6774296760559,19.031145334243774
1033,0.01278427243232727,,678.3193945884705,19.044114351272583
1034,0.01318517979234457,,678.9603047370911,19.057053089141846
1035,0.013234240002930164,,679.6019611358643,19.070022583007812
1036,0.012426584027707577,,680.2434258460999,19.082932949066162
1037,0.012349181808531284,,680.8849787712097,19.09588050842285
1038,0.012011662125587463,,681.5257167816162,19.108834743499756
1039,0.012018876150250435,,682.1673586368561,19.121832132339478
1040,0.011996135115623474,,682.8092350959778,19.13483428955078
1041,0.01213815901428461,,683.4504795074463,19.147828340530396
1042,0.012143503874540329,,684.0920641422272,19.160744667053223
1043,0.011966378428041935,,684.7342939376831,19.17366909980774
1044,0.011900143697857857,,685.375901222229,19.186630964279175
1045,0.011888707056641579,,686.017609834671,19.19958996772766
1046,0.011686601676046848,,686.6592967510223,19.212527751922607
1047,0.012739737518131733,,687.301177740097,19.225484371185303
1048,0.012796187773346901,,687.9444794654846,19.23843812942505
1049,0.012511447072029114,,688.5862102508545,19.251418352127075
1050,0.011714881286025047,,689.2277538776398,19.264354944229126
1051,0.08963797241449356,,689.8690412044525,19.277309894561768
1052,0.06932034343481064,,690.5117998123169,19.290224313735962
1053,0.05790053680539131,,691.4917924404144,19.30325698852539
1054,0.04344581812620163,,692.1332576274872,19.316197156906128
1055,0.03455839306116104,,692.7762155532837,19.329148530960083
1056,0.028995081782341003,,693.417982339859,19.34211754798889
1057,0.025660760700702667,,694.0597405433655,19.35508394241333
1058,0.020922096446156502,,694.7007110118866,19.368022441864014
1059,0.01988702081143856,,695.3417048454285,19.381019830703735
1060,0.018245838582515717,,695.9831638336182,19.393985509872437
1061,0.01687079854309559,,696.6258790493011,19.40695333480835
1062,0.01592119038105011,,697.2673046588898,19.419896125793457
1063,0.015308348461985588,,697.9093217849731,19.43282437324524
1064,0.015346850268542767,,698.549905538559,19.44579315185547
1065,0.015039080753922462,,699.1918518543243,19.45872211456299
1066,0.014592785388231277,,699.8327894210815,19.47167706489563
1067,0.014593427069485188,,700.4745705127716,19.484633684158325
1068,0.014312021434307098,,701.1152021884918,19.497554302215576
1069,0.014235676266252995,,701.7588243484497,19.510525941848755
1070,0.014461510814726353,,702.3994097709656,19.523459911346436
1071,0.014792404137551785,,703.0410354137421,19.536461353302002
1072,0.013925908133387566,,703.6817865371704,19.549402475357056
1073,0.014185965061187744,,704.3231854438782,19.562336683273315
1074,0.014150160364806652,,704.9646651744843,19.57532048225403
1075,0.013519404456019402,,705.6063678264618,19.588263273239136
1076,0.013330511748790741,,706.2477941513062,19.60120177268982
1077,0.013169432990252972,,706.8890476226807,19.614176988601685
1078,0.012848329730331898,,707.5301065444946,19.6271231174469
1079,0.013104407116770744,,708.1718461513519,19.640050888061523
1080,0.012852229177951813,,709.1495456695557,19.653030395507812
1081,0.0137995146214962,,709.7903354167938,19.66597819328308
1082,0.012768169865012169,,710.4325306415558,19.678884506225586
1083,0.012476355768740177,,711.0742523670197,19.691900968551636
1084,0.012260704301297665,,711.7160863876343,19.704875230789185
1085,0.011697717942297459,,712.3580808639526,19.71783995628357
1086,0.0113326171413064,,712.9996428489685,19.730772495269775
1087,0.011471705511212349,,713.6422588825226,19.743773460388184
1088,0.011713659390807152,,714.2835652828217,19.75676465034485
1089,0.011994244530797005,,714.9276421070099,19.76971745491028
1090,0.012095341458916664,,715.5688543319702,19.782763719558716
1091,0.01231233961880207,,716.2101130485535,19.79573702812195
1092,0.011619255878031254,,716.8506965637207,19.80876660346985
1093,0.01154891774058342,,717.49271941185,19.82173466682434
1094,0.012063056230545044,,718.1338584423065,19.834714889526367
1095,0.011988524347543716,,718.7757585048676,19.847688674926758
1096,0.011772027239203453,,719.4169523715973,19.86067819595337
1097,0.010905067436397076,,720.0594017505646,19.8736515045166
1098,0.011029490269720554,,720.7009069919586,19.886630296707153
1099,0.011176085099577904,,721.342643737793,19.899625778198242
1100,0.01077315490692854,,721.9853148460388,19.912604570388794
1101,0.0106764892116189,,722.6273376941681,19.92555260658264
1102,0.01064513623714447,,723.2688162326813,19.938510179519653
1103,0.010742466896772385,,723.9115347862244,19.951446294784546
1104,0.010729118250310421,,724.5530498027802,19.964390754699707
1105,0.01072272565215826,,725.1956670284271,19.977304458618164
1106,0.0114041892811656,,725.8381605148315,19.99031162261963
1107,0.010797159746289253,,726.8187444210052,20.00326418876648
1108,0.011045780964195728,,727.460286617279,20.016268253326416
1109,0.011887067928910255,,728.1037130355835,20.02926540374756
1110,0.01295706070959568,,728.7454948425293,20.04223346710205
1111,0.013582378625869751,,729.3868689537048,20.055168390274048
1112,0.012203306891024113,,730.0293917655945,20.068115949630737
1113,0.012869825586676598,,730.6706442832947,20.08108115196228
1114,0.012655614875257015,,731.3125207424164,20.09406018257141
1115,0.01274130679666996,,731.9537086486816,20.107072591781616
1116,0.012522385455667973,,732.5945870876312,20.12000799179077
1117,0.011002668179571629,,733.2362859249115,20.132981538772583
1118,0.011335748247802258,,733.8772349357605,20.145968675613403
1119,0.011222354136407375,,734.5225942134857,20.158888339996338
1120,0.011112017557024956,,735.1633515357971,20.17189121246338
1121,0.011663676239550114,,735.8054134845734,20.18490719795227
1122,0.011096132919192314,,736.448481798172,20.19787359237671
1123,0.010853409767150879,,737.0905604362488,20.210846424102783
1124,0.011430189944803715,,737.7317554950714,20.223776817321777
1125,0.011529271490871906,,738.3737552165985,20.236734867095947
1126,0.0111450906842947,,739.0148637294769,20.249703884124756
1127,0.011424863710999489,,739.6567521095276,20.262641429901123
1128,0.010851777158677578,,740.2977004051208,20.275627851486206
1129,0.010612091980874538,,740.9390432834625,20.28861904144287
1130,0.010541697032749653,,741.5823335647583,20.301653146743774
1131,0.010390019975602627,,742.2256293296814,20.314629554748535
1132,0.010353215038776398,,742.8666181564331,20.327555418014526
1133,0.010974109172821045,,743.5077221393585,20.340513706207275
1134,0.01038147322833538,,744.4860241413116,20.35344672203064
1135,0.010997205972671509,,745.1273326873779,20.366395235061646
1136,0.011205295100808144,,745.7704019546509,20.379374980926514
1137,0.010709434747695923,,746.4127781391144,20.39242696762085
1138,0.01071092952042818,,747.0536103248596,20.4054012298584
1139,0.01144927553832531,,747.6972801685333,20.418323040008545
1140,0.011728974059224129,,748.3403544425964,20.43128228187561
1141,0.01101609505712986,,748.9833161830902,20.444226503372192
1142,0.010895785875618458,,749.6245505809784,20.45719838142395
1143,0.011285994201898575,,750.2666473388672,20.470163345336914
1144,0.012313288636505604,,750.9081718921661,20.483153104782104
1145,0.011938251554965973,,751.550637960434,20.496140241622925
1146,0.011331554502248764,,752.1916389465332,20.509121417999268
1147,0.011176479049026966,,752.8361186981201,20.522095441818237
1148,0.010110817849636078,,753.4772629737854,20.535059690475464
1149,0.01113936398178339,,754.1200287342072,20.548022747039795
1150,0.010211142711341381,,754.7622170448303,20.560960054397583
1151,0.011034304276108742,,755.4050917625427,20.573886394500732
1152,0.01132944691926241,,756.0461752414703,20.58686065673828
1153,0.011642464436590672,,756.6899273395538,20.599834442138672
1154,0.011225946247577667,,757.3311448097229,20.61282992362976
1155,0.010315649211406708,,757.9727461338043,20.625797986984253
1156,0.010199702344834805,,758.6143462657928,20.638748168945312
1157,0.010943361558020115,,759.2565939426422,20.651676416397095
1158,0.010981275700032711,,759.8981773853302,20.664612531661987
1159,0.010993964038789272,,760.5397515296936,20.67766523361206
1160,0.010820613242685795,,761.181604385376,20.69059729576111
1161,0.010246440768241882,,762.1598122119904,20.70361304283142
1162,0.010041563771665096,,762.8015356063843,20.71657419204712
1163,0.010358156636357307,,763.4437868595123,20.7295401096344
1164,0.011636625044047832,,764.0863029956818,20.742467164993286
1165,0.012849779799580574,,764.7290999889374,20.75545859336853
1166,0.010012567043304443,,765.3697729110718,20.76843786239624
1167,0.010401896201074123,,766.0110037326813,20.78141689300537
1168,0.009911042638123035,,766.653974533081,20.794383764266968
1169,0.010310204699635506,,767.2972402572632,20.807334661483765
1170,0.010270465165376663,,767.9385969638824,20.820307970046997
1171,0.01000330038368702,,768.5798420906067,20.833292722702026
1172,0.009927425533533096,,769.2212660312653,20.846232652664185
1173,0.009871328249573708,,769.8645679950714,20.859244108200073
1174,0.010120968334376812,,770.5055494308472,20.872259855270386
1175,0.009916204959154129,,771.1471548080444,20.885234355926514
1176,0.010631282813847065,,771.787769317627,20.898205518722534
1177,0.010894125327467918,,772.4292647838593,20.911139726638794
1178,0.011365288868546486,,773.0709371566772,20.924071073532104
1179,0.011186732910573483,,773.7134184837341,20.937026500701904
1180,0.01178993470966816,,774.3547034263611,20.949975967407227
1181,0.010787049308419228,,774.9972593784332,20.962917804718018
1182,0.010806240141391754,,775.6405344009399,20.975878715515137
1183,0.012658401392400265,,776.283219575882,20.988868474960327
1184,0.014038864523172379,,776.9254829883575,21.0018413066864
1185,0.01362751517444849,,777.5686595439911,21.014790058135986
1186,0.01151582133024931,,778.2103292942047,21.027790069580078
1187,0.01111720409244299,,778.8525557518005,21.040740966796875
1188,0.009836344979703426,,779.8299362659454,21.05365514755249
1189,0.010524101555347443,,780.4722876548767,21.066641330718994
1190,0.009940375573933125,,781.1134214401245,21.07957696914673
1191,0.009447584860026836,,781.7572712898254,21.092538118362427
1192,0.010365443304181099,,782.3986067771912,21.10546898841858
1193,0.010053524747490883,,783.0419464111328,21.118420124053955
1194,0.009500773623585701,,783.6828148365021,21.13135075569153
1195,0.009929182007908821,,784.3247480392456,21.144296884536743
1196,0.009422327391803265,,784.9675781726837,21.15726590156555
1197,0.009714413434267044,,785.6103746891022,21.17019772529602
1198,0.009152851067483425,,786.2524607181549,21.1831693649292
1199,0.009939242154359818,,786.8942701816559,21.19610333442688
1200,0.011641978286206722,,787.5348205566406,21.20906400680542
1201,0.012031016871333122,,788.1766934394836,21.222049474716187
1202,0.011394384317100048,,788.8191459178925,21.23499059677124
1203,0.011895242147147655,,789.4614236354828,21.247977018356323
1204,0.012396936304867268,,790.10400223732,21.260974884033203
1205,0.011753329075872898,,790.7463054656982,21.273871660232544
1206,0.011494596488773823,,791.3877427577972,21.286852598190308
1207,0.010668289847671986,,792.0298590660095,21.299806833267212
1208,0.011176696978509426,,792.6729588508606,21.312756538391113
1209,0.010610734112560749,,793.313880443573,21.3256676197052
1210,0.011866442859172821,,793.9554224014282,21.338608503341675
1211,0.011281951330602169,,794.5978705883026,21.351556539535522
1212,0.010150600224733353,,795.2392208576202,21.36450958251953
1213,0.010248534381389618,,795.8823924064636,21.377431392669678
1214,0.01314019039273262,,796.5229370594025,21.390377521514893
1215,0.011199302971363068,,797.5014612674713,21.403347730636597
1216,0.012408928014338017,,798.1425909996033,21.41629123687744
1217,0.011712143197655678,,798.7837860584259,21.429250955581665
1218,0.009449866600334644,,799.4246065616608,21.442181825637817
1219,0.01086669135838747,,800.0663175582886,21.455145597457886
1220,0.015129084698855877,,800.7076814174652,21.468141317367554
1221,0.013250897638499737,,801.348833322525,21.48111391067505
1222,0.011704860255122185,,801.9900887012482,21.494080781936646
1223,0.01310054399073124,,802.6328072547913,21.507014274597168
1224,0.012045130133628845,,803.274091720581,21.51994037628174
1225,0.013176619075238705,,803.9169125556946,21.53288984298706
1226,0.0129097243770957,,804.5601456165314,21.54582643508911
1227,0.011889999732375145,,805.202691078186,21.558751821517944
1228,0.011580723337829113,,805.8436307907104,21.571683406829834
1229,0.01383968349546194,,806.4867289066315,21.58465576171875
1230,0.013994947075843811,,807.1278562545776,21.59758758544922
1231,0.009835941717028618,,807.7702014446259,21.610495567321777
1232,0.011838182806968689,,808.4128773212433,21.623425006866455
1233,0.011214200407266617,,809.0556032657623,21.636332750320435
1234,0.010589954443275928,,809.6975226402283,21.64928388595581
1235,0.010882199741899967,,810.3400385379791,21.66217851638794
1236,0.009772009216248989,,810.981680393219,21.67512321472168
1237,0.010139047168195248,,811.6242456436157,21.688076972961426
1238,0.009133358485996723,,812.2683982849121,21.701006412506104
1239,0.009518099017441273,,812.911069393158,21.713988542556763
1240,0.009960193186998367,,813.5536522865295,21.726943969726562
1241,0.010887235403060913,,814.1959555149078,21.739917993545532
1242,0.01136806607246399,,815.1738533973694,21.75294041633606
1243,0.009976131841540337,,815.8151879310608,21.765900135040283
1244,0.010240275412797928,,816.4562394618988,21.778825759887695
1245,0.010254316963255405,,817.0988540649414,21.791816234588623
1246,0.009503873065114021,,817.7406027317047,21.80478525161743
1247,0.00931992195546627,,818.3822114467621,21.817723274230957
1248,0.009027636609971523,,819.0244212150574,21.830636024475098
1249,0.010078711435198784,,819.6660265922546,21.84357237815857
1250,0.009985299780964851,,820.3074104785919,21.856516361236572
1251,0.010676158592104912,,820.949300289154,21.869447231292725
1252,0.009569598361849785,,821.5914525985718,21.882404327392578
1253,0.008966547437012196,,822.234724521637,21.895373106002808
1254,0.011018302291631699,,822.8763353824615,21.90835738182068
1255,0.011915699578821659,,823.5181691646576,21.9213604927063
1256,0.00983566977083683,,824.1604385375977,21.934248447418213
1257,0.011630560271441936,,824.8033928871155,21.947222232818604
1258,0.011660296469926834,,825.4461693763733,21.960156679153442
1259,0.01310652680695057,,826.0892510414124,21.973092794418335
1260,0.01081036776304245,,826.7310826778412,21.9860680103302
1261,0.012247043661773205,,827.3723299503326,21.999002695083618
1262,0.01420675590634346,,828.0138192176819,22.011990785598755
1263,0.011828535236418247,,828.6565313339233,22.02495050430298
1264,0.012937035411596298,,829.2989325523376,22.037896871566772
1265,0.010719438083469868,,829.9424591064453,22.050869941711426
1266,0.009354488924145699,,830.5850858688354,22.063795566558838
1267,0.011332600377500057,,831.227968454361,22.0767240524292
1268,0.010465098544955254,,831.8696312904358,22.089659452438354
1269,0.010093015618622303,,832.8479905128479,22.10264301300049
1270,0.00940424483269453,,833.4902923107147,22.115628004074097
1271,0.011178998276591301,,834.1321532726288,22.128557205200195
1272,0.010551120154559612,,834.7739191055298,22.14149785041809
1273,0.011441274546086788,,835.4171757698059,22.15441131591797
1274,0.009824330918490887,,836.060195684433,22.167362689971924
1275,0.009364316239953041,,836.7019987106323,22.180328607559204
1276,0.010358389467000961,,837.345406293869,22.193342447280884
1277,0.010561615228652954,,837.986709356308,22.206294775009155
1278,0.010708121582865715,,838.6281299591064,22.219236850738525
1279,0.012552575208246708,,839.2704257965088,22.23217749595642
1280,0.013330875895917416,,839.9113190174103,22.245160818099976
1281,0.012074972502887249,,840.5537030696869,22.25812339782715
1282,0.012434536591172218,,841.1953227519989,22.271034002304077
1283,0.00954356137663126,,841.8366260528564,22.284015893936157
1284,0.009196724742650986,,842.4777595996857,22.297008275985718
1285,0.01112129632383585,,843.1210789680481,22.309964179992676
1286,0.010965559631586075,,843.7644152641296,22.322898626327515
1287,0.012808616273105145,,844.4065170288086,22.33586859703064
1288,0.010793082416057587,,845.0476899147034,22.348812103271484
1289,0.01019739918410778,,845.689159154892,22.36178708076477
1290,0.010258418507874012,,846.3308968544006,22.374806880950928
1291,0.01006354484707117,,846.9726438522339,22.38777470588684
1292,0.009756256826221943,,847.613956451416,22.40077495574951
1293,0.009480132721364498,,848.2562248706818,22.413732767105103
1294,0.009921752847731113,,848.8983516693115,22.426792860031128
1295,0.013625193387269974,,849.5405328273773,22.439744234085083
1296,0.011871160939335823,,850.5182251930237,22.45268678665161
1297,0.01172476913779974,,851.1603527069092,22.4656662940979
1298,0.01379313413053751,,851.802773475647,22.478646516799927
1299,0.011571004055440426,,852.4443712234497,22.491584062576294
1300,0.011939824558794498,,853.0856750011444,22.504558086395264
1301,0.0133830476552248,,853.7275891304016,22.517516136169434
1302,0.013229671865701675,,854.3700931072235,22.530515909194946
1303,0.01304558478295803,,855.0134193897247,22.54346251487732
1304,0.014929342083632946,,855.6545374393463,22.556441068649292
1305,0.015478295274078846,,856.2971658706665,22.56942081451416
1306,0.013222129084169865,,856.9387903213501,22.582410097122192
1307,0.012726646848022938,,857.5815734863281,22.595383167266846
1308,0.018674902617931366,,858.2233073711395,22.608399868011475
1309,0.011843848042190075,,858.8645503520966,22.621366024017334
1310,0.011784614063799381,,859.505802154541,22.634328603744507
1311,0.010165487416088581,,860.1480560302734,22.647218942642212
1312,0.01000780239701271,,860.788610458374,22.660130739212036
1313,0.01020203996449709,,861.4315896034241,22.673125982284546
1314,0.010860808193683624,,862.0740752220154,22.686036109924316
1315,0.011000030674040318,,862.7159297466278,22.69895052909851
1316,0.011523724533617496,,863.3572013378143,22.711982011795044
1317,0.01209310907870531,,864.0018274784088,22.72496724128723
1318,0.014102408662438393,,864.6444153785706,22.737908124923706
1319,0.011572981253266335,,865.2879438400269,22.750874757766724
1320,0.01059809885919094,,865.9287164211273,22.76382088661194
1321,0.01083354465663433,,866.5703554153442,22.776832580566406
1322,0.01124092098325491,,867.2115013599396,22.78976821899414
1323,0.011860913597047329,,868.1908416748047,22.80273723602295
1324,0.015578457154333591,,868.8331389427185,22.81567931175232
1325,0.013299661688506603,,869.4754736423492,22.828683614730835
1326,0.012952666729688644,,870.116289138794,22.841678857803345
1327,0.012507691979408264,,870.7575604915619,22.854647397994995
1328,0.013918441720306873,,871.400190114975,22.867586374282837
1329,0.011866817250847816,,872.0427920818329,22.880504369735718
1330,0.00996105931699276,,872.6851358413696,22.89344334602356
1331,0.010100284591317177,,873.326132774353,22.906370639801025
1332,0.01066223531961441,,873.9668304920197,22.91934847831726
1333,0.009765099734067917,,874.608969449997,22.93231725692749
1334,0.01148549560457468,,875.250862121582,22.945329904556274
1335,0.012042858637869358,,875.8921642303467,22.958305597305298
1336,0.010881046764552593,,876.5334641933441,22.97129797935486
1337,0.010343462228775024,,877.176798582077,22.98420763015747
1338,0.011979063041508198,,877.8193936347961,22.997207403182983
1339,0.01008549053221941,,878.4614071846008,23.010186433792114
1340,0.012192144058644772,,879.103143453598,23.023115873336792
1341,0.014078055508434772,,879.7461347579956,23.036089181900024
1342,0.015113204717636108,,880.3870985507965,23.049049377441406
1343,0.016625167801976204,,881.0289673805237,23.062026500701904
1344,0.02269112691283226,,881.6700577735901,23.07501220703125
1345,0.013418860733509064,,882.312824010849,23.08794617652893
1346,0.011539270170032978,,882.9551088809967,23.10091257095337
1347,0.011445470154285431,,883.5965464115143,23.113892316818237
1348,0.011923535726964474,,884.2386741638184,23.126884937286377
1349,0.013853457756340504,,884.8807559013367,23.13986873626709
1350,0.011845801025629044,,885.8578314781189,23.152811765670776
1351,0.01277015171945095,,886.499568939209,23.165738582611084
1352,0.01284823939204216,,887.1402690410614,23.178725004196167
1353,0.012871741317212582,,887.7839953899384,23.19167971611023
1354,0.012071456760168076,,888.4261405467987,23.204640865325928
1355,0.0137388426810503,,889.0678098201752,23.217636108398438
1356,0.011587180197238922,,889.7090311050415,23.230602502822876
1357,0.01104594487696886,,890.3510432243347,23.2435519695282
1358,0.016353391110897064,,890.9928317070007,23.25650978088379
1359,0.011829317547380924,,891.63423371315,23.269428253173828
1360,0.01455678604543209,,892.2750902175903,23.28237771987915
1361,0.014986715279519558,,892.9171135425568,23.295374631881714
1362,0.01450489740818739,,893.5582027435303,23.308327198028564
1363,0.015165039338171482,,894.1998541355133,23.32135009765625
1364,0.015319706872105598,,894.841813325882,23.33437490463257
1365,0.014989963732659817,,895.4841322898865,23.34735894203186
1366,0.011407613754272461,,896.1252744197845,23.360358953475952
1367,0.010998561978340149,,896.7668619155884,23.37333393096924
1368,0.013201885856688023,,897.407559633255,23.38627815246582
1369,0.010489863343536854,,898.0514876842499,23.39922857284546
1370,0.012905865907669067,,898.6925358772278,23.41216278076172
1371,0.012964973226189613,,899.3351442813873,23.425142526626587
1372,0.011455901898443699,,899.9774224758148,23.4381320476532
1373,0.010105110704898834,,900.6193928718567,23.45114803314209
1374,0.012141266837716103,,901.2604212760925,23.46410632133484
1375,0.019397875294089317,,901.9017531871796,23.47707462310791
1376,0.015403492376208305,,902.5432319641113,23.49003767967224
1377,0.01495042722672224,,903.5212802886963,23.503039598464966
1378,0.011938711628317833,,904.1637246608734,23.515976905822754
1379,0.012717470526695251,,904.8064544200897,23.5289409160614
1380,0.014299346134066582,,905.4512512683868,23.541847944259644
1381,0.014173735864460468,,906.0924708843231,23.554843187332153
1382,0.020659824833273888,,906.7352855205536,23.567810773849487
1383,0.013340122997760773,,907.377210855484,23.580852508544922
1384,0.01105581596493721,,908.0187656879425,23.593842267990112
1385,0.015770534053444862,,908.6597995758057,23.606810331344604
1386,0.011431346647441387,,909.3009157180786,23.619816541671753
1387,0.01133778691291809,,909.944118976593,23.632808923721313
1388,0.012051397003233433,,910.5854825973511,23.64576482772827
1389,0.011302206665277481,,911.2266232967377,23.658730268478394
1390,0.013684922829270363,,911.8692290782928,23.67167615890503
1391,0.009580210782587528,,912.5118274688721,23.684643983840942
1392,0.010827837511897087,,913.1542265415192,23.697561264038086
1393,0.01261921040713787,,913.795984506607,23.710514307022095
1394,0.010774909518659115,,914.4365973472595,23.72355055809021
1395,0.009955462999641895,,915.0776300430298,23.736527919769287
1396,0.013432790525257587,,915.719110250473,23.749491930007935
1397,0.014252392575144768,,916.3610672950745,23.76242232322693
1398,0.012827586382627487,,917.0023412704468,23.775369882583618
1399,0.01091258879750967,,917.6444928646088,23.788318157196045
1400,0.011722791939973831,,918.2856287956238,23.80122447013855
1401,0.010413977317512035,,918.9272644519806,23.8142306804657
1402,0.009651458822190762,,919.5682990550995,23.827226161956787
1403,0.010114778764545918,,920.2116177082062,23.84018325805664
1404,0.011476920917630196,,921.1911082267761,23.853180408477783
1405,0.011819755658507347,,921.8331356048584,23.866124629974365
1406,0.009036717936396599,,922.4742183685303,23.87908911705017
1407,0.010025236755609512,,923.1174170970917,23.892022609710693
1408,0.010951219126582146,,923.7587139606476,23.90500831604004
1409,0.013636874966323376,,924.4003374576569,23.917962789535522
1410,0.009083257988095284,,925.0410430431366,23.9308922290802
1411,0.009597988799214363,,925.6836040019989,23.943800926208496
1412,0.01095905527472496,,926.3245565891266,23.95682168006897
1413,0.010367317125201225,,926.9664978981018,23.96982169151306
1414,0.009374701417982578,,927.6069009304047,23.982818603515625
1415,0.013393943198025227,,928.2496039867401,23.995782136917114
1416,0.01306935679167509,,928.8908650875092,24.00876474380493
1417,0.008227203041315079,,929.5350255966187,24.02173686027527
1418,0.01417229138314724,,930.17902302742,24.03471565246582
1419,0.013251274824142456,,930.8215148448944,24.047709941864014
1420,0.01548061240464449,,931.4633758068085,24.060688734054565
1421,0.015670133754611015,,932.106321811676,24.073644399642944
1422,0.01019279845058918,,932.7480716705322,24.08664345741272
1423,0.00936924945563078,,933.3893568515778,24.09963870048523
1424,0.009671982377767563,,934.0312263965607,24.112600564956665
1425,0.015799418091773987,,934.671980381012,24.12553882598877
1426,0.01336829923093319,,935.3143527507782,24.13851547241211
1427,0.01908780261874199,,935.9588398933411,24.151456356048584
1428,0.017112864181399345,,936.6006438732147,24.164472579956055
1429,0.012737325392663479,,937.2421462535858,24.177454948425293
1430,0.016391349956393242,,937.8837668895721,24.1904616355896
1431,0.015063696540892124,,938.862462759018,24.203445196151733
1432,0.010861282236874104,,939.5043978691101,24.216437339782715
1433,0.010718719102442265,,940.1477191448212,24.229413747787476
1434,0.010914243757724762,,940.788834810257,24.24241590499878
1435,0.01149660162627697,,941.4310359954834,24.255338668823242
1436,0.01002931222319603,,942.073431968689,24.268342971801758
1437,0.009980159811675549,,942.7156505584717,24.28130841255188
1438,0.010745580308139324,,943.3573703765869,24.2942795753479
1439,0.012843644246459007,,943.9992370605469,24.307257413864136
1440,0.01165500283241272,,944.6410257816315,24.320223808288574
1441,0.010096350684762001,,945.2826819419861,24.333142042160034
1442,0.013594456017017365,,945.9257752895355,24.346101760864258
1443,0.013213497586548328,,946.5674333572388,24.35907483100891
1444,0.012732390314340591,,947.2085156440735,24.37205934524536
1445,0.012014627456665039,,947.8497745990753,24.385016679763794
1446,0.011877703480422497,,948.4903719425201,24.39796543121338
1447,0.012902257964015007,,949.1319048404694,24.410924673080444
1448,0.01109851710498333,,949.7722754478455,24.4238760471344
1449,0.015862880274653435,,950.4134361743927,24.436854600906372
1450,0.01716144010424614,,951.0562181472778,24.449780225753784
1451,0.013022920116782188,,951.7002096176147,24.462755918502808
1452,0.01351311057806015,,952.3434271812439,24.47573971748352
1453,0.011821206659078598,,952.9848351478577,24.488688707351685
1454,0.010532427579164505,,953.6260433197021,24.50168204307556
1455,0.009142168797552586,,954.2688572406769,24.514688730239868
1456,0.010884426534175873,,954.9102849960327,24.527724981307983
1457,0.010264717042446136,,955.5517065525055,24.54068636894226
1458,0.010975389741361141,,956.5296261310577,24.55363416671753
1459,0.009534579701721668,,957.1722118854523,24.566648960113525
1460,0.009858154691755772,,957.8130071163177,24.579585075378418
1461,0.009791994467377663,,958.4553141593933,24.59256148338318
1462,0.009622800163924694,,959.0966150760651,24.605544567108154
1463,0.008298737928271294,,959.7382864952087,24.618465185165405
1464,0.012543361634016037,,960.3807592391968,24.631401300430298
1465,0.012955804355442524,,961.0224869251251,24.64441418647766
1466,0.011060402728617191,,961.664787530899,24.65742039680481
1467,0.009197619743645191,,962.3081715106964,24.670394897460938
1468,0.010439636185765266,,962.949408531189,24.683343410491943
1469,0.010689198970794678,,963.591584444046,24.696295261383057
1470,0.009598180651664734,,964.2333796024323,24.709253072738647
1471,0.009146692231297493,,964.8750808238983,24.72219753265381
1472,0.009874371811747551,,965.5163097381592,24.735098123550415
1473,0.010430851951241493,,966.1581420898438,24.748023748397827
1474,0.011749678291380405,,966.800379037857,24.760958433151245
1475,0.01690039038658142,,967.4443368911743,24.773982524871826
1476,0.01757851243019104,,968.0864918231964,24.786983728408813
1477,0.01184938382357359,,968.7284142971039,24.79995346069336
1478,0.011045067571103573,,969.3706932067871,24.812922477722168
1479,0.010659568943083286,,970.0120861530304,24.825928926467896
1480,0.0114052789285779,,970.6555345058441,24.83892798423767
1481,0.012406525202095509,,971.2979698181152,24.851912260055542
1482,0.011562909930944443,,971.9392280578613,24.86485743522644
1483,0.01358272135257721,,972.580872297287,24.87781071662903
1484,0.009955618530511856,,973.222829580307,24.890779495239258
1485,0.012340703047811985,,974.2008903026581,24.90374445915222
1486,0.010001817718148232,,974.8421337604523,24.916677951812744
1487,0.009426102973520756,,975.4848618507385,24.929662704467773
1488,0.010383888147771358,,976.1263709068298,24.94260311126709
1489,0.008680161088705063,,976.7673964500427,24.955643892288208
1490,0.010509219951927662,,977.4091649055481,24.968605279922485
1491,0.012422350235283375,,978.0501737594604,24.981523275375366
1492,0.008565962314605713,,978.6919312477112,24.994473934173584
1493,0.010972239077091217,,979.3334686756134,25.00743079185486
1494,0.00988062098622322,,979.9742457866669,25.02041530609131
1495,0.009979813359677792,,980.6159472465515,25.03339672088623
1496,0.012286826968193054,,981.2575972080231,25.04643702507019
1497,0.011322021484375,,981.89866065979,25.059431314468384
1498,0.008959095925092697,,982.5407845973969,25.072381258010864
1499,0.008893484249711037,,983.182101726532,25.08533787727356
1500,0.00806181039661169,0.004612696822732687,983.8232831954956,26.971046209335327
1501,0.00772353820502758,,984.465234041214,26.984014749526978
1502,0.0072478377260267735,,985.1081824302673,26.997039794921875
1503,0.008376680314540863,,985.7495582103729,27.009992599487305
1504,0.00816601887345314,,986.3904540538788,27.02296543121338
1505,0.011865903623402119,,987.0340502262115,27.035950899124146
1506,0.011691935360431671,,987.6748170852661,27.048943758010864
1507,0.011358301155269146,,988.3182601928711,27.06191110610962
1508,0.010454499162733555,,988.9594175815582,27.0748393535614
1509,0.01149535458534956,,989.6023035049438,27.087828159332275
1510,0.012284004129469395,,990.2432072162628,27.100820064544678
1511,0.015081445686519146,,990.8861472606659,27.11378049850464
1512,0.01410629041492939,,991.8634724617004,27.1267409324646
1513,0.00765208899974823,,992.5045320987701,27.13966941833496
1514,0.007602877449244261,,993.1470911502838,27.152641534805298
1515,0.007712323684245348,,993.7888610363007,27.165616273880005
1516,0.00698896124958992,,994.4308512210846,27.17860460281372
1517,0.008499691262841225,,995.0721681118011,27.191534519195557
1518,0.006890224292874336,,995.71342253685,27.204546213150024
1519,0.007275992073118687,,996.3552370071411,27.21747875213623
1520,0.0074717821553349495,,996.9965260028839,27.230391263961792
1521,0.008086706511676311,,997.6393430233002,27.243313789367676
1522,0.00792535301297903,,998.2807404994965,27.25628352165222
1523,0.014249173924326897,,998.923495054245,27.26918888092041
1524,0.011238888837397099,,999.5658414363861,27.282137393951416
1525,0.009606576524674892,,1000.2084736824036,27.295111179351807
1526,0.007491205353289843,,1000.8497116565704,27.30807113647461
1527,0.008708099834620953,,1001.4913396835327,27.32099485397339
1528,0.00943316426128149,,1002.1323177814484,27.333970308303833
1529,0.012867871671915054,,1002.7762794494629,27.34693145751953
1530,0.007854635827243328,,1003.4188466072083,27.359882831573486
1531,0.007178200408816338,,1004.0613644123077,27.372855186462402
1532,0.007315291091799736,,1004.7031643390656,27.385827779769897
1533,0.0075318776071071625,,1005.3454144001007,27.398787260055542
1534,0.007725884206593037,,1005.9858512878418,27.41174817085266
1535,0.009643204510211945,,1006.6270956993103,27.42469620704651
1536,0.009765444323420525,,1007.2682266235352,27.4376859664917
1537,0.009285670705139637,,1007.9095537662506,27.450655221939087
1538,0.01078905537724495,,1008.5507633686066,27.463579177856445
1539,0.010721523314714432,,1009.5292174816132,27.476568698883057
1540,0.008508681319653988,,1010.1695582866669,27.48957395553589
1541,0.007896934635937214,,1010.8110780715942,27.5025417804718
1542,0.008121799677610397,,1011.4528458118439,27.5155131816864
1543,0.00796462595462799,,1012.0950584411621,27.52842688560486
1544,0.010105039924383163,,1012.7372722625732,27.541444301605225
1545,0.009989310055971146,,1013.3790550231934,27.554378986358643
1546,0.007560686208307743,,1014.0202360153198,27.567321300506592
1547,0.007864076644182205,,1014.662083864212,27.580283880233765
1548,0.008041937835514545,,1015.3039948940277,27.593254566192627
1549,0.008560358546674252,,1015.9467570781708,27.60622215270996
1550,0.0104150315746665,,1016.5868809223175,27.61921787261963
1551,0.007536435499787331,,1017.2284047603607,27.63218665122986
1552,0.007919169962406158,,1017.8702738285065,27.645174264907837
1553,0.008143624290823936,,1018.5118081569672,27.658152103424072
1554,0.008052964694797993,,1019.15274477005,27.67117404937744
1555,0.013196378946304321,,1019.7942740917206,27.68416929244995
1556,0.008003570139408112,,1020.4349207878113,27.697147369384766
1557,0.007830130867660046,,1021.0776991844177,27.710150480270386
1558,0.009920447133481503,,1021.719230890274,27.723125457763672
1559,0.008012617938220501,,1022.3630316257477,27.736133813858032
1560,0.009022502228617668,,1023.0035400390625,27.749067544937134
1561,0.009141123853623867,,1023.6457571983337,27.762062311172485
1562,0.008503109216690063,,1024.286242723465,27.775080919265747
1563,0.012881280854344368,,1024.9277215003967,27.788000106811523
1564,0.008898633532226086,,1025.569099187851,27.80098605155945
1565,0.014608760364353657,,1026.2108891010284,27.813971281051636
1566,0.010769911110401154,,1027.190193414688,27.826932430267334
1567,0.00819284375756979,,1027.8335089683533,27.839860439300537
1568,0.00936431810259819,,1028.474588394165,27.852842569351196
1569,0.008556486107409,,1029.1156697273254,27.865784168243408
1570,0.008009075187146664,,1029.758449792862,27.878724098205566
1571,0.008032930083572865,,1030.4004917144775,27.891709566116333
1572,0.007949162274599075,,1031.0441691875458,27.904663562774658
1573,0.007850440219044685,,1031.6866874694824,27.917702436447144
1574,0.007324444595724344,,1032.327897310257,27.93065047264099
1575,0.007763125468045473,,1032.9691121578217,27.943653106689453
1576,0.008482725359499454,,1033.6107053756714,27.956613540649414
1577,0.0074898009188473225,,1034.252867937088,27.969568014144897
1578,0.009104115888476372,,1034.8947911262512,27.982543230056763
1579,0.007495934143662453,,1035.5360896587372,27.99552583694458
1580,0.008493768982589245,,1036.1771206855774,28.008524417877197
1581,0.008829774335026741,,1036.8183243274689,28.021466493606567
1582,0.007977132685482502,,1037.4590678215027,28.034409761428833
1583,0.007912533357739449,,1038.1002926826477,28.047396421432495
1584,0.008351516909897327,,1038.7423057556152,28.0603666305542
1585,0.008938810788094997,,1039.383862733841,28.07326889038086
1586,0.009809155948460102,,1040.0255417823792,28.086253881454468
1587,0.012601127848029137,,1040.6665863990784,28.09922695159912
1588,0.017124023288488388,,1041.3088335990906,28.112179279327393
1589,0.009144686162471771,,1041.9520347118378,28.125150203704834
1590,0.008118757046759129,,1042.5942945480347,28.138129949569702
1591,0.008051703684031963,,1043.236718416214,28.151095151901245
1592,0.008548260666429996,,1043.8785643577576,28.16405153274536
1593,0.008304576389491558,,1044.8567008972168,28.177019834518433
1594,0.00996711477637291,,1045.4992971420288,28.19001054763794
1595,0.010845563374459743,,1046.1410405635834,28.20295763015747
1596,0.009219729341566563,,1046.7819001674652,28.21591877937317
1597,0.00944183673709631,,1047.4237382411957,28.228851795196533
1598,0.014167078770697117,,1048.065006494522,28.241841316223145
1599,0.011998527683317661,,1048.7063617706299,28.254798412322998
1600,0.01123820710927248,,1049.3482162952423,28.26780414581299
1601,0.0095850620418787,,1049.989413022995,28.280789136886597
1602,0.00793218333274126,,1050.6323635578156,28.293799877166748
1603,0.008573018945753574,,1051.2746930122375,28.306782245635986
1604,0.008987327106297016,,1051.9156205654144,28.319738149642944
1605,0.012801796197891235,,1052.5582032203674,28.332688808441162
1606,0.008947986178100109,,1053.199625492096,28.345640659332275
1607,0.007791593205183744,,1053.840892314911,28.35867404937744
1608,0.009124409407377243,,1054.4839465618134,28.37161898612976
1609,0.01609155721962452,,1055.1272745132446,28.38456416130066
1610,0.01875319518148899,,1055.7685024738312,28.397523880004883
1611,0.01432764995843172,,1056.4108695983887,28.41051936149597
1612,0.01002814806997776,,1057.0519495010376,28.42352795600891
1613,0.00948891881853342,,1057.6951274871826,28.43648076057434
1614,0.01114757638424635,,1058.337244272232,28.449456930160522
1615,0.012269516475498676,,1058.9803264141083,28.462445497512817
1616,0.010141830891370773,,1059.6209037303925,28.475430488586426
1617,0.008091875351965427,,1060.2622456550598,28.48838758468628
1618,0.011352618224918842,,1060.9049682617188,28.501380920410156
1619,0.012117506004869938,,1061.545895576477,28.514387130737305
1620,0.012234663590788841,,1062.5237429141998,28.52732539176941
1621,0.01171575766056776,,1063.1660332679749,28.540353775024414
1622,0.015502560883760452,,1063.8078126907349,28.55336093902588
1623,0.010284674353897572,,1064.4495568275452,28.566328763961792
1624,0.011826487258076668,,1065.0912418365479,28.57928705215454
1625,0.01273878663778305,,1065.7337918281555,28.59224581718445
1626,0.012983043678104877,,1066.3758578300476,28.60520577430725
1627,0.010614290833473206,,1067.0186517238617,28.618201971054077
1628,0.010645884089171886,,1067.6616678237915,28.631202459335327
1629,0.01335469726473093,,1068.3031642436981,28.64418911933899
1630,0.012633724138140678,,1068.9458546638489,28.65714168548584
1631,0.009084691293537617,,1069.588408946991,28.670145273208618
1632,0.010934583842754364,,1070.2308464050293,28.683093070983887
1633,0.011662879958748817,,1070.873202085495,28.69605302810669
1634,0.01506312470883131,,1071.5141294002533,28.708993911743164
1635,0.013806067407131195,,1072.1560699939728,28.721960306167603
1636,0.016113663092255592,,1072.7980885505676,28.73490047454834
1637,0.013477356173098087,,1073.440299987793,28.747877836227417
1638,0.01786852814257145,,1074.0810940265656,28.760792016983032
1639,0.017581364139914513,,1074.7235476970673,28.77376127243042
1640,0.009666918776929379,,1075.3642401695251,28.786741495132446
1641,0.010781478136777878,,1076.005532503128,28.799744129180908
1642,0.011067898012697697,,1076.6464085578918,28.812714099884033
1643,0.0112404590472579,,1077.2891511917114,28.825701236724854
1644,0.009856528602540493,,1077.932127714157,28.838672876358032
1645,0.008659380488097668,,1078.5748987197876,28.85163402557373
1646,0.01165349967777729,,1079.2161915302277,28.86460590362549
1647,0.009713646955788136,,1080.1937470436096,28.877583265304565
1648,0.013710593804717064,,1080.8348672389984,28.890537977218628
1649,0.014997494406998158,,1081.4759051799774,28.903484106063843
1650,0.0091831861063838,,1082.117226600647,28.916488885879517
1651,0.009510692209005356,,1082.7586221694946,28.92948079109192
1652,0.010083047673106194,,1083.401020526886,28.942415952682495
1653,0.011544096283614635,,1084.0438997745514,28.955360651016235
1654,0.009457475505769253,,1084.6869826316833,28.96829605102539
1655,0.010408121161162853,,1085.328441619873,28.981233596801758
1656,0.008737822994589806,,1085.969719171524,28.994214296340942
1657,0.010550307109951973,,1086.6127784252167,29.007194995880127
1658,0.009222534485161304,,1087.2549042701721,29.020129680633545
1659,0.009119304828345776,,1087.8958337306976,29.03310537338257
1660,0.010525252670049667,,1088.5374598503113,29.046107530593872
1661,0.0097595090046525,,1089.1783232688904,29.059069871902466
1662,0.010012974962592125,,1089.8189191818237,29.07203698158264
1663,0.008753625676035881,,1090.4605445861816,29.084969520568848
1664,0.00830260943621397,,1091.1015949249268,29.097965002059937
1665,0.008864955976605415,,1091.7454183101654,29.11089539527893
1666,0.010007075034081936,,1092.385994195938,29.12385845184326
1667,0.01064937561750412,,1093.0282952785492,29.136820554733276
1668,0.008757839910686016,,1093.6704592704773,29.149781227111816
1669,0.00971195474267006,,1094.311556816101,29.162776947021484
1670,0.009130793623626232,,1094.9534566402435,29.1757550239563
1671,0.00992282573133707,,1095.5950326919556,29.188695907592773
1672,0.01031594816595316,,1096.2360544204712,29.201648473739624
1673,0.010634285397827625,,1096.8770606517792,29.214582920074463
1674,0.009538976475596428,,1097.8549146652222,29.227533102035522
1675,0.009001847356557846,,1098.4969999790192,29.240482330322266
1676,0.00913256872445345,,1099.1392447948456,29.253451108932495
1677,0.008948186412453651,,1099.7804653644562,29.266432762145996
1678,0.009418964385986328,,1100.4229588508606,29.279401779174805
1679,0.009844344109296799,,1101.0644397735596,29.29231548309326
1680,0.008580352179706097,,1101.705352306366,29.305291891098022
1681,0.008742972277104855,,1102.3477160930634,29.318223237991333
1682,0.009660964831709862,,1102.9894154071808,29.331181526184082
1683,0.009175483137369156,,1103.6309225559235,29.344149589538574
1684,0.009095385670661926,,1104.2720882892609,29.357101440429688
1685,0.010303805582225323,,1104.9140646457672,29.370134592056274
1686,0.010189094580709934,,1105.5551602840424,29.383097171783447
1687,0.010167988017201424,,1106.1978740692139,29.39605474472046
1688,0.009625386446714401,,1106.8396520614624,29.408977031707764
1689,0.01287118624895811,,1107.482432603836,29.421935081481934
1690,0.011173505336046219,,1108.1245670318604,29.434937953948975
1691,0.012090181931853294,,1108.7661542892456,29.447887182235718
1692,0.011806193739175797,,1109.407471895218,29.46087884902954
1693,0.01499928068369627,,1110.0501456260681,29.473812580108643
1694,0.017493631690740585,,1110.6917796134949,29.486790657043457
1695,0.012991846539080143,,1111.3346195220947,29.4997775554657
1696,0.015301388688385487,,1111.977150440216,29.512744426727295
1697,0.013620002195239067,,1112.618545293808,29.52572202682495
1698,0.01270119659602642,,1113.2597482204437,29.538703680038452
1699,0.014725630171597004,,1113.9014613628387,29.551631212234497
1700,0.012133581563830376,,1114.544590473175,29.564597368240356
1701,0.012455268763005733,,1115.5240993499756,29.57756519317627
1702,0.011759907938539982,,1116.164823293686,29.590562105178833
1703,0.010184649378061295,,1116.8075399398804,29.60355830192566
1704,0.013809369876980782,,1117.449610710144,29.616536617279053
1705,0.012245862744748592,,1118.0932221412659,29.62949800491333
1706,0.013169979676604271,,1118.7351291179657,29.64252281188965
1707,0.011832107789814472,,1119.3766672611237,29.655483961105347
1708,0.013314311392605305,,1120.0189139842987,29.668445825576782
1709,0.013774625025689602,,1120.6607375144958,29.68142008781433
1710,0.012759880162775517,,1121.302805185318,29.69436025619507
1711,0.011109893210232258,,1121.9455950260162,29.707393169403076
1712,0.011076732538640499,,1122.5868442058563,29.7204167842865
1713,0.010541608557105064,,1123.2279269695282,29.73337173461914
1714,0.010428202338516712,,1123.8685057163239,29.74632716178894
1715,0.010964936576783657,,1124.5104048252106,29.759319067001343
1716,0.013834958896040916,,1125.153701543808,29.772300243377686
1717,0.015322625637054443,,1125.7967903614044,29.78533363342285
1718,0.012322566471993923,,1126.4371483325958,29.798274755477905
1719,0.01080032903701067,,1127.0797135829926,29.811226844787598
1720,0.010727541521191597,,1127.7222788333893,29.82421636581421
1721,0.011567067354917526,,1128.3652329444885,29.837149381637573
1722,0.011219167150557041,,1129.0068352222443,29.850177764892578
1723,0.013428800739347935,,1129.650010585785,29.863104343414307
1724,0.010548543184995651,,1130.2909092903137,29.876084327697754
1725,0.012647955678403378,,1130.9332847595215,29.889018535614014
1726,0.011856752447783947,,1131.57404255867,29.901973962783813
1727,0.010884396731853485,,1132.2166650295258,29.914976119995117
1728,0.011679122224450111,,1133.1967754364014,29.92794442176819
1729,0.011039801873266697,,1133.837819814682,29.940909147262573
1730,0.01128898561000824,,1134.4804408550262,29.953821420669556
1731,0.010860109701752663,,1135.1227169036865,29.966755390167236
1732,0.011874839663505554,,1135.763598203659,29.979729652404785
1733,0.010265734978020191,,1136.4075436592102,29.992634773254395
1734,0.012840877287089825,,1137.0489449501038,30.00558829307556
1735,0.00964701734483242,,1137.691124677658,30.01854395866394
1736,0.010615666396915913,,1138.3320949077606,30.03148579597473
1737,0.010463060811161995,,1138.9755501747131,30.044461011886597
1738,0.009332931600511074,,1139.6193697452545,30.05744981765747
1739,0.010548221878707409,,1140.2623944282532,30.0703763961792
1740,0.009913480840623379,,1140.9043474197388,30.083289623260498
1741,0.010371201671659946,,1141.547525882721,30.09621024131775
1742,0.009292504750192165,,1142.1899600028992,30.109172105789185
1743,0.01028504315763712,,1142.8322360515594,30.122132778167725
1744,0.011821998283267021,,1143.474237203598,30.135068655014038
1745,0.010923958383500576,,1144.1152193546295,30.14806365966797
1746,0.010821412317454815,,1144.7574739456177,30.16105079650879
1747,0.012503387406468391,,1145.3989300727844,30.174028635025024
1748,0.010676655918359756,,1146.0413444042206,30.186983108520508
1749,0.010201919823884964,,1146.6826169490814,30.199909210205078
1750,0.010184419341385365,,1147.3234705924988,30.21284294128418
1751,0.013014893978834152,,1147.9666020870209,30.22581958770752
1752,0.014254597015678883,,1148.608632326126,30.238733768463135
1753,0.013117688708007336,,1149.2504560947418,30.25175404548645
1754,0.01267709955573082,,1149.8932211399078,30.2647488117218
1755,0.01069953478872776,,1150.8714656829834,30.27772855758667
1756,0.013150342740118504,,1151.514529466629,30.290700912475586
1757,0.011706988327205181,,1152.155641078949,30.30369234085083
1758,0.01151504646986723,,1152.7972838878632,30.316655158996582
1759,0.011249818839132786,,1153.4385161399841,30.329575777053833
1760,0.0092565743252635,,1154.0812838077545,30.342622995376587
1761,0.012360110878944397,,1154.7229597568512,30.355581760406494
1762,0.016729850322008133,,1155.364057302475,30.368511199951172
1763,0.008640121668577194,,1156.0055010318756,30.381482124328613
1764,0.010946814902126789,,1156.6467366218567,30.394463539123535
1765,0.009288568049669266,,1157.2879903316498,30.407420873641968
1766,0.009593524038791656,,1157.930526971817,30.42039942741394
1767,0.015159942209720612,,1158.5728335380554,30.433351278305054
1768,0.013625687919557095,,1159.2144441604614,30.44630789756775
1769,0.013937127776443958,,1159.8575139045715,30.459253787994385
1770,0.008932774886488914,,1160.5000059604645,30.47218942642212
1771,0.009261069819331169,,1161.1421558856964,30.485133409500122
1772,0.008132293820381165,,1161.784660577774,30.49807381629944
1773,0.008280334994196892,,1162.4267237186432,30.510981559753418
1774,0.008528973907232285,,1163.0689952373505,30.52398657798767
1775,0.008256291039288044,,1163.7101600170135,30.536932945251465
1776,0.007894311100244522,,1164.3520131111145,30.549926280975342
1777,0.00856288056820631,,1164.993482351303,30.5628924369812
1778,0.009664097800850868,,1165.6373796463013,30.57591962814331
1779,0.009985215030610561,,1166.2802073955536,30.588879108428955
1780,0.0094352001324296,,1166.9228794574738,30.601902961730957
1781,0.009670749306678772,,1167.567354440689,30.61488652229309
1782,0.009345012716948986,,1168.5456037521362,30.627851247787476
1783,0.010806593112647533,,1169.1875500679016,30.640833377838135
1784,0.010611141100525856,,1169.8286340236664,30.653810501098633
1785,0.009963852353394032,,1170.4694554805756,30.666792154312134
1786,0.00974646769464016,,1171.1103284358978,30.67979145050049
1787,0.011388898827135563,,1171.7543461322784,30.692755699157715
1788,0.014997252263128757,,1172.3952584266663,30.705699920654297
1789,0.009728657081723213,,1173.0394158363342,30.718645811080933
1790,0.015379127115011215,,1173.6822822093964,30.73163914680481
1791,0.01379312016069889,,1174.323853969574,30.744615077972412
1792,0.00946807861328125,,1174.9646577835083,30.7575945854187
1793,0.009591447189450264,,1175.6068561077118,30.770546913146973
1794,0.009107992984354496,,1176.2477810382843,30.78348183631897
1795,0.009512645192444324,,1176.88942360878,30.796457290649414
1796,0.009171177633106709,,1177.5307304859161,30.809442043304443
1797,0.00901094451546669,,1178.174152135849,30.822421312332153
1798,0.010162600316107273,,1178.8158173561096,30.83544659614563
1799,0.008952244184911251,,1179.458040714264,30.84840679168701
1800,0.008426420390605927,,1180.099280834198,30.86136794090271
1801,0.008360124193131924,,1180.7408692836761,30.874333381652832
1802,0.011434576474130154,,1181.3833167552948,30.887280464172363
1803,0.010525768622756004,,1182.0248498916626,30.900249004364014
1804,0.010458086617290974,,1182.665849685669,30.913212537765503
1805,0.00865781307220459,,1183.3081901073456,30.926148414611816
1806,0.008344818837940693,,1183.949660539627,30.939131259918213
1807,0.008692831732332706,,1184.591528892517,30.952096462249756
1808,0.009598004631698132,,1185.2315340042114,30.965070724487305
1809,0.008326071314513683,,1186.2097017765045,30.978054761886597
1810,0.008231216110289097,,1186.8510706424713,30.991040229797363
1811,0.009845406748354435,,1187.4919238090515,31.004014492034912
1812,0.009294620715081692,,1188.134355545044,31.01702308654785
1813,0.011056743562221527,,1188.775330066681,31.029977560043335
1814,0.00946012232452631,,1189.4182124137878,31.042972803115845
1815,0.010628648102283478,,1190.060583114624,31.055932760238647
1816,0.00996460486203432,,1190.7019867897034,31.068968534469604
1817,0.008526044897735119,,1191.3446061611176,31.081880569458008
1818,0.008416268043220043,,1191.9864733219147,31.09482216835022
1819,0.010404452681541443,,1192.628011226654,31.107858419418335
1820,0.016336554661393166,,1193.2697627544403,31.120856761932373
1821,0.009238885715603828,,1193.9113733768463,31.133787870407104
1822,0.009320623241364956,,1194.5528197288513,31.146727085113525
1823,0.008763113990426064,,1195.195262670517,31.159664630889893
1824,0.009232301265001297,,1195.8365015983582,31.172632455825806
1825,0.010347100906074047,,1196.478503227234,31.185649871826172
1826,0.00873100757598877,,1197.1202991008759,31.198619842529297
1827,0.008455837145447731,,1197.7622606754303,31.21159338951111
1828,0.008685360662639141,,1198.403327703476,31.224520206451416
1829,0.008245347999036312,,1199.0467593669891,31.237491130828857
1830,0.00880642980337143,,1199.6891281604767,31.25043559074402
1831,0.008659830316901207,,1200.3305351734161,31.263355493545532
1832,0.009966284036636353,,1200.9734418392181,31.276310920715332
1833,0.009580467827618122,,1201.6158683300018,31.28930139541626
1834,0.010683110915124416,,1202.256825685501,31.302268028259277
1835,0.009879065677523613,,1202.898886680603,31.31522822380066
1836,0.01014178991317749,,1203.8777647018433,31.32816195487976
1837,0.00908657442778349,,1204.520061969757,31.34110379219055
1838,0.01252518780529499,,1205.1613709926605,31.35409665107727
1839,0.009425170719623566,,1205.8030874729156,31.367046356201172
1840,0.010613609105348587,,1206.444725036621,31.380017518997192
1841,0.010654481127858162,,1207.0867252349854,31.392955780029297
1842,0.009596149437129498,,1207.7295105457306,31.405914306640625
1843,0.00910087302327156,,1208.3708951473236,31.418870449066162
1844,0.009240063838660717,,1209.0125982761383,31.431870698928833
1845,0.01006986852735281,,1209.6545391082764,31.444838047027588
1846,0.01417616382241249,,1210.2984020709991,31.457810163497925
1847,0.012193362228572369,,1210.940040588379,31.47077775001526
1848,0.010719030164182186,,1211.5814471244812,31.483724355697632
1849,0.011367431841790676,,1212.2247672080994,31.496695041656494
1850,0.009243534877896309,,1212.866555929184,31.509636163711548
1851,0.009723946452140808,,1213.5083012580872,31.522561073303223
1852,0.01090916246175766,,1214.1496391296387,31.535510301589966
1853,0.011049113236367702,,1214.7916219234467,31.54851460456848
1854,0.011018619872629642,,1215.4333069324493,31.561511754989624
1855,0.01158651802688837,,1216.0753123760223,31.574442625045776
1856,0.01152962725609541,,1216.7180082798004,31.5873920917511
1857,0.011188664473593235,,1217.359527349472,31.600314140319824
1858,0.011033414863049984,,1218.000828742981,31.613276481628418
1859,0.011119339615106583,,1218.6433682441711,31.626224994659424
1860,0.011577857658267021,,1219.285276889801,31.639199256896973
1861,0.012753783725202084,,1219.9295978546143,31.652141094207764
1862,0.01228922139853239,,1220.5712537765503,31.665103435516357
1863,0.01149713434278965,,1221.5498073101044,31.678057193756104
1864,0.011954234912991524,,1222.192301750183,31.691020965576172
1865,0.012147996574640274,,1222.8338613510132,31.703965187072754
1866,0.013585610315203667,,1223.4759802818298,31.7169246673584
1867,0.012427295558154583,,1224.1178770065308,31.729883670806885
1868,0.01108075212687254,,1224.7608675956726,31.74284338951111
1869,0.011514841578900814,,1225.4019420146942,31.75579071044922
1870,0.012138096615672112,,1226.043781042099,31.76875376701355
1871,0.01251891814172268,,1226.6858100891113,31.781705141067505
1872,0.014358109794557095,,1227.328250169754,31.79468846321106
1873,0.011499002575874329,,1227.970231294632,31.8076388835907
1874,0.01170129980891943,,1228.6121938228607,31.82058596611023
1875,0.010811800137162209,,1229.2536284923553,31.833515882492065
1876,0.013020994141697884,,1229.8949120044708,31.846476316452026
1877,0.011102177202701569,,1230.5375864505768,31.85941767692566
1878,0.012549721635878086,,1231.1789224147797,31.872394800186157
1879,0.012053389102220535,,1231.8211886882782,31.885369777679443
1880,0.01182893943041563,,1232.4634997844696,31.898316860198975
1881,0.01168177928775549,,1233.1051630973816,31.911261081695557
1882,0.011854926124215126,,1233.7488505840302,31.924233198165894
1883,0.01259459275752306,,1234.390601158142,31.937193393707275
1884,0.012940273620188236,,1235.0313711166382,31.950122594833374
1885,0.012539741583168507,,1235.6728200912476,31.963058948516846
1886,0.012210331857204437,,1236.313686132431,31.975985050201416
1887,0.011352323926985264,,1236.9562239646912,31.988941431045532
1888,0.010656545870006084,,1237.5983238220215,32.001904010772705
1889,0.010648655705153942,,1238.2419838905334,32.01493287086487
1890,0.01061198115348816,,1239.2194130420685,32.02784776687622
1891,0.010273624211549759,,1239.8634333610535,32.04082679748535
1892,0.010635665617883205,,1240.5045804977417,32.053725242614746
1893,0.011906195431947708,,1241.1470580101013,32.0666561126709
1894,0.010592975653707981,,1241.788221359253,32.079659938812256
1895,0.01155345980077982,,1242.4303846359253,32.09261155128479
1896,0.012587064877152443,,1243.0728332996368,32.105591773986816
1897,0.010838387534022331,,1243.7172305583954,32.118555545806885
1898,0.010502496734261513,,1244.3581273555756,32.1315221786499
1899,0.0105150006711483,,1245.0007688999176,32.144513845443726
1900,0.010449684225022793,,1245.642497062683,32.15746474266052
1901,0.011880739592015743,,1246.2851231098175,32.17039895057678
1902,0.011670298874378204,,1246.9277083873749,32.183350801467896
1903,0.01106853038072586,,1247.5724024772644,32.19632434844971
1904,0.012417488731443882,,1248.2149307727814,32.209269285202026
1905,0.014558247290551662,,1248.8575682640076,32.222235441207886
1906,0.01318627130240202,,1249.4994432926178,32.235143423080444
1907,0.012876538559794426,,1250.1416809558868,32.24812150001526
1908,0.013148562051355839,,1250.7851204872131,32.26113200187683
1909,0.012013084255158901,,1251.4271202087402,32.274064779281616
1910,0.014068815857172012,,1252.0690069198608,32.28700089454651
1911,0.010788938030600548,,1252.7108914852142,32.29993796348572
1912,0.011413365602493286,,1253.3538253307343,32.312917947769165
1913,0.011833468452095985,,1253.996220111847,32.325862646102905
1914,0.01130338292568922,,1254.6396720409393,32.33886671066284
1915,0.009355713613331318,,1255.2819809913635,32.35183024406433
1916,0.009401386603713036,,1255.923310995102,32.36482286453247
1917,0.010017731226980686,,1256.901629447937,32.37781071662903
1918,0.011504863388836384,,1257.5433340072632,32.3907949924469
1919,0.012823592871427536,,1258.1850471496582,32.40370750427246
1920,0.01296011358499527,,1258.8283472061157,32.41668391227722
1921,0.013846286572515965,,1259.4712460041046,32.42961573600769
1922,0.011881149373948574,,1260.114192724228,32.442572593688965
1923,0.012703035958111286,,1260.756227016449,32.455589056015015
1924,0.011156782507896423,,1261.3975014686584,32.46856164932251
1925,0.010478953830897808,,1262.0416779518127,32.48153495788574
1926,0.011839429847896099,,1262.6826338768005,32.494464635849
1927,0.014949881471693516,,1263.3250262737274,32.50745463371277
1928,0.012033237144351006,,1263.9667530059814,32.520437240600586
1929,0.010764207690954208,,1264.6088614463806,32.53341245651245
1930,0.010135347954928875,,1265.2515134811401,32.54637384414673
1931,0.009282675571739674,,1265.893928527832,32.55936312675476
1932,0.0111338896676898,,1266.5361106395721,32.572301149368286
1933,0.009821688756346703,,1267.1782040596008,32.58523893356323
1934,0.009349441155791283,,1267.8203880786896,32.59820079803467
1935,0.00997616071254015,,1268.4619183540344,32.61117696762085
1936,0.010861897841095924,,1269.1042346954346,32.624192237854004
1937,0.010763155296444893,,1269.7469141483307,32.63715434074402
1938,0.010221716947853565,,1270.3880383968353,32.65014028549194
1939,0.010242261923849583,,1271.0303704738617,32.66311979293823
1940,0.009340571239590645,,1271.6716496944427,32.67605757713318
1941,0.014476923272013664,,1272.3139474391937,32.688995361328125
1942,0.009222905151546001,,1272.9554331302643,32.70193266868591
1943,0.009862762875854969,,1273.5976977348328,32.714863777160645
1944,0.010314001701772213,,1274.5758171081543,32.72786045074463
1945,0.009989815764129162,,1275.2180914878845,32.740877866744995
1946,0.011350862681865692,,1275.8605921268463,32.75382113456726
1947,0.011559640988707542,,1276.5021433830261,32.766761779785156
1948,0.012360887601971626,,1277.1437079906464,32.77972650527954
1949,0.010601775720715523,,1277.7881879806519,32.79270601272583
1950,0.011479401029646397,,1278.429842710495,32.8056960105896
1951,0.010620723478496075,,1279.0709748268127,32.81868577003479
1952,0.010692541487514973,,1279.7135388851166,32.831632137298584
1953,0.010160611011087894,,1280.355155467987,32.84462261199951
1954,0.009808162227272987,,1280.9966423511505,32.85756731033325
1955,0.0101091917604208,,1281.6387906074524,32.87053370475769
1956,0.010038856416940689,,1282.2804596424103,32.88345718383789
1957,0.010053633712232113,,1282.9231622219086,32.89640426635742
1958,0.010816589929163456,,1283.5651941299438,32.90939712524414
1959,0.010467489250004292,,1284.2071373462677,32.92240071296692
1960,0.011114338412880898,,1284.8486750125885,32.935362339019775
1961,0.010496296919882298,,1285.49196267128,32.948326587677
1962,0.010171948932111263,,1286.1332173347473,32.96129083633423
1963,0.01081875991076231,,1286.774896144867,32.974302768707275
1964,0.00988985039293766,,1287.4169867038727,32.98733854293823
1965,0.010372798889875412,,1288.0587830543518,33.00031495094299
1966,0.010106896981596947,,1288.700105190277,33.013286113739014
1967,0.010354889556765556,,1289.342313528061,33.026225566864014
1968,0.010033904574811459,,1289.9835662841797,33.03917980194092
1969,0.012836841866374016,,1290.625864982605,33.052135705947876
1970,0.010113848373293877,,1291.26850771904,33.06509971618652
1971,0.012253036722540855,,1292.246878862381,33.078076124191284
1972,0.010103551670908928,,1292.8876321315765,33.091047048568726
1973,0.009686320088803768,,1293.530741930008,33.10399127006531
1974,0.00908934697508812,,1294.1719539165497,33.116965532302856
1975,0.008837224915623665,,1294.8138432502747,33.12990069389343
1976,0.00937001220881939,,1295.4557430744171,33.14286541938782
1977,0.008864319883286953,,1296.0999174118042,33.155898094177246
1978,0.011269771493971348,,1296.741961479187,33.16891074180603
1979,0.01478604320436716,,1297.3837325572968,33.18189811706543
1980,0.010479552671313286,,1298.027346611023,33.19491767883301
1981,0.013498390093445778,,1298.6689534187317,33.20794105529785
1982,0.01450997032225132,,1299.3099029064178,33.22093367576599
1983,0.009336208924651146,,1299.9531450271606,33.233909130096436
1984,0.009050692431628704,,1300.5946390628815,33.246829986572266
1985,0.008920228108763695,,1301.2357301712036,33.25986385345459
1986,0.009370391257107258,,1301.8773992061615,33.27283215522766
1987,0.009258057922124863,,1302.5191259384155,33.285789251327515
1988,0.00838064681738615,,1303.1622245311737,33.29874062538147
1989,0.008404268883168697,,1303.805058002472,33.31172323226929
1990,0.008685849606990814,,1304.447184085846,33.3246808052063
1991,0.009032882750034332,,1305.0890545845032,33.337634801864624
1992,0.008450302295386791,,1305.7301707267761,33.3505916595459
1993,0.008465118706226349,,1306.371992111206,33.36357021331787
1994,0.010343115776777267,,1307.0137104988098,33.3765389919281
1995,0.012260793708264828,,1307.6551260948181,33.3895206451416
1996,0.008878552354872227,,1308.2980177402496,33.4024863243103
1997,0.010339703410863876,,1308.9409666061401,33.41544842720032
1998,0.009826840832829475,,1309.918473482132,33.42839860916138
1999,0.010002455674111843,,1310.5608670711517,33.44131374359131
2000,0.013151425868272781,0.003437385428696871,1311.202306509018,35.32928967475891
2001,0.009984488599002361,,1311.8439042568207,35.342268228530884
2002,0.00878677237778902,,1312.4863514900208,35.355231285095215
2003,0.00831624586135149,,1313.129873752594,35.36824154853821
2004,0.0083658117800951,,1313.770884513855,35.38123679161072
2005,0.009659998118877411,,1314.4134919643402,35.394230127334595
2006,0.009243782609701157,,1315.055010318756,35.40722298622131
2007,0.00987212173640728,,1315.6967294216156,35.42020559310913
2008,0.009315396659076214,,1316.340725660324,35.433194398880005
2009,0.009121408686041832,,1316.9825477600098,35.44618225097656
2010,0.010652908124029636,,1317.6237285137177,35.45912551879883
2011,0.009623528458178043,,1318.2661168575287,35.4720938205719
2012,0.009298508986830711,,1318.9076595306396,35.48510265350342
2013,0.009243449196219444,,1319.5500299930573,35.49805402755737
2014,0.009601539000868797,,1320.1954064369202,35.51101326942444
2015,0.010586576536297798,,1320.8375391960144,35.523985385894775
2016,0.012374272570014,,1321.4809012413025,35.53695368766785
2017,0.00926967617124319,,1322.1240060329437,35.54992723464966
2018,0.009883138351142406,,1322.7655386924744,35.562907695770264
2019,0.010678009130060673,,1323.4079546928406,35.575849771499634
2020,0.008788549341261387,,1324.0496003627777,35.58879828453064
2021,0.009265146218240261,,1324.6918976306915,35.60175919532776
2022,0.009095483459532261,,1325.333967924118,35.61470437049866
2023,0.008861661888659,,1325.978274345398,35.62765884399414
2024,0.009863839484751225,,1326.6201043128967,35.64060378074646
2025,0.011273231357336044,,1327.5988297462463,35.65362906455994
2026,0.01151534914970398,,1328.2406578063965,35.66659617424011
2027,0.012217363342642784,,1328.8829486370087,35.679556369781494
2028,0.015056287869811058,,1329.5263042449951,35.69256544113159
2029,0.014949366450309753,,1330.1684696674347,35.7054922580719
2030,0.011893082410097122,,1330.8105716705322,35.718485832214355
2031,0.012042495422065258,,1331.4518978595734,35.731465101242065
2032,0.013819035142660141,,1332.0938274860382,35.74441838264465
2033,0.01148194819688797,,1332.7361268997192,35.757381200790405
2034,0.010626242496073246,,1333.3779790401459,35.770347595214844
2035,0.010940386913716793,,1334.0210371017456,35.783299684524536
2036,0.011262370273470879,,1334.6636810302734,35.796284437179565
2037,0.011447432450950146,,1335.3066475391388,35.809301137924194
2038,0.011447105556726456,,1335.9495227336884,35.822263956069946
2039,0.013388614170253277,,1336.591943025589,35.8352165222168
2040,0.010522866621613503,,1337.2332928180695,35.8482301235199
2041,0.011151292361319065,,1337.8765547275543,35.86116600036621
2042,0.011453491635620594,,1338.519523382187,35.87409424781799
2043,0.011317040771245956,,1339.1615586280823,35.88706111907959
2044,0.010664155706763268,,1339.8031108379364,35.90000534057617
2045,0.014530821703374386,,1340.4449100494385,35.91296696662903
2046,0.012000584043562412,,1341.0881776809692,35.925931453704834
2047,0.011526772752404213,,1341.7297599315643,35.93888783454895
2048,0.012137281708419323,,1342.3720922470093,35.95186495780945
2049,0.011676888912916183,,1343.0144612789154,35.96479916572571
2050,0.011960692703723907,,1343.6561806201935,35.97775936126709
2051,0.011756019666790962,,1344.2980029582977,35.99075365066528
2052,0.011527002789080143,,1345.2763667106628,36.0036997795105
2053,0.012420387007296085,,1345.9182958602905,36.01669478416443
2054,0.01161221507936716,,1346.5613446235657,36.029685735702515
2055,0.015352141112089157,,1347.2029857635498,36.042643308639526
2056,0.01051376387476921,,1347.844848871231,36.05558466911316
2057,0.011864951811730862,,1348.4889669418335,36.06852412223816
2058,0.011206894181668758,,1349.1305735111237,36.08145809173584
2059,0.010629028081893921,,1349.7732105255127,36.09438347816467
2060,0.009780357591807842,,1350.4151690006256,36.10734558105469
2061,0.010271359235048294,,1351.0574505329132,36.12031388282776
2062,0.01008583977818489,,1351.7008473873138,36.13324213027954
2063,0.010213730856776237,,1352.343765258789,36.146169900894165
2064,0.010548864491283894,,1352.985414981842,36.15915775299072
2065,0.009938721545040607,,1353.6282596588135,36.17210650444031
2066,0.010467611253261566,,1354.27162027359,36.185059547424316
2067,0.010242799296975136,,1354.9134979248047,36.1980185508728
2068,0.00997871346771717,,1355.5553376674652,36.21101498603821
2069,0.010642323642969131,,1356.1969590187073,36.223949670791626
2070,0.009657447226345539,,1356.8389797210693,36.237021684646606
2071,0.009569140151143074,,1357.4823400974274,36.25000357627869
2072,0.010057792998850346,,1358.1251618862152,36.26294755935669
2073,0.009542861953377724,,1358.766851902008,36.275901794433594
2074,0.010151064954698086,,1359.4087126255035,36.28886008262634
2075,0.01005467027425766,,1360.050606250763,36.30181956291199
2076,0.009835883043706417,,1360.6919529438019,36.31475114822388
2077,0.010167599655687809,,1361.3343098163605,36.327693462371826
2078,0.010094691999256611,,1361.9766566753387,36.34059238433838
2079,0.010966065339744091,,1362.9560503959656,36.353626012802124
2080,0.009883438237011433,,1363.597109079361,36.36660075187683
2081,0.009574085474014282,,1364.2397117614746,36.37959146499634
2082,0.00983688049018383,,1364.8808674812317,36.39257502555847
2083,0.009150889702141285,,1365.5231862068176,36.405569553375244
2084,0.008827099576592445,,1366.1647098064423,36.41857385635376
2085,0.010491305962204933,,1366.8064873218536,36.43150329589844
2086,0.013358297757804394,,1367.447863817215,36.444512367248535
2087,0.01141857635229826,,1368.089878320694,36.457494258880615
2088,0.009119200520217419,,1368.732421875,36.470460653305054
2089,0.008194033056497574,,1369.3759098052979,36.483393907547
2090,0.0077715362422168255,,1370.018217086792,36.49636721611023
2091,0.00787971168756485,,1370.6595463752747,36.5093047618866
2092,0.007809560280293226,,1371.3016765117645,36.52229690551758
2093,0.007896539755165577,,1371.944001197815,36.53524971008301
2094,0.01027173176407814,,1372.5855779647827,36.548205614089966
2095,0.007807806599885225,,1373.2271959781647,36.56113386154175
2096,0.00987204723060131,,1373.8689575195312,36.57413387298584
2097,0.013719933107495308,,1374.5116016864777,36.5871000289917
2098,0.010174931958317757,,1375.1532955169678,36.600109338760376
2099,0.009585780091583729,,1375.7946529388428,36.613046646118164
2100,0.010117605328559875,,1376.4364850521088,36.626036643981934
2101,0.01073700562119484,,1377.0781118869781,36.63903880119324
2102,0.01129087246954441,,1377.719878435135,36.65202045440674
2103,0.009363017044961452,,1378.3617897033691,36.6649706363678
2104,0.009151412174105644,,1379.0027866363525,36.6778998374939
2105,0.008881457149982452,,1379.6455256938934,36.69083833694458
2106,0.007809110917150974,,1380.6233229637146,36.70378398895264
2107,0.007896692492067814,,1381.2655398845673,36.71672248840332
2108,0.008589341305196285,,1381.9087147712708,36.72968769073486
2109,0.0099945655092597,,1382.550517320633,36.74265956878662
2110,0.008540390990674496,,1383.191670179367,36.75561738014221
2111,0.008873017504811287,,1383.8337843418121,36.76855421066284
2112,0.008339399471879005,,1384.47722697258,36.78148007392883
2113,0.007856306619942188,,1385.120492696762,36.79447388648987
2114,0.009189749136567116,,1385.7616391181946,36.807496070861816
2115,0.007434097118675709,,1386.40301156044,36.82048535346985
2116,0.008158924989402294,,1387.0436491966248,36.83346652984619
2117,0.009700004011392593,,1387.6887512207031,36.8464138507843
2118,0.007933764718472958,,1388.3311212062836,36.85937714576721
2119,0.008484356105327606,,1388.9739344120026,36.8723042011261
2120,0.008902463130652905,,1389.615475654602,36.885258436203
2121,0.008642386645078659,,1390.2588052749634,36.89825081825256
2122,0.00890699028968811,,1390.9004318714142,36.91126990318298
2123,0.007640168070793152,,1391.544412612915,36.9242045879364
2124,0.007661799434572458,,1392.1868913173676,36.937137603759766
2125,0.007647563703358173,,1392.8289742469788,36.95013499259949
2126,0.010220692493021488,,1393.470754146576,36.963138580322266
2127,0.009447217918932438,,1394.1121428012848,36.97609543800354
2128,0.010596008040010929,,1394.7541303634644,36.989068031311035
2129,0.007948596961796284,,1395.3966331481934,37.00202798843384
2130,0.008068724535405636,,1396.038081407547,37.01495051383972
2131,0.008807707577943802,,1396.6826088428497,37.02792978286743
2132,0.008029749616980553,,1397.3240947723389,37.0408821105957
2133,0.008355588652193546,,1398.3038220405579,37.05387020111084
2134,0.008198431693017483,,1398.9453871250153,37.06684684753418
2135,0.009280409663915634,,1399.588324546814,37.079808473587036
2136,0.009069745428860188,,1400.2302587032318,37.09276008605957
2137,0.010816427879035473,,1400.8723616600037,37.105730295181274
2138,0.009072436019778252,,1401.5135843753815,37.11870574951172
2139,0.009906393475830555,,1402.1550652980804,37.13167405128479
2140,0.010584883391857147,,1402.7970304489136,37.14463949203491
2141,0.0109923230484128,,1403.4387896060944,37.15756916999817
2142,0.009922065772116184,,1404.0822274684906,37.17051577568054
2143,0.01077511440962553,,1404.726544380188,37.18344473838806
2144,0.00838572345674038,,1405.3685534000397,37.19646143913269
2145,0.009677846916019917,,1406.0107514858246,37.20938754081726
2146,0.009368457831442356,,1406.654063463211,37.222368240356445
2147,0.008594757877290249,,1407.2959566116333,37.23530840873718
2148,0.012600356712937355,,1407.9369904994965,37.24824261665344
2149,0.01192622072994709,,1408.579137802124,37.26126050949097
2150,0.010329901240766048,,1409.2205550670624,37.27422213554382
2151,0.010115721262991428,,1409.8624041080475,37.28724646568298
2152,0.014100157655775547,,1410.5032663345337,37.30021095275879
2153,0.009990272112190723,,1411.1461081504822,37.313148498535156
2154,0.009788351133465767,,1411.7868392467499,37.32610893249512
2155,0.008216681890189648,,1412.4284539222717,37.3391215801239
2156,0.011349217966198921,,1413.070618391037,37.352137327194214
2157,0.011187262833118439,,1413.7135801315308,37.365137815475464
2158,0.008822120726108551,,1414.3547565937042,37.378079891204834
2159,0.010240892879664898,,1414.9967286586761,37.39107584953308
2160,0.008533082902431488,,1415.9744408130646,37.40408182144165
2161,0.008228031918406487,,1416.6179103851318,37.41702079772949
2162,0.008555767126381397,,1417.2589750289917,37.430036306381226
2163,0.007983913645148277,,1417.9014711380005,37.44302821159363
2164,0.007987478747963905,,1418.543037891388,37.45601415634155
2165,0.009352083317935467,,1419.1852190494537,37.468989610672
2166,0.008542182855308056,,1419.8266458511353,37.48192381858826
2167,0.011025682091712952,,1420.469097852707,37.49486207962036
2168,0.008383491076529026,,1421.1100959777832,37.50782918930054
2169,0.010135192424058914,,1421.7526502609253,37.520840644836426
2170,0.009738590568304062,,1422.394323348999,37.53378462791443
2171,0.010154436342418194,,1423.0354208946228,37.546735525131226
2172,0.00999566912651062,,1423.6768975257874,37.55962657928467
2173,0.009294835850596428,,1424.3180508613586,37.572606563568115
2174,0.00814055185765028,,1424.9595625400543,37.5855758190155
2175,0.009822172112762928,,1425.6014449596405,37.5985426902771
2176,0.011167265474796295,,1426.2428810596466,37.611499071121216
2177,0.010961602441966534,,1426.8852453231812,37.624491930007935
2178,0.011781751178205013,,1427.5263500213623,37.637444734573364
2179,0.012747343629598618,,1428.168118238449,37.65042424201965
2180,0.013555804267525673,,1428.8103737831116,37.66336393356323
2181,0.009135532192885876,,1429.4548428058624,37.676337242126465
2182,0.008641230873763561,,1430.0960278511047,37.689332723617554
2183,0.008191713131964207,,1430.738083600998,37.70228171348572
2184,0.009655616246163845,,1431.3800225257874,37.71525573730469
2185,0.01125471293926239,,1432.0218751430511,37.72828722000122
2186,0.010579291731119156,,1432.6631076335907,37.7412748336792
2187,0.00960032269358635,,1433.6419558525085,37.75425839424133
2188,0.009093526750802994,,1434.2849230766296,37.76724624633789
2189,0.011152341030538082,,1434.9279618263245,37.78022527694702
2190,0.012725486420094967,,1435.5687398910522,37.7932026386261
2191,0.01012380886822939,,1436.2106459140778,37.806129455566406
2192,0.012212911620736122,,1436.853576183319,37.819098234176636
2193,0.009450286626815796,,1437.4956965446472,37.83210253715515
2194,0.010770418681204319,,1438.138198852539,37.84507489204407
2195,0.009091777727007866,,1438.779807806015,37.85801577568054
2196,0.008598968386650085,,1439.422057390213,37.87098717689514
2197,0.008605914190411568,,1440.0643863677979,37.88392448425293
2198,0.010760749690234661,,1440.7072966098785,37.89691400527954
2199,0.011172725819051266,,1441.3493893146515,37.90986204147339
2200,0.009021211415529251,,1441.9909052848816,37.92280411720276
2201,0.009319180622696877,,1442.6338436603546,37.93577599525452
2202,0.00973542407155037,,1443.2750852108002,37.948787450790405
2203,0.011018957011401653,,1443.9169495105743,37.961753129959106
2204,0.010821438394486904,,1444.5604920387268,37.97473478317261
2205,0.009914061054587364,,1445.2039153575897,37.9876823425293
2206,0.008864201605319977,,1445.8453323841095,38.00065517425537
2207,0.009572776965796947,,1446.487565279007,38.013625621795654
2208,0.009250191040337086,,1447.129313468933,38.026567697525024
2209,0.009146293625235558,,1447.770637512207,38.039474964141846
2210,0.009887014515697956,,1448.4116883277893,38.05243277549744
2211,0.010123122483491898,,1449.0548288822174,38.065377950668335
2212,0.011287343688309193,,1449.696836233139,38.0783257484436
2213,0.008984402753412724,,1450.3390460014343,38.0913143157959
2214,0.009823869913816452,,1451.318437576294,38.10426139831543
2215,0.008916782215237617,,1451.9604213237762,38.11723470687866
2216,0.008894307538866997,,1452.6032130718231,38.13023900985718
2217,0.009059092961251736,,1453.244601726532,38.14323091506958
2218,0.008820866234600544,,1453.8875098228455,38.15613102912903
2219,0.010567515157163143,,1454.5299441814423,38.16908359527588
2220,0.009753787890076637,,1455.1720979213715,38.18202590942383
2221,0.00899815559387207,,1455.8146677017212,38.195021629333496
2222,0.009222571738064289,,1456.4558148384094,38.207982540130615
2223,0.011050357483327389,,1457.097498178482,38.22093343734741
2224,0.008958361111581326,,1457.739487171173,38.23389196395874
2225,0.00827696081250906,,1458.3818397521973,38.24684286117554
2226,0.008323950693011284,,1459.0235896110535,38.25983810424805
2227,0.009124861098825932,,1459.6654996871948,38.27282166481018
2228,0.009083457291126251,,1460.3064551353455,38.28577756881714
2229,0.008779145777225494,,1460.9485495090485,38.29874396324158
2230,0.010502166114747524,,1461.590024471283,38.31168293952942
2231,0.00906762108206749,,1462.2317826747894,38.32460689544678
2232,0.008633963763713837,,1462.872908115387,38.33757996559143
2233,0.012807629071176052,,1463.5153710842133,38.35055899620056
2234,0.014554287306964397,,1464.1560101509094,38.36352467536926
2235,0.01199923362582922,,1464.799751996994,38.37650275230408
2236,0.012374404817819595,,1465.440199136734,38.389471769332886
2237,0.010684490203857422,,1466.0815029144287,38.40246534347534
2238,0.010420646518468857,,1466.7223989963531,38.4154155254364
2239,0.010196189396083355,,1467.364851474762,38.428438901901245
2240,0.010274998843669891,,1468.0074481964111,38.441421031951904
2241,0.012373224832117558,,1468.9852826595306,38.45440125465393
2242,0.010589304380118847,,1469.6265144348145,38.467371225357056
2243,0.008288481272757053,,1470.2678830623627,38.48032903671265
2244,0.010374321602284908,,1470.9099607467651,38.49331879615784
2245,0.011556286364793777,,1471.5531122684479,38.50627303123474
2246,0.011617155745625496,,1472.1939215660095,38.51924514770508
2247,0.009076422080397606,,1472.8361184597015,38.53225231170654
2248,0.008661897853016853,,1473.478055715561,38.54519033432007
2249,0.010542617179453373,,1474.1200156211853,38.55820965766907
2250,0.008410331793129444,,1474.7616503238678,38.57115936279297
2251,0.009610649198293686,,1475.4038586616516,38.58412194252014
2252,0.012312336824834347,,1476.0473692417145,38.597052335739136
2253,0.009991372004151344,,1476.6889877319336,38.610048055648804
2254,0.00976712629199028,,1477.331294298172,38.62305974960327
2255,0.009188937023282051,,1477.9741537570953,38.636053800582886
2256,0.009712586179375648,,1478.6151492595673,38.649027824401855
2257,0.012119540013372898,,1479.2591042518616,38.662004232406616
2258,0.011023439466953278,,1479.9009311199188,38.674988985061646
2259,0.011024550534784794,,1480.5424027442932,38.68797492980957
2260,0.007861456833779812,,1481.1842477321625,38.70096707344055
2261,0.008076773025095463,,1481.8277623653412,38.71399521827698
2262,0.008082916028797626,,1482.4686546325684,38.72702956199646
2263,0.010425632819533348,,1483.1112551689148,38.739983320236206
2264,0.008284288458526134,,1483.7538387775421,38.75292181968689
2265,0.008980668149888515,,1484.3951089382172,38.76587724685669
2266,0.008834329433739185,,1485.0368700027466,38.7788360118866
2267,0.00918130949139595,,1485.6782793998718,38.79183602333069
2268,0.01001046970486641,,1486.656226158142,38.80480456352234
2269,0.011464782990515232,,1487.2986271381378,38.817786693573
2270,0.010595935396850109,,1487.9412922859192,38.83072066307068
2271,0.008728575892746449,,1488.5825719833374,38.84365200996399
2272,0.007698449306190014,,1489.2235848903656,38.85659742355347
2273,0.009170548990368843,,1489.867403268814,38.86954855918884
2274,0.010142434388399124,,1490.5090885162354,38.88256049156189
2275,0.009430128149688244,,1491.1505889892578,38.89551591873169
2276,0.009033342823386192,,1491.791259765625,38.90847682952881
2277,0.009122972376644611,,1492.4345095157623,38.92139649391174
2278,0.010502859018743038,,1493.075406551361,38.9343466758728
2279,0.009397892281413078,,1493.719324350357,38.947280406951904
2280,0.007665654178708792,,1494.3615684509277,38.96021914482117
2281,0.007722440641373396,,1495.0056011676788,38.97319984436035
2282,0.008698808960616589,,1495.6486730575562,38.986167907714844
2283,0.0077420854941010475,,1496.2911887168884,38.99919629096985
2284,0.008376025594770908,,1496.9319863319397,39.01213264465332
2285,0.009259630925953388,,1497.5754418373108,39.02513313293457
2286,0.007949779741466045,,1498.2170617580414,39.03808522224426
2287,0.010272669605910778,,1498.8587832450867,39.05104970932007
2288,0.008767594583332539,,1499.501811504364,39.06400179862976
2289,0.008152207359671593,,1500.143277645111,39.07697582244873
2290,0.00823681429028511,,1500.7862348556519,39.0899019241333
2291,0.011937136761844158,,1501.4284093379974,39.10284733772278
2292,0.009231061674654484,,1502.0721402168274,39.11581754684448
2293,0.008591845631599426,,1502.713544845581,39.12876319885254
2294,0.011151193641126156,,1503.355319261551,39.14168572425842
2295,0.01009825337678194,,1504.3352568149567,39.154659271240234
2296,0.008876602165400982,,1504.9781069755554,39.167606830596924
2297,0.0125991590321064,,1505.6201655864716,39.18060255050659
2298,0.010017922148108482,,1506.2609207630157,39.19360327720642
2299,0.007618465460836887,,1506.9040887355804,39.20652484893799
2300,0.008544953539967537,,1507.5452716350555,39.21953368186951
2301,0.007915486581623554,,1508.1872305870056,39.232539653778076
2302,0.008559433743357658,,1508.8283939361572,39.24557852745056
2303,0.009655141271650791,,1509.4696362018585,39.25854182243347
2304,0.007702318485826254,,1510.1132929325104,39.27153134346008
2305,0.009161930531263351,,1510.755619764328,39.28453850746155
2306,0.008940011262893677,,1511.3966042995453,39.29753541946411
2307,0.011393931694328785,,1512.0384979248047,39.31047344207764
2308,0.008967949077486992,,1512.6815371513367,39.323447704315186
2309,0.009545065462589264,,1513.3233032226562,39.33638787269592
2310,0.011742865666747093,,1513.9640879631042,39.349421977996826
2311,0.010846138000488281,,1514.605738401413,39.362393617630005
2312,0.00790927279740572,,1515.247193813324,39.37533235549927
2313,0.008695426397025585,,1515.8889107704163,39.38827562332153
2314,0.008886724710464478,,1516.531243801117,39.4012656211853
2315,0.00920936930924654,,1517.1735217571259,39.41421389579773
2316,0.008255230262875557,,1517.8148710727692,39.42717480659485
2317,0.008916753344237804,,1518.458419561386,39.44014048576355
2318,0.009432277642190456,,1519.0994882583618,39.453057050704956
2319,0.007586274761706591,,1519.74227643013,39.46602821350098
2320,0.007972616702318192,,1520.38450217247,39.47898840904236
2321,0.007400745525956154,,1521.0262558460236,39.49193239212036
2322,0.008801736868917942,,1522.0046620368958,39.504942655563354
2323,0.008557683788239956,,1522.6473252773285,39.51794409751892
2324,0.0075048236176371574,,1523.288792848587,39.530935287475586
2325,0.011384169571101665,,1523.9310150146484,39.54388213157654
2326,0.007996262982487679,,1524.572586297989,39.556804180145264
2327,0.008053803816437721,,1525.2157735824585,39.5697557926178
2328,0.008971373550593853,,1525.8583252429962,39.58275127410889
2329,0.008766401559114456,,1526.4997696876526,39.59577679634094
2330,0.00943755079060793,,1527.142097234726,39.60871481895447
2331,0.008725455030798912,,1527.7844831943512,39.62173104286194
2332,0.00851299986243248,,1528.4257900714874,39.634663343429565
2333,0.009181870147585869,,1529.0674448013306,39.64762043952942
2334,0.011673788540065289,,1529.7111315727234,39.66057324409485
2335,0.00965904351323843,,1530.3534905910492,39.67358589172363
2336,0.00888123083859682,,1530.9943823814392,39.68660044670105
2337,0.009000809863209724,,1531.6377489566803,39.69953751564026
2338,0.009789149276912212,,1532.2787358760834,39.71254301071167
2339,0.009252899326384068,,1532.9204363822937,39.72549486160278
2340,0.010353518649935722,,1533.562510251999,39.73851561546326
2341,0.008944230154156685,,1534.2041203975677,39.75147223472595
2342,0.009134992025792599,,1534.846753835678,39.764437675476074
2343,0.010061443783342838,,1535.4890551567078,39.777358531951904
2344,0.009647969156503677,,1536.1314980983734,39.79033803939819
2345,0.009285115636885166,,1536.7745394706726,39.80336046218872
2346,0.010170584544539452,,1537.4157586097717,39.81635332107544
2347,0.010167589411139488,,1538.059968471527,39.829341173172
2348,0.009215051308274269,,1538.7024171352386,39.84231209754944
2349,0.008988400921225548,,1539.6820368766785,39.85525703430176
2350,0.008889719843864441,,1540.3237609863281,39.86824059486389
2351,0.00929281022399664,,1540.966881275177,39.88123297691345
2352,0.00866209901869297,,1541.6106579303741,39.89419198036194
2353,0.010932845994830132,,1542.253671169281,39.90715575218201
2354,0.009615974500775337,,1542.895010471344,39.92009973526001
2355,0.010536042042076588,,1543.537989616394,39.93301820755005
2356,0.009534899145364761,,1544.179134130478,39.94598889350891
2357,0.00934281200170517,,1544.8224518299103,39.958959341049194
2358,0.009563397616147995,,1545.465116739273,39.97189521789551
2359,0.009826871566474438,,1546.107678413391,39.98488402366638
2360,0.00975891761481762,,1546.750441789627,39.99782848358154
2361,0.009229009971022606,,1547.3918414115906,40.01076936721802
2362,0.009810036048293114,,1548.0328359603882,40.02376437187195
2363,0.012517141178250313,,1548.6763288974762,40.03673577308655
2364,0.012007150799036026,,1549.3178145885468,40.04976677894592
2365,0.00946644227951765,,1549.9609007835388,40.062676429748535
2366,0.009224314242601395,,1550.6038715839386,40.075647830963135
2367,0.008877447806298733,,1551.2460248470306,40.088592767715454
2368,0.013026408851146698,,1551.889568567276,40.1015739440918
2369,0.009050561115145683,,1552.5303976535797,40.114529848098755
2370,0.013417785055935383,,1553.172076702118,40.12747144699097
2371,0.01064265426248312,,1553.8143780231476,40.14043736457825
2372,0.009119397029280663,,1554.4551086425781,40.153414726257324
2373,0.010048341006040573,,1555.0978708267212,40.16637301445007
2374,0.008301204070448875,,1555.740511417389,40.17930459976196
2375,0.007988662458956242,,1556.381950378418,40.19224953651428
2376,0.008581426925957203,,1557.3602576255798,40.20522141456604
2377,0.008012010715901852,,1558.0016458034515,40.21814513206482
2378,0.009196140803396702,,1558.643081665039,40.23111081123352
2379,0.00801828783005476,,1559.2844932079315,40.2440505027771
2380,0.009113249368965626,,1559.9255850315094,40.257019996643066
2381,0.00763294380158186,,1560.56933927536,40.269989013671875
2382,0.00783463567495346,,1561.2121918201447,40.28293037414551
2383,0.009197144769132137,,1561.8538899421692,40.29587745666504
2384,0.010646273382008076,,1562.4971852302551,40.30881452560425
2385,0.008448521606624126,,1563.139041185379,40.32176470756531
2386,0.008022581227123737,,1563.7825248241425,40.33474564552307
2387,0.009357811883091927,,1564.424650669098,40.34768199920654
2388,0.009006954729557037,,1565.0659980773926,40.360675573349
2389,0.007871839217841625,,1565.7079677581787,40.37361264228821
2390,0.008200184442102909,,1566.3499872684479,40.38655352592468
2391,0.010989632457494736,,1566.9921114444733,40.3995304107666
2392,0.007596946787089109,,1567.6338200569153,40.41251039505005
2393,0.007475826423615217,,1568.2768297195435,40.425487995147705
2394,0.008062907494604588,,1568.9182069301605,40.43842267990112
2395,0.009697332978248596,,1569.5614652633667,40.45139145851135
2396,0.00885858666151762,,1570.2027702331543,40.464351177215576
2397,0.009898479096591473,,1570.8441259860992,40.47731423377991
2398,0.008520015515387058,,1571.4855875968933,40.49032497406006
2399,0.007747007999569178,,1572.1280205249786,40.50321841239929
2400,0.007828420959413052,,1572.7699506282806,40.51619744300842
2401,0.009019076824188232,,1573.4166049957275,40.529181480407715
2402,0.008941316977143288,,1574.05823969841,40.54220485687256
2403,0.008571990765631199,,1575.037190437317,40.55513000488281
2404,0.013615450821816921,,1575.6782460212708,40.56811547279358
2405,0.007859934121370316,,1576.3214015960693,40.58108353614807
2406,0.008772877044975758,,1576.9639904499054,40.5940043926239
2407,0.007548919413238764,,1577.6078503131866,40.60695242881775
2408,0.008491341955959797,,1578.2498214244843,40.61992788314819
2409,0.007636672351509333,,1578.8911225795746,40.63291001319885
2410,0.008879095315933228,,1579.5323462486267,40.64585876464844
2411,0.010089405812323093,,1580.1753170490265,40.6588339805603
2412,0.008863088674843311,,1580.8182945251465,40.67177867889404
2413,0.007870440371334553,,1581.4616842269897,40.68474555015564
2414,0.008775971829891205,,1582.1033322811127,40.69767093658447
2415,0.009799502789974213,,1582.7451343536377,40.710625410079956
2416,0.010156470350921154,,1583.3865036964417,40.72361874580383
2417,0.00924533512443304,,1584.0295634269714,40.73657512664795
2418,0.008734243921935558,,1584.6726531982422,40.749518632888794
2419,0.008959194645285606,,1585.3144445419312,40.76247572898865
2420,0.007480234373360872,,1585.958529472351,40.775426626205444
2421,0.011629007756710052,,1586.6007392406464,40.7884316444397
2422,0.00843493826687336,,1587.241759777069,40.80138278007507
2423,0.008642642758786678,,1587.883600473404,40.81433176994324
2424,0.008123256266117096,,1588.5244944095612,40.82731008529663
2425,0.00964572373777628,,1589.1665062904358,40.840266704559326
2426,0.007438575383275747,,1589.807270526886,40.85324740409851
2427,0.007687176577746868,,1590.448661327362,40.86617588996887
2428,0.01215554028749466,,1591.089736700058,40.87914323806763
2429,0.009109714068472385,,1591.732931137085,40.89212727546692
2430,0.007987115532159805,,1592.7117104530334,40.905113697052
2431,0.007833736017346382,,1593.3535256385803,40.9180965423584
2432,0.0076625109650194645,,1593.9957160949707,40.931039571762085
2433,0.009778272360563278,,1594.6368503570557,40.943978786468506
2434,0.007546875160187483,,1595.2782533168793,40.957005977630615
2435,0.009030071087181568,,1595.9208805561066,40.96997928619385
2436,0.010549282655119896,,1596.56289601326,40.98295545578003
2437,0.007716273423284292,,1597.2051465511322,40.99593472480774
2438,0.009109740145504475,,1597.846820116043,41.00886058807373
2439,0.00920206680893898,,1598.4891242980957,41.02177882194519
2440,0.007682865019887686,,1599.1301691532135,41.03469777107239
2441,0.009165603667497635,,1599.7718513011932,41.04772067070007
2442,0.009698879905045033,,1600.4142034053802,41.06067728996277
2443,0.008636804297566414,,1601.058396100998,41.07365012168884
2444,0.00795196183025837,,1601.700593471527,41.086636543273926
2445,0.011682072654366493,,1602.3443381786346,41.099581480026245
2446,0.0073074111714959145,,1602.9857590198517,41.112518072128296
2447,0.007254362106323242,,1603.628017425537,41.12551236152649
2448,0.008120158687233925,,1604.2692637443542,41.138466358184814
2449,0.009321616031229496,,1604.911773443222,41.15142798423767
2450,0.011159565299749374,,1605.5540254116058,41.1643602848053
2451,0.00777717400342226,,1606.1962168216705,41.177314043045044
2452,0.009776035323739052,,1606.8378944396973,41.190322160720825
2453,0.008401656523346901,,1607.4801981449127,41.20327949523926
2454,0.008804606273770332,,1608.1218192577362,41.21623468399048
2455,0.008690064772963524,,1608.7639162540436,41.22925853729248
2456,0.007280601654201746,,1609.4044332504272,41.24225640296936
2457,0.010033892467617989,,1610.3841345310211,41.25523805618286
2458,0.007576230447739363,,1611.027364730835,41.26820468902588
2459,0.008332467637956142,,1611.6687936782837,41.28121018409729
2460,0.008320610970258713,,1612.309695482254,41.294150590896606
2461,0.009846934117376804,,1612.9512829780579,41.30712866783142
2462,0.008544526062905788,,1613.5926015377045,41.32011127471924
2463,0.009632722474634647,,1614.235756635666,41.33306097984314
2464,0.00808987021446228,,1614.8771641254425,41.34608030319214
2465,0.008459589444100857,,1615.5207223892212,41.35902214050293
2466,0.007815132848918438,,1616.16184592247,41.3719801902771
2467,0.007535125594586134,,1616.8042323589325,41.38490438461304
2468,0.007672945503145456,,1617.4460418224335,41.397846937179565
2469,0.009620549157261848,,1618.0873484611511,41.41078805923462
2470,0.008156589232385159,,1618.729193687439,41.423763275146484
2471,0.008169159293174744,,1619.3706667423248,41.4367458820343
2472,0.008324957452714443,,1620.013784646988,41.449745178222656
2473,0.010929257608950138,,1620.6569774150848,41.46274542808533
2474,0.0074232472106814384,,1621.2987141609192,41.47575068473816
2475,0.008110344409942627,,1621.9416484832764,41.4887318611145
2476,0.01561429351568222,,1622.5825717449188,41.501683473587036
2477,0.008422533981502056,,1623.2242817878723,41.51464319229126
2478,0.009387812577188015,,1623.8662996292114,41.52758836746216
2479,0.00837685540318489,,1624.5084402561188,41.54054069519043
2480,0.00870502833276987,,1625.152109861374,41.5535192489624
2481,0.009373820386826992,,1625.794786453247,41.566479206085205
2482,0.010019576177001,,1626.4364569187164,41.5794415473938
2483,0.008573590777814388,,1627.0781528949738,41.59240436553955
2484,0.009958854876458645,,1628.0569026470184,41.60539174079895
2485,0.011891462840139866,,1628.7006783485413,41.618372678756714
2486,0.010651594959199429,,1629.3424892425537,41.63131666183472
2487,0.00853821448981762,,1629.9842240810394,41.64425349235535
2488,0.008481839671730995,,1630.6258540153503,41.657233238220215
2489,0.011153219267725945,,1631.2678384780884,41.67013907432556
2490,0.008858511224389076,,1631.9111132621765,41.68313121795654
2491,0.008858156390488148,,1632.5546414852142,41.69613790512085
2492,0.008619418367743492,,1633.1952352523804,41.70930099487305
2493,0.010452318005263805,,1633.8367674350739,41.7223105430603
2494,0.008891984820365906,,1634.4783957004547,41.735268115997314
2495,0.009139575064182281,,1635.1197137832642,41.74820876121521
2496,0.010191702283918858,,1635.7602717876434,41.76117420196533
2497,0.008376018144190311,,1636.4029006958008,41.774182081222534
2498,0.008863848634064198,,1637.0458357334137,41.78717064857483
2499,0.00972555298358202,,1637.6871871948242,41.80010676383972
2500,0.008858240209519863,0.0034961311612278223,1638.3292298316956,43.68758678436279
2501,0.010717906057834625,,1638.9706673622131,43.70054340362549
2502,0.009774760343134403,,1639.612456560135,43.71351361274719
2503,0.010559522546827793,,1640.2554762363434,43.72646641731262
2504,0.00951678678393364,,1640.8969326019287,43.739378690719604
2505,0.009297222830355167,,1641.5404555797577,43.752357482910156
2506,0.00893634743988514,,1642.1818203926086,43.765299558639526
2507,0.00930160004645586,,1642.8237133026123,43.77822494506836
2508,0.008742603473365307,,1643.4652225971222,43.79116702079773
2509,0.008407345972955227,,1644.106806755066,43.804147720336914
2510,0.010045149363577366,,1644.7485826015472,43.817068338394165
2511,0.008566461503505707,,1645.7270402908325,43.8300564289093
2512,0.009078913368284702,,1646.368327140808,43.84297299385071
2513,0.008877229876816273,,1647.0109570026398,43.855950117111206
2514,0.00835241936147213,,1647.6531774997711,43.8689284324646
2515,0.010428078472614288,,1648.2946898937225,43.88185262680054
2516,0.009401766583323479,,1648.937034368515,43.89479970932007
2517,0.009107891470193863,,1649.5793988704681,43.907763957977295
2518,0.009011287242174149,,1650.2205061912537,43.920671463012695
2519,0.00916555430740118,,1650.862476348877,43.9336462020874
2520,0.00938956905156374,,1651.5034737586975,43.94660210609436
2521,0.01226983405649662,,1652.1450448036194,43.95951056480408
2522,0.009901377372443676,,1652.7872285842896,43.97246789932251
2523,0.011186253279447556,,1653.4294397830963,43.98544788360596
2524,0.009271538816392422,,1654.0718922615051,43.998403549194336
2525,0.00888157356530428,,1654.7135789394379,44.01136136054993
2526,0.009513302706182003,,1655.3552107810974,44.02435040473938
2527,0.009046201594173908,,1655.996613740921,44.037296772003174
2528,0.009134062565863132,,1656.6390824317932,44.05032920837402
2529,0.008929835632443428,,1657.2806160449982,44.063321113586426
2530,0.011489130556583405,,1657.9222617149353,44.07629442214966
2531,0.00840530451387167,,1658.5640633106232,44.089255809783936
2532,0.008730048313736916,,1659.2057201862335,44.1022264957428
2533,0.009074036031961441,,1659.8489036560059,44.1152184009552
2534,0.009249212220311165,,1660.4899125099182,44.12817335128784
2535,0.009218051098287106,,1661.1321544647217,44.141144037246704
2536,0.009113402105867863,,1661.773491859436,44.15410900115967
2537,0.008956939913332462,,1662.414968252182,44.16701579093933
2538,0.008811045438051224,,1663.3928220272064,44.18003988265991
2539,0.008789404295384884,,1664.035683631897,44.193005323410034
2540,0.008877450600266457,,1664.6785247325897,44.20595026016235
2541,0.009276097640395164,,1665.3209762573242,44.21893310546875
2542,0.010545855388045311,,1665.9614832401276,44.23192477226257
2543,0.009989013895392418,,1666.6035356521606,44.24488162994385
2544,0.009710682556033134,,1667.2466390132904,44.257837533950806
2545,0.009749693796038628,,1667.888569355011,44.270853996276855
2546,0.009613120928406715,,1668.5302739143372,44.28381657600403
2547,0.009588544256985188,,1669.1712336540222,44.29674553871155
2548,0.009565587155520916,,1669.8138015270233,44.30969166755676
2549,0.009441692382097244,,1670.4553956985474,44.32264566421509
2550,0.009922976605594158,,1671.0963587760925,44.3355975151062
2551,0.009787154383957386,,1671.7375361919403,44.34856605529785
2552,0.009524280205368996,,1672.378555059433,44.36146831512451
2553,0.009499646723270416,,1673.0210356712341,44.374433517456055
2554,0.009384991601109505,,1673.663628578186,44.38737773895264
2555,0.009614667855203152,,1674.30606341362,44.400330781936646
2556,0.010492735542356968,,1674.9488983154297,44.4133460521698
2557,0.00960155762732029,,1675.5910964012146,44.42632079124451
2558,0.00921129435300827,,1676.231857061386,44.439300775527954
2559,0.009313098154962063,,1676.8737032413483,44.45225501060486
2560,0.009890321642160416,,1677.5148332118988,44.46523404121399
2561,0.00956001691520214,,1678.158008813858,44.47821760177612
2562,0.009817858226597309,,1678.7990872859955,44.491167306900024
2563,0.009400010108947754,,1679.440354347229,44.50414967536926
2564,0.009650222957134247,,1680.081682920456,44.51708650588989
2565,0.00983442086726427,,1681.0614275932312,44.529993772506714
2566,0.010324019007384777,,1681.7031767368317,44.54296350479126
2567,0.01084131095558405,,1682.344920873642,44.55594444274902
2568,0.009329846128821373,,1682.9861917495728,44.5689013004303
2569,0.00884032342582941,,1683.6282653808594,44.581918239593506
2570,0.008808939717710018,,1684.2698135375977,44.59485578536987
2571,0.009192445315420628,,1684.9118702411652,44.60786199569702
2572,0.008992975577712059,,1685.5537803173065,44.62084150314331
2573,0.008615642786026001,,1686.1955943107605,44.63380455970764
2574,0.00845824833959341,,1686.836858510971,44.64673447608948
2575,0.008396006189286709,,1687.4795334339142,44.659711837768555
2576,0.008054028265178204,,1688.1220970153809,44.672651290893555
2577,0.010179298929870129,,1688.7645230293274,44.685630798339844
2578,0.007905587553977966,,1689.4060752391815,44.69857096672058
2579,0.00808622594922781,,1690.0478160381317,44.71149516105652
2580,0.008161930367350578,,1690.690083026886,44.72447943687439
2581,0.008835903368890285,,1691.3326227664948,44.73746085166931
2582,0.007522440515458584,,1691.973953485489,44.750465869903564
2583,0.007770073134452105,,1692.6158382892609,44.76339817047119
2584,0.007748554460704327,,1693.2569210529327,44.77633309364319
2585,0.00941467471420765,,1693.8996579647064,44.78929018974304
2586,0.008711344562470913,,1694.5423538684845,44.802191495895386
2587,0.008583324030041695,,1695.18443441391,44.81521701812744
2588,0.011551061645150185,,1695.8260917663574,44.82817459106445
2589,0.012504867278039455,,1696.4679346084595,44.84114336967468
2590,0.009205344133079052,,1697.1094307899475,44.854065895080566
2591,0.007575606927275658,,1697.7508506774902,44.86699414253235
2592,0.009306002408266068,,1698.7298312187195,44.87993669509888
2593,0.009702522307634354,,1699.3710498809814,44.89286780357361
2594,0.010256214998662472,,1700.0125861167908,44.90589952468872
2595,0.00819956511259079,,1700.6549105644226,44.91891813278198
2596,0.007285207509994507,,1701.2982041835785,44.93185567855835
2597,0.007720238994807005,,1701.939917087555,44.94484615325928
2598,0.007712856400758028,,1702.58322763443,44.957836866378784
2599,0.011844361200928688,,1703.2259740829468,44.970813512802124
2600,0.011266910471022129,,1703.8685050010681,44.983784675598145
2601,0.008525918237864971,,1704.5100166797638,44.996742725372314
2602,0.007944293320178986,,1705.1526732444763,45.009673833847046
2603,0.007893696427345276,,1705.7956655025482,45.02265119552612
2604,0.00973519403487444,,1706.4381430149078,45.03559589385986
2605,0.01013930980116129,,1707.0801026821136,45.048566818237305
2606,0.008123415522277355,,1707.7214677333832,45.061583518981934
2607,0.007677925284951925,,1708.3638980388641,45.074573278427124
2608,0.009096072986721992,,1709.0053107738495,45.08753728866577
2609,0.007566479966044426,,1709.647082567215,45.10048222541809
2610,0.01126591395586729,,1710.288340806961,45.113383054733276
2611,0.010329104028642178,,1710.9297351837158,45.12638759613037
2612,0.009892460890114307,,1711.574077129364,45.1393563747406
2613,0.008742574602365494,,1712.2160251140594,45.15229320526123
2614,0.009057903662323952,,1712.8591072559357,45.165226459503174
2615,0.01162242703139782,,1713.5038001537323,45.17817997932434
2616,0.011151495389640331,,1714.1454033851624,45.19119167327881
2617,0.008558234199881554,,1714.78839468956,45.20415949821472
2618,0.009619305841624737,,1715.431240081787,45.21711993217468
2619,0.011762917973101139,,1716.4099142551422,45.2300500869751
2620,0.008109106682240963,,1717.050912618637,45.243038177490234
2621,0.010628574527800083,,1717.692354440689,45.25600743293762
2622,0.011205341666936874,,1718.3345527648926,45.26899433135986
2623,0.011906069703400135,,1718.9778234958649,45.28192186355591
2624,0.011413058266043663,,1719.6188926696777,45.29488253593445
2625,0.009257844649255276,,1720.2608497142792,45.30787515640259
2626,0.009312180802226067,,1720.9018671512604,45.320825815200806
2627,0.008258568122982979,,1721.5437188148499,45.33381128311157
2628,0.010235014371573925,,1722.1850457191467,45.34677767753601
2629,0.00788069237023592,,1722.8272216320038,45.359747648239136
2630,0.010081194341182709,,1723.468609571457,45.37271857261658
2631,0.008929776027798653,,1724.1108393669128,45.38566780090332
2632,0.012815212830901146,,1724.752531528473,45.398619651794434
2633,0.008543538860976696,,1725.3949790000916,45.411582946777344
2634,0.008343933150172234,,1726.0363528728485,45.424569606781006
2635,0.009013648144900799,,1726.6779625415802,45.437520027160645
2636,0.008879758417606354,,1727.3191282749176,45.45046615600586
2637,0.008987994864583015,,1727.9606540203094,45.46347141265869
2638,0.011249895207583904,,1728.6018784046173,45.476452589035034
2639,0.012416918762028217,,1729.244052886963,45.489381551742554
2640,0.008611337281763554,,1729.8849713802338,45.502320289611816
2641,0.008076056838035583,,1730.5289125442505,45.51528763771057
2642,0.008530589751899242,,1731.1715824604034,45.52835011482239
2643,0.00908011756837368,,1731.81343126297,45.5413613319397
2644,0.007950139231979847,,1732.45441365242,45.554309606552124
2645,0.007614250760525465,,1733.0965628623962,45.56726598739624
2646,0.007585965562611818,,1734.0745112895966,45.58027625083923
2647,0.00941380299627781,,1734.7160556316376,45.593239307403564
2648,0.009368526749312878,,1735.3575093746185,45.606231689453125
2649,0.010988874360918999,,1735.9991827011108,45.619173765182495
2650,0.009021353907883167,,1736.6409890651703,45.632123708724976
2651,0.00976193230599165,,1737.2839405536652,45.645092248916626
2652,0.00839246902614832,,1737.9254426956177,45.65803122520447
2653,0.008595415391027927,,1738.567723274231,45.67096424102783
2654,0.008429180830717087,,1739.209448814392,45.683971881866455
2655,0.00859103910624981,,1739.8516132831573,45.69690775871277
2656,0.007754739839583635,,1740.4968349933624,45.7098388671875
2657,0.007909949868917465,,1741.1394536495209,45.722824811935425
2658,0.007482682354748249,,1741.7803463935852,45.735793113708496
2659,0.008501467294991016,,1742.422099351883,45.74875211715698
2660,0.00896906666457653,,1743.0631818771362,45.76174998283386
2661,0.008908620104193687,,1743.70512509346,45.77468919754028
2662,0.007690714206546545,,1744.3468856811523,45.787652015686035
2663,0.007381417788565159,,1744.9904479980469,45.80058765411377
2664,0.008084893226623535,,1745.63152551651,45.81356883049011
2665,0.007392900995910168,,1746.275199174881,45.82654070854187
2666,0.009022555314004421,,1746.9171397686005,45.839465856552124
2667,0.014053386636078358,,1747.558819770813,45.85245704650879
2668,0.008893393911421299,,1748.2017221450806,45.86542248725891
2669,0.011700782924890518,,1748.844896554947,45.87839984893799
2670,0.011156965978443623,,1749.486631155014,45.89130139350891
2671,0.008589459583163261,,1750.1290562152863,45.904287338256836
2672,0.008986355736851692,,1750.7723760604858,45.91728615760803
2673,0.013966532424092293,,1751.752353668213,45.93028998374939
2674,0.014418591745197773,,1752.3931109905243,45.94327998161316
2675,0.011966520920395851,,1753.034114599228,45.95620918273926
2676,0.011230306699872017,,1753.6767177581787,45.96916198730469
2677,0.009328448213636875,,1754.3186717033386,45.98211622238159
2678,0.009322356432676315,,1754.9631085395813,45.99508762359619
2679,0.009715982712805271,,1755.604543209076,46.00801229476929
2680,0.0080178901553154,,1756.2462599277496,46.021032094955444
2681,0.007581296376883984,,1756.8886234760284,46.034003496170044
2682,0.008486641570925713,,1757.5302782058716,46.04701042175293
2683,0.01113804429769516,,1758.171516418457,46.060012102127075
2684,0.007678709924221039,,1758.8133306503296,46.07297396659851
2685,0.007385393138974905,,1759.455319404602,46.08596444129944
2686,0.008910447359085083,,1760.0971331596375,46.098960638046265
2687,0.008765023201704025,,1760.7397863864899,46.11186933517456
2688,0.009076236747205257,,1761.3809463977814,46.1248345375061
2689,0.008485257625579834,,1762.0228729248047,46.137770891189575
2690,0.011553014628589153,,1762.6641461849213,46.15070724487305
2691,0.010849075391888618,,1763.3071269989014,46.16364073753357
2692,0.009031292982399464,,1763.9483387470245,46.17658519744873
2693,0.009837374091148376,,1764.5892646312714,46.18951964378357
2694,0.009742184542119503,,1765.2306921482086,46.20255446434021
2695,0.010339949280023575,,1765.872023820877,46.21551704406738
2696,0.008800172246992588,,1766.5146141052246,46.22844839096069
2697,0.01187116652727127,,1767.15829205513,46.241448640823364
2698,0.013130887411534786,,1767.8003523349762,46.254432916641235
2699,0.013154036365449429,,1768.4436447620392,46.26735472679138
2700,0.00923244934529066,,1769.4218995571136,46.28028345108032
2701,0.007628683932125568,,1770.0655574798584,46.29320001602173
2702,0.007846779190003872,,1770.7072761058807,46.306118965148926
2703,0.011052076704800129,,1771.3487284183502,46.319066524505615
2704,0.012209996581077576,,1771.9919378757477,46.332003355026245
2705,0.010994880460202694,,1772.6345603466034,46.344961643218994
2706,0.01120204571634531,,1773.2772016525269,46.35795736312866
2707,0.011379819363355637,,1773.9201354980469,46.370914697647095
2708,0.00976707972586155,,1774.5618636608124,46.38385057449341
2709,0.01206384226679802,,1775.2035853862762,46.396846771240234
2710,0.011623181402683258,,1775.8451044559479,46.40978765487671
2711,0.008996855467557907,,1776.4889645576477,46.42278480529785
2712,0.007695095147937536,,1777.1304352283478,46.43574833869934
2713,0.011962296441197395,,1777.7734537124634,46.44871187210083
2714,0.011177499778568745,,1778.4152283668518,46.461724281311035
2715,0.011357681825757027,,1779.0573465824127,46.474722146987915
2716,0.011021969839930534,,1779.700626373291,46.487711668014526
2717,0.010790023021399975,,1780.3424837589264,46.50068640708923
2718,0.012900485657155514,,1780.9845066070557,46.51363778114319
2719,0.012797517701983452,,1781.6275470256805,46.52661323547363
2720,0.009158115833997726,,1782.270763874054,46.539618492126465
2721,0.01033924613147974,,1782.9120798110962,46.552568435668945
2722,0.008219078183174133,,1783.5556418895721,46.56551742553711
2723,0.011434368789196014,,1784.197454214096,46.57844638824463
2724,0.009740973822772503,,1784.83918094635,46.59143090248108
2725,0.008400284685194492,,1785.4811902046204,46.604432106018066
2726,0.008413887582719326,,1786.124207496643,46.617387771606445
2727,0.012112611904740334,,1787.1037244796753,46.630326986312866
2728,0.0139157148078084,,1787.7465562820435,46.64327573776245
2729,0.009638119488954544,,1788.3886482715607,46.65624237060547
2730,0.015076461248099804,,1789.0325019359589,46.6692054271698
2731,0.010814995504915714,,1789.675582408905,46.682121992111206
2732,0.007822570390999317,,1790.317322731018,46.69511437416077
2733,0.007437428925186396,,1790.9597578048706,46.70813250541687
2734,0.008824864402413368,,1791.601719379425,46.72114086151123
2735,0.012850289233028889,,1792.2458865642548,46.73411750793457
2736,0.008073724806308746,,1792.8880076408386,46.747074842453
2737,0.007936260662972927,,1793.5311596393585,46.76006031036377
2738,0.009753154590725899,,1794.175964832306,46.77307200431824
2739,0.008797662332654,,1794.8176493644714,46.78608250617981
2740,0.011069181375205517,,1795.4591047763824,46.79910063743591
2741,0.0129007613286376,,1796.101158618927,46.81207203865051
2742,0.008744291961193085,,1796.7443113327026,46.825029611587524
2743,0.00927948858588934,,1797.3882644176483,46.838016510009766
2744,0.008961383253335953,,1798.030543088913,46.850964307785034
2745,0.010290795937180519,,1798.6750428676605,46.86394166946411
2746,0.007567728869616985,,1799.3176345825195,46.87693977355957
2747,0.009111154824495316,,1799.9608538150787,46.88987135887146
2748,0.007431723643094301,,1800.6027896404266,46.90288257598877
2749,0.009767446666955948,,1801.2448530197144,46.91583251953125
2750,0.007459007669240236,,1801.8871183395386,46.92884922027588
2751,0.007205022033303976,,1802.528695344925,46.94180345535278
2752,0.008261008188128471,,1803.173380613327,46.954795837402344
2753,0.007986309938132763,,1803.8153157234192,46.96777677536011
2754,0.00888783484697342,,1804.7946903705597,46.980746030807495
2755,0.009305788204073906,,1805.4360072612762,46.99369287490845
2756,0.007790890987962484,,1806.0795488357544,47.00666785240173
2757,0.009073218330740929,,1806.721654176712,47.01968812942505
2758,0.009836100973188877,,1807.3639922142029,47.03264379501343
2759,0.009628698229789734,,1808.006766796112,47.045576095581055
2760,0.00931521225720644,,1808.6515953540802,47.05857038497925
2761,0.00978078693151474,,1809.2933096885681,47.07152509689331
2762,0.008855403400957584,,1809.934740304947,47.084556341171265
2763,0.009443901479244232,,1810.5788028240204,47.097506284713745
2764,0.0099882697686553,,1811.221361875534,47.11043977737427
2765,0.0112714022397995,,1811.8634643554688,47.12338733673096
2766,0.008496349677443504,,1812.5055882930756,47.13632154464722
2767,0.007959128357470036,,1813.1490595340729,47.149277448654175
2768,0.007263182662427425,,1813.7904436588287,47.16224527359009
2769,0.009997887536883354,,1814.4346244335175,47.17524003982544
2770,0.008582121692597866,,1815.076824426651,47.1881742477417
2771,0.00905816163867712,,1815.718987941742,47.201133251190186
2772,0.008735123090445995,,1816.3609528541565,47.21408557891846
2773,0.008337332867085934,,1817.0035381317139,47.227110385894775
2774,0.008331543765962124,,1817.6452243328094,47.2400062084198
2775,0.0078960582613945,,1818.2881247997284,47.25298500061035
2776,0.010035322047770023,,1818.9299483299255,47.26598620414734
2777,0.0075523024424910545,,1819.5718398094177,47.278979539871216
2778,0.0071981013752520084,,1820.213648557663,47.29194402694702
2779,0.008297502994537354,,1820.8575994968414,47.30488061904907
2780,0.009827579371631145,,1821.4997277259827,47.317846059799194
2781,0.013258485123515129,,1822.4791460037231,47.330809593200684
2782,0.00885430071502924,,1823.1206402778625,47.34379053115845
2783,0.010693368501961231,,1823.7621369361877,47.35670733451843
2784,0.0076325577683746815,,1824.4032814502716,47.369709491729736
2785,0.009915200993418694,,1825.0457887649536,47.38267183303833
2786,0.007724130060523748,,1825.6870992183685,47.39562702178955
2787,0.007648938335478306,,1826.3299472332,47.4085967540741
2788,0.008900505490601063,,1826.9713814258575,47.421531200408936
2789,0.009674378670752048,,1827.6131715774536,47.43453335762024
2790,0.012009572237730026,,1828.2547011375427,47.44746208190918
2791,0.009211801923811436,,1828.8967797756195,47.46043539047241
2792,0.00956618320196867,,1829.5380120277405,47.47342610359192
2793,0.009591513313353062,,1830.1794555187225,47.48637533187866
2794,0.009831175208091736,,1830.820778131485,47.49933433532715
2795,0.011127938516438007,,1831.4632494449615,47.512285232543945
2796,0.00853016134351492,,1832.1046223640442,47.525251150131226
2797,0.008665336295962334,,1832.7470257282257,47.538259506225586
2798,0.00962798111140728,,1833.3897111415863,47.551204204559326
2799,0.008706998080015182,,1834.0332102775574,47.564157485961914
2800,0.00872445572167635,,1834.676645040512,47.57708263397217
2801,0.008276592008769512,,1835.31835770607,47.59003138542175
2802,0.008285731077194214,,1835.9591567516327,47.60300827026367
2803,0.008674190379679203,,1836.6016945838928,47.6159942150116
2804,0.012640727683901787,,1837.243700504303,47.62899875640869
2805,0.008700230158865452,,1837.8855819702148,47.642017126083374
2806,0.008955653756856918,,1838.5275218486786,47.65503406524658
2807,0.009098484180867672,,1839.169930934906,47.66798639297485
2808,0.008976012468338013,,1840.1483352184296,47.68098711967468
2809,0.008897816762328148,,1840.790526151657,47.69397020339966
2810,0.009660594165325165,,1841.4326872825623,47.706942558288574
2811,0.008914350531995296,,1842.074761390686,47.719966888427734
2812,0.008957446552813053,,1842.7180738449097,47.732903480529785
2813,0.008901196531951427,,1843.359759569168,47.74584722518921
2814,0.009191450662910938,,1844.0032017230988,47.758825063705444
2815,0.009636960923671722,,1844.645325422287,47.77181029319763
2816,0.008876727893948555,,1845.2868523597717,47.78477239608765
2817,0.008148878812789917,,1845.9294567108154,47.797733306884766
2818,0.009593583643436432,,1846.572166442871,47.810643911361694
2819,0.007898720912635326,,1847.2141337394714,47.82360911369324
2820,0.007830466143786907,,1847.857078552246,47.836585998535156
2821,0.008514649234712124,,1848.498417854309,47.8495454788208
2822,0.007752167526632547,,1849.1400990486145,47.862544775009155
2823,0.0071845995262265205,,1849.7848920822144,47.87548851966858
2824,0.007204361259937286,,1850.4264056682587,47.88847875595093
2825,0.008081388659775257,,1851.068960428238,47.901421546936035
2826,0.008047418668866158,,1851.7114605903625,47.914427757263184
2827,0.008092098869383335,,1852.3542051315308,47.92740726470947
2828,0.007735373452305794,,1852.9960029125214,47.94038248062134
2829,0.00763909425586462,,1853.6378724575043,47.95333218574524
2830,0.009076246060431004,,1854.2802729606628,47.96632099151611
2831,0.010203727521002293,,1854.9234972000122,47.979280948638916
2832,0.007842999882996082,,1855.5652627944946,47.99220824241638
2833,0.008212694898247719,,1856.20729470253,48.005178689956665
2834,0.007665479090064764,,1856.849470615387,48.01814103126526
2835,0.007064185570925474,,1857.8277945518494,48.03113126754761
2836,0.007999394088983536,,1858.4695546627045,48.044121742248535
2837,0.00892905704677105,,1859.1125030517578,48.05708932876587
2838,0.009229626506567001,,1859.7542901039124,48.07005047798157
2839,0.007353172171860933,,1860.3982756137848,48.083014488220215
2840,0.00692364014685154,,1861.0403726100922,48.09595274925232
2841,0.0071060326881706715,,1861.6830205917358,48.108946323394775
2842,0.006893191020935774,,1862.3249251842499,48.12188792228699
2843,0.008471748791635036,,1862.9670543670654,48.1348397731781
2844,0.00774191552773118,,1863.6101703643799,48.147854804992676
2845,0.009492919780313969,,1864.2527499198914,48.16081762313843
2846,0.00813427846878767,,1864.8955328464508,48.17376732826233
2847,0.007968367077410221,,1865.5374376773834,48.18676042556763
2848,0.009594103321433067,,1866.1799173355103,48.19975161552429
2849,0.008241172879934311,,1866.8225758075714,48.21274495124817
2850,0.009690453298389912,,1867.4641695022583,48.22576546669006
2851,0.009996972046792507,,1868.1063079833984,48.2388014793396
2852,0.007761296350508928,,1868.7484652996063,48.25175762176514
2853,0.009801744483411312,,1869.390722990036,48.26470351219177
2854,0.006686732638627291,,1870.0322918891907,48.277637004852295
2855,0.007924040779471397,,1870.6747121810913,48.29059338569641
2856,0.00696531543508172,,1871.3162932395935,48.30352258682251
2857,0.006985265761613846,,1871.9583764076233,48.31644296646118
2858,0.008279085159301758,,1872.5996530056,48.32940173149109
2859,0.006962978281080723,,1873.241301059723,48.34240221977234
2860,0.006881001405417919,,1873.882657289505,48.35534310340881
2861,0.008131933398544788,,1874.5249185562134,48.368293046951294
2862,0.006694189738482237,,1875.504845380783,48.38123559951782
2863,0.006917290389537811,,1876.1470077037811,48.39422082901001
2864,0.007001027464866638,,1876.7885506153107,48.407227516174316
2865,0.010552313178777695,,1877.4306886196136,48.42020297050476
2866,0.011056316085159779,,1878.0744025707245,48.43321132659912
2867,0.009781228378415108,,1878.7167792320251,48.446192264556885
2868,0.008778281509876251,,1879.3581264019012,48.459158182144165
2869,0.010117435827851295,,1880.001305103302,48.472139835357666
2870,0.007145563140511513,,1880.642630815506,48.48511576652527
2871,0.0077341580763459206,,1881.2859342098236,48.49805951118469
2872,0.006847387179732323,,1881.9292397499084,48.51099729537964
2873,0.007206415757536888,,1882.572913646698,48.523943185806274
2874,0.0067261699587106705,,1883.2180016040802,48.536945104599
2875,0.007290305104106665,,1883.8608837127686,48.5498526096344
2876,0.009389630518853664,,1884.5035243034363,48.562795639038086
2877,0.007232286036014557,,1885.1452882289886,48.57571196556091
2878,0.009836547076702118,,1885.7878711223602,48.58875131607056
2879,0.0072091491892933846,,1886.4327399730682,48.60174560546875
2880,0.007059326395392418,,1887.0744905471802,48.61471724510193
2881,0.00755298463627696,,1887.7167193889618,48.62769675254822
2882,0.00834624096751213,,1888.3579285144806,48.64068269729614
2883,0.011101367883384228,,1889.0005722045898,48.65366840362549
2884,0.007952334359288216,,1889.6410834789276,48.66666793823242
2885,0.006977215874940157,,1890.2828187942505,48.6796658039093
2886,0.007064649369567633,,1890.9250185489655,48.692670583724976
2887,0.0071436744183301926,,1891.5668182373047,48.70562291145325
2888,0.008063527755439281,,1892.2092561721802,48.71859931945801
2889,0.009085250087082386,,1893.1877958774567,48.73155403137207
2890,0.009253954514861107,,1893.829673051834,48.744526386260986
2891,0.008432349190115929,,1894.4729058742523,48.757455348968506
2892,0.008693976327776909,,1895.114185810089,48.770461559295654
2893,0.009142809547483921,,1895.757516860962,48.78345775604248
2894,0.006727312691509724,,1896.3990609645844,48.7964403629303
2895,0.007080246228724718,,1897.0422880649567,48.80942964553833
2896,0.00912071019411087,,1897.684635400772,48.82238960266113
2897,0.010716513730585575,,1898.3276154994965,48.835389614105225
2898,0.00809052400290966,,1898.9703166484833,48.84834408760071
2899,0.007010253611952066,,1899.6129927635193,48.86137318611145
2900,0.006781349889934063,,1900.2542724609375,48.87434482574463
2901,0.008907937444746494,,1900.8973200321198,48.887293100357056
2902,0.008047336712479591,,1901.5384514331818,48.900288105010986
2903,0.006838011555373669,,1902.1805789470673,48.913233280181885
2904,0.0073566436767578125,,1902.8218340873718,48.926196575164795
2905,0.006559152156114578,,1903.4648020267487,48.939159870147705
2906,0.009548159316182137,,1904.1071290969849,48.95213770866394
2907,0.00834291335195303,,1904.7485859394073,48.96514678001404
2908,0.007127824705094099,,1905.390308380127,48.97805881500244
2909,0.007118624169379473,,1906.032583475113,48.99099588394165
2910,0.008399556390941143,,1906.6742594242096,49.00394678115845
2911,0.01070050522685051,,1907.3166494369507,49.016913414001465
2912,0.0097784623503685,,1907.9582788944244,49.02983093261719
2913,0.009371606633067131,,1908.6009969711304,49.042805194854736
2914,0.011197485961019993,,1909.2422940731049,49.05576181411743
2915,0.007757405284792185,,1909.886676311493,49.06869578361511
2916,0.007505063898861408,,1910.8651382923126,49.08167099952698
2917,0.0076425280421972275,,1911.5070192813873,49.09463977813721
2918,0.009326251223683357,,1912.148384809494,49.107590436935425
2919,0.009359433315694332,,1912.790976524353,49.120497941970825
2920,0.008333384990692139,,1913.4325778484344,49.13352870941162
2921,0.006447989959269762,,1914.0760414600372,49.146466970443726
2922,0.008223901502788067,,1914.7174134254456,49.159470319747925
2923,0.007716528605669737,,1915.360267162323,49.17243456840515
2924,0.0069186631590127945,,1916.0015726089478,49.185372829437256
2925,0.006681479513645172,,1916.6436381340027,49.198328733444214
2926,0.006998854223638773,,1917.285725593567,49.211278676986694
2927,0.008257655426859856,,1917.9270377159119,49.22423267364502
2928,0.007924743928015232,,1918.569265127182,49.23716902732849
2929,0.007498156279325485,,1919.210794210434,49.25016140937805
2930,0.008359342813491821,,1919.85320186615,49.26308560371399
2931,0.009494748897850513,,1920.4947543144226,49.276047468185425
2932,0.008297981694340706,,1921.1378977298737,49.28903341293335
2933,0.010273709893226624,,1921.7793004512787,49.30196237564087
2934,0.01254734955728054,,1922.4207663536072,49.3149139881134
2935,0.00731980986893177,,1923.0626349449158,49.327824115753174
2936,0.008289959281682968,,1923.7052743434906,49.34081745147705
2937,0.00782682467252016,,1924.3466017246246,49.3537712097168
2938,0.00681869313120842,,1924.9878475666046,49.366788148880005
2939,0.008054873906075954,,1925.6303880214691,49.37968873977661
2940,0.006948855705559254,,1926.2718586921692,49.39263343811035
2941,0.009743304923176765,,1926.9147808551788,49.405638456344604
2942,0.01098956260830164,,1927.55619764328,49.418591260910034
2943,0.013422489166259766,,1928.53577709198,49.43157196044922
2944,0.0076415506191551685,,1929.1764543056488,49.444536447525024
2945,0.0078837675973773,,1929.818421125412,49.45750021934509
2946,0.008177245035767555,,1930.4598977565765,49.47049880027771
2947,0.0076755015179514885,,1931.1024436950684,49.48347282409668
2948,0.00809793546795845,,1931.7446088790894,49.496445417404175
2949,0.007490584626793861,,1932.3877627849579,49.50940179824829
2950,0.008745742961764336,,1933.0294284820557,49.522347927093506
2951,0.00949340220540762,,1933.671268939972,49.5352737903595
2952,0.0075835976749658585,,1934.31276345253,49.548256397247314
2953,0.012580065988004208,,1934.9551351070404,49.56121230125427
2954,0.012993037700653076,,1935.5962431430817,49.57419228553772
2955,0.007086824160069227,,1936.2389705181122,49.58715271949768
2956,0.006920263636857271,,1936.8822135925293,49.60010027885437
2957,0.010157019831240177,,1937.52503490448,49.61307692527771
2958,0.007191604934632778,,1938.1673467159271,49.626046895980835
2959,0.00752795347943902,,1938.80903506279,49.63903331756592
2960,0.008782273158431053,,1939.4505257606506,49.65200924873352
2961,0.008959396742284298,,1940.0930273532867,49.66498327255249
2962,0.008963954634964466,,1940.734887123108,49.677948236465454
2963,0.007923262193799019,,1941.378898382187,49.69089221954346
2964,0.008128407411277294,,1942.0210001468658,49.70386075973511
2965,0.008101889863610268,,1942.6635150909424,49.71680045127869
2966,0.01181262731552124,,1943.30557346344,49.72976636886597
2967,0.007849376648664474,,1943.9468953609467,49.742735147476196
2968,0.007815204560756683,,1944.58935880661,49.75571155548096
2969,0.008530844002962112,,1945.2305805683136,49.76868152618408
2970,0.007522997446358204,,1946.209465265274,49.781617641448975
2971,0.010225220583379269,,1946.8519878387451,49.794578313827515
2972,0.008848423138260841,,1947.4931774139404,49.8075168132782
2973,0.00805176142603159,,1948.1346974372864,49.82048988342285
2974,0.00947553664445877,,1948.776956319809,49.83349061012268
2975,0.008544368669390678,,1949.4207305908203,49.84645390510559
2976,0.008509167470037937,,1950.0626628398895,49.85940980911255
2977,0.007909961976110935,,1950.7049272060394,49.87241458892822
2978,0.008387663401663303,,1951.34920668602,49.88541865348816
2979,0.010626561008393764,,1951.9904778003693,49.89836597442627
2980,0.008925430476665497,,1952.6329205036163,49.9113347530365
2981,0.008700290694832802,,1953.2743923664093,49.924283504486084
2982,0.010561051778495312,,1953.9153802394867,49.93723225593567
2983,0.010859714820981026,,1954.559128522873,49.95021104812622
2984,0.009158113040030003,,1955.201967716217,49.96315026283264
2985,0.008785621263086796,,1955.8434858322144,49.976083517074585
2986,0.012451674789190292,,1956.4846007823944,49.989086866378784
2987,0.009505756199359894,,1957.1269438266754,50.00206971168518
2988,0.008583116345107555,,1957.7697186470032,50.01505494117737
2989,0.008566152304410934,,1958.412080526352,50.02808332443237
2990,0.008507903665304184,,1959.0537679195404,50.041032552719116
2991,0.00765554653480649,,1959.6948091983795,50.05399179458618
2992,0.007871291600167751,,1960.3356156349182,50.066964864730835
2993,0.007948433049023151,,1960.9774198532104,50.07995557785034
2994,0.00843450240790844,,1961.6194505691528,50.092986822128296
2995,0.008170166984200478,,1962.2619802951813,50.1059513092041
2996,0.011202971450984478,,1962.9054336547852,50.11885356903076
2997,0.009574596770107746,,1963.88663315773,50.13180685043335
2998,0.009006834588944912,,1964.529331445694,50.14474534988403
2999,0.010322104208171368,,1965.172703742981,50.157734632492065
3000,0.008997864089906216,0.0038439801428467035,1965.8142323493958,52.0457820892334
3001,0.009568335488438606,,1966.4586997032166,52.058751583099365
3002,0.0092551838606596,,1967.100340604782,52.071677446365356
3003,0.00976357702165842,,1967.7429690361023,52.08464479446411
3004,0.008923595771193504,,1968.3843953609467,52.09758400917053
3005,0.00850675255060196,,1969.0265147686005,52.11054706573486
3006,0.008520198985934258,,1969.6686403751373,52.12351608276367
3007,0.008008901961147785,,1970.309995174408,52.136494398117065
3008,0.0081879748031497,,1970.9534797668457,52.14942646026611
3009,0.01069000456482172,,1971.595088481903,52.16240453720093
3010,0.008237829431891441,,1972.2374334335327,52.175326108932495
3011,0.008318781852722168,,1972.8802740573883,52.18831253051758
3012,0.007648578379303217,,1973.5220758914948,52.201276779174805
3013,0.007569045294076204,,1974.1650466918945,52.214239835739136
3014,0.0077089532278478146,,1974.807978630066,52.22715759277344
3015,0.008149894885718822,,1975.4493820667267,52.24011421203613
3016,0.01219424419105053,,1976.0906541347504,52.25309681892395
3017,0.012016003020107746,,1976.7342324256897,52.266085624694824
3018,0.008150405250489712,,1977.3757593631744,52.27906608581543
3019,0.008177975192666054,,1978.0166239738464,52.292014360427856
3020,0.007728440687060356,,1978.6575367450714,52.304986238479614
3021,0.007529752794653177,,1979.2991008758545,52.317925214767456
3022,0.007489557843655348,,1979.9405336380005,52.33088254928589
3023,0.007575120776891708,,1980.5827522277832,52.34386920928955
3024,0.008614943362772465,,1981.5618295669556,52.356876850128174
3025,0.007420449983328581,,1982.2034168243408,52.36982250213623
3026,0.007419178728014231,,1982.8443915843964,52.38279747962952
3027,0.00860615074634552,,1983.4860763549805,52.39580535888672
3028,0.008679659105837345,,1984.1290650367737,52.40876317024231
3029,0.007398735266178846,,1984.7718336582184,52.421701192855835
3030,0.007304310332983732,,1985.4127242565155,52.4346604347229
3031,0.007393343839794397,,1986.054577589035,52.447636127471924
3032,0.007402957882732153,,1986.6960864067078,52.4605655670166
3033,0.009485408663749695,,1987.3377113342285,52.47349500656128
3034,0.007241712883114815,,1987.9794116020203,52.486425161361694
3035,0.007339042145758867,,1988.6213693618774,52.499412059783936
3036,0.007372351363301277,,1989.2627382278442,52.512409925460815
3037,0.0072505176067352295,,1989.905621767044,52.52535104751587
3038,0.008650322444736958,,1990.548772573471,52.53834867477417
3039,0.007920362986624241,,1991.1910953521729,52.551331520080566
3040,0.007892926223576069,,1991.833636522293,52.564311504364014
3041,0.007377831730991602,,1992.477373600006,52.57727837562561
3042,0.007023538462817669,,1993.1185688972473,52.59028673171997
3043,0.007777589838951826,,1993.7640166282654,52.60322952270508
3044,0.006924787536263466,,1994.4065461158752,52.616312980651855
3045,0.006722425576299429,,1995.0497417449951,52.629332542419434
3046,0.006858128122985363,,1995.6907432079315,52.642322063446045
3047,0.007800862658768892,,1996.3325889110565,52.65524959564209
3048,0.007093597203493118,,1996.9735627174377,52.668184995651245
3049,0.007223480846732855,,1997.6156196594238,52.68119692802429
3050,0.006760100834071636,,1998.2566068172455,52.69411325454712
3051,0.006747726816684008,,1999.2346949577332,52.70709466934204
3052,0.006909066811203957,,1999.878975391388,52.720088720321655
3053,0.006790425628423691,,2000.5204434394836,52.7331268787384
3054,0.006764886435121298,,2001.1626822948456,52.74608564376831
3055,0.006919336970895529,,2001.806335926056,52.75908923149109
3056,0.009119399823248386,,2002.4481253623962,52.77205538749695
3057,0.009133300743997097,,2003.0898678302765,52.78504729270935
3058,0.011347798630595207,,2003.7323052883148,52.7980055809021
3059,0.007037346716970205,,2004.37397813797,52.81099081039429
3060,0.006903870031237602,,2005.0154807567596,52.82392978668213
3061,0.007515071891248226,,2005.657702922821,52.83688139915466
3062,0.007676111068576574,,2006.2991178035736,52.84992337226868
3063,0.006376056000590324,,2006.9406895637512,52.862913608551025
3064,0.007613721303641796,,2007.5831928253174,52.875900745391846
3065,0.006928294897079468,,2008.2255108356476,52.88886284828186
3066,0.007787366397678852,,2008.8680515289307,52.90183210372925
3067,0.00708212424069643,,2009.5106573104858,52.91483759880066
3068,0.007898401468992233,,2010.1535017490387,52.92779564857483
3069,0.007477554492652416,,2010.7950105667114,52.940770626068115
3070,0.007295164745301008,,2011.436134815216,52.95373249053955
3071,0.006377306301146746,,2012.077853679657,52.966705322265625
3072,0.006322027184069157,,2012.7191791534424,52.979713439941406
3073,0.006566416006535292,,2013.36230635643,52.99265432357788
3074,0.007866131141781807,,2014.0040082931519,53.005616903305054
3075,0.008426566608250141,,2014.645492553711,53.018582344055176
3076,0.006906143389642239,,2015.2866559028625,53.03155732154846
3077,0.0069661615416407585,,2015.9278528690338,53.04453468322754
3078,0.006385302636772394,,2016.9060440063477,53.05746150016785
3079,0.0118921659886837,,2017.5506546497345,53.070401430130005
3080,0.008313922211527824,,2018.192176103592,53.083373069763184
3081,0.0067721582017838955,,2018.8338766098022,53.09633922576904
3082,0.010025080293416977,,2019.4757072925568,53.109283208847046
3083,0.008003415539860725,,2020.1173799037933,53.12229681015015
3084,0.0082637844607234,,2020.7588720321655,53.13520002365112
3085,0.006771831773221493,,2021.4019238948822,53.14812231063843
3086,0.0073312693275511265,,2022.044179201126,53.1611111164093
3087,0.008895903825759888,,2022.6874084472656,53.17406487464905
3088,0.011299464851617813,,2023.3291356563568,53.18704438209534
3089,0.009550520218908787,,2023.9714267253876,53.200007915496826
3090,0.011930030770599842,,2024.614137172699,53.212963581085205
3091,0.006545666605234146,,2025.25714468956,53.22587966918945
3092,0.00650870380923152,,2025.8991162776947,53.238879680633545
3093,0.007500146981328726,,2026.540001153946,53.25188136100769
3094,0.00733819417655468,,2027.1811213493347,53.264851331710815
3095,0.006877378560602665,,2027.823766708374,53.27781581878662
3096,0.008660814724862576,,2028.465821504593,53.2907497882843
3097,0.006634990684688091,,2029.109650850296,53.30369544029236
3098,0.006913154851645231,,2029.75093126297,53.316685914993286
3099,0.007093935273587704,,2030.39395570755,53.32965421676636
3100,0.006630461663007736,,2031.0366261005402,53.34261107444763
3101,0.011643094941973686,,2031.6805613040924,53.355581521987915
3102,0.010842761024832726,,2032.3246700763702,53.36854529380798
3103,0.008731836453080177,,2032.969452381134,53.381481885910034
3104,0.010869897902011871,,2033.610769033432,53.39443039894104
3105,0.006629638839513063,,2034.5891575813293,53.40739417076111
3106,0.008688626810908318,,2035.2308423519135,53.42038416862488
3107,0.007560905534774065,,2035.8726208209991,53.43333148956299
3108,0.0074843536131083965,,2036.5160171985626,53.446306467056274
3109,0.009341978468000889,,2037.1587755680084,53.45923352241516
3110,0.009469376876950264,,2037.7997047901154,53.47219729423523
3111,0.007989329285919666,,2038.4412183761597,53.48516058921814
3112,0.0066535514779388905,,2039.081781387329,53.4980947971344
3113,0.007027377840131521,,2039.7235407829285,53.511069774627686
3114,0.007088745944201946,,2040.366135597229,53.52405643463135
3115,0.007424910087138414,,2041.0070888996124,53.53699445724487
3116,0.007696221116930246,,2041.6508066654205,53.549970865249634
3117,0.008469555526971817,,2042.292008638382,53.56291151046753
3118,0.006957985460758209,,2042.9328019618988,53.57584762573242
3119,0.006940955761820078,,2043.5762045383453,53.588879346847534
3120,0.006822578143328428,,2044.21901845932,53.6018271446228
3121,0.007688203360885382,,2044.8603956699371,53.61479473114014
3122,0.007731291465461254,,2045.5015931129456,53.62774634361267
3123,0.007444287650287151,,2046.1434042453766,53.640695095062256
3124,0.006654416676610708,,2046.7849397659302,53.653658628463745
3125,0.006770335137844086,,2047.427442073822,53.6666202545166
3126,0.009473905898630619,,2048.0685336589813,53.679609537124634
3127,0.007077482994645834,,2048.710564851761,53.69263482093811
3128,0.006567602511495352,,2049.353837966919,53.70563721656799
3129,0.006523909978568554,,2049.9953961372375,53.7186074256897
3130,0.00652835238724947,,2050.63676905632,53.73159146308899
3131,0.008696037344634533,,2051.277991771698,53.744545459747314
3132,0.008429702371358871,,2052.256261587143,53.757535457611084
3133,0.006948684807866812,,2052.898739337921,53.770506620407104
3134,0.007107180077582598,,2053.541803598404,53.783478021621704
3135,0.007126443088054657,,2054.1835322380066,53.79639673233032
3136,0.00673308689147234,,2054.824861764908,53.80931305885315
3137,0.007422696799039841,,2055.466274023056,53.82233452796936
3138,0.008055792190134525,,2056.107076883316,53.835318088531494
3139,0.0073305279947817326,,2056.7489552497864,53.84829545021057
3140,0.008294873870909214,,2057.3905971050262,53.86128902435303
3141,0.007266272325068712,,2058.031973361969,53.874306201934814
3142,0.007568108383566141,,2058.675998210907,53.88731575012207
3143,0.007572661153972149,,2059.3181595802307,53.90026664733887
3144,0.007434961851686239,,2059.960180044174,53.91320776939392
3145,0.007912115193903446,,2060.6016182899475,53.926223278045654
3146,0.006971180438995361,,2061.2438683509827,53.939213514328
3147,0.0069092498160898685,,2061.884891271591,53.95217752456665
3148,0.01033329963684082,,2062.5259189605713,53.965107440948486
3149,0.007996505126357079,,2063.167815923691,53.97803568840027
3150,0.0071290587075054646,,2063.8090150356293,53.99103355407715
3151,0.007131206803023815,,2064.452335357666,54.00404143333435
3152,0.009179665707051754,,2065.0936942100525,54.01699733734131
3153,0.007850070483982563,,2065.735645055771,54.02996897697449
3154,0.0071299136616289616,,2066.3775913715363,54.042901277542114
3155,0.010223967023193836,,2067.019496202469,54.05590343475342
3156,0.010128817521035671,,2067.661919116974,54.06892275810242
3157,0.006876199971884489,,2068.304248571396,54.081847190856934
3158,0.006860501132905483,,2068.9450981616974,54.094831466674805
3159,0.0060402643866837025,,2069.9242553710938,54.107813596725464
3160,0.006372624076902866,,2070.564872741699,54.12074542045593
3161,0.006746893282979727,,2071.206322669983,54.13371133804321
3162,0.00802636332809925,,2071.849549770355,54.14665865898132
3163,0.007581288460642099,,2072.493037700653,54.15973210334778
3164,0.00801339652389288,,2073.1357781887054,54.172690629959106
3165,0.008178392425179482,,2073.778703927994,54.18569731712341
3166,0.009072059765458107,,2074.419911146164,54.19873023033142
3167,0.006444654427468777,,2075.061674118042,54.21168351173401
3168,0.010690451599657536,,2075.703019618988,54.224650859832764
3169,0.010346879251301289,,2076.344568967819,54.237633228302
3170,0.008524698205292225,,2076.9860394001007,54.25065040588379
3171,0.006816072855144739,,2077.6271913051605,54.26365065574646
3172,0.0074508702382445335,,2078.2683017253876,54.2767071723938
3173,0.00769155565649271,,2078.9107031822205,54.289653301239014
3174,0.007113501895219088,,2079.55281662941,54.30260109901428
3175,0.007313606329262257,,2080.1952073574066,54.31558060646057
3176,0.006595200393348932,,2080.8388822078705,54.32855033874512
3177,0.007672351319342852,,2081.4818704128265,54.34149980545044
3178,0.006050132680684328,,2082.124305486679,54.354450702667236
3179,0.007862295024096966,,2082.7653160095215,54.36744976043701
3180,0.006316348910331726,,2083.4070961475372,54.38046383857727
3181,0.0061895172111690044,,2084.049239397049,54.39345335960388
3182,0.0069667580537498,,2084.691039085388,54.40646553039551
3183,0.009207023307681084,,2085.332509279251,54.41946744918823
3184,0.006601645611226559,,2085.9750270843506,54.432477951049805
3185,0.008736731484532356,,2086.616626262665,54.44548726081848
3186,0.00870189256966114,,2087.594319820404,54.45847725868225
3187,0.007279903162270784,,2088.2358362674713,54.47144055366516
3188,0.00977533683180809,,2088.876499414444,54.48443245887756
3189,0.010097750462591648,,2089.5210630893707,54.49742245674133
3190,0.007234038785099983,,2090.1636266708374,54.51043701171875
3191,0.00896571483463049,,2090.8055324554443,54.5234580039978
3192,0.006382153369486332,,2091.448761701584,54.53645467758179
3193,0.007999864406883717,,2092.092396736145,54.549453258514404
3194,0.009033623151481152,,2092.734922170639,54.562429904937744
3195,0.006453058682382107,,2093.3762485980988,54.57549214363098
3196,0.006223157048225403,,2094.0190286636353,54.58848452568054
3197,0.00678445165976882,,2094.662477493286,54.601457834243774
3198,0.006732326932251453,,2095.303508043289,54.61445593833923
3199,0.006201987154781818,,2095.945465326309,54.6274573802948
3200,0.006017864216119051,,2096.588882923126,54.640461921691895
3201,0.0076765213161706924,,2097.231308698654,54.6534423828125
3202,0.006238174624741077,,2097.8728251457214,54.666449785232544
3203,0.006371006835252047,,2098.5146338939667,54.6794159412384
3204,0.005954703316092491,,2099.155678987503,54.692373514175415
3205,0.005965109448879957,,2099.797653198242,54.70539712905884
3206,0.00634044362232089,,2100.4390683174133,54.71835947036743
3207,0.006104247644543648,,2101.0807247161865,54.73132824897766
3208,0.006346424110233784,,2101.7215802669525,54.74433183670044
3209,0.00879756174981594,,2102.3636713027954,54.75733542442322
3210,0.009883520193397999,,2103.0064358711243,54.77030920982361
3211,0.007731285411864519,,2103.6482269763947,54.78326773643494
3212,0.006014701444655657,,2104.2905530929565,54.79622673988342
3213,0.007405678741633892,,2105.2690229415894,54.80920338630676
3214,0.007000575307756662,,2105.9114027023315,54.82224202156067
3215,0.005839289166033268,,2106.5520627498627,54.83522057533264
3216,0.010479649528861046,,2107.193122148514,54.84822630882263
3217,0.006063737440854311,,2107.8350400924683,54.861225605010986
3218,0.00587834557518363,,2108.475808620453,54.874202489852905
3219,0.005932139698415995,,2109.1193878650665,54.887186765670776
3220,0.0059804487973451614,,2109.761157512665,54.90019512176514
3221,0.008052686229348183,,2110.4019119739532,54.913230657577515
3222,0.010556451976299286,,2111.0429832935333,54.92619180679321
3223,0.010391795076429844,,2111.685981273651,54.93917655944824
3224,0.011835137382149696,,2112.328979730606,54.95213437080383
3225,0.008682928048074245,,2112.9715487957,54.96505784988403
3226,0.007549625355750322,,2113.6128153800964,54.978044748306274
3227,0.008167367428541183,,2114.2541007995605,54.99102187156677
3228,0.007295523304492235,,2114.89435172081,55.00404620170593
3229,0.008742126636207104,,2115.5355172157288,55.017005920410156
3230,0.008713583461940289,,2116.1785430908203,55.02996850013733
3231,0.006322229281067848,,2116.8196020126343,55.0429048538208
3232,0.006573878228664398,,2117.4613575935364,55.05589437484741
3233,0.009019706398248672,,2118.1038296222687,55.06884217262268
3234,0.010210130363702774,,2118.744908094406,55.08186149597168
3235,0.006092522293329239,,2119.388255596161,55.09484648704529
3236,0.007188617251813412,,2120.0293786525726,55.10784125328064
3237,0.006560681387782097,,2120.6718893051147,55.120811223983765
3238,0.007379427086561918,,2121.3131651878357,55.133803606033325
3239,0.007092160172760487,,2121.9553666114807,55.14681601524353
3240,0.007195057347416878,,2122.932938337326,55.15984034538269
3241,0.010155853815376759,,2123.5743408203125,55.1728401184082
3242,0.007036319933831692,,2124.2144894599915,55.18576145172119
3243,0.006357341073453426,,2124.8580598831177,55.19867992401123
3244,0.007314126007258892,,2125.499935388565,55.21166706085205
3245,0.009814598597586155,,2126.1415541172028,55.22461557388306
3246,0.006710894405841827,,2126.781979084015,55.23761248588562
3247,0.008134658448398113,,2127.424006462097,55.25062966346741
3248,0.007079749368131161,,2128.06725025177,55.2636284828186
3249,0.0065390183590352535,,2128.708223581314,55.276636600494385
3250,0.009390633553266525,,2129.3494367599487,55.28964018821716
3251,0.008864791132509708,,2129.9910094738007,55.30260968208313
3252,0.008972790092229843,,2130.633387327194,55.315574407577515
3253,0.009893239475786686,,2131.275437116623,55.32861590385437
3254,0.00864209420979023,,2131.917448759079,55.34162521362305
3255,0.008524748496711254,,2132.5590784549713,55.35458970069885
3256,0.010074341669678688,,2133.200828552246,55.367634773254395
3257,0.009032074362039566,,2133.8445451259613,55.38062238693237
3258,0.0068903155624866486,,2134.4852302074432,55.393590211868286
3259,0.006664692424237728,,2135.1275775432587,55.40659999847412
3260,0.007265776861459017,,2135.768165588379,55.419535875320435
3261,0.00818360410630703,,2136.4091577529907,55.4325168132782
3262,0.006404261104762554,,2137.0507242679596,55.44554090499878
3263,0.006721164099872112,,2137.69207072258,55.45853781700134
3264,0.006624558474868536,,2138.333524942398,55.47149085998535
3265,0.006091655697673559,,2138.9749660491943,55.48457098007202
3266,0.009787371382117271,,2139.6176171302795,55.49760937690735
3267,0.007662451360374689,,2140.5957930088043,55.51056909561157
3268,0.006622175686061382,,2141.2391295433044,55.523563861846924
3269,0.006190616637468338,,2141.880327939987,55.53658103942871
3270,0.00664324127137661,,2142.5223195552826,55.54954743385315
3271,0.006425481289625168,,2143.164537668228,55.562527894973755
3272,0.008947493508458138,,2143.8053884506226,55.575528383255005
3273,0.007374193053692579,,2144.4479253292084,55.58852005004883
3274,0.007783616427332163,,2145.0897250175476,55.60155129432678
3275,0.007084880955517292,,2145.730848312378,55.614489793777466
3276,0.00762426620349288,,2146.372474193573,55.627445220947266
3277,0.008156911469995975,,2147.014618873596,55.64046549797058
3278,0.0072731138207018375,,2147.6553452014923,55.65347409248352
3279,0.00867301132529974,,2148.2972621917725,55.66644072532654
3280,0.007166553288698196,,2148.9380202293396,55.679417848587036
3281,0.007338277995586395,,2149.579112291336,55.69241237640381
3282,0.007224465254694223,,2150.2207202911377,55.70540499687195
3283,0.0073427618481218815,,2150.863434791565,55.71837639808655
3284,0.0081967543810606,,2151.5041341781616,55.731372356414795
3285,0.007191971410065889,,2152.1459255218506,55.74431395530701
3286,0.010548089630901814,,2152.7877883911133,55.75731158256531
3287,0.007515609730035067,,2153.430680036545,55.77027082443237
3288,0.00781562551856041,,2154.0724761486053,55.78329825401306
3289,0.007222440559417009,,2154.715329885483,55.79630756378174
3290,0.01327142957597971,,2155.3568031787872,55.80929446220398
3291,0.009819668717682362,,2155.9987831115723,55.8222861289978
3292,0.00938893761485815,,2156.639479637146,55.83529567718506
3293,0.0077125090174376965,,2157.2820172309875,55.84831094741821
3294,0.007837638258934021,,2158.2593796253204,55.86129283905029
3295,0.007971220649778843,,2158.902513742447,55.874218702316284
3296,0.008361036889255047,,2159.544056892395,55.88719439506531
3297,0.008285594172775745,,2160.186327457428,55.90017652511597
3298,0.0087235476821661,,2160.8288192749023,55.91317343711853
3299,0.008334673941135406,,2161.47248339653,55.92615270614624
3300,0.007882348261773586,,2162.11323928833,55.93914341926575
3301,0.008169529028236866,,2162.754912853241,55.95214104652405
3302,0.007600469049066305,,2163.396295070648,55.96514391899109
3303,0.008451195433735847,,2164.0396070480347,55.97810983657837
3304,0.007520290557295084,,2164.6815111637115,55.99111580848694
3305,0.007404680363833904,,2165.3243362903595,56.004096031188965
3306,0.007585442159324884,,2165.965373277664,56.01704549789429
3307,0.008084643632173538,,2166.609039068222,56.030003786087036
3308,0.007660819683223963,,2167.2507178783417,56.0429790019989
3309,0.00964952353388071,,2167.8940827846527,56.05600023269653
3310,0.00889627169817686,,2168.5358526706696,56.06898736953735
3311,0.007862417958676815,,2169.1775999069214,56.081939697265625
3312,0.008723914623260498,,2169.818002462387,56.09491944313049
3313,0.0076800184324383736,,2170.4617393016815,56.10799837112427
3314,0.007774848025292158,,2171.103241443634,56.120973110198975
3315,0.00825964380055666,,2171.74564909935,56.13394641876221
3316,0.007545278407633305,,2172.388732433319,56.14699625968933
3317,0.00864336546510458,,2173.030745267868,56.16000699996948
3318,0.009554341435432434,,2173.674088716507,56.173004388809204
3319,0.009769872762262821,,2174.3161718845367,56.18600845336914
3320,0.01032794639468193,,2174.9584941864014,56.19899368286133
3321,0.009487740695476532,,2175.936742782593,56.21197772026062
3322,0.008958598598837852,,2176.5774245262146,56.22493648529053
3323,0.01032582763582468,,2177.2197630405426,56.23789715766907
3324,0.007356653921306133,,2177.861736059189,56.250887632369995
3325,0.0073935105465352535,,2178.5031366348267,56.26392841339111
3326,0.00985189713537693,,2179.1449060440063,56.27692675590515
3327,0.007963325828313828,,2179.7872664928436,56.28994345664978
3328,0.008845978416502476,,2180.4300038814545,56.302978515625
3329,0.0074934340082108974,,2181.0722436904907,56.315993547439575
3330,0.009531757794320583,,2181.71338391304,56.32897901535034
3331,0.009509436786174774,,2182.355439901352,56.34201002120972
3332,0.009279496967792511,,2182.997224330902,56.35499048233032
3333,0.008008216507732868,,2183.639229774475,56.367971658706665
3334,0.0074620540253818035,,2184.281503677368,56.380932569503784
3335,0.007466753479093313,,2184.9247896671295,56.393866539001465
3336,0.007442425470799208,,2185.5663764476776,56.406864643096924
3337,0.007318234536796808,,2186.207412004471,56.419896841049194
3338,0.008533739484846592,,2186.850438594818,56.43284583091736
3339,0.009482109919190407,,2187.492618083954,56.44583058357239
3340,0.008006452582776546,,2188.1333861351013,56.45884919166565
3341,0.008390972390770912,,2188.7754814624786,56.47184634208679
3342,0.007996521890163422,,2189.41676735878,56.484824895858765
3343,0.007788177579641342,,2190.0584392547607,56.49774980545044
3344,0.00800048653036356,,2190.699626684189,56.51075315475464
3345,0.007983085699379444,,2191.3421964645386,56.52373695373535
3346,0.007664310280233622,,2191.9834797382355,56.53672194480896
3347,0.007396343629807234,,2192.6259043216705,56.549712896347046
3348,0.008428197354078293,,2193.605181455612,56.56271409988403
3349,0.007962984964251518,,2194.2491228580475,56.57571864128113
3350,0.009680326096713543,,2194.890453338623,56.58869647979736
3351,0.00789683312177658,,2195.5340979099274,56.60168743133545
3352,0.00798729993402958,,2196.176351547241,56.614686012268066
3353,0.008351887576282024,,2196.8196773529053,56.62767672538757
3354,0.008003282360732555,,2197.4612369537354,56.6406831741333
3355,0.007818005047738552,,2198.1024463176727,56.65373754501343
3356,0.007764781359583139,,2198.7438967227936,56.666738748550415
3357,0.008094747550785542,,2199.3852581977844,56.679773569107056
3358,0.0075823115184903145,,2200.026877641678,56.69279146194458
3359,0.010544316843152046,,2200.6687784194946,56.705758571624756
3360,0.007483203429728746,,2201.311270236969,56.718761682510376
3361,0.007546508684754372,,2201.9550800323486,56.731706857681274
3362,0.007486267480999231,,2202.5987210273743,56.744720220565796
3363,0.007303387392312288,,2203.2416882514954,56.757683753967285
3364,0.010269038379192352,,2203.8833248615265,56.770658016204834
3365,0.009722080081701279,,2204.5260186195374,56.78364968299866
3366,0.012409800663590431,,2205.1686384677887,56.796621799468994
3367,0.009025267325341702,,2205.8115668296814,56.80962038040161
3368,0.010510202497243881,,2206.454327106476,56.82259559631348
3369,0.008222603239119053,,2207.0969190597534,56.83558249473572
3370,0.009559167549014091,,2207.7394683361053,56.84858560562134
3371,0.01046905480325222,,2208.3815503120422,56.86154317855835
3372,0.00996031891554594,,2209.023286819458,56.87451934814453
3373,0.007852616719901562,,2209.6652619838715,56.88749575614929
3374,0.00782102532684803,,2210.3083567619324,56.90048813819885
3375,0.008672673255205154,,2211.287265062332,56.913503885269165
3376,0.008136028423905373,,2211.9286453723907,56.92647957801819
3377,0.007202322594821453,,2212.5697581768036,56.93946886062622
3378,0.007727724965661764,,2213.211655855179,56.952502727508545
3379,0.00955608393996954,,2213.853815317154,56.96544790267944
3380,0.008634859696030617,,2214.496002435684,56.97847008705139
3381,0.007917271926999092,,2215.1401069164276,56.991448640823364
3382,0.007030063308775425,,2215.780994653702,57.00438618659973
3383,0.0070976861752569675,,2216.4222326278687,57.017388582229614
3384,0.008707047440111637,,2217.0638530254364,57.0303475856781
3385,0.007778096944093704,,2217.706070423126,57.043320178985596
3386,0.008426304906606674,,2218.349641561508,57.05634522438049
3387,0.008628246374428272,,2218.993713617325,57.06935501098633
3388,0.012074962258338928,,2219.635141849518,57.08235955238342
3389,0.007486088667064905,,2220.2782258987427,57.09535813331604
3390,0.007211783435195684,,2220.920128107071,57.10836386680603
3391,0.008597747422754765,,2221.562267065048,57.1213641166687
3392,0.007370215840637684,,2222.20335149765,57.134340047836304
3393,0.00863755214959383,,2222.8451356887817,57.14731740951538
3394,0.006526979152113199,,2223.4862196445465,57.16026997566223
3395,0.008036217652261257,,2224.1275911331177,57.17322325706482
3396,0.007539623416960239,,2224.768360853195,57.186230421066284
3397,0.008776040747761726,,2225.411019563675,57.19920516014099
3398,0.007333225570619106,,2226.0520379543304,57.21223211288452
3399,0.010477298870682716,,2226.6943843364716,57.225210666656494
3400,0.0071804942563176155,,2227.3360481262207,57.23821043968201
3401,0.007021932862699032,,2227.979511976242,57.251179933547974
3402,0.007338382303714752,,2228.957185983658,57.26416230201721
3403,0.007561772130429745,,2229.5990998744965,57.27714133262634
3404,0.007660459261387587,,2230.241208553314,57.290103912353516
3405,0.009031334891915321,,2230.8835864067078,57.30311441421509
3406,0.009418485686182976,,2231.5259895324707,57.316099882125854
3407,0.009012149646878242,,2232.168420791626,57.32906651496887
3408,0.007448181975632906,,2232.8106067180634,57.34206485748291
3409,0.0073818014934659,,2233.4537456035614,57.35506844520569
3410,0.010502994991838932,,2234.097154855728,57.368014335632324
3411,0.008498945273458958,,2234.7403218746185,57.381000995635986
3412,0.00808258168399334,,2235.3819177150726,57.39394783973694
3413,0.006965143606066704,,2236.02424120903,57.40696048736572
3414,0.006899912841618061,,2236.666707754135,57.419994831085205
3415,0.007990493439137936,,2237.309591293335,57.43295621871948
3416,0.009913824498653412,,2237.9515998363495,57.44592356681824
3417,0.009432080201804638,,2238.5934331417084,57.45893168449402
3418,0.00797880720347166,,2239.2353522777557,57.471874952316284
3419,0.007178868167102337,,2239.8771409988403,57.484859228134155
3420,0.00735045550391078,,2240.5185401439667,57.497883319854736
3421,0.007316316477954388,,2241.159938097,57.510873556137085
3422,0.007288620341569185,,2241.801642179489,57.52383375167847
3423,0.0077177779749035835,,2242.443706512451,57.53676748275757
3424,0.010563950054347515,,2243.0857033729553,57.54973864555359
3425,0.00869742315262556,,2243.727463245392,57.562684535980225
3426,0.007462889421731234,,2244.3687829971313,57.57561683654785
3427,0.006658327300101519,,2245.0104427337646,57.58857750892639
3428,0.006971551571041346,,2245.6515204906464,57.6015727519989
3429,0.007510295603424311,,2246.63143658638,57.61451816558838
3430,0.008330040611326694,,2247.2732830047607,57.627458810806274
3431,0.008163928054273129,,2247.9149878025055,57.64046669006348
3432,0.009214218705892563,,2248.556571960449,57.65343976020813
3433,0.00905401911586523,,2249.1982431411743,57.66641068458557
3434,0.00722899055108428,,2249.8395960330963,57.67940878868103
3435,0.007295510265976191,,2250.4822928905487,57.69240641593933
3436,0.0071853953413665295,,2251.123963832855,57.70538091659546
3437,0.008640851825475693,,2251.765386581421,57.71838903427124
3438,0.00777731416746974,,2252.4061064720154,57.731446981430054
3439,0.007915094494819641,,2253.0474734306335,57.74449110031128
3440,0.007991444319486618,,2253.689096212387,57.75746202468872
3441,0.00812909658998251,,2254.3313162326813,57.7704222202301
3442,0.008203480392694473,,2254.9722816944122,57.783437967300415
3443,0.009214874356985092,,2255.6135070323944,57.79640078544617
3444,0.007396521978080273,,2256.254610300064,57.80933499336243
3445,0.008191999047994614,,2256.89678812027,57.82230019569397
3446,0.0076117380522191525,,2257.539913415909,57.83531880378723
3447,0.008181694895029068,,2258.1821858882904,57.84832978248596
3448,0.008987816981971264,,2258.8246726989746,57.86133909225464
3449,0.008457677438855171,,2259.4668424129486,57.8742938041687
3450,0.007833472453057766,,2260.1073729991913,57.88727903366089
3451,0.00976699497550726,,2260.749037027359,57.900240898132324
3452,0.009940749034285545,,2261.3899607658386,57.913230895996094
3453,0.00835234485566616,,2262.032390832901,57.92622900009155
3454,0.0068409377709031105,,2262.6729259490967,57.93926811218262
3455,0.006695190444588661,,2263.3159713745117,57.95224595069885
3456,0.006798594258725643,,2264.294602394104,57.96524620056152
3457,0.00711792940273881,,2264.9367415905,57.97824573516846
3458,0.0077319154515862465,,2265.5787868499756,57.991204261779785
3459,0.0075500523671507835,,2266.2199337482452,58.00421190261841
3460,0.007170369848608971,,2266.8623259067535,58.01723670959473
3461,0.007531699258834124,,2267.5039570331573,58.03025555610657
3462,0.007285808678716421,,2268.1446526050568,58.04326057434082
3463,0.007007933687418699,,2268.7864615917206,58.056293964385986
3464,0.00818657036870718,,2269.428534269333,58.069284200668335
3465,0.00768818985670805,,2270.0708487033844,58.08225893974304
3466,0.006981161888688803,,2270.7123334407806,58.09527897834778
3467,0.0068646990694105625,,2271.3542833328247,58.10825538635254
3468,0.006963154301047325,,2271.995604991913,58.12128806114197
3469,0.009387093596160412,,2272.6390147209167,58.13436007499695
3470,0.009002411738038063,,2273.2796728610992,58.14733576774597
3471,0.0077388403005898,,2273.9233582019806,58.16035461425781
3472,0.0074638803489506245,,2274.5647387504578,58.173362493515015
3473,0.008346430025994778,,2275.2069897651672,58.18637681007385
3474,0.008244256488978863,,2275.847825527191,58.19938039779663
3475,0.012432296760380268,,2276.490352869034,58.21240043640137
3476,0.00981256365776062,,2277.13099193573,58.22542405128479
3477,0.00752177694812417,,2277.772745847702,58.23839235305786
3478,0.00799386203289032,,2278.415709257126,58.25141143798828
3479,0.006820918060839176,,2279.0577392578125,58.264440298080444
3480,0.006860669702291489,,2279.6987788677216,58.277384996414185
3481,0.007063586264848709,,2280.3413875102997,58.2903733253479
3482,0.008851604536175728,,2280.9832758903503,58.303380250930786
3483,0.008161935955286026,,2281.9611961841583,58.31635284423828
3484,0.007968590594828129,,2282.6023037433624,58.32937264442444
3485,0.009074917063117027,,2283.244220495224,58.34236478805542
3486,0.006879843305796385,,2283.886167049408,58.35535287857056
3487,0.006965952925384045,,2284.527168273926,58.36830401420593
3488,0.007960742339491844,,2285.169285058975,58.38125991821289
3489,0.007389616221189499,,2285.811265707016,58.39420700073242
3490,0.008569898083806038,,2286.453582048416,58.40722441673279
3491,0.007470977026969194,,2287.0958721637726,58.420217514038086
3492,0.0073157791048288345,,2287.7378079891205,58.433202028274536
3493,0.006735312752425671,,2288.3794803619385,58.44621920585632
3494,0.007397017441689968,,2289.0200893878937,58.45922636985779
3495,0.007158167194575071,,2289.661024570465,58.47222566604614
3496,0.0077043320052325726,,2290.3045616149902,58.48522067070007
3497,0.007111935876309872,,2290.94575715065,58.498207092285156
3498,0.007885754108428955,,2291.5872764587402,58.51118993759155
3499,0.009359310381114483,,2292.2309267520905,58.52415633201599
3500,0.008255898021161556,0.002573843114078045,2292.8730998039246,60.41220450401306
3501,0.007978657260537148,,2293.5152535438538,60.42517423629761
3502,0.009439612738788128,,2294.156948328018,60.438148736953735
3503,0.00994838960468769,,2294.799462556839,60.45117235183716
3504,0.007275836542248726,,2295.440760612488,60.46419954299927
3505,0.00846740324050188,,2296.0819523334503,60.47714614868164
3506,0.008829887956380844,,2296.7239203453064,60.490105628967285
3507,0.008541668765246868,,2297.3655829429626,60.50309371948242
3508,0.007008873391896486,,2298.0079534053802,60.516135692596436
3509,0.006747831124812365,,2298.6499066352844,60.52918481826782
3510,0.006878703832626343,,2299.628098964691,60.54215860366821
3511,0.006879682186990976,,2300.2697846889496,60.55517101287842
3512,0.0066453623585402966,,2300.911062479019,60.56817126274109
3513,0.006795978173613548,,2301.5533742904663,60.58115482330322
3514,0.007752423640340567,,2302.19566822052,60.59417462348938
3515,0.006897789426147938,,2302.837655544281,60.60713076591492
3516,0.008092686533927917,,2303.4797070026398,60.62010836601257
3517,0.008269638754427433,,2304.121779203415,60.63308644294739
3518,0.009968833066523075,,2304.762733221054,60.64606499671936
3519,0.010925423353910446,,2305.407791852951,60.65910744667053
3520,0.00786754209548235,,2306.0487546920776,60.67208766937256
3521,0.007126954849809408,,2306.690563440323,60.685094594955444
3522,0.006639291066676378,,2307.331923723221,60.69810700416565
3523,0.007373575586825609,,2307.9728543758392,60.711071491241455
3524,0.006838952656835318,,2308.614990234375,60.72402858734131
3525,0.0071706161834299564,,2309.2572751045227,60.73702836036682
3526,0.008916165679693222,,2309.8996934890747,60.75001096725464
3527,0.007139384280890226,,2310.5420038700104,60.76300096511841
3528,0.008379879407584667,,2311.1835153102875,60.77600812911987
3529,0.007030578330159187,,2311.82549905777,60.78898787498474
3530,0.008254584856331348,,2312.4665768146515,60.80200552940369
3531,0.007185990922152996,,2313.1078927516937,60.81500864028931
3532,0.0072676921263337135,,2313.748472213745,60.82798480987549
3533,0.006845191586762667,,2314.390699148178,60.84101319313049
3534,0.007349652703851461,,2315.031451702118,60.85396718978882
3535,0.006921414751559496,,2315.6726183891296,60.86698579788208
3536,0.007049663923680782,,2316.314722299576,60.87998104095459
3537,0.007578292395919561,,2317.29345035553,60.89294695854187
3538,0.007375781424343586,,2317.934050798416,60.905903816223145
3539,0.010123085230588913,,2318.5751791000366,60.91887283325195
3540,0.008640240877866745,,2319.2163224220276,60.93184947967529
3541,0.008166301995515823,,2319.858861207962,60.94482636451721
3542,0.006584201008081436,,2320.4996497631073,60.95778846740723
3543,0.007926618680357933,,2321.141906261444,60.9708034992218
3544,0.00831020437180996,,2321.783279657364,60.983765602111816
3545,0.009383853524923325,,2322.4266395568848,60.9967303276062
3546,0.008471769280731678,,2323.0684666633606,61.00967454910278
3547,0.010471800342202187,,2323.71066570282,61.02271366119385
3548,0.008773992769420147,,2324.3531398773193,61.03567337989807
3549,0.010043428279459476,,2324.9949691295624,61.0486376285553
3550,0.00871459860354662,,2325.6366159915924,61.061628580093384
3551,0.007417843211442232,,2326.2796895504,61.07456040382385
3552,0.00820731371641159,,2326.9230782985687,61.08753705024719
3553,0.007462854962795973,,2327.5648272037506,61.100520610809326
3554,0.007504520006477833,,2328.206708431244,61.113486528396606
3555,0.007886418141424656,,2328.849184989929,61.12644553184509
3556,0.006946507841348648,,2329.4914751052856,61.13944387435913
3557,0.00685913348570466,,2330.1344861984253,61.152446269989014
3558,0.006896822713315487,,2330.7772986888885,61.16541862487793
3559,0.007195839658379555,,2331.419594526291,61.1783652305603
3560,0.006761519238352776,,2332.0628967285156,61.19133758544922
3561,0.007299322169274092,,2332.7052450180054,61.204280853271484
3562,0.007287587039172649,,2333.349321126938,61.21725368499756
3563,0.007342623546719551,,2333.9921486377716,61.23022532463074
3564,0.007083772215992212,,2334.969735622406,61.243311643600464
3565,0.008790258318185806,,2335.6126732826233,61.25630712509155
3566,0.00796069297939539,,2336.2550830841064,61.269285440444946
3567,0.007285828236490488,,2336.8963537216187,61.28227162361145
3568,0.009187089279294014,,2337.5379841327667,61.29525566101074
3569,0.010439768433570862,,2338.180888414383,61.308252573013306
3570,0.011763005517423153,,2338.8213515281677,61.32120180130005
3571,0.00884675607085228,,2339.465891599655,61.33423447608948
3572,0.007872342132031918,,2340.1084489822388,61.347243785858154
3573,0.007218881510198116,,2340.7510647773743,61.360204458236694
3574,0.007080088835209608,,2341.3925919532776,61.37322282791138
3575,0.0071213338524103165,,2342.0362000465393,61.38616919517517
3576,0.006683947052806616,,2342.6783776283264,61.399158239364624
3577,0.006626577116549015,,2343.3193345069885,61.41218304634094
3578,0.007940487004816532,,2343.9618294239044,61.425193071365356
3579,0.006819922477006912,,2344.604513168335,61.43813729286194
3580,0.0073070828802883625,,2345.245379447937,61.45113921165466
3581,0.00712332408875227,,2345.8870096206665,61.464085817337036
3582,0.0068154106847941875,,2346.528435945511,61.47705936431885
3583,0.009100106544792652,,2347.169943332672,61.490108251571655
3584,0.010970031842589378,,2347.8109953403473,61.50310826301575
3585,0.011512561701238155,,2348.4539885520935,61.5161030292511
3586,0.008886035531759262,,2349.095908641815,61.529152154922485
3587,0.009672463871538639,,2349.7377598285675,61.542118072509766
3588,0.007891626097261906,,2350.379998922348,61.55515646934509
3589,0.0061415755189955235,,2351.020954847336,61.568127155303955
3590,0.007698071654886007,,2351.6624009609222,61.58111214637756
3591,0.010554731823503971,,2352.640122652054,61.594130754470825
3592,0.008609774522483349,,2353.283541917801,61.607131481170654
3593,0.006478256545960903,,2353.925397872925,61.620129346847534
3594,0.0064444937743246555,,2354.566713809967,61.63312244415283
3595,0.006655730772763491,,2355.2087967395782,61.64612030982971
3596,0.006237653084099293,,2355.8496124744415,61.65908598899841
3597,0.006532192695885897,,2356.492000102997,61.672046422958374
3598,0.006305427756160498,,2357.1348066329956,61.68501806259155
3599,0.0062705762684345245,,2357.777678966522,61.69798159599304
3600,0.006371998693794012,,2358.4190962314606,61.710986375808716
3601,0.006519380956888199,,2359.062255859375,61.72401213645935
3602,0.006392415147274733,,2359.704479455948,61.73702669143677
3603,0.007293009664863348,,2360.3479685783386,61.75000715255737
3604,0.007597132120281458,,2360.988985300064,61.76301074028015
3605,0.007425449788570404,,2361.6308450698853,61.7759313583374
3606,0.007654409855604172,,2362.2717232704163,61.78885626792908
3607,0.007290256209671497,,2362.9131965637207,61.80181527137756
3608,0.0067963809706270695,,2363.554607152939,61.814828634262085
3609,0.007273122668266296,,2364.196801185608,61.827796936035156
3610,0.009729143232107162,,2364.837487220764,61.84074592590332
3611,0.007809286471456289,,2365.4788892269135,61.85370707511902
3612,0.010854055173695087,,2366.119331598282,61.86671209335327
3613,0.009823661297559738,,2366.760760307312,61.87969946861267
3614,0.012452047318220139,,2367.401679992676,61.89273023605347
3615,0.011230876669287682,,2368.043645620346,61.905709743499756
3616,0.012668553739786148,,2368.6860687732697,61.9186749458313
3617,0.008710485883057117,,2369.3287229537964,61.93166899681091
3618,0.007712812628597021,,2370.3074491024017,61.94461679458618
3619,0.007318736985325813,,2370.948928833008,61.957600116729736
3620,0.00910400040447712,,2371.5896689891815,61.970608949661255
3621,0.007666199002414942,,2372.2314648628235,61.98363661766052
3622,0.006740102078765631,,2372.8736884593964,61.99664115905762
3623,0.006987635511904955,,2373.5154552459717,62.009647369384766
3624,0.006630598567426205,,2374.1570422649384,62.02266311645508
3625,0.0071553438901901245,,2374.799087047577,62.035632848739624
3626,0.007938398979604244,,2375.4400844573975,62.04858064651489
3627,0.006385252811014652,,2376.081579208374,62.06158089637756
3628,0.006463746540248394,,2376.722302675247,62.074573040008545
3629,0.008132277987897396,,2377.3640587329865,62.087536334991455
3630,0.007719385903328657,,2378.0053124427795,62.10055112838745
3631,0.006754717789590359,,2378.6467974185944,62.11352515220642
3632,0.007510253228247166,,2379.288239955902,62.12650728225708
3633,0.010154780931770802,,2379.930105447769,62.13946032524109
3634,0.01173680555075407,,2380.5714468955994,62.15246844291687
3635,0.01049073226749897,,2381.213324546814,62.16541767120361
3636,0.008287935517728329,,2381.8556485176086,62.178428173065186
3637,0.007488408125936985,,2382.497211933136,62.19141149520874
3638,0.00740271108224988,,2383.1388971805573,62.20445680618286
3639,0.007401179056614637,,2383.781167984009,62.21743941307068
3640,0.007324904669076204,,2384.424485206604,62.230388879776
3641,0.0073200250044465065,,2385.06711602211,62.24339938163757
3642,0.007171689998358488,,2385.708459854126,62.2563910484314
3643,0.007166082039475441,,2386.350250482559,62.26935696601868
3644,0.007544015534222126,,2386.992333173752,62.28231906890869
3645,0.007368780206888914,,2387.9706158638,62.29528546333313
3646,0.007876605726778507,,2388.613049030304,62.30829381942749
3647,0.008472359739243984,,2389.255241394043,62.32129144668579
3648,0.007926689460873604,,2389.895684480667,62.33434176445007
3649,0.007043893914669752,,2390.537826061249,62.347280979156494
3650,0.006986402440816164,,2391.180279970169,62.360209226608276
3651,0.007186851464211941,,2391.8230855464935,62.373226165771484
3652,0.010146000422537327,,2392.4638018608093,62.38622760772705
3653,0.010204395279288292,,2393.1057670116425,62.39922761917114
3654,0.008563045412302017,,2393.746417760849,62.41219162940979
3655,0.012821152806282043,,2394.3880479335785,62.425182580947876
3656,0.010511301457881927,,2395.031065225601,62.438111305236816
3657,0.008492566645145416,,2395.6731445789337,62.45112681388855
3658,0.006874618120491505,,2396.3137435913086,62.46413779258728
3659,0.0064745135605335236,,2396.9557926654816,62.47714853286743
3660,0.006974805146455765,,2397.5972084999084,62.49012899398804
3661,0.00657481886446476,,2398.2408368587494,62.50312256813049
3662,0.006272998172789812,,2398.882735490799,62.516119718551636
3663,0.006348042283207178,,2399.52516412735,62.52911305427551
3664,0.007914027199149132,,2400.1662287712097,62.54210901260376
3665,0.007301187142729759,,2400.8082480430603,62.55510592460632
3666,0.008093106560409069,,2401.4489002227783,62.56814169883728
3667,0.006298378575593233,,2402.0906190872192,62.58113884925842
3668,0.0070088994689285755,,2402.7336966991425,62.5941047668457
3669,0.007916126400232315,,2403.376542568207,62.60705327987671
3670,0.007623826153576374,,2404.017980337143,62.62001180648804
3671,0.008157345466315746,,2404.6620190143585,62.63298988342285
3672,0.00796163734048605,,2405.639673471451,62.64596962928772
3673,0.007621086202561855,,2406.281140089035,62.658971548080444
3674,0.008672399446368217,,2406.9225873947144,62.67193102836609
3675,0.01139712706208229,,2407.5645427703857,62.68494725227356
3676,0.008439944125711918,,2408.2053203582764,62.697922229766846
3677,0.00794109795242548,,2408.847230911255,62.71088719367981
3678,0.007902173325419426,,2409.4883348941803,62.72384786605835
3679,0.008346776477992535,,2410.130179643631,62.736833810806274
3680,0.008467168547213078,,2410.7726681232452,62.74981069564819
3681,0.007906501181423664,,2411.413671016693,62.76279163360596
3682,0.007564330939203501,,2412.055539369583,62.77586245536804
3683,0.006680895574390888,,2412.69814825058,62.788835525512695
3684,0.00694313133135438,,2413.3415026664734,62.80177688598633
3685,0.007073650602251291,,2413.9828724861145,62.81475234031677
3686,0.007369193248450756,,2414.6245725154877,62.827717781066895
3687,0.006587807089090347,,2415.266334295273,62.840712547302246
3688,0.008254614658653736,,2415.9084215164185,62.85372257232666
3689,0.008057262748479843,,2416.551552772522,62.86675500869751
3690,0.007927484810352325,,2417.192968606949,62.879724740982056
3691,0.007021773606538773,,2417.834142923355,62.892737865448
3692,0.006970577407628298,,2418.4771144390106,62.90569496154785
3693,0.007532408926635981,,2419.120714902878,62.91864061355591
3694,0.007058995775878429,,2419.762638092041,62.931644916534424
3695,0.007491816766560078,,2420.404480457306,62.94464325904846
3696,0.007199518382549286,,2421.047521352768,62.95764517784119
3697,0.0069663263857364655,,2421.6909000873566,62.970662117004395
3698,0.007017639931291342,,2422.332825899124,62.983622550964355
3699,0.008698868565261364,,2423.312212228775,62.996604204177856
3700,0.007490744814276695,,2423.9532430171967,63.00957798957825
3701,0.008511648513376713,,2424.594582796097,63.022533893585205
3702,0.007697187829762697,,2425.2353794574738,63.035528898239136
3703,0.006994811352342367,,2425.877422094345,63.048521757125854
3704,0.007067427970468998,,2426.5192115306854,63.06147122383118
3705,0.008379695937037468,,2427.1618990898132,63.074495792388916
3706,0.007309800013899803,,2427.8026201725006,63.08750247955322
3707,0.006969951558858156,,2428.4436054229736,63.1005380153656
3708,0.007051317486912012,,2429.0844645500183,63.113539934158325
3709,0.00724583538249135,,2429.7262744903564,63.12653970718384
3710,0.007111716084182262,,2430.368857383728,63.1395366191864
3711,0.007162453141063452,,2431.011742591858,63.15254092216492
3712,0.008399205282330513,,2431.6531014442444,63.165618896484375
3713,0.009789799340069294,,2432.2943460941315,63.17857837677002
3714,0.008203824982047081,,2432.93585562706,63.19158458709717
3715,0.0072486079297959805,,2433.5774664878845,63.20453143119812
3716,0.007237754762172699,,2434.2186920642853,63.217514514923096
3717,0.007124148774892092,,2434.8605432510376,63.23053503036499
3718,0.008226055651903152,,2435.5014946460724,63.24359154701233
3719,0.007343722973018885,,2436.145156621933,63.25652861595154
3720,0.007192092947661877,,2436.7886629104614,63.26956796646118
3721,0.007286062464118004,,2437.430734395981,63.2825391292572
3722,0.007487730123102665,,2438.0733025074005,63.29553151130676
3723,0.007555763702839613,,2438.715541124344,63.30852270126343
3724,0.008972613140940666,,2439.3574118614197,63.32147192955017
3725,0.009531119838356972,,2440.0007009506226,63.33448362350464
3726,0.007942227646708488,,2440.97896194458,63.34751057624817
3727,0.007871842943131924,,2441.6220123767853,63.360488176345825
3728,0.007650056388229132,,2442.2634632587433,63.3734872341156
3729,0.007439334411174059,,2442.9053325653076,63.386483669281006
3730,0.007771444972604513,,2443.549345970154,63.3994414806366
3731,0.009151691570878029,,2444.1923701763153,63.41241145133972
3732,0.008698960766196251,,2444.8337960243225,63.42536211013794
3733,0.008059618063271046,,2445.475778579712,63.438334941864014
3734,0.007554409559816122,,2446.117922067642,63.45134663581848
3735,0.007424466777592897,,2446.760978937149,63.46438026428223
3736,0.00886423047631979,,2447.4018454551697,63.477399587631226
3737,0.007587485481053591,,2448.0438346862793,63.49040675163269
3738,0.008094236254692078,,2448.6846005916595,63.5034294128418
3739,0.007532197050750256,,2449.327137231827,63.51642727851868
3740,0.007373761851340532,,2449.968863964081,63.52946853637695
3741,0.007701005320996046,,2450.610290288925,63.542465925216675
3742,0.007449229247868061,,2451.252046585083,63.555394887924194
3743,0.007533285301178694,,2451.8943469524384,63.56836295127869
3744,0.00794304721057415,,2452.536106109619,63.58134436607361
3745,0.007796411402523518,,2453.1783561706543,63.59431862831116
3746,0.007273603696376085,,2453.8208775520325,63.60731530189514
3747,0.00906570628285408,,2454.4620094299316,63.62033939361572
3748,0.0071901483461260796,,2455.102688074112,63.633331537246704
3749,0.007455296348780394,,2455.744637966156,63.64629626274109
3750,0.009156793355941772,,2456.3860969543457,63.65929126739502
3751,0.00724454689770937,,2457.027935743332,63.672261238098145
3752,0.007043038960546255,,2457.66899394989,63.685240268707275
3753,0.007987645454704762,,2458.6474556922913,63.69822096824646
3754,0.0071851215325295925,,2459.28839635849,63.7112762928009
3755,0.007348967250436544,,2459.929577589035,63.72428321838379
3756,0.006694918032735586,,2460.5715017318726,63.73723387718201
3757,0.006900464650243521,,2461.2137355804443,63.750248670578
3758,0.006834214087575674,,2461.85555768013,63.76323175430298
3759,0.008318785578012466,,2462.497804403305,63.77616763114929
3760,0.007047954946756363,,2463.140650987625,63.78916025161743
3761,0.007139101158827543,,2463.783333301544,63.80209827423096
3762,0.007324763108044863,,2464.425248861313,63.81507396697998
3763,0.008450770750641823,,2465.0685365200043,63.828057289123535
3764,0.009951152838766575,,2465.711256980896,63.84098982810974
3765,0.008493298664689064,,2466.353276014328,63.853949785232544
3766,0.007561694364994764,,2466.9958860874176,63.86694264411926
3767,0.008617707528173923,,2467.6380355358124,63.879945516586304
3768,0.007161797024309635,,2468.279667854309,63.89291310310364
3769,0.007114450912922621,,2468.9218463897705,63.90585947036743
3770,0.008580761030316353,,2469.5635199546814,63.91888189315796
3771,0.008024821989238262,,2470.2066328525543,63.931933641433716
3772,0.007711670361459255,,2470.8482558727264,63.944912910461426
3773,0.007827742956578732,,2471.4902873039246,63.95789813995361
3774,0.007962963543832302,,2472.1326439380646,63.97089505195618
3775,0.0072893970645964146,,2472.7751321792603,63.98384428024292
3776,0.008733329363167286,,2473.4163608551025,63.99683737754822
3777,0.0075805531814694405,,2474.0578939914703,64.00981879234314
3778,0.007399362977594137,,2474.69949054718,64.0227997303009
3779,0.007161509711295366,,2475.342246055603,64.03581428527832
3780,0.0070811486802995205,,2476.320205450058,64.04887294769287
3781,0.007102725561708212,,2476.962309360504,64.06186318397522
3782,0.007037802133709192,,2477.603242635727,64.07484078407288
3783,0.0070561012253165245,,2478.244955062866,64.08782005310059
3784,0.007010777946561575,,2478.8866817951202,64.1008403301239
3785,0.00699552521109581,,2479.529754638672,64.11384344100952
3786,0.007668187376111746,,2480.1704862117767,64.12680053710938
3787,0.01241234876215458,,2480.8127439022064,64.13974738121033
3788,0.008309117518365383,,2481.4545645713806,64.15271830558777
3789,0.007866088300943375,,2482.097294807434,64.16571760177612
3790,0.008608752861618996,,2482.7395837306976,64.17867970466614
3791,0.007904325611889362,,2483.3834681510925,64.19163990020752
3792,0.006936553865671158,,2484.0247282981873,64.20457077026367
3793,0.007986558601260185,,2484.666650533676,64.21756148338318
3794,0.007729553617537022,,2485.3085310459137,64.23059606552124
3795,0.00829929020255804,,2485.9504754543304,64.24356436729431
3796,0.007355457171797752,,2486.591595888138,64.25650596618652
3797,0.007051839958876371,,2487.23476934433,64.26950597763062
3798,0.00705720903351903,,2487.8791546821594,64.2824923992157
3799,0.0071154432371258736,,2488.522269487381,64.29548144340515
3800,0.007553321309387684,,2489.16460108757,64.30846357345581
3801,0.008583487011492252,,2489.806988477707,64.32146000862122
3802,0.008123248815536499,,2490.449005842209,64.33446049690247
3803,0.0072850012220442295,,2491.090814590454,64.34745335578918
3804,0.007382105570286512,,2491.7325389385223,64.36045956611633
3805,0.00748977717012167,,2492.375351190567,64.37345814704895
3806,0.008775178343057632,,2493.017384290695,64.38641214370728
3807,0.009801345877349377,,2493.9954562187195,64.39938497543335
3808,0.007804540917277336,,2494.6364958286285,64.41238236427307
3809,0.008532272651791573,,2495.278432369232,64.42536878585815
3810,0.008363274857401848,,2495.9200069904327,64.43836975097656
3811,0.007091314997524023,,2496.5617430210114,64.45136213302612
3812,0.007001515012234449,,2497.202219724655,64.46434140205383
3813,0.006777506787329912,,2497.8445286750793,64.47732400894165
3814,0.006898622028529644,,2498.4853777885437,64.4903302192688
3815,0.008519794791936874,,2499.126663684845,64.50329947471619
3816,0.006770564243197441,,2499.767849445343,64.51629447937012
3817,0.006559967994689941,,2500.4106945991516,64.52922534942627
3818,0.0065466430969536304,,2501.051528453827,64.54221224784851
3819,0.0066738976165652275,,2501.6924211978912,64.55516242980957
3820,0.006604201626032591,,2502.3334374427795,64.568190574646
3821,0.007296270225197077,,2502.9747548103333,64.58121991157532
3822,0.00654612435027957,,2503.6171803474426,64.5942006111145
3823,0.006303626112639904,,2504.259042263031,64.60717701911926
3824,0.008394195698201656,,2504.9016540050507,64.62015175819397
3825,0.006477812305092812,,2505.5426065921783,64.63315415382385
3826,0.007337036542594433,,2506.1841371059418,64.64612364768982
3827,0.006900745443999767,,2506.8252444267273,64.65910196304321
3828,0.007373964414000511,,2507.4663603305817,64.67212319374084
3829,0.010088952258229256,,2508.1088552474976,64.6851212978363
3830,0.00841694138944149,,2508.7520327568054,64.6980984210968
3831,0.006507086101919413,,2509.393001317978,64.71108746528625
3832,0.007690871134400368,,2510.034764289856,64.72409749031067
3833,0.008318217471241951,,2510.677485227585,64.73706078529358
3834,0.007656199857592583,,2511.6549592018127,64.75000524520874
3835,0.006756328046321869,,2512.2972795963287,64.76299571990967
3836,0.006877406034618616,,2512.9379699230194,64.77601671218872
3837,0.006509646773338318,,2513.580326795578,64.7890076637268
3838,0.006848013028502464,,2514.220733642578,64.80196762084961
3839,0.006572184152901173,,2514.8633437156677,64.81496977806091
3840,0.007010821718722582,,2515.50527715683,64.82793092727661
3841,0.007395204622298479,,2516.1475279331207,64.84092903137207
3842,0.006186045240610838,,2516.789499282837,64.85388779640198
3843,0.0069542862474918365,,2517.431512117386,64.86693167686462
3844,0.00741227762773633,,2518.0729880332947,64.87992095947266
3845,0.007629172410815954,,2518.715030670166,64.89292287826538
3846,0.006423747632652521,,2519.355619907379,64.90591526031494
3847,0.0063536386005580425,,2519.997276544571,64.91891407966614
3848,0.006508472841233015,,2520.639563560486,64.9319007396698
3849,0.0065309214405715466,,2521.2819197177887,64.9448971748352
3850,0.009063557721674442,,2521.923210144043,64.95783185958862
3851,0.007425837218761444,,2522.566164970398,64.97081089019775
3852,0.00858784094452858,,2523.2096331119537,64.9838056564331
3853,0.009075711481273174,,2523.850960969925,64.99680972099304
3854,0.0083223357796669,,2524.492295742035,65.00980114936829
3855,0.011501437053084373,,2525.1334233283997,65.02278852462769
3856,0.009807037189602852,,2525.7753307819366,65.03575420379639
3857,0.007737211417406797,,2526.4169840812683,65.04871821403503
3858,0.006983630824834108,,2527.0596849918365,65.06170058250427
3859,0.008157938718795776,,2527.7014338970184,65.07466077804565
3860,0.008093679323792458,,2528.342662334442,65.08764338493347
3861,0.006762868724763393,,2529.3232421875,65.10064625740051
3862,0.006430111359804869,,2529.964730501175,65.11364889144897
3863,0.007169665303081274,,2530.608127593994,65.1266131401062
3864,0.007727242540568113,,2531.2494847774506,65.13957476615906
3865,0.010581928305327892,,2531.8912217617035,65.15262413024902
3866,0.006925366818904877,,2532.5322964191437,65.1656141281128
3867,0.006829604972153902,,2533.174894809723,65.17858290672302
3868,0.0068648443557322025,,2533.818943977356,65.19159173965454
3869,0.008002807386219501,,2534.4620966911316,65.20460534095764
3870,0.007777487393468618,,2535.1035962104797,65.21759533882141
3871,0.0072870273143053055,,2535.7474007606506,65.23058295249939
3872,0.007285465486347675,,2536.3905670642853,65.24357056617737
3873,0.007306944113224745,,2537.0324280261993,65.25657200813293
3874,0.007305252365767956,,2537.6737389564514,65.26954674720764
3875,0.007550997193902731,,2538.3164274692535,65.28254628181458
3876,0.00719071039929986,,2538.958433151245,65.29550337791443
3877,0.007050848100334406,,2539.6005477905273,65.3084454536438
3878,0.008785005658864975,,2540.241616487503,65.32140612602234
3879,0.009292788803577423,,2540.883872270584,65.33438897132874
3880,0.009081164374947548,,2541.5252408981323,65.34739279747009
3881,0.007443632930517197,,2542.168963432312,65.36033129692078
3882,0.007308707106858492,,2542.8107397556305,65.37329578399658
3883,0.007897801697254181,,2543.452255010605,65.38625693321228
3884,0.0071493517607450485,,2544.094276189804,65.39918184280396
3885,0.007222158368676901,,2544.735714673996,65.41226625442505
3886,0.0071619246155023575,,2545.376973390579,65.42523312568665
3887,0.0068509699776768684,,2546.018525838852,65.43824315071106
3888,0.007168527226895094,,2546.99676656723,65.45120429992676
3889,0.006836636457592249,,2547.63920545578,65.46424221992493
3890,0.00676419772207737,,2548.282041788101,65.4772253036499
3891,0.006848068442195654,,2548.9234931468964,65.49022650718689
3892,0.007513485848903656,,2549.565261363983,65.50324416160583
3893,0.007052237167954445,,2550.2082896232605,65.51621294021606
3894,0.007066213060170412,,2550.851467370987,65.529226064682
3895,0.007263978011906147,,2551.494273662567,65.54219341278076
3896,0.007268130779266357,,2552.1366941928864,65.5551745891571
3897,0.007004872430115938,,2552.778797388077,65.56817722320557
3898,0.009030614048242569,,2553.4210748672485,65.5811014175415
3899,0.007029151078313589,,2554.06258559227,65.59406614303589
3900,0.0069942898117005825,,2554.70361328125,65.60702776908875
3901,0.006816725712269545,,2555.3454489707947,65.62005615234375
3902,0.006782467011362314,,2555.9870948791504,65.63309001922607
3903,0.006605067290365696,,2556.6285202503204,65.6460771560669
3904,0.006737108808010817,,2557.2711238861084,65.65906763076782
3905,0.006775844842195511,,2557.913318157196,65.67204999923706
3906,0.006516785826534033,,2558.5564386844635,65.68505096435547
3907,0.006364989094436169,,2559.1988084316254,65.69807124137878
3908,0.006715840194374323,,2559.8412597179413,65.71100783348083
3909,0.0072709908708930016,,2560.4839792251587,65.7239441871643
3910,0.009346816688776016,,2561.1261038780212,65.73694133758545
3911,0.006672459188848734,,2561.767207622528,65.74994921684265
3912,0.006484787445515394,,2562.4084689617157,65.76294326782227
3913,0.006462446413934231,,2563.0498304367065,65.77590250968933
3914,0.006721551064401865,,2563.693787574768,65.78885889053345
3915,0.006599439308047295,,2564.672161579132,65.80186772346497
3916,0.007099807262420654,,2565.315164089203,65.81483173370361
3917,0.006718040443956852,,2565.9574937820435,65.82784700393677
3918,0.008432279340922832,,2566.598470211029,65.84080934524536
3919,0.007492783945053816,,2567.243002653122,65.8537826538086
3920,0.006959680002182722,,2567.884409427643,65.86681699752808
3921,0.007738055661320686,,2568.525907278061,65.87980198860168
3922,0.007406291086226702,,2569.1685495376587,65.89283609390259
3923,0.007565267384052277,,2569.810067653656,65.90581107139587
3924,0.007647339720278978,,2570.4512577056885,65.91880893707275
3925,0.0075215790420770645,,2571.092605113983,65.93175745010376
3926,0.00691063841804862,,2571.735538482666,65.94476079940796
3927,0.006773737259209156,,2572.376790523529,65.95779395103455
3928,0.007047832477837801,,2573.0198307037354,65.97077059745789
3929,0.006867013871669769,,2573.66389131546,65.98375511169434
3930,0.007852190174162388,,2574.3050928115845,65.99672508239746
3931,0.007147809490561485,,2574.946289539337,66.0097246170044
3932,0.007207944057881832,,2575.5871272087097,66.02264881134033
3933,0.007467127870768309,,2576.228842973709,66.0357015132904
3934,0.008638951927423477,,2576.8692429065704,66.04866290092468
3935,0.00765361450612545,,2577.5119004249573,66.06174945831299
3936,0.0076536149717867374,,2578.153692960739,66.07472395896912
3937,0.007966066710650921,,2578.796662092209,66.08770775794983
3938,0.007070143707096577,,2579.437454223633,66.10068106651306
3939,0.007291518151760101,,2580.0800638198853,66.11364006996155
3940,0.007855311036109924,,2580.7219755649567,66.12668180465698
3941,0.009322808124125004,,2581.3634650707245,66.13970994949341
3942,0.008852987550199032,,2582.3421030044556,66.15267658233643
3943,0.008938778191804886,,2582.984138727188,66.16565155982971
3944,0.008245519362390041,,2583.6254086494446,66.1786379814148
3945,0.007128505036234856,,2584.266767978668,66.19165635108948
3946,0.007285758387297392,,2584.9081616401672,66.20465755462646
3947,0.0069197374396026134,,2585.5501635074615,66.2176513671875
3948,0.006888489704579115,,2586.191768169403,66.23060011863708
3949,0.0075674657709896564,,2586.8340821266174,66.2436215877533
3950,0.00919682439416647,,2587.476094722748,66.25660610198975
3951,0.006874233949929476,,2588.1176743507385,66.26956272125244
3952,0.006892799399793148,,2588.7590346336365,66.28255081176758
3953,0.007148656528443098,,2589.402448415756,66.29552793502808
3954,0.008229163475334644,,2590.0449311733246,66.30853009223938
3955,0.007216352503746748,,2590.6862411499023,66.32154488563538
3956,0.00788553711026907,,2591.3272054195404,66.33449172973633
3957,0.007627807557582855,,2591.9709072113037,66.34747052192688
3958,0.006885473616421223,,2592.6123621463776,66.36051416397095
3959,0.008162646554410458,,2593.2541065216064,66.37355089187622
3960,0.008497605100274086,,2593.895247936249,66.38652968406677
3961,0.007679526694118977,,2594.5369589328766,66.39949345588684
3962,0.008435291238129139,,2595.1787910461426,66.4125247001648
3963,0.008041583932936192,,2595.8229460716248,66.42550086975098
3964,0.007064018864184618,,2596.46422791481,66.4384229183197
3965,0.006813084706664085,,2597.105251312256,66.45139479637146
3966,0.007136529311537743,,2597.7457745075226,66.46440839767456
3967,0.0070055024698376656,,2598.389981508255,66.47742223739624
3968,0.007677092216908932,,2599.031850337982,66.49040985107422
3969,0.008509783074259758,,2600.011302471161,66.50340795516968
3970,0.007952611893415451,,2600.6522254943848,66.5163745880127
3971,0.00662438478320837,,2601.294293642044,66.5293357372284
3972,0.006617309991270304,,2601.935864210129,66.54236245155334
3973,0.006470303982496262,,2602.577562570572,66.5553150177002
3974,0.006554148625582457,,2603.218591451645,66.56827020645142
3975,0.007086003199219704,,2603.8624799251556,66.58124470710754
3976,0.008154685609042645,,2604.50377035141,66.59419202804565
3977,0.0075140949338674545,,2605.1475241184235,66.60716581344604
3978,0.006591336335986853,,2605.789380788803,66.62015223503113
3979,0.0077659054659307,,2606.4313626289368,66.63312554359436
3980,0.007885515689849854,,2607.0723872184753,66.64613580703735
3981,0.008005308918654919,,2607.7143483161926,66.65910649299622
3982,0.008862155489623547,,2608.3577375411987,66.67214179039001
3983,0.009680364280939102,,2608.999222278595,66.68509888648987
3984,0.0073147909715771675,,2609.6400458812714,66.69808864593506
3985,0.006659784819930792,,2610.2816672325134,66.71112990379333
3986,0.006238208618015051,,2610.9253919124603,66.72410273551941
3987,0.006303560920059681,,2611.568099975586,66.73712086677551
3988,0.006998892407864332,,2612.209912776947,66.75007605552673
3989,0.006818062160164118,,2612.8519690036774,66.7631208896637
3990,0.0063322484493255615,,2613.4943311214447,66.77609062194824
3991,0.007077363785356283,,2614.1362495422363,66.78910112380981
3992,0.006482994183897972,,2614.776913166046,66.8021445274353
3993,0.006502456497400999,,2615.418353319168,66.81515455245972
3994,0.007189844734966755,,2616.059815645218,66.82816123962402
3995,0.006359715946018696,,2616.7020347118378,66.84111332893372
3996,0.006348146591335535,,2617.6806149482727,66.85411334037781
3997,0.00657773157581687,,2618.322282552719,66.86708450317383
3998,0.007652186788618565,,2618.964111804962,66.88010692596436
3999,0.007075517904013395,,2619.6066546440125,66.89312028884888
4000,0.008315864019095898,0.0030757258646190166,2620.247618198395,68.78139591217041
4001,0.009122064337134361,,2620.8906886577606,68.79442167282104
4002,0.007365045137703419,,2621.5323717594147,68.80744910240173
4003,0.007818244397640228,,2622.173632621765,68.8204870223999
4004,0.007908527739346027,,2622.8146374225616,68.83347082138062
4005,0.0069654881954193115,,2623.457245826721,68.84644222259521
4006,0.006561841815710068,,2624.0980887413025,68.85942673683167
4007,0.006753282621502876,,2624.741797208786,68.87240719795227
4008,0.00764030497521162,,2625.3834159374237,68.88542246818542
4009,0.007244662847369909,,2626.024681329727,68.89840888977051
4010,0.007155069150030613,,2626.6654505729675,68.91142463684082
4011,0.00853796862065792,,2627.306872844696,68.92437720298767
4012,0.006877238396555185,,2627.94935631752,68.93735837936401
4013,0.007040358614176512,,2628.592901945114,68.95033025741577
4014,0.00876778457313776,,2629.2353155612946,68.96329355239868
4015,0.006715730298310518,,2629.8769829273224,68.97624516487122
4016,0.0069136954843997955,,2630.518650531769,68.9891905784607
4017,0.006520022172480822,,2631.1627357006073,69.00216674804688
4018,0.006899495609104633,,2631.8047835826874,69.01510405540466
4019,0.006910561118274927,,2632.4469866752625,69.02806687355042
4020,0.006526045501232147,,2633.0888817310333,69.04105854034424
4021,0.00653123389929533,,2633.7302584648132,69.0540452003479
4022,0.0066154212690889835,,2634.371326684952,69.06701421737671
4023,0.00663177901878953,,2635.3508865833282,69.07995653152466
4024,0.006940888240933418,,2635.9936599731445,69.09289932250977
4025,0.006573877763003111,,2636.635465860367,69.10589051246643
4026,0.006611362565308809,,2637.277478456497,69.11884093284607
4027,0.007712750229984522,,2637.9201498031616,69.13180375099182
4028,0.006883830763399601,,2638.561351776123,69.14482307434082
4029,0.01060753408819437,,2639.203106403351,69.15780544281006
4030,0.007582994643598795,,2639.8463699817657,69.17077898979187
4031,0.008417979814112186,,2640.4894392490387,69.18375039100647
4032,0.00841574463993311,,2641.130925655365,69.19675636291504
4033,0.0072236559353768826,,2641.771983861923,69.2097556591034
4034,0.008541048504412174,,2642.4139738082886,69.22276735305786
4035,0.008954991586506367,,2643.0557367801666,69.23573040962219
4036,0.008932479657232761,,2643.6967046260834,69.24876308441162
4037,0.007912654429674149,,2644.3380682468414,69.26173734664917
4038,0.007702972739934921,,2644.981282711029,69.27469062805176
4039,0.007798358332365751,,2645.623245716095,69.28767538070679
4040,0.0065837702713906765,,2646.2647972106934,69.30062127113342
4041,0.006752802990376949,,2646.9070732593536,69.3135917186737
4042,0.006690904963761568,,2647.5482008457184,69.32656812667847
4043,0.006660213693976402,,2648.1915481090546,69.33951711654663
4044,0.006569849792867899,,2648.8342204093933,69.35248923301697
4045,0.0066627333872020245,,2649.4777858257294,69.36551427841187
4046,0.0076651726849377155,,2650.1194021701813,69.37852430343628
4047,0.008805384859442711,,2650.7604434490204,69.39151692390442
4048,0.006647475529462099,,2651.4018218517303,69.40449595451355
4049,0.007296776864677668,,2652.0428771972656,69.41750359535217
4050,0.006734446622431278,,2653.0199115276337,69.43050909042358
4051,0.0068265595473349094,,2653.6625032424927,69.44349980354309
4052,0.006384931970387697,,2654.3056466579437,69.45654630661011
4053,0.006477138958871365,,2654.9485833644867,69.46954894065857
4054,0.007419330533593893,,2655.5902264118195,69.48258328437805
4055,0.00867177452892065,,2656.231997013092,69.4955666065216
4056,0.008520466275513172,,2656.8743455410004,69.508553981781
4057,0.007369963452219963,,2657.517899990082,69.5215392112732
4058,0.008461883291602135,,2658.159253358841,69.53451991081238
4059,0.00832422822713852,,2658.8020889759064,69.54747986793518
4060,0.007055057678371668,,2659.4446613788605,69.5605239868164
4061,0.007969941012561321,,2660.085713863373,69.5735194683075
4062,0.006226683035492897,,2660.727269887924,69.58654379844666
4063,0.006250363774597645,,2661.36931347847,69.5995397567749
4064,0.006245223805308342,,2662.010532140732,69.61253237724304
4065,0.006221737712621689,,2662.653405189514,69.6255464553833
4066,0.006808232516050339,,2663.296881914139,69.63848233222961
4067,0.0066887871362268925,,2663.938163280487,69.6514961719513
4068,0.006868440192192793,,2664.5789527893066,69.664470911026
4069,0.01043190248310566,,2665.2203986644745,69.67745351791382
4070,0.008896702900528908,,2665.862413406372,69.69045305252075
4071,0.007622603792697191,,2666.5039355754852,69.70343613624573
4072,0.010473160073161125,,2667.145632982254,69.7164671421051
4073,0.00905605684965849,,2667.788501024246,69.72949624061584
4074,0.008408046327531338,,2668.4299232959747,69.7424852848053
4075,0.007102384697645903,,2669.0736920833588,69.75546741485596
4076,0.006919727195054293,,2669.7146310806274,69.76841926574707
4077,0.00688586849719286,,2670.6931159496307,69.78137350082397
4078,0.0068787820637226105,,2671.3344235420227,69.79438614845276
4079,0.007755589671432972,,2671.9772338867188,69.80736923217773
4080,0.008810821920633316,,2672.6182310581207,69.8203272819519
4081,0.008829080499708652,,2673.2623357772827,69.8333089351654
4082,0.0070831566117703915,,2673.9033303260803,69.84628248214722
4083,0.007499270141124725,,2674.544795036316,69.85928010940552
4084,0.00668421620503068,,2675.1873066425323,69.87221002578735
4085,0.007917532697319984,,2675.8297123908997,69.88524079322815
4086,0.007693304214626551,,2676.471173763275,69.89825177192688
4087,0.008091493509709835,,2677.113400697708,69.91123008728027
4088,0.007332469802349806,,2677.7562544345856,69.92422914505005
4089,0.007913863286376,,2678.399572134018,69.9372193813324
4090,0.00670194998383522,,2679.0414595603943,69.9502215385437
4091,0.00630497932434082,,2679.683976173401,69.96322250366211
4092,0.007068939972668886,,2680.3268435001373,69.97619390487671
4093,0.008478011935949326,,2680.9689161777496,69.98916506767273
4094,0.008493023924529552,,2681.611960411072,70.0021345615387
4095,0.007075280882418156,,2682.2536804676056,70.01515293121338
4096,0.007086348719894886,,2682.8946368694305,70.02819085121155
4097,0.006550999358296394,,2683.5377328395844,70.0412209033966
4098,0.006486969999969006,,2684.1810071468353,70.05423331260681
4099,0.007333512417972088,,2684.8230328559875,70.06720685958862
4100,0.006866174750030041,,2685.464084148407,70.08022713661194
4101,0.006820054724812508,,2686.1070289611816,70.09329676628113
4102,0.006599897518754005,,2686.747987508774,70.1062638759613
4103,0.006552803795784712,,2687.3910615444183,70.1192741394043
4104,0.006896288134157658,,2688.3687448501587,70.13221716880798
4105,0.008282894268631935,,2689.010219335556,70.14520835876465
4106,0.009103797376155853,,2689.6526486873627,70.15819263458252
4107,0.010339397937059402,,2690.294278860092,70.17111015319824
4108,0.007055991794914007,,2690.9360451698303,70.1840877532959
4109,0.008114163763821125,,2691.5788362026215,70.19707870483398
4110,0.00812504068017006,,2692.2199952602386,70.21004486083984
4111,0.007059398107230663,,2692.862154006958,70.22300696372986
4112,0.007685253396630287,,2693.50336766243,70.23592329025269
4113,0.008268089033663273,,2694.1447236537933,70.24888682365417
4114,0.007884402759373188,,2694.7864153385162,70.26188325881958
4115,0.007203877903521061,,2695.428344488144,70.27483987808228
4116,0.0069360146299004555,,2696.0700182914734,70.2878029346466
4117,0.006801452022045851,,2696.712781906128,70.30074501037598
4118,0.0068094367161393166,,2697.3561601638794,70.31370282173157
4119,0.006672213785350323,,2697.9980614185333,70.3266544342041
4120,0.006992238573729992,,2698.640338897705,70.33966970443726
4121,0.00871771015226841,,2699.282240629196,70.35263681411743
4122,0.007263445761054754,,2699.9256043434143,70.36563754081726
4123,0.006743019912391901,,2700.5675916671753,70.37863254547119
4124,0.006723655387759209,,2701.2096679210663,70.3916027545929
4125,0.006557499058544636,,2701.85298871994,70.40455079078674
4126,0.006804976612329483,,2702.4936578273773,70.4175660610199
4127,0.006665206514298916,,2703.1355838775635,70.43054485321045
4128,0.006866841576993465,,2703.7770450115204,70.44353795051575
4129,0.006936226971447468,,2704.419589281082,70.45656418800354
4130,0.006778635550290346,,2705.060788154602,70.46951508522034
4131,0.006462307181209326,,2706.0390779972076,70.48248958587646
4132,0.006401133723556995,,2706.682378053665,70.49545955657959
4133,0.006565370596945286,,2707.323900461197,70.50840950012207
4134,0.00732338847592473,,2707.964531183243,70.52142596244812
4135,0.007854930125176907,,2708.6068522930145,70.53439211845398
4136,0.007698222063481808,,2709.2491602897644,70.54737591743469
4137,0.006133895833045244,,2709.8903510570526,70.560391664505
4138,0.006140587385743856,,2710.5318183898926,70.57344722747803
4139,0.006121185142546892,,2711.174654006958,70.58640837669373
4140,0.006205255631357431,,2711.8175241947174,70.59942078590393
4141,0.007931031286716461,,2712.459630727768,70.61239194869995
4142,0.006761230994015932,,2713.1032712459564,70.62537026405334
4143,0.006780698895454407,,2713.7449276447296,70.63835406303406
4144,0.006399170961230993,,2714.388835668564,70.65134763717651
4145,0.006690457463264465,,2715.030771255493,70.66430974006653
4146,0.00618321169167757,,2715.672030687332,70.67725801467896
4147,0.00624912278726697,,2716.3149659633636,70.69026565551758
4148,0.007235619705170393,,2716.9556522369385,70.70323157310486
4149,0.00667201541364193,,2717.597277402878,70.71619868278503
4150,0.007159429136663675,,2718.239312171936,70.72924089431763
4151,0.008171510882675648,,2718.8806612491608,70.74220132827759
4152,0.008797991089522839,,2719.521732568741,70.75518441200256
4153,0.007135400548577309,,2720.1635081768036,70.76812601089478
4154,0.009676450863480568,,2720.804995536804,70.78113627433777
4155,0.007482461631298065,,2721.447437286377,70.79418158531189
4156,0.007356446236371994,,2722.0889897346497,70.80723714828491
4157,0.007246893830597401,,2722.73038482666,70.8201847076416
4158,0.00636422960087657,,2723.707993030548,70.83315539360046
4159,0.006597333122044802,,2724.3504807949066,70.84610962867737
4160,0.006471770815551281,,2724.9935069084167,70.85905623435974
4161,0.008308440446853638,,2725.635683298111,70.87208414077759
4162,0.0070829871110618114,,2726.2787342071533,70.8850462436676
4163,0.005980655550956726,,2726.921427965164,70.89801359176636
4164,0.006032571196556091,,2727.562834262848,70.91104555130005
4165,0.006229929160326719,,2728.2053525447845,70.92403841018677
4166,0.006840917747467756,,2728.846236228943,70.93703937530518
4167,0.006215314846485853,,2729.4885263442993,70.95001435279846
4168,0.00632119458168745,,2730.1300847530365,70.96304273605347
4169,0.006286160089075565,,2730.7730412483215,70.97603988647461
4170,0.0062128230929374695,,2731.4146161079407,70.98900628089905
4171,0.006823761388659477,,2732.057559967041,71.00201535224915
4172,0.00790401827543974,,2732.7006380558014,71.01506781578064
4173,0.007892493158578873,,2733.342473745346,71.02798056602478
4174,0.008265625685453415,,2733.9843752384186,71.04095673561096
4175,0.007932169362902641,,2734.62695145607,71.05396127700806
4176,0.006387036293745041,,2735.26957821846,71.0669515132904
4177,0.007098348345607519,,2735.9119606018066,71.07989954948425
4178,0.0076370262540876865,,2736.5539257526398,71.09292912483215
4179,0.0068978178314864635,,2737.1966528892517,71.10588645935059
4180,0.007830578833818436,,2737.8388497829437,71.1188542842865
4181,0.007802171166986227,,2738.480723619461,71.13182830810547
4182,0.007375524379312992,,2739.122390270233,71.14481258392334
4183,0.0071354820393025875,,2739.7655189037323,71.15782904624939
4184,0.006655779667198658,,2740.4068443775177,71.1708173751831
4185,0.006832942832261324,,2741.3846740722656,71.18382096290588
4186,0.006499478593468666,,2742.026285171509,71.19679307937622
4187,0.006542761344462633,,2742.6680941581726,71.20973443984985
4188,0.006478395313024521,,2743.3093552589417,71.22267985343933
4189,0.006522441282868385,,2743.9509468078613,71.23570084571838
4190,0.006798479240387678,,2744.592354774475,71.24869132041931
4191,0.006276741623878479,,2745.234034061432,71.26168012619019
4192,0.006622286047786474,,2745.875851869583,71.27465534210205
4193,0.007367655169218779,,2746.5191979408264,71.28762912750244
4194,0.008996138349175453,,2747.1604993343353,71.30062127113342
4195,0.006592774298042059,,2747.8030984401703,71.31362533569336
4196,0.006844192743301392,,2748.4446268081665,71.32662081718445
4197,0.006526361685246229,,2749.0868785381317,71.33957839012146
4198,0.006285692565143108,,2749.7287652492523,71.35256767272949
4199,0.006363995838910341,,2750.3713994026184,71.36559796333313
4200,0.006321489345282316,,2751.0144731998444,71.378586769104
4201,0.00662263622507453,,2751.6566734313965,71.39153671264648
4202,0.0064421724528074265,,2752.3004302978516,71.4045398235321
4203,0.006334203295409679,,2752.9440672397614,71.41753554344177
4204,0.006381838116794825,,2753.5854415893555,71.43048644065857
4205,0.006820942275226116,,2754.2271444797516,71.44347620010376
4206,0.009014432318508625,,2754.8698740005493,71.45649909973145
4207,0.007160891313105822,,2755.5138578414917,71.46951842308044
4208,0.006657069083303213,,2756.1555247306824,71.48252487182617
4209,0.00644760811701417,,2756.797370195389,71.49546408653259
4210,0.007055269088596106,,2757.4404633045197,71.50849938392639
4211,0.006276079919189215,,2758.083243370056,71.52150964736938
4212,0.006520742084830999,,2759.060968875885,71.53450965881348
4213,0.006425472907721996,,2759.7027294635773,71.54753470420837
4214,0.007196557242423296,,2760.344528913498,71.56050252914429
4215,0.006395976524800062,,2760.9855098724365,71.57352232933044
4216,0.007619873154908419,,2761.6285860538483,71.58651065826416
4217,0.0079481340944767,,2762.273028612137,71.59948182106018
4218,0.006518758833408356,,2762.9146456718445,71.61245250701904
4219,0.006462674122303724,,2763.5570940971375,71.62549471855164
4220,0.006262419745326042,,2764.199773788452,71.6384334564209
4221,0.006738804280757904,,2764.841215133667,71.65141749382019
4222,0.006673891097307205,,2765.484115600586,71.66446661949158
4223,0.0070469314232468605,,2766.1269340515137,71.67747902870178
4224,0.00644245371222496,,2766.768978357315,71.6904718875885
4225,0.006929504685103893,,2767.411302804947,71.70345044136047
4226,0.006819803733378649,,2768.054785013199,71.71644949913025
4227,0.006690061651170254,,2768.6962904930115,71.72942233085632
4228,0.007139461115002632,,2769.338217020035,71.74241995811462
4229,0.006920615676790476,,2769.9801409244537,71.75539135932922
4230,0.0065933773294091225,,2770.621271133423,71.76845049858093
4231,0.006443668156862259,,2771.263518333435,71.78144764900208
4232,0.00641966424882412,,2771.9055840969086,71.79442930221558
4233,0.006452483590692282,,2772.5481004714966,71.80739402770996
4234,0.006711355410516262,,2773.190220117569,71.82038569450378
4235,0.007106274366378784,,2773.8320569992065,71.83335781097412
4236,0.008504988625645638,,2774.473340988159,71.8462815284729
4237,0.009275618940591812,,2775.11656165123,71.85927700996399
4238,0.009222930297255516,,2775.7575631141663,71.87225556373596
4239,0.008673206903040409,,2776.736223936081,71.88523817062378
4240,0.006890958175063133,,2777.377858400345,71.89825558662415
4241,0.006839788984507322,,2778.0193376541138,71.9112024307251
4242,0.006721986923366785,,2778.6603665351868,71.92415976524353
4243,0.0072796219028532505,,2779.3030440807343,71.93712091445923
4244,0.006864199414849281,,2779.944240093231,71.95011878013611
4245,0.008108086884021759,,2780.5863358974457,71.96308946609497
4246,0.008756314404308796,,2781.2283170223236,71.97601985931396
4247,0.007890304550528526,,2781.8701708316803,71.98895716667175
4248,0.007309177424758673,,2782.5126872062683,72.00194096565247
4249,0.007975867949426174,,2783.1556630134583,72.01492238044739
4250,0.0077209980227053165,,2783.7985537052155,72.0279061794281
4251,0.006963602267205715,,2784.4405500888824,72.04094576835632
4252,0.006781748495995998,,2785.0815336704254,72.05391359329224
4253,0.006940951570868492,,2785.7234127521515,72.06688213348389
4254,0.006933607626706362,,2786.366705417633,72.07984256744385
4255,0.007253467570990324,,2787.009908914566,72.0928406715393
4256,0.008354401215910912,,2787.6522579193115,72.1058132648468
4257,0.00974249467253685,,2788.296519756317,72.11874508857727
4258,0.00923835951834917,,2788.9384486675262,72.13175392150879
4259,0.008780361153185368,,2789.580125808716,72.14468955993652
4260,0.006986296270042658,,2790.222870826721,72.15775203704834
4261,0.006586833856999874,,2790.8665523529053,72.17073059082031
4262,0.0065419040620327,,2791.5082149505615,72.18369960784912
4263,0.0067631760612130165,,2792.1510927677155,72.19666075706482
4264,0.007104340475052595,,2792.793839931488,72.20961785316467
4265,0.0062761856243014336,,2793.4376657009125,72.2226071357727
4266,0.006688038818538189,,2794.415467262268,72.23557305335999
4267,0.00803107675164938,,2795.057202100754,72.24858713150024
4268,0.0065127043053507805,,2795.699466943741,72.2615475654602
4269,0.0073145669884979725,,2796.3414335250854,72.27450275421143
4270,0.007821466773748398,,2796.9826095104218,72.28745079040527
4271,0.006972793024033308,,2797.625752210617,72.30045819282532
4272,0.007103689946234226,,2798.2687911987305,72.31345462799072
4273,0.006478959694504738,,2798.911405801773,72.32644200325012
4274,0.007601803634315729,,2799.553850412369,72.33940052986145
4275,0.008458959870040417,,2800.1966319084167,72.35241937637329
4276,0.00761985220015049,,2800.8369810581207,72.365469455719
4277,0.00722655700519681,,2801.4783680438995,72.37844038009644
4278,0.007815087214112282,,2802.119487762451,72.39139175415039
4279,0.009355336427688599,,2802.7610416412354,72.40435600280762
4280,0.007368228863924742,,2803.4017481803894,72.41733431816101
4281,0.007071411237120628,,2804.042888402939,72.43031024932861
4282,0.007604825776070356,,2804.683261871338,72.44332242012024
4283,0.008565536700189114,,2805.325084924698,72.45630812644958
4284,0.008330312557518482,,2805.965943336487,72.46934127807617
4285,0.0067377593368291855,,2806.6074645519257,72.48232388496399
4286,0.006496602203696966,,2807.2495408058167,72.49531531333923
4287,0.006612745579332113,,2807.890876054764,72.50826835632324
4288,0.007615500129759312,,2808.5314252376556,72.52123522758484
4289,0.008217882364988327,,2809.1733355522156,72.53418970108032
4290,0.008143709972500801,,2809.8161194324493,72.54715204238892
4291,0.008995948359370232,,2810.4576280117035,72.56013178825378
4292,0.009324523620307446,,2811.0990240573883,72.57308411598206
4293,0.008539102040231228,,2812.077971935272,72.58604693412781
4294,0.007600355893373489,,2812.7212419509888,72.59901738166809
4295,0.00764019088819623,,2813.362693786621,72.61200547218323
4296,0.0068448190577328205,,2814.004064798355,72.62500739097595
4297,0.006682582665234804,,2814.6460616588593,72.63796591758728
4298,0.007652515545487404,,2815.287147283554,72.65097093582153
4299,0.007577429059892893,,2815.9288351535797,72.66397428512573
4300,0.007393999025225639,,2816.5697827339172,72.67696595191956
4301,0.006739479955285788,,2817.212779045105,72.68995141983032
4302,0.007204808294773102,,2817.8545219898224,72.70292353630066
4303,0.0066260299645364285,,2818.496306657791,72.7158784866333
4304,0.006333834491670132,,2819.1375913619995,72.72886657714844
4305,0.006016178987920284,,2819.7797124385834,72.74183773994446
4306,0.006065122317522764,,2820.4206762313843,72.75481534004211
4307,0.007501984015107155,,2821.0636019706726,72.76780319213867
4308,0.0077590784057974815,,2821.7049520015717,72.78080105781555
4309,0.008435135707259178,,2822.3468556404114,72.79381990432739
4310,0.008075259625911713,,2822.9881308078766,72.80683851242065
4311,0.008660209365189075,,2823.631624698639,72.81979513168335
4312,0.010154664516448975,,2824.2741117477417,72.83277344703674
4313,0.0080003272742033,,2824.9152936935425,72.84573793411255
4314,0.007977592758834362,,2825.5581028461456,72.85871934890747
4315,0.007045602425932884,,2826.199079275131,72.8716950416565
4316,0.007273197174072266,,2826.8405690193176,72.88469338417053
4317,0.007745170500129461,,2827.483159303665,72.89765357971191
4318,0.008142177946865559,,2828.1247096061707,72.91058897972107
4319,0.0077613601461052895,,2828.7660508155823,72.923574924469
4320,0.008176379837095737,,2829.743685722351,72.93654942512512
4321,0.006825224496424198,,2830.385125398636,72.94954824447632
4322,0.00688406266272068,,2831.0268907546997,72.96254777908325
4323,0.0072698635049164295,,2831.6683070659637,72.97554659843445
4324,0.006623129826039076,,2832.308811903,72.9885184764862
4325,0.00672796880826354,,2832.9509415626526,73.00150060653687
4326,0.007115278858691454,,2833.593054294586,73.01444983482361
4327,0.006978123914450407,,2834.2346642017365,73.02746057510376
4328,0.007165244314819574,,2834.876395702362,73.04045748710632
4329,0.007210500072687864,,2835.518078327179,73.0534017086029
4330,0.007597829680889845,,2836.1586854457855,73.0663709640503
4331,0.007831752300262451,,2836.8016073703766,73.07936644554138
4332,0.008517790585756302,,2837.443099498749,73.09234571456909
4333,0.007284023333340883,,2838.0849738121033,73.10530376434326
4334,0.00749760027974844,,2838.7263417243958,73.11830592155457
4335,0.010404818691313267,,2839.368138074875,73.13126921653748
4336,0.009060475043952465,,2840.010198354721,73.14421248435974
4337,0.0074504949152469635,,2840.6528725624084,73.15713834762573
4338,0.0077714198268949986,,2841.293223619461,73.17008018493652
4339,0.007151031866669655,,2841.935337781906,73.18309330940247
4340,0.008351825177669525,,2842.5760555267334,73.19606041908264
4341,0.00803698506206274,,2843.218456506729,73.20902132987976
4342,0.0074117486365139484,,2843.8597977161407,73.22195982933044
4343,0.008508721366524696,,2844.5010545253754,73.23490834236145
4344,0.00717783672735095,,2845.1422028541565,73.24792432785034
4345,0.007470867596566677,,2845.784063577652,73.2608814239502
4346,0.007885814644396305,,2846.4256212711334,73.27388143539429
4347,0.008772674947977066,,2847.403666973114,73.28687334060669
4348,0.009107165038585663,,2848.044925928116,73.29980874061584
4349,0.00971358735114336,,2848.6869373321533,73.31276679039001
4350,0.008251125924289227,,2849.329053878784,73.32571721076965
4351,0.009395867586135864,,2849.970826625824,73.33869409561157
4352,0.008703455328941345,,2850.613157272339,73.3516788482666
4353,0.008813494816422462,,2851.2551140785217,73.3646821975708
4354,0.009345893748104572,,2851.8960587978363,73.37769556045532
4355,0.009688526391983032,,2852.5380148887634,73.39068484306335
4356,0.009840691462159157,,2853.1794204711914,73.40364742279053
4357,0.007254369091242552,,2853.820773601532,73.41659212112427
4358,0.0077910698018968105,,2854.4620773792267,73.42957711219788
4359,0.008444230072200298,,2855.1035470962524,73.44252014160156
4360,0.009155337698757648,,2855.7450132369995,73.45551896095276
4361,0.007793472148478031,,2856.3861014842987,73.46855568885803
4362,0.0067671239376068115,,2857.0292332172394,73.48153567314148
4363,0.008467631414532661,,2857.671431541443,73.4944908618927
4364,0.008356865495443344,,2858.3126182556152,73.50745725631714
4365,0.010118478909134865,,2858.9541354179382,73.52044868469238
4366,0.009864958003163338,,2859.5956692695618,73.53345251083374
4367,0.008581367321312428,,2860.2385137081146,73.54643678665161
4368,0.008133085444569588,,2860.8804116249084,73.55944156646729
4369,0.0067024691961705685,,2861.5233788490295,73.57247495651245
4370,0.0070310598239302635,,2862.1646642684937,73.58547234535217
4371,0.007619750220328569,,2862.8060009479523,73.59845495223999
4372,0.007086668163537979,,2863.447901725769,73.6114273071289
4373,0.00743254367262125,,2864.0906455516815,73.62441182136536
4374,0.006936145480722189,,2865.068459749222,73.63743805885315
4375,0.0071218861266970634,,2865.7122778892517,73.65039873123169
4376,0.0069693876430392265,,2866.354084968567,73.66336488723755
4377,0.007002071477472782,,2866.997225522995,73.67631697654724
4378,0.006985267158597708,,2867.63933634758,73.68926620483398
4379,0.007664077915251255,,2868.280846595764,73.70225644111633
4380,0.009200884029269218,,2868.921760082245,73.71527361869812
4381,0.0065121701918542385,,2869.564739227295,73.72825622558594
4382,0.006356061436235905,,2870.2056460380554,73.74127912521362
4383,0.006305649410933256,,2870.8466255664825,73.75424528121948
4384,0.006988295819610357,,2871.4883165359497,73.7672426700592
4385,0.009678938426077366,,2872.129282951355,73.7802140712738
4386,0.008500690571963787,,2872.7720441818237,73.793212890625
4387,0.007728996686637402,,2873.413337945938,73.80622124671936
4388,0.007386347744613886,,2874.055202484131,73.81922602653503
4389,0.006939257495105267,,2874.6959438323975,73.83218932151794
4390,0.007895245216786861,,2875.3368434906006,73.8452000617981
4391,0.006867752876132727,,2875.9779374599457,73.85816431045532
4392,0.006327644921839237,,2876.619866132736,73.87113523483276
4393,0.006705096922814846,,2877.262858390808,73.88416862487793
4394,0.006648176349699497,,2877.903801202774,73.89714789390564
4395,0.006522614974528551,,2878.5444242954254,73.91012072563171
4396,0.006308258511126041,,2879.185602426529,73.92308712005615
4397,0.006594764534384012,,2879.8272767066956,73.93611550331116
4398,0.006438708398491144,,2880.468433856964,73.94909954071045
4399,0.007077596615999937,,2881.109367609024,73.96203827857971
4400,0.007521312218159437,,2881.750410795212,73.97502326965332
4401,0.006780080962926149,,2882.72838139534,73.98799800872803
4402,0.0068696667440235615,,2883.369779109955,74.00095796585083
4403,0.007122694980353117,,2884.0109968185425,74.01395630836487
4404,0.0067451451905071735,,2884.652723312378,74.02697396278381
4405,0.007639538496732712,,2885.2943456172943,74.03989696502686
4406,0.007195433601737022,,2885.936444759369,74.05284547805786
4407,0.007910623215138912,,2886.579691171646,74.0658187866211
4408,0.007511315401643515,,2887.2206366062164,74.07877659797668
4409,0.007049937266856432,,2887.8616354465485,74.09178233146667
4410,0.0075996508821845055,,2888.50199341774,74.10479736328125
4411,0.008063653483986855,,2889.1429748535156,74.11775755882263
4412,0.00668208347633481,,2889.7855610847473,74.13080430030823
4413,0.006946793291717768,,2890.427458047867,74.14377546310425
4414,0.006715706083923578,,2891.0681126117706,74.15680503845215
4415,0.00671484274789691,,2891.709565639496,74.16977262496948
4416,0.006818822119385004,,2892.352463245392,74.18273329734802
4417,0.007483483757823706,,2892.994485616684,74.19571876525879
4418,0.008300667628645897,,2893.6371665000916,74.20870971679688
4419,0.007662863936275244,,2894.2778556346893,74.2217218875885
4420,0.00794398132711649,,2894.9204206466675,74.23471593856812
4421,0.007482640445232391,,2895.562373161316,74.2477011680603
4422,0.0074523077346384525,,2896.2030231952667,74.26071524620056
4423,0.007987627759575844,,2896.8452076911926,74.27367639541626
4424,0.006767983082681894,,2897.486572265625,74.28665518760681
4425,0.007482306100428104,,2898.1289331912994,74.29960584640503
4426,0.006652442738413811,,2898.7713446617126,74.31259655952454
4427,0.0063184709288179874,,2899.412464618683,74.3256242275238
4428,0.007184047717601061,,2900.3899030685425,74.33858394622803
4429,0.006755295675247908,,2901.032100200653,74.35154628753662
4430,0.00826226081699133,,2901.6730415821075,74.3645339012146
4431,0.008157169446349144,,2902.314563512802,74.37753772735596
4432,0.006652240175753832,,2902.95520567894,74.39049816131592
4433,0.0074168904684484005,,2903.5961816310883,74.4035005569458
4434,0.00831045862287283,,2904.237934112549,74.41644835472107
4435,0.008256858214735985,,2904.8789823055267,74.42945957183838
4436,0.007716464810073376,,2905.519685983658,74.44244360923767
4437,0.007525790948420763,,2906.1603701114655,74.45539236068726
4438,0.0088146161288023,,2906.800950050354,74.46831679344177
4439,0.00731871509924531,,2907.4440960884094,74.48131203651428
4440,0.006711455062031746,,2908.0845391750336,74.49428009986877
4441,0.006081194616854191,,2908.7273042201996,74.5073504447937
4442,0.006405041553080082,,2909.3677501678467,74.52027630805969
4443,0.006554319988936186,,2910.010794878006,74.53327298164368
4444,0.006233563646674156,,2910.6517610549927,74.54622220993042
4445,0.00600847415626049,,2911.294090986252,74.5591983795166
4446,0.0067563969641923904,,2911.936978816986,74.57222247123718
4447,0.006277361419051886,,2912.5783047676086,74.5851743221283
4448,0.006379187107086182,,2913.2192335128784,74.59814786911011
4449,0.006433192174881697,,2913.8619191646576,74.61111259460449
4450,0.007249343674629927,,2914.5029125213623,74.62406992912292
4451,0.007669149432331324,,2915.1442379951477,74.6370210647583
4452,0.008039809763431549,,2915.785138607025,74.64996671676636
4453,0.010107910260558128,,2916.4264850616455,74.6629376411438
4454,0.0076743364334106445,,2917.0682871341705,74.67597270011902
4455,0.007232104893773794,,2918.0464289188385,74.68893694877625
4456,0.00750303128734231,,2918.686928510666,74.70192170143127
4457,0.006710371933877468,,2919.3284249305725,74.71489596366882
4458,0.007039499469101429,,2919.9703540802,74.7278892993927
4459,0.0061071813106536865,,2920.613169193268,74.74084305763245
4460,0.006811120081692934,,2921.2549979686737,74.753835439682
4461,0.00653682230040431,,2921.8974277973175,74.76679515838623
4462,0.007348125800490379,,2922.538549900055,74.7798330783844
4463,0.006490382831543684,,2923.1800270080566,74.79280066490173
4464,0.0058579700998961926,,2923.821888446808,74.8058032989502
4465,0.005928741302341223,,2924.4641242027283,74.81884431838989
4466,0.0066254884004592896,,2925.1057324409485,74.83185148239136
4467,0.006408277899026871,,2925.7470252513885,74.84484505653381
4468,0.0065436228178441525,,2926.3897750377655,74.85786390304565
4469,0.0064179799519479275,,2927.032180070877,74.87080717086792
4470,0.005860444623976946,,2927.6741042137146,74.88375616073608
4471,0.0071434881538152695,,2928.3161330223083,74.89681267738342
4472,0.00912561360746622,,2928.9568798542023,74.90980219841003
4473,0.007725370116531849,,2929.5989360809326,74.92279553413391
4474,0.006629128009080887,,2930.242996931076,74.93578457832336
4475,0.0076661426573991776,,2930.884499311447,74.94881892204285
4476,0.008297882974147797,,2931.5262739658356,74.96184921264648
4477,0.007721205707639456,,2932.1682093143463,74.97483515739441
4478,0.007192343007773161,,2932.8091247081757,74.98783159255981
4479,0.007911067456007004,,2933.4505484104156,75.00082063674927
4480,0.008716427721083164,,2934.093847513199,75.01388382911682
4481,0.008466619998216629,,2934.7353191375732,75.02685737609863
4482,0.007586529478430748,,2935.713449239731,75.03986120223999
4483,0.005940066184848547,,2936.3544857501984,75.05280613899231
4484,0.005914628971368074,,2936.996742248535,75.06579613685608
4485,0.005862249527126551,,2937.6386637687683,75.07875680923462
4486,0.006071603391319513,,2938.2798919677734,75.09173798561096
4487,0.006378641817718744,,2938.9215910434723,75.10467720031738
4488,0.0065321545116603374,,2939.5632798671722,75.11767935752869
4489,0.007216420955955982,,2940.204570055008,75.13066101074219
4490,0.007634920999407768,,2940.845675945282,75.14367365837097
4491,0.008876143954694271,,2941.4880888462067,75.15670323371887
4492,0.010118694044649601,,2942.129131793976,75.1696469783783
4493,0.007979112677276134,,2942.772070646286,75.18257880210876
4494,0.007762898690998554,,2943.4136831760406,75.19557762145996
4495,0.0088101327419281,,2944.0548610687256,75.20859789848328
4496,0.007646268233656883,,2944.6979324817657,75.22162413597107
4497,0.007103567011654377,,2945.3399844169617,75.23463368415833
4498,0.007565343286842108,,2945.9810688495636,75.24758434295654
4499,0.008304828777909279,,2946.6237773895264,75.26061916351318
4500,0.007451101206243038,0.0035937323700636625,2947.2644970417023,77.14709877967834
4501,0.0068539828062057495,,2947.9066746234894,77.16015601158142
4502,0.006600743625313044,,2948.550280570984,77.17318081855774
4503,0.005977927707135677,,2949.193734884262,77.1861584186554
4504,0.007402751594781876,,2949.8355391025543,77.1991171836853
4505,0.006943085230886936,,2950.477429628372,77.21203875541687
4506,0.00577182974666357,,2951.120876789093,77.22501707077026
4507,0.00587086658924818,,2951.765368938446,77.2379698753357
4508,0.0060307951644063,,2952.4077944755554,77.25095772743225
4509,0.006250087637454271,,2953.386349439621,77.2639000415802
4510,0.0059396312572062016,,2954.0280656814575,77.27692127227783
4511,0.005867242347449064,,2954.6698048114777,77.28994107246399
4512,0.006756084505468607,,2955.3118755817413,77.30287098884583
4513,0.006148077547550201,,2955.9551496505737,77.31581711769104
4514,0.005767391994595528,,2956.596373319626,77.32879686355591
4515,0.0067124622873961926,,2957.237764596939,77.34180784225464
4516,0.006828579120337963,,2957.8784968852997,77.35483622550964
4517,0.007729907985776663,,2958.5216913223267,77.36786484718323
4518,0.006766064092516899,,2959.163475751877,77.38078594207764
4519,0.008152930997312069,,2959.8047683238983,77.39377450942993
4520,0.008208666928112507,,2960.4473071098328,77.40675830841064
4521,0.0073451511561870575,,2961.0883729457855,77.41971945762634
4522,0.0071229878813028336,,2961.7289521694183,77.4327335357666
4523,0.007221124600619078,,2962.3716955184937,77.44576263427734
4524,0.007262190338224173,,2963.013177871704,77.45877742767334
4525,0.00748799555003643,,2963.655107498169,77.47174668312073
4526,0.006415894720703363,,2964.2956953048706,77.48475956916809
4527,0.007145109586417675,,2964.9373190402985,77.49771571159363
4528,0.006507586687803268,,2965.579169511795,77.51078581809998
4529,0.006247917655855417,,2966.2217297554016,77.52380990982056
4530,0.005984213203191757,,2966.8624255657196,77.53684973716736
4531,0.0064820097759366035,,2967.505487680435,77.54986715316772
4532,0.0067749349400401115,,2968.147553920746,77.5628182888031
4533,0.006690812297165394,,2968.79102063179,77.57577610015869
4534,0.0069003333337605,,2969.432928085327,77.58875012397766
4535,0.007303206250071526,,2970.074021577835,77.60174083709717
4536,0.006925016175955534,,2971.0517103672028,77.6147129535675
4537,0.007527237292379141,,2971.6932163238525,77.6276650428772
4538,0.0073023345321416855,,2972.334986448288,77.64068841934204
4539,0.008201596327126026,,2972.9762046337128,77.6536328792572
4540,0.008626873604953289,,2973.6173894405365,77.66665601730347
4541,0.008837267756462097,,2974.258525133133,77.67960548400879
4542,0.008719546720385551,,2974.9012880325317,77.69258666038513
4543,0.009118064306676388,,2975.5445630550385,77.70553231239319
4544,0.00958180706948042,,2976.1859357357025,77.71850299835205
4545,0.00894984696060419,,2976.828385591507,77.73150539398193
4546,0.0063601345755159855,,2977.4703466892242,77.74451780319214
4547,0.006458001211285591,,2978.1114037036896,77.75753784179688
4548,0.0070835743099451065,,2978.753543138504,77.77051639556885
4549,0.007357547525316477,,2979.396271944046,77.78351044654846
4550,0.006742007564753294,,2980.0381791591644,77.79645538330078
4551,0.007849061861634254,,2980.6810295581818,77.80941772460938
4552,0.0077676596119999886,,2981.3223729133606,77.82239198684692
4553,0.00779750058427453,,2981.9651062488556,77.83536171913147
4554,0.007306533399969339,,2982.6077795028687,77.84831690788269
4555,0.006617092061787844,,2983.249341249466,77.86131358146667
4556,0.006361695472151041,,2983.8925404548645,77.87435388565063
4557,0.007478747051209211,,2984.5338587760925,77.88732481002808
4558,0.007224423810839653,,2985.1770181655884,77.90032744407654
4559,0.007371271960437298,,2985.8184826374054,77.91326808929443
4560,0.006990611553192139,,2986.4594991207123,77.92622351646423
4561,0.006310153752565384,,2987.101009130478,77.93921828269958
4562,0.006893220357596874,,2987.741587162018,77.95223045349121
4563,0.006857443600893021,,2988.7199714183807,77.96517586708069
4564,0.006350268144160509,,2989.3607387542725,77.97817921638489
4565,0.006706544663757086,,2990.002705812454,77.99116253852844
4566,0.006369897164404392,,2990.645337820053,78.0041275024414
4567,0.006296909414231777,,2991.290602684021,78.01713275909424
4568,0.00657670758664608,,2991.932342529297,78.03008103370667
4569,0.0060708713717758656,,2992.573317050934,78.04308557510376
4570,0.006857659667730331,,2993.2139704227448,78.05609011650085
4571,0.006282242946326733,,2993.856654882431,78.06915616989136
4572,0.0061021531000733376,,2994.498075246811,78.08218765258789
4573,0.006274341605603695,,2995.1405136585236,78.09517741203308
4574,0.006012168247252703,,2995.783341407776,78.10818862915039
4575,0.006244529038667679,,2996.4246549606323,78.12115526199341
4576,0.006814160849899054,,2997.066537618637,78.13415741920471
4577,0.006714778486639261,,2997.7079663276672,78.14719533920288
4578,0.00620456226170063,,2998.3491094112396,78.1601631641388
4579,0.007368686608970165,,2998.9907636642456,78.17313551902771
4580,0.007520482409745455,,2999.632810354233,78.18612742424011
4581,0.007336698938161135,,3000.2747614383698,78.19914436340332
4582,0.007400140166282654,,3000.9154760837555,78.21211099624634
4583,0.0066505130380392075,,3001.5567219257355,78.22511005401611
4584,0.007849087938666344,,3002.198541164398,78.23811841011047
4585,0.008858555927872658,,3002.8395206928253,78.25112080574036
4586,0.009631374850869179,,3003.4808485507965,78.26406383514404
4587,0.0075980303809046745,,3004.122082710266,78.27706551551819
4588,0.008718808181583881,,3004.7631063461304,78.29005002975464
4589,0.008214415982365608,,3005.406084060669,78.3030526638031
4590,0.0075641777366399765,,3006.383550643921,78.31611156463623
4591,0.00811332929879427,,3007.0251076221466,78.32910346984863
4592,0.006924500223249197,,3007.6667244434357,78.34204888343811
4593,0.006936170160770416,,3008.3108990192413,78.35510182380676
4594,0.007171992678195238,,3008.9514951705933,78.36806321144104
4595,0.008207493461668491,,3009.5943174362183,78.38103079795837
4596,0.007585936691612005,,3010.237025976181,78.3940212726593
4597,0.006746296770870686,,3010.879113674164,78.40696907043457
4598,0.0062417020089924335,,3011.5203473567963,78.41998076438904
4599,0.006901715882122517,,3012.1621165275574,78.43298578262329
4600,0.006978895515203476,,3012.8026971817017,78.44598436355591
4601,0.006322950590401888,,3013.4460287094116,78.45899391174316
4602,0.006754518486559391,,3014.0865552425385,78.47198224067688
4603,0.006756829097867012,,3014.729413986206,78.48492980003357
4604,0.007124089170247316,,3015.3700075149536,78.49794745445251
4605,0.007077735383063555,,3016.012302160263,78.5108654499054
4606,0.0075478218495845795,,3016.6529037952423,78.52388572692871
4607,0.006616787984967232,,3017.2946071624756,78.53682208061218
4608,0.006579742766916752,,3017.9364507198334,78.54980683326721
4609,0.006886057555675507,,3018.5778880119324,78.56279444694519
4610,0.006053895689547062,,3019.218628168106,78.57577657699585
4611,0.005790953524410725,,3019.8602204322815,78.58877921104431
4612,0.005833837669342756,,3020.501964330673,78.6017541885376
4613,0.0058374484069645405,,3021.144603252411,78.61473107337952
4614,0.006059128791093826,,3021.787316799164,78.62769913673401
4615,0.006182764191180468,,3022.4287688732147,78.6406819820404
4616,0.006378808990120888,,3023.069370508194,78.65372109413147
4617,0.006750163156539202,,3024.0468230247498,78.66674089431763
4618,0.007459788117557764,,3024.687663078308,78.6796863079071
4619,0.008424249477684498,,3025.329751968384,78.69265508651733
4620,0.00841117836534977,,3025.972550392151,78.70563197135925
4621,0.007321212440729141,,3026.615228176117,78.71860146522522
4622,0.0072752186097204685,,3027.255907535553,78.73156404495239
4623,0.007095776032656431,,3027.8979618549347,78.74457383155823
4624,0.008920341730117798,,3028.5385282039642,78.75755834579468
4625,0.009046630002558231,,3029.1807041168213,78.7705147266388
4626,0.00903004128485918,,3029.8227179050446,78.78349661827087
4627,0.007236334029585123,,3030.4647932052612,78.79652261734009
4628,0.006434072274714708,,3031.106004714966,78.80954074859619
4629,0.006355326157063246,,3031.746889591217,78.82258558273315
4630,0.007163454312831163,,3032.3888108730316,78.83556246757507
4631,0.006246931850910187,,3033.031820297241,78.84855556488037
4632,0.007141800597310066,,3033.672785758972,78.86151599884033
4633,0.007447264157235622,,3034.3156192302704,78.87451720237732
4634,0.007387097459286451,,3034.9567046165466,78.88753390312195
4635,0.007916510105133057,,3035.5980372428894,78.9005389213562
4636,0.008835414424538612,,3036.2396278381348,78.91352391242981
4637,0.008664465509355068,,3036.880926847458,78.92651081085205
4638,0.007491898722946644,,3037.5217316150665,78.93948125839233
4639,0.007171735167503357,,3038.164234161377,78.95246124267578
4640,0.007531253155320883,,3038.8070805072784,78.96545219421387
4641,0.007218011189252138,,3039.4492270946503,78.9784882068634
4642,0.006487902719527483,,3040.0897879600525,78.9914882183075
4643,0.006387499626725912,,3040.7314307689667,79.00450682640076
4644,0.00751899927854538,,3041.709317922592,79.01750683784485
4645,0.005959858186542988,,3042.351755619049,79.03048419952393
4646,0.006751904264092445,,3042.992547750473,79.04345846176147
4647,0.007024888880550861,,3043.6351850032806,79.05643844604492
4648,0.0061330655589699745,,3044.2756717205048,79.06940984725952
4649,0.005795869044959545,,3044.9182302951813,79.08242583274841
4650,0.006107591092586517,,3045.558798313141,79.09545636177063
4651,0.006110735237598419,,3046.200268983841,79.10840821266174
4652,0.007295561954379082,,3046.8420174121857,79.12135648727417
4653,0.007205999456346035,,3047.4856445789337,79.13436388969421
4654,0.006871325895190239,,3048.126146554947,79.14737296104431
4655,0.008076293393969536,,3048.7678682804108,79.1603147983551
4656,0.007627124432474375,,3049.4083087444305,79.17332220077515
4657,0.006773609202355146,,3050.0507571697235,79.18631529808044
4658,0.006926113273948431,,3050.6910738945007,79.19929814338684
4659,0.006157875992357731,,3051.3333055973053,79.21226119995117
4660,0.0069883037358522415,,3051.9747772216797,79.2251844406128
4661,0.006649341434240341,,3052.6167187690735,79.23819279670715
4662,0.0076571013778448105,,3053.2572429180145,79.25117778778076
4663,0.007465475704520941,,3053.8986921310425,79.26417922973633
4664,0.007992020808160305,,3054.541023015976,79.27716255187988
4665,0.007791765965521336,,3055.1833453178406,79.29008960723877
4666,0.006897227838635445,,3055.8241357803345,79.30308079719543
4667,0.006392013747245073,,3056.4657921791077,79.3160810470581
4668,0.006628450937569141,,3057.1066110134125,79.32906150817871
4669,0.006658687721937895,,3057.7481276988983,79.34206986427307
4670,0.006548014935106039,,3058.3890035152435,79.35503077507019
4671,0.006832791958004236,,3059.3671202659607,79.3680477142334
4672,0.007584721781313419,,3060.008209705353,79.38104629516602
4673,0.00806171353906393,,3060.6496601104736,79.3940372467041
4674,0.007902168668806553,,3061.290676355362,79.40700936317444
4675,0.007958531379699707,,3061.9334259033203,79.42004442214966
4676,0.00842870119959116,,3062.574997663498,79.43298363685608
4677,0.007409501820802689,,3063.2175629138947,79.44599175453186
4678,0.007458727341145277,,3063.8612422943115,79.45896887779236
4679,0.007330481894314289,,3064.502794981003,79.4719443321228
4680,0.008564675226807594,,3065.1434342861176,79.48489499092102
4681,0.00851968489587307,,3065.785495519638,79.4978928565979
4682,0.008661453612148762,,3066.4273314476013,79.51083254814148
4683,0.008865253068506718,,3067.068600654602,79.52385687828064
4684,0.009419846348464489,,3067.709856748581,79.53684425354004
4685,0.008672823198139668,,3068.3512029647827,79.54980182647705
4686,0.007032689638435841,,3068.9919049739838,79.56275582313538
4687,0.007026498205959797,,3069.6332643032074,79.57577586174011
4688,0.006498177535831928,,3070.2757494449615,79.58876609802246
4689,0.007087985519319773,,3070.918392896652,79.60174822807312
4690,0.006863185670226812,,3071.5590229034424,79.61473059654236
4691,0.008213958702981472,,3072.200277328491,79.62770771980286
4692,0.008541249670088291,,3072.842399120331,79.64075183868408
4693,0.007897171191871166,,3073.4853134155273,79.65370965003967
4694,0.008507532067596912,,3074.128628730774,79.6666738986969
4695,0.0073079816065728664,,3074.7716290950775,79.67964839935303
4696,0.006027674302458763,,3075.4127762317657,79.69261312484741
4697,0.007050734478980303,,3076.05406165123,79.70554327964783
4698,0.007010101806372404,,3077.0327129364014,79.71851658821106
4699,0.0072642238810658455,,3077.6745817661285,79.73150515556335
4700,0.00884891115128994,,3078.3156213760376,79.74450159072876
4701,0.008639910258352757,,3078.958902835846,79.75748348236084
4702,0.008191142231225967,,3079.6005194187164,79.77047753334045
4703,0.007196660619229078,,3080.242103099823,79.78347373008728
4704,0.007362373638898134,,3080.883282661438,79.7964403629303
4705,0.006721447687596083,,3081.5265007019043,79.80945229530334
4706,0.0060235485434532166,,3082.1698575019836,79.8224892616272
4707,0.0064993309788405895,,3082.8107693195343,79.83548498153687
4708,0.006073730997741222,,3083.4515068531036,79.84846258163452
4709,0.007282101549208164,,3084.0932428836823,79.86141872406006
4710,0.007001276593655348,,3084.7339034080505,79.87439322471619
4711,0.007295813411474228,,3085.3760628700256,79.88738751411438
4712,0.007674990221858025,,3086.0174226760864,79.90034818649292
4713,0.006961324717849493,,3086.6590309143066,79.91331577301025
4714,0.006985044106841087,,3087.3026056289673,79.92631888389587
4715,0.006485071964561939,,3087.9465687274933,79.93931126594543
4716,0.006591636687517166,,3088.5884532928467,79.95226716995239
4717,0.007150426506996155,,3089.230810403824,79.96524405479431
4718,0.007630809675902128,,3089.8720343112946,79.97823071479797
4719,0.007328002247959375,,3090.513251543045,79.99119639396667
4720,0.006447111256420612,,3091.153971195221,80.004230260849
4721,0.006573247257620096,,3091.794910430908,80.01724433898926
4722,0.006772074848413467,,3092.435859680176,80.03021812438965
4723,0.006875479593873024,,3093.0767617225647,80.04323983192444
4724,0.006423805374652147,,3093.718038082123,80.05621933937073
4725,0.006344170309603214,,3094.6957268714905,80.06921148300171
4726,0.005734523292630911,,3095.337822198868,80.08225584030151
4727,0.005904109217226505,,3095.979450941086,80.0951988697052
4728,0.005797569639980793,,3096.6203997135162,80.10817861557007
4729,0.006215149071067572,,3097.2615365982056,80.12116074562073
4730,0.007127939257770777,,3097.903734922409,80.13416767120361
4731,0.007853851653635502,,3098.5458421707153,80.14718723297119
4732,0.009399929083883762,,3099.1869988441467,80.16020512580872
4733,0.007975894026458263,,3099.8305439949036,80.1731469631195
4734,0.0074333311058580875,,3100.4716737270355,80.18615412712097
4735,0.007201706524938345,,3101.113165140152,80.19914674758911
4736,0.006370608229190111,,3101.754707336426,80.21210503578186
4737,0.006596680730581284,,3102.3968942165375,80.22509145736694
4738,0.007049312349408865,,3103.038148164749,80.23807740211487
4739,0.007380243856459856,,3103.6805562973022,80.2510313987732
4740,0.0067602042108774185,,3104.321111679077,80.26405835151672
4741,0.007165000773966312,,3104.962521314621,80.27704858779907
4742,0.007540356833487749,,3105.603948354721,80.29001116752625
4743,0.007288611959666014,,3106.2477667331696,80.30298352241516
4744,0.007059294730424881,,3106.8881165981293,80.31599187850952
4745,0.005975685082376003,,3107.5296001434326,80.3289361000061
4746,0.006273309700191021,,3108.1704206466675,80.3419029712677
4747,0.007587416563183069,,3108.811957836151,80.35489916801453
4748,0.007950580678880215,,3109.4531683921814,80.36787700653076
4749,0.00720078544691205,,3110.0945823192596,80.38085627555847
4750,0.00785558857023716,,3110.7353796958923,80.3938729763031
4751,0.007810432463884354,,3111.377790212631,80.40685725212097
4752,0.009293382056057453,,3112.354893922806,80.41980791091919
4753,0.009009613655507565,,3112.998428583145,80.43280100822449
4754,0.008565900847315788,,3113.639810562134,80.44579219818115
4755,0.008504759520292282,,3114.2813510894775,80.45877957344055
4756,0.00710804620757699,,3114.9218072891235,80.47181606292725
4757,0.0070027983747422695,,3115.562861919403,80.48480463027954
4758,0.007278991397470236,,3116.20391702652,80.49781823158264
4759,0.008545251563191414,,3116.845252275467,80.5108163356781
4760,0.00785687193274498,,3117.4858145713806,80.52378964424133
4761,0.007081308867782354,,3118.1281197071075,80.53678917884827
4762,0.007249495480209589,,3118.768644094467,80.54980540275574
4763,0.007384728640317917,,3119.4104311466217,80.56279587745667
4764,0.006771129090338945,,3120.051033258438,80.5757646560669
4765,0.0064046550542116165,,3120.6919786930084,80.58876013755798
4766,0.006988080684095621,,3121.333108663559,80.60178828239441
4767,0.007313814479857683,,3121.9747195243835,80.61470127105713
4768,0.007104942109435797,,3122.61660528183,80.62767338752747
4769,0.006559356115758419,,3123.2595353126526,80.6406786441803
4770,0.0061343046836555,,3123.9005060195923,80.65365028381348
4771,0.00668348977342248,,3124.5423645973206,80.66665863990784
4772,0.007762548979371786,,3125.1835782527924,80.6795904636383
4773,0.007804347667843103,,3125.8266162872314,80.69256162643433
4774,0.00656864233314991,,3126.4693031311035,80.70552778244019
4775,0.0058772689662873745,,3127.1104357242584,80.71849179267883
4776,0.0060844747349619865,,3127.75235915184,80.73141169548035
4777,0.006891029421240091,,3128.39369392395,80.74448299407959
4778,0.0072101568803191185,,3129.0362651348114,80.75744819641113
4779,0.006796908099204302,,3130.0138676166534,80.77046656608582
4780,0.006587679497897625,,3130.6558837890625,80.78342175483704
4781,0.0064542521722614765,,3131.2970113754272,80.79639339447021
4782,0.006648390553891659,,3131.9393684864044,80.80941081047058
4783,0.007408405654132366,,3132.5808765888214,80.82240390777588
4784,0.006818086374551058,,3133.221542596817,80.83539509773254
4785,0.006335574667900801,,3133.86238694191,80.84837651252747
4786,0.0070565203204751015,,3134.504410266876,80.86136054992676
4787,0.00870035495609045,,3135.1480066776276,80.8743302822113
4788,0.007939758710563183,,3135.789256334305,80.88729000091553
4789,0.0075471047312021255,,3136.4325568675995,80.9003393650055
4790,0.00768003286793828,,3137.0736553668976,80.91330552101135
4791,0.007163444999605417,,3137.7168307304382,80.92626786231995
4792,0.007199456915259361,,3138.358749628067,80.93924570083618
4793,0.007355233654379845,,3139.00097823143,80.95221209526062
4794,0.007349110208451748,,3139.642817735672,80.96517753601074
4795,0.006579898297786713,,3140.28604888916,80.97813439369202
4796,0.006873962003737688,,3140.9269559383392,80.99108862876892
4797,0.006700246129184961,,3141.5681681632996,81.00405287742615
4798,0.0063078515231609344,,3142.2105791568756,81.0170590877533
4799,0.006794159300625324,,3142.8527793884277,81.03001189231873
4800,0.007032553665339947,,3143.493937253952,81.04294109344482
4801,0.006667206063866615,,3144.13703083992,81.05596208572388
4802,0.007853780873119831,,3144.7782113552094,81.06898188591003
4803,0.00855413917452097,,3145.419878721237,81.08197832107544
4804,0.0080486461520195,,3146.060546398163,81.09494280815125
4805,0.006915554869920015,,3146.701437473297,81.10794472694397
4806,0.006885236594825983,,3147.67919754982,81.1208667755127
4807,0.007462394889444113,,3148.3199076652527,81.13382649421692
4808,0.006805751007050276,,3148.9626178741455,81.14683413505554
4809,0.005919181741774082,,3149.604702949524,81.15981125831604
4810,0.006323870737105608,,3150.246636867523,81.17278838157654
4811,0.006824967451393604,,3150.8881952762604,81.18574166297913
4812,0.007317449431866407,,3151.529116153717,81.19869661331177
4813,0.0068922401405870914,,3152.1718513965607,81.21171832084656
4814,0.0063722217455506325,,3152.8131313323975,81.22473669052124
4815,0.005836627446115017,,3153.4543879032135,81.23774218559265
4816,0.006069649010896683,,3154.095003604889,81.25075078010559
4817,0.006106439046561718,,3154.736849308014,81.26372027397156
4818,0.005821270402520895,,3155.3773589134216,81.2767128944397
4819,0.006144546438008547,,3156.020283460617,81.28969192504883
4820,0.006005303468555212,,3156.660847902298,81.3026909828186
4821,0.0070172264240682125,,3157.3031392097473,81.31565976142883
4822,0.008494901470839977,,3157.944821834564,81.32862186431885
4823,0.008134579285979271,,3158.588611841202,81.34159326553345
4824,0.007744950242340565,,3159.229341983795,81.35457468032837
4825,0.006390789058059454,,3159.870846271515,81.36760950088501
4826,0.006014561280608177,,3160.511960744858,81.3806688785553
4827,0.006204239558428526,,3161.154494524002,81.39364433288574
4828,0.006850112229585648,,3161.795314311981,81.40664529800415
4829,0.006321590859442949,,3162.4365220069885,81.41961359977722
4830,0.006061528343707323,,3163.0787041187286,81.43265295028687
4831,0.006962904240936041,,3163.720629453659,81.44564414024353
4832,0.006946571171283722,,3164.3626024723053,81.4586238861084
4833,0.006774584297090769,,3165.340538263321,81.47160530090332
4834,0.006184770725667477,,3165.982556581497,81.48459267616272
4835,0.0062133269384503365,,3166.623719930649,81.49758744239807
4836,0.00611457321792841,,3167.2641961574554,81.5105926990509
4837,0.0068673985078930855,,3167.906905889511,81.5235686302185
4838,0.006356583442538977,,3168.547291994095,81.53657174110413
4839,0.006343069486320019,,3169.1890692710876,81.54958248138428
4840,0.006100820377469063,,3169.830848455429,81.56253671646118
4841,0.00639139860868454,,3170.473082304001,81.57554388046265
4842,0.0072878398932516575,,3171.1138508319855,81.58857583999634
4843,0.007213248871266842,,3171.7557764053345,81.60155129432678
4844,0.0074432347901165485,,3172.3970844745636,81.61453437805176
4845,0.006397923454642296,,3173.0387523174286,81.62753438949585
4846,0.006805310491472483,,3173.679408311844,81.64049410820007
4847,0.006949626374989748,,3174.321038722992,81.65346145629883
4848,0.005959374830126762,,3174.961996078491,81.66644048690796
4849,0.005975103937089443,,3175.6034994125366,81.6794080734253
4850,0.006240446120500565,,3176.2456946372986,81.69240880012512
4851,0.006431928835809231,,3176.8868696689606,81.70540189743042
4852,0.006179689429700375,,3177.5282859802246,81.7183883190155
4853,0.006086860783398151,,3178.170253276825,81.73135089874268
4854,0.00630519213154912,,3178.812047958374,81.74433422088623
4855,0.0067321122623980045,,3179.4537947177887,81.75734782218933
4856,0.007102945353835821,,3180.094666004181,81.77038788795471
4857,0.0073533128015697,,3180.735885620117,81.78342056274414
4858,0.007443437818437815,,3181.378195285797,81.79638481140137
4859,0.006829411257058382,,3182.02028465271,81.80940914154053
4860,0.006420316640287638,,3182.9978444576263,81.82240724563599
4861,0.006601701956242323,,3183.6391367912292,81.8354001045227
4862,0.007075254339724779,,3184.281317949295,81.84841012954712
4863,0.006636996287852526,,3184.9240112304688,81.86137127876282
4864,0.006777218542993069,,3185.565409183502,81.87435364723206
4865,0.00699189817532897,,3186.206821680069,81.88734364509583
4866,0.0069353291764855385,,3186.848101377487,81.90035128593445
4867,0.007019518408924341,,3187.490270614624,81.913330078125
4868,0.0063962978310883045,,3188.131730556488,81.9263346195221
4869,0.006326401140540838,,3188.773458003998,81.9393219947815
4870,0.0062743909657001495,,3189.417023897171,81.95233631134033
4871,0.0072190421633422375,,3190.058290719986,81.96534705162048
4872,0.008623882196843624,,3190.699104309082,81.9783444404602
4873,0.008056020364165306,,3191.342001438141,81.9913432598114
4874,0.009343189187347889,,3191.983861684799,82.00432801246643
4875,0.008622429333627224,,3192.626901626587,82.01737952232361
4876,0.008237577974796295,,3193.2674429416656,82.03033947944641
4877,0.007796315010637045,,3193.9089918136597,82.04333019256592
4878,0.007795670069754124,,3194.5504281520844,82.056312084198
4879,0.006448531989008188,,3195.1921451091766,82.06929969787598
4880,0.006321645341813564,,3195.833226919174,82.0822925567627
4881,0.007029426284134388,,3196.475522518158,82.09526586532593
4882,0.006878457497805357,,3197.1183302402496,82.10821223258972
4883,0.006570402067154646,,3197.7629795074463,82.12118124961853
4884,0.007152829319238663,,3198.404154777527,82.13416147232056
4885,0.006778959184885025,,3199.0460636615753,82.14714527130127
4886,0.007517634425312281,,3199.68678355217,82.16009402275085
4887,0.008010590448975563,,3200.6645364761353,82.17304801940918
4888,0.0065182591788470745,,3201.305250644684,82.18602800369263
4889,0.006741425022482872,,3201.9485704898834,82.19900751113892
4890,0.006714565213769674,,3202.5903186798096,82.21202206611633
4891,0.006559167988598347,,3203.2321648597717,82.22499084472656
4892,0.006723601836711168,,3203.8765392303467,82.2379732131958
4893,0.007022290490567684,,3204.5175001621246,82.25098872184753
4894,0.00785213802009821,,3205.1591367721558,82.26397490501404
4895,0.005940929055213928,,3205.8027489185333,82.27693724632263
4896,0.00640834029763937,,3206.443462371826,82.28990435600281
4897,0.006965965963900089,,3207.0861682891846,82.30288481712341
4898,0.006164432503283024,,3207.7286195755005,82.31586456298828
4899,0.00656442204490304,,3208.3698184490204,82.32886266708374
4900,0.00620746286585927,,3209.0110721588135,82.34187269210815
4901,0.006073562894016504,,3209.6526927948,82.3548800945282
4902,0.00655299611389637,,3210.2942020893097,82.3678719997406
4903,0.006556817330420017,,3210.9350650310516,82.38086771965027
4904,0.007420192938297987,,3211.5762207508087,82.39382529258728
4905,0.006188328377902508,,3212.2178580760956,82.40680146217346
4906,0.007223944179713726,,3212.8589911460876,82.41980862617493
4907,0.008661894127726555,,3213.5007553100586,82.43276476860046
4908,0.008641607128083706,,3214.141992330551,82.44582104682922
4909,0.007985162548720837,,3214.783278465271,82.45880150794983
4910,0.008435193449258804,,3215.424209356308,82.47178196907043
4911,0.00863486248999834,,3216.064816236496,82.48477578163147
4912,0.008588903583586216,,3216.7061774730682,82.49780559539795
4913,0.007351644802838564,,3217.3483114242554,82.51074242591858
4914,0.00695840222761035,,3218.3273141384125,82.5237512588501
4915,0.006505066994577646,,3218.9700803756714,82.53676080703735
4916,0.006451253779232502,,3219.6118597984314,82.5497453212738
4917,0.006587598472833633,,3220.2531414031982,82.56270742416382
4918,0.00694268336519599,,3220.8947472572327,82.57570838928223
4919,0.007804266642779112,,3221.536324739456,82.5886926651001
4920,0.0077071767300367355,,3222.1769099235535,82.6017074584961
4921,0.00750558078289032,,3222.818826198578,82.61471319198608
4922,0.007520337589085102,,3223.461153268814,82.62765288352966
4923,0.007039210293442011,,3224.102113723755,82.64065909385681
4924,0.006919126491993666,,3224.7446477413177,82.65362286567688
4925,0.0069490824826061726,,3225.388095855713,82.66663432121277
4926,0.0072857411578297615,,3226.030744791031,82.67958092689514
4927,0.008366566151380539,,3226.67484664917,82.69256114959717
4928,0.00708019221201539,,3227.3163743019104,82.7055675983429
4929,0.007115776650607586,,3227.958146572113,82.7185046672821
4930,0.007160666398704052,,3228.599986553192,82.731520652771
4931,0.007444267626851797,,3229.242977619171,82.74450755119324
4932,0.007046856917440891,,3229.8844282627106,82.75750017166138
4933,0.006360248196870089,,3230.5266919136047,82.77049899101257
4934,0.006745621562004089,,3231.1674568653107,82.78348684310913
4935,0.0065508340485394,,3231.8087770938873,82.79646897315979
4936,0.007071978412568569,,3232.4507043361664,82.80942630767822
4937,0.007511407136917114,,3233.0946922302246,82.82244300842285
4938,0.0068872300907969475,,3233.736740589142,82.83543348312378
4939,0.007342278957366943,,3234.378395318985,82.84840679168701
4940,0.0065879011526703835,,3235.0198817253113,82.86141204833984
4941,0.006849193945527077,,3235.999845981598,82.87439584732056
4942,0.007237705867737532,,3236.6416285037994,82.88739228248596
4943,0.0069843921810388565,,3237.2831597328186,82.90046286582947
4944,0.007516989018768072,,3237.925115585327,82.91343903541565
4945,0.007471564691513777,,3238.568428516388,82.92640447616577
4946,0.006571649108082056,,3239.2099430561066,82.93938946723938
4947,0.006624277681112289,,3239.8515157699585,82.95237064361572
4948,0.006480022333562374,,3240.4931309223175,82.96536684036255
4949,0.00718556297942996,,3241.134131193161,82.97835755348206
4950,0.006944098975509405,,3241.7751824855804,82.9914174079895
4951,0.007078234571963549,,3242.416452407837,83.00438666343689
4952,0.0074631571769714355,,3243.05872297287,83.01734709739685
4953,0.006629083771258593,,3243.700527191162,83.03030061721802
4954,0.007105592172592878,,3244.3420515060425,83.04331159591675
4955,0.007152863312512636,,3244.9839131832123,83.05632495880127
4956,0.006987699307501316,,3245.6257350444794,83.06928181648254
4957,0.00715892156586051,,3246.2675864696503,83.08224058151245
4958,0.007674402557313442,,3246.9089543819427,83.09525394439697
4959,0.009206131100654602,,3247.5508618354797,83.10826444625854
4960,0.007231064606457949,,3248.1924488544464,83.12120819091797
4961,0.007147135678678751,,3248.8354988098145,83.13417911529541
4962,0.0071631744503974915,,3249.4779620170593,83.14712834358215
4963,0.007322709541767836,,3250.1207292079926,83.1600890159607
4964,0.007736064027994871,,3250.7639660835266,83.17309617996216
4965,0.007084935903549194,,3251.4058923721313,83.18612885475159
4966,0.006967783439904451,,3252.0489156246185,83.19909048080444
4967,0.006552852224558592,,3252.691253900528,83.21206998825073
4968,0.006630848627537489,,3253.669600248337,83.2250485420227
4969,0.00697959354147315,,3254.311299800873,83.23804044723511
4970,0.0071366275660693645,,3254.955013036728,83.25100588798523
4971,0.007178093306720257,,3255.5980184078217,83.26399755477905
4972,0.006691744551062584,,3256.241008043289,83.27691769599915
4973,0.0068855686113238335,,3256.8824422359467,83.28991150856018
4974,0.006483330391347408,,3257.523857355118,83.30292105674744
4975,0.0064612142741680145,,3258.1668989658356,83.3158688545227
4976,0.006604276597499847,,3258.8084473609924,83.32882690429688
4977,0.0072027468122541904,,3259.451733112335,83.34182906150818
4978,0.007144267670810223,,3260.0936934947968,83.35476160049438
4979,0.0074015394784510136,,3260.736427783966,83.36772012710571
4980,0.0066370731219649315,,3261.377694606781,83.38074326515198
4981,0.00738145224750042,,3262.02011179924,83.39370274543762
4982,0.007178530562669039,,3262.662703514099,83.40674614906311
4983,0.006520525086671114,,3263.305333852768,83.41974258422852
4984,0.007120788563042879,,3263.9476385116577,83.43272519111633
4985,0.00727106723934412,,3264.5895233154297,83.44578552246094
4986,0.007040021475404501,,3265.2300877571106,83.45871615409851
4987,0.006948924157768488,,3265.8723106384277,83.47173261642456
4988,0.006719449069350958,,3266.5137605667114,83.48474383354187
4989,0.0069015440531075,,3267.15487575531,83.4977445602417
4990,0.006333657540380955,,3267.79909491539,83.51070308685303
4991,0.006207963917404413,,3268.4408090114594,83.52369689941406
4992,0.006534194573760033,,3269.082147836685,83.53664970397949
4993,0.006701149046421051,,3269.7235860824585,83.54961276054382
4994,0.006667667534202337,,3270.36723780632,83.56258130073547
4995,0.006258928216993809,,3271.345398426056,83.57555651664734
4996,0.006685332395136356,,3271.986189365387,83.58850884437561
4997,0.006754046771675348,,3272.627859354019,83.60144925117493
4998,0.006879670545458794,,3273.269549846649,83.61439752578735
4999,0.007610857021063566,,3273.9128375053406,83.62735342979431
5000,0.007162889931350946,0.0028647964354604483,3274.554077386856,85.51526689529419
5001,0.007276688236743212,,3275.1955580711365,85.52827906608582
5002,0.006469965912401676,,3275.83625292778,85.5413019657135
5003,0.006780546624213457,,3276.4781424999237,85.55427241325378
5004,0.007243931293487549,,3277.119239091873,85.56728720664978
5005,0.007452728226780891,,3277.7605526447296,85.58031940460205
5006,0.008206241764128208,,3278.4014790058136,85.5932970046997
5007,0.007157546002417803,,3279.044599056244,85.60625410079956
5008,0.007024548947811127,,3279.6859126091003,85.61920213699341
5009,0.0076346672140061855,,3280.32719039917,85.63210606575012
5010,0.007901673205196857,,3280.968080997467,85.64513659477234
5011,0.007009996101260185,,3281.6108360290527,85.65813255310059
5012,0.0070112962275743484,,3282.252820968628,85.67115378379822
5013,0.006651716772466898,,3282.8947162628174,85.68410158157349
5014,0.006708124652504921,,3283.5356752872467,85.6970751285553
5015,0.007008901797235012,,3284.1769683361053,85.71005916595459
5016,0.007068573962897062,,3284.8174753189087,85.7230498790741
5017,0.007037879899144173,,3285.4609026908875,85.73602223396301
5018,0.00702977878972888,,3286.103101015091,85.74904561042786
5019,0.006991722621023655,,3286.744415998459,85.76208710670471
5020,0.0066024125553667545,,3287.3857305049896,85.7750632762909
5021,0.006627700291574001,,3288.0280311107635,85.78806972503662
5022,0.006791801191866398,,3289.0054812431335,85.8010733127594
5023,0.007269178982824087,,3289.6472289562225,85.81402969360352
5024,0.006985347718000412,,3290.289727449417,85.82705879211426
5025,0.007256439886987209,,3290.9322850704193,85.84006237983704
5026,0.008168792352080345,,3291.5760860443115,85.85306668281555
5027,0.007962880656123161,,3292.2183907032013,85.86605858802795
5028,0.008247317746281624,,3292.859670162201,85.87911891937256
5029,0.008111554197967052,,3293.5016605854034,85.89209532737732
5030,0.007484177593141794,,3294.1428666114807,85.90506076812744
5031,0.007028399500995874,,3294.78568482399,85.91803574562073
5032,0.007380472496151924,,3295.4269845485687,85.93100476264954
5033,0.007211701944470406,,3296.0685634613037,85.94398713111877
5034,0.00714806979522109,,3296.7097589969635,85.95698714256287
5035,0.007851897738873959,,3297.3510687351227,85.96996212005615
5036,0.007519911043345928,,3297.992377758026,85.98290348052979
5037,0.007428001146763563,,3298.63592004776,85.99588751792908
5038,0.007056895177811384,,3299.2780635356903,86.00888538360596
5039,0.0072252205573022366,,3299.9189307689667,86.02183103561401
5040,0.006803125608712435,,3300.560528278351,86.03481316566467
5041,0.00713183730840683,,3301.2027382850647,86.0477659702301
5042,0.007242216262966394,,3301.8437399864197,86.0607361793518
5043,0.006661205552518368,,3302.485643863678,86.07372951507568
5044,0.006776157300919294,,3303.129288673401,86.08671808242798
5045,0.007131881546229124,,3303.77264213562,86.09970808029175
5046,0.00741153908893466,,3304.413691520691,86.11266326904297
5047,0.006743730511516333,,3305.0546061992645,86.1256492137909
5048,0.007406225427985191,,3305.6955935955048,86.1386251449585
5049,0.0068385717459023,,3306.675657749176,86.15160393714905
5050,0.006659753620624542,,3307.316392660141,86.1645929813385
5051,0.0065737827681005,,3307.958602666855,86.177570104599
5052,0.006418576464056969,,3308.5993230342865,86.19053506851196
5053,0.006521959323436022,,3309.241178035736,86.20353627204895
5054,0.006499515846371651,,3309.8820905685425,86.2165207862854
5055,0.006680123507976532,,3310.5231907367706,86.22951292991638
5056,0.006698372308164835,,3311.164684534073,86.24244403839111
5057,0.007288563530892134,,3311.805804491043,86.255450963974
5058,0.0075302100740373135,,3312.447127342224,86.2684600353241
5059,0.007813958451151848,,3313.0901458263397,86.28145980834961
5060,0.006521979346871376,,3313.7327995300293,86.2944061756134
5061,0.006936986930668354,,3314.3742220401764,86.30738425254822
5062,0.007215360179543495,,3315.0148260593414,86.32043194770813
5063,0.007080109789967537,,3315.657652616501,86.33336734771729
5064,0.007168588228523731,,3316.2982544898987,86.34635376930237
5065,0.006963308900594711,,3316.9411528110504,86.35932636260986
5066,0.007334068417549133,,3317.5831973552704,86.37234139442444
5067,0.007225367706269026,,3318.224766254425,86.38532733917236
5068,0.007592282257974148,,3318.8667924404144,86.39832520484924
5069,0.00745593523606658,,3319.5084235668182,86.41130208969116
5070,0.007312425412237644,,3320.14955163002,86.42429995536804
5071,0.007634882815182209,,3320.7913947105408,86.43724584579468
5072,0.007503005210310221,,3321.4328174591064,86.45020818710327
5073,0.006916133686900139,,3322.0742740631104,86.46318459510803
5074,0.006828485056757927,,3322.7165019512177,86.47616934776306
5075,0.006894397083669901,,3323.3581850528717,86.48913860321045
5076,0.006585666444152594,,3324.3362140655518,86.50212216377258
5077,0.008234672248363495,,3324.9771008491516,86.51516652107239
5078,0.008631641045212746,,3325.6206851005554,86.52812433242798
5079,0.007530574686825275,,3326.2631030082703,86.54109168052673
5080,0.006566211115568876,,3326.905044078827,86.5541307926178
5081,0.0067810979671776295,,3327.5472342967987,86.56715154647827
5082,0.007356597576290369,,3328.1894693374634,86.58011960983276
5083,0.006986016407608986,,3328.830434322357,86.59308958053589
5084,0.006894989870488644,,3329.47177362442,86.60603857040405
5085,0.0070665497332811356,,3330.112855911255,86.61904883384705
5086,0.00761263445019722,,3330.7549920082092,86.63199543952942
5087,0.0069197085686028,,3331.3965623378754,86.6449933052063
5088,0.007569706998765469,,3332.0379128456116,86.6579749584198
5089,0.007165149785578251,,3332.681128501892,86.67097592353821
5090,0.007810990791767836,,3333.3234639167786,86.68393969535828
5091,0.007841883227229118,,3333.9640736579895,86.69697856903076
5092,0.0071345241740345955,,3334.606473684311,86.70998334884644
5093,0.0064427852630615234,,3335.2484936714172,86.72297668457031
5094,0.006283374968916178,,3335.8899009227753,86.73590517044067
5095,0.007051355205476284,,3336.5330674648285,86.74894404411316
5096,0.006577185820788145,,3337.1742384433746,86.76192307472229
5097,0.006692683324217796,,3337.817083120346,86.7749137878418
5098,0.007346395403146744,,3338.458697795868,86.78786540031433
5099,0.007658264599740505,,3339.1014544963837,86.80086636543274
5100,0.0086660822853446,,3339.744475841522,86.81386876106262
5101,0.0077575137838721275,,3340.3861861228943,86.82687592506409
5102,0.007303209975361824,,3341.030258655548,86.83984065055847
5103,0.007129135075956583,,3342.008992433548,86.85281491279602
5104,0.007326760329306126,,3342.6502842903137,86.86578488349915
5105,0.0077047813683748245,,3343.292334318161,86.87875938415527
5106,0.0078069791197776794,,3343.933414697647,86.89177012443542
5107,0.007799101993441582,,3344.5753288269043,86.90479254722595
5108,0.00830155424773693,,3345.2162640094757,86.91774225234985
5109,0.007742869667708874,,3345.8581051826477,86.93077778816223
5110,0.007506067398935556,,3346.4989681243896,86.9437415599823
5111,0.007902489975094795,,3347.142334461212,86.95671200752258
5112,0.007575084920972586,,3347.7835545539856,86.96968197822571
5113,0.0069666337221860886,,3348.4264347553253,86.98266768455505
5114,0.007229810580611229,,3349.0674545764923,86.99560785293579
5115,0.007791403215378523,,3349.7095804214478,87.0085551738739
5116,0.007817563600838184,,3350.351407289505,87.0215015411377
5117,0.0075807333923876286,,3350.9927940368652,87.03455781936646
5118,0.008006488904356956,,3351.6341943740845,87.04754853248596
5119,0.008079695515334606,,3352.2763652801514,87.06054091453552
5120,0.007491611409932375,,3352.918834209442,87.07351350784302
5121,0.007592309266328812,,3353.561365842819,87.08649063110352
5122,0.00808672420680523,,3354.2028052806854,87.09953141212463
5123,0.0073449877090752125,,3354.8443446159363,87.11255383491516
5124,0.007835197262465954,,3355.4855313301086,87.12554669380188
5125,0.007047641556710005,,3356.127195596695,87.1385018825531
5126,0.007057978305965662,,3356.7683820724487,87.15145802497864
5127,0.0068965693935751915,,3357.411004304886,87.1644914150238
5128,0.006916990503668785,,3358.052693605423,87.17747068405151
5129,0.007147339638322592,,3358.6948778629303,87.19047355651855
5130,0.006771160289645195,,3359.6734693050385,87.20344638824463
5131,0.006802144460380077,,3360.3151400089264,87.2164044380188
5132,0.006443444173783064,,3360.9565312862396,87.22939348220825
5133,0.006492164917290211,,3361.5984745025635,87.24240827560425
5134,0.006620575208216906,,3362.2401485443115,87.25537657737732
5135,0.006684570573270321,,3362.8823215961456,87.26832699775696
5136,0.007008703425526619,,3363.523840904236,87.28131079673767
5137,0.006791206542402506,,3364.167492389679,87.29426407814026
5138,0.006922248285263777,,3364.810987472534,87.30718564987183
5139,0.007360158488154411,,3365.453902721405,87.32016658782959
5140,0.007226774003356695,,3366.0956943035126,87.33315134048462
5141,0.006646084599196911,,3366.737280845642,87.34614825248718
5142,0.006660228129476309,,3367.3784725666046,87.35917544364929
5143,0.0067605371586978436,,3368.019923686981,87.37214136123657
5144,0.006727522239089012,,3368.6625311374664,87.38506841659546
5145,0.006803771015256643,,3369.303915977478,87.39809560775757
5146,0.007035537157207727,,3369.944477081299,87.41111660003662
5147,0.007702710572630167,,3370.5859339237213,87.42414331436157
5148,0.007958202622830868,,3371.227379798889,87.4371886253357
5149,0.007959804497659206,,3371.869258403778,87.45015621185303
5150,0.007494227960705757,,3372.5104858875275,87.46318125724792
5151,0.007882331497967243,,3373.1531867980957,87.47615337371826
5152,0.008218360133469105,,3373.7952904701233,87.48910427093506
5153,0.008800114504992962,,3374.4369904994965,87.50208330154419
5154,0.00792782660573721,,3375.078882932663,87.51505160331726
5155,0.007561291567981243,,3375.723225593567,87.52806162834167
5156,0.007788099814206362,,3376.364909172058,87.5410521030426
5157,0.008069825358688831,,3377.343838453293,87.55402493476868
5158,0.007818146608769894,,3377.9865868091583,87.56701350212097
5159,0.008439279161393642,,3378.6274387836456,87.57994413375854
5160,0.007676039822399616,,3379.268129825592,87.59292244911194
5161,0.007363209966570139,,3379.910794734955,87.60586380958557
5162,0.00758718466386199,,3380.5530059337616,87.61887955665588
5163,0.008010047487914562,,3381.195890188217,87.63192296028137
5164,0.007922190241515636,,3381.8379991054535,87.64491820335388
5165,0.007867342792451382,,3382.480051279068,87.65790438652039
5166,0.00765012064948678,,3383.1224043369293,87.67091822624207
5167,0.007960615679621696,,3383.76482462883,87.6838641166687
5168,0.008133959956467152,,3384.405931711197,87.69684362411499
5169,0.00783337652683258,,3385.047572851181,87.70987057685852
5170,0.00822999607771635,,3385.690915107727,87.72285532951355
5171,0.00783173181116581,,3386.332081079483,87.73580932617188
5172,0.007485517766326666,,3386.9729516506195,87.74881291389465
5173,0.007746758405119181,,3387.6156566143036,87.76174211502075
5174,0.007805379573255777,,3388.2569670677185,87.77476859092712
5175,0.0076852822676301,,3388.899699449539,87.78778100013733
5176,0.0077091362327337265,,3389.5425810813904,87.8007299900055
5177,0.007551008835434914,,3390.1854236125946,87.8136842250824
5178,0.007073650136590004,,3390.827157020569,87.8266716003418
5179,0.0074462927877902985,,3391.470318555832,87.8396475315094
5180,0.00811797846108675,,3392.1113831996918,87.85262250900269
5181,0.007916023023426533,,3392.7540826797485,87.86558532714844
5182,0.008194219321012497,,3393.396646976471,87.87852239608765
5183,0.008513136766850948,,3394.0391125679016,87.8915159702301
5184,0.007701704744249582,,3395.0171568393707,87.90452456474304
5185,0.007944864220917225,,3395.6588921546936,87.91753077507019
5186,0.007125088479369879,,3396.3001914024353,87.93056750297546
5187,0.0076275356113910675,,3396.9415934085846,87.94356536865234
5188,0.007487177383154631,,3397.5842940807343,87.95653867721558
5189,0.0071413153782486916,,3398.2261407375336,87.96959614753723
5190,0.00674674054607749,,3398.8683376312256,87.98262619972229
5191,0.006670104805380106,,3399.5104320049286,87.99559736251831
5192,0.0067708492279052734,,3400.151388645172,88.00859475135803
5193,0.0070738233625888824,,3400.7939326763153,88.02158880233765
5194,0.006999900098890066,,3401.4345214366913,88.03454494476318
5195,0.006626485846936703,,3402.077738761902,88.04755735397339
5196,0.007638754788786173,,3402.7193474769592,88.06051468849182
5197,0.007071142550557852,,3403.360862016678,88.07348608970642
5198,0.006964752450585365,,3404.0035152435303,88.08651781082153
5199,0.007278028409928083,,3404.645961046219,88.0994644165039
5200,0.007667949423193932,,3405.2883870601654,88.1124358177185
5201,0.007866648025810719,,3405.930482149124,88.12548494338989
5202,0.00845680944621563,,3406.572389602661,88.13848638534546
5203,0.009019174613058567,,3407.213944673538,88.15147495269775
5204,0.009376625530421734,,3407.856803417206,88.1645154953003
5205,0.008315009996294975,,3408.4983146190643,88.17749333381653
5206,0.007664680480957031,,3409.1398532390594,88.19046807289124
5207,0.008111093193292618,,3409.7811138629913,88.20349478721619
5208,0.00827115960419178,,3410.421980381012,88.2165014743805
5209,0.008347664028406143,,3411.0627920627594,88.22949647903442
5210,0.008223984390497208,,3411.7040219306946,88.2425422668457
5211,0.008554350584745407,,3412.681442260742,88.25552797317505
5212,0.007789621129631996,,3413.32253241539,88.26849722862244
5213,0.007801603060215712,,3413.964996814728,88.28151154518127
5214,0.007671309635043144,,3414.6073191165924,88.29448747634888
5215,0.007734257262200117,,3415.2504708766937,88.30752372741699
5216,0.008217916823923588,,3415.8913378715515,88.32048964500427
5217,0.008308800868690014,,3416.533676147461,88.33346009254456
5218,0.008102637715637684,,3417.1749773025513,88.3464605808258
5219,0.007590109016746283,,3417.8173081874847,88.35944938659668
5220,0.007824558764696121,,3418.4590077400208,88.37241625785828
5221,0.007721364963799715,,3419.1007676124573,88.38534927368164
5222,0.007854660972952843,,3419.7442865371704,88.39837980270386
5223,0.008521270006895065,,3420.3853194713593,88.41144132614136
5224,0.008755788207054138,,3421.0273809432983,88.42442560195923
5225,0.00817797239869833,,3421.6691796779633,88.43743419647217
5226,0.00803794339299202,,3422.311095237732,88.45038509368896
5227,0.00809197872877121,,3422.9532854557037,88.46333885192871
5228,0.008002014830708504,,3423.595411300659,88.47628211975098
5229,0.007012960035353899,,3424.2382638454437,88.48925805091858
5230,0.0070279184728860855,,3424.8793885707855,88.50222063064575
5231,0.007003516424447298,,3425.521179676056,88.51521301269531
5232,0.006899054162204266,,3426.1621012687683,88.52821683883667
5233,0.006967442575842142,,3426.803423166275,88.54119300842285
5234,0.006927867420017719,,3427.444822072983,88.55417656898499
5235,0.0064804330468177795,,3428.0867314338684,88.56714200973511
5236,0.006449353881180286,,3428.7282102108,88.58013534545898
5237,0.006562916096299887,,3429.371076822281,88.593097448349
5238,0.006577637512236834,,3430.348965883255,88.6060848236084
5239,0.006738074589520693,,3430.9924659729004,88.61907815933228
5240,0.006375111639499664,,3431.634391784668,88.63212275505066
5241,0.006586720701307058,,3432.2764670848846,88.645103931427
5242,0.006657091900706291,,3432.91796541214,88.65807914733887
5243,0.006901116110384464,,3433.5591945648193,88.67102837562561
5244,0.0075331744737923145,,3434.200194120407,88.68406391143799
5245,0.0077851940877735615,,3434.8416566848755,88.69705986976624
5246,0.007659435272216797,,3435.4828753471375,88.71003150939941
5247,0.007004824001342058,,3436.1259276866913,88.72305464744568
5248,0.007973186671733856,,3436.7672715187073,88.73605585098267
5249,0.0078345388174057,,3437.4102461338043,88.74898982048035
5250,0.007683837786316872,,3438.0516567230225,88.76189804077148
5251,0.008303620852530003,,3438.6926789283752,88.77490329742432
5252,0.00812330562621355,,3439.33629655838,88.78786373138428
5253,0.008332892321050167,,3439.978107213974,88.80084037780762
5254,0.008684695698320866,,3440.6189889907837,88.81382131576538
5255,0.007449501659721136,,3441.2605459690094,88.82678055763245
5256,0.007254083640873432,,3441.9021644592285,88.83981609344482
5257,0.007046401966363192,,3442.5440003871918,88.85284471511841
5258,0.007073372136801481,,3443.1850333213806,88.86585402488708
5259,0.007343661971390247,,3443.828071117401,88.87882614135742
5260,0.0075650145299732685,,3444.469383239746,88.8917920589447
5261,0.008192706853151321,,3445.111530303955,88.90473365783691
5262,0.008231201209127903,,3445.7531220912933,88.91772699356079
5263,0.007726099342107773,,3446.395154953003,88.93067669868469
5264,0.006985473446547985,,3447.037148475647,88.94363307952881
5265,0.006875576917082071,,3448.0157845020294,88.95663523674011
5266,0.0070282528176903725,,3448.65767621994,88.96959733963013
5267,0.006777073722332716,,3449.2991948127747,88.98260235786438
5268,0.007486110553145409,,3449.940255880356,88.99561405181885
5269,0.0076607526279985905,,3450.5817749500275,89.0085859298706
5270,0.007889671251177788,,3451.222237110138,89.02156114578247
5271,0.0070893969386816025,,3451.864428758621,89.0345470905304
5272,0.008091457188129425,,3452.506204366684,89.04758977890015
5273,0.007409699261188507,,3453.14883518219,89.06055331230164
5274,0.007115575019270182,,3453.7904765605927,89.07351589202881
5275,0.007368319667875767,,3454.432543992996,89.08651041984558
5276,0.00789895374327898,,3455.073706150055,89.09948658943176
5277,0.007327347062528133,,3455.715273618698,89.1125226020813
5278,0.008361896499991417,,3456.3582253456116,89.1255087852478
5279,0.007583068683743477,,3456.999849319458,89.13848185539246
5280,0.008118951693177223,,3457.6418023109436,89.15147972106934
5281,0.008366687223315239,,3458.283237695694,89.16451621055603
5282,0.00825923029333353,,3458.9252033233643,89.17750334739685
5283,0.008059452287852764,,3459.567765712738,89.19044637680054
5284,0.007586810737848282,,3460.2103345394135,89.20344305038452
5285,0.0072519052773714066,,3460.8525466918945,89.2164306640625
5286,0.007420697715133429,,3461.4937767982483,89.22943329811096
5287,0.007410852704197168,,3462.1358876228333,89.24241375923157
5288,0.00802623014897108,,3462.778352022171,89.25541424751282
5289,0.008654432371258736,,3463.421509742737,89.26837277412415
5290,0.007602937985211611,,3464.063999414444,89.2814154624939
5291,0.006868860684335232,,3464.707666158676,89.29439449310303
5292,0.007416557986289263,,3465.6859488487244,89.3073570728302
5293,0.00700015714392066,,3466.3274326324463,89.32035541534424
5294,0.006407936569303274,,3466.9696927070618,89.3333261013031
5295,0.006355471909046173,,3467.6143782138824,89.3463363647461
5296,0.0062504056841135025,,3468.255311012268,89.35936212539673
5297,0.006681242026388645,,3468.8978941440582,89.37234163284302
5298,0.006914013065397739,,3469.5390362739563,89.38531494140625
5299,0.007372522260993719,,3470.181535243988,89.3983063697815
5300,0.007270336151123047,,3470.823095560074,89.4112708568573
5301,0.008079705759882927,,3471.4644639492035,89.42423152923584
5302,0.008226972073316574,,3472.1052944660187,89.4371657371521
5303,0.008643916808068752,,3472.746511220932,89.45016813278198
5304,0.008620776236057281,,3473.387291908264,89.46317958831787
5305,0.008526850491762161,,3474.029456615448,89.47613763809204
5306,0.00766560947522521,,3474.6706812381744,89.48913526535034
5307,0.007530350238084793,,3475.312744140625,89.5020751953125
5308,0.007852042093873024,,3475.954686641693,89.51503491401672
5309,0.008516818284988403,,3476.597215652466,89.52800393104553
5310,0.00825764611363411,,3477.239289522171,89.5410087108612
5311,0.008181963115930557,,3477.88147854805,89.55396389961243
5312,0.006889019161462784,,3478.5224072933197,89.56694674491882
5313,0.006754783913493156,,3479.1658985614777,89.57996726036072
5314,0.006845422089099884,,3479.8080418109894,89.59297299385071
5315,0.007444147951900959,,3480.450398206711,89.60601091384888
5316,0.00643172487616539,,3481.091033935547,89.61899614334106
5317,0.0073946076445281506,,3481.7324714660645,89.63197493553162
5318,0.006630301475524902,,3482.373728990555,89.64497566223145
5319,0.006872445344924927,,3483.351409435272,89.6580011844635
5320,0.006765284575521946,,3483.9917225837708,89.67105627059937
5321,0.006651459727436304,,3484.6332352161407,89.68408036231995
5322,0.006974511779844761,,3485.2749524116516,89.69710850715637
5323,0.008005250245332718,,3485.916721343994,89.71009874343872
5324,0.008297854103147984,,3486.557543516159,89.72309303283691
5325,0.007995129562914371,,3487.200842142105,89.73608422279358
5326,0.007769485004246235,,3487.8418533802032,89.7490816116333
5327,0.007710941601544619,,3488.485233068466,89.76206421852112
5328,0.008712469600141048,,3489.1263284683228,89.7750289440155
5329,0.00859161838889122,,3489.769191980362,89.78801822662354
5330,0.008271170780062675,,3490.4096117019653,89.80098628997803
5331,0.007926523685455322,,3491.051223754883,89.81399059295654
5332,0.007223696447908878,,3491.69318819046,89.82693576812744
5333,0.007958796806633472,,3492.334846973419,89.83991718292236
5334,0.007947818376123905,,3492.975998401642,89.85292983055115
5335,0.008641352877020836,,3493.617838382721,89.865895986557
5336,0.007569169159978628,,3494.2602326869965,89.87887859344482
5337,0.007820011116564274,,3494.90190410614,89.89185166358948
5338,0.007696426473557949,,3495.543569087982,89.90481066703796
5339,0.0071790786460042,,3496.185268163681,89.91776967048645
5340,0.007212942466139793,,3496.826497554779,89.93071150779724
5341,0.007037152536213398,,3497.4677205085754,89.94373297691345
5342,0.006474833004176617,,3498.1087222099304,89.95670628547668
5343,0.007266424596309662,,3498.7509377002716,89.96970582008362
5344,0.007314557675272226,,3499.3926968574524,89.98267912864685
5345,0.007543196901679039,,3500.0343868732452,89.9956386089325
5346,0.007865612395107746,,3501.0120306015015,90.00860261917114
5347,0.00723510654643178,,3501.6557397842407,90.02161478996277
5348,0.007355369161814451,,3502.2966361045837,90.03459739685059
5349,0.006919101811945438,,3502.938136100769,90.0475823879242
5350,0.0064941467717289925,,3503.5806827545166,90.06058120727539
5351,0.006522729992866516,,3504.224591732025,90.07358384132385
5352,0.006365634500980377,,3504.8662371635437,90.08656620979309
5353,0.006910466589033604,,3505.5094590187073,90.09961533546448
5354,0.0068758148699998856,,3506.151204586029,90.11255145072937
5355,0.007852250710129738,,3506.792719602585,90.12553215026855
5356,0.007134740706533194,,3507.4334547519684,90.1384813785553
5357,0.007844522595405579,,3508.075423717499,90.15147304534912
5358,0.007294430397450924,,3508.717015028,90.1644766330719
5359,0.007154322694987059,,3509.359340429306,90.17747235298157
5360,0.007336639799177647,,3510.00080370903,90.19050025939941
5361,0.006882873829454184,,3510.641853094101,90.20348644256592
5362,0.006614543963223696,,3511.282573223114,90.21644163131714
5363,0.007356142159551382,,3511.9240550994873,90.22939109802246
5364,0.006882228888571262,,3512.5659787654877,90.24235439300537
5365,0.00723680853843689,,3513.2080087661743,90.25533390045166
5366,0.007273073308169842,,3513.8492527008057,90.2683162689209
5367,0.006637666840106249,,3514.491819858551,90.28125262260437
5368,0.006703364662826061,,3515.132917881012,90.29424500465393
5369,0.006590071599930525,,3515.7733387947083,90.30721521377563
5370,0.0062238783575594425,,3516.414892911911,90.32018661499023
5371,0.0064815799705684185,,3517.0566103458405,90.33315396308899
5372,0.006358961574733257,,3517.6996138095856,90.34608197212219
5373,0.005992493126541376,,3518.67866563797,90.35909104347229
5374,0.005888927262276411,,3519.320578098297,90.37203216552734
5375,0.0059380983002483845,,3519.9630856513977,90.38498377799988
5376,0.005941422190517187,,3520.603807926178,90.39800071716309
5377,0.005967443808913231,,3521.245918273926,90.41103649139404
5378,0.005951874889433384,,3521.8872344493866,90.42399215698242
5379,0.005955071654170752,,3522.5307030677795,90.43693518638611
5380,0.0060325926169753075,,3523.172507047653,90.44996809959412
5381,0.00592921394854784,,3523.8141856193542,90.46292066574097
5382,0.005969705991446972,,3524.457286596298,90.47590398788452
5383,0.006187225226312876,,3525.101076602936,90.48884916305542
5384,0.006479852832853794,,3525.7434849739075,90.5017991065979
5385,0.007013970986008644,,3526.3855805397034,90.51474189758301
5386,0.007271360605955124,,3527.0278899669647,90.52774453163147
5387,0.007708537857979536,,3527.6697914600372,90.54074168205261
5388,0.008208722807466984,,3528.3110735416412,90.55369400978088
5389,0.00822864007204771,,3528.9533417224884,90.56669449806213
5390,0.007209333591163158,,3529.5953953266144,90.57968163490295
5391,0.007253256160765886,,3530.2381649017334,90.59270071983337
5392,0.006533169653266668,,3530.878777742386,90.6056501865387
5393,0.0063874563202261925,,3531.5214581489563,90.61866569519043
5394,0.006577982567250729,,3532.1635212898254,90.63164639472961
5395,0.006739635951817036,,3532.8052809238434,90.64458751678467
5396,0.007285363506525755,,3533.4461719989777,90.65764713287354
5397,0.006979349069297314,,3534.0878672599792,90.67063903808594
5398,0.006883725989609957,,3534.729145526886,90.68364906311035
5399,0.006880998145788908,,3535.370816707611,90.69663000106812
5400,0.007130287121981382,,3536.3485066890717,90.70965600013733
5401,0.006943605840206146,,3536.990613937378,90.7226345539093
5402,0.007322569377720356,,3537.6323413848877,90.73563551902771
5403,0.007589826360344887,,3538.273901462555,90.74856328964233
5404,0.0076451548375189304,,3538.9157044887543,90.76158618927002
5405,0.006758283823728561,,3539.5588579177856,90.77458357810974
5406,0.007230890449136496,,3540.2000408172607,90.78752183914185
5407,0.0075976611115038395,,3540.8437604904175,90.80050992965698
5408,0.007483830209821463,,3541.485298395157,90.81346225738525
5409,0.007545010186731815,,3542.1268169879913,90.82646560668945
5410,0.007628914434462786,,3542.7684454917908,90.8395164012909
5411,0.007016045972704887,,3543.4098880290985,90.85257482528687
5412,0.006673585623502731,,3544.051388025284,90.86557745933533
5413,0.0072554415091872215,,3544.6935470104218,90.87858390808105
5414,0.007248703856021166,,3545.33544588089,90.89158940315247
5415,0.006979369558393955,,3545.9764902591705,90.90454697608948
5416,0.0076888129115104675,,3546.6202878952026,90.91750764846802
5417,0.007294205017387867,,3547.2632117271423,90.93053007125854
5418,0.006845896597951651,,3547.904342651367,90.94352102279663
5419,0.006582415662705898,,3548.545669078827,90.9565110206604
5420,0.0066224089823663235,,3549.188309907913,90.96953296661377
5421,0.006879680324345827,,3549.8304686546326,90.98247504234314
5422,0.007053477223962545,,3550.4732372760773,90.99545216560364
5423,0.007636913098394871,,3551.1147162914276,91.00841927528381
5424,0.007767384871840477,,3551.7558591365814,91.02142238616943
5425,0.00739696528762579,,3552.3982968330383,91.03442120552063
5426,0.007089682389050722,,3553.0412032604218,91.04738426208496
5427,0.007115508429706097,,3554.0192499160767,91.06037187576294
5428,0.006999130826443434,,3554.662638425827,91.07335782051086
5429,0.007166428957134485,,3555.3049993515015,91.08630514144897
5430,0.0067369514144957066,,3555.9458372592926,91.09926915168762
5431,0.0066140880808234215,,3556.587994813919,91.1122739315033
5432,0.006638584658503532,,3557.2292540073395,91.12524962425232
5433,0.006855288986116648,,3557.872670173645,91.13822889328003
5434,0.006889368407428265,,3558.515705347061,91.15121126174927
5435,0.0073497099801898,,3559.157410144806,91.16425395011902
5436,0.0075164856389164925,,3559.798643350601,91.17723536491394
5437,0.006934608332812786,,3560.440453529358,91.19018197059631
5438,0.006655223201960325,,3561.082619190216,91.20317363739014
5439,0.006303406786173582,,3561.724319934845,91.21620297431946
5440,0.006159601267427206,,3562.366738319397,91.22919225692749
5441,0.006370936054736376,,3563.0083179473877,91.24217915534973
5442,0.00676079373806715,,3563.6501309871674,91.25514435768127
5443,0.006980687379837036,,3564.292088985443,91.26811170578003
5444,0.007252726703882217,,3564.9329557418823,91.28105473518372
5445,0.007602157536894083,,3565.5759007930756,91.29402709007263
5446,0.007241567596793175,,3566.2173948287964,91.30700492858887
5447,0.006991229951381683,,3566.859109401703,91.31997179985046
5448,0.007330076303333044,,3567.5014600753784,91.332932472229
5449,0.006993320770561695,,3568.1445202827454,91.34589695930481
5450,0.006952852942049503,,3568.7866389751434,91.35887050628662
5451,0.006919010542333126,,3569.4292685985565,91.37183785438538
5452,0.007676125504076481,,3570.0713427066803,91.38483142852783
5453,0.007360760122537613,,3570.7139399051666,91.39777421951294
5454,0.0071538654156029224,,3571.692282676697,91.41079306602478
5455,0.0066478499211370945,,3572.33447766304,91.42378282546997
5456,0.007376747205853462,,3572.97870016098,91.43687009811401
5457,0.007079482544213533,,3573.6205098629,91.44989156723022
5458,0.006667101290076971,,3574.2615995407104,91.46286821365356
5459,0.00654303515329957,,3574.9029161930084,91.47585225105286
5460,0.0067373099736869335,,3575.545031785965,91.48881244659424
5461,0.00699344789609313,,3576.186995744705,91.50177001953125
5462,0.006701321806758642,,3576.8283314704895,91.51472783088684
5463,0.006677655037492514,,3577.4711492061615,91.52774786949158
5464,0.0064474730752408504,,3578.1125178337097,91.54073667526245
5465,0.006641604006290436,,3578.754656791687,91.55373167991638
5466,0.006532446946948767,,3579.3957800865173,91.56675720214844
5467,0.006718396209180355,,3580.0375747680664,91.57972121238708
5468,0.006769348401576281,,3580.6785247325897,91.59273719787598
5469,0.006710405461490154,,3581.3220434188843,91.60569334030151
5470,0.006946489680558443,,3581.9629209041595,91.61869883537292
5471,0.007270811125636101,,3582.605812549591,91.63171482086182
5472,0.007466304115951061,,3583.247225522995,91.6446738243103
5473,0.00810220930725336,,3583.889808654785,91.65763998031616
5474,0.007769121788442135,,3584.5315206050873,91.67057585716248
5475,0.0078499224036932,,3585.1735084056854,91.6835470199585
5476,0.007704765535891056,,3585.816046476364,91.69652056694031
5477,0.006997697986662388,,3586.457922935486,91.70951628684998
5478,0.007028035819530487,,3587.1015496253967,91.72253704071045
5479,0.007461252622306347,,3587.742899656296,91.73546814918518
5480,0.0075258915312588215,,3588.3845884799957,91.74842524528503
5481,0.007196847349405289,,3589.3619487285614,91.76141047477722
5482,0.007321006618440151,,3590.004712820053,91.77442026138306
5483,0.0074509503319859505,,3590.647268295288,91.7873797416687
5484,0.00744622852653265,,3591.288597345352,91.80040907859802
5485,0.007348766550421715,,3591.9321191310883,91.81333637237549
5486,0.0065314192324876785,,3592.572924852371,91.82636165618896
5487,0.00647219642996788,,3593.215958595276,91.8393886089325
5488,0.006599465385079384,,3593.857333421707,91.85231518745422
5489,0.0065082767978310585,,3594.4998021125793,91.86529016494751
5490,0.006823474541306496,,3595.1408512592316,91.87826943397522
5491,0.007020255085080862,,3595.783296108246,91.89123010635376
5492,0.00723365880548954,,3596.424818754196,91.90425419807434
5493,0.00788560789078474,,3597.0666501522064,91.91729354858398
5494,0.007894410751760006,,3597.707825422287,91.93026995658875
5495,0.007920862175524235,,3598.3493626117706,91.94327735900879
5496,0.008246734738349915,,3598.9907982349396,91.95622849464417
5497,0.007574304938316345,,3599.6324696540833,91.96921968460083
5498,0.00769516546279192,,3600.273371696472,91.98221182823181
5499,0.0072620939463377,,3600.9157757759094,91.99522876739502
5500,0.007463051937520504,0.003707721596583724,3601.5574295520782,93.8836498260498
5501,0.007544029038399458,,3602.1995351314545,93.89659857749939
5502,0.0068236300721764565,,3602.8410778045654,93.90961170196533
5503,0.006523859221488237,,3603.483055830002,93.9225823879242
5504,0.006395954173058271,,3604.1252806186676,93.93559575080872
5505,0.006395797245204449,,3604.769560098648,93.94857501983643
5506,0.006647766567766666,,3605.411069393158,93.96154117584229
5507,0.0073967790231108665,,3606.0528650283813,93.97450065612793
5508,0.00741762388497591,,3607.0306050777435,93.98749208450317
5509,0.007406235206872225,,3607.6751701831818,94.00054550170898
5510,0.007819193415343761,,3608.3166074752808,94.01359009742737
5511,0.00783749669790268,,3608.9580471515656,94.02657294273376
5512,0.007589543238282204,,3609.599910736084,94.03947973251343
5513,0.00768850976601243,,3610.2419192790985,94.05242371559143
5514,0.007301763165742159,,3610.8834092617035,94.06535696983337
5515,0.008087463676929474,,3611.525038957596,94.07833337783813
5516,0.008253611624240875,,3612.16624379158,94.09132862091064
5517,0.007496720179915428,,3612.8075325489044,94.10430264472961
5518,0.0073066093027591705,,3613.448812484741,94.11733531951904
5519,0.007075869012624025,,3614.0917539596558,94.13028144836426
5520,0.006732845213264227,,3614.7341890335083,94.1432626247406
5521,0.006577806547284126,,3615.3758647441864,94.15623188018799
5522,0.006771272514015436,,3616.0166821479797,94.16921305656433
5523,0.006862885784357786,,3616.6596121788025,94.18217945098877
5524,0.006601284723728895,,3617.301327228546,94.19515347480774
5525,0.00637613283470273,,3617.9438152313232,94.2081949710846
5526,0.006499145645648241,,3618.5848004817963,94.22115898132324
5527,0.006501790601760149,,3619.2281696796417,94.2341537475586
5528,0.006675913464277983,,3619.8697390556335,94.24715805053711
5529,0.006813729181885719,,3620.512600183487,94.26011896133423
5530,0.006873632315546274,,3621.154423713684,94.27309656143188
5531,0.006810103077441454,,3621.7977423667908,94.2861258983612
5532,0.007245918270200491,,3622.4392397403717,94.29909944534302
5533,0.0072298068553209305,,3623.082134962082,94.31205344200134
5534,0.006639075465500355,,3623.7244262695312,94.32502484321594
5535,0.006893357262015343,,3624.7038612365723,94.337961435318
5536,0.0069743311032652855,,3625.345202445984,94.35095310211182
5537,0.006808837875723839,,3625.986940383911,94.36398220062256
5538,0.0071573019959032536,,3626.628298521042,94.37693238258362
5539,0.007321090437471867,,3627.2709488868713,94.38999009132385
5540,0.007194153498858213,,3627.91188454628,94.4029655456543
5541,0.006871293764561415,,3628.553174495697,94.41594529151917
5542,0.006818525027483702,,3629.194394826889,94.42892742156982
5543,0.006737154442816973,,3629.8374185562134,94.44192790985107
5544,0.006619144696742296,,3630.4783396720886,94.45496082305908
5545,0.0065987189300358295,,3631.1219675540924,94.46790933609009
5546,0.006705555599182844,,3631.7632648944855,94.48083901405334
5547,0.00691031152382493,,3632.404760360718,94.49381113052368
5548,0.006742694415152073,,3633.0476105213165,94.50676012039185
5549,0.006917096674442291,,3633.691403865814,94.51979064941406
5550,0.007104558404535055,,3634.332512140274,94.53276181221008
5551,0.006806529127061367,,3634.9748661518097,94.54574966430664
5552,0.006833441089838743,,3635.6161785125732,94.55870413780212
5553,0.0068489545956254005,,3636.2601437568665,94.57167553901672
5554,0.006515938322991133,,3636.9016406536102,94.58467936515808
5555,0.0065233237110078335,,3637.544222831726,94.59765386581421
5556,0.006751020438969135,,3638.1850209236145,94.61062788963318
5557,0.007170204538851976,,3638.8269448280334,94.62357831001282
5558,0.007136015221476555,,3639.468326807022,94.63658952713013
5559,0.007372821215540171,,3640.1098222732544,94.64959168434143
5560,0.007786954287439585,,3640.7507271766663,94.66260838508606
5561,0.008245169185101986,,3641.3919336795807,94.67557716369629
5562,0.008712459355592728,,3642.369718313217,94.6885826587677
5563,0.008521731942892075,,3643.010947704315,94.70154809951782
5564,0.008083730936050415,,3643.6544733047485,94.7145185470581
5565,0.007909062318503857,,3644.2963449954987,94.72750449180603
5566,0.007546247914433479,,3644.9377019405365,94.74051761627197
5567,0.00773907545953989,,3645.5814204216003,94.75347018241882
5568,0.00737739959731698,,3646.222024202347,94.76643252372742
5569,0.007593335118144751,,3646.863975763321,94.77940630912781
5570,0.007782741915434599,,3647.5063548088074,94.79238271713257
5571,0.007931742817163467,,3648.1484344005585,94.80538511276245
5572,0.007762757129967213,,3648.790098667145,94.81841659545898
5573,0.007661161944270134,,3649.4327948093414,94.83138489723206
5574,0.00775685952976346,,3650.0750863552094,94.8443694114685
5575,0.008586489595472813,,3650.7168095111847,94.85731792449951
5576,0.00805244967341423,,3651.3583800792694,94.87025547027588
5577,0.008094586431980133,,3652.001719236374,94.88322234153748
5578,0.008221162483096123,,3652.643934726715,94.896240234375
5579,0.00841500610113144,,3653.2855262756348,94.90921592712402
5580,0.008620211854577065,,3653.9277245998383,94.9221522808075
5581,0.008965816348791122,,3654.570455312729,94.93508982658386
5582,0.008283239789307117,,3655.213745355606,94.94807004928589
5583,0.008513988927006721,,3655.856987476349,94.96103978157043
5584,0.008203494362533092,,3656.4977169036865,94.97405552864075
5585,0.00842928234487772,,3657.140699863434,94.9870867729187
5586,0.008317817933857441,,3657.7821230888367,95.0000627040863
5587,0.007999091409146786,,3658.4248332977295,95.01304268836975
5588,0.008356639184057713,,3659.0660712718964,95.02602553367615
5589,0.008436549454927444,,3660.046042442322,95.03897500038147
5590,0.00863426923751831,,3660.688281059265,95.0519368648529
5591,0.00891004130244255,,3661.3302521705627,95.06492900848389
5592,0.00818543042987585,,3661.9733595848083,95.07787299156189
5593,0.00813430454581976,,3662.617038011551,95.09084343910217
5594,0.007862965576350689,,3663.258812904358,95.10386776924133
5595,0.007859754376113415,,3663.901062488556,95.11686396598816
5596,0.008058269508183002,,3664.545224428177,95.12987279891968
5597,0.0075393798761069775,,3665.1864631175995,95.14284896850586
5598,0.007661755662411451,,3665.8288056850433,95.15593266487122
5599,0.007244772277772427,,3666.471244573593,95.16888642311096
5600,0.007142290472984314,,3667.1126902103424,95.18196320533752
5601,0.007432025857269764,,3667.754620075226,95.1949474811554
5602,0.007251619827002287,,3668.396053314209,95.20790767669678
5603,0.0075766840018332005,,3669.037649154663,95.22091698646545
5604,0.007338219787925482,,3669.6793115139008,95.23388457298279
5605,0.007466835901141167,,3670.322036266327,95.24685215950012
5606,0.007161254528909922,,3670.963627576828,95.25989890098572
5607,0.007044540718197823,,3671.6068108081818,95.27292156219482
5608,0.007943673990666866,,3672.24782037735,95.28590631484985
5609,0.0071467263624072075,,3672.8897392749786,95.29888439178467
5610,0.007108577527105808,,3673.5311970710754,95.31190800666809
5611,0.006992935668677092,,3674.1735920906067,95.32490563392639
5612,0.006925597321242094,,3674.8155856132507,95.3378975391388
5613,0.006740703713148832,,3675.457139492035,95.350905418396
5614,0.006820225156843662,,3676.097836256027,95.36396145820618
5615,0.007016374729573727,,3676.7396392822266,95.37697124481201
5616,0.007227092981338501,,3677.718559741974,95.3899405002594
5617,0.007377085741609335,,3678.360202550888,95.40301752090454
5618,0.007511397823691368,,3679.001688480377,95.41598343849182
5619,0.007025905419141054,,3679.6427743434906,95.4289824962616
5620,0.006901540793478489,,3680.2849719524384,95.44200348854065
5621,0.006998460739850998,,3680.9284205436707,95.45498418807983
5622,0.007260229904204607,,3681.5692923069,95.46795225143433
5623,0.0070382216945290565,,3682.211507797241,95.48094701766968
5624,0.007112074643373489,,3682.853341817856,95.49392485618591
5625,0.007834242656826973,,3683.4955422878265,95.50689888000488
5626,0.007733174599707127,,3684.1382281780243,95.51987409591675
5627,0.008245141245424747,,3684.781218767166,95.53285670280457
5628,0.008096080273389816,,3685.4224321842194,95.54582715034485
5629,0.007634303532540798,,3686.0638229846954,95.55885028839111
5630,0.00770723819732666,,3686.7073063850403,95.57184505462646
5631,0.007200367748737335,,3687.348653793335,95.5848274230957
5632,0.0073409900069236755,,3687.9898130893707,95.59782457351685
5633,0.007465447764843702,,3688.6326208114624,95.61082124710083
5634,0.00781720969825983,,3689.2737760543823,95.62383508682251
5635,0.007802302483469248,,3689.9155838489532,95.63680601119995
5636,0.007450501900166273,,3690.556478738785,95.64976787567139
5637,0.0072271451354026794,,3691.1992213726044,95.66275572776794
5638,0.0075124455615878105,,3691.8413605690002,95.67572450637817
5639,0.00777346221730113,,3692.4841125011444,95.68872618675232
5640,0.007573384325951338,,3693.125169992447,95.70174765586853
5641,0.007673815358430147,,3693.768124818802,95.71473622322083
5642,0.007636621594429016,,3694.4101126194,95.72771573066711
5643,0.008263220079243183,,3695.3876297473907,95.74072408676147
5644,0.007738766726106405,,3696.0281870365143,95.75377130508423
5645,0.007863527163863182,,3696.670812368393,95.76668763160706
5646,0.008114107884466648,,3697.311836719513,95.77965545654297
5647,0.008591944351792336,,3697.9539184570312,95.79264879226685
5648,0.008137288503348827,,3698.5959000587463,95.80560374259949
5649,0.0077318837866187096,,3699.2374215126038,95.81859993934631
5650,0.008408266119658947,,3699.8780806064606,95.83162331581116
5651,0.008003182709217072,,3700.5200712680817,95.84462261199951
5652,0.008116161450743675,,3701.161004304886,95.8576443195343
5653,0.007517138961702585,,3701.801782131195,95.87061667442322
5654,0.00749585684388876,,3702.4436647892,95.88361668586731
5655,0.0071790870279073715,,3703.084271669388,95.89656782150269
5656,0.006839734967797995,,3703.726059436798,95.90958070755005
5657,0.006582801695913076,,3704.3671174049377,95.92259478569031
5658,0.006582269910722971,,3705.0077817440033,95.93556714057922
5659,0.006944961845874786,,3705.649912595749,95.94854831695557
5660,0.0069326614029705524,,3706.292720556259,95.9615797996521
5661,0.006847579963505268,,3706.9338352680206,95.97459387779236
5662,0.006734448950737715,,3707.5773079395294,95.98765540122986
5663,0.0070880805142223835,,3708.219098329544,96.0006411075592
5664,0.006884030066430569,,3708.8618421554565,96.01359057426453
5665,0.006647392641752958,,3709.5048837661743,96.0265634059906
5666,0.006766104605048895,,3710.1474845409393,96.03958940505981
5667,0.007065886631608009,,3710.7894401550293,96.05252599716187
5668,0.00665676686912775,,3711.4304518699646,96.0654764175415
5669,0.006588827818632126,,3712.07213139534,96.07844972610474
5670,0.006770150735974312,,3713.051063299179,96.09141182899475
5671,0.006561920512467623,,3713.693273305893,96.10436081886292
5672,0.006826058961451054,,3714.334070444107,96.11735558509827
5673,0.006998840253800154,,3714.9764878749847,96.13033056259155
5674,0.006609454285353422,,3715.617534637451,96.14326500892639
5675,0.006917895283550024,,3716.2591173648834,96.15628433227539
5676,0.007077000569552183,,3716.899344921112,96.1692624092102
5677,0.00680380966514349,,3717.540990829468,96.18221139907837
5678,0.0068916985765099525,,3718.181839942932,96.19517374038696
5679,0.007339905947446823,,3718.8235697746277,96.20815062522888
5680,0.007640932686626911,,3719.4638154506683,96.22109270095825
5681,0.007585546933114529,,3720.1066727638245,96.2340817451477
5682,0.007549092639237642,,3720.7486312389374,96.24705982208252
5683,0.007267280947417021,,3721.390986919403,96.25999855995178
5684,0.007366018369793892,,3722.0314888954163,96.27297878265381
5685,0.00697686430066824,,3722.6736266613007,96.28597021102905
5686,0.007078335154801607,,3723.3145608901978,96.298987865448
5687,0.007512199692428112,,3723.9557790756226,96.3119375705719
5688,0.007408148609101772,,3724.5963230133057,96.3248963356018
5689,0.007205387577414513,,3725.2376384735107,96.33781552314758
5690,0.006897267419844866,,3725.878562450409,96.35081624984741
5691,0.006987331435084343,,3726.5199081897736,96.3637592792511
5692,0.007009640336036682,,3727.160803794861,96.3766975402832
5693,0.006726606283336878,,3727.802613258362,96.38970303535461
5694,0.006683798972517252,,3728.4441306591034,96.40271496772766
5695,0.0068540615029633045,,3729.085642337799,96.41577434539795
5696,0.006591336335986853,,3729.727135658264,96.42878460884094
5697,0.006556665524840355,,3730.705258131027,96.44176125526428
5698,0.00688632857054472,,3731.3462517261505,96.45474076271057
5699,0.006976536475121975,,3731.988907814026,96.46777248382568
5700,0.00663012033328414,,3732.6318588256836,96.48075413703918
5701,0.007136932574212551,,3733.2729575634003,96.4937756061554
5702,0.006807495374232531,,3733.914903640747,96.50683927536011
5703,0.006841192953288555,,3734.5576725006104,96.51980829238892
5704,0.006734941620379686,,3735.200188398361,96.53277206420898
5705,0.006632020231336355,,3735.843366622925,96.54576516151428
5706,0.0066070640459656715,,3736.4845564365387,96.55874133110046
5707,0.006905104033648968,,3737.1256065368652,96.57176232337952
5708,0.006910854019224644,,3737.7683148384094,96.5847680568695
5709,0.007436548825353384,,3738.409870147705,96.59774565696716
5710,0.00778054678812623,,3739.0511467456818,96.61070466041565
5711,0.007707112934440374,,3739.692685842514,96.6236925125122
5712,0.007286270149052143,,3740.3347177505493,96.63671326637268
5713,0.006633315701037645,,3740.9759995937347,96.64968371391296
5714,0.006592361722141504,,3741.617830991745,96.66268110275269
5715,0.00659145787358284,,3742.260746240616,96.67565488815308
5716,0.00659906817600131,,3742.9024715423584,96.68865537643433
5717,0.00665556313470006,,3743.5448067188263,96.7016339302063
5718,0.006662736646831036,,3744.1883749961853,96.71458625793457
5719,0.00641425047069788,,3744.8319261074066,96.72753691673279
5720,0.00657323794439435,,3745.4728894233704,96.74046897888184
5721,0.006617153063416481,,3746.115002155304,96.75349020957947
5722,0.006462888326495886,,3746.755961418152,96.76645088195801
5723,0.006556840147823095,,3747.3976447582245,96.77947521209717
5724,0.00659090606495738,,3748.3757050037384,96.79246401786804
5725,0.006604402791708708,,3749.0170061588287,96.8054141998291
5726,0.006680459249764681,,3749.6601326465607,96.81843304634094
5727,0.006827631965279579,,3750.3011684417725,96.83145070075989
5728,0.006648133043199778,,3750.943701982498,96.84440445899963
5729,0.0068165394477546215,,3751.586586713791,96.85740375518799
5730,0.006669746246188879,,3752.228828191757,96.87040066719055
5731,0.006783687975257635,,3752.872281074524,96.88337874412537
5732,0.006801486015319824,,3753.515512228012,96.89633917808533
5733,0.006673681549727917,,3754.1594591140747,96.90928864479065
5734,0.006860401947051287,,3754.8009810447693,96.92226552963257
5735,0.006921814288944006,,3755.442484140396,96.93523478507996
5736,0.007249773479998112,,3756.0842876434326,96.94821333885193
5737,0.006953461095690727,,3756.726219892502,96.96117734909058
5738,0.006921840365976095,,3757.367745399475,96.97415232658386
5739,0.006613599136471748,,3758.0106477737427,96.98712706565857
5740,0.006585489958524704,,3758.652352333069,97.00010251998901
5741,0.006712205708026886,,3759.294362783432,97.01307201385498
5742,0.006636061705648899,,3759.9358999729156,97.02603507041931
5743,0.0073316157795488834,,3760.5785241127014,97.03902864456177
5744,0.00712538743391633,,3761.221964597702,97.05200123786926
5745,0.006876555271446705,,3761.864190340042,97.06497955322266
5746,0.006708393804728985,,3762.5057322978973,97.07795643806458
5747,0.006603147368878126,,3763.147939682007,97.09093070030212
5748,0.006508796010166407,,3763.7899169921875,97.10389423370361
5749,0.006321355700492859,,3764.4320752620697,97.11688017845154
5750,0.006297769024968147,,3765.0749940872192,97.12989687919617
5751,0.0063344514928758144,,3766.053513765335,97.14292073249817
5752,0.006300512235611677,,3766.695844888687,97.15589475631714
5753,0.006339644081890583,,3767.337632894516,97.16884636878967
5754,0.0063092983327806,,3767.9797043800354,97.18186450004578
5755,0.006341421976685524,,3768.622723340988,97.19488787651062
5756,0.006337963044643402,,3769.2651267051697,97.2078652381897
5757,0.006337964441627264,,3769.908928632736,97.22081637382507
5758,0.006460431031882763,,3770.549780368805,97.23379826545715
5759,0.006449434440582991,,3771.1929552555084,97.24672603607178
5760,0.006457341834902763,,3771.834248304367,97.25978326797485
5761,0.006608493160456419,,3772.4761691093445,97.27276515960693
5762,0.006724691018462181,,3773.1180295944214,97.2857313156128
5763,0.007109731435775757,,3773.761819124222,97.29868268966675
5764,0.006994111463427544,,3774.4040019512177,97.31162786483765
5765,0.006815684027969837,,3775.0456783771515,97.32463383674622
5766,0.006764732301235199,,3775.6873240470886,97.33760380744934
5767,0.006722961086779833,,3776.3300268650055,97.35057663917542
5768,0.006557052489370108,,3776.971755027771,97.36352753639221
5769,0.00665275938808918,,3777.6133902072906,97.37653136253357
5770,0.006585158407688141,,3778.254749059677,97.38946104049683
5771,0.006924159359186888,,3778.8966569900513,97.40250658988953
5772,0.006987585220485926,,3779.53822016716,97.41546130180359
5773,0.007058938033878803,,3780.1800458431244,97.42845749855042
5774,0.006877564825117588,,3780.823540210724,97.4415373802185
5775,0.006595986895263195,,3781.464757204056,97.4544746875763
5776,0.006675004959106445,,3782.107628107071,97.46747469902039
5777,0.006660599261522293,,3782.74968290329,97.48044395446777
5778,0.006750121712684631,,3783.7269649505615,97.4933967590332
5779,0.0065970043651759624,,3784.368474960327,97.50638341903687
5780,0.006726159248501062,,3785.0096485614777,97.51936960220337
5781,0.00666115852072835,,3785.6521558761597,97.53239703178406
5782,0.006563106551766396,,3786.2941524982452,97.54535293579102
5783,0.006763753946870565,,3786.9373836517334,97.55837607383728
5784,0.006913139019161463,,3787.5786814689636,97.57134532928467
5785,0.006794559303671122,,3788.220423221588,97.58436584472656
5786,0.00678873248398304,,3788.86155629158,97.59738993644714
5787,0.006862072739750147,,3789.50328540802,97.61033368110657
5788,0.006838387809693813,,3790.144721508026,97.62333035469055
5789,0.006791900377720594,,3790.7862753868103,97.63636040687561
5790,0.006573765072971582,,3791.4278812408447,97.64937138557434
5791,0.006766684353351593,,3792.0703172683716,97.6623523235321
5792,0.006850493140518665,,3792.7110130786896,97.67529964447021
5793,0.007072987966239452,,3793.3540863990784,97.68828797340393
5794,0.006865921895951033,,3793.9948728084564,97.70127892494202
5795,0.007072790991514921,,3794.639164209366,97.7142424583435
5796,0.007257520686835051,,3795.280906200409,97.72721409797668
5797,0.007370266132056713,,3795.9224989414215,97.74016165733337
5798,0.007535725831985474,,3796.564477920532,97.75313925743103
5799,0.0075906445272266865,,3797.205953359604,97.76615786552429
5800,0.0076143499463796616,,3797.848093032837,97.77915334701538
5801,0.00749573390930891,,3798.4900674819946,97.79213213920593
5802,0.008065394125878811,,3799.1305809020996,97.80511140823364
5803,0.0076898327097296715,,3799.772229909897,97.81805372238159
5804,0.007134809158742428,,3800.4134917259216,97.83101844787598
5805,0.006685324478894472,,3801.3927505016327,97.84398126602173
5806,0.006758128758519888,,3802.0355541706085,97.85696578025818
5807,0.006516409106552601,,3802.676808834076,97.86990141868591
5808,0.0066492995247244835,,3803.3184583187103,97.88288974761963
5809,0.006669142283499241,,3803.9606726169586,97.89586901664734
5810,0.006487765349447727,,3804.603574991226,97.90887546539307
5811,0.006882467772811651,,3805.246331691742,97.92184066772461
5812,0.0066004726104438305,,3805.8878955841064,97.93479132652283
5813,0.006641796790063381,,3806.529074907303,97.94782447814941
5814,0.006609474308788776,,3807.1715412139893,97.96082973480225
5815,0.006709808483719826,,3807.8135571479797,97.97382044792175
5816,0.006742858327925205,,3808.4553701877594,97.98679971694946
5817,0.007016429677605629,,3809.096885204315,97.9997935295105
5818,0.007252729497849941,,3809.739536046982,98.01279759407043
5819,0.0074668931774795055,,3810.380978822708,98.02577710151672
5820,0.007277241908013821,,3811.0219037532806,98.03872537612915
5821,0.007119227200746536,,3811.663842201233,98.0516710281372
5822,0.006718618795275688,,3812.3050513267517,98.06462383270264
5823,0.00649131927639246,,3812.9464194774628,98.07761240005493
5824,0.006588892079889774,,3813.5879938602448,98.09058618545532
5825,0.006656697951257229,,3814.229749917984,98.10354971885681
5826,0.006518686655908823,,3814.8706521987915,98.11650705337524
5827,0.006615299731492996,,3815.511823654175,98.12949800491333
5828,0.006996285170316696,,3816.1543304920197,98.1424674987793
5829,0.007049816194921732,,3816.7968299388885,98.15549445152283
5830,0.00665880274027586,,3817.4391837120056,98.16849207878113
5831,0.006811106111854315,,3818.0815992355347,98.18148899078369
5832,0.006752242799848318,,3819.060084581375,98.19449591636658
5833,0.007039479911327362,,3819.7030413150787,98.20752000808716
5834,0.007138066925108433,,3820.345264196396,98.2205159664154
5835,0.007553441915661097,,3820.9867975711823,98.23346185684204
5836,0.007305305451154709,,3821.628611803055,98.24649143218994
5837,0.007484022062271833,,3822.2705297470093,98.25948023796082
5838,0.007272358518093824,,3822.91384100914,98.27248334884644
5839,0.007423575036227703,,3823.5554716587067,98.28550100326538
5840,0.0074273571372032166,,3824.1975769996643,98.29853916168213
5841,0.00732302526012063,,3824.840533733368,98.31149768829346
5842,0.0074769482016563416,,3825.48167347908,98.32452893257141
5843,0.007017267402261496,,3826.1233043670654,98.33749103546143
5844,0.00691310316324234,,3826.764847755432,98.35048627853394
5845,0.006648389156907797,,3827.407135248184,98.36343145370483
5846,0.006650779861956835,,3828.0489456653595,98.37638568878174
5847,0.0065393997356295586,,3828.6905143260956,98.38932490348816
5848,0.0065262168645858765,,3829.3314850330353,98.40231657028198
5849,0.006435144692659378,,3829.9746193885803,98.41531944274902
5850,0.006349634379148483,,3830.6164031028748,98.42833995819092
5851,0.0063603962771594524,,3831.2602922916412,98.44129037857056
5852,0.0064093987457454205,,3831.90306019783,98.45429182052612
5853,0.006471837405115366,,3832.544521331787,98.46727180480957
5854,0.006416213698685169,,3833.1863758563995,98.48023557662964
5855,0.006314515136182308,,3833.8300426006317,98.4932074546814
5856,0.0064412555657327175,,3834.4712257385254,98.50621628761292
5857,0.006392535753548145,,3835.112642288208,98.51918053627014
5858,0.006566098425537348,,3835.7554726600647,98.53216004371643
5859,0.006838638801127672,,3836.733869791031,98.54517364501953
5860,0.007517437916249037,,3837.376312017441,98.55819535255432
5861,0.007706379983574152,,3838.0182127952576,98.57114148139954
5862,0.007241210900247097,,3838.6597621440887,98.58414316177368
5863,0.0069423820823431015,,3839.302542924881,98.59708642959595
5864,0.006866714917123318,,3839.9442179203033,98.61007976531982
5865,0.006601468659937382,,3840.5853226184845,98.62305641174316
5866,0.006802653428167105,,3841.2274436950684,98.63602042198181
5867,0.006778184790164232,,3841.8686921596527,98.64900255203247
5868,0.006853038445115089,,3842.510819673538,98.66199135780334
5869,0.006757732946425676,,3843.151959657669,98.67500472068787
5870,0.006743877660483122,,3843.793298482895,98.68802070617676
5871,0.006702063605189323,,3844.435453414917,98.70099425315857
5872,0.006666719447821379,,3845.0766322612762,98.71398425102234
5873,0.006733558606356382,,3845.719207048416,98.72694540023804
5874,0.007238049525767565,,3846.3601405620575,98.73998212814331
5875,0.007196004502475262,,3847.0034079551697,98.75296068191528
5876,0.007326014805585146,,3847.6455488204956,98.76596570014954
5877,0.007367920596152544,,3848.2868785858154,98.77895092964172
5878,0.007312119472771883,,3848.9280893802643,98.79192638397217
5879,0.006735574454069138,,3849.569623231888,98.80491232872009
5880,0.00671116728335619,,3850.2120444774628,98.81793260574341
5881,0.0067916992120444775,,3850.854048013687,98.83094596862793
5882,0.0071981013752520084,,3851.4956345558167,98.84393429756165
5883,0.007403029594570398,,3852.138177394867,98.85694909095764
5884,0.007241253275424242,,3852.781608104706,98.8699197769165
5885,0.007358841598033905,,3853.4234030246735,98.88292026519775
5886,0.007421591784805059,,3854.403609275818,98.89588260650635
5887,0.007021015044301748,,3855.0462939739227,98.90888261795044
5888,0.007055389229208231,,3855.688162088394,98.92188739776611
5889,0.006929134950041771,,3856.331203222275,98.93489098548889
5890,0.006943195126950741,,3856.9731636047363,98.94784760475159
5891,0.006961117498576641,,3857.6173343658447,98.96085238456726
5892,0.006898451130837202,,3858.2586822509766,98.97384762763977
5893,0.007054043933749199,,3858.900549888611,98.98681902885437
5894,0.0067665246315300465,,3859.5411694049835,98.99977040290833
5895,0.007013755850493908,,3860.182577610016,99.01275944709778
5896,0.007001958787441254,,3860.825085401535,99.02572894096375
5897,0.007160360924899578,,3861.4684422016144,99.03872466087341
5898,0.006976550444960594,,3862.109797477722,99.05172824859619
5899,0.007355416659265757,,3862.7521345615387,99.06469321250916
5900,0.007379673421382904,,3863.3936591148376,99.07766938209534
5901,0.007500746287405491,,3864.0354278087616,99.09063363075256
5902,0.00771336117759347,,3864.677608728409,99.10365653038025
5903,0.007751287892460823,,3865.3202526569366,99.11660718917847
5904,0.007824941538274288,,3865.9615602493286,99.1296215057373
5905,0.007715876679867506,,3866.604308605194,99.14262676239014
5906,0.007763293106108904,,3867.2466220855713,99.1556327342987
5907,0.007347982842475176,,3867.8894526958466,99.16857552528381
5908,0.007006888743489981,,3868.5311057567596,99.18151807785034
5909,0.006798887625336647,,3869.1743273735046,99.19448065757751
5910,0.006465198937803507,,3869.815392971039,99.20741891860962
5911,0.006594466045498848,,3870.457357406616,99.2204053401947
5912,0.006495046429336071,,3871.0985441207886,99.23336887359619
5913,0.006695587188005447,,3872.0763392448425,99.24634909629822
5914,0.0067443870939314365,,3872.718631029129,99.2593412399292
5915,0.007065183017402887,,3873.360457420349,99.27233958244324
5916,0.007041417062282562,,3874.002904653549,99.28530883789062
5917,0.007021916098892689,,3874.644477367401,99.29833006858826
5918,0.007035899441689253,,3875.2859263420105,99.31130051612854
5919,0.007246947847306728,,3875.927225112915,99.3242495059967
5920,0.007295303046703339,,3876.5692462921143,99.3372745513916
5921,0.0069948118180036545,,3877.212810277939,99.3503086566925
5922,0.0068761021830141544,,3877.854785680771,99.36333656311035
5923,0.007153953891247511,,3878.4977695941925,99.37627458572388
5924,0.007657205685973167,,3879.1393480300903,99.38929271697998
5925,0.007815994322299957,,3879.782713651657,99.4022765159607
5926,0.007651599124073982,,3880.425669193268,99.41528654098511
5927,0.0074324095621705055,,3881.06724524498,99.42827606201172
5928,0.007062092423439026,,3881.710376024246,99.44123530387878
5929,0.0071510132402181625,,3882.3533952236176,99.45427918434143
5930,0.006766005419194698,,3882.9952743053436,99.46721148490906
5931,0.006645556073635817,,3883.6392679214478,99.48020648956299
5932,0.006625815760344267,,3884.2820625305176,99.49320220947266
5933,0.006622822489589453,,3884.9238226413727,99.50615334510803
5934,0.006705560255795717,,3885.5662841796875,99.51913332939148
5935,0.007027357816696167,,3886.2080476284027,99.53211808204651
5936,0.006796792149543762,,3886.849271297455,99.54511761665344
5937,0.006750642322003841,,3887.4935388565063,99.55807185173035
5938,0.006782133597880602,,3888.1349453926086,99.57103943824768
5939,0.006680923514068127,,3888.77814745903,99.58398652076721
5940,0.007013463415205479,,3889.7558538913727,99.59697103500366
5941,0.006583299487829208,,3890.398803472519,99.60992670059204
5942,0.0066128442995250225,,3891.040540456772,99.6228859424591
5943,0.006827285513281822,,3891.6824514865875,99.63590002059937
5944,0.00715572340413928,,3892.323862552643,99.6488516330719
5945,0.007388575933873653,,3892.965640068054,99.661865234375
5946,0.00735704367980361,,3893.6073503494263,99.67488980293274
5947,0.006846224423497915,,3894.250519990921,99.68785333633423
5948,0.006441352888941765,,3894.891847848892,99.70081448554993
5949,0.006390906870365143,,3895.535029888153,99.71382069587708
5950,0.006431292742490768,,3896.17626786232,99.72677731513977
5951,0.006369688548147678,,3896.818108320236,99.73980736732483
5952,0.00645586010068655,,3897.4594786167145,99.75276136398315
5953,0.006401670165359974,,3898.1018857955933,99.76570844650269
5954,0.006371837574988604,,3898.7434511184692,99.77869486808777
5955,0.006441718433052301,,3899.384827852249,99.79168653488159
5956,0.006389084737747908,,3900.0266618728638,99.8046338558197
5957,0.006596415303647518,,3900.6690542697906,99.81758952140808
5958,0.006513184402137995,,3901.310340166092,99.83056616783142
5959,0.006775517947971821,,3901.952229499817,99.84356594085693
5960,0.007004434242844582,,3902.593772649765,99.85660195350647
5961,0.007202508393675089,,3903.2371497154236,99.8695912361145
5962,0.006934067700058222,,3903.8784971237183,99.88255786895752
5963,0.006956529803574085,,3904.520737171173,99.89555501937866
5964,0.007308643311262131,,3905.1630942821503,99.90853953361511
5965,0.007400705944746733,,3905.804948091507,99.92156410217285
5966,0.007341607939451933,,3906.447040081024,99.93452906608582
5967,0.0070647913962602615,,3907.425379753113,99.94749093055725
5968,0.006926803849637508,,3908.0668675899506,99.96051216125488
5969,0.006722653284668922,,3908.710118532181,99.97350120544434
5970,0.006828525103628635,,3909.3516793251038,99.98647046089172
5971,0.006835964974015951,,3909.99476146698,99.99944424629211
5972,0.006991018075495958,,3910.6376922130585,100.01244139671326
5973,0.006665107328444719,,3911.2806267738342,100.02539324760437
5974,0.0066374498419463634,,3911.9221885204315,100.03838157653809
5975,0.006901088170707226,,3912.5639238357544,100.05134415626526
5976,0.006711636204272509,,3913.204843521118,100.06434059143066
5977,0.00708495918661356,,3913.847072124481,100.07733011245728
5978,0.007100314367562532,,3914.4881410598755,100.09028339385986
5979,0.007131453137844801,,3915.12957572937,100.10328936576843
5980,0.007282302714884281,,3915.7713301181793,100.11625099182129
5981,0.007368200924247503,,3916.4143040180206,100.12927055358887
5982,0.00729598430916667,,3917.056345462799,100.14221954345703
5983,0.007096921093761921,,3917.6977999210358,100.15518188476562
5984,0.007119368761777878,,3918.340272426605,100.16816186904907
5985,0.006983128841966391,,3918.983015060425,100.18116235733032
5986,0.006920062471181154,,3919.6248700618744,100.19411253929138
5987,0.006562388967722654,,3920.2670505046844,100.20706558227539
5988,0.006703036837279797,,3920.90846323967,100.22004461288452
5989,0.007073303684592247,,3921.551327228546,100.23302578926086
5990,0.007169477641582489,,3922.1936507225037,100.24606990814209
5991,0.007642415817826986,,3922.8359200954437,100.25907063484192
5992,0.007556813769042492,,3923.477705717087,100.27205491065979
5993,0.007340333424508572,,3924.1215810775757,100.2850353717804
5994,0.007238602265715599,,3925.0998113155365,100.29803347587585
5995,0.007060558069497347,,3925.741260290146,100.3110556602478
5996,0.006800366099923849,,3926.381880760193,100.32403802871704
5997,0.0066142091527581215,,3927.022943496704,100.33700895309448
5998,0.006484700366854668,,3927.6657700538635,100.35003471374512
5999,0.006396668031811714,,3928.308758020401,100.3630301952362
6000,0.006657822523266077,0.002956648590043187,3928.951172351837,102.25103306770325
