it,rel_l1err,rc,rt_solve,rt_log
0,0.8705248236656189,0.435129314661026,2.282562017440796,1.8994626998901367
1,0.7851738333702087,,2.9243721961975098,1.912444829940796
2,0.6968933343887329,,3.5650577545166016,1.9254209995269775
3,0.5715625882148743,,4.206814527511597,1.9383435249328613
4,0.4295516312122345,,4.847131967544556,1.9513380527496338
5,0.3349289894104004,,5.487952470779419,1.9643259048461914
6,0.17722269892692566,,6.127953290939331,1.9772639274597168
7,0.07783234864473343,,6.769183874130249,1.9902172088623047
8,0.04052617773413658,,7.410211086273193,2.0031683444976807
9,0.0558345727622509,,8.050753116607666,2.016101121902466
10,0.06508387625217438,,8.691928386688232,2.029064893722534
11,0.06638029962778091,,9.332670450210571,2.0420773029327393
12,0.06975702941417694,,9.972492218017578,2.0549848079681396
13,0.07323861122131348,,10.613009691238403,2.067950963973999
14,0.06617902219295502,,11.253260850906372,2.0809082984924316
15,0.06787470728158951,,11.893406391143799,2.0939056873321533
16,0.0750974491238594,,12.535128116607666,2.1068742275238037
17,0.07116768509149551,,13.1846022605896,2.119882583618164
18,0.06845853477716446,,13.82521677017212,2.1328554153442383
19,0.0613674521446228,,14.4662504196167,2.145826816558838
20,0.05570239573717117,,15.10674500465393,2.1587252616882324
21,0.06270965188741684,,15.74828290939331,2.171664237976074
22,0.059035494923591614,,16.39073419570923,2.184631109237671
23,0.052649546414613724,,17.032109260559082,2.1976253986358643
24,0.0507296621799469,,17.67290496826172,2.2105836868286133
25,0.05269038304686546,,18.31583881378174,2.2235562801361084
26,0.08917596191167831,,18.956443548202515,2.2365574836730957
27,0.07828859984874725,,19.956915140151978,2.2495410442352295
28,0.052804455161094666,,20.60371732711792,2.2625532150268555
29,0.04701463505625725,,21.246026515960693,2.2755372524261475
30,0.04743332788348198,,21.890565156936646,2.288504123687744
31,0.046086009591817856,,22.531858682632446,2.301499128341675
32,0.0470261350274086,,23.173298120498657,2.3145229816436768
33,0.046486563980579376,,23.815013647079468,2.327540397644043
34,0.046451423317193985,,24.45682644844055,2.3405392169952393
35,0.04664815962314606,,25.098543405532837,2.3535072803497314
36,0.04570022225379944,,25.77907657623291,2.3665518760681152
37,0.04749321937561035,,26.4232280254364,2.3795549869537354
38,0.04967490956187248,,27.066240787506104,2.392591714859009
39,0.04693080112338066,,27.708624124526978,2.4055979251861572
40,0.050256356596946716,,28.351505279541016,2.4186177253723145
41,0.046781025826931,,28.992767333984375,2.431612730026245
42,0.04766549542546272,,29.636029481887817,2.4445688724517822
43,0.04820828512310982,,30.279523134231567,2.4576096534729004
44,0.04837745055556297,,30.92130756378174,2.470641613006592
45,0.05008120462298393,,31.5629563331604,2.4836249351501465
46,0.05132787674665451,,32.20473098754883,2.496670961380005
47,0.05537746846675873,,32.84815764427185,2.5096774101257324
48,0.05175623297691345,,33.489917278289795,2.522643566131592
49,0.052616629749536514,,34.13256096839905,2.5356411933898926
50,0.0483548529446125,,34.77518081665039,2.5486278533935547
51,0.050874967128038406,,35.418392181396484,2.56162691116333
52,0.05119507014751434,,36.06125569343567,2.5746192932128906
53,0.050234947353601456,,36.70449995994568,2.587632656097412
54,0.05077487975358963,,37.683775663375854,2.600632667541504
55,0.04933449998497963,,38.325605392456055,2.6135635375976562
56,0.0471135638654232,,38.96774196624756,2.6265652179718018
57,0.04819846525788307,,39.60945916175842,2.639474630355835
58,0.04834076389670372,,40.25109338760376,2.652465581893921
59,0.046793464571237564,,40.89233922958374,2.665414810180664
60,0.047943469136953354,,41.53552198410034,2.6784393787384033
61,0.04761512950062752,,42.177003145217896,2.6914219856262207
62,0.04861074313521385,,42.81963348388672,2.704437732696533
63,0.0473175011575222,,43.46102690696716,2.71738600730896
64,0.04621385782957077,,44.10338735580444,2.7304301261901855
65,0.04640449211001396,,44.74441051483154,2.7433907985687256
66,0.045411836355924606,,45.38867712020874,2.7564024925231934
67,0.04756762459874153,,46.03369188308716,2.769317388534546
68,0.052146535366773605,,46.676276206970215,2.7824065685272217
69,0.052476782351732254,,47.31841039657593,2.7955081462860107
70,0.049676697701215744,,47.96233320236206,2.808471918106079
71,0.051077909767627716,,48.60474753379822,2.821422576904297
72,0.05075937137007713,,49.247005224227905,2.8344004154205322
73,0.05120044946670532,,49.88859224319458,2.84744930267334
74,0.052786849439144135,,50.53165292739868,2.8604485988616943
75,0.05200577154755592,,51.17411804199219,2.873469352722168
76,0.052826233208179474,,51.816704750061035,2.8864917755126953
77,0.05416902154684067,,52.457833766937256,2.8994698524475098
78,0.05505786091089249,,53.10153937339783,2.9125277996063232
79,0.05633004009723663,,53.74256372451782,2.925511360168457
80,0.05572499707341194,,54.38683271408081,2.9385361671447754
81,0.05743173509836197,,55.36656856536865,2.95155930519104
82,0.05934608355164528,,56.010128021240234,2.964503526687622
83,0.059249475598335266,,56.65184235572815,2.9776411056518555
84,0.061308395117521286,,57.29684090614319,2.9906275272369385
85,0.06468892097473145,,57.93816685676575,3.0036461353302
86,0.06217198446393013,,58.58130693435669,3.0166256427764893
87,0.06241784244775772,,59.222740650177,3.029613733291626
88,0.06090890243649483,,59.864750623703,3.0426087379455566
89,0.06042597442865372,,60.5054988861084,3.0556886196136475
90,0.05935715138912201,,61.17957878112793,3.0686662197113037
91,0.060996200889348984,,61.82186412811279,3.0816211700439453
92,0.061658959835767746,,62.46553063392639,3.094613790512085
93,0.06271027028560638,,63.10707235336304,3.107612133026123
94,0.06363887339830399,,63.74964761734009,3.1206486225128174
95,0.06463531404733658,,64.39121913909912,3.1336140632629395
96,0.06226034462451935,,65.03368782997131,3.1465890407562256
97,0.0646296888589859,,65.67589521408081,3.1595492362976074
98,0.06441537290811539,,66.31917214393616,3.1725616455078125
99,0.06762039661407471,,66.96041440963745,3.185535192489624
100,0.06205499917268753,,67.60297155380249,3.198529005050659
101,0.06264623254537582,,68.2441897392273,3.2114946842193604
102,0.06265777349472046,,68.88676571846008,3.2244603633880615
103,0.06292092055082321,,69.52930402755737,3.2374255657196045
104,0.05998389422893524,,70.17221665382385,3.25040340423584
105,0.06447085738182068,,70.81434845924377,3.263371467590332
106,0.06147148087620735,,71.45620131492615,3.2763912677764893
107,0.06457219272851944,,72.09857153892517,3.2893829345703125
108,0.06100150942802429,,73.08198666572571,3.3023321628570557
109,0.060963764786720276,,73.72364139556885,3.3153538703918457
110,0.05908779427409172,,74.36685681343079,3.3283162117004395
111,0.056284427642822266,,75.00893473625183,3.341312885284424
112,0.0610312819480896,,75.65224695205688,3.3542847633361816
113,0.06200175732374191,,76.29313325881958,3.367227077484131
114,0.060116738080978394,,76.95085144042969,3.3802003860473633
115,0.05979600176215172,,77.59489560127258,3.3931894302368164
116,0.06309632956981659,,78.23717403411865,3.4061527252197266
117,0.06113434582948685,,78.87850189208984,3.4190971851348877
118,0.057101212441921234,,79.52044749259949,3.4320449829101562
119,0.0609922930598259,,80.16280841827393,3.4449925422668457
120,0.06134238839149475,,80.80570220947266,3.457970142364502
121,0.06442681699991226,,81.44829821586609,3.470930337905884
122,0.06470271199941635,,82.08994746208191,3.483891248703003
123,0.06324369460344315,,82.73084807395935,3.4968602657318115
124,0.06387148797512054,,83.37326502799988,3.509838342666626
125,0.06413441151380539,,84.01602554321289,3.5228309631347656
126,0.06650727242231369,,84.66073846817017,3.5357747077941895
127,0.07017052918672562,,85.30234932899475,3.5487444400787354
128,0.06597832590341568,,85.94451642036438,3.5617058277130127
129,0.057227544486522675,,86.58572316169739,3.5746753215789795
130,0.06139127537608147,,87.22779440879822,3.5876848697662354
131,0.06403020024299622,,87.86892056465149,3.600715160369873
132,0.0675412192940712,,88.51287269592285,3.613731622695923
133,0.0609641931951046,,89.15463733673096,3.626744270324707
134,0.05957043543457985,,89.79801297187805,3.639702320098877
135,0.06365524232387543,,90.7787675857544,3.652635335922241
136,0.055743955075740814,,91.4203155040741,3.665583372116089
137,0.05826234817504883,,92.06239318847656,3.6785902976989746
138,0.05433405935764313,,92.70456838607788,3.6915817260742188
139,0.05305435508489609,,93.34588479995728,3.704543113708496
140,0.05807424336671829,,93.98722457885742,3.717520236968994
141,0.0541309118270874,,94.62840437889099,3.7304654121398926
142,0.05373392626643181,,95.27079367637634,3.743446111679077
143,0.057356882840394974,,95.91347193717957,3.7564375400543213
144,0.05925718694925308,,96.55520510673523,3.7693824768066406
145,0.0606764480471611,,97.1967031955719,3.7823326587677
146,0.061845384538173676,,97.83928728103638,3.795266628265381
147,0.054688479751348495,,98.48084378242493,3.8082563877105713
148,0.054454464465379715,,99.12281894683838,3.821294069290161
149,0.05200310796499252,,99.76423740386963,3.834284543991089
150,0.05237362161278725,,100.40617370605469,3.8472073078155518
151,0.05355004593729973,,101.0486524105072,3.8602118492126465
152,0.05284569039940834,,101.69041013717651,3.873157024383545
153,0.048742905259132385,,102.33166003227234,3.886153221130371
154,0.050524525344371796,,102.97579026222229,3.8991103172302246
155,0.04755280539393425,,103.61837029457092,3.9120781421661377
156,0.046730708330869675,,104.26024508476257,3.9250082969665527
157,0.0504097118973732,,104.9014790058136,3.938027858734131
158,0.05246758460998535,,105.54312300682068,3.95096492767334
159,0.06687339395284653,,106.1850860118866,3.9639735221862793
160,0.07537601888179779,,106.82836651802063,3.976991653442383
161,0.04587816819548607,,107.46943807601929,3.989919900894165
162,0.04190264269709587,,108.45134973526001,4.002910852432251
163,0.043904829770326614,,109.09302544593811,4.0158867835998535
164,0.04405137896537781,,109.73593854904175,4.028902053833008
165,0.041056834161281586,,110.37914180755615,4.041873216629028
166,0.045527130365371704,,111.02229738235474,4.054924488067627
167,0.040184393525123596,,111.66511583328247,4.0679004192352295
168,0.044169697910547256,,112.30885338783264,4.0809314250946045
169,0.053075142204761505,,112.95071959495544,4.093934535980225
170,0.04797057807445526,,113.59281778335571,4.106955051422119
171,0.046884577721357346,,114.23439884185791,4.11997127532959
172,0.05087164416909218,,114.87600946426392,4.133004426956177
173,0.050115302205085754,,115.51861453056335,4.145981073379517
174,0.05608590319752693,,116.16024494171143,4.158937692642212
175,0.048215076327323914,,116.80189752578735,4.171946287155151
176,0.0481940433382988,,117.44361209869385,4.184956073760986
177,0.04704474285244942,,118.08550977706909,4.19789457321167
178,0.045347582548856735,,118.72722434997559,4.210931301116943
179,0.04429847374558449,,119.36844849586487,4.223948240280151
180,0.04390983283519745,,120.01026606559753,4.236980438232422
181,0.04267595335841179,,120.65398263931274,4.249999523162842
182,0.04195208102464676,,121.29786920547485,4.263019800186157
183,0.04503774270415306,,121.94097661972046,4.276019811630249
184,0.04390528053045273,,122.58222913742065,4.288982391357422
185,0.04327761381864548,,123.22524738311768,4.301957368850708
186,0.04226759448647499,,123.86716389656067,4.314898252487183
187,0.03923528641462326,,124.50884127616882,4.32787561416626
188,0.03977226838469505,,125.15188121795654,4.34081768989563
189,0.038702622056007385,,126.13328170776367,4.3538124561309814
190,0.03776809573173523,,126.7779061794281,4.366830825805664
191,0.0402107834815979,,127.42092728614807,4.3797948360443115
192,0.04068028926849365,,128.06385350227356,4.392781734466553
193,0.04017641395330429,,128.70523691177368,4.405760049819946
194,0.04110656678676605,,129.34688091278076,4.41878604888916
195,0.04498165473341942,,129.98842430114746,4.431779861450195
196,0.05297189950942993,,130.6319179534912,4.4447832107543945
197,0.04392147809267044,,131.27323842048645,4.4578235149383545
198,0.043380990624427795,,131.92043828964233,4.470812082290649
199,0.04074712470173836,,132.56188082695007,4.483818531036377
200,0.04380183666944504,,133.2049162387848,4.4968626499176025
201,0.04439903423190117,,133.84717535972595,4.509836435317993
202,0.04984162375330925,,134.49020314216614,4.522921085357666
203,0.047921694815158844,,135.13197946548462,4.535889625549316
204,0.05103275179862976,,135.7757215499878,4.548907279968262
205,0.04655500501394272,,136.4179720878601,4.561949729919434
206,0.04436987638473511,,137.05946850776672,4.575019598007202
207,0.044444940984249115,,137.70083093643188,4.5880327224731445
208,0.05034150183200836,,138.34214687347412,4.601075887680054
209,0.04738403111696243,,138.98365688323975,4.614066123962402
210,0.05719073489308357,,139.62615060806274,4.62708044052124
211,0.06259693205356598,,140.26780939102173,4.6401238441467285
212,0.06499049812555313,,140.90931844711304,4.653146505355835
213,0.05461524426937103,,141.5505669116974,4.6661155223846436
214,0.053032293915748596,,142.19443726539612,4.679124116897583
215,0.04799143970012665,,142.83593916893005,4.692114591598511
216,0.06300200521945953,,143.81591820716858,4.705111503601074
217,0.07438056915998459,,144.45727467536926,4.718090772628784
218,0.05142524838447571,,145.10013961791992,4.731064319610596
219,0.05515618994832039,,145.74258279800415,4.7440454959869385
220,0.06467127054929733,,146.38574528694153,4.757093191146851
221,0.0480533130466938,,147.02707409858704,4.770063638687134
222,0.04564789682626724,,147.67112612724304,4.783045768737793
223,0.04671909660100937,,148.31419682502747,4.796036243438721
224,0.045391011983156204,,148.95603728294373,4.809024810791016
225,0.0460093729197979,,149.59872937202454,4.822030305862427
226,0.05095987394452095,,150.24093866348267,4.835046052932739
227,0.044936634600162506,,150.88256812095642,4.848068952560425
228,0.04995628073811531,,151.5418562889099,4.861028671264648
229,0.05397528409957886,,152.18300819396973,4.874068975448608
230,0.048978205770254135,,152.82605504989624,4.887108325958252
231,0.06337185949087143,,153.4669487476349,4.900122165679932
232,0.057461921125650406,,154.11014819145203,4.913127183914185
233,0.05415019392967224,,154.75150322914124,4.926128387451172
234,0.0453069694340229,,155.3945460319519,4.939077615737915
235,0.04442107677459717,,156.05041909217834,4.95206093788147
236,0.04885876178741455,,156.69375228881836,4.965046167373657
237,0.051440004259347916,,157.33509135246277,4.978022575378418
238,0.051851626485586166,,157.97714066505432,4.9909398555755615
239,0.04946598410606384,,158.62254214286804,5.003861427307129
240,0.050784531980752945,,159.26500391960144,5.016817808151245
241,0.050947826355695724,,159.90700578689575,5.02979588508606
242,0.05344948545098305,,160.55135321617126,5.042778253555298
243,0.05417470633983612,,161.56397104263306,5.05579686164856
244,0.05414304509758949,,162.20729541778564,5.0688464641571045
245,0.053069695830345154,,162.85076570510864,5.081822633743286
246,0.0542692206799984,,163.49371695518494,5.094837427139282
247,0.05848594009876251,,164.15800952911377,5.107853174209595
248,0.0548471100628376,,164.80241298675537,5.120868682861328
249,0.05817151442170143,,165.44565105438232,5.133917331695557
250,0.06072171404957771,,166.09048175811768,5.146926403045654
251,0.06420182436704636,,166.73243808746338,5.159903287887573
252,0.05224842578172684,,167.37535786628723,5.172882795333862
253,0.0552317276597023,,168.01782250404358,5.185901403427124
254,0.050357233732938766,,168.66094326972961,5.198919773101807
255,0.0536750853061676,,169.30318021774292,5.211928367614746
256,0.07250215858221054,,169.94641590118408,5.224949598312378
257,0.062472425401210785,,170.58771204948425,5.237963676452637
258,0.06454470008611679,,171.23045134544373,5.2509543895721436
259,0.059737078845500946,,171.87483716011047,5.263941764831543
260,0.06062456965446472,,172.5175757408142,5.276887893676758
261,0.05875574052333832,,173.16039562225342,5.289831876754761
262,0.06334496289491653,,173.80437564849854,5.302828073501587
263,0.053753308951854706,,174.44662523269653,5.315847396850586
264,0.06043599173426628,,175.09951066970825,5.328853368759155
265,0.05636872723698616,,175.74146461486816,5.341806411743164
266,0.05718569830060005,,176.3842806816101,5.354809999465942
267,0.052829809486866,,177.02618265151978,5.36783504486084
268,0.05650634691119194,,177.66849780082703,5.380792856216431
269,0.05331312492489815,,178.31075930595398,5.393743515014648
270,0.05495179444551468,,179.29165959358215,5.4066948890686035
271,0.05491092428565025,,179.93292570114136,5.419597625732422
272,0.06423062831163406,,180.57449674606323,5.432482957839966
273,0.06481949985027313,,181.2178657054901,5.445386648178101
274,0.0565909743309021,,181.8604986667633,5.458352565765381
275,0.057704634964466095,,182.50299978256226,5.471342086791992
276,0.0569688156247139,,183.14622354507446,5.4842798709869385
277,0.05984663590788841,,183.78913402557373,5.497206687927246
278,0.05984422191977501,,184.43256664276123,5.510151386260986
279,0.06282984465360641,,185.07419347763062,5.523156404495239
280,0.057045113295316696,,185.71699905395508,5.536107540130615
281,0.05555598810315132,,186.35830354690552,5.549028396606445
282,0.056405533105134964,,187.0001926422119,5.561956882476807
283,0.05671936273574829,,187.6426866054535,5.574876546859741
284,0.06478921324014664,,188.28606820106506,5.5878260135650635
285,0.057284675538539886,,188.92747974395752,5.600748300552368
286,0.05491998419165611,,189.5695629119873,5.613663196563721
287,0.05504956468939781,,190.21163296699524,5.626567125320435
288,0.054292842745780945,,190.85436916351318,5.639487266540527
289,0.053353261202573776,,191.49578833580017,5.652420997619629
290,0.05210481956601143,,192.13877820968628,5.665350437164307
291,0.060804449021816254,,192.78047370910645,5.678349018096924
292,0.05379469692707062,,193.4229712486267,5.691362380981445
293,0.06493730843067169,,194.06505298614502,5.704389333724976
294,0.05052847042679787,,194.70697903633118,5.71739935874939
295,0.0469001866877079,,195.34946942329407,5.730432510375977
296,0.04804112762212753,,195.9918143749237,5.743410348892212
297,0.05085572600364685,,196.97290515899658,5.756324768066406
298,0.05369836837053299,,197.61569046974182,5.769233226776123
299,0.05205684155225754,,198.25743103027344,5.78221583366394
300,0.04952014610171318,,198.89978671073914,5.795159339904785
301,0.05000302940607071,,199.54236459732056,5.808130979537964
302,0.050900209695100784,,200.18451857566833,5.821059226989746
303,0.055217593908309937,,200.82701706886292,5.834073305130005
304,0.05334610864520073,,201.470445394516,5.847021818161011
305,0.05342889204621315,,202.11251378059387,5.860029220581055
306,0.047544002532958984,,202.7577519416809,5.872973918914795
307,0.04728974029421806,,203.40046429634094,5.88596248626709
308,0.04762550815939903,,204.04385900497437,5.89887809753418
309,0.04670758917927742,,204.68692803382874,5.911878347396851
310,0.04783241078257561,,205.3302025794983,5.9248316287994385
311,0.04781155288219452,,205.97306489944458,5.937764644622803
312,0.04938558489084244,,206.61577463150024,5.950698614120483
313,0.05163903906941414,,207.2573447227478,5.963732957839966
314,0.051638100296258926,,207.89911198616028,5.97666597366333
315,0.05611477792263031,,208.54308557510376,5.989669561386108
316,0.055344466120004654,,209.1847186088562,6.002569913864136
317,0.058826036751270294,,209.82748651504517,6.015525579452515
318,0.05888114124536514,,210.46989107131958,6.028494358062744
319,0.05822216719388962,,211.11179661750793,6.041442394256592
320,0.056973788887262344,,211.75343656539917,6.054444313049316
321,0.06366251409053802,,212.3966965675354,6.067433595657349
322,0.06215183809399605,,213.0383324623108,6.080477237701416
323,0.06441757827997208,,213.68120527267456,6.093499422073364
324,0.06469087302684784,,214.66432118415833,6.106518030166626
325,0.06419240683317184,,215.30740356445312,6.119472026824951
326,0.06784588098526001,,215.94890356063843,6.132462739944458
327,0.06137843802571297,,216.59057903289795,6.1453940868377686
328,0.05730742588639259,,217.23244905471802,6.158401012420654
329,0.0549430176615715,,217.8742060661316,6.171349763870239
330,0.05767189338803291,,218.5179045200348,6.184322834014893
331,0.05940735340118408,,219.1606729030609,6.1972668170928955
332,0.05996803194284439,,219.80213022232056,6.210284471511841
333,0.06349609047174454,,220.44538950920105,6.2232184410095215
334,0.06112316995859146,,221.08704543113708,6.236232280731201
335,0.05455811694264412,,221.73023653030396,6.2491607666015625
336,0.055827438831329346,,222.37253379821777,6.262125253677368
337,0.04690587893128395,,223.01628279685974,6.275073528289795
338,0.05326152220368385,,223.65811371803284,6.288088083267212
339,0.045229364186525345,,224.30028462409973,6.301021099090576
340,0.047490157186985016,,224.9422571659088,6.31406831741333
341,0.047604650259017944,,225.5849850177765,6.32704758644104
342,0.04453090578317642,,226.22792220115662,6.3399975299835205
343,0.04798358306288719,,226.8711760044098,6.352925062179565
344,0.04652431234717369,,227.51374459266663,6.3658833503723145
345,0.05413803085684776,,228.15685725212097,6.3788745403289795
346,0.04816238209605217,,228.801029920578,6.391826629638672
347,0.05179896950721741,,229.44299364089966,6.40483021736145
348,0.04681646078824997,,230.0862512588501,6.417797565460205
349,0.049679242074489594,,230.7300910949707,6.430809497833252
350,0.04464426264166832,,231.37173223495483,6.4437501430511475
351,0.050712745636701584,,232.3540256023407,6.456644058227539
352,0.0482654832303524,,232.99799251556396,6.469590663909912
353,0.08623970299959183,,233.63982248306274,6.482583045959473
354,0.06703133136034012,,234.2811782360077,6.495521783828735
355,0.06282878667116165,,234.92280220985413,6.508472681045532
356,0.04294871911406517,,235.56533288955688,6.521394729614258
357,0.04852130264043808,,236.20740509033203,6.534342288970947
358,0.04162700101733208,,236.84975671768188,6.547268867492676
359,0.04120722413063049,,237.49107241630554,6.560223579406738
360,0.04365828260779381,,238.132559299469,6.573168039321899
361,0.043679043650627136,,238.77433514595032,6.586117744445801
362,0.04164125397801399,,239.4175181388855,6.599031686782837
363,0.04456719383597374,,240.05854535102844,6.612019777297974
364,0.043409209698438644,,240.70049405097961,6.624956846237183
365,0.035228025168180466,,241.3431327342987,6.637900114059448
366,0.03647857904434204,,241.9854598045349,6.650832891464233
367,0.03603670001029968,,242.62650775909424,6.663776636123657
368,0.03912854939699173,,243.26925349235535,6.676700830459595
369,0.05179174244403839,,243.91124773025513,6.689628839492798
370,0.0548221729695797,,244.55301427841187,6.702598571777344
371,0.04005618765950203,,245.19450545310974,6.715591669082642
372,0.04113940894603729,,245.83765697479248,6.728540658950806
373,0.038155555725097656,,246.47968339920044,6.74150538444519
374,0.039373427629470825,,247.1213972568512,6.754471778869629
375,0.044533871114254,,247.76331448554993,6.767451524734497
376,0.040705595165491104,,248.40630841255188,6.780388116836548
377,0.041849032044410706,,249.04813694953918,6.7933173179626465
378,0.039527472108602524,,250.03076434135437,6.806281328201294
379,0.048981424421072006,,250.67329263687134,6.819257736206055
380,0.04326806217432022,,251.31546020507812,6.832238674163818
381,0.037389691919088364,,251.9571328163147,6.845240592956543
382,0.03558466583490372,,252.6000440120697,6.85818076133728
383,0.03492709994316101,,253.24100494384766,6.8711278438568115
384,0.03564047813415527,,253.88314819335938,6.884080171585083
385,0.04053695127367973,,254.52456712722778,6.897042512893677
386,0.03590588644146919,,255.1678056716919,6.910016059875488
387,0.04386446624994278,,255.8098509311676,6.923017263412476
388,0.035155296325683594,,256.4519691467285,6.936011552810669
389,0.032612111419439316,,257.0951347351074,6.949033498764038
390,0.040070030838251114,,257.7375259399414,6.962062358856201
391,0.036072272807359695,,258.38128662109375,6.9749915599823
392,0.03310742229223251,,259.0230839252472,6.988049030303955
393,0.03398292511701584,,259.6666810512543,7.001032829284668
394,0.032941561192274094,,260.3089818954468,7.014014959335327
395,0.03290795907378197,,260.9500699043274,7.026954650878906
396,0.0352666862308979,,261.5919225215912,7.039911270141602
397,0.034999292343854904,,262.2341091632843,7.052854776382446
398,0.03411359712481499,,262.876051902771,7.065781354904175
399,0.033754874020814896,,263.5182340145111,7.078713893890381
400,0.03621971234679222,,264.16140031814575,7.091712236404419
401,0.034362729638814926,,264.80349826812744,7.104681968688965
402,0.03456193208694458,,265.4460680484772,7.11764121055603
403,0.03913244977593422,,266.0884528160095,7.130560636520386
404,0.03798355162143707,,266.7310621738434,7.143492937088013
405,0.03504453971982002,,267.71470522880554,7.156498193740845
406,0.03376643732190132,,268.3573966026306,7.1695404052734375
407,0.03810610622167587,,268.99993109703064,7.182523012161255
408,0.033871568739414215,,269.64269375801086,7.195528268814087
409,0.045005928725004196,,270.2851438522339,7.2085278034210205
410,0.04208345711231232,,270.9285035133362,7.221484184265137
411,0.05725361034274101,,271.5700080394745,7.2345030307769775
412,0.05178309604525566,,272.21203780174255,7.247462034225464
413,0.04507217928767204,,272.854070186615,7.260425090789795
414,0.043222714215517044,,273.4973244667053,7.273414373397827
415,0.0420529842376709,,274.1386218070984,7.286414861679077
416,0.04493845999240875,,274.7813308238983,7.299415349960327
417,0.044624704867601395,,275.42291808128357,7.312379837036133
418,0.0480261854827404,,276.0669069290161,7.325334548950195
419,0.04670485854148865,,276.7089648246765,7.338337659835815
420,0.039851877838373184,,277.3509211540222,7.351321220397949
421,0.0394686721265316,,277.99250411987305,7.364278316497803
422,0.04257073253393173,,278.6352162361145,7.37729024887085
423,0.035690825432538986,,279.27702736854553,7.390273332595825
424,0.038558412343263626,,279.91976141929626,7.403254270553589
425,0.04176229238510132,,280.5613856315613,7.41622519493103
426,0.038578663021326065,,281.2035059928894,7.429239511489868
427,0.03471480682492256,,281.84526205062866,7.442168235778809
428,0.03838953748345375,,282.4869842529297,7.455167293548584
429,0.03773529455065727,,283.1289312839508,7.468117713928223
430,0.038257382810115814,,283.7707803249359,7.481113433837891
431,0.04081321507692337,,284.41207790374756,7.4940690994262695
432,0.03561504930257797,,285.3925030231476,7.506983041763306
433,0.042886994779109955,,286.0344543457031,7.519999980926514
434,0.05191713944077492,,286.67602348327637,7.533005952835083
435,0.03472854569554329,,287.3177578449249,7.54592227935791
436,0.03610270842909813,,287.95994663238525,7.55887770652771
437,0.04329371452331543,,288.6008355617523,7.571758508682251
438,0.03614005818963051,,289.2431015968323,7.584720611572266
439,0.03806319832801819,,289.88589549064636,7.597672700881958
440,0.034010518342256546,,290.52843379974365,7.610636949539185
441,0.03424204885959625,,291.17067670822144,7.623544216156006
442,0.03842753544449806,,291.8141441345215,7.636458158493042
443,0.032749056816101074,,292.45635509490967,7.649471044540405
444,0.03203145042061806,,293.1008789539337,7.662358522415161
445,0.03637448698282242,,293.74293327331543,7.67537522315979
446,0.041522350162267685,,294.38656997680664,7.688323736190796
447,0.03259893134236336,,295.0286374092102,7.70139217376709
448,0.030706506222486496,,295.67133259773254,7.714305639266968
449,0.031739961355924606,,296.31371665000916,7.727248191833496
450,0.03735112398862839,,296.95647168159485,7.740178346633911
451,0.03884860873222351,,297.59887075424194,7.753188133239746
452,0.03876178339123726,,298.24129247665405,7.766153812408447
453,0.03239668533205986,,298.88250851631165,7.779163599014282
454,0.03317740559577942,,299.52852272987366,7.792224407196045
455,0.03746473044157028,,300.16970014572144,7.805210828781128
456,0.0375521294772625,,300.8118357658386,7.818193435668945
457,0.03957274556159973,,301.45345282554626,7.831172704696655
458,0.03096480667591095,,302.09564995765686,7.844114780426025
459,0.037710338830947876,,303.0748062133789,7.8571226596832275
460,0.036233168095350266,,303.71644592285156,7.8700573444366455
461,0.03285803273320198,,304.3587167263031,7.883020401000977
462,0.03272639214992523,,305.0023674964905,7.895989418029785
463,0.03880806267261505,,305.64585065841675,7.9089202880859375
464,0.03646734356880188,,306.28750920295715,7.9219441413879395
465,0.029092658311128616,,306.92870116233826,7.934966087341309
466,0.03333941102027893,,307.5699951648712,7.947988510131836
467,0.03073522262275219,,308.2116162776947,7.960966348648071
468,0.03754503279924393,,308.8534903526306,7.973948240280151
469,0.03142715245485306,,309.4958097934723,7.986926078796387
470,0.03453206643462181,,310.13735580444336,7.999939918518066
471,0.03210081905126572,,310.77978682518005,8.012948751449585
472,0.044351913034915924,,311.42216396331787,8.025965452194214
473,0.04143769294023514,,312.0637125968933,8.03891658782959
474,0.03821837157011032,,312.70591163635254,8.051968574523926
475,0.044234130531549454,,313.34793877601624,8.064950227737427
476,0.0595429465174675,,313.98967838287354,8.077900171279907
477,0.0887724906206131,,314.6319987773895,8.090851306915283
478,0.058577436953783035,,315.2732048034668,8.10385274887085
479,0.05848756805062294,,315.9156696796417,8.116878509521484
480,0.060418348759412766,,316.5583758354187,8.129801034927368
481,0.04063574969768524,,317.20049715042114,8.142760276794434
482,0.03369323909282684,,317.8422439098358,8.155759572982788
483,0.038527607917785645,,318.4851257801056,8.168732643127441
484,0.0458260253071785,,319.1277916431427,8.1816987991333
485,0.05435998737812042,,319.77083683013916,8.194717645645142
486,0.04067770391702652,,320.75445795059204,8.207651376724243
487,0.04505337029695511,,321.39700150489807,8.22062373161316
488,0.04081049934029579,,322.0387258529663,8.233597993850708
489,0.04943813383579254,,322.68194818496704,8.246574878692627
490,0.04441777989268303,,323.3238134384155,8.259541988372803
491,0.041910603642463684,,323.96607851982117,8.272465467453003
492,0.04711488261818886,,324.60883021354675,8.285422325134277
493,0.04944503679871559,,325.2499830722809,8.29831576347351
494,0.04259888827800751,,325.89273738861084,8.311229705810547
495,0.04483689367771149,,326.53507828712463,8.324169158935547
496,0.038039326667785645,,327.1773850917816,8.337165832519531
497,0.035243093967437744,,327.81818866729736,8.35008692741394
498,0.03332554176449776,,328.46146059036255,8.36310601234436
499,0.038000211119651794,,329.1034882068634,8.375991582870483
500,0.03973105922341347,0.013079349882900715,329.7458438873291,10.264179944992065
501,0.04285998269915581,,330.38796520233154,10.277217149734497
502,0.03192496672272682,,331.0313866138458,10.290209531784058
503,0.032840367406606674,,331.6758110523224,10.30319595336914
504,0.038614094257354736,,332.31846809387207,10.316219329833984
505,0.030616553500294685,,332.95971751213074,10.329257249832153
506,0.028655072674155235,,333.60262084007263,10.342227458953857
507,0.02908206544816494,,334.2454483509064,10.355222225189209
508,0.037399422377347946,,334.8880617618561,10.36824917793274
509,0.03716082125902176,,335.53117966651917,10.381234169006348
510,0.04001777246594429,,336.17336869239807,10.39423418045044
511,0.037138111889362335,,336.8154544830322,10.407172441482544
512,0.033501267433166504,,337.4592182636261,10.420231103897095
513,0.030590174719691277,,338.4433147907257,10.433197021484375
514,0.039335157722234726,,339.0844841003418,10.446114301681519
515,0.03722415864467621,,339.7268126010895,10.459041833877563
516,0.030145637691020966,,340.3695402145386,10.471982717514038
517,0.03525512292981148,,341.01259684562683,10.484975099563599
518,0.03151966258883476,,341.6547763347626,10.49789571762085
519,0.0308982040733099,,342.29764771461487,10.510864734649658
520,0.030780162662267685,,342.94108271598816,10.52384638786316
521,0.03348776325583458,,343.5835461616516,10.5368070602417
522,0.03577440604567528,,344.2249872684479,10.549785614013672
523,0.03369608521461487,,344.8676724433899,10.562679529190063
524,0.036751680076122284,,345.5102643966675,10.575631141662598
525,0.04483100399374962,,346.15440225601196,10.588578701019287
526,0.04359034076333046,,346.7966947555542,10.601534128189087
527,0.037357691675424576,,347.44052934646606,10.61445140838623
528,0.05059465393424034,,348.0828607082367,10.627392768859863
529,0.040591638535261154,,348.72615003585815,10.640356302261353
530,0.036893267184495926,,349.3674490451813,10.653286218643188
531,0.03609973564743996,,350.01023745536804,10.666229248046875
532,0.038489822298288345,,350.6516454219818,10.67922043800354
533,0.04029419273138046,,351.29331254959106,10.692161798477173
534,0.04223349690437317,,351.93470644950867,10.705162525177002
535,0.06436552852392197,,352.5767967700958,10.718080043792725
536,0.04727485403418541,,353.21959829330444,10.731021165847778
537,0.05738215893507004,,353.8616232872009,10.743932008743286
538,0.062129490077495575,,354.50562167167664,10.756874322891235
539,0.04008442535996437,,355.14733934402466,10.769847869873047
540,0.040638308972120285,,356.1277506351471,10.782849788665771
541,0.04168856889009476,,356.7712092399597,10.795846223831177
542,0.04212601110339165,,357.4125545024872,10.808819770812988
543,0.03982100635766983,,358.05435252189636,10.821872472763062
544,0.04422948136925697,,358.6969072818756,10.834794759750366
545,0.043148115277290344,,359.3390350341797,10.847776412963867
546,0.04207362234592438,,359.9816462993622,10.860732555389404
547,0.042115867137908936,,360.6250169277191,10.873788356781006
548,0.0490642711520195,,361.2666611671448,10.88674521446228
549,0.04982020705938339,,361.91162109375,10.899701595306396
550,0.05313677340745926,,362.5546064376831,10.91269826889038
551,0.0549439899623394,,363.199027299881,10.925657272338867
552,0.04908985272049904,,363.84035754203796,10.938625574111938
553,0.04802833870053291,,364.4836344718933,10.951570272445679
554,0.04439076408743858,,365.126345872879,10.964537382125854
555,0.044852498918771744,,365.76831555366516,10.977521181106567
556,0.04461890831589699,,366.41083574295044,10.990485191345215
557,0.04036618396639824,,367.0535960197449,11.003415584564209
558,0.03681960701942444,,367.69715094566345,11.016407251358032
559,0.03572292625904083,,368.3407096862793,11.029361486434937
560,0.03310520946979523,,368.9816794395447,11.042320966720581
561,0.030840665102005005,,369.62410163879395,11.055273056030273
562,0.03278582543134689,,370.2660541534424,11.068272113800049
563,0.029332729056477547,,370.9074442386627,11.08125925064087
564,0.0309666246175766,,371.55059790611267,11.094209909439087
565,0.03269065171480179,,372.19364833831787,11.107106447219849
566,0.04318922758102417,,372.8363211154938,11.12007474899292
567,0.057896215468645096,,373.81967401504517,11.133107423782349
568,0.05620862916111946,,374.4611175060272,11.146054983139038
569,0.03743426501750946,,375.1028022766113,11.159065008163452
570,0.03483757749199867,,375.7438597679138,11.172030448913574
571,0.034644097089767456,,376.38606548309326,11.185021162033081
572,0.03375843167304993,,377.02737736701965,11.198046445846558
573,0.03339283913373947,,377.67039012908936,11.211016654968262
574,0.03365062549710274,,378.3120651245117,11.224003553390503
575,0.032837990671396255,,378.9560172557831,11.23695158958435
576,0.02968135103583336,,379.59719920158386,11.249896764755249
577,0.029258690774440765,,380.23901176452637,11.262879133224487
578,0.02813362330198288,,380.8807792663574,11.275871276855469
579,0.026987964287400246,,381.52309370040894,11.288878679275513
580,0.030511930584907532,,382.16467118263245,11.301838636398315
581,0.028951099142432213,,382.8065776824951,11.314836978912354
582,0.025891311466693878,,383.4479887485504,11.327823638916016
583,0.02632019855082035,,384.09061908721924,11.340829610824585
584,0.028692176565527916,,384.7325632572174,11.353781938552856
585,0.028279216960072517,,385.376428604126,11.366794347763062
586,0.03074568510055542,,386.0185408592224,11.379786014556885
587,0.030806049704551697,,386.66158723831177,11.39277958869934
588,0.032739464193582535,,387.30416345596313,11.405791521072388
589,0.034154921770095825,,387.9479842185974,11.418769598007202
590,0.035160984843969345,,388.59142088890076,11.431748390197754
591,0.031903743743896484,,389.2331712245941,11.444775819778442
592,0.03180091083049774,,389.8745970726013,11.45781660079956
593,0.031817495822906494,,390.51617884635925,11.470801830291748
594,0.032629694789648056,,391.49651074409485,11.483742952346802
595,0.03190259262919426,,392.1384108066559,11.49668574333191
596,0.03243832662701607,,392.77993512153625,11.509604215621948
597,0.030939385294914246,,393.4231951236725,11.522539377212524
598,0.03256508708000183,,394.0651752948761,11.535573959350586
599,0.03561451658606529,,394.70811104774475,11.548497915267944
600,0.03284776955842972,,395.3497519493103,11.561713695526123
601,0.056942008435726166,,395.99150133132935,11.574699640274048
602,0.035118840634822845,,396.63268518447876,11.58766770362854
603,0.033616673201322556,,397.2742910385132,11.600578308105469
604,0.026585794985294342,,397.9160430431366,11.613536596298218
605,0.026880083605647087,,398.55971932411194,11.62642502784729
606,0.025121597573161125,,399.2012948989868,11.639390468597412
607,0.026461733505129814,,399.8435914516449,11.652310132980347
608,0.030628807842731476,,400.48572731018066,11.665274620056152
609,0.025783441960811615,,401.1279196739197,11.67824411392212
610,0.02638942562043667,,401.77066469192505,11.69121527671814
611,0.02348247542977333,,402.41329312324524,11.704288721084595
612,0.02265944331884384,,403.0549404621124,11.717314004898071
613,0.01978924125432968,,403.6975586414337,11.730329036712646
614,0.023287946358323097,,404.33880591392517,11.74332070350647
615,0.02600252442061901,,404.980970621109,11.756314277648926
616,0.025455845519900322,,405.62250661849976,11.769283771514893
617,0.025061437860131264,,406.2650763988495,11.782273769378662
618,0.023140471428632736,,406.90866708755493,11.795304536819458
619,0.023526156321167946,,407.5504741668701,11.808298826217651
620,0.023646561428904533,,408.1918408870697,11.821234464645386
621,0.02274763211607933,,409.1727397441864,11.834139823913574
622,0.02132190391421318,,409.81598591804504,11.847120523452759
623,0.02107834257185459,,410.4586572647095,11.860049486160278
624,0.021146032959222794,,411.10080885887146,11.873023748397827
625,0.02163763716816902,,411.74337553977966,11.886029243469238
626,0.023843394592404366,,412.38523030281067,11.899101495742798
627,0.02746991254389286,,413.02808237075806,11.912147283554077
628,0.02730143815279007,,413.6698319911957,11.925114154815674
629,0.024439604952931404,,414.3130180835724,11.938057661056519
630,0.020831411704421043,,414.95592856407166,11.950978994369507
631,0.026256082579493523,,415.59806275367737,11.963985443115234
632,0.023257041350007057,,416.2408986091614,11.976964235305786
633,0.020054804161190987,,416.8823606967926,11.990004777908325
634,0.02066233567893505,,417.5255823135376,12.003054857254028
635,0.025931470096111298,,418.1677973270416,12.016006469726562
636,0.018373506143689156,,418.81096506118774,12.028977155685425
637,0.018772663548588753,,419.4538369178772,12.041938543319702
638,0.018674492835998535,,420.096542596817,12.054931879043579
639,0.020222248509526253,,420.739511013031,12.06788420677185
640,0.02136748842895031,,421.38107657432556,12.080853939056396
641,0.023013172671198845,,422.02395272254944,12.093825578689575
642,0.01906920224428177,,422.6675925254822,12.10677433013916
643,0.01811855100095272,,423.3103892803192,12.11974310874939
644,0.019518425688147545,,423.95400834083557,12.132739305496216
645,0.017584728077054024,,424.59531259536743,12.145718336105347
646,0.01841066963970661,,425.2369523048401,12.158682107925415
647,0.017877351492643356,,425.8799548149109,12.171624422073364
648,0.01782901957631111,,426.86250734329224,12.18460202217102
649,0.0188886821269989,,427.5062656402588,12.197553157806396
650,0.020523518323898315,,428.1485185623169,12.21049427986145
651,0.02743351086974144,,428.7903389930725,12.223409414291382
652,0.025042612105607986,,429.43267130851746,12.236284017562866
653,0.022146616131067276,,430.0757944583893,12.249282360076904
654,0.02058280259370804,,430.71778988838196,12.26220417022705
655,0.017511604353785515,,431.3593080043793,12.275125980377197
656,0.020547928288578987,,432.0008146762848,12.288050651550293
657,0.029646065086126328,,432.64412331581116,12.300973176956177
658,0.035963695496320724,,433.28712034225464,12.313934803009033
659,0.02534962072968483,,433.9298131465912,12.32683539390564
660,0.03232421725988388,,434.5724413394928,12.339767217636108
661,0.023644467815756798,,435.2142081260681,12.352763652801514
662,0.025838250294327736,,435.85597681999207,12.365734338760376
663,0.021046441048383713,,436.49871826171875,12.378712892532349
664,0.024798227474093437,,437.1414496898651,12.391733407974243
665,0.024849236011505127,,437.7839848995209,12.404691696166992
666,0.021858535706996918,,438.42704033851624,12.41768193244934
667,0.023616090416908264,,439.0706353187561,12.430696487426758
668,0.0269502941519022,,439.7139196395874,12.443710565567017
669,0.03104538843035698,,440.3575210571289,12.456682920455933
670,0.03497781977057457,,440.9990978240967,12.469640016555786
671,0.022361688315868378,,441.6410093307495,12.482632160186768
672,0.02160666510462761,,442.2831070423126,12.495686531066895
673,0.01986287720501423,,442.9259498119354,12.508703470230103
674,0.019441969692707062,,443.567818403244,12.5216805934906
675,0.02204572595655918,,444.54915857315063,12.534655094146729
676,0.02535049058496952,,445.1898760795593,12.54767894744873
677,0.03149152919650078,,445.8332591056824,12.560593366622925
678,0.030594559386372566,,446.47522711753845,12.57356858253479
679,0.022656064480543137,,447.1185610294342,12.586525201797485
680,0.02144397608935833,,447.7606797218323,12.599506139755249
681,0.025910474359989166,,448.40303444862366,12.612436771392822
682,0.025519536808133125,,449.04573035240173,12.625420570373535
683,0.019948795437812805,,449.68860363960266,12.638396263122559
684,0.020521745085716248,,450.3314685821533,12.65138840675354
685,0.024167966097593307,,450.97428941726685,12.664309024810791
686,0.022965267300605774,,451.6156780719757,12.677266359329224
687,0.025925694033503532,,452.25733828544617,12.690205335617065
688,0.03537587821483612,,452.8992192745209,12.703172206878662
689,0.020287610590457916,,453.54263830184937,12.716161727905273
690,0.022105282172560692,,454.1840465068817,12.729085445404053
691,0.018346622586250305,,454.8263566493988,12.741999864578247
692,0.022906726226210594,,455.4683256149292,12.754902839660645
693,0.025447620078921318,,456.11164259910583,12.767851114273071
694,0.027848374098539352,,456.7524936199188,12.780773639678955
695,0.025792840868234634,,457.3958854675293,12.793702125549316
696,0.021445607766509056,,458.0379843711853,12.806637525558472
697,0.018311496824026108,,458.68161034584045,12.819578647613525
698,0.016768284142017365,,459.32439661026,12.832506656646729
699,0.01743827573955059,,459.96691489219666,12.845432758331299
700,0.017696978524327278,,460.6083359718323,12.858369827270508
701,0.020336033776402473,,461.2510118484497,12.871325254440308
702,0.021965570747852325,,462.2334690093994,12.884346008300781
703,0.04204896092414856,,462.8769483566284,12.897289276123047
704,0.04258125275373459,,463.51807403564453,12.910224437713623
705,0.02756698615849018,,464.1603915691376,12.923243284225464
706,0.03243508189916611,,464.80157828330994,12.936303853988647
707,0.02192029170691967,,465.44390964508057,12.949300765991211
708,0.02211449295282364,,466.085262298584,12.962242126464844
709,0.034113574773073196,,466.72808861732483,12.975299596786499
710,0.028839441016316414,,467.3709239959717,12.988319873809814
711,0.02693946659564972,,468.01295614242554,13.001295804977417
712,0.03148457035422325,,468.6551365852356,13.014338970184326
713,0.020126577466726303,,469.29702496528625,13.027285814285278
714,0.024790538474917412,,469.938357591629,13.040227890014648
715,0.03134702146053314,,470.58175587654114,13.053130149841309
716,0.024915406480431557,,471.2248327732086,13.06607699394226
717,0.04811153560876846,,471.8672556877136,13.079036951065063
718,0.05036788061261177,,472.50849080085754,13.091978073120117
719,0.04898131266236305,,473.15190291404724,13.10489559173584
720,0.021175922825932503,,473.79524326324463,13.117804288864136
721,0.03723384439945221,,474.4365212917328,13.130714416503906
722,0.06197402998805046,,475.0799205303192,13.143674850463867
723,0.045756638050079346,,475.721839427948,13.15664529800415
724,0.04400418698787689,,476.3640971183777,13.169565677642822
725,0.033255789428949356,,477.0062334537506,13.182499647140503
726,0.04436124861240387,,477.64780855178833,13.195443391799927
727,0.030026499181985855,,478.29022240638733,13.208417415618896
728,0.025003783404827118,,478.93224263191223,13.221341371536255
729,0.014610754325985909,,479.9155900478363,13.234316110610962
730,0.01777501218020916,,480.5583381652832,13.247371673583984
731,0.021347109228372574,,481.2014751434326,13.260384559631348
732,0.015726415440440178,,481.8426082134247,13.273359775543213
733,0.018442165106534958,,482.48699259757996,13.28633999824524
734,0.03135331720113754,,483.1294448375702,13.299314022064209
735,0.023591874167323112,,483.77164244651794,13.312313795089722
736,0.01938847079873085,,484.41408014297485,13.325328826904297
737,0.015382714569568634,,485.055766582489,13.33829665184021
738,0.019253132864832878,,485.6972622871399,13.351299047470093
739,0.019385043531656265,,486.3400950431824,13.3642737865448
740,0.014426368288695812,,486.98164677619934,13.377193689346313
741,0.01982797309756279,,487.6242883205414,13.390199899673462
742,0.018276043236255646,,488.2664918899536,13.403213262557983
743,0.015188808552920818,,488.9104609489441,13.416183948516846
744,0.015980537980794907,,489.55182814598083,13.429156303405762
745,0.015927031636238098,,490.19614577293396,13.442094087600708
746,0.01563876122236252,,490.8375039100647,13.455066442489624
747,0.014255731366574764,,491.48029494285583,13.468036651611328
748,0.014451875351369381,,492.1217107772827,13.481014490127563
749,0.015529651194810867,,492.7650537490845,13.493981838226318
750,0.019286049529910088,,493.40721106529236,13.506953716278076
751,0.01407212857156992,,494.0498263835907,13.519896745681763
752,0.020506544038653374,,494.69098687171936,13.532859086990356
753,0.01375807635486126,,495.33352994918823,13.545794010162354
754,0.015344284474849701,,495.97570061683655,13.558752298355103
755,0.01607561856508255,,496.62058305740356,13.571717500686646
756,0.022961657494306564,,497.5989511013031,13.584740400314331
757,0.017631584778428078,,498.2405824661255,13.597728729248047
758,0.029906844720244408,,498.88247323036194,13.610724210739136
759,0.03192134201526642,,499.5248866081238,13.623762607574463
760,0.015422030352056026,,500.1664996147156,13.636764526367188
761,0.014877619221806526,,500.8087043762207,13.64972186088562
762,0.024926435202360153,,501.45048236846924,13.662718534469604
763,0.018317028880119324,,502.0920388698578,13.675708055496216
764,0.015089267864823341,,502.7337143421173,13.688695192337036
765,0.01752072386443615,,503.3757436275482,13.701660871505737
766,0.019605161622166634,,504.0177025794983,13.714605331420898
767,0.01590065471827984,,504.6596474647522,13.727560043334961
768,0.02308419719338417,,505.30166935920715,13.740500688552856
769,0.017525333911180496,,505.94363594055176,13.753469467163086
770,0.01708173379302025,,506.58553409576416,13.766357660293579
771,0.015654660761356354,,507.2281684875488,13.779267072677612
772,0.017429478466510773,,507.8693878650665,13.792295217514038
773,0.026491325348615646,,508.5130834579468,13.805241107940674
774,0.01539442129433155,,509.15654134750366,13.818209409713745
775,0.014747897163033485,,509.7997086048126,13.831166982650757
776,0.015902696177363396,,510.44144344329834,13.844091653823853
777,0.023317329585552216,,511.0847053527832,13.857023000717163
778,0.016956979408860207,,511.7264401912689,13.869992017745972
779,0.01557557936757803,,512.3698883056641,13.882956504821777
780,0.017074739560484886,,513.0124139785767,13.895886182785034
781,0.020445676520466805,,513.6559565067291,13.908822298049927
782,0.017658503726124763,,514.298764705658,13.92179012298584
783,0.01912638172507286,,515.2818293571472,13.934779644012451
784,0.031298939138650894,,515.9240639209747,13.947788953781128
785,0.026185065507888794,,516.5665812492371,13.960802555084229
786,0.029657473787665367,,517.2092931270599,13.97382140159607
787,0.03304748237133026,,517.8523988723755,13.986793994903564
788,0.02775581367313862,,518.4940147399902,13.999773025512695
789,0.021700724959373474,,519.1376979351044,14.012752771377563
790,0.021018119528889656,,519.7812888622284,14.025695562362671
791,0.023345597088336945,,520.4234173297882,14.038711309432983
792,0.02365565486252308,,521.0661640167236,14.051679611206055
793,0.028533820062875748,,521.7093279361725,14.064677000045776
794,0.021197844296693802,,522.3513939380646,14.077612161636353
795,0.025967858731746674,,522.9934501647949,14.090578317642212
796,0.03435158729553223,,523.635381937027,14.10355257987976
797,0.03125794604420662,,524.2792525291443,14.116512775421143
798,0.02289537712931633,,524.9217205047607,14.12948989868164
799,0.016093844547867775,,525.565327167511,14.142500400543213
800,0.016554715111851692,,526.2081570625305,14.155459642410278
801,0.017895562574267387,,526.8502373695374,14.168483257293701
802,0.016399715095758438,,527.4926054477692,14.181434392929077
803,0.026713520288467407,,528.1353781223297,14.194472551345825
804,0.04910597205162048,,528.7768402099609,14.207470893859863
805,0.03385943919420242,,529.4185402393341,14.220485925674438
806,0.02014538086950779,,530.0606136322021,14.233414649963379
807,0.02091185376048088,,530.7034637928009,14.246456623077393
808,0.026775334030389786,,531.3472454547882,14.259437322616577
809,0.02650482766330242,,531.9894740581512,14.272458791732788
810,0.0255181472748518,,532.9705502986908,14.28539228439331
811,0.023676414042711258,,533.6126532554626,14.29834508895874
812,0.020484603941440582,,534.2553019523621,14.31131649017334
813,0.019665375351905823,,534.8970630168915,14.324244976043701
814,0.018829096108675003,,535.5389933586121,14.33717131614685
815,0.019805466756224632,,536.1816086769104,14.350114107131958
816,0.02823084034025669,,536.8236305713654,14.363073110580444
817,0.02054513804614544,,537.4676403999329,14.376084804534912
818,0.01712137460708618,,538.1105318069458,14.389019250869751
819,0.018158014863729477,,538.7535362243652,14.401977062225342
820,0.022207606583833694,,539.3968057632446,14.41489291191101
821,0.021453380584716797,,540.0388083457947,14.427865982055664
822,0.02135665901005268,,540.6809151172638,14.440859079360962
823,0.023986004292964935,,541.3231933116913,14.453915357589722
824,0.018691854551434517,,541.9641714096069,14.466909170150757
825,0.022269198670983315,,542.6078565120697,14.47992491722107
826,0.01777888834476471,,543.2502393722534,14.492926359176636
827,0.016385609284043312,,543.8916208744049,14.505930662155151
828,0.025668377056717873,,544.5336589813232,14.51896071434021
829,0.02058141492307186,,545.1758704185486,14.531982421875
830,0.019713081419467926,,545.8183925151825,14.544993162155151
831,0.029837796464562416,,546.4614295959473,14.557965993881226
832,0.020360780879855156,,547.1038296222687,14.570967435836792
833,0.016573363915085793,,547.747011423111,14.583988189697266
834,0.019911792129278183,,548.3887090682983,14.597015857696533
835,0.022564003244042397,,549.0309584140778,14.610033988952637
836,0.01722821593284607,,549.6728420257568,14.623029470443726
837,0.017581356689333916,,550.6524226665497,14.635963439941406
838,0.014931848272681236,,551.2937049865723,14.648849487304688
839,0.015518547035753727,,551.935647726059,14.661879539489746
840,0.022120973095297813,,552.5775144100189,14.674782991409302
841,0.01954023726284504,,553.2194273471832,14.687767505645752
842,0.017330747097730637,,553.8610122203827,14.70067572593689
843,0.018622413277626038,,554.5055620670319,14.713675737380981
844,0.01761896349489689,,555.1472234725952,14.726614713668823
845,0.01779088005423546,,555.7912464141846,14.739662170410156
846,0.015758588910102844,,556.4341335296631,14.752591371536255
847,0.019047683104872704,,557.0757660865784,14.765538215637207
848,0.017642773687839508,,557.7175822257996,14.778554201126099
849,0.022803720086812973,,558.359391450882,14.79157018661499
850,0.020262133330106735,,559.0012333393097,14.804514646530151
851,0.0216559786349535,,559.6452989578247,14.817488670349121
852,0.022901523858308792,,560.2880399227142,14.830421447753906
853,0.019579865038394928,,560.9296612739563,14.843328475952148
854,0.017303483560681343,,561.5716307163239,14.856297254562378
855,0.026428071781992912,,562.2148752212524,14.869327545166016
856,0.02224014699459076,,562.8560011386871,14.88230562210083
857,0.015112067572772503,,563.4980392456055,14.895251989364624
858,0.016353793442249298,,564.139527797699,14.908203601837158
859,0.021420026198029518,,564.7817130088806,14.921177387237549
860,0.015317535027861595,,565.4234454631805,14.934176445007324
861,0.017146719619631767,,566.0663993358612,14.947181463241577
862,0.016962695866823196,,566.7088615894318,14.96017837524414
863,0.017857177183032036,,567.350994348526,14.973159313201904
864,0.017376914620399475,,568.3341634273529,14.986090660095215
865,0.024242712184786797,,568.9773845672607,14.99901294708252
866,0.017145337536931038,,569.6193208694458,15.012000799179077
867,0.017290355637669563,,570.2632308006287,15.024925708770752
868,0.018105171620845795,,570.9047498703003,15.037902355194092
869,0.01885741949081421,,571.54709815979,15.050923109054565
870,0.022117191925644875,,572.188187122345,15.063945293426514
871,0.020080339163541794,,572.8318107128143,15.076882600784302
872,0.025628691539168358,,573.4739813804626,15.089879274368286
873,0.02235874906182289,,574.1167786121368,15.10280466079712
874,0.022469965741038322,,574.7591180801392,15.115698337554932
875,0.019794577732682228,,575.4026765823364,15.128690958023071
876,0.018835924565792084,,576.0446410179138,15.141632556915283
877,0.019694076851010323,,576.6887493133545,15.154613018035889
878,0.01876223087310791,,577.3296654224396,15.167559623718262
879,0.021092215552926064,,577.9718704223633,15.180519819259644
880,0.020471297204494476,,578.6141562461853,15.1934974193573
881,0.022528182715177536,,579.256769657135,15.206479549407959
882,0.021015631034970284,,579.8982033729553,15.219516277313232
883,0.025727029889822006,,580.5415136814117,15.232481241226196
884,0.019261788576841354,,581.1829626560211,15.245477199554443
885,0.020162146538496017,,581.8248631954193,15.258484601974487
886,0.01975269429385662,,582.4679341316223,15.271456003189087
887,0.029290849342942238,,583.1098623275757,15.284416437149048
888,0.02155035175383091,,583.7522020339966,15.297392845153809
889,0.023140380159020424,,584.3945252895355,15.310417890548706
890,0.022105291485786438,,585.0361869335175,15.32339596748352
891,0.024707967415452003,,586.0188863277435,15.336297750473022
892,0.0251342561095953,,586.6615750789642,15.349295854568481
893,0.024914277717471123,,587.3036625385284,15.362294435501099
894,0.01588127389550209,,587.9447784423828,15.37519359588623
895,0.03042597323656082,,588.5867774486542,15.388112783432007
896,0.02897191233932972,,589.2277307510376,15.401047945022583
897,0.02707522362470627,,589.8707690238953,15.413963556289673
898,0.02307756617665291,,590.5118472576141,15.426895141601562
899,0.022838352248072624,,591.1556589603424,15.439850330352783
900,0.024591971188783646,,591.7984728813171,15.452774286270142
901,0.023163171485066414,,592.4421057701111,15.46579122543335
902,0.018316341564059258,,593.0846247673035,15.478698253631592
903,0.019760802388191223,,593.7271752357483,15.491621732711792
904,0.02162657491862774,,594.3697021007538,15.504592657089233
905,0.017218397930264473,,595.0130770206451,15.517534255981445
906,0.017523206770420074,,595.654620885849,15.530507802963257
907,0.015252281911671162,,596.296445608139,15.543421506881714
908,0.0159723199903965,,596.9380149841309,15.556361198425293
909,0.018579311668872833,,597.5801632404327,15.569308757781982
910,0.016592727974057198,,598.2238731384277,15.582202672958374
911,0.015453816391527653,,598.8670318126678,15.595109224319458
912,0.016088176518678665,,599.5085170269012,15.608079195022583
913,0.014715321362018585,,600.1507301330566,15.620997905731201
914,0.017410386353731155,,600.792475938797,15.633880853652954
915,0.015082945115864277,,601.43616938591,15.64682388305664
916,0.013710864819586277,,602.0777657032013,15.659740447998047
917,0.018533829599618912,,602.7202661037445,15.672686338424683
918,0.018969759345054626,,603.7009432315826,15.685712337493896
919,0.01961156725883484,,604.34401512146,15.698749542236328
920,0.02954152226448059,,604.9856996536255,15.71176791191101
921,0.019833650439977646,,605.6282470226288,15.724762201309204
922,0.017118284478783607,,606.2701704502106,15.737726926803589
923,0.02055501565337181,,606.9122304916382,15.750673055648804
924,0.018827680498361588,,607.5549416542053,15.763734340667725
925,0.013274206779897213,,608.1964325904846,15.776750326156616
926,0.016965828835964203,,608.8387620449066,15.78971266746521
927,0.014055022969841957,,609.4807133674622,15.802687406539917
928,0.012073330581188202,,610.1222701072693,15.815597534179688
929,0.016718724742531776,,610.7654685974121,15.828556776046753
930,0.014584516175091267,,611.4067938327789,15.841491460800171
931,0.011642109602689743,,612.0486211776733,15.854456186294556
932,0.010666757822036743,,612.6919093132019,15.86737847328186
933,0.011510771699249744,,613.3334596157074,15.88031554222107
934,0.011295190081000328,,613.9747467041016,15.893250942230225
935,0.01116116065531969,,614.6166481971741,15.9061439037323
936,0.015350858680903912,,615.2595398426056,15.919107913970947
937,0.012195833027362823,,615.9012513160706,15.932082891464233
938,0.01652486063539982,,616.5441861152649,15.945016384124756
939,0.02569340541958809,,617.1854865550995,15.957967519760132
940,0.015207347460091114,,617.8288064002991,15.97091794013977
941,0.02013402059674263,,618.4705283641815,15.983833074569702
942,0.012902652844786644,,619.1120443344116,15.996749877929688
943,0.016466427594423294,,619.7547776699066,16.009714603424072
944,0.011891607195138931,,620.3963587284088,16.022679567337036
945,0.013513430953025818,,621.3801658153534,16.035675048828125
946,0.014066492207348347,,622.0225989818573,16.04867911338806
947,0.015318167395889759,,622.665031671524,16.061710357666016
948,0.023646080866456032,,623.3063671588898,16.074665546417236
949,0.013004402630031109,,623.9483392238617,16.087615251541138
950,0.014458741061389446,,624.5894186496735,16.100574254989624
951,0.029460357502102852,,625.2318968772888,16.11360216140747
952,0.01894230954349041,,625.8732705116272,16.126576900482178
953,0.02222842164337635,,626.5157947540283,16.13954782485962
954,0.0304208192974329,,627.1592185497284,16.152499675750732
955,0.01823352836072445,,627.8011317253113,16.165468454360962
956,0.017488257959485054,,628.4428062438965,16.17844271659851
957,0.029858822003006935,,629.0860068798065,16.19140911102295
958,0.023838475346565247,,629.7287981510162,16.2043879032135
959,0.018263518810272217,,630.3720576763153,16.217316389083862
960,0.021246083080768585,,631.014762878418,16.23030710220337
961,0.01944420114159584,,631.6578266620636,16.243304014205933
962,0.02355063147842884,,632.2999782562256,16.256276845932007
963,0.021224388852715492,,632.9427492618561,16.269294023513794
964,0.017212459817528725,,633.5851447582245,16.28225612640381
965,0.02006843499839306,,634.2281095981598,16.29528546333313
966,0.01980467513203621,,634.8703043460846,16.308303594589233
967,0.016072791069746017,,635.5129389762878,16.321309089660645
968,0.01641998067498207,,636.1546175479889,16.334251880645752
969,0.015071273781359196,,636.7959215641022,16.347265481948853
970,0.016122912988066673,,637.4385781288147,16.36026167869568
971,0.017018962651491165,,638.0807316303253,16.373265981674194
972,0.02125086635351181,,639.0611050128937,16.386500358581543
973,0.016915665939450264,,639.7031626701355,16.39947247505188
974,0.02153293788433075,,640.3472952842712,16.412492513656616
975,0.017302680760622025,,640.9909329414368,16.425456285476685
976,0.01923997513949871,,641.6320781707764,16.438456773757935
977,0.022049661725759506,,642.2751085758209,16.451418161392212
978,0.020544838160276413,,642.9170725345612,16.46443271636963
979,0.020359965041279793,,643.5610830783844,16.477341413497925
980,0.024246826767921448,,644.2036933898926,16.490314960479736
981,0.019576651975512505,,644.8457934856415,16.503327131271362
982,0.020295554772019386,,645.4880783557892,16.516287088394165
983,0.017430970445275307,,646.1307444572449,16.529210090637207
984,0.016225913539528847,,646.7733688354492,16.542356967926025
985,0.015966400504112244,,647.4152126312256,16.55528974533081
986,0.016051767393946648,,648.0578541755676,16.568209409713745
987,0.022983534261584282,,648.7001883983612,16.581202268600464
988,0.01573631726205349,,649.3433880805969,16.594175577163696
989,0.015509607270359993,,649.9866173267365,16.60720920562744
990,0.015270428732037544,,650.6292355060577,16.62011432647705
991,0.016328154131770134,,651.271831035614,16.633100748062134
992,0.014340127818286419,,651.914598941803,16.646053075790405
993,0.03627437353134155,,652.5567502975464,16.659095764160156
994,0.028859682381153107,,653.1991822719574,16.672024250030518
995,0.01353564765304327,,653.8422331809998,16.685028076171875
996,0.014845489524304867,,654.4835002422333,16.697923183441162
997,0.016812585294246674,,655.1256544589996,16.71088981628418
998,0.014020033180713654,,655.7674059867859,16.723807096481323
999,0.01887732371687889,,656.7482430934906,16.736751079559326
1000,0.023326309397816658,0.007983166724443436,657.390038728714,18.624021530151367
1001,0.0145009970292449,,658.032764673233,18.63698434829712
1002,0.0178934745490551,,658.6737203598022,18.649972438812256
1003,0.018011147156357765,,659.3163542747498,18.66296148300171
1004,0.016951896250247955,,659.9579076766968,18.67591428756714
1005,0.016768863424658775,,660.5995597839355,18.688894748687744
1006,0.01605815254151821,,661.2415955066681,18.701868772506714
1007,0.015229674987494946,,661.8835625648499,18.71484088897705
1008,0.01148065086454153,,662.5239744186401,18.72781276702881
1009,0.011009132489562035,,663.1660487651825,18.740759134292603
1010,0.016472570598125458,,663.8070087432861,18.753740310668945
1011,0.014286590740084648,,664.4483442306519,18.766783714294434
1012,0.019769983366131783,,665.091144323349,18.779784440994263
1013,0.016734151169657707,,665.7338137626648,18.79276728630066
1014,0.018896380439400673,,666.3768639564514,18.80574083328247
1015,0.02045583724975586,,667.0200536251068,18.818734884262085
1016,0.020684095099568367,,667.6618168354034,18.83170437812805
1017,0.019362157210707664,,668.3033268451691,18.844684600830078
1018,0.017009221017360687,,668.9450979232788,18.857656002044678
1019,0.021878333762288094,,669.5866196155548,18.87062120437622
1020,0.012410610914230347,,670.2294237613678,18.883662700653076
1021,0.016609827056527138,,670.8731491565704,18.89664888381958
1022,0.02193600870668888,,671.515141248703,18.909621238708496
1023,0.014269411563873291,,672.1587133407593,18.922576427459717
1024,0.012013692408800125,,672.8012592792511,18.93561315536499
1025,0.018207043409347534,,673.443274974823,18.948601961135864
1026,0.01959339901804924,,674.4254670143127,18.96159529685974
1027,0.015161456540226936,,675.0681331157684,18.974515914916992
1028,0.01807348057627678,,675.7096247673035,18.987473249435425
1029,0.01579117402434349,,676.3527262210846,19.00039029121399
1030,0.012402231805026531,,676.994410276413,19.013335943222046
1031,0.018988918513059616,,677.6359360218048,19.02630066871643
1032,0.014669723808765411,,678.277544260025,19.039294481277466
1033,0.016055436804890633,,678.9192726612091,19.052197694778442
1034,0.01711491495370865,,679.5602121353149,19.065179109573364
1035,0.015165426768362522,,680.2029197216034,19.078136444091797
1036,0.012600453570485115,,680.8451888561249,19.09114980697632
1037,0.013515924103558064,,681.4878952503204,19.104112148284912
1038,0.011615592986345291,,682.1290903091431,19.11709213256836
1039,0.014979944564402103,,682.771721124649,19.1301007270813
1040,0.014943541958928108,,683.4134390354156,19.14311194419861
1041,0.012088443152606487,,684.0552065372467,19.15609908103943
1042,0.011743761599063873,,684.697478055954,19.1690673828125
1043,0.018776144832372665,,685.3393275737762,19.182093858718872
1044,0.017863154411315918,,685.9830787181854,19.195059299468994
1045,0.02402791939675808,,686.6269037723541,19.20803666114807
1046,0.021693972870707512,,687.2684831619263,19.22096538543701
1047,0.017471252009272575,,687.9110474586487,19.233955144882202
1048,0.012713260017335415,,688.5528814792633,19.246946334838867
1049,0.01310200709849596,,689.1954786777496,19.259918451309204
1050,0.017674462869763374,,689.8390028476715,19.2728853225708
1051,0.016367821022868156,,690.4813287258148,19.28585982322693
1052,0.020128626376390457,,691.1231985092163,19.2988440990448
1053,0.011519480496644974,,692.1038906574249,19.311813592910767
1054,0.01248803362250328,,692.7457184791565,19.32475519180298
1055,0.01248379610478878,,693.3869323730469,19.33769726753235
1056,0.011427083052694798,,694.0295128822327,19.350654363632202
1057,0.019549138844013214,,694.6712436676025,19.363571405410767
1058,0.017976313829421997,,695.3122458457947,19.37652087211609
1059,0.02094695344567299,,695.9540152549744,19.389461278915405
1060,0.015426580794155598,,696.5962126255035,19.40239429473877
1061,0.016118990257382393,,697.2381505966187,19.41531229019165
1062,0.01258404552936554,,697.8799407482147,19.42828130722046
1063,0.015604283660650253,,698.5241138935089,19.4412260055542
1064,0.01580844447016716,,699.1656694412231,19.454219341278076
1065,0.014769846573472023,,699.8082106113434,19.46717667579651
1066,0.019536806270480156,,700.4508352279663,19.480116367340088
1067,0.01344059407711029,,701.0935633182526,19.493059635162354
1068,0.02273167110979557,,701.735603094101,19.506014585494995
1069,0.030291708186268806,,702.377236366272,19.518940210342407
1070,0.02098468877375126,,703.0204744338989,19.53190016746521
1071,0.017883993685245514,,703.6620330810547,19.54490876197815
1072,0.01973608322441578,,704.3027703762054,19.557812690734863
1073,0.015472604893147945,,704.945209980011,19.570732831954956
1074,0.013936961069703102,,705.5866365432739,19.58370280265808
1075,0.024183666333556175,,706.2293703556061,19.59659767150879
1076,0.02052098885178566,,706.8709239959717,19.609527111053467
1077,0.018698006868362427,,707.5123980045319,19.622471809387207
1078,0.017887378111481667,,708.1544504165649,19.635404586791992
1079,0.020745713263750076,,708.7968785762787,19.64833664894104
1080,0.0162048302590847,,709.7795565128326,19.661324501037598
1081,0.0172664076089859,,710.4226322174072,19.67429757118225
1082,0.01986459083855152,,711.0640788078308,19.687293529510498
1083,0.017763150855898857,,711.7069129943848,19.70028519630432
1084,0.014479126781225204,,712.3498468399048,19.713255643844604
1085,0.012205810286104679,,712.9912524223328,19.726219415664673
1086,0.012621729634702206,,713.6323549747467,19.739221334457397
1087,0.013063756749033928,,714.2744355201721,19.752135753631592
1088,0.012756292708218098,,714.9161524772644,19.765119314193726
1089,0.0131011251360178,,715.5600724220276,19.778056383132935
1090,0.012058652937412262,,716.2017941474915,19.791109561920166
1091,0.012432239949703217,,716.843180179596,19.804093599319458
1092,0.011800426989793777,,717.4844884872437,19.81706953048706
1093,0.012263305485248566,,718.1272873878479,19.829956531524658
1094,0.012962033972144127,,718.7704176902771,19.842954635620117
1095,0.014158877544105053,,719.4119532108307,19.855940103530884
1096,0.012297892943024635,,720.0529363155365,19.868927478790283
1097,0.013181883841753006,,720.6960043907166,19.881855487823486
1098,0.0134715735912323,,721.3373537063599,19.894874811172485
1099,0.015096200630068779,,721.9802374839783,19.90783929824829
1100,0.013764174655079842,,722.6227931976318,19.920828342437744
1101,0.014155248180031776,,723.2644352912903,19.93373727798462
1102,0.016878999769687653,,723.9064507484436,19.9467134475708
1103,0.01537832897156477,,724.5484809875488,19.95970630645752
1104,0.014035471715033054,,725.1897459030151,19.972641944885254
1105,0.015797652304172516,,725.8314530849457,19.985621452331543
1106,0.016109582036733627,,726.4727647304535,19.99860453605652
1107,0.01579771749675274,,727.455486536026,20.011629343032837
1108,0.01604343391954899,,728.0974090099335,20.02463984489441
1109,0.01395385805517435,,728.7391068935394,20.037615537643433
1110,0.013487955555319786,,729.3800187110901,20.050515174865723
1111,0.020809467881917953,,730.0221674442291,20.063513040542603
1112,0.013530735857784748,,730.66308760643,20.07646918296814
1113,0.0127047598361969,,731.305008649826,20.08951997756958
1114,0.015616289339959621,,731.948096036911,20.102452039718628
1115,0.011921187862753868,,732.5907430648804,20.115437746047974
1116,0.010689805261790752,,733.2331743240356,20.128361225128174
1117,0.010588145814836025,,733.8749985694885,20.141329050064087
1118,0.010237131267786026,,734.5164220333099,20.154265642166138
1119,0.010755717754364014,,735.1593351364136,20.167209148406982
1120,0.016322791576385498,,735.802542924881,20.180150747299194
1121,0.012309135869145393,,736.4446094036102,20.193121671676636
1122,0.011149086989462376,,737.0877873897552,20.206048250198364
1123,0.020904365926980972,,737.7290697097778,20.21905541419983
1124,0.014901484362781048,,738.3715138435364,20.23199701309204
1125,0.018595293164253235,,739.0130908489227,20.24496293067932
1126,0.01686185598373413,,739.656233549118,20.25794005393982
1127,0.012529438361525536,,740.2994115352631,20.270935773849487
1128,0.017778389155864716,,740.9403529167175,20.283888339996338
1129,0.01382098812609911,,741.5832068920135,20.29683232307434
1130,0.01810707524418831,,742.2254617214203,20.309752702713013
1131,0.0157004464417696,,742.8667051792145,20.322683334350586
1132,0.01334852073341608,,743.508843421936,20.335628032684326
1133,0.011904384940862656,,744.1507289409637,20.348527669906616
1134,0.0153453778475523,,745.1305174827576,20.36149573326111
1135,0.010940170846879482,,745.7734875679016,20.37455654144287
1136,0.011923183687031269,,746.4159898757935,20.38753843307495
1137,0.02006976678967476,,747.0579900741577,20.40056586265564
1138,0.014297937043011189,,747.7016468048096,20.413562059402466
1139,0.013066006824374199,,748.3454673290253,20.42652702331543
1140,0.011553172953426838,,748.9868974685669,20.43948769569397
1141,0.014934840612113476,,749.6292970180511,20.452659606933594
1142,0.020748523995280266,,750.272620677948,20.465582370758057
1143,0.022662371397018433,,750.9148173332214,20.4784996509552
1144,0.022664036601781845,,751.5569968223572,20.491406202316284
1145,0.01959376223385334,,752.2003219127655,20.504298210144043
1146,0.015013891272246838,,752.8421297073364,20.517258644104004
1147,0.019885309040546417,,753.4844212532043,20.5302152633667
1148,0.013991720974445343,,754.126485824585,20.543104648590088
1149,0.01634100265800953,,754.7701156139374,20.55604076385498
1150,0.015400204807519913,,755.4118258953094,20.56898856163025
1151,0.014837427996098995,,756.0541410446167,20.58195686340332
1152,0.014457368291914463,,756.6954262256622,20.594871282577515
1153,0.01474837213754654,,757.338116645813,20.607853174209595
1154,0.0164589062333107,,757.9800806045532,20.620752096176147
1155,0.015219145454466343,,758.6223247051239,20.633724451065063
1156,0.016124343499541283,,759.2646293640137,20.646623134613037
1157,0.013577927835285664,,759.9069509506226,20.65952968597412
1158,0.025037257000803947,,760.5503787994385,20.672483444213867
1159,0.013113029301166534,,761.1924893856049,20.685459852218628
1160,0.01578722707927227,,761.8335695266724,20.69843101501465
1161,0.013249771669507027,,762.8143312931061,20.71141743659973
1162,0.012786434032022953,,763.4552893638611,20.72442388534546
1163,0.012890848331153393,,764.0986452102661,20.73745059967041
1164,0.013294440694153309,,764.741265296936,20.75045871734619
1165,0.01907247304916382,,765.3834600448608,20.763445615768433
1166,0.01731528528034687,,766.0253744125366,20.776418924331665
1167,0.011682827956974506,,766.666695356369,20.789424657821655
1168,0.010513541288673878,,767.3080439567566,20.802384853363037
1169,0.01120445691049099,,767.9503622055054,20.81539487838745
1170,0.01128772646188736,,768.5929698944092,20.82832360267639
1171,0.012069841846823692,,769.2353639602661,20.8412663936615
1172,0.010097806341946125,,769.8774554729462,20.85426163673401
1173,0.009986424818634987,,770.5200617313385,20.86718511581421
1174,0.010960577987134457,,771.1614162921906,20.88014841079712
1175,0.010118378326296806,,771.8033549785614,20.893099784851074
1176,0.011117194779217243,,772.4451537132263,20.906063556671143
1177,0.011541775427758694,,773.087709903717,20.919036149978638
1178,0.014535739086568356,,773.7293155193329,20.93204164505005
1179,0.011319892480969429,,774.3712866306305,20.94495391845703
1180,0.01174851506948471,,775.0133845806122,20.95796799659729
1181,0.011304985731840134,,775.6556689739227,20.97097086906433
1182,0.017008068040013313,,776.2966196537018,20.98403263092041
1183,0.020156774669885635,,776.9399237632751,20.99699091911316
1184,0.014754346571862698,,777.5830399990082,21.00999879837036
1185,0.019877783954143524,,778.2265949249268,21.022987842559814
1186,0.01667182892560959,,778.868638753891,21.03600311279297
1187,0.02198653668165207,,779.5105891227722,21.04891562461853
1188,0.013002153486013412,,780.4899153709412,21.061833381652832
1189,0.011324143968522549,,781.1324732303619,21.07478380203247
1190,0.010468359105288982,,781.7739219665527,21.087692737579346
1191,0.011189793236553669,,782.416143655777,21.100627899169922
1192,0.00978897139430046,,783.057608127594,21.113606214523315
1193,0.00950601976364851,,783.6993033885956,21.126542568206787
1194,0.01722819358110428,,784.3401494026184,21.13947558403015
1195,0.023388473317027092,,784.9818215370178,21.15251064300537
1196,0.013037020340561867,,785.6241352558136,21.165483474731445
1197,0.02682334929704666,,786.2657735347748,21.178441286087036
1198,0.014874609187245369,,786.9079256057739,21.191418409347534
1199,0.012688741087913513,,787.5503387451172,21.204371213912964
1200,0.01555826049298048,,788.1913352012634,21.217366695404053
1201,0.009359640069305897,,788.8341319561005,21.23039674758911
1202,0.0253423061221838,,789.4759395122528,21.243366479873657
1203,0.021587368100881577,,790.1177213191986,21.256362676620483
1204,0.016934746876358986,,790.7605230808258,21.269320964813232
1205,0.015057343989610672,,791.4021444320679,21.282230615615845
1206,0.012964276596903801,,792.0431756973267,21.295177221298218
1207,0.008158299140632153,,792.6850731372833,21.308191061019897
1208,0.008396896533668041,,793.3261551856995,21.32122015953064
1209,0.008560998365283012,,793.967759847641,21.334188222885132
1210,0.009098817594349384,,794.6107516288757,21.347212314605713
1211,0.01011586096137762,,795.254230260849,21.36016035079956
1212,0.014286586083471775,,795.8948929309845,21.373155117034912
1213,0.014853737317025661,,796.5367250442505,21.386118173599243
1214,0.016326459124684334,,797.1795675754547,21.399076223373413
1215,0.019359054043889046,,798.1592862606049,21.4120090007782
1216,0.01381143368780613,,798.8024370670319,21.425103664398193
1217,0.010313628241419792,,799.4441306591034,21.43801760673523
1218,0.011168462224304676,,800.0871334075928,21.45103144645691
1219,0.015245695598423481,,800.7299616336823,21.463993072509766
1220,0.02102339081466198,,801.3707838058472,21.47697162628174
1221,0.020939823240041733,,802.0128045082092,21.489868640899658
1222,0.01863500103354454,,802.6553812026978,21.502813816070557
1223,0.011834139004349709,,803.2978863716125,21.515764474868774
1224,0.00900228787213564,,803.9407296180725,21.528793573379517
1225,0.010637480765581131,,804.5822534561157,21.541790008544922
1226,0.010089780203998089,,805.2234263420105,21.554781675338745
1227,0.01782970502972603,,805.8649368286133,21.567723035812378
1228,0.010995092801749706,,806.5059058666229,21.580762147903442
1229,0.012362015433609486,,807.1487519741058,21.593687772750854
1230,0.008585482835769653,,807.7916522026062,21.60666275024414
1231,0.010483303107321262,,808.4330475330353,21.619585752487183
1232,0.009555659256875515,,809.0750572681427,21.632582902908325
1233,0.011650390923023224,,809.7173755168915,21.645509958267212
1234,0.013448656536638737,,810.3591778278351,21.65844202041626
1235,0.014230295084416866,,811.0010094642639,21.671406030654907
1236,0.011696798726916313,,811.6439490318298,21.684393405914307
1237,0.012100701220333576,,812.2852876186371,21.69737672805786
1238,0.012288633733987808,,812.9275176525116,21.710325717926025
1239,0.014249894767999649,,813.5697803497314,21.72349715232849
1240,0.017371108755469322,,814.2110040187836,21.736458778381348
1241,0.014939133077859879,,814.8535754680634,21.74940848350525
1242,0.013959846459329128,,815.837343454361,21.762330770492554
1243,0.013692042790353298,,816.4789378643036,21.7753427028656
1244,0.014935030601918697,,817.1227276325226,21.78829598426819
1245,0.016152478754520416,,817.7650883197784,21.801276683807373
1246,0.015207861550152302,,818.4066576957703,21.814200162887573
1247,0.016100365668535233,,819.0489678382874,21.827221632003784
1248,0.01511423196643591,,819.6912913322449,21.840232849121094
1249,0.01583007536828518,,820.3334832191467,21.85316801071167
1250,0.021708784624934196,,820.9750511646271,21.86623764038086
1251,0.016129368916153908,,821.6173417568207,21.87923789024353
1252,0.015178922563791275,,822.2601094245911,21.892229557037354
1253,0.015417665243148804,,822.9024257659912,21.905221223831177
1254,0.016382642090320587,,823.5444960594177,21.91821050643921
1255,0.023633824661374092,,824.1882743835449,21.93117046356201
1256,0.018450256437063217,,824.8300397396088,21.944157600402832
1257,0.02648504450917244,,825.4721221923828,21.957123517990112
1258,0.019332805648446083,,826.1147947311401,21.970094442367554
1259,0.023798516020178795,,826.7582008838654,21.983110666275024
1260,0.017669709399342537,,827.4014730453491,21.99609899520874
1261,0.019703710451722145,,828.0446846485138,22.00911808013916
1262,0.016924606636166573,,828.6886746883392,22.02212429046631
1263,0.014735875651240349,,829.3301405906677,22.0351505279541
1264,0.014684148132801056,,829.9734442234039,22.048094272613525
1265,0.023566698655486107,,830.6155533790588,22.061076402664185
1266,0.01802690699696541,,831.2574467658997,22.074122667312622
1267,0.0197229515761137,,831.899572134018,22.087112426757812
1268,0.01748795434832573,,832.5411570072174,22.100071668624878
1269,0.020046554505825043,,833.5219357013702,22.113032341003418
1270,0.014254133217036724,,834.1643152236938,22.12601613998413
1271,0.015757057815790176,,834.8064889907837,22.13897442817688
1272,0.013698136433959007,,835.4479467868805,22.151912689208984
1273,0.01378383208066225,,836.0904920101166,22.164859294891357
1274,0.012723262421786785,,836.7333037853241,22.17779302597046
1275,0.016158519312739372,,837.375257730484,22.190751552581787
1276,0.012015676125884056,,838.0166573524475,22.203731536865234
1277,0.01061211246997118,,838.6590285301208,22.21670150756836
1278,0.012983469292521477,,839.3000183105469,22.229631185531616
1279,0.011260555125772953,,839.9427587985992,22.24258041381836
1280,0.01149511244148016,,840.5838301181793,22.255555629730225
1281,0.011988388374447823,,841.2264080047607,22.26847815513611
1282,0.010672615841031075,,841.8695137500763,22.28144884109497
1283,0.014844776131212711,,842.512523651123,22.294382095336914
1284,0.011721931397914886,,843.1545314788818,22.30733323097229
1285,0.011841235682368279,,843.7966468334198,22.320277214050293
1286,0.012685890309512615,,844.4383640289307,22.333205938339233
1287,0.016308577731251717,,845.0800039768219,22.346128940582275
1288,0.010854393243789673,,845.7218770980835,22.359111309051514
1289,0.010953046381473541,,846.3642308712006,22.372069597244263
1290,0.011635740287601948,,847.0079357624054,22.385005235671997
1291,0.013877359218895435,,847.6516015529633,22.397942543029785
1292,0.015690039843320847,,848.2925703525543,22.410892724990845
1293,0.011126125231385231,,848.9352207183838,22.423853397369385
1294,0.012722531333565712,,849.5775470733643,22.436781406402588
1295,0.011254096403717995,,850.2190732955933,22.449740171432495
1296,0.01712658442556858,,851.2019281387329,22.462701559066772
1297,0.01204892061650753,,851.8458120822906,22.47570824623108
1298,0.01096947118639946,,852.487057685852,22.48863673210144
1299,0.013997163623571396,,853.1288981437683,22.50159740447998
1300,0.011183437891304493,,853.7704970836639,22.514503240585327
1301,0.011059775948524475,,854.4120948314667,22.52740478515625
1302,0.010628262534737587,,855.0543067455292,22.540338277816772
1303,0.010882812552154064,,855.6969468593597,22.553282737731934
1304,0.01029083039611578,,856.3377032279968,22.566216468811035
1305,0.010467116720974445,,856.9809396266937,22.579155921936035
1306,0.00933216791599989,,857.6222784519196,22.592073440551758
1307,0.01121823862195015,,858.2659003734589,22.605051040649414
1308,0.010178844444453716,,858.907142162323,22.617964029312134
1309,0.01085182186216116,,859.5485637187958,22.630855321884155
1310,0.016031844541430473,,860.1913113594055,22.643802642822266
1311,0.014046937227249146,,860.8335356712341,22.656746864318848
1312,0.012290442362427711,,861.4745225906372,22.669660091400146
1313,0.010884048417210579,,862.1166157722473,22.682579517364502
1314,0.009778318926692009,,862.7581350803375,22.695581912994385
1315,0.012327011674642563,,863.4010200500488,22.708512544631958
1316,0.015131772495806217,,864.0428419113159,22.7214572429657
1317,0.02387602999806404,,864.6855075359344,22.734400033950806
1318,0.019069895148277283,,865.3289098739624,22.747343063354492
1319,0.021858060732483864,,865.9723076820374,22.760257959365845
1320,0.016890008002519608,,866.6151061058044,22.773194789886475
1321,0.018558528274297714,,867.2570152282715,22.78614592552185
1322,0.013314994052052498,,867.8987390995026,22.799039602279663
1323,0.013263318687677383,,868.8813598155975,22.812057733535767
1324,0.011112796142697334,,869.5226213932037,22.825021266937256
1325,0.012886225245893002,,870.1648461818695,22.838014602661133
1326,0.015244011767208576,,870.8065655231476,22.851017951965332
1327,0.009708351455628872,,871.4496073722839,22.86402201652527
1328,0.010038384236395359,,872.0914568901062,22.876941680908203
1329,0.009410952217876911,,872.7332963943481,22.88992428779602
1330,0.01494718249887228,,873.3751964569092,22.902904272079468
1331,0.015483989380300045,,874.0167500972748,22.915873765945435
1332,0.012253760360181332,,874.6587545871735,22.92887043952942
1333,0.009112625382840633,,875.3008210659027,22.941871166229248
1334,0.011905627325177193,,875.9420099258423,22.954853057861328
1335,0.009762880392372608,,876.5848784446716,22.96779704093933
1336,0.010829441249370575,,877.2290534973145,22.980849742889404
1337,0.010922680608928204,,877.8711771965027,22.993851900100708
1338,0.010333734564483166,,878.5134117603302,23.006840467453003
1339,0.010243147611618042,,879.1554725170135,23.019838094711304
1340,0.01792331226170063,,879.7980515956879,23.03279185295105
1341,0.010540880262851715,,880.4399871826172,23.045729637145996
1342,0.009621935896575451,,881.0824015140533,23.058733701705933
1343,0.011438420973718166,,881.7255160808563,23.071714401245117
1344,0.011192141100764275,,882.3681108951569,23.084721565246582
1345,0.009351985529065132,,883.0101194381714,23.097808122634888
1346,0.009388930164277554,,883.6510713100433,23.110801458358765
1347,0.011661897413432598,,884.2943806648254,23.123756170272827
1348,0.013177166692912579,,884.9364173412323,23.13672375679016
1349,0.009346495382487774,,885.579537153244,23.14968252182007
1350,0.009730878286063671,,886.5578944683075,23.162652254104614
1351,0.009675411507487297,,887.1988339424133,23.175635814666748
1352,0.009068267419934273,,887.8423299789429,23.18861174583435
1353,0.009768567979335785,,888.483802318573,23.2015860080719
1354,0.01062255073338747,,889.1259114742279,23.214548349380493
1355,0.01071606669574976,,889.7692930698395,23.22754693031311
1356,0.01875254325568676,,890.4119629859924,23.24050784111023
1357,0.021787643432617188,,891.05619764328,23.25347065925598
1358,0.010268579237163067,,891.6977763175964,23.26645278930664
1359,0.012105681002140045,,892.3409612178802,23.27938675880432
1360,0.011252261698246002,,892.9834015369415,23.29229211807251
1361,0.008650187402963638,,893.6263606548309,23.305301666259766
1362,0.009675574488937855,,894.2693586349487,23.318288803100586
1363,0.009928288869559765,,894.9114003181458,23.331231594085693
1364,0.012999968603253365,,895.553950548172,23.344228267669678
1365,0.011266057379543781,,896.1978142261505,23.357184171676636
1366,0.017001619562506676,,896.8395075798035,23.37014150619507
1367,0.0117653151974082,,897.483090877533,23.383050680160522
1368,0.009114572778344154,,898.1243205070496,23.396018981933594
1369,0.00860968790948391,,898.7672746181488,23.408938884735107
1370,0.00895441323518753,,899.4089550971985,23.421937704086304
1371,0.015432912856340408,,900.0511705875397,23.434903860092163
1372,0.009711873717606068,,900.69264960289,23.44795536994934
1373,0.009106080047786236,,901.335560798645,23.460923671722412
1374,0.008559667505323887,,901.9790868759155,23.473838567733765
1375,0.013790115714073181,,902.6216158866882,23.48674178123474
1376,0.012045400217175484,,903.2636826038361,23.49967074394226
1377,0.009905703365802765,,904.2440295219421,23.51266646385193
1378,0.00805865228176117,,904.886860370636,23.525654792785645
1379,0.008455684408545494,,905.5295701026917,23.538623332977295
1380,0.009513620287179947,,906.1710593700409,23.55159091949463
1381,0.007923798635601997,,906.8148784637451,23.56458020210266
1382,0.01002365443855524,,907.4558885097504,23.577573537826538
1383,0.007888251915574074,,908.0989892482758,23.590531826019287
1384,0.009477379731833935,,908.7415442466736,23.603512287139893
1385,0.011144395917654037,,909.3827121257782,23.61648678779602
1386,0.02015448920428753,,910.0250713825226,23.629428386688232
1387,0.022026048973202705,,910.6673831939697,23.64244055747986
1388,0.013518487103283405,,911.3093116283417,23.655435800552368
1389,0.008778350427746773,,911.9513521194458,23.66841220855713
1390,0.00911975558847189,,912.595908164978,23.681336402893066
1391,0.013194375671446323,,913.2378613948822,23.694368839263916
1392,0.012876829132437706,,913.8795731067657,23.7073814868927
1393,0.008815939538180828,,914.5210440158844,23.720402240753174
1394,0.007780977990478277,,915.1624739170074,23.733385801315308
1395,0.008684031665325165,,915.8053941726685,23.746423482894897
1396,0.011392763815820217,,916.4495847225189,23.759448289871216
1397,0.01871495507657528,,917.0909926891327,23.772465229034424
1398,0.015667079016566277,,917.7344832420349,23.785444259643555
1399,0.014376388862729073,,918.376115322113,23.798436403274536
1400,0.008325942791998386,,919.0193951129913,23.81149196624756
1401,0.009811376221477985,,919.661544084549,23.824463844299316
1402,0.009876521304249763,,920.3036212921143,23.83744764328003
1403,0.008686763234436512,,920.9467651844025,23.850383281707764
1404,0.00803645420819521,,921.9290671348572,23.863306760787964
1405,0.007709049154073,,922.5716736316681,23.876248121261597
1406,0.011400465853512287,,923.2134718894958,23.88914155960083
1407,0.0077298348769545555,,923.8547167778015,23.902087688446045
1408,0.008784777484834194,,924.496967792511,23.915053367614746
1409,0.008806995116174221,,925.1405913829803,23.92807102203369
1410,0.00773074384778738,,925.782114982605,23.94105815887451
1411,0.0079211900010705,,926.4252178668976,23.954070329666138
1412,0.014500781893730164,,927.0672154426575,23.967085123062134
1413,0.008423424325883389,,927.7100377082825,23.980053663253784
1414,0.008122449740767479,,928.35133934021,23.99303674697876
1415,0.008148271590471268,,928.9934387207031,24.00598669052124
1416,0.008285420946776867,,929.6345739364624,24.01900815963745
1417,0.011946232989430428,,930.2760503292084,24.03195858001709
1418,0.01151280291378498,,930.9187886714935,24.044904470443726
1419,0.008376598358154297,,931.5615561008453,24.057889699935913
1420,0.010996435768902302,,932.2036337852478,24.070948839187622
1421,0.00968941766768694,,932.8453857898712,24.08393383026123
1422,0.007373868487775326,,933.4868378639221,24.09688901901245
1423,0.0075369118712842464,,934.1287777423859,24.10987138748169
1424,0.009047558531165123,,934.770590543747,24.122851133346558
1425,0.008134989067912102,,935.412050485611,24.135804653167725
1426,0.012263206765055656,,936.0533318519592,24.14879608154297
1427,0.008050765842199326,,936.6949527263641,24.161777019500732
1428,0.00828753411769867,,937.336567401886,24.174845695495605
1429,0.009512430056929588,,937.9785695075989,24.187842845916748
1430,0.012769353576004505,,938.6198341846466,24.2008216381073
1431,0.013234724290668964,,939.60014128685,24.21379542350769
1432,0.008777492679655552,,940.2423815727234,24.22671127319336
1433,0.009639659896492958,,940.8845641613007,24.239657878875732
1434,0.008064711466431618,,941.5251824855804,24.25260901451111
1435,0.012058421969413757,,942.1686453819275,24.26562190055847
1436,0.010327315889298916,,942.8093991279602,24.27854824066162
1437,0.010842997580766678,,943.4521963596344,24.291491746902466
1438,0.008310411125421524,,944.0941491127014,24.304454565048218
1439,0.012654869817197323,,944.7381763458252,24.317468643188477
1440,0.008753834292292595,,945.3807141780853,24.3304386138916
1441,0.007460352033376694,,946.0240018367767,24.34335470199585
1442,0.007826247252523899,,946.6661868095398,24.35632848739624
1443,0.011184136383235455,,947.3091721534729,24.36927604675293
1444,0.012126481160521507,,947.9506967067719,24.382193565368652
1445,0.011931626126170158,,948.5926764011383,24.395134210586548
1446,0.009032279253005981,,949.2342467308044,24.4080753326416
1447,0.011586124077439308,,949.8771162033081,24.42105984687805
1448,0.0086654769256711,,950.5184118747711,24.434046030044556
1449,0.008917895145714283,,951.159957408905,24.446974277496338
1450,0.0090750427916646,,951.8024270534515,24.459945678710938
1451,0.009203484281897545,,952.445264339447,24.47286343574524
1452,0.009002677164971828,,953.086419582367,24.485785245895386
1453,0.009447338990867138,,953.73024725914,24.498719692230225
1454,0.014745078980922699,,954.3725929260254,24.511606693267822
1455,0.011221221648156643,,955.0163657665253,24.524558544158936
1456,0.011980164796113968,,955.6579992771149,24.537511587142944
1457,0.012248082086443901,,956.3004932403564,24.550455570220947
1458,0.012389468029141426,,957.282648563385,24.563421964645386
1459,0.01138051226735115,,957.9261782169342,24.57645297050476
1460,0.011025413870811462,,958.5662293434143,24.589410305023193
1461,0.014695427380502224,,959.2081234455109,24.60234785079956
1462,0.014215968549251556,,959.8506057262421,24.6152606010437
1463,0.011169453151524067,,960.4930047988892,24.628257036209106
1464,0.011417471803724766,,961.1358942985535,24.641170740127563
1465,0.012697280384600163,,961.7783598899841,24.654179096221924
1466,0.012512646615505219,,962.4208228588104,24.667107343673706
1467,0.011307645589113235,,963.063146352768,24.680134296417236
1468,0.013756603933870792,,963.705023765564,24.693103313446045
1469,0.01052061002701521,,964.3465297222137,24.706084489822388
1470,0.013305777683854103,,964.9892685413361,24.71905255317688
1471,0.011341282166540623,,965.6303448677063,24.73201012611389
1472,0.012889848090708256,,966.2720232009888,24.74497961997986
1473,0.017637580633163452,,966.9141080379486,24.757938385009766
1474,0.011980392970144749,,967.5558743476868,24.77088689804077
1475,0.014342010021209717,,968.1989533901215,24.78386664390564
1476,0.012928169220685959,,968.8412363529205,24.79682755470276
1477,0.012021656148135662,,969.4826228618622,24.809814929962158
1478,0.011328971944749355,,970.1244587898254,24.82282853126526
1479,0.012021818198263645,,970.7668814659119,24.835826635360718
1480,0.010901883244514465,,971.407568693161,24.848791122436523
1481,0.010847065597772598,,972.050375699997,24.861754894256592
1482,0.010819537565112114,,972.6920258998871,24.874696016311646
1483,0.01237466000020504,,973.3337569236755,24.88767409324646
1484,0.011905289255082607,,973.9749014377594,24.900625228881836
1485,0.010614032857120037,,974.958357334137,24.913586139678955
1486,0.011266427114605904,,975.6010398864746,24.9265615940094
1487,0.01673273928463459,,976.244268655777,24.93950128555298
1488,0.010745062492787838,,976.8874192237854,24.952436447143555
1489,0.012597431428730488,,977.5296325683594,24.965380907058716
1490,0.009796427562832832,,978.1714806556702,24.97835946083069
1491,0.009382433257997036,,978.8141994476318,24.991264820098877
1492,0.009274418465793133,,979.4561731815338,25.004231214523315
1493,0.010172058828175068,,980.0986227989197,25.01721501350403
1494,0.009752239100635052,,980.739738702774,25.03023672103882
1495,0.009222731925547123,,981.3821241855621,25.04318404197693
1496,0.00815530028194189,,982.0241780281067,25.056220054626465
1497,0.008215383626520634,,982.6663808822632,25.069134950637817
1498,0.011338395066559315,,983.3084840774536,25.08208990097046
1499,0.009760737419128418,,983.9506914615631,25.0950288772583
1500,0.01028217002749443,0.00542902946472168,984.5942804813385,26.983404874801636
1501,0.013143270276486874,,985.235818862915,26.996431589126587
1502,0.014072184450924397,,985.8783671855927,27.009403944015503
1503,0.014295315369963646,,986.5203442573547,27.022340536117554
1504,0.0136116873472929,,987.1630597114563,27.035370111465454
1505,0.014438527636229992,,987.8051686286926,27.04834818840027
1506,0.01345785427838564,,988.446711063385,27.061318159103394
1507,0.013678203336894512,,989.0890276432037,27.07431435585022
1508,0.014070998877286911,,989.7300846576691,27.087274074554443
1509,0.012710102833807468,,990.3726739883423,27.10020923614502
1510,0.012019417248666286,,991.0155100822449,27.113182306289673
1511,0.01176480296999216,,991.6579258441925,27.12618660926819
1512,0.011178432032465935,,992.6411240100861,27.13910436630249
1513,0.01384821254760027,,993.2838735580444,27.152148008346558
1514,0.022472567856311798,,993.9251577854156,27.165104627609253
1515,0.012697855941951275,,994.5672323703766,27.17808508872986
1516,0.012201816774904728,,995.209853887558,27.190996170043945
1517,0.013017111457884312,,995.85200548172,27.20401120185852
1518,0.01255037635564804,,996.4941325187683,27.216930866241455
1519,0.014098932035267353,,997.1374046802521,27.229856729507446
1520,0.01379593089222908,,997.7796216011047,27.242775678634644
1521,0.013385608792304993,,998.4209866523743,27.255733966827393
1522,0.013438469730317593,,999.0641105175018,27.26862931251526
1523,0.01148115936666727,,999.7052507400513,27.28160572052002
1524,0.0122011573985219,,1000.347558259964,27.294562816619873
1525,0.011726392433047295,,1000.9898526668549,27.307534217834473
1526,0.010874141938984394,,1001.63263463974,27.320464849472046
1527,0.010526479221880436,,1002.2748358249664,27.333476305007935
1528,0.010405122302472591,,1002.9161107540131,27.346461534500122
1529,0.011111365631222725,,1003.5583081245422,27.35947585105896
1530,0.010402148589491844,,1004.1999061107635,27.372426748275757
1531,0.007486316375434399,,1004.8422396183014,27.38536286354065
1532,0.007848018780350685,,1005.4839987754822,27.398295164108276
1533,0.008802879601716995,,1006.1261441707611,27.41123366355896
1534,0.012397672049701214,,1006.7680480480194,27.424161911010742
1535,0.02042163535952568,,1007.4102590084076,27.437094926834106
1536,0.008466046303510666,,1008.0512588024139,27.45003056526184
1537,0.012086359784007072,,1008.6928789615631,27.462950944900513
1538,0.008199602365493774,,1009.3341820240021,27.475836277008057
1539,0.012567558325827122,,1010.3148963451385,27.488823175430298
1540,0.016682913526892662,,1010.9565608501434,27.501781940460205
1541,0.007951466366648674,,1011.6005458831787,27.514747619628906
1542,0.006859541404992342,,1012.2419769763947,27.527753353118896
1543,0.006721412762999535,,1012.8850255012512,27.540743827819824
1544,0.013257087208330631,,1013.5272743701935,27.553768157958984
1545,0.007105450611561537,,1014.1703488826752,27.566739320755005
1546,0.014638279564678669,,1014.8123157024384,27.579737186431885
1547,0.006838549394160509,,1015.4557695388794,27.592731475830078
1548,0.006881013512611389,,1016.0982868671417,27.605759143829346
1549,0.007036047521978617,,1016.741747379303,27.618753910064697
1550,0.008765878155827522,,1017.383184671402,27.63170862197876
1551,0.007844082079827785,,1018.0259084701538,27.64474368095398
1552,0.006559583358466625,,1018.6690247058868,27.65764856338501
1553,0.006987850181758404,,1019.3116500377655,27.670583248138428
1554,0.007157429587095976,,1019.9542293548584,27.683581590652466
1555,0.010262539610266685,,1020.5968914031982,27.696621656417847
1556,0.013367545790970325,,1021.2378284931183,27.709639310836792
1557,0.01000934187322855,,1021.8799428939819,27.722585678100586
1558,0.008501856587827206,,1022.5209701061249,27.735549688339233
1559,0.010127678513526917,,1023.1649363040924,27.748480796813965
1560,0.011585517786443233,,1023.8058135509491,27.7614848613739
1561,0.010247803293168545,,1024.4489421844482,27.774468898773193
1562,0.010392691940069199,,1025.0905969142914,27.787473678588867
1563,0.006665906868875027,,1025.7326996326447,27.800452947616577
1564,0.0068126278929412365,,1026.3739898204803,27.813432931900024
1565,0.009515720419585705,,1027.0166206359863,27.826385736465454
1566,0.014685334637761116,,1027.9967374801636,27.83942723274231
1567,0.00972218718379736,,1028.6393806934357,27.852442026138306
1568,0.013255241326987743,,1029.2810122966766,27.8653724193573
1569,0.00741563132032752,,1029.9223630428314,27.878384828567505
1570,0.010715678334236145,,1030.5645666122437,27.891416311264038
1571,0.007759532425552607,,1031.2063202857971,27.904436588287354
1572,0.007577459793537855,,1031.8480741977692,27.91742992401123
1573,0.008997945114970207,,1032.4892897605896,27.930394887924194
1574,0.008396917954087257,,1033.1309006214142,27.943427324295044
1575,0.007660106290131807,,1033.7734818458557,27.956414222717285
1576,0.008027158677577972,,1034.4145460128784,27.969388246536255
1577,0.007958845235407352,,1035.0562629699707,27.9823899269104
1578,0.014866643585264683,,1035.6989662647247,27.99542999267578
1579,0.016581222414970398,,1036.3417446613312,28.008385181427002
1580,0.009885176084935665,,1036.983066558838,28.02136778831482
1581,0.006908842362463474,,1037.6256189346313,28.034430503845215
1582,0.006855591665953398,,1038.2677314281464,28.047384023666382
1583,0.007166208699345589,,1038.9109845161438,28.060354948043823
1584,0.008718164637684822,,1039.5529987812042,28.073307275772095
1585,0.007800383027642965,,1040.195655822754,28.086296319961548
1586,0.014412328600883484,,1040.838164806366,28.099297285079956
1587,0.009387828409671783,,1041.4803562164307,28.11228609085083
1588,0.013971704058349133,,1042.1224834918976,28.125245094299316
1589,0.015047592110931873,,1042.7649993896484,28.13826322555542
1590,0.015355851501226425,,1043.4063353538513,28.151162147521973
1591,0.006779587361961603,,1044.0487520694733,28.164196252822876
1592,0.007369094993919134,,1044.691213130951,28.177156448364258
1593,0.0094320522621274,,1045.6727805137634,28.190083980560303
1594,0.009257273748517036,,1046.313730955124,28.20303750038147
1595,0.007395010441541672,,1046.9558882713318,28.21599531173706
1596,0.007215807214379311,,1047.5971372127533,28.22891664505005
1597,0.00749561283737421,,1048.2408990859985,28.241868019104004
1598,0.007678441237658262,,1048.8830063343048,28.254756212234497
1599,0.0076136295683681965,,1049.5263056755066,28.267722845077515
1600,0.00809802208095789,,1050.1675446033478,28.280664205551147
1601,0.01088406890630722,,1050.8088834285736,28.293574571609497
1602,0.010927733033895493,,1051.4504590034485,28.306519985198975
1603,0.010549880564212799,,1052.0926518440247,28.319525241851807
1604,0.01762348599731922,,1052.7336053848267,28.332505226135254
1605,0.00857654307037592,,1053.3756792545319,28.34541416168213
1606,0.010883989743888378,,1054.0178699493408,28.358320713043213
1607,0.006932330317795277,,1054.6603798866272,28.371262788772583
1608,0.008416533470153809,,1055.3030698299408,28.38420867919922
1609,0.010669058188796043,,1055.9455695152283,28.397139072418213
1610,0.007687998935580254,,1056.5880331993103,28.410091400146484
1611,0.006815948523581028,,1057.229657649994,28.423031330108643
1612,0.011479406617581844,,1057.870735168457,28.43599534034729
1613,0.009449951350688934,,1058.513100385666,28.44892907142639
1614,0.012698634527623653,,1059.157695055008,28.46207594871521
1615,0.011243247427046299,,1059.7995038032532,28.474998712539673
1616,0.010390874929726124,,1060.440839767456,28.48795747756958
1617,0.007266749627888203,,1061.0850284099579,28.500906944274902
1618,0.008161203004419804,,1061.7270011901855,28.513885021209717
1619,0.011729004792869091,,1062.3699016571045,28.526825666427612
1620,0.009385354816913605,,1063.3487737178802,28.539836645126343
1621,0.009841241873800755,,1063.9911925792694,28.552788019180298
1622,0.009251818992197514,,1064.6324396133423,28.565765619277954
1623,0.006546421907842159,,1065.27512717247,28.578768968582153
1624,0.006279097404330969,,1065.9159388542175,28.59173893928528
1625,0.007111877202987671,,1066.5589179992676,28.604710340499878
1626,0.007802831940352917,,1067.201387643814,28.61765956878662
1627,0.011344708502292633,,1067.8427288532257,28.63059425354004
1628,0.011325035244226456,,1068.4849832057953,28.64361548423767
1629,0.0112161161378026,,1069.1263115406036,28.656517505645752
1630,0.009198375046253204,,1069.7678184509277,28.66955018043518
1631,0.012119741179049015,,1070.4097075462341,28.682472944259644
1632,0.010582588613033295,,1071.0511348247528,28.695445775985718
1633,0.015470962971448898,,1071.6929655075073,28.708450317382812
1634,0.009914103895425797,,1072.3347625732422,28.721471071243286
1635,0.010558192618191242,,1072.976492881775,28.73444175720215
1636,0.009260519407689571,,1073.6185986995697,28.747424364089966
1637,0.008278543129563332,,1074.2596981525421,28.760538578033447
1638,0.010438906028866768,,1074.9011688232422,28.773550271987915
1639,0.009356661699712276,,1075.5422430038452,28.786640167236328
1640,0.009878425858914852,,1076.1839258670807,28.799604654312134
1641,0.010504750534892082,,1076.8253755569458,28.81261920928955
1642,0.008833254687488079,,1077.4686081409454,28.82558298110962
1643,0.009253758005797863,,1078.110455751419,28.838548183441162
1644,0.010151169262826443,,1078.753565788269,28.851541757583618
1645,0.010005328804254532,,1079.3950035572052,28.864492893218994
1646,0.014388022944331169,,1080.0363955497742,28.87748098373413
1647,0.007049522828310728,,1081.0194540023804,28.890427589416504
1648,0.009532634168863297,,1081.6611795425415,28.90336847305298
1649,0.009813983924686909,,1082.3033566474915,28.91632103919983
1650,0.007825254462659359,,1082.9450771808624,28.929222345352173
1651,0.008668352849781513,,1083.587545633316,28.94225549697876
1652,0.007631926331669092,,1084.2290437221527,28.95517873764038
1653,0.008546308614313602,,1084.8706181049347,28.96824812889099
1654,0.012921511195600033,,1085.511947631836,28.981215000152588
1655,0.008386951871216297,,1086.153926372528,28.994209051132202
1656,0.007128959055989981,,1086.794858455658,29.007176399230957
1657,0.007533146068453789,,1087.4370675086975,29.020129203796387
1658,0.009129589423537254,,1088.0783169269562,29.033095836639404
1659,0.010906695388257504,,1088.7194867134094,29.046029090881348
1660,0.007630877196788788,,1089.3610649108887,29.05899214744568
1661,0.007572378497570753,,1090.0045328140259,29.072067499160767
1662,0.0074831414967775345,,1090.6462633609772,29.08502197265625
1663,0.008979239501059055,,1091.2889773845673,29.09799098968506
1664,0.008277390152215958,,1091.930999994278,29.110937356948853
1665,0.010008059442043304,,1092.5736100673676,29.12385320663452
1666,0.008357356302440166,,1093.2152786254883,29.136789560317993
1667,0.009843123145401478,,1093.858681678772,29.14978313446045
1668,0.008508303202688694,,1094.4999117851257,29.16277551651001
1669,0.013363388366997242,,1095.141562461853,29.175726413726807
1670,0.009822037070989609,,1095.7822909355164,29.188666582107544
1671,0.012432620860636234,,1096.4257943630219,29.201683282852173
1672,0.012962603941559792,,1097.07155752182,29.21468210220337
1673,0.008758959360420704,,1097.7135691642761,29.22763752937317
1674,0.009974372573196888,,1098.6970398426056,29.240580558776855
1675,0.010958392173051834,,1099.3402495384216,29.253570556640625
1676,0.011309689842164516,,1099.9811515808105,29.266494512557983
1677,0.008392704650759697,,1100.6232919692993,29.279481172561646
1678,0.01047998946160078,,1101.2653222084045,29.29240655899048
1679,0.0104555394500494,,1101.9089996814728,29.30533790588379
1680,0.009928121231496334,,1102.5501871109009,29.3183491230011
1681,0.009269855916500092,,1103.1925177574158,29.331284761428833
1682,0.008888526819646358,,1103.834373474121,29.344165086746216
1683,0.00811778288334608,,1104.4757852554321,29.357094287872314
1684,0.015853622928261757,,1105.1174521446228,29.370035409927368
1685,0.01797410473227501,,1105.7596254348755,29.382957220077515
1686,0.014465244486927986,,1106.4015493392944,29.39589238166809
1687,0.011264151893556118,,1107.043291091919,29.40885901451111
1688,0.008558152243494987,,1107.684475660324,29.421805143356323
1689,0.007552545517683029,,1108.3258299827576,29.43472909927368
1690,0.008045505732297897,,1108.9674682617188,29.447664499282837
1691,0.008349308744072914,,1109.6093816757202,29.460604906082153
1692,0.011525314301252365,,1110.25062417984,29.473502159118652
1693,0.009987232275307178,,1110.8934452533722,29.486467123031616
1694,0.011927571147680283,,1111.5362119674683,29.499407529830933
1695,0.01105932705104351,,1112.1791653633118,29.512405157089233
1696,0.0092479158192873,,1112.8206567764282,29.525342226028442
1697,0.010031955316662788,,1113.463795185089,29.538254261016846
1698,0.010604365728795528,,1114.1051697731018,29.551185369491577
1699,0.012402692809700966,,1114.7461030483246,29.564085721969604
1700,0.013790910132229328,,1115.3868436813354,29.577004194259644
1701,0.010856851935386658,,1116.367610692978,29.590026140213013
1702,0.011030398309230804,,1117.0094356536865,29.602988958358765
1703,0.012312584556639194,,1117.6528344154358,29.61592388153076
1704,0.013032075017690659,,1118.296550989151,29.62886691093445
1705,0.008941435255110264,,1118.9380729198456,29.641865968704224
1706,0.01400860957801342,,1119.5798037052155,29.654844045639038
1707,0.01031000167131424,,1120.2223851680756,29.667850732803345
1708,0.00934066902846098,,1120.8643124103546,29.680867433547974
1709,0.008954242803156376,,1121.506855726242,29.69386100769043
1710,0.00948986504226923,,1122.1495695114136,29.706827640533447
1711,0.00895143486559391,,1122.7934174537659,29.719777584075928
1712,0.009552223607897758,,1123.4355568885803,29.73273777961731
1713,0.009753430262207985,,1124.077404499054,29.745784044265747
1714,0.016019903123378754,,1124.7201838493347,29.758776903152466
1715,0.015439003705978394,,1125.3628764152527,29.771763801574707
1716,0.010877707041800022,,1126.0058183670044,29.78477191925049
1717,0.0126535315066576,,1126.6478080749512,29.797813653945923
1718,0.010553290136158466,,1127.2902355194092,29.810823678970337
1719,0.011757742613554,,1127.9320483207703,29.8237886428833
1720,0.011735277250409126,,1128.5731489658356,29.836763620376587
1721,0.010546536184847355,,1129.214653968811,29.84980058670044
1722,0.010659190826117992,,1129.85591340065,29.86282467842102
1723,0.009581781923770905,,1130.4986724853516,29.8758385181427
1724,0.009943814016878605,,1131.1396787166595,29.888781309127808
1725,0.01055005844682455,,1131.7827956676483,29.90168786048889
1726,0.010324390605092049,,1132.4253778457642,29.914642572402954
1727,0.013487324118614197,,1133.0679359436035,29.92755937576294
1728,0.009334919974207878,,1134.0503222942352,29.940552473068237
1729,0.010395889170467854,,1134.6926953792572,29.953526735305786
1730,0.012511095963418484,,1135.3334941864014,29.96652388572693
1731,0.012437442317605019,,1135.9761474132538,29.979504823684692
1732,0.01076620351523161,,1136.6173748970032,29.992518663406372
1733,0.009355759248137474,,1137.2604506015778,30.005493640899658
1734,0.011985677294433117,,1137.9025914669037,30.01842427253723
1735,0.011152691207826138,,1138.5444610118866,30.031402826309204
1736,0.011160220019519329,,1139.1857748031616,30.044389486312866
1737,0.010572879575192928,,1139.8282539844513,30.05735468864441
1738,0.009122584015130997,,1140.4694747924805,30.070303678512573
1739,0.010081827640533447,,1141.1112096309662,30.083247184753418
1740,0.014877986162900925,,1141.753201007843,30.096210956573486
1741,0.010196945630013943,,1142.3949670791626,30.109172582626343
1742,0.010568831115961075,,1143.0370438098907,30.122092962265015
1743,0.01733000949025154,,1143.6788232326508,30.135087966918945
1744,0.010706910863518715,,1144.3200676441193,30.14804720878601
1745,0.010071813128888607,,1144.9623584747314,30.160999059677124
1746,0.010831908322870731,,1145.6035814285278,30.173959732055664
1747,0.00899788923561573,,1146.2461788654327,30.186949253082275
1748,0.01109085138887167,,1146.8876612186432,30.200008153915405
1749,0.010305753909051418,,1147.5309727191925,30.212965965270996
1750,0.008881540037691593,,1148.17343044281,30.22597360610962
1751,0.00829281285405159,,1148.8158090114594,30.23898983001709
1752,0.023175161331892014,,1149.4572117328644,30.252060174942017
1753,0.009045122191309929,,1150.0991814136505,30.265028476715088
1754,0.009864705614745617,,1150.739949464798,30.27803659439087
1755,0.008969714865088463,,1151.7196221351624,30.29097843170166
1756,0.009555589407682419,,1152.3616907596588,30.30393958091736
1757,0.011693339794874191,,1153.0035059452057,30.316874980926514
1758,0.012347416952252388,,1153.6451151371002,30.32981300354004
1759,0.009219871833920479,,1154.287113904953,30.342823266983032
1760,0.011590013280510902,,1154.9287955760956,30.35579800605774
1761,0.010003655217587948,,1155.5708866119385,30.36876916885376
1762,0.009388327598571777,,1156.2135310173035,30.381698846817017
1763,0.009326132945716381,,1156.8556442260742,30.394651174545288
1764,0.009026733227074146,,1157.4975872039795,30.40761709213257
1765,0.011315707117319107,,1158.141231060028,30.420580625534058
1766,0.009188566356897354,,1158.7835936546326,30.433549642562866
1767,0.009425767697393894,,1159.4259991645813,30.446577548980713
1768,0.012001489289104939,,1160.0677380561829,30.45958971977234
1769,0.008851278573274612,,1160.7090742588043,30.47259759902954
1770,0.008749311789870262,,1161.3507070541382,30.485629320144653
1771,0.008918671868741512,,1161.9928443431854,30.49861168861389
1772,0.015816356986761093,,1162.6347267627716,30.511611223220825
1773,0.012479857541620731,,1163.2783961296082,30.524600744247437
1774,0.010330446995794773,,1163.9221017360687,30.537644386291504
1775,0.011137986555695534,,1164.5654668807983,30.55066990852356
1776,0.010594976134598255,,1165.2086956501007,30.563600778579712
1777,0.010304879397153854,,1165.8517518043518,30.576529026031494
1778,0.0095431599766016,,1166.4925153255463,30.589524269104004
1779,0.010184346698224545,,1167.1342935562134,30.602438926696777
1780,0.01160532794892788,,1167.7755858898163,30.61544966697693
1781,0.010202907957136631,,1168.417462348938,30.628387451171875
1782,0.01308843307197094,,1169.3967139720917,30.641391277313232
1783,0.01092165894806385,,1170.0386114120483,30.654340982437134
1784,0.013420470058918,,1170.681785106659,30.667317390441895
1785,0.011271608993411064,,1171.323763847351,30.680335760116577
1786,0.01150735467672348,,1171.9654381275177,30.693312644958496
1787,0.009528975002467632,,1172.6079337596893,30.706307649612427
1788,0.019988898187875748,,1173.2501380443573,30.71929931640625
1789,0.010133643634617329,,1173.8924403190613,30.73228883743286
1790,0.011738992296159267,,1174.5333790779114,30.74529266357422
1791,0.011641417630016804,,1175.1771249771118,30.758255004882812
1792,0.01155724935233593,,1175.8198590278625,30.771236181259155
1793,0.011112558655440807,,1176.4617092609406,30.784250259399414
1794,0.013100669719278812,,1177.1032752990723,30.797220706939697
1795,0.013244840316474438,,1177.7456238269806,30.810201168060303
1796,0.01208503358066082,,1178.3868985176086,30.823172092437744
1797,0.017168164253234863,,1179.0293259620667,30.836182117462158
1798,0.013234059326350689,,1179.67063331604,30.849246978759766
1799,0.01005571335554123,,1180.3136522769928,30.86226487159729
1800,0.010343465022742748,,1180.9554193019867,30.875248670578003
1801,0.011215963400900364,,1181.598373889923,30.888213872909546
1802,0.010336872190237045,,1182.2402234077454,30.901131629943848
1803,0.011254725977778435,,1182.8836963176727,30.914121389389038
1804,0.01537290308624506,,1183.5256996154785,30.927106142044067
1805,0.011427463963627815,,1184.1677780151367,30.94011425971985
1806,0.011226088739931583,,1184.8093593120575,30.953125953674316
1807,0.010619609616696835,,1185.4515187740326,30.966094970703125
1808,0.011950135231018066,,1186.0938510894775,30.97909188270569
1809,0.014116202481091022,,1187.0747096538544,30.9920334815979
1810,0.020480209961533546,,1187.716775894165,31.0049946308136
1811,0.012081406079232693,,1188.3590924739838,31.017963647842407
1812,0.012542208656668663,,1189.0001230239868,31.030901432037354
1813,0.010945279151201248,,1189.6429562568665,31.04386830329895
1814,0.011814727447926998,,1190.2850737571716,31.056844472885132
1815,0.01281674299389124,,1190.9283168315887,31.069818019866943
1816,0.011525113135576248,,1191.570015668869,31.08273673057556
1817,0.01202318910509348,,1192.2117998600006,31.095658540725708
1818,0.012821354903280735,,1192.853703737259,31.10856556892395
1819,0.011770155280828476,,1193.4969244003296,31.121514797210693
1820,0.012547059915959835,,1194.1378858089447,31.134440422058105
1821,0.014596032910048962,,1194.779232263565,31.147358894348145
1822,0.012459534220397472,,1195.4224050045013,31.160295009613037
1823,0.011404125019907951,,1196.064557313919,31.173269271850586
1824,0.011215888895094395,,1196.7063443660736,31.186193227767944
1825,0.011285671032965183,,1197.3480637073517,31.199185848236084
1826,0.012915419414639473,,1197.9891164302826,31.212080001831055
1827,0.010486296378076077,,1198.6315050125122,31.225022792816162
1828,0.010499577037990093,,1199.2744190692902,31.23797106742859
1829,0.009104246273636818,,1199.9162430763245,31.250925302505493
1830,0.010084215551614761,,1200.5581085681915,31.263901948928833
1831,0.009289119392633438,,1201.199381828308,31.276813745498657
1832,0.009598932228982449,,1201.8419494628906,31.28986096382141
1833,0.00924239307641983,,1202.4843533039093,31.302907466888428
1834,0.01573474146425724,,1203.1256790161133,31.315929889678955
1835,0.009296523407101631,,1203.7685360908508,31.328878164291382
1836,0.010097338818013668,,1204.7497458457947,31.341806650161743
1837,0.010591727681457996,,1205.3913588523865,31.354719877243042
1838,0.011887534521520138,,1206.0338695049286,31.36764883995056
1839,0.010317910462617874,,1206.6767039299011,31.380595922470093
1840,0.010838238522410393,,1207.3190457820892,31.393579959869385
1841,0.011069053784012794,,1207.9611682891846,31.406514644622803
1842,0.009611456654965878,,1208.6031062602997,31.419422149658203
1843,0.010373085737228394,,1209.2459342479706,31.432356595993042
1844,0.00938535574823618,,1209.887586593628,31.4452645778656
1845,0.009342089295387268,,1210.5298233032227,31.4581880569458
1846,0.012286433018743992,,1211.171645641327,31.471155166625977
1847,0.018101496621966362,,1211.8144717216492,31.484091997146606
1848,0.013896572403609753,,1212.4568984508514,31.497016668319702
1849,0.012944219633936882,,1213.098040819168,31.509937286376953
1850,0.01116066612303257,,1213.7395975589752,31.522884368896484
1851,0.010269414633512497,,1214.3808679580688,31.53579592704773
1852,0.01710037887096405,,1215.023110628128,31.548810720443726
1853,0.012302364222705364,,1215.6643433570862,31.561742544174194
1854,0.0127872908487916,,1216.3074281215668,31.57467222213745
1855,0.01120686624199152,,1216.9486305713654,31.58759379386902
1856,0.011476289480924606,,1217.5918123722076,31.60055422782898
1857,0.011743390001356602,,1218.2332680225372,31.613494634628296
1858,0.015576345846056938,,1218.8753502368927,31.626471996307373
1859,0.013201147317886353,,1219.5176570415497,31.639399766921997
1860,0.012907905504107475,,1220.1594650745392,31.652344226837158
1861,0.011805081740021706,,1220.8011565208435,31.6652934551239
1862,0.011431356891989708,,1221.4427270889282,31.678255558013916
1863,0.012824123725295067,,1222.4251334667206,31.691229820251465
1864,0.00907837226986885,,1223.068284034729,31.70418882369995
1865,0.008729134686291218,,1223.710304260254,31.71714949607849
1866,0.009619238786399364,,1224.3512434959412,31.730153799057007
1867,0.009954399429261684,,1224.9932141304016,31.7431423664093
1868,0.010827704332768917,,1225.6344108581543,31.756175994873047
1869,0.00904784258455038,,1226.2757909297943,31.76911497116089
1870,0.016444258391857147,,1226.918019771576,31.78213906288147
1871,0.013514014892280102,,1227.5614895820618,31.79511046409607
1872,0.016180958598852158,,1228.2031574249268,31.808122634887695
1873,0.014107259921729565,,1228.8461410999298,31.821142435073853
1874,0.009503784589469433,,1229.4868330955505,31.834197998046875
1875,0.013532416895031929,,1230.1293270587921,31.84722661972046
1876,0.010200237855315208,,1230.7710654735565,31.860239028930664
1877,0.010542257688939571,,1231.413583278656,31.873275756835938
1878,0.011341124773025513,,1232.0548238754272,31.886332750320435
1879,0.009980875067412853,,1232.6969397068024,31.899323225021362
1880,0.009469391778111458,,1233.3382484912872,31.91228461265564
1881,0.009708422236144543,,1233.9802923202515,31.925315856933594
1882,0.009869723580777645,,1234.622216463089,31.938238382339478
1883,0.009487462230026722,,1235.264234304428,31.951218605041504
1884,0.009025938808918,,1235.9048736095428,31.964172840118408
1885,0.008764082565903664,,1236.5476145744324,31.977160215377808
1886,0.009186741895973682,,1237.1893184185028,31.990042209625244
1887,0.010505899786949158,,1237.8308384418488,32.00301694869995
1888,0.01405353657901287,,1238.4723253250122,32.01598596572876
1889,0.01259275060147047,,1239.11394572258,32.028993129730225
1890,0.013868197798728943,,1240.0966529846191,32.04196333885193
1891,0.00997170340269804,,1240.73903632164,32.05488038063049
1892,0.012089968658983707,,1241.3802626132965,32.067893981933594
1893,0.012799203395843506,,1242.0241420269012,32.080854415893555
1894,0.008389277383685112,,1242.6668577194214,32.093862771987915
1895,0.01348035130649805,,1243.3102457523346,32.10678553581238
1896,0.00852874293923378,,1243.9515266418457,32.11969470977783
1897,0.008326125331223011,,1244.594470024109,32.132590770721436
1898,0.01334234420210123,,1245.235277414322,32.145570039749146
1899,0.008194152265787125,,1245.8787777423859,32.158570766448975
1900,0.011647078208625317,,1246.5201859474182,32.17151713371277
1901,0.008093219250440598,,1247.1648707389832,32.184410572052
1902,0.008469359949231148,,1247.8065874576569,32.19741439819336
1903,0.008831941522657871,,1248.4489393234253,32.21036767959595
1904,0.008315030485391617,,1249.0899877548218,32.22335767745972
1905,0.008913068100810051,,1249.7316365242004,32.23635673522949
1906,0.008487481623888016,,1250.374065876007,32.24938607215881
1907,0.0086039574816823,,1251.0160024166107,32.26230192184448
1908,0.00843542069196701,,1251.6582226753235,32.27532911300659
1909,0.01009560190141201,,1252.3004381656647,32.28825879096985
1910,0.008502469398081303,,1252.9418745040894,32.301185131073
1911,0.008331750519573689,,1253.5837013721466,32.31409668922424
1912,0.008627925999462605,,1254.2257311344147,32.32703757286072
1913,0.008564917370676994,,1254.8680748939514,32.33998656272888
1914,0.008327707648277283,,1255.5107161998749,32.35290575027466
1915,0.009106050245463848,,1256.152808189392,32.36582660675049
1916,0.009351320564746857,,1256.7953922748566,32.3787841796875
1917,0.009348029270768166,,1257.7769141197205,32.39177131652832
1918,0.010829810053110123,,1258.4206504821777,32.40476417541504
1919,0.008115443401038647,,1259.0636713504791,32.41776728630066
1920,0.01065642200410366,,1259.7048785686493,32.430689334869385
1921,0.011625965125858784,,1260.3467326164246,32.44370198249817
1922,0.008905185386538506,,1260.9898793697357,32.45665955543518
1923,0.01086832582950592,,1261.6332881450653,32.46961569786072
1924,0.01587677374482155,,1262.2749800682068,32.482635736465454
1925,0.00898960791528225,,1262.917601108551,32.495599031448364
1926,0.008613505400717258,,1263.5597841739655,32.50859260559082
1927,0.008257118985056877,,1264.2017107009888,32.521544218063354
1928,0.008897773921489716,,1264.8436920642853,32.534512758255005
1929,0.010130541399121284,,1265.4862220287323,32.54749155044556
1930,0.009935500100255013,,1266.128534078598,32.560471296310425
1931,0.01040694210678339,,1266.7707116603851,32.57349634170532
1932,0.009629172272980213,,1267.412534236908,32.586488008499146
1933,0.008553232066333294,,1268.0561637878418,32.59945869445801
1934,0.008964317850768566,,1268.6993482112885,32.612406969070435
1935,0.009911011904478073,,1269.340959072113,32.62546420097351
1936,0.008447131142020226,,1269.9824657440186,32.63840889930725
1937,0.008399988524615765,,1270.6251680850983,32.65138649940491
1938,0.009909741580486298,,1271.267281293869,32.664306640625
1939,0.011219536885619164,,1271.9093148708344,32.677239179611206
1940,0.010048046708106995,,1272.5508596897125,32.69018769264221
1941,0.01078523974865675,,1273.1936528682709,32.70309066772461
1942,0.011845756322145462,,1273.836186170578,32.716092109680176
1943,0.01073789969086647,,1274.478775024414,32.72903299331665
1944,0.012212689034640789,,1275.4591555595398,32.74203395843506
1945,0.008828245103359222,,1276.101600408554,32.75495743751526
1946,0.01050481665879488,,1276.7427129745483,32.767998933792114
1947,0.008152552880346775,,1277.384712934494,32.78095602989197
1948,0.008610181510448456,,1278.0260565280914,32.793920278549194
1949,0.008126121014356613,,1278.6678631305695,32.80694794654846
1950,0.007749665528535843,,1279.310251712799,32.81998872756958
1951,0.007488273549824953,,1279.9532198905945,32.83300423622131
1952,0.010480334982275963,,1280.5955216884613,32.84602355957031
1953,0.007632581051439047,,1281.237598657608,32.85902118682861
1954,0.011675553396344185,,1281.8790881633759,32.87201523780823
1955,0.00950747448951006,,1282.5204939842224,32.88503432273865
1956,0.009157157503068447,,1283.1623787879944,32.89801263809204
1957,0.011856558732688427,,1283.8048541545868,32.91102862358093
1958,0.014945660717785358,,1284.4490323066711,32.924063205718994
1959,0.013314428739249706,,1285.0905532836914,32.937023639678955
1960,0.00906334538012743,,1285.7316553592682,32.95005917549133
1961,0.010799572803080082,,1286.3734505176544,32.963058948516846
1962,0.00945441983640194,,1287.0157091617584,32.9760422706604
1963,0.00901379156857729,,1287.6586997509003,32.98904252052307
1964,0.011107508093118668,,1288.3009855747223,33.00207591056824
1965,0.016723262146115303,,1288.9445481300354,33.015036821365356
1966,0.009468293748795986,,1289.5865445137024,33.02799844741821
1967,0.0077326311729848385,,1290.2291293144226,33.04095005989075
1968,0.008379007689654827,,1290.870219707489,33.053932666778564
1969,0.009175723418593407,,1291.5117559432983,33.06689953804016
1970,0.008653110824525356,,1292.1539452075958,33.079851150512695
1971,0.009540196508169174,,1293.1346461772919,33.09279155731201
1972,0.010055108927190304,,1293.7758553028107,33.10567879676819
1973,0.011844172142446041,,1294.4177672863007,33.11863565444946
1974,0.01133402157574892,,1295.0592641830444,33.131643295288086
1975,0.009076274931430817,,1295.7009587287903,33.14460515975952
1976,0.009307718835771084,,1296.342623949051,33.15755081176758
1977,0.0175935048609972,,1296.986347436905,33.170514822006226
1978,0.017444321885704994,,1297.6280627250671,33.18346548080444
1979,0.01277910452336073,,1298.2701988220215,33.19640564918518
1980,0.011908086016774178,,1298.9136428833008,33.20933294296265
1981,0.012881195172667503,,1299.555789232254,33.222283601760864
1982,0.010835289023816586,,1300.1984388828278,33.235220432281494
1983,0.010584483854472637,,1300.840134382248,33.248133182525635
1984,0.010252049192786217,,1301.4818379878998,33.261080503463745
1985,0.014339995570480824,,1302.1242945194244,33.27406620979309
1986,0.015717731788754463,,1302.7668025493622,33.286998987197876
1987,0.009724118746817112,,1303.4090023040771,33.299960136413574
1988,0.008766097947955132,,1304.0512907505035,33.3129026889801
1989,0.009165600873529911,,1304.6929879188538,33.325806856155396
1990,0.010566893965005875,,1305.334424495697,33.338735580444336
1991,0.009559077210724354,,1305.9770724773407,33.35175395011902
1992,0.010077767074108124,,1306.6198823451996,33.36475348472595
1993,0.009786917828023434,,1307.262773990631,33.377747774124146
1994,0.01247382815927267,,1307.9046051502228,33.39072227478027
1995,0.008596955798566341,,1308.5463891029358,33.403690814971924
1996,0.008684822358191013,,1309.1875290870667,33.416635036468506
1997,0.009505040012300014,,1309.829167842865,33.42954778671265
1998,0.008949508890509605,,1310.809264421463,33.44258642196655
1999,0.00955872517079115,,1311.4507977962494,33.45562028884888
2000,0.01045242603868246,0.0042533278465271,1312.0922091007233,35.3424608707428
2001,0.01011387538164854,,1312.7336595058441,35.35542178153992
2002,0.009609612636268139,,1313.3747780323029,35.368345737457275
2003,0.008960472419857979,,1314.017597913742,35.38130807876587
2004,0.01086239144206047,,1314.6583471298218,35.394211769104004
2005,0.01049976609647274,,1315.3020079135895,35.40721940994263
2006,0.012997562997043133,,1315.9430997371674,35.42015266418457
2007,0.013091245666146278,,1316.5846900939941,35.433152198791504
2008,0.01033791434019804,,1317.227742433548,35.44616079330444
2009,0.00974265392869711,,1317.8717126846313,35.45910835266113
2010,0.011916089802980423,,1318.5135090351105,35.47213816642761
2011,0.008749295026063919,,1319.1556859016418,35.48511528968811
2012,0.008233294822275639,,1319.7971711158752,35.498085737228394
2013,0.008386021479964256,,1320.4395916461945,35.511051654815674
2014,0.012781917117536068,,1321.0822200775146,35.524033069610596
2015,0.014414460398256779,,1321.7252118587494,35.53706669807434
2016,0.014103610068559647,,1322.3670086860657,35.55002188682556
2017,0.014664451591670513,,1323.008959531784,35.562981367111206
2018,0.008881337940692902,,1323.6501364707947,35.57592058181763
2019,0.010990485548973083,,1324.2919092178345,35.58887720108032
2020,0.011991959065198898,,1324.933515548706,35.60187101364136
2021,0.01297320518642664,,1325.5763156414032,35.61488342285156
2022,0.01430127490311861,,1326.217784166336,35.62784790992737
2023,0.011364857666194439,,1326.8597691059113,35.64084482192993
2024,0.011136649176478386,,1327.5022690296173,35.65381383895874
2025,0.01415632851421833,,1328.4846274852753,35.6667685508728
2026,0.015768682584166527,,1329.1275022029877,35.67975449562073
2027,0.013253309763967991,,1329.7689816951752,35.69270396232605
2028,0.008402593433856964,,1330.4115734100342,35.705639123916626
2029,0.010025251656770706,,1331.0532977581024,35.718595027923584
2030,0.01079552061855793,,1331.6959619522095,35.73151445388794
2031,0.01369256991893053,,1332.3389410972595,35.74446702003479
2032,0.011201913468539715,,1332.980797290802,35.757431983947754
2033,0.008146246895194054,,1333.6240730285645,35.77035903930664
2034,0.009197110310196877,,1334.2669034004211,35.78328347206116
2035,0.014775401912629604,,1334.908263206482,35.79621076583862
2036,0.013434814289212227,,1335.5510528087616,35.809170961380005
2037,0.010235633701086044,,1336.1947209835052,35.82217025756836
2038,0.012751072645187378,,1336.8369896411896,35.83511996269226
2039,0.01052264217287302,,1337.4788036346436,35.84804034233093
2040,0.012067381292581558,,1338.1200037002563,35.860949993133545
2041,0.010205204598605633,,1338.7616474628448,35.87391519546509
2042,0.014069941826164722,,1339.403348684311,35.88682222366333
2043,0.013649853877723217,,1340.0447647571564,35.8997585773468
2044,0.00941474735736847,,1340.686505317688,35.91271352767944
2045,0.008392839692533016,,1341.329267501831,35.925700664520264
2046,0.008760829456150532,,1341.9704194068909,35.93869423866272
2047,0.007775843609124422,,1342.6138215065002,35.95169711112976
2048,0.008537212386727333,,1343.255867242813,35.96469068527222
2049,0.008871841244399548,,1343.8979260921478,35.97764205932617
2050,0.009125230833888054,,1344.5394868850708,35.99058198928833
2051,0.011535984463989735,,1345.1821401119232,36.00353693962097
2052,0.007895641028881073,,1346.1626470088959,36.01652002334595
2053,0.009381896816194057,,1346.8041961193085,36.029433727264404
2054,0.012163885869085789,,1347.446240901947,36.042399883270264
2055,0.011478234082460403,,1348.0878813266754,36.05533218383789
2056,0.020412502810359,,1348.7296767234802,36.068294048309326
2057,0.01159882452338934,,1349.3712294101715,36.081254959106445
2058,0.011129384860396385,,1350.012181520462,36.09420919418335
2059,0.007193420547991991,,1350.6552829742432,36.1071674823761
2060,0.0077513582073152065,,1351.2970933914185,36.12014436721802
2061,0.010461742989718914,,1351.9395806789398,36.133094787597656
2062,0.009583549574017525,,1352.5815317630768,36.14600872993469
2063,0.012424374930560589,,1353.2242369651794,36.15894794464111
2064,0.011147224344313145,,1353.8652822971344,36.171897172927856
2065,0.008711394853889942,,1354.5077276229858,36.18479514122009
2066,0.009157336317002773,,1355.1494772434235,36.197760820388794
2067,0.007911053486168385,,1355.7919425964355,36.210766315460205
2068,0.007118167821317911,,1356.433669090271,36.22375535964966
2069,0.008226340636610985,,1357.0766203403473,36.2366886138916
2070,0.008276591077446938,,1357.7175526618958,36.24962782859802
2071,0.008258797228336334,,1358.3594961166382,36.26258945465088
2072,0.010191796347498894,,1359.0013499259949,36.27554130554199
2073,0.009034022688865662,,1359.6426138877869,36.28846979141235
2074,0.011566062457859516,,1360.2851014137268,36.30139446258545
2075,0.01260768435895443,,1360.9270071983337,36.31441378593445
2076,0.010463956743478775,,1361.568886756897,36.32734227180481
2077,0.009421181865036488,,1362.210727930069,36.34031367301941
2078,0.010430306196212769,,1362.8530349731445,36.35323977470398
2079,0.01094072125852108,,1363.83625125885,36.36625814437866
2080,0.012947781942784786,,1364.4771568775177,36.37920331954956
2081,0.008908292278647423,,1365.119071483612,36.39224433898926
2082,0.009009914472699165,,1365.76038980484,36.405248165130615
2083,0.008295241743326187,,1366.4019804000854,36.4182014465332
2084,0.010615094564855099,,1367.0444338321686,36.43118691444397
2085,0.011568228714168072,,1367.6871888637543,36.44420576095581
2086,0.00986678246408701,,1368.328221321106,36.45721459388733
2087,0.00953730195760727,,1368.9695806503296,36.470176458358765
2088,0.010620469227433205,,1369.611028432846,36.483216524124146
2089,0.01425378117710352,,1370.2526943683624,36.4961895942688
2090,0.009878837503492832,,1370.8940615653992,36.50922131538391
2091,0.00843122974038124,,1371.5355491638184,36.522212743759155
2092,0.00831721629947424,,1372.1772220134735,36.535207986831665
2093,0.008154697716236115,,1372.81920337677,36.54822373390198
2094,0.008706548251211643,,1373.4619796276093,36.56126403808594
2095,0.010581111535429955,,1374.1042251586914,36.57425093650818
2096,0.009042865596711636,,1374.745207309723,36.58724308013916
2097,0.009060051292181015,,1375.387368440628,36.60017013549805
2098,0.012427683919668198,,1376.029034614563,36.61309361457825
2099,0.012395981699228287,,1376.6704261302948,36.62604594230652
2100,0.009264778345823288,,1377.311530828476,36.63899087905884
2101,0.010598626919090748,,1377.9537341594696,36.65195560455322
2102,0.009541530162096024,,1378.5951023101807,36.66490125656128
2103,0.008547680452466011,,1379.2372014522552,36.67782473564148
2104,0.009494490921497345,,1379.879064798355,36.69075036048889
2105,0.009532156400382519,,1380.5219240188599,36.703694105148315
2106,0.011443686671555042,,1381.5035407543182,36.71673917770386
2107,0.009846068918704987,,1382.144966840744,36.729706048965454
2108,0.009556936100125313,,1382.7864260673523,36.742661237716675
2109,0.010566417127847672,,1383.428020954132,36.75567841529846
2110,0.007973633706569672,,1384.070996761322,36.768702268600464
2111,0.007856156677007675,,1384.7131159305573,36.78169131278992
2112,0.008293370716273785,,1385.3555483818054,36.79468560218811
2113,0.007823126390576363,,1385.9982483386993,36.80770444869995
2114,0.012126591987907887,,1386.6399140357971,36.82070302963257
2115,0.013193518854677677,,1387.2813606262207,36.83366656303406
2116,0.008676290512084961,,1387.9233469963074,36.84669280052185
2117,0.008246862329542637,,1388.5647060871124,36.85970759391785
2118,0.010405230335891247,,1389.2064163684845,36.87269067764282
2119,0.010356740094721317,,1389.8482563495636,36.88574695587158
2120,0.010506215505301952,,1390.4898509979248,36.898698806762695
2121,0.008866933174431324,,1391.1314132213593,36.911678314208984
2122,0.009083316661417484,,1391.7738461494446,36.924644470214844
2123,0.009850144386291504,,1392.4169702529907,36.937631130218506
2124,0.008966604247689247,,1393.0607764720917,36.95063066482544
2125,0.008094380609691143,,1393.7035655975342,36.963642835617065
2126,0.008420141413807869,,1394.3452427387238,36.97654962539673
2127,0.008492382243275642,,1394.9866027832031,36.989534854888916
2128,0.009284278377890587,,1395.628470659256,37.00248074531555
2129,0.008323602378368378,,1396.2708954811096,37.01545453071594
2130,0.00904528982937336,,1396.9122734069824,37.02840042114258
2131,0.009388862177729607,,1397.5537250041962,37.04138898849487
2132,0.008821406401693821,,1398.1960077285767,37.05437469482422
2133,0.008852364495396614,,1399.1756851673126,37.06736469268799
2134,0.010462203994393349,,1399.8178687095642,37.080328702926636
2135,0.008697770535945892,,1400.4599015712738,37.09327697753906
2136,0.009200348518788815,,1401.10111618042,37.106322288513184
2137,0.008971694856882095,,1401.744839668274,37.11933159828186
2138,0.008679385297000408,,1402.3870944976807,37.13235282897949
2139,0.008594761602580547,,1403.029408454895,37.145318031311035
2140,0.009185146540403366,,1403.6727979183197,37.158257722854614
2141,0.010341744869947433,,1404.316403388977,37.1711790561676
2142,0.010128338821232319,,1404.9588091373444,37.18418645858765
2143,0.011771795339882374,,1405.600967168808,37.197169065475464
2144,0.00923036877065897,,1406.2424297332764,37.210214614868164
2145,0.008688421919941902,,1406.8847842216492,37.22317576408386
2146,0.008901489898562431,,1407.5269467830658,37.236178159713745
2147,0.009290616028010845,,1408.1699290275574,37.249104261398315
2148,0.010581327602267265,,1408.812190771103,37.262062549591064
2149,0.01142125390470028,,1409.45481300354,37.27504825592041
2150,0.010183505713939667,,1410.0975184440613,37.2879581451416
2151,0.009043937548995018,,1410.7398564815521,37.30089855194092
2152,0.009102679789066315,,1411.3824489116669,37.3138165473938
2153,0.009748583659529686,,1412.0261669158936,37.32697343826294
2154,0.00941673293709755,,1412.6673653125763,37.33993649482727
2155,0.009069574065506458,,1413.3090963363647,37.35301423072815
2156,0.012956506572663784,,1413.952257156372,37.36595678329468
2157,0.009392957203090191,,1414.5959215164185,37.3789005279541
2158,0.00991488341242075,,1415.2379212379456,37.39183068275452
2159,0.010155274532735348,,1415.8809683322906,37.4047429561615
2160,0.010043475776910782,,1416.8613574504852,37.41770553588867
2161,0.010287855751812458,,1417.5037841796875,37.43065166473389
2162,0.009855479933321476,,1418.1471235752106,37.44361710548401
2163,0.010334857739508152,,1418.7891986370087,37.45661449432373
2164,0.009390154853463173,,1419.430394411087,37.46951770782471
2165,0.009900141507387161,,1420.0741209983826,37.482446908950806
2166,0.009386241436004639,,1420.717989206314,37.49539566040039
2167,0.009010153822600842,,1421.3598365783691,37.5084125995636
2168,0.011116854846477509,,1422.0032300949097,37.52138304710388
2169,0.008828025311231613,,1422.6462876796722,37.53441548347473
2170,0.009086819365620613,,1423.2886481285095,37.54738426208496
2171,0.011861618608236313,,1423.9308145046234,37.56037259101868
2172,0.01524574588984251,,1424.5723354816437,37.5733482837677
2173,0.008830558508634567,,1425.214779138565,37.58635902404785
2174,0.010032887570559978,,1425.8565833568573,37.599284410476685
2175,0.00956689938902855,,1426.4990060329437,37.612239837646484
2176,0.008520183153450489,,1427.1415565013885,37.62525749206543
2177,0.009002108126878738,,1427.7846863269806,37.63821768760681
2178,0.009437129832804203,,1428.4257967472076,37.6511664390564
2179,0.009479887783527374,,1429.07017660141,37.66418743133545
2180,0.008291317149996758,,1429.7125470638275,37.67720437049866
2181,0.00991359818726778,,1430.3560996055603,37.69020652770996
2182,0.00901372916996479,,1430.9973893165588,37.703184366226196
2183,0.008123116567730904,,1431.6400482654572,37.71620416641235
2184,0.009686769917607307,,1432.2826008796692,37.72921872138977
2185,0.012846231460571289,,1432.9256167411804,37.742194175720215
2186,0.010213157162070274,,1433.5668120384216,37.75518822669983
2187,0.009580323472619057,,1434.5485684871674,37.768104553222656
2188,0.009826166555285454,,1435.1906797885895,37.78100395202637
2189,0.00986847747117281,,1435.8334407806396,37.793888092041016
2190,0.008418637327849865,,1436.474619626999,37.80679726600647
2191,0.015666643157601357,,1437.1159331798553,37.81971073150635
2192,0.014215962961316109,,1437.7569415569305,37.83264708518982
2193,0.009127078577876091,,1438.3988053798676,37.84565711021423
2194,0.014837556518614292,,1439.039219379425,37.8585901260376
2195,0.011805801652371883,,1439.681559562683,37.87157201766968
2196,0.009483148343861103,,1440.324059009552,37.884493589401245
2197,0.013319060206413269,,1440.9656286239624,37.89747858047485
2198,0.012493408285081387,,1441.6067762374878,37.91042900085449
2199,0.008746501058340073,,1442.2498154640198,37.92334270477295
2200,0.011322058737277985,,1442.8925578594208,37.93627071380615
2201,0.00909416750073433,,1443.5348558425903,37.94920825958252
2202,0.008831406012177467,,1444.1757507324219,37.96213746070862
2203,0.007747709285467863,,1444.8187537193298,37.97511267662048
2204,0.007600769400596619,,1445.4611291885376,37.98810362815857
2205,0.00965834315866232,,1446.1035771369934,38.001068353652954
2206,0.010706371627748013,,1446.7445726394653,38.014147996902466
2207,0.0086445864289999,,1447.3867151737213,38.02712297439575
2208,0.00911206565797329,,1448.0290575027466,38.04009199142456
2209,0.010074364021420479,,1448.6706142425537,38.05310297012329
2210,0.007693680934607983,,1449.3122472763062,38.066123723983765
2211,0.007448478136211634,,1449.953654050827,38.079129695892334
2212,0.011811235919594765,,1450.5959870815277,38.092100381851196
2213,0.00920760165899992,,1451.2383859157562,38.1051139831543
2214,0.007964948192238808,,1452.2171437740326,38.11801075935364
2215,0.009418145753443241,,1452.8593385219574,38.130985498428345
2216,0.009192895144224167,,1453.501045703888,38.14390230178833
2217,0.009287182241678238,,1454.143985748291,38.156806230545044
2218,0.013225090689957142,,1454.78617978096,38.16974115371704
2219,0.00869233999401331,,1455.4296464920044,38.18273425102234
2220,0.010787633247673512,,1456.0724391937256,38.195700883865356
2221,0.007957554422318935,,1456.714209318161,38.208603620529175
2222,0.007724595721811056,,1457.3568589687347,38.22158074378967
2223,0.008038563653826714,,1457.9985728263855,38.23449730873108
2224,0.008621922694146633,,1458.6415808200836,38.2474889755249
2225,0.011716126464307308,,1459.2843520641327,38.260390520095825
2226,0.012254919856786728,,1459.926687002182,38.27340030670166
2227,0.009031673893332481,,1460.5701644420624,38.28633689880371
2228,0.008569330908358097,,1461.2114374637604,38.29929518699646
2229,0.00886528566479683,,1461.853875875473,38.3122718334198
2230,0.00843606423586607,,1462.4973504543304,38.32530999183655
2231,0.009368226863443851,,1463.140010356903,38.33820295333862
2232,0.008857831358909607,,1463.7823708057404,38.35114789009094
2233,0.008735626935958862,,1464.42466878891,38.364081382751465
2234,0.009614508599042892,,1465.0666406154633,38.377055406570435
2235,0.009699590504169464,,1465.7079753875732,38.38996386528015
2236,0.010735159739851952,,1466.3500406742096,38.40290951728821
2237,0.011961194686591625,,1466.9917182922363,38.415926456451416
2238,0.010578582063317299,,1467.6328752040863,38.42888355255127
2239,0.008125107735395432,,1468.2768349647522,38.44191074371338
2240,0.008086759597063065,,1468.9181654453278,38.45489549636841
2241,0.008593950420618057,,1469.9006145000458,38.46783947944641
2242,0.007799070794135332,,1470.5422296524048,38.48073673248291
2243,0.0077064610086381435,,1471.1844890117645,38.49376606941223
2244,0.007263130508363247,,1471.8256916999817,38.50671315193176
2245,0.009217382408678532,,1472.4683606624603,38.51968288421631
2246,0.007668070495128632,,1473.1108119487762,38.532586097717285
2247,0.011214789003133774,,1473.7519822120667,38.54558444023132
2248,0.013504351489245892,,1474.3939995765686,38.5585196018219
2249,0.011457501910626888,,1475.0354607105255,38.57150983810425
2250,0.007645669858902693,,1475.6777215003967,38.58466649055481
2251,0.011279094032943249,,1476.3201913833618,38.597628355026245
2252,0.009741202928125858,,1476.9612205028534,38.610615730285645
2253,0.008887208066880703,,1477.6049818992615,38.62365746498108
2254,0.007992316968739033,,1478.245819568634,38.63659071922302
2255,0.01218313630670309,,1478.8898148536682,38.64958930015564
2256,0.007173779420554638,,1479.5320410728455,38.66254019737244
2257,0.013793865218758583,,1480.174822807312,38.675437688827515
2258,0.013130509294569492,,1480.8160498142242,38.688429832458496
2259,0.010259244590997696,,1481.4582121372223,38.70143485069275
2260,0.009691312909126282,,1482.1014287471771,38.714370012283325
2261,0.00709103187546134,,1482.7438361644745,38.727327823638916
2262,0.008022520691156387,,1483.3864097595215,38.74032139778137
2263,0.011336229741573334,,1484.0282843112946,38.753286361694336
2264,0.00899510271847248,,1484.6702506542206,38.76623463630676
2265,0.011914463713765144,,1485.3122556209564,38.77921509742737
2266,0.00740334065631032,,1485.9546871185303,38.79215741157532
2267,0.00901113823056221,,1486.5995943546295,38.805113792419434
2268,0.0074837408028542995,,1487.58154630661,38.81804418563843
2269,0.007251502014696598,,1488.224193572998,38.8309760093689
2270,0.007674611173570156,,1488.8670868873596,38.8438994884491
2271,0.01453024335205555,,1489.5093009471893,38.8568172454834
2272,0.011401680298149586,,1490.151483297348,38.86976766586304
2273,0.008395208977162838,,1490.793081998825,38.88267135620117
2274,0.008754508569836617,,1491.43461227417,38.895585775375366
2275,0.011593613773584366,,1492.078331708908,38.90852499008179
2276,0.015345590189099312,,1492.7194483280182,38.921457052230835
2277,0.011195072904229164,,1493.3618333339691,38.93443560600281
2278,0.010128890164196491,,1494.005322933197,38.947362184524536
2279,0.01254326943308115,,1494.648802280426,38.96027946472168
2280,0.009324365295469761,,1495.2898926734924,38.973209381103516
2281,0.009666405618190765,,1495.9332144260406,38.9861159324646
2282,0.007829325273633003,,1496.5765173435211,38.999037981033325
2283,0.010133180767297745,,1497.2187275886536,39.01198649406433
2284,0.013116903603076935,,1497.8613114356995,39.02490711212158
2285,0.008284430019557476,,1498.5038332939148,39.037840366363525
2286,0.007527841255068779,,1499.1460750102997,39.050715923309326
2287,0.007474548649042845,,1499.788817167282,39.06363081932068
2288,0.007714610081166029,,1500.4318137168884,39.076534271240234
2289,0.00959173496812582,,1501.0750377178192,39.08947539329529
2290,0.008774069137871265,,1501.7172820568085,39.10244655609131
2291,0.009817247278988361,,1502.359864473343,39.115392446517944
2292,0.00846610963344574,,1503.0014927387238,39.128329277038574
2293,0.010839066468179226,,1503.6435194015503,39.141303300857544
2294,0.008757559582591057,,1504.2847628593445,39.15425634384155
2295,0.00827854685485363,,1505.2655375003815,39.16724491119385
2296,0.009847966022789478,,1505.908648967743,39.180214643478394
2297,0.010012991726398468,,1506.5517292022705,39.193238973617554
2298,0.00955867301672697,,1507.192762374878,39.20626735687256
2299,0.0072587584145367146,,1507.8346223831177,39.21923327445984
2300,0.009149376302957535,,1508.4771416187286,39.23221802711487
2301,0.007070084102451801,,1509.1190803050995,39.24517750740051
2302,0.009048103354871273,,1509.7631940841675,39.25814867019653
2303,0.009341513738036156,,1510.4046223163605,39.271153926849365
2304,0.008912495337426662,,1511.047315120697,39.28414463996887
2305,0.008426893502473831,,1511.6899931430817,39.297184228897095
2306,0.008593644015491009,,1512.3330790996552,39.31018018722534
2307,0.00958232767879963,,1512.974736213684,39.32319712638855
2308,0.009305490180850029,,1513.616127729416,39.33622431755066
2309,0.008430936373770237,,1514.2583737373352,39.349189043045044
2310,0.008754047565162182,,1514.8990981578827,39.36214089393616
2311,0.007825729437172413,,1515.5411086082458,39.37505865097046
2312,0.008548825047910213,,1516.1827178001404,39.38794183731079
2313,0.00791178084909916,,1516.8242852687836,39.40087294578552
2314,0.010479333810508251,,1517.4664549827576,39.41382169723511
2315,0.007476971484720707,,1518.1086390018463,39.4267635345459
2316,0.008447431027889252,,1518.7512373924255,39.43968749046326
2317,0.00808641780167818,,1519.3936421871185,39.45262265205383
2318,0.00832555815577507,,1520.035291671753,39.46556782722473
2319,0.008057528175413609,,1520.6770577430725,39.478515625
2320,0.008792251348495483,,1521.3182921409607,39.49144959449768
2321,0.01011084858328104,,1521.961989402771,39.50440788269043
2322,0.010007373988628387,,1522.9439389705658,39.5174560546875
2323,0.00878454651683569,,1523.5874757766724,39.530473470687866
2324,0.012258435599505901,,1524.2303030490875,39.54351997375488
2325,0.012199418619275093,,1524.8731112480164,39.556562662124634
2326,0.010823884978890419,,1525.5161969661713,39.569554567337036
2327,0.008313847705721855,,1526.1595602035522,39.58252310752869
2328,0.009230023249983788,,1526.8011734485626,39.595494747161865
2329,0.007826587185263634,,1527.4435405731201,39.60849046707153
2330,0.00797340925782919,,1528.086305141449,39.62147808074951
2331,0.007239848375320435,,1528.729906320572,39.634424924850464
2332,0.007911044172942638,,1529.3720891475677,39.64739108085632
2333,0.010337140411138535,,1530.0140511989594,39.66046977043152
2334,0.008066216483712196,,1530.6562097072601,39.67347478866577
2335,0.007061195559799671,,1531.297789812088,39.68647623062134
2336,0.007016582880169153,,1531.938909292221,39.699398040771484
2337,0.006843536160886288,,1532.582100868225,39.71237850189209
2338,0.009712482802569866,,1533.223213672638,39.725319623947144
2339,0.00703457510098815,,1533.866506099701,39.738258600234985
2340,0.006578264757990837,,1534.5086336135864,39.75126361846924
2341,0.006992333102971315,,1535.1505436897278,39.76425814628601
2342,0.010231503285467625,,1535.7920207977295,39.77730846405029
2343,0.014637810178101063,,1536.4353976249695,39.79037857055664
2344,0.00959374476224184,,1537.0780453681946,39.803356409072876
2345,0.007227818015962839,,1537.7208979129791,39.81631875038147
2346,0.010820960626006126,,1538.362303495407,39.829344749450684
2347,0.007226507645100355,,1539.0047974586487,39.84237098693848
2348,0.00860840454697609,,1539.6480333805084,39.85535645484924
2349,0.011533446609973907,,1540.6274783611298,39.86838245391846
2350,0.010070834308862686,,1541.2694063186646,39.88134479522705
2351,0.00807022675871849,,1541.9111042022705,39.894304037094116
2352,0.007773258723318577,,1542.552327632904,39.90723752975464
2353,0.006530961487442255,,1543.194883108139,39.92020583152771
2354,0.01199436280876398,,1543.8368339538574,39.933260440826416
2355,0.006637290120124817,,1544.4789447784424,39.9462571144104
2356,0.007243118714541197,,1545.1209671497345,39.95921754837036
2357,0.007578774355351925,,1545.7639989852905,39.97221398353577
2358,0.010417284443974495,,1546.406034231186,39.985190629959106
2359,0.007207219488918781,,1547.0478565692902,39.998250246047974
2360,0.007043377961963415,,1547.6899454593658,40.011202573776245
2361,0.008046449162065983,,1548.3324525356293,40.024219274520874
2362,0.008832301944494247,,1548.9753291606903,40.03716707229614
2363,0.007837889716029167,,1549.6177554130554,40.050119400024414
2364,0.008493329398334026,,1550.2602546215057,40.06310796737671
2365,0.0076643624342978,,1550.9027943611145,40.07604479789734
2366,0.007696994114667177,,1551.544546842575,40.08904528617859
2367,0.009609261527657509,,1552.1869804859161,40.10193943977356
2368,0.010198419913649559,,1552.8287258148193,40.11490488052368
2369,0.008183998055756092,,1553.4708302021027,40.12782526016235
2370,0.00836249254643917,,1554.1139161586761,40.14081120491028
2371,0.011718676425516605,,1554.7561690807343,40.15379238128662
2372,0.007686275523155928,,1555.3983120918274,40.16680884361267
2373,0.007547212298959494,,1556.03968167305,40.17977595329285
2374,0.009107234887778759,,1556.6818282604218,40.192782163619995
2375,0.013379347510635853,,1557.3246614933014,40.205710649490356
2376,0.00853186845779419,,1558.3040342330933,40.21870398521423
2377,0.008843578398227692,,1558.9466655254364,40.23166298866272
2378,0.011910022236406803,,1559.589106798172,40.24466824531555
2379,0.00802312046289444,,1560.2332293987274,40.25768685340881
2380,0.008228122256696224,,1560.875162601471,40.27068042755127
2381,0.007802022621035576,,1561.517914533615,40.28367304801941
2382,0.008711429312825203,,1562.1610577106476,40.2966570854187
2383,0.011238310486078262,,1562.804472208023,40.30965805053711
2384,0.008275634609162807,,1563.4462962150574,40.32257342338562
2385,0.007263021543622017,,1564.0887081623077,40.33554744720459
2386,0.007271035574376583,,1564.7309815883636,40.34856700897217
2387,0.007049333769828081,,1565.3735382556915,40.3615825176239
2388,0.012095899321138859,,1566.016303062439,40.374587059020996
2389,0.010405393317341805,,1566.6586601734161,40.38760757446289
2390,0.01472091767936945,,1567.2998025417328,40.40056920051575
2391,0.011962004005908966,,1567.9423396587372,40.41358757019043
2392,0.007719769142568111,,1568.5859172344208,40.42657160758972
2393,0.007833577692508698,,1569.228507757187,40.43953537940979
2394,0.008403025567531586,,1569.8701136112213,40.45246934890747
2395,0.009413031861186028,,1570.5120131969452,40.46546959877014
2396,0.00902461912482977,,1571.1546068191528,40.478506565093994
2397,0.013243002817034721,,1571.7987384796143,40.49150037765503
2398,0.013553624041378498,,1572.4404578208923,40.50452470779419
2399,0.010081129148602486,,1573.082729101181,40.51744866371155
2400,0.010523132048547268,,1573.7244882583618,40.53046751022339
2401,0.01119509432464838,,1574.3674366474152,40.5433988571167
2402,0.0078422324731946,,1575.008920431137,40.55639123916626
2403,0.009370388463139534,,1575.9904792308807,40.56930422782898
2404,0.007362427655607462,,1576.6316256523132,40.58218836784363
2405,0.008415658958256245,,1577.2739906311035,40.59516263008118
2406,0.007932864129543304,,1577.9166672229767,40.60807156562805
2407,0.00968003086745739,,1578.5587751865387,40.62102246284485
2408,0.010108159855008125,,1579.201387166977,40.63398766517639
2409,0.007850424386560917,,1579.844377040863,40.64691972732544
2410,0.010851705446839333,,1580.4858040809631,40.65987300872803
2411,0.012957941740751266,,1581.1272361278534,40.67277908325195
2412,0.011088747531175613,,1581.7698695659637,40.68573498725891
2413,0.009525270201265812,,1582.4127669334412,40.698650598526
2414,0.010648204945027828,,1583.0543236732483,40.71157264709473
2415,0.00856498721987009,,1583.6960275173187,40.72446584701538
2416,0.008604569360613823,,1584.3385117053986,40.73743200302124
2417,0.0072821928188204765,,1584.9809799194336,40.75042390823364
2418,0.0099058598279953,,1585.6236598491669,40.76337957382202
2419,0.009000364691019058,,1586.2662479877472,40.77636218070984
2420,0.0077170031145215034,,1586.9082839488983,40.789361000061035
2421,0.0073832059279084206,,1587.5500044822693,40.80229711532593
2422,0.008992287330329418,,1588.1909658908844,40.81526279449463
2423,0.008305969648063183,,1588.833694934845,40.82823848724365
2424,0.010024734772741795,,1589.4763102531433,40.841192960739136
2425,0.008737952448427677,,1590.1192514896393,40.85411548614502
2426,0.009904514998197556,,1590.760162115097,40.867093324661255
2427,0.011018997989594936,,1591.4027190208435,40.880069732666016
2428,0.009664474986493587,,1592.0440773963928,40.89307236671448
2429,0.0072510563768446445,,1592.686690568924,40.9060754776001
2430,0.007781218737363815,,1593.6671831607819,40.91899251937866
2431,0.00997967179864645,,1594.3087134361267,40.93191075325012
2432,0.008864406496286392,,1594.9512763023376,40.94485926628113
2433,0.007426110561937094,,1595.5926296710968,40.95776057243347
2434,0.013482333160936832,,1596.2338814735413,40.97066521644592
2435,0.008632726036012173,,1596.8770186901093,40.98360347747803
2436,0.008152328431606293,,1597.5186276435852,40.99654293060303
2437,0.012773340567946434,,1598.160540342331,41.0094792842865
2438,0.010275684297084808,,1598.8030536174774,41.02240800857544
2439,0.008523656986653805,,1599.4473676681519,41.0353524684906
2440,0.010253950953483582,,1600.0899665355682,41.04832434654236
2441,0.013161590322852135,,1600.7328026294708,41.06125617027283
2442,0.00943606998771429,,1601.3743929862976,41.074201345443726
2443,0.009417410008609295,,1602.0172872543335,41.087098836898804
2444,0.01060151681303978,,1602.6585493087769,41.1000280380249
2445,0.008960011415183544,,1603.2994379997253,41.113027811050415
2446,0.010505040176212788,,1603.941026687622,41.125937700271606
2447,0.010593762621283531,,1604.5824387073517,41.138875246047974
2448,0.009417274966835976,,1605.2252252101898,41.1518030166626
2449,0.0090444041416049,,1605.8673694133759,41.16472506523132
2450,0.008414668962359428,,1606.509519815445,41.177711486816406
2451,0.008665280416607857,,1607.1519753932953,41.19071125984192
2452,0.013014217838644981,,1607.794559955597,41.203664779663086
2453,0.00840272568166256,,1608.4360446929932,41.21668219566345
2454,0.007864070124924183,,1609.0774455070496,41.22956871986389
2455,0.011406400240957737,,1609.7190673351288,41.242515087127686
2456,0.008350037038326263,,1610.360466003418,41.25555419921875
2457,0.008780491538345814,,1611.344401359558,41.268535137176514
2458,0.010325220413506031,,1611.9857244491577,41.28155446052551
2459,0.007967471145093441,,1612.628235578537,41.29450440406799
2460,0.008016088977456093,,1613.270989894867,41.30744433403015
2461,0.008827274665236473,,1613.9137189388275,41.32043981552124
2462,0.009206837974488735,,1614.5560669898987,41.33344125747681
2463,0.008133724331855774,,1615.1982398033142,41.34648561477661
2464,0.00833552423864603,,1615.840125322342,41.35941553115845
2465,0.009716227650642395,,1616.4823205471039,41.372413873672485
2466,0.009333868511021137,,1617.1244857311249,41.38540244102478
2467,0.013131516985595226,,1617.7662470340729,41.39833092689514
2468,0.018384959548711777,,1618.407436132431,41.4113712310791
2469,0.009525511413812637,,1619.0501141548157,41.42434859275818
2470,0.013688966631889343,,1619.6931207180023,41.43732500076294
2471,0.008130794391036034,,1620.3348655700684,41.45032215118408
2472,0.008159090764820576,,1620.976176738739,41.46350312232971
2473,0.008714832365512848,,1621.620067358017,41.47649383544922
2474,0.00823858194053173,,1622.2632303237915,41.48946142196655
2475,0.008100900799036026,,1622.9056153297424,41.502418994903564
2476,0.00834475178271532,,1623.5465672016144,41.51542544364929
2477,0.011689127422869205,,1624.1900987625122,41.528406858444214
2478,0.011871414259076118,,1624.831966638565,41.54138684272766
2479,0.009766125120222569,,1625.473531961441,41.55444312095642
2480,0.00965906772762537,,1626.115632534027,41.56736731529236
2481,0.011151554062962532,,1626.7574009895325,41.580323219299316
2482,0.009983554482460022,,1627.3985447883606,41.593284606933594
2483,0.009821021929383278,,1628.0415227413177,41.60632276535034
2484,0.0095770712941885,,1629.0254719257355,41.6193323135376
2485,0.00911665428429842,,1629.6691708564758,41.63228178024292
2486,0.011083466932177544,,1630.312174320221,41.64521098136902
2487,0.01318331342190504,,1630.9546842575073,41.65817070007324
2488,0.013051265850663185,,1631.596628189087,41.67109131813049
2489,0.009440599009394646,,1632.240560054779,41.68398833274841
2490,0.012878533452749252,,1632.8818101882935,41.69691491127014
2491,0.011538875289261341,,1633.5255525112152,41.709839820861816
2492,0.010195021517574787,,1634.1698546409607,41.722779750823975
2493,0.012238254770636559,,1634.8122160434723,41.73577690124512
2494,0.009729222394526005,,1635.4554665088654,41.748722314834595
2495,0.00900459848344326,,1636.0968189239502,41.76164150238037
2496,0.011239979416131973,,1636.7382769584656,41.77461504936218
2497,0.009854800067842007,,1637.3825478553772,41.78758358955383
2498,0.009461813606321812,,1638.0240371227264,41.80056834220886
2499,0.00891048926860094,,1638.6655614376068,41.81353211402893
2500,0.007700227200984955,0.004545402713119984,1639.307981967926,43.70102620124817
2501,0.00893430132418871,,1639.9494624137878,43.71402955055237
2502,0.009084619581699371,,1640.590978384018,43.72701358795166
2503,0.01010762620717287,,1641.2333669662476,43.73994493484497
2504,0.009853702038526535,,1641.8763933181763,43.75292229652405
2505,0.007765525486320257,,1642.5190587043762,43.76587772369385
2506,0.009080982767045498,,1643.161339044571,43.77888345718384
2507,0.009195984341204166,,1643.8037388324738,43.79181218147278
2508,0.014537790790200233,,1644.4459705352783,43.80482292175293
2509,0.012990552932024002,,1645.0874643325806,43.817784547805786
2510,0.009706903249025345,,1645.7295441627502,43.83073592185974
2511,0.009245429188013077,,1646.7093589305878,43.843690156936646
2512,0.010349373333156109,,1647.3533430099487,43.856629848480225
2513,0.010223718360066414,,1647.9961295127869,43.86959958076477
2514,0.008333619683980942,,1648.6396889686584,43.882588148117065
2515,0.009150249883532524,,1649.282193183899,43.8955352306366
2516,0.010679303668439388,,1649.9245007038116,43.90848755836487
2517,0.010067807510495186,,1650.5681190490723,43.921526193618774
2518,0.01089091133326292,,1651.2099828720093,43.934502840042114
2519,0.010216540656983852,,1651.8518841266632,43.947510719299316
2520,0.01036699116230011,,1652.493674993515,43.960392475128174
2521,0.009917116723954678,,1653.1363456249237,43.97330665588379
2522,0.013437274843454361,,1653.7772860527039,43.98626089096069
2523,0.009194638580083847,,1654.4186084270477,43.99926733970642
2524,0.0108092175796628,,1655.0613164901733,44.01222109794617
2525,0.010261096991598606,,1655.70312833786,44.025219202041626
2526,0.011333677917718887,,1656.3439118862152,44.038148641586304
2527,0.009532610885798931,,1656.9871952533722,44.05109167098999
2528,0.011543242260813713,,1657.6288433074951,44.06407570838928
2529,0.00932177435606718,,1658.2705233097076,44.0770537853241
2530,0.009622354991734028,,1658.9132359027863,44.08996343612671
2531,0.010165302082896233,,1659.5568544864655,44.10285782814026
2532,0.010980484075844288,,1660.1986491680145,44.11575937271118
2533,0.014520184136927128,,1660.8406791687012,44.12870121002197
2534,0.014983774162828922,,1661.482348203659,44.141698360443115
2535,0.010796611197292805,,1662.123732328415,44.15462684631348
2536,0.01365577895194292,,1662.765123128891,44.16755700111389
2537,0.01029906328767538,,1663.4068806171417,44.18050456047058
2538,0.012886212207376957,,1664.389324426651,44.19349813461304
2539,0.01049624104052782,,1665.0332672595978,44.20648956298828
2540,0.013232412748038769,,1665.675854921341,44.21947121620178
2541,0.011525431647896767,,1666.3191423416138,44.232481479644775
2542,0.011850832030177116,,1666.9621522426605,44.245455503463745
2543,0.011210013180971146,,1667.6044776439667,44.25844860076904
2544,0.012285309843719006,,1668.2456815242767,44.27149534225464
2545,0.009785102680325508,,1668.8879799842834,44.284531593322754
2546,0.009695076383650303,,1669.5298674106598,44.29760670661926
2547,0.009832837618887424,,1670.1719319820404,44.31058311462402
2548,0.009067931212484837,,1670.8142371177673,44.32352566719055
2549,0.009637934155762196,,1671.4575316905975,44.336496114730835
2550,0.008642831817269325,,1672.0987331867218,44.349524974823
2551,0.010788610205054283,,1672.7411632537842,44.362494468688965
2552,0.009732100181281567,,1673.383742570877,44.37545347213745
2553,0.01216929778456688,,1674.025374174118,44.388400077819824
2554,0.01268291100859642,,1674.6680068969727,44.40136909484863
2555,0.008731631562113762,,1675.3093423843384,44.41439342498779
2556,0.010173870250582695,,1675.952065706253,44.42742896080017
2557,0.010115372948348522,,1676.5953257083893,44.44040131568909
2558,0.012146377936005592,,1677.2375111579895,44.453365087509155
2559,0.012069051153957844,,1677.8790628910065,44.466381311416626
2560,0.016663407906889915,,1678.5203006267548,44.47938680648804
2561,0.012903313152492046,,1679.162157535553,44.49235677719116
2562,0.01336656603962183,,1679.8042740821838,44.505295515060425
2563,0.011755719780921936,,1680.4467549324036,44.518271684646606
2564,0.013352450914680958,,1681.0883984565735,44.53126811981201
2565,0.01154465600848198,,1682.0709438323975,44.544220209121704
2566,0.009287807159125805,,1682.714077949524,44.55713367462158
2567,0.009964914992451668,,1683.3567905426025,44.57010006904602
2568,0.010891669429838657,,1683.9983744621277,44.58304405212402
2569,0.009568968787789345,,1684.6415050029755,44.59600520133972
2570,0.008771587163209915,,1685.2836890220642,44.60895538330078
2571,0.010595235042273998,,1685.925720691681,44.6218957901001
2572,0.011180880479514599,,1686.5679621696472,44.63493633270264
2573,0.013075971975922585,,1687.2101979255676,44.64787197113037
2574,0.008209357038140297,,1687.851888179779,44.66086554527283
2575,0.009820433333516121,,1688.4944479465485,44.67385172843933
2576,0.010586922988295555,,1689.1353480815887,44.68677830696106
2577,0.01237587258219719,,1689.777235031128,44.699761152267456
2578,0.011547066271305084,,1690.4202899932861,44.712769985198975
2579,0.011540123261511326,,1691.0621914863586,44.725768089294434
2580,0.009335809387266636,,1691.704656124115,44.73880624771118
2581,0.009987350553274155,,1692.3467688560486,44.75177979469299
2582,0.008286461234092712,,1692.9882187843323,44.76476263999939
2583,0.013508893549442291,,1693.6312882900238,44.777714252471924
2584,0.010067743249237537,,1694.2748868465424,44.790722131729126
2585,0.010921222157776356,,1694.9164888858795,44.80371403694153
2586,0.014065580442547798,,1695.5582945346832,44.816702127456665
2587,0.012723512016236782,,1696.2015135288239,44.82968473434448
2588,0.015722200274467468,,1696.8438591957092,44.842650413513184
2589,0.012029051780700684,,1697.485958814621,44.855629444122314
2590,0.009654021821916103,,1698.1267547607422,44.868605852127075
2591,0.009280908852815628,,1698.7690963745117,44.88158559799194
2592,0.009284100495278835,,1699.748973608017,44.89478302001953
2593,0.008200758136808872,,1700.3910212516785,44.90770959854126
2594,0.008795401081442833,,1701.0321607589722,44.92063307762146
2595,0.011831342242658138,,1701.67609333992,44.93359303474426
2596,0.011305663734674454,,1702.3179295063019,44.946587562561035
2597,0.009349245578050613,,1702.9615700244904,44.95958185195923
2598,0.010736213065683842,,1703.6026747226715,44.97259783744812
2599,0.008208485320210457,,1704.2464227676392,44.98553800582886
2600,0.012188215740025043,,1704.887493610382,44.998515129089355
2601,0.00997251458466053,,1705.5294768810272,45.01143765449524
2602,0.008103445172309875,,1706.170865058899,45.02445030212402
2603,0.012407234869897366,,1706.813159942627,45.037527322769165
2604,0.01044525671750307,,1707.4554760456085,45.050456523895264
2605,0.011167430318892002,,1708.0987782478333,45.063419818878174
2606,0.007908864878118038,,1708.7412931919098,45.07638239860535
2607,0.008695622906088829,,1709.3831598758698,45.089359521865845
2608,0.010369927622377872,,1710.025170326233,45.102397203445435
2609,0.011741425842046738,,1710.667245388031,45.115402936935425
2610,0.009427808225154877,,1711.3090734481812,45.128397703170776
2611,0.008361942134797573,,1711.9511322975159,45.141353368759155
2612,0.008492790162563324,,1712.5935711860657,45.154417991638184
2613,0.009970051236450672,,1713.2349166870117,45.16746282577515
2614,0.007885614410042763,,1713.8777959346771,45.18049645423889
2615,0.0075916205532848835,,1714.520539522171,45.19347858428955
2616,0.00760536827147007,,1715.1622297763824,45.20646286010742
2617,0.010679886676371098,,1715.8050367832184,45.2194459438324
2618,0.00902800913900137,,1716.4468071460724,45.23240876197815
2619,0.007337324786931276,,1717.4290745258331,45.24542593955994
2620,0.010924367234110832,,1718.0713775157928,45.25841426849365
2621,0.0111846337094903,,1718.7134251594543,45.27133560180664
2622,0.01203400082886219,,1719.3552038669586,45.28431510925293
2623,0.008117309771478176,,1719.9990231990814,45.29731559753418
2624,0.008378484286367893,,1720.6417036056519,45.31028985977173
2625,0.00986474473029375,,1721.2839269638062,45.323201417922974
2626,0.012089925818145275,,1721.9261696338654,45.3361177444458
2627,0.011792519129812717,,1722.567969083786,45.34912967681885
2628,0.011658793315291405,,1723.2119331359863,45.36216974258423
2629,0.009840625338256359,,1723.8545563220978,45.375171422958374
2630,0.008615411818027496,,1724.49631357193,45.3881778717041
2631,0.008507347665727139,,1725.1383080482483,45.40109300613403
2632,0.007865602150559425,,1725.7801630496979,45.41406440734863
2633,0.011572598479688168,,1726.4232745170593,45.42703342437744
2634,0.007831748574972153,,1727.0657939910889,45.44002556800842
2635,0.00705130398273468,,1727.7087230682373,45.452988386154175
2636,0.007405385375022888,,1728.3523335456848,45.46595478057861
2637,0.007226991001516581,,1728.9960086345673,45.4789457321167
2638,0.011964024044573307,,1729.6387655735016,45.49195981025696
2639,0.011446565389633179,,1730.2820105552673,45.50495433807373
2640,0.01121505070477724,,1730.923066854477,45.51797676086426
2641,0.010912060737609863,,1731.5664148330688,45.53094816207886
2642,0.0074471174739301205,,1732.2077476978302,45.54393649101257
2643,0.009584920480847359,,1732.851839542389,45.55694055557251
2644,0.011388911865651608,,1733.4948325157166,45.56992030143738
2645,0.010842951945960522,,1734.136348247528,45.582926750183105
2646,0.012363106943666935,,1735.1189877986908,45.59587097167969
2647,0.01214919425547123,,1735.761564731598,45.60876154899597
2648,0.011236828751862049,,1736.4042682647705,45.62168049812317
2649,0.011617469601333141,,1737.045897245407,45.634618282318115
2650,0.00881022959947586,,1737.6883823871613,45.647624254226685
2651,0.007520947605371475,,1738.3301734924316,45.660545349121094
2652,0.007495956961065531,,1738.9713168144226,45.67345309257507
2653,0.007508486043661833,,1739.6138272285461,45.68637418746948
2654,0.00895735900849104,,1740.2558221817017,45.69929027557373
2655,0.008353904820978642,,1740.8991611003876,45.712239027023315
2656,0.009253133088350296,,1741.5401957035065,45.725226640701294
2657,0.011242657899856567,,1742.182315826416,45.73816204071045
2658,0.010511447675526142,,1742.825754404068,45.75115251541138
2659,0.00956492219120264,,1743.4693629741669,45.764090061187744
2660,0.010878029279410839,,1744.1116642951965,45.77703619003296
2661,0.012706365436315536,,1744.7533431053162,45.78997087478638
2662,0.015689600259065628,,1745.3953840732574,45.80293321609497
2663,0.008407419547438622,,1746.038058757782,45.81591796875
2664,0.007536815479397774,,1746.6809575557709,45.828842878341675
2665,0.010450618341565132,,1747.3239951133728,45.841814279556274
2666,0.011065560393035412,,1747.9655752182007,45.854835510253906
2667,0.009952346794307232,,1748.6072165966034,45.867745876312256
2668,0.008531978353857994,,1749.2483446598053,45.88066005706787
2669,0.009821039624512196,,1749.8904342651367,45.89362621307373
2670,0.0092553049325943,,1750.532023191452,45.906546115875244
2671,0.009559130296111107,,1751.1743104457855,45.91948938369751
2672,0.01210254430770874,,1751.816081047058,45.932433128356934
2673,0.009807148948311806,,1752.7980210781097,45.94538617134094
2674,0.008903071284294128,,1753.440034866333,45.958415508270264
2675,0.007703767158091068,,1754.0831582546234,45.971410274505615
2676,0.007653048727661371,,1754.7265310287476,45.98438620567322
2677,0.009477646090090275,,1755.368531703949,45.99741339683533
2678,0.010139723308384418,,1756.0111277103424,46.01036810874939
2679,0.007875131443142891,,1756.6545548439026,46.02338218688965
2680,0.007702539209276438,,1757.2971699237823,46.03627896308899
2681,0.007933045737445354,,1757.940181016922,46.04925012588501
2682,0.009043827652931213,,1758.582858800888,46.06219410896301
2683,0.00875550415366888,,1759.2253155708313,46.07514023780823
2684,0.00809420458972454,,1759.866488456726,46.0880286693573
2685,0.00877418927848339,,1760.508949995041,46.100980043411255
2686,0.00838432926684618,,1761.1501994132996,46.11391282081604
2687,0.012215866707265377,,1761.7924239635468,46.126787185668945
2688,0.008894420228898525,,1762.4340240955353,46.13968801498413
2689,0.01029471680521965,,1763.077067375183,46.15265369415283
2690,0.008410371840000153,,1763.7188408374786,46.16555953025818
2691,0.009026719257235527,,1764.3615839481354,46.178537130355835
2692,0.00995295774191618,,1765.0028803348541,46.19149303436279
2693,0.008675329387187958,,1765.6441781520844,46.20446014404297
2694,0.012089825235307217,,1766.287410736084,46.217392444610596
2695,0.009679211303591728,,1766.9293220043182,46.23032784461975
2696,0.009990996681153774,,1767.572226524353,46.24323534965515
2697,0.007948184385895729,,1768.213590145111,46.256144285202026
2698,0.009201613254845142,,1768.8552746772766,46.269097566604614
2699,0.008680558763444424,,1769.4970872402191,46.28201150894165
2700,0.009373686276376247,,1770.480045080185,46.294981956481934
2701,0.012643150053918362,,1771.1237337589264,46.30803823471069
2702,0.008837521076202393,,1771.7660489082336,46.32108998298645
2703,0.007900800555944443,,1772.4088451862335,46.33406376838684
2704,0.008408421650528908,,1773.0511829853058,46.34710097312927
2705,0.007741779088973999,,1773.6932694911957,46.36010432243347
2706,0.011516744270920753,,1774.3352184295654,46.37315058708191
2707,0.013213863596320152,,1774.979574918747,46.386130809783936
2708,0.014009663835167885,,1775.6210482120514,46.39917969703674
2709,0.01856194995343685,,1776.2641351222992,46.41215682029724
2710,0.014616093598306179,,1776.9050631523132,46.425156593322754
2711,0.015310303308069706,,1777.549003124237,46.43813681602478
2712,0.01592852734029293,,1778.190330505371,46.45109724998474
2713,0.01033887267112732,,1778.8336889743805,46.464102029800415
2714,0.015008426271378994,,1779.4766767024994,46.477102279663086
2715,0.011760758236050606,,1780.1198024749756,46.490050077438354
2716,0.01585727371275425,,1780.7633278369904,46.503073930740356
2717,0.01270798034965992,,1781.405544757843,46.51596426963806
2718,0.010282120667397976,,1782.0495476722717,46.52898454666138
2719,0.009630672633647919,,1782.6914846897125,46.54224348068237
2720,0.007824257016181946,,1783.33358669281,46.555280447006226
2721,0.008074862882494926,,1783.9773361682892,46.56822466850281
2722,0.008063441142439842,,1784.6353678703308,46.581193685531616
2723,0.007926625199615955,,1785.276685476303,46.594158411026
2724,0.009290697984397411,,1785.9199004173279,46.60706448554993
2725,0.009777173399925232,,1786.5614969730377,46.62001419067383
2726,0.009401656687259674,,1787.2027893066406,46.6329460144043
2727,0.01171198207885027,,1788.1840431690216,46.64593148231506
2728,0.009489945136010647,,1788.8264870643616,46.65895938873291
2729,0.014224294573068619,,1789.468518257141,46.67197299003601
2730,0.01106327585875988,,1790.1102480888367,46.685019731521606
2731,0.010017873719334602,,1790.7523443698883,46.69800806045532
2732,0.009184745140373707,,1791.3946220874786,46.71100831031799
2733,0.008320515044033527,,1792.0373764038086,46.72393798828125
2734,0.010143820196390152,,1792.6840980052948,46.73690056800842
2735,0.008231069892644882,,1793.3265857696533,46.74983859062195
2736,0.009167317301034927,,1793.9678406715393,46.76281213760376
2737,0.008070867508649826,,1794.6109640598297,46.775739908218384
2738,0.007843466475605965,,1795.254725933075,46.788663148880005
2739,0.008012617938220501,,1795.896181344986,46.801602363586426
2740,0.008016563020646572,,1796.5384888648987,46.814542055130005
2741,0.01045357808470726,,1797.181186914444,46.827470779418945
2742,0.008927969262003899,,1797.8237998485565,46.840410232543945
2743,0.009639420546591282,,1798.4662492275238,46.85332775115967
2744,0.009140141308307648,,1799.1097583770752,46.86629009246826
2745,0.007893946021795273,,1799.7518031597137,46.87922120094299
2746,0.013048742897808552,,1800.3951678276062,46.89217758178711
2747,0.011273926123976707,,1801.0369455814362,46.90515899658203
2748,0.015515496954321861,,1801.6793355941772,46.91809034347534
2749,0.011413689702749252,,1802.3225774765015,46.93107628822327
2750,0.010920993052423,,1802.9640867710114,46.94404315948486
2751,0.00888417661190033,,1803.607328414917,46.95699381828308
2752,0.012607017531991005,,1804.2491204738617,46.96990942955017
2753,0.011851615272462368,,1804.8918755054474,46.9828417301178
2754,0.010735130868852139,,1805.8722944259644,46.99590539932251
2755,0.013414887711405754,,1806.5158095359802,47.008941650390625
2756,0.015774166211485863,,1807.158427476883,47.021928787231445
2757,0.010480351746082306,,1807.801412820816,47.03487682342529
2758,0.009744017384946346,,1808.4426608085632,47.0478892326355
2759,0.008118064142763615,,1809.085819721222,47.06084966659546
2760,0.009372951462864876,,1809.7277281284332,47.07379770278931
2761,0.00884461309760809,,1810.369844198227,47.086795806884766
2762,0.009367560967803001,,1811.011078596115,47.0997896194458
2763,0.009089076891541481,,1811.6543309688568,47.11274695396423
2764,0.008977911435067654,,1812.2963333129883,47.12581443786621
2765,0.009132695384323597,,1812.9397282600403,47.13874530792236
2766,0.009161544032394886,,1813.581395149231,47.15177512168884
2767,0.00793897919356823,,1814.2231624126434,47.16474747657776
2768,0.012716935947537422,,1814.8640360832214,47.17772626876831
2769,0.01030051615089178,,1815.5064616203308,47.190722942352295
2770,0.009386790916323662,,1816.1485981941223,47.203680753707886
2771,0.008950783871114254,,1816.7901675701141,47.21665024757385
2772,0.008150488138198853,,1817.4327697753906,47.22960543632507
2773,0.008822371251881123,,1818.0741927623749,47.24258375167847
2774,0.008446695283055305,,1818.7162411212921,47.2556209564209
2775,0.008834052830934525,,1819.359248638153,47.26867604255676
2776,0.011432205326855183,,1820.0048475265503,47.28168797492981
2777,0.01239217258989811,,1820.647809267044,47.294673442840576
2778,0.013299328275024891,,1821.2899377346039,47.30771088600159
2779,0.01180276833474636,,1821.9327874183655,47.32068061828613
2780,0.009192985482513905,,1822.5743579864502,47.333643198013306
2781,0.009831148199737072,,1823.5534160137177,47.346603870391846
2782,0.011266601271927357,,1824.1957793235779,47.35957455635071
2783,0.00823670532554388,,1824.838585615158,47.37251949310303
2784,0.009427697397768497,,1825.4796957969666,47.38546442985535
2785,0.009815596044063568,,1826.1234061717987,47.39841032028198
2786,0.016897307708859444,,1826.7644531726837,47.41133666038513
2787,0.01114899292588234,,1827.4060955047607,47.42439317703247
2788,0.008325633592903614,,1828.0493705272675,47.43734049797058
2789,0.008264908567070961,,1828.6923542022705,47.45030498504639
2790,0.010923647321760654,,1829.3342382907867,47.463290214538574
2791,0.007731434423476458,,1829.9765644073486,47.47627568244934
2792,0.008215893059968948,,1830.6182277202606,47.489240407943726
2793,0.007786530535668135,,1831.260687828064,47.502197265625
2794,0.007915973663330078,,1831.9035353660583,47.51517629623413
2795,0.00757865235209465,,1832.5455887317657,47.52817392349243
2796,0.0074671111069619656,,1833.1880378723145,47.54119253158569
2797,0.0079820416867733,,1833.829576253891,47.55419111251831
2798,0.008578740060329437,,1834.4721789360046,47.56718587875366
2799,0.011626881547272205,,1835.1168277263641,47.58009600639343
2800,0.014194484800100327,,1835.7582476139069,47.593085289001465
2801,0.00965768564492464,,1836.4006299972534,47.6060996055603
2802,0.008256305940449238,,1837.0421278476715,47.61910557746887
2803,0.009109008125960827,,1837.6847383975983,47.632041692733765
2804,0.009744019247591496,,1838.3281140327454,47.64506125450134
2805,0.008985103107988834,,1838.9697279930115,47.65809512138367
2806,0.00950980931520462,,1839.6124880313873,47.67103338241577
2807,0.008599318563938141,,1840.2556641101837,47.683969020843506
2808,0.011628694832324982,,1841.2360000610352,47.696977615356445
2809,0.010544666089117527,,1841.877986907959,47.709943532943726
2810,0.01209704764187336,,1842.519769668579,47.72288250923157
2811,0.009227702394127846,,1843.1631515026093,47.73586988449097
2812,0.010349544696509838,,1843.8065717220306,47.74886107444763
2813,0.007548431865870953,,1844.4484696388245,47.761890172958374
2814,0.0076498654671013355,,1845.0899057388306,47.77493500709534
2815,0.007477410137653351,,1845.731871843338,47.78790497779846
2816,0.007738785352557898,,1846.3736779689789,47.800886392593384
2817,0.008150773122906685,,1847.0162634849548,47.813878297805786
2818,0.007821586914360523,,1847.6580016613007,47.8268666267395
2819,0.009166937321424484,,1848.3001177310944,47.83987236022949
2820,0.00985399167984724,,1848.943032026291,47.85289001464844
2821,0.008146828040480614,,1849.5853219032288,47.86587905883789
2822,0.008194539695978165,,1850.2271554470062,47.87885284423828
2823,0.010243763215839863,,1850.8689019680023,47.891804695129395
2824,0.010967767797410488,,1851.5102803707123,47.90477252006531
2825,0.009466736577451229,,1852.151908159256,47.917765617370605
2826,0.011423947289586067,,1852.7929251194,47.930829763412476
2827,0.01130314078181982,,1853.4356381893158,47.9438316822052
2828,0.010463752783834934,,1854.0773358345032,47.956791162490845
2829,0.009811006486415863,,1854.7200019359589,47.96975922584534
2830,0.008675538934767246,,1855.362075328827,47.98270010948181
2831,0.013666954822838306,,1856.0042209625244,47.99575662612915
2832,0.010536080226302147,,1856.6458337306976,48.008678674697876
2833,0.008999227546155453,,1857.2886714935303,48.02165246009827
2834,0.011444343253970146,,1857.9303250312805,48.03466534614563
2835,0.012459039688110352,,1858.9171204566956,48.047605991363525
2836,0.009700543247163296,,1859.558834552765,48.06053161621094
2837,0.013957967981696129,,1860.215211391449,48.07342839241028
2838,0.00896296463906765,,1860.8574442863464,48.08635115623474
2839,0.011113129556179047,,1861.4998869895935,48.09928512573242
2840,0.009960970841348171,,1862.141815662384,48.1122362613678
2841,0.013413171283900738,,1862.7834687232971,48.12523126602173
2842,0.009373903274536133,,1863.4259941577911,48.13827323913574
2843,0.011274253018200397,,1864.0680978298187,48.15130543708801
2844,0.012796584516763687,,1864.7107102870941,48.16433548927307
2845,0.011909217573702335,,1865.373463153839,48.17739820480347
2846,0.009022528305649757,,1866.0144143104553,48.19038510322571
2847,0.010025281459093094,,1866.6571896076202,48.20338797569275
2848,0.00872267596423626,,1867.3000626564026,48.21635437011719
2849,0.008761303499341011,,1867.9433698654175,48.229331254959106
2850,0.007771259173750877,,1868.5846865177155,48.242334604263306
2851,0.009737794287502766,,1869.2279586791992,48.255330085754395
2852,0.008264490403234959,,1869.8697700500488,48.26827931404114
2853,0.008103065192699432,,1870.5118494033813,48.28123450279236
2854,0.00793556496500969,,1871.1539635658264,48.294267654418945
2855,0.008744615130126476,,1871.7960867881775,48.30729413032532
2856,0.008353089913725853,,1872.437480211258,48.32027006149292
2857,0.008056364953517914,,1873.079728603363,48.33327603340149
2858,0.007955239154398441,,1873.7210478782654,48.34629559516907
2859,0.008666195906698704,,1874.3624923229218,48.35934257507324
2860,0.009061649441719055,,1875.004141330719,48.37236714363098
2861,0.010814955458045006,,1875.6477680206299,48.38535284996033
2862,0.01397316437214613,,1876.628604888916,48.398337841033936
2863,0.00912613794207573,,1877.271404504776,48.411274909973145
2864,0.014556387439370155,,1877.9140810966492,48.42424750328064
2865,0.01110090035945177,,1878.5567264556885,48.437175273895264
2866,0.0077270446345210075,,1879.19922208786,48.45008444786072
2867,0.008839426562190056,,1879.8409280776978,48.46302032470703
2868,0.01013481616973877,,1880.4821586608887,48.47592234611511
2869,0.009522122330963612,,1881.1240298748016,48.488872051239014
2870,0.010295574553310871,,1881.7656183242798,48.50182342529297
2871,0.009497364051640034,,1882.4077455997467,48.514748334884644
2872,0.008594307117164135,,1883.0496158599854,48.52767086029053
2873,0.007897340692579746,,1883.6929194927216,48.540586709976196
2874,0.0077172527089715,,1884.3353159427643,48.55355525016785
2875,0.011506425216794014,,1884.9770352840424,48.56650948524475
2876,0.009202972054481506,,1885.6185910701752,48.57950186729431
2877,0.0075850458815693855,,1886.260657787323,48.592427492141724
2878,0.007197060622274876,,1886.9025721549988,48.6053569316864
2879,0.008583071641623974,,1887.5444021224976,48.618290424346924
2880,0.008885461837053299,,1888.186571598053,48.63125801086426
2881,0.007188200019299984,,1888.8278770446777,48.644179344177246
2882,0.007330821827054024,,1889.4687197208405,48.65713810920715
2883,0.007636830676347017,,1890.1103336811066,48.67007303237915
2884,0.011166111566126347,,1890.752584695816,48.68302297592163
2885,0.009262921288609505,,1891.3945207595825,48.695996046066284
2886,0.009203106164932251,,1892.0354142189026,48.70892381668091
2887,0.007909919135272503,,1892.6779680252075,48.72188878059387
2888,0.010317337699234486,,1893.3191039562225,48.73482322692871
2889,0.009809349663555622,,1894.3014130592346,48.74779295921326
2890,0.01085621491074562,,1894.9430317878723,48.76074767112732
2891,0.011246993206441402,,1895.586672782898,48.77374815940857
2892,0.00931147113442421,,1896.2286124229431,48.78673553466797
2893,0.008991885930299759,,1896.8717448711395,48.79970717430115
2894,0.007569998037070036,,1897.5144095420837,48.81267428398132
2895,0.007636349182575941,,1898.1559219360352,48.82560753822327
2896,0.007722680922597647,,1898.7969295978546,48.838592290878296
2897,0.00811656005680561,,1899.4383645057678,48.85150146484375
2898,0.007823442108929157,,1900.0797293186188,48.8645339012146
2899,0.007942297495901585,,1900.7219953536987,48.877458333969116
2900,0.009022445417940617,,1901.3631436824799,48.8904595375061
2901,0.008941329084336758,,1902.0062081813812,48.90336322784424
2902,0.008080810308456421,,1902.6478061676025,48.91633486747742
2903,0.008247864432632923,,1903.2898433208466,48.92931270599365
2904,0.010620768181979656,,1903.9321217536926,48.94227647781372
2905,0.01418419647961855,,1904.5734255313873,48.95519042015076
2906,0.008817548863589764,,1905.2146770954132,48.96816301345825
2907,0.010069123469293118,,1905.8570759296417,48.98102831840515
2908,0.013209325261414051,,1906.4989092350006,48.993963956832886
2909,0.008924821391701698,,1907.1409425735474,49.00698113441467
2910,0.010677809827029705,,1907.7826507091522,49.0199761390686
2911,0.009128947742283344,,1908.424967765808,49.03294324874878
2912,0.009249106980860233,,1909.0665123462677,49.04595708847046
2913,0.008857715874910355,,1909.709349155426,49.05901861190796
2914,0.00957057811319828,,1910.353820323944,49.0719473361969
2915,0.011396047659218311,,1910.9961094856262,49.084919691085815
2916,0.008564872667193413,,1911.9784586429596,49.097858905792236
2917,0.008447546511888504,,1912.6201865673065,49.11087894439697
2918,0.008473014459013939,,1913.2618610858917,49.12379479408264
2919,0.008535467088222504,,1913.9041168689728,49.13675928115845
2920,0.009009234607219696,,1914.5470519065857,49.14968204498291
2921,0.011210615746676922,,1915.1898546218872,49.16270351409912
2922,0.008803549222648144,,1915.832117319107,49.17564821243286
2923,0.008378936909139156,,1916.4736258983612,49.18867540359497
2924,0.00814042054116726,,1917.114943265915,49.20160698890686
2925,0.010239594615995884,,1917.7568535804749,49.21457028388977
2926,0.008406532928347588,,1918.3977904319763,49.227532625198364
2927,0.008620228618383408,,1919.0409727096558,49.24049973487854
2928,0.008091513067483902,,1919.6832203865051,49.253515005111694
2929,0.009467849507927895,,1920.324788570404,49.266459226608276
2930,0.0112168462947011,,1920.9667384624481,49.279399394989014
2931,0.010853548534214497,,1921.609676361084,49.292341470718384
2932,0.010307524353265762,,1922.2517433166504,49.30525517463684
2933,0.008232226595282555,,1922.8933255672455,49.31818127632141
2934,0.008622344583272934,,1923.5346949100494,49.33113193511963
2935,0.010214393027126789,,1924.1772916316986,49.34410810470581
2936,0.010260781273245811,,1924.8196017742157,49.357040882110596
2937,0.007825220003724098,,1925.4615359306335,49.369980812072754
2938,0.007942833006381989,,1926.104147195816,49.382882595062256
2939,0.007825616747140884,,1926.747067451477,49.395817279815674
2940,0.007813750766217709,,1927.3889520168304,49.4087700843811
2941,0.007762528490275145,,1928.0320365428925,49.42170548439026
2942,0.009463019669055939,,1928.6734547615051,49.43463087081909
2943,0.008767823688685894,,1929.65402841568,49.44762706756592
2944,0.0077809556387364864,,1930.295639514923,49.460654497146606
2945,0.007433086168020964,,1930.9390830993652,49.473639726638794
2946,0.008243713527917862,,1931.5801384449005,49.48660063743591
2947,0.007923563942313194,,1932.221423149109,49.49953007698059
2948,0.007589465472847223,,1932.8636531829834,49.5124945640564
2949,0.00982604082673788,,1933.5061872005463,49.525402545928955
2950,0.00976940430700779,,1934.1485390663147,49.53832507133484
2951,0.008301055990159512,,1934.7915110588074,49.55119585990906
2952,0.008041235618293285,,1935.4350180625916,49.56413745880127
2953,0.01001705601811409,,1936.078447818756,49.577096939086914
2954,0.0084504634141922,,1936.7200019359589,49.59001564979553
2955,0.01114820409566164,,1937.361832857132,49.60293436050415
2956,0.010364426299929619,,1938.003398656845,49.61587429046631
2957,0.011032801121473312,,1938.6452796459198,49.6288583278656
2958,0.008452989161014557,,1939.287914276123,49.641757011413574
2959,0.007879374548792839,,1939.9292464256287,49.65471887588501
2960,0.007781421300023794,,1940.572759628296,49.66763234138489
2961,0.007546538487076759,,1941.2146072387695,49.680575370788574
2962,0.008322303183376789,,1941.8561434745789,49.69345498085022
2963,0.009430408477783203,,1942.4979484081268,49.70638084411621
2964,0.008646557107567787,,1943.1398153305054,49.719324827194214
2965,0.008256686851382256,,1943.7817690372467,49.7322793006897
2966,0.008781114593148232,,1944.4234323501587,49.745232582092285
2967,0.011201034300029278,,1945.0656485557556,49.758174896240234
2968,0.007458411157131195,,1945.708996295929,49.771119832992554
2969,0.008848892524838448,,1946.3514573574066,49.7840518951416
2970,0.007833120413124561,,1947.3327069282532,49.7970495223999
2971,0.007799312472343445,,1947.9742584228516,49.809972286224365
2972,0.008951292373239994,,1948.615484714508,49.822909116744995
2973,0.009529736824333668,,1949.2593638896942,49.83589506149292
2974,0.00711758341640234,,1949.901257276535,49.848910093307495
2975,0.010054521262645721,,1950.5433309078217,49.861876010894775
2976,0.00906646903604269,,1951.1845219135284,49.87485337257385
2977,0.008736149407923222,,1951.8268203735352,49.88786339759827
2978,0.00681724539026618,,1952.4676072597504,49.9008150100708
2979,0.008793075568974018,,1953.1098353862762,49.913705587387085
2980,0.008801388554275036,,1953.7521605491638,49.92663812637329
2981,0.007024896796792746,,1954.3938312530518,49.939671754837036
2982,0.006866029929369688,,1955.035630941391,49.95268678665161
2983,0.009981013834476471,,1955.6773495674133,49.96560573577881
2984,0.010822492651641369,,1956.3191730976105,49.978515625
2985,0.008017090149223804,,1956.960289478302,49.991495847702026
2986,0.007982405833899975,,1957.6022052764893,50.00447726249695
2987,0.006972130388021469,,1958.245178937912,50.017454385757446
2988,0.0069737923331558704,,1958.886803150177,50.03046464920044
2989,0.006757783237844706,,1959.528100013733,50.043439626693726
2990,0.006629254203289747,,1960.1695141792297,50.05641770362854
2991,0.006978513207286596,,1960.8132479190826,50.06941628456116
2992,0.007226158399134874,,1961.4553728103638,50.08235239982605
2993,0.00740970391780138,,1962.0978426933289,50.095317363739014
2994,0.0077286637388169765,,1962.7397465705872,50.10829162597656
2995,0.0074844807386398315,,1963.3818790912628,50.121258020401
2996,0.006491559091955423,,1964.0249300003052,50.134199380874634
2997,0.006627566181123257,,1965.0045998096466,50.14717125892639
2998,0.008311980403959751,,1965.6466653347015,50.16013240814209
2999,0.008122979663312435,,1966.2901833057404,50.17316031455994
3000,0.00666726054623723,0.005072856321930885,1966.9314270019531,52.06034994125366
3001,0.006920844782143831,,1967.5734317302704,52.073323488235474
3002,0.006839776411652565,,1968.2149074077606,52.08629536628723
3003,0.0064826104789972305,,1968.8576548099518,52.099324464797974
3004,0.010502893477678299,,1969.4996585845947,52.11229348182678
3005,0.009347908198833466,,1970.141347169876,52.12524938583374
3006,0.006256466265767813,,1970.782791852951,52.13824272155762
3007,0.009624162688851357,,1971.4248414039612,52.15117931365967
3008,0.008565345779061317,,1972.0663559436798,52.16412687301636
3009,0.007170358672738075,,1972.710203409195,52.17707824707031
3010,0.007498641032725573,,1973.352035522461,52.19005346298218
3011,0.00918924156576395,,1973.9939939975739,52.20307660102844
3012,0.007855944335460663,,1974.63476395607,52.2160918712616
3013,0.00701731164008379,,1975.2783155441284,52.229058265686035
3014,0.008898287080228329,,1975.9211370944977,52.242053508758545
3015,0.012461967766284943,,1976.5636506080627,52.25510287284851
3016,0.010941878892481327,,1977.206826210022,52.268120765686035
3017,0.010148562490940094,,1977.8486375808716,52.281086683273315
3018,0.008746861480176449,,1978.4911835193634,52.294049978256226
3019,0.008292613551020622,,1979.1338925361633,52.307037353515625
3020,0.0064498321153223515,,1979.7769141197205,52.3200421333313
3021,0.0067273457534611225,,1980.419041633606,52.333033323287964
3022,0.0071010589599609375,,1981.0612514019012,52.346007347106934
3023,0.006391520146280527,,1981.7035825252533,52.359068632125854
3024,0.007613892201334238,,1982.68230342865,52.372106075286865
3025,0.006298106629401445,,1983.3255133628845,52.38511347770691
3026,0.006459845695644617,,1983.9696230888367,52.39808201789856
3027,0.008905218914151192,,1984.6120834350586,52.41102623939514
3028,0.007009211461991072,,1985.253827571869,52.42396068572998
3029,0.006939380429685116,,1985.8967170715332,52.43693685531616
3030,0.006622276268899441,,1986.53799533844,52.449915647506714
3031,0.00713414466008544,,1987.1797885894775,52.462910652160645
3032,0.006670360453426838,,1987.8209903240204,52.47586464881897
3033,0.007615400478243828,,1988.4626100063324,52.488877058029175
3034,0.006854797713458538,,1989.1058356761932,52.501808166503906
3035,0.0066269091330468655,,1989.7477414608002,52.51481103897095
3036,0.0077187116257846355,,1990.3898947238922,52.5278525352478
3037,0.012101114727556705,,1991.0333304405212,52.540897607803345
3038,0.01073440257459879,,1991.6743068695068,52.55390548706055
3039,0.009934819303452969,,1992.3164675235748,52.566917419433594
3040,0.008190917782485485,,1992.957845211029,52.57989549636841
3041,0.00922450702637434,,1993.6019928455353,52.59288549423218
3042,0.008685426786541939,,1994.2434549331665,52.60586071014404
3043,0.011543559841811657,,1994.8869268894196,52.61882281303406
3044,0.008255735039710999,,1995.5282080173492,52.63179564476013
3045,0.006768228020519018,,1996.1696593761444,52.64483571052551
3046,0.0065288301557302475,,1996.8118999004364,52.65784525871277
3047,0.00812642090022564,,1997.4550895690918,52.67084097862244
3048,0.008350384421646595,,1998.097083568573,52.6838743686676
3049,0.009754398837685585,,1998.7397241592407,52.696850538253784
3050,0.006519801449030638,,1999.3821423053741,52.709805965423584
3051,0.0064470539800822735,,2000.3652346134186,52.7227520942688
3052,0.008800496347248554,,2001.0077137947083,52.73568844795227
3053,0.008323246613144875,,2001.6493411064148,52.74868679046631
3054,0.00839378871023655,,2002.2909355163574,52.76172494888306
3055,0.007911217398941517,,2002.932737827301,52.77467608451843
3056,0.010724312625825405,,2003.5747635364532,52.78765606880188
3057,0.007693377789109945,,2004.217306137085,52.800676107406616
3058,0.008573373779654503,,2004.8596925735474,52.81364464759827
3059,0.00774767342954874,,2005.5016121864319,52.82666730880737
3060,0.007367878220975399,,2006.1432693004608,52.83963871002197
3061,0.008683405816555023,,2006.7863125801086,52.852601766586304
3062,0.006327183451503515,,2007.428362607956,52.86553192138672
3063,0.0072764186188578606,,2008.0707442760468,52.878530979156494
3064,0.011249321512877941,,2008.7142460346222,52.891478538513184
3065,0.011886579915881157,,2009.3581047058105,52.90447282791138
3066,0.011394764296710491,,2009.999465227127,52.91749858856201
3067,0.007264615036547184,,2010.6427812576294,52.93047499656677
3068,0.008394124917685986,,2011.2853696346283,52.94354820251465
3069,0.009933555498719215,,2011.9276316165924,52.95652508735657
3070,0.009510778822004795,,2012.5702984333038,52.9694938659668
3071,0.007812820374965668,,2013.2121596336365,52.98245453834534
3072,0.006686502601951361,,2013.8549416065216,52.995410680770874
3073,0.0066067795269191265,,2014.4975202083588,53.008415937423706
3074,0.00815762672573328,,2015.1392993927002,53.02145195007324
3075,0.007993153296411037,,2015.7827892303467,53.034390926361084
3076,0.008168905042111874,,2016.4254806041718,53.047358751297
3077,0.008586143143475056,,2017.068234205246,53.06039023399353
3078,0.012153293937444687,,2018.0489993095398,53.07331871986389
3079,0.013919600285589695,,2018.6910865306854,53.08627390861511
3080,0.007269972003996372,,2019.3327503204346,53.09924650192261
3081,0.012064442969858646,,2019.9758245944977,53.11217021942139
3082,0.014163515530526638,,2020.6185643672943,53.125136852264404
3083,0.010272054933011532,,2021.2601659297943,53.13805794715881
3084,0.012178691104054451,,2021.901032924652,53.150978088378906
3085,0.011713040061295033,,2022.545018196106,53.16401290893555
3086,0.012542953714728355,,2023.1869339942932,53.17694020271301
3087,0.009183291345834732,,2023.828955411911,53.189866065979004
3088,0.010775066912174225,,2024.4717769622803,53.20281457901001
3089,0.012229561805725098,,2025.1149144172668,53.21572923660278
3090,0.008973903022706509,,2025.7564945220947,53.228662729263306
3091,0.007996500469744205,,2026.3984174728394,53.24163007736206
3092,0.006967318709939718,,2027.0393261909485,53.254581451416016
3093,0.007579410448670387,,2027.6812496185303,53.26750922203064
3094,0.008967939764261246,,2028.322347164154,53.28049921989441
3095,0.008884568698704243,,2028.9653658866882,53.293402910232544
3096,0.011973567306995392,,2029.607656955719,53.30634093284607
3097,0.010065954178571701,,2030.2492923736572,53.31925392150879
3098,0.011179139837622643,,2030.8924214839935,53.33219027519226
3099,0.008663065731525421,,2031.535837650299,53.345086097717285
3100,0.012180833145976067,,2032.1796839237213,53.358011960983276
3101,0.0066866143606603146,,2032.8212795257568,53.37094712257385
3102,0.006560992449522018,,2033.4633655548096,53.38391041755676
3103,0.011461679823696613,,2034.105221271515,53.39682078361511
3104,0.00984367448836565,,2034.746913909912,53.40977168083191
3105,0.008685288950800896,,2035.7283866405487,53.422746896743774
3106,0.008947998285293579,,2036.3694758415222,53.435669898986816
3107,0.00719752162694931,,2037.0123674869537,53.4485924243927
3108,0.009228511713445187,,2037.6539742946625,53.4615683555603
3109,0.010775331407785416,,2038.2974410057068,53.47449350357056
3110,0.008896691724658012,,2038.9386456012726,53.48748230934143
3111,0.00667059188708663,,2039.5799388885498,53.50048303604126
3112,0.00692762853577733,,2040.2208590507507,53.51340889930725
3113,0.006790992803871632,,2040.861870765686,53.52632451057434
3114,0.007432420738041401,,2041.5035891532898,53.53920602798462
3115,0.008731790818274021,,2042.145874261856,53.55213117599487
3116,0.009033609181642532,,2042.7870960235596,53.565025091171265
3117,0.00769611494615674,,2043.429146528244,53.577948331832886
3118,0.010369759984314442,,2044.072344303131,53.59095811843872
3119,0.008009601384401321,,2044.713686466217,53.60385847091675
3120,0.009549121372401714,,2045.354752779007,53.616804122924805
3121,0.007723743561655283,,2045.997442483902,53.62982439994812
3122,0.009699941612780094,,2046.6386613845825,53.64274501800537
3123,0.008084017783403397,,2047.2812530994415,53.65577006340027
3124,0.006930654868483543,,2047.9233138561249,53.668683767318726
3125,0.007105490192770958,,2048.5657896995544,53.68162298202515
3126,0.00773223303258419,,2049.208624601364,53.69453167915344
3127,0.006760790012776852,,2049.851056575775,53.707584619522095
3128,0.007088099140673876,,2050.493708372116,53.72056245803833
3129,0.010937951505184174,,2051.1353149414062,53.73352837562561
3130,0.012638639658689499,,2051.7762994766235,53.74647068977356
3131,0.009990422986447811,,2052.418271780014,53.759458780288696
3132,0.008043348789215088,,2053.4002754688263,53.77246928215027
3133,0.006818948779255152,,2054.0421385765076,53.78542351722717
3134,0.00754555594176054,,2054.68581366539,53.79848051071167
3135,0.008429880253970623,,2055.32976937294,53.81151342391968
3136,0.00905939843505621,,2055.9730117321014,53.824467182159424
3137,0.007602258585393429,,2056.6151020526886,53.837427616119385
3138,0.007448188494890928,,2057.2561807632446,53.850377559661865
3139,0.007324617821723223,,2057.9006786346436,53.86337161064148
3140,0.008453324437141418,,2058.542311191559,53.8763325214386
3141,0.009571322239935398,,2059.18434548378,53.88924717903137
3142,0.011970257386565208,,2059.825370788574,53.902235984802246
3143,0.007795093115419149,,2060.467524766922,53.915170192718506
3144,0.008665082976222038,,2061.1094856262207,53.92813539505005
3145,0.010067170485854149,,2061.7512805461884,53.94105935096741
3146,0.008136485703289509,,2062.3939123153687,53.954057455062866
3147,0.00616391422227025,,2063.0365648269653,53.967039823532104
3148,0.006210955325514078,,2063.678792476654,53.980061531066895
3149,0.007069108542054892,,2064.321469783783,53.99298310279846
3150,0.006945715751498938,,2064.963721513748,54.005983114242554
3151,0.010591797530651093,,2065.607278108597,54.018919229507446
3152,0.0071563622914254665,,2066.249668598175,54.031877279281616
3153,0.006820774171501398,,2066.8909244537354,54.044859886169434
3154,0.009260794147849083,,2067.5332415103912,54.05789017677307
3155,0.009055874310433865,,2068.1756331920624,54.07083225250244
3156,0.009671639651060104,,2068.8173956871033,54.08378887176514
3157,0.01075544860213995,,2069.4605038166046,54.09671330451965
3158,0.007049262523651123,,2070.1019189357758,54.109588384628296
3159,0.0070935701951384544,,2071.081871509552,54.12253928184509
3160,0.00671296427026391,,2071.7243840694427,54.1354455947876
3161,0.0067945849150419235,,2072.3679370880127,54.14835596084595
3162,0.008395999670028687,,2073.010390520096,54.16127395629883
3163,0.008899906650185585,,2073.6523377895355,54.17424416542053
3164,0.011278958059847355,,2074.294902563095,54.1871702671051
3165,0.011363662779331207,,2074.9363734722137,54.200127601623535
3166,0.00903693214058876,,2075.5785422325134,54.213069438934326
3167,0.006865592207759619,,2076.2210609912872,54.225961685180664
3168,0.007058158051222563,,2076.8627762794495,54.23892664909363
3169,0.006629652809351683,,2077.505245447159,54.25187540054321
3170,0.007207138929516077,,2078.1477496623993,54.264870405197144
3171,0.006204335484653711,,2078.7922179698944,54.277817726135254
3172,0.00824437290430069,,2079.4345564842224,54.29079508781433
3173,0.008530785329639912,,2080.076258659363,54.303754806518555
3174,0.008737476542592049,,2080.7180693149567,54.31671667098999
3175,0.010977833531796932,,2081.360318183899,54.32961916923523
3176,0.00757983885705471,,2082.0032346248627,54.34257531166077
3177,0.008925434201955795,,2082.647165298462,54.355507135391235
3178,0.008227694779634476,,2083.2881746292114,54.368515729904175
3179,0.007618190720677376,,2083.9313356876373,54.38147211074829
3180,0.006407351233065128,,2084.5730407238007,54.3944206237793
3181,0.008947367779910564,,2085.214804649353,54.40735626220703
3182,0.010693985037505627,,2085.8568675518036,54.42026948928833
3183,0.012591890059411526,,2086.5001316070557,54.43319892883301
3184,0.008861331269145012,,2087.1416914463043,54.446134090423584
3185,0.009024503640830517,,2087.783222436905,54.45906972885132
3186,0.008464822545647621,,2088.76340341568,54.472031354904175
3187,0.009822377003729343,,2089.4051570892334,54.48504567146301
3188,0.007825136184692383,,2090.0483162403107,54.49802017211914
3189,0.006548282224684954,,2090.6900045871735,54.51102113723755
3190,0.006298363674432039,,2091.3330206871033,54.52403211593628
3191,0.0068183718249201775,,2091.976023197174,54.53697156906128
3192,0.0062911417335271835,,2092.617962360382,54.54999828338623
3193,0.008212504908442497,,2093.2595217227936,54.5629825592041
3194,0.007716030348092318,,2093.9023814201355,54.57591915130615
3195,0.008232597261667252,,2094.5446388721466,54.58895182609558
3196,0.010176810435950756,,2095.186181783676,54.601990699768066
3197,0.008660663850605488,,2095.829115629196,54.61502528190613
3198,0.008120802231132984,,2096.470036506653,54.62804818153381
3199,0.01076264027506113,,2097.112053871155,54.64104342460632
3200,0.008911886252462864,,2097.754292488098,54.65396332740784
3201,0.009958840906620026,,2098.397893190384,54.667041301727295
3202,0.007802504114806652,,2099.038971424103,54.680033683776855
3203,0.010055627673864365,,2099.681416273117,54.69301509857178
3204,0.009972181171178818,,2100.322547197342,54.70595574378967
3205,0.006882951129227877,,2100.965476989746,54.718937158584595
3206,0.008410888724029064,,2101.607973098755,54.731921911239624
3207,0.012377515435218811,,2102.249829530716,54.744966983795166
3208,0.012441352941095829,,2102.8912489414215,54.757922649383545
3209,0.008553984574973583,,2103.532958507538,54.77087473869324
3210,0.007425058167427778,,2104.176481962204,54.783872842788696
3211,0.0066526890732347965,,2104.818698167801,54.79692459106445
3212,0.006426671519875526,,2105.4605960845947,54.809900999069214
3213,0.006756466813385487,,2106.439982175827,54.822892904281616
3214,0.0068620964884757996,,2107.082916736603,54.83583903312683
3215,0.006495381705462933,,2107.7244250774384,54.84891724586487
3216,0.009524126537144184,,2108.365851163864,54.86197018623352
3217,0.006672591902315617,,2109.0073392391205,54.874953508377075
3218,0.007366495672613382,,2109.6489436626434,54.8879189491272
3219,0.009851106442511082,,2110.291664838791,54.90089201927185
3220,0.011212539859116077,,2110.9347150325775,54.91389989852905
3221,0.008413495495915413,,2111.5769984722137,54.92694044113159
3222,0.007216085679829121,,2112.2190601825714,54.93993377685547
3223,0.0077935392037034035,,2112.8628437519073,54.95287823677063
3224,0.007925795391201973,,2113.5064640045166,54.96587610244751
3225,0.007091348525136709,,2114.149041891098,54.97891068458557
3226,0.006712823640555143,,2114.790374994278,54.99192023277283
3227,0.010070832446217537,,2115.4327731132507,55.004934787750244
3228,0.011518856510519981,,2116.074775695801,55.01792788505554
3229,0.008185327984392643,,2116.7183067798615,55.03092122077942
3230,0.009991567581892014,,2117.3609755039215,55.0438597202301
3231,0.008530627004802227,,2118.004143714905,55.05682873725891
3232,0.010220818221569061,,2118.646009683609,55.06980848312378
3233,0.006028617732226849,,2119.2886080741882,55.08279871940613
3234,0.007670258637517691,,2119.9308977127075,55.09581923484802
3235,0.0058899871073663235,,2120.573112487793,55.10876822471619
3236,0.006072849966585636,,2121.215611219406,55.12170767784119
3237,0.006174442823976278,,2121.857482433319,55.13467836380005
3238,0.00804263073951006,,2122.499985218048,55.14767003059387
3239,0.007421371527016163,,2123.1419715881348,55.16062688827515
3240,0.0080711143091321,,2124.122029542923,55.173582553863525
3241,0.007318082731217146,,2124.7633657455444,55.18657565116882
3242,0.009260812774300575,,2125.4051196575165,55.19948148727417
3243,0.008735958486795425,,2126.0474183559418,55.21251583099365
3244,0.011630792170763016,,2126.6888988018036,55.22543406486511
3245,0.013798954896628857,,2127.3318722248077,55.23843479156494
3246,0.011181007139384747,,2127.973793029785,55.25140571594238
3247,0.00885408278554678,,2128.615652322769,55.264384031295776
3248,0.0062150959856808186,,2129.2564392089844,55.27729082107544
3249,0.007093207444995642,,2129.8989090919495,55.29025983810425
3250,0.011212317273020744,,2130.541037082672,55.30317282676697
3251,0.00955156423151493,,2131.1826548576355,55.316094636917114
3252,0.006918012164533138,,2131.8248891830444,55.32902717590332
3253,0.006388120353221893,,2132.4668362140656,55.34200143814087
3254,0.007002502679824829,,2133.10799908638,55.35501003265381
3255,0.006199331488460302,,2133.752722263336,55.367963790893555
3256,0.006104154512286186,,2134.3950877189636,55.38100838661194
3257,0.006216505076736212,,2135.0370800495148,55.393996477127075
3258,0.0061620078049600124,,2135.6778948307037,55.40699076652527
3259,0.007517827209085226,,2136.32222700119,55.41993165016174
3260,0.006299520842730999,,2136.9628133773804,55.43291687965393
3261,0.006337072234600782,,2137.6058061122894,55.445831298828125
3262,0.006073299329727888,,2138.2470631599426,55.45878314971924
3263,0.006281375885009766,,2138.889898300171,55.47177577018738
3264,0.006133288145065308,,2139.5324625968933,55.484742641448975
3265,0.006445467937737703,,2140.175258398056,55.49776744842529
3266,0.0066228508949279785,,2140.816901445389,55.51074814796448
3267,0.006920450832694769,,2141.795835018158,55.52375316619873
3268,0.006338238250464201,,2142.437966823578,55.53676652908325
3269,0.0063927690498530865,,2143.0813167095184,55.54978156089783
3270,0.007210033014416695,,2143.7232658863068,55.562764167785645
3271,0.006680437829345465,,2144.364869117737,55.5757737159729
3272,0.007215193007141352,,2145.007086753845,55.58874773979187
3273,0.008576604537665844,,2145.650007009506,55.601722955703735
3274,0.007976934313774109,,2146.2913098335266,55.61468982696533
3275,0.008322724141180515,,2146.9351394176483,55.6276421546936
3276,0.008516124449670315,,2147.576469182968,55.64063501358032
3277,0.008546451106667519,,2148.2194051742554,55.65366840362549
3278,0.010180133394896984,,2148.8622086048126,55.66664385795593
3279,0.009161374531686306,,2149.5039415359497,55.67967772483826
3280,0.00848265178501606,,2150.1457295417786,55.692678689956665
3281,0.008446794003248215,,2150.7880952358246,55.70562434196472
3282,0.009744817391037941,,2151.4314620494843,55.71862435340881
3283,0.008505086414515972,,2152.074184179306,55.73160481452942
3284,0.009137463755905628,,2152.7167122364044,55.74457836151123
3285,0.009072053246200085,,2153.359973192215,55.757628202438354
3286,0.008050167933106422,,2154.0017693042755,55.77063465118408
3287,0.006374089512974024,,2154.6459650993347,55.78356885910034
3288,0.006434513255953789,,2155.287679195404,55.79649829864502
3289,0.006910954136401415,,2155.931576490402,55.8094687461853
3290,0.008850788697600365,,2156.572700023651,55.822417974472046
3291,0.00710781617090106,,2157.2146134376526,55.83540987968445
3292,0.006373139563947916,,2157.856302499771,55.84835863113403
3293,0.00599671620875597,,2158.5004251003265,55.861385345458984
3294,0.006264460738748312,,2159.4815325737,55.874359369277954
3295,0.00643573421984911,,2160.124297142029,55.88731265068054
3296,0.006212612614035606,,2160.764959335327,55.90022659301758
3297,0.006384598091244698,,2161.4080119132996,55.91319274902344
3298,0.0083725331351161,,2162.0488996505737,55.926177978515625
3299,0.008949152193963528,,2162.691754579544,55.93912363052368
3300,0.006679199170321226,,2163.334881544113,55.95206379890442
3301,0.009514295496046543,,2163.977259874344,55.9649932384491
3302,0.008092466741800308,,2164.619482278824,55.97793221473694
3303,0.006757245399057865,,2165.261524438858,55.990861654281616
3304,0.006920573767274618,,2165.90234708786,56.00384831428528
3305,0.009779375977814198,,2166.543653011322,56.01682090759277
3306,0.007267856504768133,,2167.1858501434326,56.029723167419434
3307,0.00695022102445364,,2167.8287420272827,56.042630434036255
3308,0.007117177359759808,,2168.4707400798798,56.055579662323
3309,0.008134213276207447,,2169.1119391918182,56.06853222846985
3310,0.008858813904225826,,2169.7536883354187,56.08150005340576
3311,0.010053914040327072,,2170.3956410884857,56.09441542625427
3312,0.007178120315074921,,2171.037062883377,56.107351779937744
3313,0.006587781943380833,,2171.6808145046234,56.120349407196045
3314,0.006560357753187418,,2172.323709011078,56.13325619697571
3315,0.009558859281241894,,2172.966513633728,56.14622473716736
3316,0.008137106895446777,,2173.6111874580383,56.15916609764099
3317,0.00835113413631916,,2174.2537903785706,56.17212724685669
3318,0.008545691147446632,,2174.8952996730804,56.18504619598389
3319,0.007574310060590506,,2175.5375061035156,56.19799041748047
3320,0.006910881493240595,,2176.179616689682,56.21096134185791
3321,0.007119255140423775,,2177.1601510047913,56.223873138427734
3322,0.0067786555737257,,2177.8031907081604,56.236825466156006
3323,0.006532556843012571,,2178.4458968639374,56.249754905700684
3324,0.007986264303326607,,2179.0871872901917,56.26266002655029
3325,0.008714364841580391,,2179.730044364929,56.27554392814636
3326,0.008189642801880836,,2180.370670557022,56.28848171234131
3327,0.00998619943857193,,2181.011789083481,56.30141258239746
3328,0.010205528698861599,,2181.6525268554688,56.31433987617493
3329,0.008231441490352154,,2182.2949092388153,56.32729506492615
3330,0.007357063237577677,,2182.937822818756,56.340208768844604
3331,0.007190153934061527,,2183.579510450363,56.353142499923706
3332,0.00849535409361124,,2184.2212483882904,56.36613440513611
3333,0.0074190543964505196,,2184.8624560832977,56.37906002998352
3334,0.008325193077325821,,2185.503845691681,56.391966342926025
3335,0.010827581398189068,,2186.1458654403687,56.4048810005188
3336,0.008167729713022709,,2186.7890281677246,56.41782522201538
3337,0.007326218765228987,,2187.43070268631,56.43075609207153
3338,0.007401181850582361,,2188.072384595871,56.44371938705444
3339,0.007449166849255562,,2188.714438199997,56.45665621757507
3340,0.006675583776086569,,2189.3553364276886,56.46959948539734
3341,0.01031232625246048,,2189.9989442825317,56.482513666152954
3342,0.010334201157093048,,2190.6401596069336,56.495473861694336
3343,0.015095453709363937,,2191.2823791503906,56.50841498374939
3344,0.014910133555531502,,2191.9238996505737,56.521355390548706
3345,0.012243595905601978,,2192.5680396556854,56.53430366516113
3346,0.007634350098669529,,2193.2093048095703,56.54726004600525
3347,0.007669670041650534,,2193.8524663448334,56.56017231941223
3348,0.007283591665327549,,2194.8342390060425,56.573142766952515
3349,0.006250881589949131,,2195.478043079376,56.58614444732666
3350,0.007908432744443417,,2196.1197381019592,56.5991427898407
3351,0.005957531742751598,,2196.7612063884735,56.612101316452026
3352,0.005844809580594301,,2197.4036667346954,56.62512278556824
3353,0.005748930852860212,,2198.046303510666,56.63809275627136
3354,0.006576127372682095,,2198.688223361969,56.65104961395264
3355,0.010640732012689114,,2199.331478357315,56.664023876190186
3356,0.00886271707713604,,2199.9751422405243,56.67696285247803
3357,0.009368904866278172,,2200.6179122924805,56.68998312950134
3358,0.007635601330548525,,2201.259736776352,56.7029390335083
3359,0.00589403510093689,,2201.9015209674835,56.71589970588684
3360,0.008266857825219631,,2202.5431921482086,56.72886610031128
3361,0.0060083093121647835,,2203.184907913208,56.741859436035156
3362,0.0060642617754638195,,2203.827117919922,56.75488495826721
3363,0.008166340179741383,,2204.468921661377,56.767842054367065
3364,0.013671955093741417,,2205.110598564148,56.780752658843994
3365,0.010181835852563381,,2205.752886533737,56.79376292228699
3366,0.006997337099164724,,2206.395272254944,56.806721210479736
3367,0.008482159115374088,,2207.0384900569916,56.81967520713806
3368,0.006751159206032753,,2207.681137084961,56.83266019821167
3369,0.007643927354365587,,2208.3229389190674,56.84561347961426
3370,0.008963082917034626,,2208.967393398285,56.85860013961792
3371,0.008819568902254105,,2209.611116886139,56.871585845947266
3372,0.008763791061937809,,2210.2540814876556,56.88449478149414
3373,0.007940168492496014,,2210.8959863185883,56.89748454093933
3374,0.008883822709321976,,2211.5380997657776,56.91052031517029
3375,0.009259446524083614,,2212.522540330887,56.923479318618774
3376,0.0074316272512078285,,2213.1648399829865,56.93637537956238
3377,0.005428018979728222,,2213.807921886444,56.94937539100647
3378,0.006813467480242252,,2214.4504675865173,56.962355852127075
3379,0.007498640567064285,,2215.0925829410553,56.97533702850342
3380,0.007938779890537262,,2215.734937429428,56.988258838653564
3381,0.005653318949043751,,2216.3772814273834,57.00123691558838
3382,0.007748774252831936,,2217.019063234329,57.014132022857666
3383,0.010123118758201599,,2217.6608471870422,57.027164936065674
3384,0.011053035967051983,,2218.3025994300842,57.04012131690979
3385,0.007018227130174637,,2218.944569826126,57.053141355514526
3386,0.005250322632491589,,2219.586247444153,57.06612706184387
3387,0.007087364327162504,,2220.2291259765625,57.079123973846436
3388,0.0061507984064519405,,2220.8705213069916,57.092121839523315
3389,0.006019011605530977,,2221.5143778324127,57.105077266693115
3390,0.007163256872445345,,2222.1571247577667,57.117969036102295
3391,0.010013527236878872,,2222.8001203536987,57.13088798522949
3392,0.0105769457295537,,2223.441835165024,57.14380145072937
3393,0.01065126433968544,,2224.083552837372,57.156747341156006
3394,0.008609226904809475,,2224.7250995635986,57.16967463493347
3395,0.007750045973807573,,2225.3667776584625,57.18260216712952
3396,0.006593938916921616,,2226.0076961517334,57.19553303718567
3397,0.007602688390761614,,2226.6491107940674,57.208563804626465
3398,0.007762727327644825,,2227.2913925647736,57.2214674949646
3399,0.010253526270389557,,2227.93554854393,57.23447847366333
3400,0.010204457677900791,,2228.576938867569,57.247438192367554
3401,0.008893925696611404,,2229.2193319797516,57.26034116744995
3402,0.006301152054220438,,2230.1995520591736,57.273287296295166
3403,0.007537169847637415,,2230.8417007923126,57.286324977874756
3404,0.007576503790915012,,2231.4850780963898,57.299301624298096
3405,0.0065963114611804485,,2232.127386569977,57.31239914894104
3406,0.008605181239545345,,2232.7691838741302,57.32537078857422
3407,0.008703835308551788,,2233.4126982688904,57.338383436203
3408,0.006647132337093353,,2234.0548317432404,57.35143542289734
3409,0.008860758505761623,,2234.697241783142,57.364410638809204
3410,0.007544418331235647,,2235.3389027118683,57.377399921417236
3411,0.01031321007758379,,2235.9825718402863,57.39044165611267
3412,0.007501807063817978,,2236.624017238617,57.4034206867218
3413,0.00802095141261816,,2237.266517162323,57.41638708114624
3414,0.005373583175241947,,2237.9076306819916,57.42936444282532
3415,0.0068802013993263245,,2238.5508687496185,57.44236731529236
3416,0.006884352304041386,,2239.192050218582,57.45532155036926
3417,0.00726720318198204,,2239.835325241089,57.46833682060242
3418,0.007178318686783314,,2240.4773454666138,57.481342792510986
3419,0.00833374634385109,,2241.1188683509827,57.49433255195618
3420,0.008107186295092106,,2241.7602665424347,57.50729012489319
3421,0.01071110274642706,,2242.4021792411804,57.5203001499176
3422,0.008163586258888245,,2243.045113325119,57.533294439315796
3423,0.007076081819832325,,2243.6882858276367,57.546334981918335
3424,0.006810680031776428,,2244.3299231529236,57.55934405326843
3425,0.007407156750559807,,2244.9716362953186,57.57237267494202
3426,0.006664236541837454,,2245.6134486198425,57.58528971672058
3427,0.009188029915094376,,2246.2565364837646,57.59828853607178
3428,0.012062601745128632,,2246.8975851535797,57.611258029937744
3429,0.010017003864049911,,2247.8796322345734,57.62420654296875
3430,0.007667756639420986,,2248.520791530609,57.63717484474182
3431,0.009477796964347363,,2249.162247657776,57.65014386177063
3432,0.00932152010500431,,2249.8038473129272,57.663190841674805
3433,0.007080047857016325,,2250.447321176529,57.67619562149048
3434,0.007808043155819178,,2251.089334487915,57.6891565322876
3435,0.006048936862498522,,2251.730718612671,57.70213437080383
3436,0.007109654136002064,,2252.3723199367523,57.715126514434814
3437,0.005988381337374449,,2253.014480829239,57.728074073791504
3438,0.006974585819989443,,2253.656891822815,57.741071939468384
3439,0.008037656545639038,,2254.3004117012024,57.754082441329956
3440,0.007092553656548262,,2254.943554878235,57.767050981521606
3441,0.008101392537355423,,2255.5856714248657,57.78004550933838
3442,0.005341194104403257,,2256.2288188934326,57.79305863380432
3443,0.005639900919049978,,2256.871258497238,57.80611205101013
3444,0.005681063048541546,,2257.513700246811,57.81912636756897
3445,0.005737450905144215,,2258.1576743125916,57.832125186920166
3446,0.006967828143388033,,2258.798907518387,57.84511184692383
3447,0.008608505129814148,,2259.4419775009155,57.85808086395264
3448,0.006719155702739954,,2260.0834460258484,57.87106013298035
3449,0.010280560702085495,,2260.725039243698,57.88409113883972
3450,0.009338690899312496,,2261.3665459156036,57.89706039428711
3451,0.008899456821382046,,2262.0078597068787,57.910080909729004
3452,0.006412249058485031,,2262.650021314621,57.92315125465393
3453,0.0070388177409768105,,2263.292367696762,57.936100006103516
3454,0.006371260620653629,,2263.93367600441,57.94907903671265
3455,0.005867956671863794,,2264.5762145519257,57.96206593513489
3456,0.0068788109347224236,,2265.55490398407,57.97505497932434
3457,0.007565557956695557,,2266.1976141929626,57.9879584312439
3458,0.007704482413828373,,2266.8385338783264,58.000874280929565
3459,0.006988202221691608,,2267.481692790985,58.01382756233215
3460,0.009146641008555889,,2268.1256697177887,58.026803970336914
3461,0.009833957068622112,,2268.7693128585815,58.03981614112854
3462,0.005654684267938137,,2269.4103968143463,58.052785873413086
3463,0.006414725910872221,,2270.0537493228912,58.065754652023315
3464,0.006879640743136406,,2270.6958725452423,58.078803062438965
3465,0.007053498178720474,,2271.337033510208,58.09167122840881
3466,0.006101623643189669,,2271.979649543762,58.104695558547974
3467,0.01097943540662527,,2272.6210358142853,58.11768198013306
3468,0.007804641500115395,,2273.262974500656,58.13066482543945
3469,0.009745809249579906,,2273.9046964645386,58.14356327056885
3470,0.009498030878603458,,2274.5474858283997,58.156492710113525
3471,0.009840525686740875,,2275.1907198429108,58.16941976547241
3472,0.010668111965060234,,2275.8334856033325,58.18239498138428
3473,0.005977103486657143,,2276.477772474289,58.195326805114746
3474,0.006685312371701002,,2277.1186900138855,58.2082884311676
3475,0.006440247409045696,,2277.7616930007935,58.22122883796692
3476,0.005671490449458361,,2278.403597831726,58.234224796295166
3477,0.006160706747323275,,2279.045039176941,58.24723553657532
3478,0.007068476639688015,,2279.6867895126343,58.260257720947266
3479,0.007742221932858229,,2280.33007478714,58.2731990814209
3480,0.007050506304949522,,2280.9722154140472,58.28625512123108
3481,0.006439058110117912,,2281.6151700019836,58.29924011230469
3482,0.006214977242052555,,2282.2575867176056,58.312206983566284
3483,0.006972155999392271,,2283.239004135132,58.32522368431091
3484,0.006104223895817995,,2283.8811140060425,58.3382408618927
3485,0.006049120798707008,,2284.5238218307495,58.35121440887451
3486,0.0074191526509821415,,2285.165498971939,58.36421251296997
3487,0.008647412061691284,,2285.807226896286,58.377185106277466
3488,0.0073190368711948395,,2286.449143409729,58.39015531539917
3489,0.007578835356980562,,2287.092839241028,58.403135538101196
3490,0.007345034275203943,,2287.734475135803,58.416136264801025
3491,0.009567650966346264,,2288.3767523765564,58.42910313606262
3492,0.010108278132975101,,2289.018008708954,58.44213342666626
3493,0.009835613891482353,,2289.659373521805,58.45511984825134
3494,0.00886392779648304,,2290.3011288642883,58.468159914016724
3495,0.00725262938067317,,2290.9430508613586,58.48108124732971
3496,0.008101117797195911,,2291.5860784053802,58.4940242767334
3497,0.008802483789622784,,2292.2283084392548,58.50701642036438
3498,0.011906891129910946,,2292.8699147701263,58.52005457878113
3499,0.009609363973140717,,2293.5121459960938,58.53302264213562
3500,0.009352441877126694,0.003761623753234744,2294.154568195343,60.42014288902283
3501,0.007800516206771135,,2294.7966723442078,60.4331431388855
3502,0.007894409820437431,,2295.437644481659,60.44608235359192
3503,0.007557979319244623,,2296.081250667572,60.458985567092896
3504,0.00855185929685831,,2296.7244141101837,60.47205924987793
3505,0.007593480404466391,,2297.366486310959,60.48505353927612
3506,0.007341013755649328,,2298.0078461170197,60.49803137779236
3507,0.0064332569018006325,,2298.6507346630096,60.51103949546814
3508,0.007013056892901659,,2299.292252063751,60.524144887924194
3509,0.009729104116559029,,2299.934695005417,60.53711676597595
3510,0.012651047669351101,,2300.9171483516693,60.55009841918945
3511,0.01081373356282711,,2301.5589368343353,60.56301784515381
3512,0.010824166238307953,,2302.200050354004,60.57601237297058
3513,0.009364360012114048,,2302.8439400196075,60.58890700340271
3514,0.009937291964888573,,2303.4863476753235,60.60188913345337
3515,0.009347271174192429,,2304.1284515857697,60.6148157119751
3516,0.008368411101400852,,2304.771498441696,60.627734422683716
3517,0.00930070597678423,,2305.4137885570526,60.640705585479736
3518,0.007628992665559053,,2306.0560586452484,60.65370583534241
3519,0.007884020917117596,,2306.6990928649902,60.66663455963135
3520,0.00832525547593832,,2307.342686653137,60.67961812019348
3521,0.009635820053517818,,2307.9847774505615,60.692551612854004
3522,0.006754658184945583,,2308.6263744831085,60.70548343658447
3523,0.006058808416128159,,2309.26856136322,60.71843385696411
3524,0.006738754920661449,,2309.911379337311,60.731366872787476
3525,0.008569295518100262,,2310.5542783737183,60.744304895401
3526,0.008423023857176304,,2311.196145296097,60.75721216201782
3527,0.007932447828352451,,2311.838448524475,60.770161867141724
3528,0.006987436208873987,,2312.481188774109,60.783069372177124
3529,0.007025342434644699,,2313.123774290085,60.796043157577515
3530,0.006948800291866064,,2313.7648088932037,60.809061765670776
3531,0.0068626198917627335,,2314.407698869705,60.82208776473999
3532,0.00691419979557395,,2315.048974752426,60.83509182929993
3533,0.00669255992397666,,2315.6915094852448,60.848082542419434
3534,0.009392363019287586,,2316.3332056999207,60.86105751991272
3535,0.009181714616715908,,2316.975877761841,60.87404799461365
3536,0.009585421532392502,,2317.6192610263824,60.88710331916809
3537,0.007335679139941931,,2318.603166818619,60.90001630783081
3538,0.005957037676125765,,2319.2453713417053,60.91297149658203
3539,0.006544322706758976,,2319.8871655464172,60.92594528198242
3540,0.006308834999799728,,2320.527944803238,60.93884563446045
3541,0.006891418714076281,,2321.169733762741,60.95179319381714
3542,0.005750774405896664,,2321.8115196228027,60.96477222442627
3543,0.005864620208740234,,2322.45440864563,60.97768688201904
3544,0.0061709522269666195,,2323.0958681106567,60.990585803985596
3545,0.007695835083723068,,2323.7389335632324,61.00351881980896
3546,0.0067600985057652,,2324.380373477936,61.01648187637329
3547,0.006431464105844498,,2325.022936105728,61.02941012382507
3548,0.007306816056370735,,2325.6654391288757,61.04232406616211
3549,0.0058594015426933765,,2326.30903506279,61.055259704589844
3550,0.005952285602688789,,2326.9508895874023,61.06822109222412
3551,0.005973387509584427,,2327.5931825637817,61.081159830093384
3552,0.008141824044287205,,2328.235085248947,61.09408450126648
3553,0.005824136547744274,,2328.8783848285675,61.107027769088745
3554,0.006090071517974138,,2329.5203919410706,61.11993885040283
3555,0.007162010297179222,,2330.1629831790924,61.13289999961853
3556,0.008134563453495502,,2330.8043353557587,61.145864963531494
3557,0.007759532425552607,,2331.446615457535,61.15879464149475
3558,0.01007353700697422,,2332.0900118350983,61.171730279922485
3559,0.010300331749022007,,2332.732523202896,61.18462800979614
3560,0.008423686027526855,,2333.3739252090454,61.1975314617157
3561,0.007790364790707827,,2334.015150308609,61.21047782897949
3562,0.007057444658130407,,2334.657059907913,61.22340202331543
3563,0.0077161951921880245,,2335.2997610569,61.23633527755737
3564,0.006415496580302715,,2336.281009912491,61.24934506416321
3565,0.006924588233232498,,2336.9246456623077,61.26235866546631
3566,0.006668407004326582,,2337.5673773288727,61.27538466453552
3567,0.006621335633099079,,2338.209950208664,61.288394927978516
3568,0.007598471827805042,,2338.8514692783356,61.30134153366089
3569,0.00749160535633564,,2339.4951360225677,61.31429839134216
3570,0.008558213710784912,,2340.1372170448303,61.327308177948
3571,0.008454601280391216,,2340.7802274227142,61.34027910232544
3572,0.007465389557182789,,2341.4229321479797,61.35325884819031
3573,0.009284505620598793,,2342.065694093704,61.366288900375366
3574,0.008780594915151596,,2342.7081785202026,61.379289388656616
3575,0.01071788277477026,,2343.3508241176605,61.392226696014404
3576,0.013298800215125084,,2343.994060754776,61.405266523361206
3577,0.010824310593307018,,2344.635906457901,61.41826272010803
3578,0.010101580061018467,,2345.279039621353,61.43126463890076
3579,0.011169495061039925,,2345.92236328125,61.44426918029785
3580,0.009121870622038841,,2346.5638580322266,61.457255840301514
3581,0.008878658525645733,,2347.206881046295,61.4702730178833
3582,0.009193017147481441,,2347.850322008133,61.48330783843994
3583,0.009472821839153767,,2348.4945073127747,61.496238708496094
3584,0.007647515274584293,,2349.135265350342,61.50924611091614
3585,0.011057030409574509,,2349.7769441604614,61.522165298461914
3586,0.012396400794386864,,2350.417867898941,61.535096883773804
3587,0.008540796115994453,,2351.0615570545197,61.548022747039795
3588,0.009586935862898827,,2351.7020955085754,61.56093788146973
3589,0.008132358081638813,,2352.344383955002,61.5738787651062
3590,0.008496000431478024,,2352.9867310523987,61.58680534362793
3591,0.008376437239348888,,2353.9705719947815,61.5998649597168
3592,0.008863472379744053,,2354.6132254600525,61.6128454208374
3593,0.012760049663484097,,2355.2550842761993,61.625874042510986
3594,0.01330877561122179,,2355.8956937789917,61.63889670372009
3595,0.010981990024447441,,2356.5398185253143,61.65190529823303
3596,0.01123801525682211,,2357.182146549225,61.66487956047058
3597,0.012680654413998127,,2357.8248715400696,61.67786908149719
3598,0.010607542470097542,,2358.4677703380585,61.69084358215332
3599,0.009196264669299126,,2359.1100599765778,61.70383954048157
3600,0.008346852846443653,,2359.7529509067535,61.71683144569397
3601,0.0071272593922913074,,2360.394509792328,61.72984170913696
3602,0.007587243802845478,,2361.036222934723,61.74289798736572
3603,0.008018197491765022,,2361.6781969070435,61.755873918533325
3604,0.008118098601698875,,2362.3212308883667,61.768874645233154
3605,0.011090772226452827,,2362.9644792079926,61.781925439834595
3606,0.01167658343911171,,2363.606016635895,61.79490327835083
3607,0.008251491002738476,,2364.2477724552155,61.8078727722168
3608,0.007985122501850128,,2364.8889586925507,61.82079482078552
3609,0.00803883746266365,,2365.5331704616547,61.83382797241211
3610,0.010593289509415627,,2366.1745648384094,61.84677314758301
3611,0.008865848183631897,,2366.816014766693,61.85975670814514
3612,0.00785371009260416,,2367.45862364769,61.872740030288696
3613,0.007488863077014685,,2368.100006580353,61.88566732406616
3614,0.007261810824275017,,2368.7430663108826,61.898677587509155
3615,0.00880446657538414,,2369.3868958950043,61.91169714927673
3616,0.007831123657524586,,2370.0281472206116,61.9246871471405
3617,0.008090388029813766,,2370.6701123714447,61.937668561935425
3618,0.008304563350975513,,2371.6514353752136,61.9506995677948
3619,0.009189663454890251,,2372.294015645981,61.963632345199585
3620,0.010816690512001514,,2372.935429096222,61.97664666175842
3621,0.009671730920672417,,2373.5773618221283,61.98963642120361
3622,0.008955663070082664,,2374.218873500824,62.002623319625854
3623,0.008448679000139236,,2374.860719203949,62.01556730270386
3624,0.009511501528322697,,2375.5037739276886,62.02851867675781
3625,0.010148392990231514,,2376.145800113678,62.04150199890137
3626,0.009549659676849842,,2376.788686275482,62.05450940132141
3627,0.008551491424441338,,2377.430850505829,62.06756782531738
3628,0.007640215568244457,,2378.0722994804382,62.080628871917725
3629,0.007706277072429657,,2378.7151832580566,62.093618392944336
3630,0.008078332059085369,,2379.3578536510468,62.10663366317749
3631,0.007965763099491596,,2380.000890493393,62.119569540023804
3632,0.007868126966059208,,2380.6427936553955,62.1325740814209
3633,0.00814876239746809,,2381.286648750305,62.14557695388794
3634,0.009391678497195244,,2381.928647041321,62.15852642059326
3635,0.011363224126398563,,2382.571806907654,62.17152714729309
3636,0.011827717535197735,,2383.213266849518,62.18442964553833
3637,0.010807492770254612,,2383.8552391529083,62.19740152359009
3638,0.009256712161004543,,2384.4964094161987,62.21037769317627
3639,0.01132489275187254,,2385.1382529735565,62.22328758239746
3640,0.011490586213767529,,2385.779082775116,62.23620963096619
3641,0.009711025282740593,,2386.421934366226,62.24911165237427
3642,0.009718965739011765,,2387.063154935837,62.262032985687256
3643,0.010646561160683632,,2387.705114364624,62.27495861053467
3644,0.012148263864219189,,2388.3476247787476,62.28794741630554
3645,0.008476625196635723,,2389.327731370926,62.30094051361084
3646,0.0065880585461854935,,2389.9708847999573,62.31394839286804
3647,0.008577151224017143,,2390.6128413677216,62.326900243759155
3648,0.009526673704385757,,2391.255471467972,62.33993053436279
3649,0.010636599734425545,,2391.897361755371,62.352898836135864
3650,0.008991727605462074,,2392.538936853409,62.36591720581055
3651,0.008144759573042393,,2393.1806139945984,62.37887930870056
3652,0.007328965701162815,,2393.8223571777344,62.39184522628784
3653,0.006769425235688686,,2394.464089870453,62.404850482940674
3654,0.007610870059579611,,2395.1052942276,62.41784715652466
3655,0.008040765300393105,,2395.746960401535,62.43082118034363
3656,0.008575432002544403,,2396.3912529945374,62.44377541542053
3657,0.009781498461961746,,2397.0329401493073,62.45674443244934
3658,0.012195865623652935,,2397.675495862961,62.46979522705078
3659,0.010112794116139412,,2398.3181416988373,62.4827926158905
3660,0.0077279177494347095,,2398.9621856212616,62.49579477310181
3661,0.009364484809339046,,2399.6044330596924,62.50876545906067
3662,0.009072043001651764,,2400.2460362911224,62.52179551124573
3663,0.007998090237379074,,2400.8890607357025,62.53473472595215
3664,0.00787021778523922,,2401.53066778183,62.54768180847168
3665,0.010417516343295574,,2402.172786951065,62.560686111450195
3666,0.007103816606104374,,2402.815678358078,62.573671102523804
3667,0.007597503252327442,,2403.4588780403137,62.586631059646606
3668,0.007557373959571123,,2404.1004090309143,62.599611043930054
3669,0.009541280567646027,,2404.74307847023,62.61258602142334
3670,0.011782871559262276,,2405.385264635086,62.62556505203247
3671,0.009474368765950203,,2406.0290269851685,62.638592004776
3672,0.012204286642372608,,2407.0092816352844,62.6514949798584
3673,0.008451719768345356,,2407.651760339737,62.66444945335388
3674,0.009553050622344017,,2408.293869972229,62.67737650871277
3675,0.010224039666354656,,2408.936418533325,62.690359115600586
3676,0.009110610000789165,,2409.5784368515015,62.70328116416931
3677,0.010198011994361877,,2410.220843553543,62.71625351905823
3678,0.011313716880977154,,2410.8631994724274,62.72916793823242
3679,0.009209827519953251,,2411.505347251892,62.7421088218689
3680,0.007619999814778566,,2412.146260738373,62.7550323009491
3681,0.008045440539717674,,2412.7880742549896,62.768049240112305
3682,0.008410539478063583,,2413.4308700561523,62.781015157699585
3683,0.009714760817587376,,2414.0726335048676,62.79396319389343
3684,0.010578518733382225,,2414.7151494026184,62.806891441345215
3685,0.010086925700306892,,2415.358258008957,62.81985282897949
3686,0.01102550607174635,,2415.9991133213043,62.832796573638916
3687,0.008017615415155888,,2416.640911579132,62.845736503601074
3688,0.006327797658741474,,2417.283482313156,62.85865378379822
3689,0.00802868977189064,,2417.92658162117,62.87163853645325
3690,0.0065562608651816845,,2418.5695564746857,62.88460397720337
3691,0.006320395041257143,,2419.2116746902466,62.897552251815796
3692,0.006905500777065754,,2419.853579044342,62.91059136390686
3693,0.007594631519168615,,2420.4955625534058,62.92357850074768
3694,0.008969774469733238,,2421.1367077827454,62.93656539916992
3695,0.006298562046140432,,2421.778905391693,62.94951915740967
3696,0.005934920161962509,,2422.4207594394684,62.96254372596741
3697,0.00717204948887229,,2423.0636599063873,62.97554564476013
3698,0.005697360262274742,,2423.7048568725586,62.988545179367065
3699,0.006207430735230446,,2424.6855375766754,63.001535177230835
3700,0.0068083335645496845,,2425.3289494514465,63.01447892189026
3701,0.009987290017306805,,2425.970722436905,63.02742528915405
3702,0.009111549705266953,,2426.612982273102,63.04036617279053
3703,0.006602551322430372,,2427.2553572654724,63.05328869819641
3704,0.007009688299149275,,2427.899322271347,63.066200256347656
3705,0.009830801747739315,,2428.54269695282,63.07917261123657
3706,0.009457157924771309,,2429.183919429779,63.09208297729492
3707,0.007440779823809862,,2429.826511621475,63.105029821395874
3708,0.006836452521383762,,2430.4680812358856,63.1179575920105
3709,0.007279971148818731,,2431.110820055008,63.130900144577026
3710,0.006915904115885496,,2431.753168821335,63.14381814002991
3711,0.007407051511108875,,2432.3955368995667,63.15677833557129
3712,0.006648596841841936,,2433.0366113185883,63.16975665092468
3713,0.006382587365806103,,2433.6781919002533,63.18269610404968
3714,0.009870076552033424,,2434.3195819854736,63.195696115493774
3715,0.007017604541033506,,2434.96213889122,63.20867085456848
3716,0.006706641521304846,,2435.605025291443,63.221741914749146
3717,0.00749082351103425,,2436.2486011981964,63.23470067977905
3718,0.006437608040869236,,2436.8897964954376,63.24765586853027
3719,0.00686599500477314,,2437.5326516628265,63.26059889793396
3720,0.007698916830122471,,2438.1749296188354,63.27357196807861
3721,0.007314315997064114,,2438.818072795868,63.28650116920471
3722,0.010386496782302856,,2439.459347963333,63.29945373535156
3723,0.006932323332875967,,2440.10192155838,63.31237196922302
3724,0.008223192766308784,,2440.743798971176,63.325329065322876
3725,0.007556416094303131,,2441.3849663734436,63.33825945854187
3726,0.007453779689967632,,2442.3674550056458,63.3512487411499
3727,0.007312799338251352,,2443.0105390548706,63.364206314086914
3728,0.007501059211790562,,2443.6535592079163,63.37719011306763
3729,0.008180356584489346,,2444.296130180359,63.39018726348877
3730,0.007124363910406828,,2444.938648700714,63.40313410758972
3731,0.007184471469372511,,2445.5804307460785,63.41613483428955
3732,0.006486936938017607,,2446.2220973968506,63.42903017997742
3733,0.007145016919821501,,2446.86447763443,63.442057609558105
3734,0.007323111407458782,,2447.505633831024,63.4550096988678
3735,0.00717104971408844,,2448.147463083267,63.46802496910095
3736,0.008306249044835567,,2448.789982318878,63.48095464706421
3737,0.006942820735275745,,2449.4325449466705,63.493959188461304
3738,0.005982249043881893,,2450.075204849243,63.50689172744751
3739,0.008210135623812675,,2450.7196702957153,63.51989412307739
3740,0.008298992179334164,,2451.3615193367004,63.532872915267944
3741,0.009825071319937706,,2452.00350856781,63.54589343070984
3742,0.009849311783909798,,2452.6462321281433,63.55883288383484
3743,0.008459522388875484,,2453.2879230976105,63.57179379463196
3744,0.007042286451905966,,2453.9308848381042,63.58478379249573
3745,0.00645854277536273,,2454.5726552009583,63.59772324562073
3746,0.0061370194889605045,,2455.214280605316,63.6106915473938
3747,0.006760065443813801,,2455.857275247574,63.6236789226532
3748,0.009795312769711018,,2456.4987852573395,63.6366229057312
3749,0.010663362219929695,,2457.1412863731384,63.649643898010254
3750,0.01084304042160511,,2457.782394170761,63.662617206573486
3751,0.014498699456453323,,2458.4242067337036,63.67561316490173
3752,0.009586271829903126,,2459.0666420459747,63.68862438201904
3753,0.010562551207840443,,2460.0500915050507,63.70158076286316
3754,0.008313206024467945,,2460.6911883354187,63.71448087692261
3755,0.006737306714057922,,2461.334732532501,63.7273907661438
3756,0.007449703756719828,,2461.9767241477966,63.74037480354309
3757,0.006203709170222282,,2462.6186356544495,63.753315448760986
3758,0.005896920338273048,,2463.2602021694183,63.76626110076904
3759,0.006074115168303251,,2463.9024436473846,63.77924561500549
3760,0.007066134363412857,,2464.5430965423584,63.79220485687256
3761,0.007337911054491997,,2465.1852309703827,63.805180072784424
3762,0.007430837955325842,,2465.82807469368,63.818132162094116
3763,0.006946404464542866,,2466.47128534317,63.831061124801636
3764,0.006285375449806452,,2467.112009525299,63.84401869773865
3765,0.006646965630352497,,2467.7565579414368,63.85694146156311
3766,0.00649991212412715,,2468.3992006778717,63.869872093200684
3767,0.00804140605032444,,2469.04163146019,63.88280391693115
3768,0.007244809065014124,,2469.683611392975,63.8957257270813
3769,0.008325647562742233,,2470.3262870311737,63.908671617507935
3770,0.007335420697927475,,2470.968048810959,63.92162227630615
3771,0.007127717137336731,,2471.6118471622467,63.93458604812622
3772,0.007576028350740671,,2472.254359483719,63.94757866859436
3773,0.0073818014934659,,2472.896566390991,63.960503578186035
3774,0.00732977082952857,,2473.538721561432,63.97345209121704
3775,0.01054314337670803,,2474.1818385124207,63.98639535903931
3776,0.009336145594716072,,2474.8236784934998,63.99934697151184
3777,0.01015079952776432,,2475.4651248455048,64.01224660873413
3778,0.01048542931675911,,2476.1074368953705,64.02522230148315
3779,0.011502004228532314,,2476.7499434947968,64.03816390037537
3780,0.009560735896229744,,2477.7306764125824,64.05115270614624
3781,0.009475470520555973,,2478.371835231781,64.0641942024231
3782,0.010899609886109829,,2479.0131850242615,64.07719612121582
3783,0.008217893540859222,,2479.654805660248,64.09029364585876
3784,0.007993075996637344,,2480.296586036682,64.10334277153015
3785,0.007152815815061331,,2480.940200805664,64.11634683609009
3786,0.010110036469995975,,2481.5840513706207,64.12935638427734
3787,0.010238651186227798,,2482.226366043091,64.14233565330505
3788,0.008083277381956577,,2482.8675303459167,64.15532755851746
3789,0.009539042599499226,,2483.511073112488,64.16829252243042
3790,0.008009291253983974,,2484.1522493362427,64.18127679824829
3791,0.008413055911660194,,2484.795827150345,64.19425940513611
3792,0.010214016772806644,,2485.4371428489685,64.20721316337585
3793,0.009383359923958778,,2486.0800879001617,64.22016525268555
3794,0.008953988552093506,,2486.7213785648346,64.23314809799194
3795,0.00825504120439291,,2487.363657474518,64.24609184265137
3796,0.006858705077320337,,2488.0050649642944,64.25898027420044
3797,0.006428867112845182,,2488.6471543312073,64.27187514305115
3798,0.006443059537559748,,2489.289925813675,64.28483247756958
3799,0.008385737426578999,,2489.9313447475433,64.29779005050659
3800,0.00794367678463459,,2490.5737302303314,64.31073021888733
3801,0.006921674124896526,,2491.2161858081818,64.32365989685059
3802,0.006847349926829338,,2491.8574347496033,64.33658623695374
3803,0.007642559241503477,,2492.4993402957916,64.34949588775635
3804,0.009389138780534267,,2493.1412625312805,64.36242771148682
3805,0.009885606355965137,,2493.7837822437286,64.37540006637573
3806,0.009601421654224396,,2494.424443244934,64.38833928108215
3807,0.0081181013956666,,2495.405569076538,64.40131711959839
3808,0.011506985872983932,,2496.046088218689,64.41431403160095
3809,0.011493081226944923,,2496.689020395279,64.42727184295654
3810,0.009527881629765034,,2497.330537557602,64.44023418426514
3811,0.007958582602441311,,2497.972613096237,64.45320749282837
3812,0.009611370041966438,,2498.613678216934,64.46618127822876
3813,0.007786838337779045,,2499.2554557323456,64.47917532920837
3814,0.007089043501764536,,2499.8977019786835,64.4921383857727
3815,0.008102579973638058,,2500.5407090187073,64.50515413284302
3816,0.010696902871131897,,2501.18230509758,64.51815366744995
3817,0.009298784658312798,,2501.8267295360565,64.5311164855957
3818,0.007119905669242144,,2502.467709541321,64.5440948009491
3819,0.00700325658544898,,2503.109428167343,64.5570719242096
3820,0.00809962023049593,,2503.751092672348,64.57002353668213
3821,0.007426168769598007,,2504.393359899521,64.58303308486938
3822,0.006789295468479395,,2505.0349884033203,64.59605288505554
3823,0.006478435359895229,,2505.6781673431396,64.60902214050293
3824,0.0076039740815758705,,2506.319551706314,64.62198424339294
3825,0.00842694565653801,,2506.961149454117,64.63497924804688
3826,0.007307759486138821,,2507.6034269332886,64.64790177345276
3827,0.008091885596513748,,2508.24742770195,64.66089701652527
3828,0.008073322474956512,,2508.8895456790924,64.67395997047424
3829,0.007462845649570227,,2509.5327203273773,64.68698978424072
3830,0.007065597455948591,,2510.1753623485565,64.70000982284546
3831,0.007586357183754444,,2510.819336414337,64.7130537033081
3832,0.009700720198452473,,2511.460163116455,64.72603678703308
3833,0.010038664564490318,,2512.1020226478577,64.73908972740173
3834,0.010050727985799313,,2513.0811898708344,64.7520706653595
3835,0.006936222780495882,,2513.7226033210754,64.7649884223938
3836,0.006704278755933046,,2514.3638541698456,64.77799844741821
3837,0.006485574413090944,,2515.0055911540985,64.79093909263611
3838,0.006126890424638987,,2515.6469888687134,64.80393123626709
3839,0.006401262246072292,,2516.2902109622955,64.816819190979
3840,0.006135697942227125,,2516.9320554733276,64.82974052429199
3841,0.006866881623864174,,2517.5737290382385,64.84293150901794
3842,0.006868590135127306,,2518.215735912323,64.85583543777466
3843,0.006152702029794455,,2518.8575751781464,64.86882257461548
3844,0.008047203533351421,,2519.499087333679,64.88180375099182
3845,0.006682985462248325,,2520.1418693065643,64.89479780197144
3846,0.008591138757765293,,2520.7849366664886,64.90774130821228
3847,0.008790498599410057,,2521.4272060394287,64.92071795463562
3848,0.00838680099695921,,2522.0687079429626,64.93364024162292
3849,0.008420366793870926,,2522.7102224826813,64.94658780097961
3850,0.008187493309378624,,2523.3514387607574,64.95958042144775
3851,0.00767864752560854,,2523.9935925006866,64.97252631187439
3852,0.007764617912471294,,2524.6355652809143,64.98549675941467
3853,0.007360017392784357,,2525.2774953842163,64.99846601486206
3854,0.007410222664475441,,2525.9182953834534,65.01140308380127
3855,0.008368250913918018,,2526.5618135929108,65.02436470985413
3856,0.007850287482142448,,2527.203374147415,65.03736782073975
3857,0.00842391885817051,,2527.845545530319,65.05027747154236
3858,0.008468667045235634,,2528.486712217331,65.0633180141449
3859,0.009785209782421589,,2529.1286034584045,65.07620525360107
3860,0.007162748835980892,,2529.7704417705536,65.08921909332275
3861,0.006698225159198046,,2530.750375032425,65.10219407081604
3862,0.007555915508419275,,2531.39354801178,65.11515474319458
3863,0.0073754978366196156,,2532.035245656967,65.12812089920044
3864,0.009383312426507473,,2532.6770091056824,65.14112067222595
3865,0.008415726944804192,,2533.320380449295,65.15409255027771
3866,0.009293794631958008,,2533.9629423618317,65.16708970069885
3867,0.009146065451204777,,2534.605689764023,65.18008518218994
3868,0.011092771776020527,,2535.2473363876343,65.19309687614441
3869,0.009358562529087067,,2535.8895874023438,65.20618557929993
3870,0.00936222169548273,,2536.5316953659058,65.21927165985107
3871,0.00971890240907669,,2537.173674106598,65.2322404384613
3872,0.009866144508123398,,2537.814960718155,65.24523735046387
3873,0.010001784190535545,,2538.4582028388977,65.25819563865662
3874,0.008403717540204525,,2539.102243900299,65.2711672782898
3875,0.007796805817633867,,2539.7447509765625,65.28421688079834
3876,0.009143657051026821,,2540.387037038803,65.29724431037903
3877,0.0071927825920283794,,2541.0295498371124,65.31022763252258
3878,0.007038609590381384,,2541.671358346939,65.32334876060486
3879,0.007987291552126408,,2542.3143770694733,65.33629584312439
3880,0.0074677783995866776,,2542.957313299179,65.34935283660889
3881,0.007782519329339266,,2543.59934258461,65.36233019828796
3882,0.008325700648128986,,2544.242274045944,65.37530016899109
3883,0.0060945008881390095,,2544.884230852127,65.38831090927124
3884,0.007968086749315262,,2545.526824235916,65.4012885093689
3885,0.007610493339598179,,2546.1690323352814,65.41426968574524
3886,0.006316194776445627,,2546.8103880882263,65.42723679542542
3887,0.0076287477277219296,,2547.452378511429,65.4402425289154
3888,0.007783394306898117,,2548.4339776039124,65.45320081710815
3889,0.006668677553534508,,2549.0765278339386,65.4661111831665
3890,0.008211224339902401,,2549.7182564735413,65.47906160354614
3891,0.008320555090904236,,2550.3603761196136,65.49198985099792
3892,0.008655966259539127,,2551.003190755844,65.50493621826172
3893,0.010131108574569225,,2551.6445047855377,65.51789474487305
3894,0.009756894782185555,,2552.2872443199158,65.53084063529968
3895,0.009308163076639175,,2552.9290812015533,65.54379343986511
3896,0.009279602207243443,,2553.570377588272,65.55675005912781
3897,0.010163811035454273,,2554.213032245636,65.56967282295227
3898,0.009842568077147007,,2554.856422662735,65.58260655403137
3899,0.007252911571413279,,2555.4988119602203,65.59555888175964
3900,0.009436366148293018,,2556.140179872513,65.60855031013489
3901,0.009801208041608334,,2556.7829988002777,65.62148976325989
3902,0.009912043809890747,,2557.4249243736267,65.63444924354553
3903,0.008462178520858288,,2558.0663583278656,65.64741396903992
3904,0.007422971539199352,,2558.707571029663,65.66050672531128
3905,0.008628721348941326,,2559.3502995967865,65.67347455024719
3906,0.00701395608484745,,2559.9915630817413,65.6865086555481
3907,0.007602909579873085,,2560.633118867874,65.69947028160095
3908,0.00699663208797574,,2561.27574300766,65.71248602867126
3909,0.00897893588989973,,2561.9171113967896,65.7254695892334
3910,0.007829185575246811,,2562.558660030365,65.73845934867859
3911,0.008986166678369045,,2563.200763940811,65.75144791603088
3912,0.010423620231449604,,2563.8426365852356,65.7644453048706
3913,0.00993950106203556,,2564.4858210086823,65.77741074562073
3914,0.011317884549498558,,2565.1281321048737,65.790372133255
3915,0.011238661594688892,,2566.10936832428,65.80331659317017
3916,0.00984951201826334,,2566.751087665558,65.81624484062195
3917,0.008833193220198154,,2567.393481492996,65.8291985988617
3918,0.00976640172302723,,2568.035611629486,65.84212589263916
3919,0.008721099235117435,,2568.6775076389313,65.85507726669312
3920,0.008409633301198483,,2569.319858312607,65.86802840232849
3921,0.008781323209404945,,2569.9619460105896,65.88100743293762
3922,0.007259923964738846,,2570.6029109954834,65.89394283294678
3923,0.007915801368653774,,2571.2466464042664,65.9068820476532
3924,0.007144120056182146,,2571.8884522914886,65.91983485221863
3925,0.007251668255776167,,2572.529512166977,65.93275737762451
3926,0.0067016058601439,,2573.17041516304,65.9457139968872
3927,0.008705487474799156,,2573.812858581543,65.95868706703186
3928,0.00817467924207449,,2574.4537081718445,65.97161722183228
3929,0.009496595710515976,,2575.095011472702,65.98458647727966
3930,0.008510355837643147,,2575.7366383075714,65.99757838249207
3931,0.008310758508741856,,2576.37823677063,66.0104923248291
3932,0.008002668619155884,,2577.0195729732513,66.02345037460327
3933,0.0076968129724264145,,2577.6623446941376,66.03640103340149
3934,0.007189929019659758,,2578.304745197296,66.04936695098877
3935,0.00783124566078186,,2578.9460167884827,66.06227707862854
3936,0.007724848110228777,,2579.5889983177185,66.07524466514587
3937,0.008290092460811138,,2580.231344461441,66.08815670013428
3938,0.009035615250468254,,2580.87318277359,66.10109949111938
3939,0.006347195710986853,,2581.5162723064423,66.11402988433838
3940,0.008043729700148106,,2582.158808708191,66.12694096565247
3941,0.010392709635198116,,2582.8010392189026,66.13983464241028
3942,0.00991075485944748,,2583.783203601837,66.15280532836914
3943,0.008936523459851742,,2584.425662279129,66.16578340530396
3944,0.007759967353194952,,2585.068698644638,66.17871713638306
3945,0.009896197356283665,,2585.710645198822,66.19167494773865
3946,0.00972443725913763,,2586.3527467250824,66.2046627998352
3947,0.009073681198060513,,2586.994297504425,66.21766996383667
3948,0.008759329095482826,,2587.6350655555725,66.23065829277039
3949,0.008097399026155472,,2588.2776596546173,66.24360942840576
3950,0.008494056761264801,,2588.9181921482086,66.25659608840942
3951,0.00897364690899849,,2589.560191631317,66.26964807510376
3952,0.011073444038629532,,2590.2036957740784,66.28263926506042
3953,0.010627727955579758,,2590.846368789673,66.29566216468811
3954,0.008348366245627403,,2591.4878900051117,66.30861592292786
3955,0.007685184013098478,,2592.1308600902557,66.32156181335449
3956,0.008767801336944103,,2592.771294593811,66.3345000743866
3957,0.010109158232808113,,2593.413524866104,66.34745121002197
3958,0.013452964834868908,,2594.0549454689026,66.36040258407593
3959,0.012592646293342113,,2594.6979501247406,66.37338709831238
3960,0.011082869954407215,,2595.33922791481,66.38630867004395
3961,0.008991887792944908,,2595.9827241897583,66.39930748939514
3962,0.008949517272412777,,2596.625514984131,66.41221165657043
3963,0.009256882593035698,,2597.2679188251495,66.42512679100037
3964,0.0076769073493778706,,2597.90855383873,66.43804883956909
3965,0.007695848122239113,,2598.5492753982544,66.45102953910828
3966,0.006797169800847769,,2599.1908717155457,66.46405363082886
3967,0.006580644752830267,,2599.8332862854004,66.4770405292511
3968,0.006808275822550058,,2600.4765062332153,66.49001479148865
3969,0.007320368196815252,,2601.45804977417,66.50296354293823
3970,0.008538799360394478,,2602.100712299347,66.51590776443481
3971,0.00888329092413187,,2602.7427217960358,66.5288074016571
3972,0.008183770813047886,,2603.3842046260834,66.54179072380066
3973,0.008283134549856186,,2604.025832414627,66.55471873283386
3974,0.007542548235505819,,2604.6684141159058,66.56764912605286
3975,0.007462845649570227,,2605.3098657131195,66.58059906959534
3976,0.006972309201955795,,2605.9521086215973,66.59358501434326
3977,0.007345882244408131,,2606.5938947200775,66.6064784526825
3978,0.007988072000443935,,2607.235203266144,66.61938166618347
3979,0.0065550487488508224,,2607.877086162567,66.63229966163635
3980,0.007556021213531494,,2608.5186314582825,66.64522862434387
3981,0.007957576774060726,,2609.1611688137054,66.6582281589508
3982,0.007948949933052063,,2609.8035204410553,66.67112302780151
3983,0.008413257077336311,,2610.445033788681,66.68405747413635
3984,0.00824318639934063,,2611.087867498398,66.6969621181488
3985,0.007518678903579712,,2611.7307093143463,66.70989036560059
3986,0.00888129509985447,,2612.37256526947,66.72289872169495
3987,0.007311468478292227,,2613.0134661197662,66.73582768440247
3988,0.006620182190090418,,2613.6552131175995,66.748770236969
3989,0.007417942862957716,,2614.2990119457245,66.76173710823059
3990,0.007026256062090397,,2614.9406263828278,66.77469325065613
3991,0.007637334056198597,,2615.582605600357,66.78758883476257
3992,0.006784115452319384,,2616.223928451538,66.80055046081543
3993,0.006808808073401451,,2616.867115497589,66.81344270706177
3994,0.006629793904721737,,2617.5102672576904,66.82639765739441
3995,0.008086958900094032,,2618.1526992321014,66.83931732177734
3996,0.007203076500445604,,2619.1341178417206,66.85230469703674
3997,0.007159451954066753,,2619.776725292206,66.86535024642944
3998,0.00860073696821928,,2620.4188706874847,66.87835025787354
3999,0.011040224693715572,,2621.060384750366,66.89137005805969
4000,0.011690756306052208,0.004454211797565222,2621.7012910842896,68.77948069572449
4001,0.009478062391281128,,2622.344137430191,68.79244136810303
4002,0.009384666569530964,,2622.985531568527,68.8054313659668
4003,0.008954613469541073,,2623.6282992362976,68.81837272644043
4004,0.008225920610129833,,2624.270835876465,68.8313980102539
4005,0.007718699052929878,,2624.9122047424316,68.84432244300842
4006,0.007985742762684822,,2625.554589986801,68.85726022720337
4007,0.007369276601821184,,2626.196140766144,68.87022280693054
4008,0.008440572768449783,,2626.837262392044,68.88315844535828
4009,0.007635948713868856,,2627.4784054756165,68.89608454704285
4010,0.008088348433375359,,2628.120570898056,68.90900373458862
4011,0.008134367875754833,,2628.7622101306915,68.92193031311035
4012,0.008280462585389614,,2629.4044275283813,68.93484234809875
4013,0.009554660879075527,,2630.046682357788,68.94776749610901
4014,0.008610212244093418,,2630.68745136261,68.96066856384277
4015,0.00885786022990942,,2631.330122947693,68.97361540794373
4016,0.008922583423554897,,2631.972322702408,68.98656821250916
4017,0.008190632797777653,,2632.6152267456055,68.99950504302979
4018,0.009009036235511303,,2633.2566590309143,69.01241064071655
4019,0.009774756617844105,,2633.897723674774,69.02532935142517
4020,0.008935601450502872,,2634.540637254715,69.03830695152283
4021,0.008672238327562809,,2635.1829059123993,69.05132699012756
4022,0.008287312462925911,,2635.824546098709,69.06424593925476
4023,0.007678351365029812,,2636.805775642395,69.07726049423218
4024,0.007985840551555157,,2637.44868016243,69.09022688865662
4025,0.007684003561735153,,2638.0904910564423,69.1032567024231
4026,0.008519679307937622,,2638.731143951416,69.11622309684753
4027,0.007333164103329182,,2639.3722994327545,69.12922286987305
4028,0.007886417210102081,,2640.014436006546,69.14223146438599
4029,0.007800209801644087,,2640.6577458381653,69.15522956848145
4030,0.008104265667498112,,2641.3001766204834,69.16818928718567
4031,0.007468163501471281,,2641.941600561142,69.1811888217926
4032,0.008274563588202,,2642.5830252170563,69.19413661956787
4033,0.007963728159666061,,2643.2262699604034,69.20707488059998
4034,0.006857085041701794,,2643.8700366020203,69.2200493812561
4035,0.0075961207039654255,,2644.5120282173157,69.23302030563354
4036,0.008395817130804062,,2645.153429031372,69.24599242210388
4037,0.00693531334400177,,2645.7966270446777,69.25907301902771
4038,0.007407446391880512,,2646.4386134147644,69.27202010154724
4039,0.006632998585700989,,2647.0799703598022,69.28500318527222
4040,0.0065164933912456036,,2647.7208042144775,69.29798293113708
4041,0.00697664637118578,,2648.3640990257263,69.31101679801941
4042,0.00728901382535696,,2649.0049307346344,69.32400321960449
4043,0.007129422854632139,,2649.6462137699127,69.33698725700378
4044,0.008802673779428005,,2650.2879824638367,69.34995293617249
4045,0.009647979401051998,,2650.929407119751,69.36297178268433
4046,0.010695208795368671,,2651.5721917152405,69.37593603134155
4047,0.009948537684977055,,2652.2155499458313,69.38888144493103
4048,0.008279063738882542,,2652.85768198967,69.40180969238281
4049,0.00705748749896884,,2653.499925136566,69.41476345062256
4050,0.006428185384720564,,2654.4791855812073,69.42772245407104
4051,0.006539601366966963,,2655.120355129242,69.44062161445618
4052,0.007333577144891024,,2655.760758638382,69.45356297492981
4053,0.008441406302154064,,2656.4030957221985,69.46652221679688
4054,0.007860695011913776,,2657.0448293685913,69.47942066192627
4055,0.008006829768419266,,2657.6869633197784,69.49240779876709
4056,0.008891243487596512,,2658.3285858631134,69.50533843040466
4057,0.007402497809380293,,2658.971259832382,69.51831293106079
4058,0.008036359213292599,,2659.6123657226562,69.531245470047
4059,0.006478022318333387,,2660.253566503525,69.54420518875122
4060,0.0055958181619644165,,2660.89644575119,69.55716395378113
4061,0.005543829873204231,,2661.537656068802,69.5701048374176
4062,0.005580670200288296,,2662.179704427719,69.58302330970764
4063,0.006452194415032864,,2662.821626186371,69.59599375724792
4064,0.008022543974220753,,2663.4626865386963,69.60898923873901
4065,0.00847684871405363,,2664.1038558483124,69.62200212478638
4066,0.00956619530916214,,2664.7453215122223,69.63502764701843
4067,0.010575646534562111,,2665.3880071640015,69.64803314208984
4068,0.009335045702755451,,2666.0316865444183,69.66098952293396
4069,0.007538604084402323,,2666.6738727092743,69.67402219772339
4070,0.007031280547380447,,2667.3163208961487,69.68699407577515
4071,0.007469051517546177,,2667.9587683677673,69.70001745223999
4072,0.006062782369554043,,2668.6013100147247,69.71308207511902
4073,0.006011477205902338,,2669.243967294693,69.72603511810303
4074,0.006062109488993883,,2669.885978937149,69.73904466629028
4075,0.006716304924339056,,2670.5287625789642,69.75201320648193
4076,0.00704013928771019,,2671.1699979305267,69.76498579978943
4077,0.006184377707540989,,2672.1493701934814,69.77799248695374
4078,0.005752818658947945,,2672.791179418564,69.79095578193665
4079,0.007030084263533354,,2673.432682991028,69.80393958091736
4080,0.005268617533147335,,2674.074873685837,69.81689977645874
4081,0.005385026801377535,,2674.7170028686523,69.82984805107117
4082,0.0063034468330442905,,2675.3580162525177,69.84279108047485
4083,0.007315199822187424,,2675.9996292591095,69.85579681396484
4084,0.007823720574378967,,2676.6414206027985,69.86876130104065
4085,0.01029678899794817,,2677.284145116806,69.88174724578857
4086,0.009783858433365822,,2677.9263734817505,69.89466905593872
4087,0.00833349209278822,,2678.568383216858,69.90761017799377
4088,0.008272189646959305,,2679.2091886997223,69.92064452171326
4089,0.008397591300308704,,2679.850345849991,69.93364262580872
4090,0.00816878117620945,,2680.494193792343,69.94661045074463
4091,0.007733169011771679,,2681.1370697021484,69.95961856842041
4092,0.006823447532951832,,2681.779477596283,69.97257924079895
4093,0.007040274329483509,,2682.422282934189,69.98558044433594
4094,0.008228311315178871,,2683.0638222694397,69.99859046936035
4095,0.00793419685214758,,2683.7063388824463,70.01156663894653
4096,0.0060825957916677,,2684.348987340927,70.02451062202454
4097,0.0083062294870615,,2684.990827560425,70.03754425048828
4098,0.00862294714897871,,2685.632171392441,70.0504982471466
4099,0.009830204769968987,,2686.2757003307343,70.06347322463989
4100,0.008588757365942001,,2686.9188134670258,70.07643032073975
4101,0.008956332691013813,,2687.5626769065857,70.08945035934448
4102,0.006821793969720602,,2688.203640460968,70.10243630409241
4103,0.007366999518126249,,2688.8463656902313,70.1154453754425
4104,0.009017540141940117,,2689.8279101848602,70.12842226028442
4105,0.00853162445127964,,2690.4711191654205,70.141366481781
4106,0.009267750196158886,,2691.112493991852,70.15427613258362
4107,0.009120270609855652,,2691.7540163993835,70.16716432571411
4108,0.006354176439344883,,2692.399690389633,70.18011450767517
4109,0.006083773449063301,,2693.041030883789,70.19305658340454
4110,0.006732672918587923,,2693.682764530182,70.20599722862244
4111,0.006188049912452698,,2694.3253304958344,70.21895670890808
4112,0.005384373478591442,,2694.967344760895,70.23190546035767
4113,0.005460498854517937,,2695.6096272468567,70.24481773376465
4114,0.007036231458187103,,2696.2512316703796,70.25773620605469
4115,0.007582732010632753,,2696.8930518627167,70.27068948745728
4116,0.007318535819649696,,2697.533688545227,70.28364729881287
4117,0.00746931554749608,,2698.1766431331635,70.2966251373291
4118,0.007968831807374954,,2698.8190038204193,70.3095760345459
4119,0.008253675885498524,,2699.4609706401825,70.32253527641296
4120,0.006746501661837101,,2700.1023433208466,70.33551120758057
4121,0.0075713396072387695,,2700.744556903839,70.34852910041809
4122,0.006713995710015297,,2701.3879194259644,70.36149835586548
4123,0.005918972659856081,,2702.0310337543488,70.37446403503418
4124,0.00575783709064126,,2702.6718146800995,70.38746047019958
4125,0.005619943141937256,,2703.3142235279083,70.40043830871582
4126,0.005704145412892103,,2703.9558448791504,70.41348648071289
4127,0.006598779000341892,,2704.5974802970886,70.42647814750671
4128,0.0076537602581083775,,2705.23956155777,70.43946242332458
4129,0.008471457287669182,,2705.8814911842346,70.45245814323425
4130,0.009038344956934452,,2706.522704601288,70.46546149253845
4131,0.007870882749557495,,2707.504494667053,70.47842621803284
4132,0.007099630776792765,,2708.1474599838257,70.49135255813599
4133,0.007004655431956053,,2708.7912924289703,70.50430631637573
4134,0.00787685438990593,,2709.4323914051056,70.5172336101532
4135,0.00865449383854866,,2710.074474811554,70.53025341033936
4136,0.00770909059792757,,2710.7158937454224,70.54326272010803
4137,0.007010289933532476,,2711.3577919006348,70.5562469959259
4138,0.008221114054322243,,2711.999894142151,70.56917881965637
4139,0.007154784165322781,,2712.642864704132,70.5820837020874
4140,0.007076915819197893,,2713.284505844116,70.59497666358948
4141,0.007912000641226768,,2713.925868988037,70.6079044342041
4142,0.006905367132276297,,2714.5679049491882,70.62083268165588
4143,0.006532651837915182,,2715.209570169449,70.63377094268799
4144,0.006816530134528875,,2715.8521831035614,70.64667081832886
4145,0.006601763889193535,,2716.492983818054,70.65958046913147
4146,0.0069962055422365665,,2717.1347484588623,70.67250633239746
4147,0.005481542553752661,,2717.776463508606,70.68543195724487
4148,0.006330573000013828,,2718.4177300930023,70.6983995437622
4149,0.005620347335934639,,2719.0587661266327,70.71135091781616
4150,0.007052980363368988,,2719.700883626938,70.72424292564392
4151,0.007410529535263777,,2720.3437736034393,70.73721385002136
4152,0.009237800724804401,,2720.985269546509,70.75015187263489
4153,0.00808330625295639,,2721.6273276805878,70.76308703422546
4154,0.008570973761379719,,2722.26837849617,70.77601027488708
4155,0.007826825603842735,,2722.911209821701,70.78895139694214
4156,0.007184736896306276,,2723.5522129535675,70.80189561843872
4157,0.00599304074421525,,2724.1934723854065,70.81483054161072
4158,0.006106450688093901,,2725.1739859580994,70.82776689529419
4159,0.005512276664376259,,2725.8164064884186,70.84080576896667
4160,0.0053857723250985146,,2726.458205461502,70.85378956794739
4161,0.006217548158019781,,2727.099264383316,70.86676549911499
4162,0.006503854878246784,,2727.7397429943085,70.87975120544434
4163,0.006585903000086546,,2728.381425142288,70.8927071094513
4164,0.005396763328462839,,2729.0241408348083,70.90564060211182
4165,0.005644585937261581,,2729.6660232543945,70.91862344741821
4166,0.006173295434564352,,2730.307039499283,70.93161869049072
4167,0.006122224498540163,,2730.9487092494965,70.94458746910095
4168,0.0059540048241615295,,2731.590812444687,70.95754909515381
4169,0.005849096924066544,,2732.232008934021,70.97049474716187
4170,0.007131335325539112,,2732.873017311096,70.98343014717102
4171,0.00811837799847126,,2733.5164756774902,70.99636578559875
4172,0.009567522443830967,,2734.1572971343994,71.00930309295654
4173,0.009769462049007416,,2734.799707174301,71.0222578048706
4174,0.008469682186841965,,2735.441011428833,71.03517603874207
4175,0.00765907671302557,,2736.083464384079,71.04811525344849
4176,0.008090886287391186,,2736.724884033203,71.06102538108826
4177,0.00782346073538065,,2737.366253376007,71.07393264770508
4178,0.006819768343120813,,2738.0085155963898,71.0869493484497
4179,0.008137473836541176,,2738.6515250205994,71.09996700286865
4180,0.008941593579947948,,2739.29310131073,71.11297917366028
4181,0.007302476093173027,,2739.93461894989,71.12595582008362
4182,0.007352835964411497,,2740.578310251236,71.13899183273315
4183,0.005658433772623539,,2741.2197411060333,71.15195798873901
4184,0.006814356427639723,,2741.8610532283783,71.16491651535034
4185,0.006350201554596424,,2742.8441495895386,71.17791295051575
4186,0.006780294701457024,,2743.4855246543884,71.19091391563416
4187,0.007122490089386702,,2744.1270051002502,71.20392870903015
4188,0.0061684949323534966,,2744.7681963443756,71.21694254875183
4189,0.005823812913149595,,2745.4103832244873,71.22994136810303
4190,0.007890813052654266,,2746.0517098903656,71.24293160438538
4191,0.008380542509257793,,2746.6941578388214,71.25588798522949
4192,0.006894947029650211,,2747.3356778621674,71.26891016960144
4193,0.006718542892485857,,2747.9786598682404,71.28185987472534
4194,0.005539076402783394,,2748.6206924915314,71.29475426673889
4195,0.00583597831428051,,2749.2632863521576,71.30771732330322
4196,0.0076470994390547276,,2749.9053156375885,71.3206615447998
4197,0.007612308021634817,,2750.5472259521484,71.33366680145264
4198,0.008980246260762215,,2751.188990354538,71.34657979011536
4199,0.00697322515770793,,2751.8303756713867,71.35958361625671
4200,0.007888330146670341,,2752.4717557430267,71.37250828742981
4201,0.007173753343522549,,2753.114741563797,71.38549470901489
4202,0.00678599439561367,,2753.75674200058,71.39849376678467
4203,0.006860112771391869,,2754.3995547294617,71.41147494316101
4204,0.007106584496796131,,2755.041827917099,71.42447710037231
4205,0.007245942484587431,,2755.6829793453217,71.43741726875305
4206,0.0069035631604492664,,2756.3249740600586,71.4503321647644
4207,0.005968221928924322,,2756.9660880565643,71.46327877044678
4208,0.005930118728429079,,2757.6076984405518,71.47625660896301
4209,0.006199073977768421,,2758.251042366028,71.48925065994263
4210,0.006454176735132933,,2758.8928349018097,71.5022075176239
4211,0.007124159950762987,,2759.534883737564,71.51517510414124
4212,0.0070286765694618225,,2760.514048099518,71.5280864238739
4213,0.009041176177561283,,2761.1572375297546,71.54100608825684
4214,0.008190167136490345,,2761.79784655571,71.55394697189331
4215,0.008678731508553028,,2762.441504240036,71.5669572353363
4216,0.008238453418016434,,2763.0826375484467,71.57994866371155
4217,0.007997432723641396,,2763.724474668503,71.5929627418518
4218,0.00784379430115223,,2764.366329908371,71.60592913627625
4219,0.00851945485919714,,2765.008953332901,71.6189353466034
4220,0.009042019955813885,,2765.6510009765625,71.63191962242126
4221,0.009056242182850838,,2766.2933979034424,71.64492058753967
4222,0.008966297842562199,,2766.9341909885406,71.65784573554993
4223,0.007701934315264225,,2767.576300382614,71.67076992988586
4224,0.007953283376991749,,2768.2181899547577,71.6837158203125
4225,0.006441171281039715,,2768.860321998596,71.69669008255005
4226,0.006911688018590212,,2769.501941204071,71.70969009399414
4227,0.005795096978545189,,2770.143788576126,71.72265982627869
4228,0.005887058563530445,,2770.784921646118,71.73560094833374
4229,0.006035756319761276,,2771.426692724228,71.74856567382812
4230,0.005849152337759733,,2772.067798137665,71.76146268844604
4231,0.006210682913661003,,2772.710141658783,71.77440118789673
4232,0.005781607702374458,,2773.3528332710266,71.78735661506653
4233,0.006062718573957682,,2773.9959976673126,71.80029058456421
4234,0.005824654828757048,,2774.6388642787933,71.81326174736023
4235,0.00641421414911747,,2775.28147816658,71.82620859146118
4236,0.005847192835062742,,2775.9224967956543,71.83913540840149
4237,0.006182437762618065,,2776.5639929771423,71.85211157798767
4238,0.009845801629126072,,2777.206161737442,71.86500692367554
4239,0.009257950820028782,,2778.1883335113525,71.87793374061584
4240,0.00908686127513647,,2778.8310046195984,71.8909764289856
4241,0.010364769957959652,,2779.473608970642,71.90392112731934
4242,0.01052037812769413,,2780.1168315410614,71.91692686080933
4243,0.008553946390748024,,2780.7590041160583,71.92991542816162
4244,0.010492129251360893,,2781.4005270004272,71.94284749031067
4245,0.010301610454916954,,2782.044130086899,71.95590567588806
4246,0.008619890548288822,,2782.687408685684,71.96886610984802
4247,0.00836784578859806,,2783.3295328617096,71.98186540603638
4248,0.00943355355411768,,2783.971895456314,71.99480819702148
4249,0.008713405579328537,,2784.6156146526337,72.00778603553772
4250,0.007485427428036928,,2785.257766008377,72.0207748413086
4251,0.007501829415559769,,2785.899925470352,72.03372597694397
4252,0.007328851614147425,,2786.5422146320343,72.04670143127441
4253,0.006308762822300196,,2787.1853387355804,72.05967378616333
4254,0.007380021270364523,,2787.827267885208,72.07268333435059
4255,0.00835187267512083,,2788.470118522644,72.08563923835754
4256,0.008668150752782822,,2789.113168478012,72.09861660003662
4257,0.009136001579463482,,2789.7552943229675,72.11162948608398
4258,0.010201111435890198,,2790.397425174713,72.1246087551117
4259,0.008299436420202255,,2791.0402522087097,72.13755321502686
4260,0.009475002065300941,,2791.6826717853546,72.15051698684692
4261,0.0096455542370677,,2792.324645280838,72.16346621513367
4262,0.00809765886515379,,2792.968102455139,72.17646145820618
4263,0.00748105812817812,,2793.609847307205,72.18947410583496
4264,0.006044925656169653,,2794.2509667873383,72.20244359970093
4265,0.006201077718287706,,2794.8943326473236,72.21544981002808
4266,0.0058084274642169476,,2795.8752138614655,72.22838068008423
4267,0.006299569737166166,,2796.5177340507507,72.24136805534363
4268,0.0066680614836514,,2797.160103082657,72.25430655479431
4269,0.006912419572472572,,2797.8017728328705,72.26721382141113
4270,0.006514240521937609,,2798.4435296058655,72.28017687797546
4271,0.0077758245170116425,,2799.086588859558,72.29310202598572
4272,0.006910265889018774,,2799.7312200069427,72.30603790283203
4273,0.006768547464162111,,2800.3741722106934,72.31898617744446
4274,0.006121492478996515,,2801.015772342682,72.33191704750061
4275,0.005827303510159254,,2801.6589674949646,72.34484314918518
4276,0.006633981596678495,,2802.300037622452,72.35784816741943
4277,0.006827618461102247,,2802.941919326782,72.3707914352417
4278,0.007665033917874098,,2803.583549261093,72.38375043869019
4279,0.009196658618748188,,2804.225737094879,72.39671444892883
4280,0.008588895201683044,,2804.8676245212555,72.40968298912048
4281,0.009983538649976254,,2805.509528160095,72.42279505729675
4282,0.009216642938554287,,2806.1529083251953,72.43574619293213
4283,0.009236644022166729,,2806.795261859894,72.44869613647461
4284,0.00828374270349741,,2807.436900615692,72.46170783042908
4285,0.007722804322838783,,2808.0797855854034,72.47469902038574
4286,0.007960201241075993,,2808.7221055030823,72.48770117759705
4287,0.006920273881405592,,2809.3639550209045,72.50061750411987
4288,0.006388145964592695,,2810.006538629532,72.51359581947327
4289,0.006962141487747431,,2810.648519039154,72.526531457901
4290,0.006487464997917414,,2811.290843963623,72.5395176410675
4291,0.007513921242207289,,2811.932671070099,72.55254316329956
4292,0.008080368861556053,,2812.576634168625,72.56552577018738
4293,0.008373726159334183,,2813.557707309723,72.57849144935608
4294,0.007151384372264147,,2814.1997153759003,72.59148716926575
4295,0.006725369021296501,,2814.8413467407227,72.60441446304321
4296,0.007804288528859615,,2815.482779979706,72.61739230155945
4297,0.008394979871809483,,2816.1247737407684,72.63033127784729
4298,0.006994227878749371,,2816.767454624176,72.64329051971436
4299,0.007197893690317869,,2817.4118535518646,72.6562283039093
4300,0.007300280965864658,,2818.053960800171,72.66921591758728
4301,0.007007773499935865,,2818.6954052448273,72.68217396736145
4302,0.007246030028909445,,2819.3379034996033,72.69509935379028
4303,0.008359096944332123,,2819.9801728725433,72.70807266235352
4304,0.008598163723945618,,2820.6213743686676,72.72102236747742
4305,0.009084610268473625,,2821.262716293335,72.73399257659912
4306,0.009367913007736206,,2821.9072086811066,72.74696564674377
4307,0.008301349356770515,,2822.549531698227,72.76015257835388
4308,0.008992050774395466,,2823.191316843033,72.77313876152039
4309,0.010923468507826328,,2823.8332438468933,72.78614258766174
4310,0.009024904109537601,,2824.474742412567,72.7990653514862
4311,0.007901273667812347,,2825.1162781715393,72.81203079223633
4312,0.006859487853944302,,2825.758423089981,72.82499384880066
4313,0.008205270394682884,,2826.4009006023407,72.83794856071472
4314,0.008738572709262371,,2827.044693470001,72.85090136528015
4315,0.009357071481645107,,2827.6863889694214,72.86383891105652
4316,0.009645890444517136,,2828.3284883499146,72.87682962417603
4317,0.007604148704558611,,2828.971270799637,72.88984227180481
4318,0.006939288228750229,,2829.6134650707245,72.90283274650574
4319,0.007107056211680174,,2830.25528883934,72.9158353805542
4320,0.006377701181918383,,2831.238532304764,72.92877388000488
4321,0.006266717799007893,,2831.880578517914,72.94169020652771
4322,0.006342560518532991,,2832.522548675537,72.95463633537292
4323,0.007120565976947546,,2833.1638917922974,72.96777296066284
4324,0.006319375708699226,,2833.8060371875763,72.980721950531
4325,0.006605536211282015,,2834.4481847286224,72.99386668205261
4326,0.007537975441664457,,2835.089205980301,73.00681376457214
4327,0.007291462738066912,,2835.730831384659,73.0197012424469
4328,0.006233661901205778,,2836.372787952423,73.03264927864075
4329,0.006197357550263405,,2837.0139772892,73.0456337928772
4330,0.0070594968274235725,,2837.6575672626495,73.05860710144043
4331,0.008700130507349968,,2838.3003301620483,73.07158827781677
4332,0.007863905280828476,,2838.9427042007446,73.0845718383789
4333,0.009272512048482895,,2839.585634946823,73.09754276275635
4334,0.008124333806335926,,2840.227761030197,73.11052536964417
4335,0.008499687537550926,,2840.870182991028,73.12343072891235
4336,0.007674329448491335,,2841.5122566223145,73.13642072677612
4337,0.008185571059584618,,2842.154798269272,73.14938116073608
4338,0.007751531433314085,,2842.796125650406,73.16236662864685
4339,0.008182130753993988,,2843.4396789073944,73.17533206939697
4340,0.008778033778071404,,2844.082185983658,73.18830251693726
4341,0.009696445427834988,,2844.7263491153717,73.20125246047974
4342,0.00938341673463583,,2845.3675966262817,73.21419596672058
4343,0.009306373074650764,,2846.0104768276215,73.22715997695923
4344,0.008518403396010399,,2846.652377843857,73.24017667770386
4345,0.008367476984858513,,2847.2948820590973,73.25314998626709
4346,0.008301986381411552,,2847.9359879493713,73.26616191864014
4347,0.008797216229140759,,2848.9181723594666,73.27906346321106
4348,0.0075772590935230255,,2849.5597183704376,73.29201412200928
4349,0.007103527430444956,,2850.2017724514008,73.30495023727417
4350,0.007223730441182852,,2850.843012571335,73.31791996955872
4351,0.0065667396411299706,,2851.485589027405,73.33088970184326
4352,0.007801257073879242,,2852.12780046463,73.34378457069397
4353,0.0073923105373978615,,2852.7693390846252,73.35674810409546
4354,0.007880173623561859,,2853.4107644557953,73.36964583396912
4355,0.0068415626883506775,,2854.052656650543,73.38262891769409
4356,0.00706110056489706,,2854.694892883301,73.39558243751526
4357,0.0072990464977920055,,2855.335850954056,73.40850186347961
4358,0.007293290924280882,,2855.977431535721,73.42146039009094
4359,0.008023631758987904,,2856.6193385124207,73.4343991279602
4360,0.007856536656618118,,2857.260798215866,73.4473729133606
4361,0.007867473177611828,,2857.902577161789,73.4603099822998
4362,0.009721359238028526,,2858.5452506542206,73.47322392463684
4363,0.009064831770956516,,2859.1871359348297,73.4862232208252
4364,0.009024226106703281,,2859.82870054245,73.49916458129883
4365,0.008247338235378265,,2860.4720063209534,73.51213526725769
4366,0.008228248916566372,,2861.1150481700897,73.52505397796631
4367,0.007946974597871304,,2861.7576248645782,73.5380847454071
4368,0.0091409245505929,,2862.3996002674103,73.55105566978455
4369,0.008052575401961803,,2863.041690826416,73.56404781341553
4370,0.008723513223230839,,2863.6844046115875,73.576975107193
4371,0.00984705425798893,,2864.326434612274,73.58997368812561
4372,0.010501570999622345,,2864.968042373657,73.60294079780579
4373,0.009528801776468754,,2865.60994887352,73.61589670181274
4374,0.007388977333903313,,2866.5913429260254,73.62889003753662
4375,0.00846044160425663,,2867.2344484329224,73.64184308052063
4376,0.007381741888821125,,2867.876594543457,73.654789686203
4377,0.007635747082531452,,2868.5191326141357,73.66777515411377
4378,0.007275995332747698,,2869.1605954170227,73.68073654174805
4379,0.006646325811743736,,2869.8039104938507,73.69374632835388
4380,0.007820050232112408,,2870.4449846744537,73.70672082901001
4381,0.009477145969867706,,2871.0878171920776,73.71977877616882
4382,0.009161308407783508,,2871.7284541130066,73.73269057273865
4383,0.009803541004657745,,2872.371728181839,73.74564480781555
4384,0.009128058329224586,,2873.0155827999115,73.7585837841034
4385,0.008341891691088676,,2873.658329963684,73.77149224281311
4386,0.007311549969017506,,2874.2996344566345,73.78444147109985
4387,0.007924885489046574,,2874.9418861865997,73.79741597175598
4388,0.008814391680061817,,2875.584399700165,73.81035947799683
4389,0.007210013922303915,,2876.225479364395,73.82333660125732
4390,0.008340389467775822,,2876.8673770427704,73.83623242378235
4391,0.006867443211376667,,2877.5097177028656,73.84919095039368
4392,0.007828278467059135,,2878.1506774425507,73.86213517189026
4393,0.007087079808115959,,2878.793238401413,73.87508869171143
4394,0.007244287058711052,,2879.434062719345,73.88802433013916
4395,0.007790674921125174,,2880.0759217739105,73.90096592903137
4396,0.008752766996622086,,2880.717551469803,73.91393780708313
4397,0.010318368673324585,,2881.361247062683,73.92698240280151
4398,0.010744113475084305,,2882.0030291080475,73.9399003982544
4399,0.008928339928388596,,2882.6464223861694,73.95282030105591
4400,0.008490425534546375,,2883.2876756191254,73.96574854850769
4401,0.007491691969335079,,2884.272891521454,73.97865533828735
4402,0.007215292192995548,,2884.91596865654,73.99164056777954
4403,0.007917316630482674,,2885.5582184791565,74.0045964717865
4404,0.008001855574548244,,2886.1999564170837,74.01756834983826
4405,0.007618449162691832,,2886.8434977531433,74.03061532974243
4406,0.009336177259683609,,2887.4844975471497,74.04363632202148
4407,0.008939203806221485,,2888.1264810562134,74.05661869049072
4408,0.008371644653379917,,2888.7676434516907,74.06961250305176
4409,0.007657867856323719,,2889.4096965789795,74.08257102966309
4410,0.007268979679793119,,2890.0520417690277,74.09554600715637
4411,0.007273685187101364,,2890.6942813396454,74.10854244232178
4412,0.007675791624933481,,2891.3386721611023,74.12149429321289
4413,0.008519004099071026,,2891.9808127880096,74.13447833061218
4414,0.009019068442285061,,2892.6233038902283,74.14746689796448
4415,0.008511532098054886,,2893.2667694091797,74.16046285629272
4416,0.008850046433508396,,2893.9081785678864,74.17342972755432
4417,0.008098064921796322,,2894.550621986389,74.18639254570007
4418,0.008458533324301243,,2895.192314147949,74.19943952560425
4419,0.008320904336869717,,2895.8342940807343,74.21238851547241
4420,0.0068433573469519615,,2896.476646900177,74.22533106803894
4421,0.0081214290112257,,2897.1193566322327,74.23824143409729
4422,0.007517206482589245,,2897.7621400356293,74.25121831893921
4423,0.007998584769666195,,2898.4058825969696,74.26412796974182
4424,0.007473179139196873,,2899.0466697216034,74.27717232704163
4425,0.007905022241175175,,2899.6890432834625,74.29014992713928
4426,0.0085248788818717,,2900.330607175827,74.30310368537903
4427,0.008950585499405861,,2900.9726178646088,74.31604409217834
4428,0.008210075087845325,,2901.951887845993,74.32906293869019
4429,0.007672911509871483,,2902.5948779582977,74.34206128120422
4430,0.007563469931483269,,2903.2367038726807,74.35495781898499
4431,0.007804717868566513,,2903.8792519569397,74.3679301738739
4432,0.009156910702586174,,2904.521121263504,74.38086247444153
4433,0.008528654463589191,,2905.16259264946,74.39386320114136
4434,0.00960534531623125,,2905.8047461509705,74.40687608718872
4435,0.008608974516391754,,2906.446274995804,74.41980409622192
4436,0.007526765111833811,,2907.088058233261,74.43276786804199
4437,0.00775048928335309,,2907.730054140091,74.44572043418884
4438,0.00796413328498602,,2908.371431350708,74.45870614051819
4439,0.009016410447657108,,2909.013505458832,74.4716329574585
4440,0.00759691558778286,,2909.6558253765106,74.48461151123047
4441,0.007186314556747675,,2910.299131631851,74.49761939048767
4442,0.0065976707264781,,2910.9409925937653,74.51052594184875
4443,0.007774743717163801,,2911.5838470458984,74.52346420288086
4444,0.007432153448462486,,2912.226645231247,74.53639388084412
4445,0.0064688799902796745,,2912.8695800304413,74.54932975769043
4446,0.0070789409801363945,,2913.5131537914276,74.56232023239136
4447,0.0087158577516675,,2914.1544704437256,74.57530689239502
4448,0.008779406547546387,,2914.7978382110596,74.58824157714844
4449,0.007196588907390833,,2915.4405891895294,74.60117840766907
4450,0.008210108615458012,,2916.0815143585205,74.6141095161438
4451,0.008482962846755981,,2916.7253592014313,74.62714004516602
4452,0.008593504317104816,,2917.3673853874207,74.64009094238281
4453,0.008137349039316177,,2918.010633945465,74.65306448936462
4454,0.006929266732186079,,2918.6523814201355,74.6659746170044
4455,0.007271172478795052,,2919.6343324184418,74.67892026901245
4456,0.0063256085850298405,,2920.2778804302216,74.69189286231995
4457,0.007955060340464115,,2920.92023062706,74.7048704624176
4458,0.008091934025287628,,2921.5633080005646,74.71783208847046
4459,0.007917619310319424,,2922.2058687210083,74.73087787628174
4460,0.007645186968147755,,2922.848130941391,74.74384427070618
4461,0.007929115556180477,,2923.4930713176727,74.75681209564209
4462,0.008560358546674252,,2924.1348180770874,74.76982355117798
4463,0.00794814433902502,,2924.776837348938,74.78280544281006
4464,0.006890318356454372,,2925.4199090003967,74.79579210281372
4465,0.006544552743434906,,2926.0635986328125,74.80876016616821
4466,0.007584634702652693,,2926.706202030182,74.82179498672485
4467,0.007184668909758329,,2927.350218296051,74.83480453491211
4468,0.008149140514433384,,2927.993270635605,74.84780073165894
4469,0.008110704831779003,,2928.6361615657806,74.86082148551941
4470,0.009571841917932034,,2929.2778310775757,74.87382936477661
4471,0.0091632641851902,,2929.9203822612762,74.88679242134094
4472,0.009288611821830273,,2930.5662639141083,74.89973568916321
4473,0.00673340167850256,,2931.208235502243,74.9127459526062
4474,0.00658589880913496,,2931.8503160476685,74.9257583618164
4475,0.0063215396367013454,,2932.4931783676147,74.9387366771698
4476,0.006539204157888889,,2933.135863304138,74.95168018341064
4477,0.00680025527253747,,2933.778464078903,74.96465039253235
4478,0.0070995548740029335,,2934.420300245285,74.97762274742126
4479,0.0075644985772669315,,2935.065263271332,74.99056458473206
4480,0.007565599400550127,,2935.7074654102325,75.00352668762207
4481,0.00735630514100194,,2936.350606203079,75.01656341552734
4482,0.007259052712470293,,2937.331223487854,75.02953100204468
4483,0.007824886590242386,,2937.9744396209717,75.04253768920898
4484,0.006963173393160105,,2938.6162016391754,75.05548453330994
4485,0.0062961336225271225,,2939.258469104767,75.06839489936829
4486,0.007876740768551826,,2939.9008181095123,75.08137130737305
4487,0.007635868154466152,,2940.5423753261566,75.09428262710571
4488,0.007645565550774336,,2941.1858801841736,75.10725212097168
4489,0.007587203290313482,,2941.8270540237427,75.1202666759491
4490,0.008359218016266823,,2942.470850944519,75.13323473930359
4491,0.007187251467257738,,2943.1131777763367,75.14624834060669
4492,0.008318308740854263,,2943.7551822662354,75.15923309326172
4493,0.0067685674875974655,,2944.3969848155975,75.17217373847961
4494,0.006647694855928421,,2945.0389246940613,75.18511891365051
4495,0.007038834039121866,,2945.681132555008,75.19815969467163
4496,0.007500351872295141,,2946.324000597,75.21108794212341
4497,0.0073432051576673985,,2946.9663763046265,75.22408866882324
4498,0.007938365451991558,,2947.610093832016,75.23704934120178
4499,0.007102771662175655,,2948.252333164215,75.2500467300415
4500,0.007458931300789118,0.004251213278621435,2948.895141363144,77.13752508163452
4501,0.006270990241318941,,2949.5370557308197,77.15052914619446
4502,0.006990940775722265,,2950.1788704395294,77.16347742080688
4503,0.007235001306980848,,2950.8211040496826,77.17650818824768
4504,0.0067979819141328335,,2951.4630777835846,77.18946552276611
4505,0.006665609776973724,,2952.105306863785,77.20240879058838
4506,0.006955014541745186,,2952.7494106292725,77.21532726287842
4507,0.006760829593986273,,2953.39217209816,77.22834825515747
4508,0.007733969017863274,,2954.0362482070923,77.24126815795898
4509,0.008273865096271038,,2955.0173995494843,77.25419640541077
4510,0.009070846252143383,,2955.6607916355133,77.26710271835327
4511,0.009149960242211819,,2956.303580760956,77.28002619743347
4512,0.00886299554258585,,2956.945464372635,77.29292678833008
4513,0.008558753877878189,,2957.5888047218323,77.30588722229004
4514,0.0077693951316177845,,2958.2315945625305,77.31879043579102
4515,0.008293848484754562,,2958.8737287521362,77.331796169281
4516,0.009229449555277824,,2959.5172834396362,77.34476590156555
4517,0.008121298626065254,,2960.161357164383,77.35771799087524
4518,0.006354483775794506,,2960.803148984909,77.37063694000244
4519,0.006164153106510639,,2961.4453208446503,77.38364911079407
4520,0.00646461546421051,,2962.0889704227448,77.39658451080322
4521,0.0067343153059482574,,2962.7314994335175,77.40953063964844
4522,0.007199240382760763,,2963.3729362487793,77.42248129844666
4523,0.006737292744219303,,2964.0168414115906,77.43539524078369
4524,0.007511382922530174,,2964.660050868988,77.44832134246826
4525,0.006614383775740862,,2965.3026447296143,77.46125054359436
4526,0.006883617490530014,,2965.9446034431458,77.47422504425049
4527,0.007237620651721954,,2966.589521408081,77.48714780807495
4528,0.006840116810053587,,2967.2324862480164,77.50013089179993
4529,0.006943199783563614,,2967.8748848438263,77.51300859451294
4530,0.006892354693263769,,2968.5164606571198,77.52602458000183
4531,0.0062807416543364525,,2969.1602776050568,77.53898572921753
4532,0.006322295404970646,,2969.802824497223,77.55199313163757
4533,0.006608754862099886,,2970.4447798728943,77.56492972373962
4534,0.006543715018779039,,2971.086540222168,77.57788157463074
4535,0.007285029161721468,,2971.7299094200134,77.5908374786377
4536,0.008764099329710007,,2972.7130846977234,77.60386419296265
4537,0.008885347284376621,,2973.354660511017,77.61692595481873
4538,0.00849947240203619,,2973.996205806732,77.62987780570984
4539,0.007544325664639473,,2974.639561653137,77.64283418655396
4540,0.006962218321859837,,2975.2813448905945,77.65583038330078
4541,0.00713928509503603,,2975.9243280887604,77.66877961158752
4542,0.006687262561172247,,2976.5674390792847,77.68179392814636
4543,0.00619971239939332,,2977.2108228206635,77.69480085372925
4544,0.006562060676515102,,2977.852816581726,77.70776915550232
4545,0.007619757205247879,,2978.4952902793884,77.72074103355408
4546,0.008189349435269833,,2979.1378016471863,77.73378109931946
4547,0.00771815050393343,,2979.781452178955,77.74672961235046
4548,0.008340741507709026,,2980.4234869480133,77.75971341133118
4549,0.008295896463096142,,2981.0668799877167,77.77267479896545
4550,0.007455756422132254,,2981.708971261978,77.78566026687622
4551,0.008283881470561028,,2982.3507726192474,77.79867815971375
4552,0.007410157471895218,,2982.993179798126,77.81170201301575
4553,0.008416229858994484,,2983.636481523514,77.8246431350708
4554,0.007837438955903053,,2984.278333425522,77.83762741088867
4555,0.007501871325075626,,2984.9230329990387,77.85055637359619
4556,0.007341265678405762,,2985.5655784606934,77.86354660987854
4557,0.0070749917067587376,,2986.209503889084,77.87649893760681
4558,0.0067951553501188755,,2986.853306055069,77.88947749137878
4559,0.007825811393558979,,2987.495670557022,77.90247201919556
4560,0.00842700619250536,,2988.137633085251,77.91553735733032
4561,0.007183125242590904,,2988.7800323963165,77.92852711677551
4562,0.007585663348436356,,2989.422439813614,77.94155740737915
4563,0.007460512686520815,,2990.4061341285706,77.95448184013367
4564,0.0069687822833657265,,2991.0487501621246,77.96746373176575
4565,0.00680428184568882,,2991.691426753998,77.98048233985901
4566,0.006829400546848774,,2992.3336548805237,77.99344873428345
4567,0.005914698354899883,,2992.976328611374,78.00635027885437
4568,0.006183091085404158,,2993.6172091960907,78.01925587654114
4569,0.006454936228692532,,2994.25968170166,78.0322060585022
4570,0.006212878040969372,,2994.901342153549,78.04514813423157
4571,0.006725670769810677,,2995.5441913604736,78.05806016921997
4572,0.007226355839520693,,2996.1854734420776,78.07099461555481
4573,0.008265353739261627,,2996.827053308487,78.08394074440002
4574,0.009297925047576427,,2997.467983007431,78.09687995910645
4575,0.010140894912183285,,2998.1113941669464,78.10980367660522
4576,0.009715182706713676,,2998.753491163254,78.12273001670837
4577,0.010486375540494919,,2999.395575284958,78.13565802574158
4578,0.008800757117569447,,3000.038983106613,78.14858365058899
4579,0.007990218698978424,,3000.6828832626343,78.16154289245605
4580,0.009090594947338104,,3001.324784517288,78.17444109916687
4581,0.00889707449823618,,3001.9684538841248,78.18740034103394
4582,0.008031720295548439,,3002.610644340515,78.2003002166748
4583,0.006942121312022209,,3003.2536606788635,78.21323108673096
4584,0.006256353110074997,,3003.8953306674957,78.2262053489685
4585,0.006031019613146782,,3004.5386340618134,78.23912453651428
4586,0.006103512365370989,,3005.1799318790436,78.25207757949829
4587,0.005998602136969566,,3005.8228957653046,78.26504611968994
4588,0.005882407538592815,,3006.4643466472626,78.27794480323792
4589,0.007605877239257097,,3007.1067910194397,78.29088926315308
4590,0.007374354638159275,,3008.0881786346436,78.30389499664307
4591,0.0073760501109063625,,3008.7314026355743,78.31686496734619
4592,0.008207670412957668,,3009.3727848529816,78.32980012893677
4593,0.00894922949373722,,3010.014863014221,78.3427984714508
4594,0.009928367100656033,,3010.657838821411,78.35574078559875
4595,0.01050205621868372,,3011.3013825416565,78.36868739128113
4596,0.010328915901482105,,3011.9428503513336,78.3816123008728
4597,0.010961223393678665,,3012.585450410843,78.39453673362732
4598,0.010729942470788956,,3013.2271296977997,78.40745258331299
4599,0.011478756554424763,,3013.871161699295,78.42038369178772
4600,0.010999361053109169,,3014.5121064186096,78.43334913253784
4601,0.008405344560742378,,3015.153333425522,78.44637298583984
4602,0.008149996399879456,,3015.794991493225,78.45933318138123
4603,0.0065848203375935555,,3016.437033891678,78.47227716445923
4604,0.0061593917198479176,,3017.078920841217,78.48524928092957
4605,0.00648729782551527,,3017.7209079265594,78.49818158149719
4606,0.006231729406863451,,3018.3623859882355,78.51110672950745
4607,0.006193606182932854,,3019.005159139633,78.52407479286194
4608,0.0059852986596524715,,3019.6466705799103,78.53700804710388
4609,0.00655502500012517,,3020.289905309677,78.54998970031738
4610,0.007418454624712467,,3020.9319076538086,78.5629403591156
4611,0.0072039528749883175,,3021.5745646953583,78.57596230506897
4612,0.00729267718270421,,3022.2165195941925,78.5889139175415
4613,0.006755994167178869,,3022.8601121902466,78.60183215141296
4614,0.007595698814839125,,3023.5028836727142,78.61476802825928
4615,0.007632589433342218,,3024.1459226608276,78.62772488594055
4616,0.006919837556779385,,3024.787175655365,78.64060878753662
4617,0.006414474919438362,,3025.7694623470306,78.65357089042664
4618,0.0065194591879844666,,3026.4123182296753,78.66660761833191
4619,0.0068390569649636745,,3027.0545263290405,78.67954444885254
4620,0.007807024288922548,,3027.6972649097443,78.69250011444092
4621,0.0076900022104382515,,3028.3407006263733,78.70547437667847
4622,0.008944313041865826,,3028.9832367897034,78.71840834617615
4623,0.00963146798312664,,3029.625283241272,78.7313883304596
4624,0.010044898837804794,,3030.2688229084015,78.74438738822937
4625,0.009935149922966957,,3030.9113924503326,78.75737237930298
4626,0.009966479614377022,,3031.5525863170624,78.77035522460938
4627,0.008237543515861034,,3032.1944708824158,78.7834255695343
4628,0.007331270724534988,,3032.836770296097,78.79642009735107
4629,0.008233045227825642,,3033.478821516037,78.80941557884216
4630,0.008667412213981152,,3034.120329618454,78.8224036693573
4631,0.009017298929393291,,3034.7624685764313,78.83542609214783
4632,0.010046333074569702,,3035.4045860767365,78.84839987754822
4633,0.010299857705831528,,3036.0466527938843,78.86142635345459
4634,0.010100346989929676,,3036.6901109218597,78.87446284294128
4635,0.009144020266830921,,3037.332731962204,78.88752055168152
4636,0.008783363737165928,,3037.974009990692,78.90053510665894
4637,0.008923881687223911,,3038.61701464653,78.91355490684509
4638,0.010008972138166428,,3039.258853673935,78.92652416229248
4639,0.010953075252473354,,3039.9027416706085,78.9394896030426
4640,0.011680099181830883,,3040.5445680618286,78.9524564743042
4641,0.012323412112891674,,3041.187315940857,78.96542143821716
4642,0.011458240449428558,,3041.8284072875977,78.97844314575195
4643,0.010362470522522926,,3042.472594976425,78.99137711524963
4644,0.00910450704395771,,3043.4513325691223,79.0043249130249
4645,0.008526299148797989,,3044.093725681305,79.01725435256958
4646,0.00760972686111927,,3044.7365386486053,79.03031158447266
4647,0.0070281801745295525,,3045.3794066905975,79.04330778121948
4648,0.0068739247508347034,,3046.0219650268555,79.05630350112915
4649,0.0068236528895795345,,3046.6642231941223,79.06929588317871
4650,0.00690865283831954,,3047.306146144867,79.08229327201843
4651,0.007392283994704485,,3047.9481823444366,79.09523963928223
4652,0.007289644330739975,,3048.5907938480377,79.10825419425964
4653,0.007991849444806576,,3049.234665632248,79.1211941242218
4654,0.009544570930302143,,3049.8772265911102,79.13418316841125
4655,0.009893734939396381,,3050.5194103717804,79.14711666107178
4656,0.009336026385426521,,3051.1601712703705,79.16004920005798
4657,0.008165084756910801,,3051.8025953769684,79.17299509048462
4658,0.00824506115168333,,3052.4449603557587,79.18596243858337
4659,0.008433240465819836,,3053.088697195053,79.19891500473022
4660,0.010044550523161888,,3053.730647802353,79.21187496185303
4661,0.010503201745450497,,3054.372573375702,79.22480940818787
4662,0.009535375982522964,,3055.015116214752,79.23777842521667
4663,0.00902114249765873,,3055.6594865322113,79.25074124336243
4664,0.008015690371394157,,3056.302183151245,79.26373338699341
4665,0.009349667467176914,,3056.9435470104218,79.27672505378723
4666,0.009186765179038048,,3057.5846650600433,79.28967690467834
4667,0.008872740902006626,,3058.2262523174286,79.30262899398804
4668,0.008206724189221859,,3058.8680086135864,79.31564092636108
4669,0.007840358652174473,,3059.512043237686,79.32858204841614
4670,0.007909752428531647,,3060.1543321609497,79.34151005744934
4671,0.007384061347693205,,3061.1359000205994,79.35454893112183
4672,0.007899686694145203,,3061.777934551239,79.36756157875061
4673,0.00803298782557249,,3062.4203753471375,79.38057041168213
4674,0.008532928302884102,,3063.062910795212,79.39358234405518
4675,0.009157327003777027,,3063.706328392029,79.4065477848053
4676,0.00925958901643753,,3064.3487725257874,79.41958498954773
4677,0.008505984209477901,,3064.9921696186066,79.43261528015137
4678,0.008525516837835312,,3065.6344470977783,79.44558596611023
4679,0.010063041932880878,,3066.27756357193,79.45859670639038
4680,0.009355373680591583,,3066.920354604721,79.47156882286072
4681,0.008518051356077194,,3067.5627722740173,79.48447465896606
4682,0.008432327769696712,,3068.2040235996246,79.49745202064514
4683,0.007929481565952301,,3068.8461401462555,79.5104329586029
4684,0.00783388502895832,,3069.48836350441,79.5234272480011
4685,0.008220545947551727,,3070.130571603775,79.53641724586487
4686,0.006971342023462057,,3070.7734138965607,79.54939889907837
4687,0.007319097872823477,,3071.415453195572,79.5623688697815
4688,0.0076050893403589725,,3072.0576560497284,79.57541465759277
4689,0.00689292885363102,,3072.700511932373,79.58842158317566
4690,0.007883837446570396,,3073.3438372612,79.60147428512573
4691,0.008813343942165375,,3073.9856328964233,79.61441683769226
4692,0.008438012562692165,,3074.6269071102142,79.62744998931885
4693,0.007383919786661863,,3075.2702157497406,79.64037775993347
4694,0.006254316307604313,,3075.911552429199,79.65337491035461
4695,0.006493126507848501,,3076.5543920993805,79.66637229919434
4696,0.006349382922053337,,3077.1970579624176,79.6793737411499
4697,0.006556081119924784,,3077.8398337364197,79.69234919548035
4698,0.006662159692496061,,3078.8238441944122,79.70530700683594
4699,0.0073078530840575695,,3079.464462995529,79.71828699111938
4700,0.006970616523176432,,3080.1068255901337,79.73124861717224
4701,0.007991236634552479,,3080.7486701011658,79.74425220489502
4702,0.0077131069265306,,3081.3922216892242,79.75718021392822
4703,0.007589347660541534,,3082.0356640815735,79.7701473236084
4704,0.006568958051502705,,3082.6775557994843,79.78312492370605
4705,0.007611384615302086,,3083.3192360401154,79.79613256454468
4706,0.0069602495059370995,,3083.960900783539,79.80907273292542
4707,0.007831010036170483,,3084.6026606559753,79.82201910018921
4708,0.008290917612612247,,3085.2450091838837,79.83499574661255
4709,0.007626298349350691,,3085.888015985489,79.84797596931458
4710,0.00734803918749094,,3086.5311000347137,79.86096906661987
4711,0.007408147677779198,,3087.1731169223785,79.87395238876343
4712,0.007669569458812475,,3087.813983440399,79.88695120811462
4713,0.007295664399862289,,3088.456124305725,79.89992094039917
4714,0.007229840848594904,,3089.0993802547455,79.9128520488739
4715,0.007690728176385164,,3089.7412683963776,79.92581367492676
4716,0.006891715340316296,,3090.3842005729675,79.93880677223206
4717,0.007065184880048037,,3091.0271253585815,79.95178961753845
4718,0.0076010883785784245,,3091.669847011566,79.96477961540222
4719,0.00814284197986126,,3092.3126327991486,79.97778177261353
4720,0.008162301033735275,,3092.9563188552856,79.99072051048279
4721,0.00853060558438301,,3093.598031759262,80.00369167327881
4722,0.008158235810697079,,3094.2394139766693,80.0166642665863
4723,0.008802739903330803,,3094.8808488845825,80.029625415802
4724,0.008705507032573223,,3095.52245926857,80.042644739151
4725,0.0099964439868927,,3096.502426624298,80.055584192276
4726,0.01071145199239254,,3097.1451318264008,80.06852984428406
4727,0.00972587801516056,,3097.7888419628143,80.08148980140686
4728,0.010058825835585594,,3098.430083990097,80.09442687034607
4729,0.0093452800065279,,3099.0743045806885,80.10736346244812
4730,0.00810864195227623,,3099.716891527176,80.12027478218079
4731,0.00872562825679779,,3100.359881877899,80.13324284553528
4732,0.008849743753671646,,3101.0033609867096,80.14623236656189
4733,0.008135374635457993,,3101.646035671234,80.15926146507263
4734,0.007694334723055363,,3102.2872021198273,80.17217326164246
4735,0.007879197597503662,,3102.9293966293335,80.18515825271606
4736,0.0075176614336669445,,3103.570195913315,80.19811272621155
4737,0.008758977055549622,,3104.212951183319,80.21108722686768
4738,0.008648209273815155,,3104.854552745819,80.22398281097412
4739,0.009569000452756882,,3105.4968676567078,80.23695611953735
4740,0.00882880762219429,,3106.139647960663,80.24985885620117
4741,0.008808781392872334,,3106.782468557358,80.26286244392395
4742,0.008639947511255741,,3107.424908876419,80.27575254440308
4743,0.009633327834308147,,3108.066801071167,80.2887499332428
4744,0.00947448518127203,,3108.7085230350494,80.30172348022461
4745,0.008848012425005436,,3109.352119445801,80.31463742256165
4746,0.009561206214129925,,3109.99347114563,80.32756447792053
4747,0.009300691075623035,,3110.636386156082,80.3405704498291
4748,0.008285905234515667,,3111.277990579605,80.35346627235413
4749,0.00766086345538497,,3111.9200823307037,80.36641716957092
4750,0.00810452364385128,,3112.5621004104614,80.37942814826965
4751,0.008308534510433674,,3113.2038328647614,80.39243650436401
4752,0.008176046423614025,,3114.185779809952,80.40544843673706
4753,0.007452085614204407,,3114.8282737731934,80.41839861869812
4754,0.007043246179819107,,3115.469168663025,80.43140363693237
4755,0.007428007200360298,,3116.111521959305,80.44439816474915
4756,0.006986977998167276,,3116.7533037662506,80.45737743377686
4757,0.007698513101786375,,3117.395030260086,80.47030258178711
4758,0.008498047478497028,,3118.038584947586,80.48330640792847
4759,0.008736318908631802,,3118.681577682495,80.49629783630371
4760,0.008229732513427734,,3119.3230147361755,80.5093104839325
4761,0.008733037859201431,,3119.9647834300995,80.52230739593506
4762,0.008627221919596195,,3120.6060078144073,80.53537225723267
4763,0.0078006042167544365,,3121.2479417324066,80.54836511611938
4764,0.008383220992982388,,3121.888918399811,80.56130528450012
4765,0.008459331467747688,,3122.5320386886597,80.57428455352783
4766,0.008812647312879562,,3123.174672603607,80.58723592758179
4767,0.008430796675384045,,3123.8167912960052,80.60023808479309
4768,0.008639536798000336,,3124.459403514862,80.61327314376831
4769,0.008244997821748257,,3125.101414680481,80.62629842758179
4770,0.00773326400667429,,3125.7425558567047,80.63928866386414
4771,0.009272494353353977,,3126.385289669037,80.65226817131042
4772,0.008921004831790924,,3127.0266444683075,80.66524314880371
4773,0.007448997814208269,,3127.6693272590637,80.6782648563385
4774,0.008257763460278511,,3128.311027765274,80.69122529029846
4775,0.007858037017285824,,3128.9528720378876,80.70419383049011
4776,0.008558498695492744,,3129.5938034057617,80.71720218658447
4777,0.008204520680010319,,3130.2361624240875,80.7301378250122
4778,0.007469985634088516,,3130.8790175914764,80.74311375617981
4779,0.008214267902076244,,3131.8620162010193,80.75606346130371
4780,0.008547087199985981,,3132.5042808055878,80.76898431777954
4781,0.007599665317684412,,3133.1462392807007,80.7819128036499
4782,0.007575422991067171,,3133.78884267807,80.79484748840332
4783,0.007595946546643972,,3134.432333469391,80.80776596069336
4784,0.009083135053515434,,3135.0749394893646,80.82074499130249
4785,0.009013647213578224,,3135.717945098877,80.83364701271057
4786,0.008940573781728745,,3136.359004497528,80.84660696983337
4787,0.008910618722438812,,3137.0013959407806,80.85957479476929
4788,0.008598478510975838,,3137.64479804039,80.87248468399048
4789,0.009145582094788551,,3138.28631401062,80.88541841506958
4790,0.00836417730897665,,3138.9283571243286,80.89834809303284
4791,0.009101920761168003,,3139.569909095764,80.91127276420593
4792,0.008735724724829197,,3140.2125177383423,80.92418813705444
4793,0.007275290321558714,,3140.855545282364,80.9371690750122
4794,0.0073663522489368916,,3141.4983735084534,80.95006513595581
4795,0.007731321267783642,,3142.142098903656,80.96300077438354
4796,0.007024667225778103,,3142.783546447754,80.97597026824951
4797,0.00837497878819704,,3143.42560338974,80.98894619941711
4798,0.007281764876097441,,3144.066702604294,81.00186705589294
4799,0.007506508380174637,,3144.7105662822723,81.01482796669006
4800,0.00761517183855176,,3145.351588010788,81.02778625488281
4801,0.00722687179222703,,3145.9936554431915,81.04069900512695
4802,0.008098645135760307,,3146.6345624923706,81.05366444587708
4803,0.007863732986152172,,3147.276890516281,81.0665831565857
4804,0.007703931536525488,,3147.9184613227844,81.07956027984619
4805,0.008600891567766666,,3148.5629737377167,81.09247493743896
4806,0.009119472466409206,,3149.540725708008,81.10545063018799
4807,0.00842202827334404,,3150.1819179058075,81.1184470653534
4808,0.008114602416753769,,3150.8241398334503,81.13142204284668
4809,0.008062516339123249,,3151.4668850898743,81.14431571960449
4810,0.008021315559744835,,3152.1095764636993,81.1572368144989
4811,0.008809476159512997,,3152.7524394989014,81.1701602935791
4812,0.009404608979821205,,3153.3949267864227,81.18310189247131
4813,0.00816465076059103,,3154.037118434906,81.19604396820068
4814,0.007669887971132994,,3154.680188894272,81.20903062820435
4815,0.006828234065324068,,3155.322249889374,81.22194600105286
4816,0.006348222494125366,,3155.964362859726,81.23489356040955
4817,0.006789702456444502,,3156.606371164322,81.24783992767334
4818,0.00626010587438941,,3157.2481603622437,81.2608425617218
4819,0.006726955994963646,,3157.8905968666077,81.27378129959106
4820,0.007281022146344185,,3158.5331258773804,81.28671264648438
4821,0.008364878594875336,,3159.174161672592,81.29964852333069
4822,0.007127849385142326,,3159.8172068595886,81.31259632110596
4823,0.007156825624406338,,3160.4600100517273,81.32549476623535
4824,0.007859399542212486,,3161.100805282593,81.33849692344666
4825,0.007696237880736589,,3161.7429926395416,81.35141658782959
4826,0.008696288801729679,,3162.384566307068,81.3643627166748
4827,0.008644504472613335,,3163.026391983032,81.37730765342712
4828,0.008400741964578629,,3163.6679854393005,81.39030432701111
4829,0.00843353196978569,,3164.3121135234833,81.40330219268799
4830,0.008822384290397167,,3164.9554121494293,81.41628527641296
4831,0.009586776606738567,,3165.597459793091,81.42921924591064
4832,0.009096283465623856,,3166.2389261722565,81.442143201828
4833,0.009714660234749317,,3167.2215859889984,81.45509958267212
4834,0.009638679213821888,,3167.8630616664886,81.46809458732605
4835,0.008821063674986362,,3168.5065684318542,81.48111915588379
4836,0.007845422253012657,,3169.1480419635773,81.49406599998474
4837,0.008576082065701485,,3169.790587425232,81.50702571868896
4838,0.007583647966384888,,3170.432519197464,81.52006459236145
4839,0.007087667006999254,,3171.0754704475403,81.53309154510498
4840,0.007970137521624565,,3171.7167930603027,81.54610991477966
4841,0.008808654733002186,,3172.3596181869507,81.55915260314941
4842,0.008091586641967297,,3173.0026109218597,81.57211399078369
4843,0.00836267415434122,,3173.644502401352,81.58509802818298
4844,0.008392143994569778,,3174.2870573997498,81.59812641143799
4845,0.008732420392334461,,3174.929888010025,81.61110973358154
4846,0.008366381749510765,,3175.5714390277863,81.6240861415863
4847,0.008506969548761845,,3176.213091135025,81.63707184791565
4848,0.008061885833740234,,3176.8552181720734,81.65006995201111
4849,0.007337843533605337,,3177.4979679584503,81.66309857368469
4850,0.007955166511237621,,3178.1398673057556,81.67607498168945
4851,0.008279429748654366,,3178.781549692154,81.68907713890076
4852,0.008332785218954086,,3179.423394680023,81.70206952095032
4853,0.008223800919950008,,3180.0652565956116,81.71508049964905
4854,0.007674012798815966,,3180.707699775696,81.72810578346252
4855,0.007918010465800762,,3181.3502826690674,81.7411150932312
4856,0.009103987365961075,,3181.992476940155,81.75409936904907
4857,0.009425485506653786,,3182.6352922916412,81.76707649230957
4858,0.007355592679232359,,3183.2774267196655,81.78001475334167
4859,0.007948055863380432,,3183.9188389778137,81.79301357269287
4860,0.00902494415640831,,3184.9016103744507,81.80597853660583
4861,0.00916201900690794,,3185.545168399811,81.81897711753845
4862,0.009505006484687328,,3186.187305212021,81.83192539215088
4863,0.008672959171235561,,3186.8301079273224,81.84489393234253
4864,0.00882940087467432,,3187.471965789795,81.85788249969482
4865,0.008811885491013527,,3188.115093231201,81.87088751792908
4866,0.008179575204849243,,3188.7573845386505,81.88388347625732
4867,0.00843252893537283,,3189.400190591812,81.89685034751892
4868,0.008851652964949608,,3190.042423725128,81.90981578826904
4869,0.007841106504201889,,3190.6853404045105,81.92274880409241
4870,0.00812972616404295,,3191.327690601349,81.9356758594513
4871,0.008582991547882557,,3191.969602584839,81.94870901107788
4872,0.007905588485300541,,3192.6127684116364,81.96167731285095
4873,0.008897081017494202,,3193.2544350624084,81.97464537620544
4874,0.009239127859473228,,3193.896624803543,81.98757266998291
4875,0.00919076707214117,,3194.5392751693726,82.00060296058655
4876,0.009253944270312786,,3195.182452440262,82.01355409622192
4877,0.008432998321950436,,3195.8242676258087,82.02649545669556
4878,0.00784536637365818,,3196.465979576111,82.03943729400635
4879,0.008363963104784489,,3197.10924744606,82.05249905586243
4880,0.008857551030814648,,3197.751041173935,82.06541752815247
4881,0.007448263466358185,,3198.3928990364075,82.07842874526978
4882,0.00763333635404706,,3199.03581571579,82.09135794639587
4883,0.007414225488901138,,3199.6785905361176,82.1042730808258
4884,0.007972673512995243,,3200.320611000061,82.1172707080841
4885,0.0078113991767168045,,3200.962944984436,82.13025784492493
4886,0.008057641796767712,,3201.6042375564575,82.14318490028381
4887,0.008167536929249763,,3202.5845181941986,82.15617799758911
4888,0.008252625353634357,,3203.226349592209,82.16915011405945
4889,0.007376725319772959,,3203.8686497211456,82.18208622932434
4890,0.007664281874895096,,3204.51216173172,82.19507455825806
4891,0.0076712374575436115,,3205.155359983444,82.20804977416992
4892,0.007162636611610651,,3205.797049999237,82.22102808952332
4893,0.008030935190618038,,3206.4387316703796,82.23412299156189
4894,0.007935668341815472,,3207.0806283950806,82.24711060523987
4895,0.008010899648070335,,3207.7222294807434,82.26011872291565
4896,0.007462556008249521,,3208.364360332489,82.27311038970947
4897,0.007333384361118078,,3209.0070843696594,82.28609490394592
4898,0.007623450364917517,,3209.6505932807922,82.29912066459656
4899,0.0077382344752550125,,3210.292416572571,82.31210112571716
4900,0.007481077685952187,,3210.9355754852295,82.32511162757874
4901,0.0074680643156170845,,3211.579190015793,82.33813524246216
4902,0.007874518632888794,,3212.220879793167,82.35111856460571
4903,0.007100031711161137,,3212.8627820014954,82.36410570144653
4904,0.007130602840334177,,3213.5045590400696,82.37711000442505
4905,0.007245214655995369,,3214.148250579834,82.39008331298828
4906,0.008694231510162354,,3214.789434671402,82.40304756164551
4907,0.008334401994943619,,3215.431337118149,82.41601705551147
4908,0.007805975154042244,,3216.073532104492,82.42899179458618
4909,0.008452609181404114,,3216.7151646614075,82.44197177886963
4910,0.008718926459550858,,3217.3588297367096,82.45494222640991
4911,0.008749568834900856,,3218.0030760765076,82.46788501739502
4912,0.008269685320556164,,3218.644954442978,82.48079133033752
4913,0.008555463515222073,,3219.2864570617676,82.49371647834778
4914,0.008243330754339695,,3220.2671403884888,82.50673818588257
4915,0.008675415068864822,,3220.910029888153,82.51975393295288
4916,0.008760235272347927,,3221.5523850917816,82.53273177146912
4917,0.008584997616708279,,3222.1952204704285,82.54573392868042
4918,0.008724224753677845,,3222.8370633125305,82.55877780914307
4919,0.008497166447341442,,3223.478710412979,82.57171869277954
4920,0.00809907540678978,,3224.1200642585754,82.58469462394714
4921,0.007917073555290699,,3224.763453722,82.59771943092346
4922,0.008095190860331059,,3225.4046955108643,82.61066913604736
4923,0.008025482296943665,,3226.0479078292847,82.62366032600403
4924,0.008460529148578644,,3226.6921620368958,82.6366114616394
4925,0.00880135502666235,,3227.334541320801,82.6496217250824
4926,0.009473266080021858,,3227.9756178855896,82.66256737709045
4927,0.00945124588906765,,3228.6179609298706,82.67552542686462
4928,0.009121708571910858,,3229.259371995926,82.68850779533386
4929,0.00900871679186821,,3229.901371240616,82.70148539543152
4930,0.009482776746153831,,3230.5435264110565,82.71443843841553
4931,0.009944012388586998,,3231.185497045517,82.72742676734924
4932,0.010191106237471104,,3231.8290486335754,82.74038743972778
4933,0.011054265312850475,,3232.471084356308,82.7534453868866
4934,0.010089050978422165,,3233.1133255958557,82.76644086837769
4935,0.011206688359379768,,3233.7558698654175,82.77945303916931
4936,0.011797826737165451,,3234.397151708603,82.7924153804779
4937,0.011356317438185215,,3235.039052963257,82.80537343025208
4938,0.012290109880268574,,3235.681111097336,82.81840324401855
4939,0.011113177053630352,,3236.3240597248077,82.83139371871948
4940,0.011248278431594372,,3236.9661004543304,82.84438252449036
4941,0.010205565020442009,,3237.9479610919952,82.85730075836182
4942,0.01032920554280281,,3238.5911235809326,82.87030982971191
4943,0.010209285654127598,,3239.2333965301514,82.88320899009705
4944,0.01033129170536995,,3239.87540602684,82.89619135856628
4945,0.009824044071137905,,3240.5170605182648,82.90916728973389
4946,0.01039206888526678,,3241.158308506012,82.92207908630371
4947,0.011664739809930325,,3241.7999501228333,82.93506169319153
4948,0.011355392634868622,,3242.4408605098724,82.94803738594055
4949,0.009893226437270641,,3243.0830352306366,82.96102499961853
4950,0.01016553770750761,,3243.725499868393,82.97402667999268
4951,0.00927305594086647,,3244.3673119544983,82.98698878288269
4952,0.00874844565987587,,3245.0102331638336,82.9999680519104
4953,0.008864082396030426,,3245.6525077819824,83.01299858093262
4954,0.008296138606965542,,3246.2951571941376,83.02598309516907
4955,0.008554904721677303,,3246.9380695819855,83.0389416217804
4956,0.008705899119377136,,3247.5804579257965,83.05195808410645
4957,0.00879563856869936,,3248.2232160568237,83.06496715545654
4958,0.009669286198914051,,3248.8649365901947,83.077956199646
4959,0.009613024070858955,,3249.5064482688904,83.0909698009491
4960,0.009317136369645596,,3250.1483561992645,83.10396146774292
4961,0.009259824641048908,,3250.790671825409,83.1169056892395
4962,0.00898976344615221,,3251.432304620743,83.12998604774475
4963,0.008374364115297794,,3252.0757813453674,83.14295077323914
4964,0.00844008382409811,,3252.717442035675,83.15583062171936
4965,0.008029848337173462,,3253.3595354557037,83.16887426376343
4966,0.007878100499510765,,3254.001134157181,83.18183875083923
4967,0.00827651284635067,,3254.6434428691864,83.19488954544067
4968,0.008572530001401901,,3255.6242151260376,83.20788764953613
4969,0.008952341973781586,,3256.267194747925,83.22083735466003
4970,0.009266428649425507,,3256.908495426178,83.23380923271179
4971,0.009656018577516079,,3257.5508890151978,83.24680399894714
4972,0.009877340868115425,,3258.1935868263245,83.25977349281311
4973,0.010002730414271355,,3258.8371262550354,83.27273607254028
4974,0.010235666297376156,,3259.4799044132233,83.28570675849915
4975,0.010577885434031487,,3260.122343301773,83.29869866371155
4976,0.010481126606464386,,3260.763991832733,83.31174850463867
4977,0.010204351507127285,,3261.407254219055,83.32473611831665
4978,0.011307938024401665,,3262.0490443706512,83.337726354599
4979,0.010437184944748878,,3262.690999507904,83.35070776939392
4980,0.010652702301740646,,3263.3327553272247,83.36369156837463
4981,0.010405483655631542,,3263.976111650467,83.37663435935974
4982,0.009589044377207756,,3264.6184380054474,83.38957715034485
4983,0.009625072591006756,,3265.2617194652557,83.4025206565857
4984,0.009626742452383041,,3265.9038836956024,83.41552877426147
4985,0.009173297323286533,,3266.546430826187,83.42852067947388
4986,0.009134599938988686,,3267.1896822452545,83.44148778915405
4987,0.009569605812430382,,3267.8316679000854,83.45441770553589
4988,0.008978812955319881,,3268.476842403412,83.46738147735596
4989,0.009544172324240208,,3269.1185903549194,83.48036336898804
4990,0.010047967545688152,,3269.7617814540863,83.49330925941467
4991,0.010664000175893307,,3270.403836250305,83.50627446174622
4992,0.010768920183181763,,3271.0445144176483,83.51927590370178
4993,0.010963959619402885,,3271.68901014328,83.53225421905518
4994,0.01062313374131918,,3272.3332250118256,83.54524540901184
4995,0.010477861389517784,,3273.315780878067,83.55819725990295
4996,0.011587902903556824,,3273.9564661979675,83.57113289833069
4997,0.010887634940445423,,3274.5997681617737,83.58404397964478
4998,0.01055924128741026,,3275.241119623184,83.59702968597412
4999,0.011523744091391563,,3275.884279727936,83.61014723777771
5000,0.01141369342803955,0.003790897550061345,3276.5269021987915,85.49783730506897
5001,0.009913883171975613,,3277.1708986759186,85.51080322265625
5002,0.009486136958003044,,3277.814296245575,85.52371311187744
5003,0.009380190633237362,,3278.4565382003784,85.53662705421448
5004,0.009188512340188026,,3279.099267721176,85.5495183467865
5005,0.009035414084792137,,3279.742780685425,85.56243252754211
5006,0.009235108271241188,,3280.3854031562805,85.5753424167633
5007,0.009515789337456226,,3281.028397321701,85.58826994895935
5008,0.010067449882626534,,3281.668821811676,85.6011655330658
5009,0.009983345866203308,,3282.311782836914,85.61410593986511
5010,0.009872804395854473,,3282.9530379772186,85.62705731391907
5011,0.009652025066316128,,3283.595210790634,85.64000487327576
5012,0.009958459064364433,,3284.2370269298553,85.65296697616577
5013,0.010547589510679245,,3284.879340171814,85.66592192649841
5014,0.010256819427013397,,3285.5210225582123,85.67887711524963
5015,0.009502979926764965,,3286.1627254486084,85.6918363571167
5016,0.009849143214523792,,3286.8051538467407,85.70480632781982
5017,0.010791925713419914,,3287.4466574192047,85.7177209854126
5018,0.0100927222520113,,3288.0903418064117,85.73068356513977
5019,0.009715479798614979,,3288.732055902481,85.74363136291504
5020,0.01043700147420168,,3289.373331308365,85.75663256645203
5021,0.010250716470181942,,3290.0155758857727,85.76963639259338
5022,0.010138443671166897,,3290.9973249435425,85.782550573349
5023,0.010149543173611164,,3291.63955950737,85.79550433158875
5024,0.010462564416229725,,3292.281019449234,85.80847144126892
5025,0.009634655900299549,,3292.922516107559,85.82143306732178
5026,0.009610684588551521,,3293.564327478409,85.83441352844238
5027,0.01038293819874525,,3294.2058300971985,85.84739828109741
5028,0.00969422422349453,,3294.8471546173096,85.86038303375244
5029,0.00986708328127861,,3295.4902577400208,85.87333393096924
5030,0.009651542641222477,,3296.1320700645447,85.8862988948822
5031,0.00992030743509531,,3296.773810863495,85.89930939674377
5032,0.009647560305893421,,3297.4158957004547,85.91222333908081
5033,0.009731916710734367,,3298.0584814548492,85.92514657974243
5034,0.009537529200315475,,3298.7012102603912,85.93807411193848
5035,0.009460893459618092,,3299.3429086208344,85.9510018825531
5036,0.00965835154056549,,3299.9843320846558,85.96391940116882
5037,0.009804720990359783,,3300.6276869773865,85.9768934249878
5038,0.009757103398442268,,3301.26841711998,85.98981547355652
5039,0.009727558121085167,,3301.9106872081757,86.0027117729187
5040,0.009196653962135315,,3302.551771402359,86.01560711860657
5041,0.009552284143865108,,3303.1946194171906,86.02855014801025
5042,0.00981248077005148,,3303.8378479480743,86.04149985313416
5043,0.009156051091849804,,3304.4790513515472,86.05445384979248
5044,0.009936921298503876,,3305.1197803020477,86.06743478775024
5045,0.010145810432732105,,3305.7614810466766,86.0804455280304
5046,0.01017004158347845,,3306.404417991638,86.09345269203186
5047,0.009785995818674564,,3307.0467731952667,86.1063539981842
5048,0.009366474114358425,,3307.6888637542725,86.11930179595947
5049,0.009743836708366871,,3308.6715455055237,86.13229990005493
5050,0.009081706404685974,,3309.314680814743,86.1453230381012
5051,0.009284519590437412,,3309.956855773926,86.15832018852234
5052,0.009865090250968933,,3310.5983879566193,86.17131567001343
5053,0.009975464083254337,,3311.2420835494995,86.18428111076355
5054,0.009234565310180187,,3311.884488582611,86.19728350639343
5055,0.009273799136281013,,3312.5279579162598,86.21023154258728
5056,0.009212533012032509,,3313.170875787735,86.22319388389587
5057,0.009341401048004627,,3313.8135685920715,86.23615908622742
5058,0.009172294288873672,,3314.4555163383484,86.24914407730103
5059,0.009130889549851418,,3315.098833799362,86.26216292381287
5060,0.009275171905755997,,3315.7408652305603,86.2751145362854
5061,0.009713293984532356,,3316.384764432907,86.28811478614807
5062,0.010359668172895908,,3317.025800228119,86.30111241340637
5063,0.010054327547550201,,3317.667860031128,86.31421542167664
5064,0.010660919360816479,,3318.30961227417,86.32722187042236
5065,0.01105765625834465,,3318.951682806015,86.34024119377136
5066,0.011823917739093304,,3319.592891216278,86.35320734977722
5067,0.010878117755055428,,3320.234696626663,86.36616015434265
5068,0.01073552668094635,,3320.8761541843414,86.37916421890259
5069,0.010336417704820633,,3321.519132375717,86.39216351509094
5070,0.011122651398181915,,3322.161141395569,86.40510582923889
5071,0.010097898542881012,,3322.8056032657623,86.41808199882507
5072,0.009118863381445408,,3323.4460546970367,86.43101525306702
5073,0.009066687896847725,,3324.0889909267426,86.44396543502808
5074,0.008983058854937553,,3324.7302136421204,86.45689368247986
5075,0.008099290542304516,,3325.371908187866,86.46985244750977
5076,0.008540515787899494,,3326.3543050289154,86.48285746574402
5077,0.009150974452495575,,3326.9959444999695,86.49584078788757
5078,0.009290655143558979,,3327.637678861618,86.50884652137756
5079,0.008993573486804962,,3328.280271053314,86.52183556556702
5080,0.009114515967667103,,3328.923749446869,86.5348014831543
5081,0.010194607079029083,,3329.566766023636,86.54774475097656
5082,0.010478160344064236,,3330.2077655792236,86.56074929237366
5083,0.009863603860139847,,3330.84996008873,86.57376408576965
5084,0.010607303120195866,,3331.491364479065,86.58670926094055
5085,0.011262678541243076,,3332.133849620819,86.59976625442505
5086,0.011114506050944328,,3332.7745764255524,86.61278510093689
5087,0.011304192245006561,,3333.416344165802,86.62575936317444
5088,0.011311003006994724,,3334.05779504776,86.63871264457703
5089,0.011356507427990437,,3334.7000374794006,86.6516809463501
5090,0.010953946970403194,,3335.340688228607,86.66468453407288
5091,0.011472308076918125,,3335.983926296234,86.67767763137817
5092,0.01080737542361021,,3336.625570297241,86.6906898021698
5093,0.010536330752074718,,3337.267343521118,86.70373344421387
5094,0.010172761045396328,,3337.9093928337097,86.71668028831482
5095,0.010787270963191986,,3338.552510499954,86.72965431213379
5096,0.010889966040849686,,3339.1950285434723,86.7425765991211
5097,0.01062491349875927,,3339.8385260105133,86.75556564331055
5098,0.010893302038311958,,3340.480649471283,86.76861262321472
5099,0.01097925752401352,,3341.122810125351,86.78165555000305
5100,0.010797777213156223,,3341.7646944522858,86.79466342926025
5101,0.0105573246255517,,3342.406801700592,86.80759406089783
5102,0.011186142452061176,,3343.0477118492126,86.82054448127747
5103,0.010887169279158115,,3344.029341697693,86.83352184295654
5104,0.010852916166186333,,3344.670830965042,86.84650802612305
5105,0.01128764171153307,,3345.3124561309814,86.85946226119995
5106,0.01222644280642271,,3345.953762769699,86.87248110771179
5107,0.011518847197294235,,3346.595948457718,86.88543891906738
5108,0.010864624753594398,,3347.237842798233,86.89842677116394
5109,0.01036775577813387,,3347.8793938159943,86.91137719154358
5110,0.010794416069984436,,3348.5208785533905,86.92432975769043
5111,0.00984162651002407,,3349.1626846790314,86.93734121322632
5112,0.01067405566573143,,3349.8053126335144,86.95033812522888
5113,0.010865801014006138,,3350.447751760483,86.96333694458008
5114,0.011373581364750862,,3351.0901560783386,86.97627139091492
5115,0.011011366732418537,,3351.7327377796173,86.98929190635681
5116,0.011524144560098648,,3352.376704454422,87.0022485256195
5117,0.010852267034351826,,3353.0190851688385,87.01528406143188
5118,0.010571464896202087,,3353.660763502121,87.028244972229
5119,0.011259395629167557,,3354.3032977581024,87.04124450683594
5120,0.009748155251145363,,3354.9461557865143,87.05420017242432
5121,0.009203847497701645,,3355.590311765671,87.06718182563782
5122,0.009280603379011154,,3356.2328333854675,87.08010625839233
5123,0.00916870217770338,,3356.875769138336,87.09309649467468
5124,0.008370274677872658,,3357.5170373916626,87.10612654685974
5125,0.008331497199833393,,3358.160218000412,87.11913752555847
5126,0.008445387706160545,,3358.802859544754,87.13219738006592
5127,0.008508541621267796,,3359.444928407669,87.14521431922913
5128,0.008597376756370068,,3360.0871708393097,87.15811610221863
5129,0.009191030636429787,,3360.7289094924927,87.17105031013489
5130,0.00975769478827715,,3361.7082805633545,87.18402171134949
5131,0.009300296194851398,,3362.3509595394135,87.19706225395203
5132,0.00954516977071762,,3362.9936785697937,87.21002054214478
5133,0.009456225670874119,,3363.6366715431213,87.22300267219543
5134,0.009899992495775223,,3364.277579307556,87.23596334457397
5135,0.00982206966727972,,3364.92090177536,87.24891138076782
5136,0.009793015196919441,,3365.562628507614,87.26189589500427
5137,0.009466657415032387,,3366.2057876586914,87.27488040924072
5138,0.009629398584365845,,3366.8478150367737,87.28784584999084
5139,0.010226658545434475,,3367.489867925644,87.30084872245789
5140,0.009760242886841297,,3368.1312596797943,87.3138780593872
5141,0.009889218024909496,,3368.7732326984406,87.32684254646301
5142,0.010160011239349842,,3369.4158086776733,87.33983325958252
5143,0.009700451046228409,,3370.0591328144073,87.35282683372498
5144,0.009799106977880001,,3370.702036380768,87.36577677726746
5145,0.009141790680587292,,3371.344728946686,87.37874817848206
5146,0.009719938039779663,,3371.9877557754517,87.39178156852722
5147,0.01039239764213562,,3372.632413625717,87.4048023223877
5148,0.009226706810295582,,3373.275045633316,87.41778063774109
5149,0.009523962624371052,,3373.917824745178,87.43076753616333
5150,0.010016576386988163,,3374.560702562332,87.44376850128174
5151,0.010074478574097157,,3375.2026858329773,87.45672702789307
5152,0.010517425835132599,,3375.8449087142944,87.46970176696777
5153,0.00956914946436882,,3376.4875831604004,87.48265767097473
5154,0.00954172108322382,,3377.1291546821594,87.49563813209534
5155,0.01053196657449007,,3377.7728066444397,87.50864839553833
5156,0.010415501892566681,,3378.4163570404053,87.52160501480103
5157,0.00975823774933815,,3379.3969156742096,87.53456783294678
5158,0.010612179525196552,,3380.0381920337677,87.54753994941711
5159,0.010589308105409145,,3380.681262731552,87.56048965454102
5160,0.00983936246484518,,3381.324002981186,87.57344269752502
5161,0.010322916321456432,,3381.967437028885,87.58637595176697
5162,0.01017388328909874,,3382.608214855194,87.59929847717285
5163,0.009678686037659645,,3383.2497792243958,87.61228251457214
5164,0.009579547680914402,,3383.8922958374023,87.6252064704895
5165,0.009089008904993534,,3384.536044359207,87.63815903663635
5166,0.00966179184615612,,3385.1778178215027,87.65113377571106
5167,0.009251000359654427,,3385.81995677948,87.66411638259888
5168,0.008504347875714302,,3386.4606618881226,87.67706155776978
5169,0.008308619260787964,,3387.103852748871,87.69003081321716
5170,0.008097460493445396,,3387.7457609176636,87.7029778957367
5171,0.008518848568201065,,3388.388055086136,87.71587753295898
5172,0.008134695701301098,,3389.0300171375275,87.72887349128723
5173,0.008380950428545475,,3389.6727950572968,87.7418007850647
5174,0.008093614131212234,,3390.3148353099823,87.7546877861023
5175,0.008670058101415634,,3390.9568567276,87.76758003234863
5176,0.008425157517194748,,3391.599081993103,87.7805347442627
5177,0.00812490750104189,,3392.240401029587,87.79349160194397
5178,0.008500643074512482,,3392.8829576969147,87.80641651153564
5179,0.00822408776730299,,3393.527289390564,87.81941437721252
5180,0.008677913807332516,,3394.1700246334076,87.83238339424133
5181,0.008924349211156368,,3394.812689781189,87.84537410736084
5182,0.00883531291037798,,3395.4556500911713,87.85837244987488
5183,0.008538982830941677,,3396.0970883369446,87.87134122848511
5184,0.008334088139235973,,3397.0779237747192,87.88427424430847
5185,0.00826667994260788,,3397.7213180065155,87.89721369743347
5186,0.008779222145676613,,3398.3636939525604,87.91014528274536
5187,0.008994796313345432,,3399.005952358246,87.92307829856873
5188,0.008329885080456734,,3399.647148132324,87.93601536750793
5189,0.00828536693006754,,3400.2899050712585,87.94895601272583
5190,0.008357110433280468,,3400.931784391403,87.96186065673828
5191,0.008283433504402637,,3401.5738065242767,87.97488784790039
5192,0.008495361544191837,,3402.2165031433105,87.98782634735107
5193,0.0082705644890666,,3402.858551502228,88.00086665153503
5194,0.008019345812499523,,3403.5011298656464,88.01382565498352
5195,0.008100111037492752,,3404.144080877304,88.02684164047241
5196,0.008611012250185013,,3404.78707075119,88.03979110717773
5197,0.008820154704153538,,3405.4281721115112,88.05281949043274
5198,0.008706672117114067,,3406.0695526599884,88.0657286643982
5199,0.008473033085465431,,3406.711550951004,88.07869625091553
5200,0.008378188125789165,,3407.355416059494,88.09165477752686
5201,0.009052710607647896,,3407.99924826622,88.10474586486816
5202,0.009066705591976643,,3408.641613483429,88.11769676208496
5203,0.009743783622980118,,3409.285038471222,88.1307303905487
5204,0.010389430448412895,,3409.926789045334,88.14379382133484
5205,0.01021553110331297,,3410.5693159103394,88.15682339668274
5206,0.009704266674816608,,3411.2100636959076,88.16977429389954
5207,0.009148146957159042,,3411.8534898757935,88.18275451660156
5208,0.008670590817928314,,3412.496408700943,88.19573616981506
5209,0.008370760828256607,,3413.1387343406677,88.20872807502747
5210,0.008675599470734596,,3413.781147480011,88.22168779373169
5211,0.008724501356482506,,3414.7642283439636,88.23480129241943
5212,0.008745155297219753,,3415.408080101013,88.24777340888977
5213,0.00866567064076662,,3416.0507736206055,88.26069664955139
5214,0.008307626470923424,,3416.6920051574707,88.2736701965332
5215,0.008079559542238712,,3417.3339898586273,88.28654980659485
5216,0.008263155817985535,,3417.9764087200165,88.29950475692749
5217,0.008297653868794441,,3418.618754386902,88.31247973442078
5218,0.007950141094624996,,3419.260398387909,88.32546639442444
5219,0.007950765080749989,,3419.903503894806,88.33840203285217
5220,0.008081534877419472,,3420.545372247696,88.3513445854187
5221,0.008394856937229633,,3421.1870617866516,88.36431288719177
5222,0.008491653949022293,,3421.831186771393,88.37725234031677
5223,0.008066263049840927,,3422.473467350006,88.39017367362976
5224,0.008187920786440372,,3423.1145119667053,88.403076171875
5225,0.008659050799906254,,3423.7570893764496,88.41601991653442
5226,0.008710983209311962,,3424.3993258476257,88.42894864082336
5227,0.009001124650239944,,3425.0433011054993,88.4419014453888
5228,0.008739293552935123,,3425.68488740921,88.45495557785034
5229,0.008649371564388275,,3426.3274097442627,88.46787786483765
5230,0.008840980939567089,,3426.969098329544,88.48086714744568
5231,0.009398410096764565,,3427.6103835105896,88.49377918243408
5232,0.009080826304852962,,3428.251760005951,88.50672507286072
5233,0.008341137319803238,,3428.893964767456,88.51970672607422
5234,0.008318936452269554,,3429.537079334259,88.53272914886475
5235,0.00821687187999487,,3430.1804208755493,88.54567217826843
5236,0.008199861273169518,,3430.823156118393,88.55865573883057
5237,0.00811625923961401,,3431.4651470184326,88.57161164283752
5238,0.007855134084820747,,3432.4473528862,88.58456110954285
5239,0.007842048071324825,,3433.088665008545,88.59746050834656
5240,0.00805212464183569,,3433.72923207283,88.61040782928467
5241,0.008154320530593395,,3434.371956348419,88.62332701683044
5242,0.008273685351014137,,3435.0161170959473,88.63625240325928
5243,0.008254116401076317,,3435.6593778133392,88.6492829322815
5244,0.00814658123999834,,3436.302090406418,88.66225028038025
5245,0.007688858080655336,,3436.944367170334,88.67514777183533
5246,0.008001050911843777,,3437.586809396744,88.68805408477783
5247,0.00829496793448925,,3438.2296431064606,88.70104241371155
5248,0.008643529377877712,,3438.871503353119,88.71395206451416
5249,0.008694865740835667,,3439.513783931732,88.72688794136047
5250,0.009055783972144127,,3440.1561167240143,88.73984718322754
5251,0.00896207895129919,,3440.798026561737,88.75278663635254
5252,0.009257554076611996,,3441.438758611679,88.76572346687317
5253,0.008249443024396896,,3442.0808758735657,88.77868342399597
5254,0.008826937526464462,,3442.723738193512,88.79162263870239
5255,0.008523302152752876,,3443.3668575286865,88.80452585220337
5256,0.008226452395319939,,3444.008581638336,88.81745219230652
5257,0.007993129082024097,,3444.651492357254,88.83041548728943
5258,0.00814967043697834,,3445.2948791980743,88.84338164329529
5259,0.008056282997131348,,3445.936970472336,88.85632038116455
5260,0.008286719210445881,,3446.5790843963623,88.86921548843384
5261,0.009003850631415844,,3447.222203731537,88.88212537765503
5262,0.009408158250153065,,3447.8638138771057,88.89505076408386
5263,0.00931586604565382,,3448.5062441825867,88.90797328948975
5264,0.008996501564979553,,3449.147608280182,88.92091774940491
5265,0.008932591415941715,,3450.1291859149933,88.93391275405884
5266,0.008929283358156681,,3450.7708365917206,88.94690370559692
5267,0.008760165423154831,,3451.412842273712,88.95988059043884
5268,0.008654944598674774,,3452.055357694626,88.97289752960205
5269,0.008818438276648521,,3452.696667909622,88.98588037490845
5270,0.009081335738301277,,3453.3386850357056,88.99883079528809
5271,0.009133519604802132,,3453.9815192222595,89.01185822486877
5272,0.009109489619731903,,3454.6235456466675,89.02482509613037
5273,0.009330705739557743,,3455.265207529068,89.0377471446991
5274,0.00894864834845066,,3455.907311439514,89.05073618888855
5275,0.009251855313777924,,3456.5495636463165,89.06376266479492
5276,0.00931471772491932,,3457.191775560379,89.07668828964233
5277,0.009475402534008026,,3457.833979845047,89.089604139328
5278,0.00914750900119543,,3458.476560354233,89.10260677337646
5279,0.009427589364349842,,3459.1207644939423,89.11556005477905
5280,0.008790102787315845,,3459.763190507889,89.12848925590515
5281,0.009216248989105225,,3460.404891014099,89.14143657684326
5282,0.008942131884396076,,3461.046912908554,89.15442109107971
5283,0.009075051173567772,,3461.6892726421356,89.16738080978394
5284,0.009405137971043587,,3462.333806037903,89.18037056922913
5285,0.00952709000557661,,3462.9751777648926,89.19329142570496
5286,0.009160080924630165,,3463.6168739795685,89.20624613761902
5287,0.009245188906788826,,3464.2584307193756,89.21919751167297
5288,0.009069930762052536,,3464.8990988731384,89.23216223716736
5289,0.00877468753606081,,3465.5407240390778,89.24508261680603
5290,0.008709228597581387,,3466.1838376522064,89.25805282592773
5291,0.008680090308189392,,3466.82683634758,89.27099585533142
5292,0.00897282361984253,,3467.808226585388,89.28402733802795
5293,0.009169080294668674,,3468.4516100883484,89.29702281951904
5294,0.009073585271835327,,3469.0933203697205,89.31003022193909
5295,0.009368045255541801,,3469.7357444763184,89.32298541069031
5296,0.009557139128446579,,3470.378027200699,89.33601117134094
5297,0.009986321441829205,,3471.0196475982666,89.34897875785828
5298,0.009883158840239048,,3471.661642551422,89.36189556121826
5299,0.0089960228651762,,3472.304983854294,89.37494039535522
5300,0.009289070963859558,,3472.9480707645416,89.38794565200806
5301,0.009581414051353931,,3473.590613603592,89.4009690284729
5302,0.009872378781437874,,3474.232218027115,89.41390299797058
5303,0.010252216830849648,,3474.874407052994,89.42689037322998
5304,0.009380333125591278,,3475.5169067382812,89.43987250328064
5305,0.009790800511837006,,3476.1602489948273,89.45291352272034
5306,0.009232928045094013,,3476.802128791809,89.46591401100159
5307,0.009103174321353436,,3477.443784713745,89.47886395454407
5308,0.00871900375932455,,3478.084594488144,89.49189472198486
5309,0.008640702813863754,,3478.725918531418,89.50482082366943
5310,0.008535965345799923,,3479.370514392853,89.51777338981628
5311,0.008991553448140621,,3480.0138165950775,89.53073644638062
5312,0.00874683540314436,,3480.6560876369476,89.54371452331543
5313,0.008465680293738842,,3481.2981510162354,89.55673050880432
5314,0.008514415472745895,,3481.9390609264374,89.56972336769104
5315,0.008546596392989159,,3482.580623149872,89.58277630805969
5316,0.00876941904425621,,3483.222451210022,89.59577417373657
5317,0.008650015108287334,,3483.863783597946,89.60875654220581
5318,0.008382893167436123,,3484.5054936408997,89.62172150611877
5319,0.008457001298666,,3485.4852952957153,89.63467502593994
5320,0.00866734143346548,,3486.1266729831696,89.64764833450317
5321,0.008555078878998756,,3486.769366502762,89.66065311431885
5322,0.009253683499991894,,3487.4107604026794,89.67361402511597
5323,0.009843786247074604,,3488.053633213043,89.68662333488464
5324,0.009011638350784779,,3488.694531917572,89.69956254959106
5325,0.009043190628290176,,3489.3358166217804,89.71255421638489
5326,0.008947713300585747,,3489.978373527527,89.72554159164429
5327,0.008702078834176064,,3490.6205558776855,89.73853898048401
5328,0.008845068514347076,,3491.2623298168182,89.75145244598389
5329,0.008683459833264351,,3491.9046144485474,89.76445031166077
5330,0.008913715369999409,,3492.547084569931,89.77738308906555
5331,0.008652150630950928,,3493.189347743988,89.79043889045715
5332,0.008062218315899372,,3493.8312549591064,89.80346131324768
5333,0.007834633812308311,,3494.4738731384277,89.81650924682617
5334,0.007701636757701635,,3495.1153757572174,89.82954406738281
5335,0.00796143151819706,,3495.7573306560516,89.84251117706299
5336,0.007877192460000515,,3496.3992290496826,89.85549139976501
5337,0.007858389057219028,,3497.0422599315643,89.86849331855774
5338,0.008077144622802734,,3497.683263540268,89.88138270378113
5339,0.008198549039661884,,3498.3250942230225,89.89440584182739
5340,0.00833827629685402,,3498.9664475917816,89.9073178768158
5341,0.008233598433434963,,3499.6082792282104,89.9202983379364
5342,0.008095880039036274,,3500.251266002655,89.93326115608215
5343,0.008371463976800442,,3500.8929193019867,89.94621109962463
5344,0.00830734334886074,,3501.534222126007,89.95916438102722
5345,0.008231738582253456,,3502.1774814128876,89.97217059135437
5346,0.008206311613321304,,3503.1581060886383,89.98512840270996
5347,0.008323905989527702,,3503.8021471500397,89.9980685710907
5348,0.00833615381270647,,3504.4444527626038,90.0110502243042
5349,0.008840165100991726,,3505.0863807201385,90.02399516105652
5350,0.008895698003470898,,3505.7285861968994,90.03699588775635
5351,0.008957182057201862,,3506.3714051246643,90.05002880096436
5352,0.008863644674420357,,3507.012692928314,90.0630567073822
5353,0.008496284484863281,,3507.654769182205,90.07604146003723
5354,0.008655732497572899,,3508.298255443573,90.08905816078186
5355,0.008512375876307487,,3508.94185256958,90.10200953483582
5356,0.008575075305998325,,3509.5856397151947,90.11500597000122
5357,0.008697560988366604,,3510.2276713848114,90.12802267074585
5358,0.008816194720566273,,3510.870119333267,90.14099311828613
5359,0.008583261631429195,,3511.511799812317,90.15399241447449
5360,0.009494202211499214,,3512.154750108719,90.16691303253174
5361,0.00927913561463356,,3512.796408891678,90.17989993095398
5362,0.00972117017954588,,3513.438870191574,90.19287014007568
5363,0.009797328151762486,,3514.0814406871796,90.20590806007385
5364,0.009401444345712662,,3514.724518060684,90.21894264221191
5365,0.009184342809021473,,3515.3662486076355,90.23193740844727
5366,0.009139753878116608,,3516.00918340683,90.24486041069031
5367,0.010200710967183113,,3516.6509912014008,90.25782537460327
5368,0.010368147864937782,,3517.2941193580627,90.27080059051514
5369,0.00931203830987215,,3517.936505317688,90.28380060195923
5370,0.009785746224224567,,3518.580637693405,90.29674291610718
5371,0.00934614147990942,,3519.2237741947174,90.30978894233704
5372,0.009265590459108353,,3519.866240501404,90.32279109954834
5373,0.009213627316057682,,3520.848002910614,90.33575391769409
5374,0.009377232752740383,,3521.490327358246,90.34870409965515
5375,0.00886853039264679,,3522.1315562725067,90.36165928840637
5376,0.008968398906290531,,3522.773981809616,90.37459683418274
5377,0.009575645439326763,,3523.416804075241,90.38753414154053
5378,0.009885690174996853,,3524.0584836006165,90.40048432350159
5379,0.009356722235679626,,3524.6999995708466,90.41343712806702
5380,0.010123435407876968,,3525.341825723648,90.4263527393341
5381,0.009035289287567139,,3525.98512840271,90.43936705589294
5382,0.008924438618123531,,3526.6271736621857,90.45235538482666
5383,0.00943071860820055,,3527.2690331935883,90.46535611152649
5384,0.00893127266317606,,3527.911909341812,90.47828316688538
5385,0.008862149901688099,,3528.5550911426544,90.49122262001038
5386,0.008450102992355824,,3529.1976170539856,90.50415349006653
5387,0.00916985422372818,,3529.840200662613,90.51707100868225
5388,0.008692406117916107,,3530.481064081192,90.53005743026733
5389,0.008468331769108772,,3531.124256849289,90.54294991493225
5390,0.008587527088820934,,3531.765794277191,90.55591464042664
5391,0.00852977391332388,,3532.4077496528625,90.56887030601501
5392,0.008219746872782707,,3533.0487389564514,90.58184576034546
5393,0.007976191118359566,,3533.690421104431,90.59488797187805
5394,0.008876718580722809,,3534.332801580429,90.60790133476257
5395,0.00918309111148119,,3534.974884033203,90.62095737457275
5396,0.009842620231211185,,3535.617185354233,90.6339795589447
5397,0.00935697928071022,,3536.261245727539,90.6469829082489
5398,0.008662058971822262,,3536.9047293663025,90.65992975234985
5399,0.008727249689400196,,3537.5479996204376,90.67295169830322
5400,0.00899879913777113,,3538.5272963047028,90.685861825943
5401,0.008667457848787308,,3539.169938802719,90.69879531860352
5402,0.008514604531228542,,3539.8111624717712,90.71172404289246
5403,0.008683097548782825,,3540.454393863678,90.72466707229614
5404,0.008160400204360485,,3541.0958874225616,90.7376000881195
5405,0.008247332647442818,,3541.7399871349335,90.75055241584778
5406,0.008146204054355621,,3542.3813276290894,90.76346015930176
5407,0.008264310657978058,,3543.0244171619415,90.77640008926392
5408,0.008211999200284481,,3543.6661019325256,90.78927898406982
5409,0.008060762658715248,,3544.3094742298126,90.80219054222107
5410,0.009021567180752754,,3544.9530730247498,90.8151547908783
5411,0.008727717213332653,,3545.5949187278748,90.82806515693665
5412,0.008384449407458305,,3546.237506866455,90.8410804271698
5413,0.008280104957520962,,3546.880045890808,90.85402607917786
5414,0.008692214265465736,,3547.5215804576874,90.8669912815094
5415,0.008657732047140598,,3548.162878513336,90.87990522384644
5416,0.008409133180975914,,3548.803959608078,90.89288830757141
5417,0.008544180542230606,,3549.4452493190765,90.90584349632263
5418,0.008668202906847,,3550.0868496894836,90.91884088516235
5419,0.008903603069484234,,3550.729578256607,90.93173050880432
5420,0.009078564122319221,,3551.3719050884247,90.94470310211182
5421,0.009007645770907402,,3552.014650583267,90.95761847496033
5422,0.009708830155432224,,3552.65643119812,90.97058868408203
5423,0.009775586426258087,,3553.2988843917847,90.98351216316223
5424,0.010326703079044819,,3553.941575527191,90.99654746055603
5425,0.009678342379629612,,3554.5832347869873,91.00948524475098
5426,0.008697662502527237,,3555.2258071899414,91.02250146865845
5427,0.00920010358095169,,3556.210129261017,91.0354540348053
5428,0.00975638534873724,,3556.853701353073,91.04845976829529
5429,0.009371369145810604,,3557.4966843128204,91.06143879890442
5430,0.010104258544743061,,3558.138632774353,91.0743637084961
5431,0.00994637981057167,,3558.7815091609955,91.08734250068665
5432,0.00976627878844738,,3559.424119234085,91.10031533241272
5433,0.009362186305224895,,3560.066303730011,91.11324262619019
5434,0.009721903130412102,,3560.7081274986267,91.12615370750427
5435,0.010558865033090115,,3561.349538564682,91.13917016983032
5436,0.010700853541493416,,3561.9914445877075,91.15208983421326
5437,0.010194724425673485,,3562.6331264972687,91.1650869846344
5438,0.009939274750649929,,3563.2747411727905,91.17797780036926
5439,0.009846188127994537,,3563.9174892902374,91.19094371795654
5440,0.009092164225876331,,3564.5598483085632,91.20392394065857
5441,0.008817068301141262,,3565.20108294487,91.21693015098572
5442,0.008441300131380558,,3565.842821121216,91.22989392280579
5443,0.008546294644474983,,3566.483911514282,91.2429256439209
5444,0.009132145904004574,,3567.1271543502808,91.25585865974426
5445,0.008915050886571407,,3567.7694597244263,91.2688238620758
5446,0.007978898473083973,,3568.4101734161377,91.28179264068604
5447,0.008011761121451855,,3569.0531327724457,91.29475259780884
5448,0.007884724996984005,,3569.694559812546,91.30774450302124
5449,0.007934344001114368,,3570.3361797332764,91.32074904441833
5450,0.007762530818581581,,3570.9795637130737,91.33372712135315
5451,0.0074624186381697655,,3571.6218814849854,91.34671211242676
5452,0.007731628138571978,,3572.2643043994904,91.35967707633972
5453,0.007949787192046642,,3572.906491994858,91.37266421318054
5454,0.00835015345364809,,3573.8903999328613,91.38557004928589
5455,0.00818993616849184,,3574.533352136612,91.39845752716064
5456,0.008571608923375607,,3575.1759219169617,91.41146922111511
5457,0.008180730976164341,,3575.81871676445,91.42442321777344
5458,0.008294138126075268,,3576.459724187851,91.4373390674591
5459,0.0081602418795228,,3577.103047132492,91.45026755332947
5460,0.008723516948521137,,3577.744504213333,91.4632396697998
5461,0.00903869979083538,,3578.3877103328705,91.47618341445923
5462,0.00900233630090952,,3579.0288276672363,91.48910188674927
5463,0.008699019439518452,,3579.6715273857117,91.50207161903381
5464,0.00882586371153593,,3580.312779188156,91.51502871513367
5465,0.009035113267600536,,3580.9556879997253,91.52794361114502
5466,0.008628593757748604,,3581.5977187156677,91.54093861579895
5467,0.00889779906719923,,3582.2402789592743,91.5538535118103
5468,0.008339706808328629,,3582.882258415222,91.5668396949768
5469,0.008197223767638206,,3583.5258824825287,91.57973217964172
5470,0.008715427480638027,,3584.167000770569,91.59268236160278
5471,0.009093004278838634,,3584.8106083869934,91.60560441017151
5472,0.008921388536691666,,3585.451929092407,91.61852955818176
5473,0.008421561680734158,,3586.0936753749847,91.63144874572754
5474,0.008120900020003319,,3586.735279560089,91.64439344406128
5475,0.009044678881764412,,3587.3781559467316,91.65734457969666
5476,0.008946040645241737,,3588.021092891693,91.67027354240417
5477,0.009099307470023632,,3588.663370370865,91.6832127571106
5478,0.00868945475667715,,3589.304528951645,91.69618773460388
5479,0.008642717264592648,,3589.9471554756165,91.70912265777588
5480,0.009323214180767536,,3590.588924407959,91.72207570075989
5481,0.009716907516121864,,3591.569450855255,91.73502159118652
5482,0.009582974016666412,,3592.211001634598,91.74802207946777
5483,0.009776558727025986,,3592.853214263916,91.7610194683075
5484,0.010282943025231361,,3593.4966535568237,91.77401733398438
5485,0.010586564429104328,,3594.1401183605194,91.78702569007874
5486,0.010629604570567608,,3594.783060312271,91.7999894618988
5487,0.010658124461770058,,3595.4257686138153,91.81293177604675
5488,0.010121913626790047,,3596.066838979721,91.82592058181763
5489,0.009653167799115181,,3596.709370613098,91.83888030052185
5490,0.00941474735736847,,3597.3538398742676,91.85187005996704
5491,0.010414979420602322,,3597.996721982956,91.86487007141113
5492,0.011248555965721607,,3598.638736486435,91.87785530090332
5493,0.010518522933125496,,3599.2799792289734,91.89079213142395
5494,0.010243669152259827,,3599.92205119133,91.9037606716156
5495,0.010137534700334072,,3600.5660519599915,91.9167640209198
5496,0.010118739679455757,,3601.20844745636,91.92973351478577
5497,0.010026604868471622,,3601.8501765727997,91.94268727302551
5498,0.010183640755712986,,3602.491874933243,91.95563578605652
5499,0.010535681620240211,,3603.133401155472,91.96862936019897
5500,0.010786578059196472,0.004534169100224972,3603.7759203910828,93.85625576972961
5501,0.010853387415409088,,3604.4191920757294,93.86918044090271
5502,0.010296937078237534,,3605.0609018802643,93.88215231895447
5503,0.009837991558015347,,3605.7039906978607,93.89508366584778
5504,0.011063448153436184,,3606.3453245162964,93.9080719947815
5505,0.011570900678634644,,3606.987471342087,93.92101430892944
5506,0.010850011371076107,,3607.6289184093475,93.93400979042053
5507,0.011046883650124073,,3608.2710649967194,93.94697976112366
5508,0.00995360966771841,,3609.2505416870117,93.96000051498413
5509,0.00972044002264738,,3609.8918619155884,93.97300791740417
5510,0.009449326433241367,,3610.533799648285,93.98600363731384
5511,0.010072896257042885,,3611.1752364635468,93.99899244308472
5512,0.01024725753813982,,3611.8164763450623,94.01193189620972
5513,0.009784216061234474,,3612.4592669010162,94.02490568161011
5514,0.009441528469324112,,3613.101028442383,94.03789114952087
5515,0.00931144505739212,,3613.744200706482,94.05081081390381
5516,0.008550398983061314,,3614.386615753174,94.06376123428345
5517,0.008462788537144661,,3615.0291182994843,94.07679891586304
5518,0.008668848313391209,,3615.6721539497375,94.08977437019348
5519,0.008686939254403114,,3616.3145492076874,94.10274577140808
5520,0.0084550641477108,,3616.9571676254272,94.11576437950134
5521,0.009022900834679604,,3617.5995523929596,94.12878608703613
5522,0.008530227467417717,,3618.2418003082275,94.14180159568787
5523,0.008339579217135906,,3618.88326048851,94.15481472015381
5524,0.007587718311697245,,3619.5254220962524,94.16780161857605
5525,0.007516433019191027,,3620.16716837883,94.18079805374146
5526,0.0074483491480350494,,3620.8083715438843,94.19379329681396
5527,0.0076505565084517,,3621.4500963687897,94.20680856704712
5528,0.007782123517245054,,3622.092940568924,94.21980714797974
5529,0.00825639721006155,,3622.7344977855682,94.23280429840088
5530,0.008265831507742405,,3623.376896381378,94.24574828147888
5531,0.007799575570970774,,3624.0195696353912,94.25871849060059
5532,0.008101045154035091,,3624.6628963947296,94.27166628837585
5533,0.008002325892448425,,3625.3053181171417,94.28460788726807
5534,0.00778993358835578,,3625.9471724033356,94.29761815071106
5535,0.008309105411171913,,3626.9275064468384,94.31053900718689
5536,0.008324828930199146,,3627.568669319153,94.32346701622009
5537,0.008066993206739426,,3628.2124722003937,94.33641290664673
5538,0.008620190434157848,,3628.853621006012,94.34929013252258
5539,0.008666674606502056,,3629.4964125156403,94.36221671104431
5540,0.008581100963056087,,3630.139652967453,94.37515640258789
5541,0.008665266446769238,,3630.783050060272,94.38808369636536
5542,0.008763793855905533,,3631.424992799759,94.4010112285614
5543,0.00862086284905672,,3632.0675897598267,94.4139199256897
5544,0.008271667174994946,,3632.7096552848816,94.42686748504639
5545,0.008438953198492527,,3633.351691007614,94.43983435630798
5546,0.007469896227121353,,3633.9936802387238,94.45281314849854
5547,0.007723159156739712,,3634.6359338760376,94.46584224700928
5548,0.0082089276984334,,3635.277713060379,94.47878193855286
5549,0.007757396437227726,,3635.9202466011047,94.49171781539917
5550,0.008040549233555794,,3636.5621073246,94.5047082901001
5551,0.007188089191913605,,3637.203547477722,94.51775121688843
5552,0.00774992024526,,3637.845934867859,94.53078436851501
5553,0.007920694537460804,,3638.487664461136,94.54382658004761
5554,0.008119987323880196,,3639.129593849182,94.55681133270264
5555,0.008306002244353294,,3639.7710490226746,94.56980895996094
5556,0.00814150832593441,,3640.4129209518433,94.58279824256897
5557,0.00815066508948803,,3641.0551409721375,94.59580898284912
5558,0.00850786454975605,,3641.6967375278473,94.6088514328003
5559,0.008471640758216381,,3642.338735103607,94.62182259559631
5560,0.00850615743547678,,3642.9810757637024,94.63481783866882
5561,0.008578463457524776,,3643.623111009598,94.64779567718506
5562,0.00844863336533308,,3644.6044766902924,94.66069269180298
5563,0.00827572401612997,,3645.2458736896515,94.6737151145935
5564,0.007926272228360176,,3645.8901312351227,94.68666505813599
5565,0.008023953065276146,,3646.5326685905457,94.69964098930359
5566,0.0077665261924266815,,3647.1741938591003,94.71257591247559
5567,0.007923168130218983,,3647.8181796073914,94.7255585193634
5568,0.007646169047802687,,3648.461442708969,94.73846578598022
5569,0.007680376525968313,,3649.1048192977905,94.75142168998718
5570,0.007107236422598362,,3649.747668027878,94.76433658599854
5571,0.0073270490393042564,,3650.389259815216,94.77730774879456
5572,0.007205853704363108,,3651.0302925109863,94.79022669792175
5573,0.007121055852621794,,3651.6719965934753,94.80325555801392
5574,0.007556007709354162,,3652.3141655921936,94.81620812416077
5575,0.008009959943592548,,3652.95587348938,94.82918930053711
5576,0.00883718766272068,,3653.596681833267,94.8421220779419
5577,0.008941026404500008,,3654.2383925914764,94.85508465766907
5578,0.009737664833664894,,3654.880363702774,94.86801242828369
5579,0.009954734705388546,,3655.5215628147125,94.88098335266113
5580,0.009446358308196068,,3656.1627674102783,94.89388251304626
5581,0.009658725932240486,,3656.804627895355,94.90695428848267
5582,0.010268122889101505,,3657.445365190506,94.9199287891388
5583,0.011318191885948181,,3658.0882501602173,94.93291234970093
5584,0.011106091551482677,,3658.731028318405,94.94582629203796
5585,0.009945292957127094,,3659.3733897209167,94.95881605148315
5586,0.009778442792594433,,3660.0143887996674,94.97186231613159
5587,0.010286194272339344,,3660.6563963890076,94.98486948013306
5588,0.01016297098249197,,3661.2975075244904,94.99784827232361
5589,0.009135271422564983,,3662.28107714653,95.01079893112183
5590,0.008420039899647236,,3662.922827720642,95.02373719215393
5591,0.008475303649902344,,3663.565356731415,95.03662109375
5592,0.009164886549115181,,3664.207766532898,95.04954814910889
5593,0.008825013414025307,,3664.8510942459106,95.06255555152893
5594,0.009132525883615017,,3665.492325782776,95.07552027702332
5595,0.009091829881072044,,3666.1348309516907,95.08850026130676
5596,0.009587036445736885,,3666.776639699936,95.10152196884155
5597,0.008895276114344597,,3667.419109582901,95.11447286605835
5598,0.00904477946460247,,3668.060961961746,95.12744235992432
5599,0.009283166378736496,,3668.7030398845673,95.14035201072693
5600,0.009118621237576008,,3669.345615386963,95.15327596664429
5601,0.009437846019864082,,3669.9874062538147,95.16623592376709
5602,0.009000149555504322,,3670.6287775039673,95.17924547195435
5603,0.009259497746825218,,3671.272344827652,95.19224548339844
5604,0.009639048017561436,,3671.914178609848,95.20524430274963
5605,0.009438669309020042,,3672.557008743286,95.21819543838501
5606,0.009509244933724403,,3673.2005231380463,95.23113775253296
5607,0.009020204655826092,,3673.8435151576996,95.2440710067749
5608,0.008602903224527836,,3674.4848392009735,95.25704407691956
5609,0.008609993383288383,,3675.126469373703,95.27005982398987
5610,0.008807803504168987,,3675.7684836387634,95.283029794693
5611,0.008105272427201271,,3676.4100303649902,95.29600667953491
5612,0.007823551073670387,,3677.0516741275787,95.30894875526428
5613,0.008057593367993832,,3677.6940071582794,95.32196092605591
5614,0.007857059128582478,,3678.336028814316,95.33490133285522
5615,0.007599654141813517,,3678.9794964790344,95.34784412384033
5616,0.007891597226262093,,3679.961728334427,95.36078715324402
5617,0.007781230378895998,,3680.604474544525,95.37369441986084
5618,0.007851704955101013,,3681.2457716464996,95.38659954071045
5619,0.007929986342787743,,3681.88725066185,95.39955425262451
5620,0.008317048661410809,,3682.529060125351,95.4124493598938
5621,0.008307861164212227,,3683.170552253723,95.4253716468811
5622,0.008546681143343449,,3683.811697244644,95.43831515312195
5623,0.008334334939718246,,3684.4539427757263,95.45122027397156
5624,0.008124805986881256,,3685.096432685852,95.4641706943512
5625,0.007766149938106537,,3685.7390370368958,95.47711634635925
5626,0.007876225747168064,,3686.3824779987335,95.49003529548645
5627,0.00787845253944397,,3687.024362564087,95.50296258926392
5628,0.007343129720538855,,3687.6665625572205,95.51598525047302
5629,0.0073912059888243675,,3688.30833363533,95.52893114089966
5630,0.007888994179666042,,3688.95099067688,95.54186630249023
5631,0.007973885163664818,,3689.594123363495,95.55479288101196
5632,0.008085198700428009,,3690.235342025757,95.56772494316101
5633,0.00834907591342926,,3690.878046989441,95.58067727088928
5634,0.00782465934753418,,3691.519851207733,95.59362745285034
5635,0.007495456375181675,,3692.1617867946625,95.60653042793274
5636,0.008110488764941692,,3692.8029980659485,95.61948561668396
5637,0.007772563025355339,,3693.4448087215424,95.63243818283081
5638,0.007850230671465397,,3694.0860295295715,95.64536237716675
5639,0.008125745691359043,,3694.728856563568,95.65832948684692
5640,0.008426629938185215,,3695.369542121887,95.67128944396973
5641,0.00841907225549221,,3696.012298822403,95.68423986434937
5642,0.008390707895159721,,3696.655333518982,95.69717669487
5643,0.008444380946457386,,3697.6372950077057,95.71017980575562
5644,0.008485612459480762,,3698.2797617912292,95.72317266464233
5645,0.009012309834361076,,3698.921262741089,95.73621153831482
5646,0.008249891921877861,,3699.5623745918274,95.74921464920044
5647,0.008019103668630123,,3700.204606294632,95.76216411590576
5648,0.008376249112188816,,3700.8470249176025,95.77510523796082
5649,0.008127584122121334,,3701.4891884326935,95.78807830810547
5650,0.0084278155118227,,3702.132257938385,95.80106329917908
5651,0.007847951725125313,,3702.7736563682556,95.81401085853577
5652,0.008011853322386742,,3703.415901184082,95.82693028450012
5653,0.007833813317120075,,3704.0576434135437,95.83985424041748
5654,0.007538235280662775,,3704.6986815929413,95.85286903381348
5655,0.00734708784148097,,3705.3400428295135,95.86580848693848
5656,0.007446969859302044,,3705.9810042381287,95.87873244285583
5657,0.007402375806123018,,3706.6228585243225,95.89172577857971
5658,0.007912993431091309,,3707.2655005455017,95.90465378761292
5659,0.00826098583638668,,3707.9100139141083,95.91757464408875
5660,0.008750521577894688,,3708.5531256198883,95.93051409721375
5661,0.008732412941753864,,3709.1965396404266,95.94344329833984
5662,0.008306197822093964,,3709.838413476944,95.95634651184082
5663,0.008608327247202396,,3710.4799122810364,95.96929621696472
5664,0.008453232236206532,,3711.120625257492,95.98222517967224
5665,0.008926501497626305,,3711.7621924877167,95.99514555931091
5666,0.008745131082832813,,3712.403180837631,96.00807404518127
5667,0.008726352825760841,,3713.0446031093597,96.02098965644836
5668,0.008486778475344181,,3713.6865079402924,96.03395247459412
5669,0.008206754922866821,,3714.327618122101,96.04688835144043
5670,0.007552004419267178,,3715.309592962265,96.05991101264954
5671,0.0074259876273572445,,3715.951394557953,96.07287359237671
5672,0.0074050514958798885,,3716.593406677246,96.08592319488525
5673,0.00779888778924942,,3717.23494887352,96.09892797470093
5674,0.008009645156562328,,3717.8776803016663,96.11191272735596
5675,0.007351206615567207,,3718.520345687866,96.12493848800659
5676,0.007721307687461376,,3719.161901950836,96.137930393219
5677,0.007549675647169352,,3719.8060426712036,96.15095329284668
5678,0.007276234682649374,,3720.447633743286,96.16392874717712
5679,0.007787600625306368,,3721.0898728370667,96.17688655853271
5680,0.0077218604274094105,,3721.7315163612366,96.18986558914185
5681,0.008051306009292603,,3722.374173641205,96.20283389091492
5682,0.007487588096410036,,3723.0154795646667,96.21586060523987
5683,0.007812118157744408,,3723.6582674980164,96.22891116142273
5684,0.007642676122486591,,3724.3010156154633,96.24190545082092
5685,0.0077530923299491405,,3724.9434518814087,96.25485825538635
5686,0.008188868872821331,,3725.585921525955,96.26786208152771
5687,0.008184214122593403,,3726.2272489070892,96.28080677986145
5688,0.00845721922814846,,3726.8693554401398,96.29381155967712
5689,0.008210426196455956,,3727.5110540390015,96.30672860145569
5690,0.008261250331997871,,3728.1523633003235,96.31966137886047
5691,0.008061391301453114,,3728.794568300247,96.3326997756958
5692,0.008039737120270729,,3729.4367105960846,96.3456358909607
5693,0.008463519625365734,,3730.0781347751617,96.35862994194031
5694,0.008383078500628471,,3730.720066308975,96.37157964706421
5695,0.007659714203327894,,3731.3612468242645,96.38457465171814
5696,0.007920637726783752,,3732.00297498703,96.39755153656006
5697,0.008086462505161762,,3732.9836468696594,96.410560131073
5698,0.007975948043167591,,3733.624545812607,96.42354416847229
5699,0.008263180032372475,,3734.266100168228,96.43651056289673
5700,0.007882216013967991,,3734.9081540107727,96.4494354724884
5701,0.008313676342368126,,3735.550170660019,96.46241974830627
5702,0.008114895783364773,,3736.1919350624084,96.47534775733948
5703,0.008385314606130123,,3736.8347482681274,96.48826932907104
5704,0.008484939113259315,,3737.4777448177338,96.50125360488892
5705,0.008318603038787842,,3738.1206011772156,96.51420760154724
5706,0.008382766507565975,,3738.7612998485565,96.5271737575531
5707,0.008585474453866482,,3739.404453754425,96.54011511802673
5708,0.008977520279586315,,3740.045557975769,96.5530366897583
5709,0.008379927836358547,,3740.687937259674,96.56603693962097
5710,0.008644754067063332,,3741.3290555477142,96.5790023803711
5711,0.008294513449072838,,3741.9709179401398,96.59195399284363
5712,0.007782172877341509,,3742.6125214099884,96.60493087768555
5713,0.007745359092950821,,3743.2546977996826,96.61792135238647
5714,0.007521731313318014,,3743.8981153964996,96.63093543052673
5715,0.007124240975826979,,3744.5401327610016,96.64392518997192
5716,0.007166946306824684,,3745.1819183826447,96.65687227249146
5717,0.007327771745622158,,3745.824108362198,96.66991686820984
5718,0.00752287358045578,,3746.4652512073517,96.68288207054138
5719,0.007990023121237755,,3747.106616973877,96.69591569900513
5720,0.007768371142446995,,3747.7484805583954,96.70887398719788
5721,0.007580074016004801,,3748.390485048294,96.72185254096985
5722,0.007647196762263775,,3749.034017801285,96.73479676246643
5723,0.007360258139669895,,3749.675987482071,96.74776315689087
5724,0.0071024508215487,,3750.6551625728607,96.76076078414917
5725,0.007326745893806219,,3751.2973008155823,96.77378797531128
5726,0.007546552922576666,,3751.9403524398804,96.78674960136414
5727,0.007753387093544006,,3752.583019733429,96.79977583885193
5728,0.0073835584335029125,,3753.2255527973175,96.81277251243591
5729,0.007275005336850882,,3753.867866039276,96.82572293281555
5730,0.007615456357598305,,3754.508779525757,96.83874702453613
5731,0.007579683791846037,,3755.152228116989,96.85170078277588
5732,0.00724472850561142,,3755.7932980060577,96.86466312408447
5733,0.007513595279306173,,3756.4359991550446,96.87763690948486
5734,0.007451308891177177,,3757.078807592392,96.89060688018799
5735,0.007242830004543066,,3757.7224957942963,96.90362906455994
5736,0.007563472259789705,,3758.363852739334,96.91664457321167
5737,0.00802650023251772,,3759.006509065628,96.92960524559021
5738,0.00876129511743784,,3759.648643732071,96.94258856773376
5739,0.008572009392082691,,3760.2909421920776,96.95559406280518
5740,0.008227166719734669,,3760.9321627616882,96.96862268447876
5741,0.008909090422093868,,3761.575957775116,96.98158955574036
5742,0.008974460884928703,,3762.2168984413147,96.99458360671997
5743,0.008212265558540821,,3762.8587675094604,97.00759029388428
5744,0.008167409338057041,,3763.500123023987,97.02055501937866
5745,0.008126946166157722,,3764.1425306797028,97.03351712226868
5746,0.007934673689305782,,3764.7841329574585,97.04652285575867
5747,0.007724886294454336,,3765.4256925582886,97.05949258804321
5748,0.00789856631308794,,3766.067802667618,97.0724709033966
5749,0.008077780716121197,,3766.7113387584686,97.0854868888855
5750,0.008303671143949032,,3767.3541469573975,97.09850096702576
5751,0.008091076277196407,,3768.3359031677246,97.1114490032196
5752,0.007925295270979404,,3768.9769883155823,97.12438535690308
5753,0.007779528386890888,,3769.618763446808,97.13732171058655
5754,0.007562551647424698,,3770.2608466148376,97.1502206325531
5755,0.007560483179986477,,3770.9027121067047,97.1631691455841
5756,0.007423121482133865,,3771.545366048813,97.17611598968506
5757,0.007966898381710052,,3772.188850402832,97.1890287399292
5758,0.008149921894073486,,3772.82989358902,97.20192790031433
5759,0.008186609484255314,,3773.472289800644,97.21487236022949
5760,0.008030069060623646,,3774.115259885788,97.22787046432495
5761,0.008238978683948517,,3774.757838487625,97.24082660675049
5762,0.008316944353282452,,3775.398497581482,97.25380110740662
5763,0.007985304109752178,,3776.040657043457,97.26682901382446
5764,0.007629696279764175,,3776.6819109916687,97.27984547615051
5765,0.007710336707532406,,3777.3265833854675,97.29287695884705
5766,0.007769086863845587,,3777.96777176857,97.3058774471283
5767,0.007627091370522976,,3778.611316680908,97.31890344619751
5768,0.00821099616587162,,3779.253199338913,97.33191514015198
5769,0.00809945072978735,,3779.8951926231384,97.34488773345947
5770,0.008010313846170902,,3780.5367436408997,97.35785961151123
5771,0.007757534272968769,,3781.180643796921,97.37087035179138
5772,0.007716701366007328,,3781.8238995075226,97.38381266593933
5773,0.008108580484986305,,3782.465685606003,97.39677619934082
5774,0.008413169533014297,,3783.1064813137054,97.40977096557617
5775,0.008534391410648823,,3783.7495968341827,97.42272615432739
5776,0.008189953863620758,,3784.3908002376556,97.43569445610046
5777,0.008294271305203438,,3785.034349679947,97.44867300987244
5778,0.008899655193090439,,3786.01438331604,97.46161246299744
5779,0.008939908817410469,,3786.6564390659332,97.47457337379456
5780,0.008765475824475288,,3787.299090862274,97.48747181892395
5781,0.009085080586373806,,3787.9405994415283,97.50047707557678
5782,0.009380850940942764,,3788.583910703659,97.51342177391052
5783,0.009057491086423397,,3789.227224111557,97.52639627456665
5784,0.00936422310769558,,3789.8701179027557,97.5393602848053
5785,0.009338590316474438,,3790.512698173523,97.55233240127563
5786,0.00897666160017252,,3791.155110836029,97.56529259681702
5787,0.008733689785003662,,3791.7983078956604,97.57820463180542
5788,0.008874776773154736,,3792.439809322357,97.5911157131195
5789,0.008692710660398006,,3793.0829350948334,97.60403084754944
5790,0.008662624284625053,,3793.724911212921,97.61698079109192
5791,0.00856729131191969,,3794.3670666217804,97.62991786003113
5792,0.008305726572871208,,3795.009465932846,97.64282727241516
5793,0.008339513093233109,,3795.6520326137543,97.65577530860901
5794,0.008215333335101604,,3796.2928330898285,97.6687216758728
5795,0.008364330045878887,,3796.9344820976257,97.6816258430481
5796,0.00861442182213068,,3797.5763278007507,97.69456052780151
5797,0.00919383391737938,,3798.219908952713,97.70749592781067
5798,0.009295368567109108,,3798.8608379364014,97.72038841247559
5799,0.009161928668618202,,3799.503522157669,97.73330664634705
5800,0.008850190788507462,,3800.145545721054,97.74628329277039
5801,0.008698885329067707,,3800.787851333618,97.75919914245605
5802,0.008975121192634106,,3801.4302027225494,97.77215814590454
5803,0.009163495153188705,,3802.072011947632,97.785147190094
5804,0.009746472351253033,,3802.715034723282,97.79805994033813
5805,0.00934506580233574,,3803.6982312202454,97.81110620498657
5806,0.009366864338517189,,3804.3403408527374,97.82409191131592
5807,0.00930526852607727,,3804.98272562027,97.83708500862122
5808,0.009467908181250095,,3805.6236884593964,97.85005140304565
5809,0.009164558723568916,,3806.266806602478,97.86305570602417
5810,0.008949438109993935,,3806.908045768738,97.87606549263
5811,0.008696964010596275,,3807.549625635147,97.88911747932434
5812,0.008565069176256657,,3808.1930334568024,97.90203022956848
5813,0.008446067571640015,,3808.8345942497253,97.91500759124756
5814,0.008584652096033096,,3809.477413415909,97.92799258232117
5815,0.008654980920255184,,3810.118509531021,97.9408950805664
5816,0.008389673195779324,,3810.76079082489,97.95388007164001
5817,0.008484169840812683,,3811.404497861862,97.96680331230164
5818,0.00839711632579565,,3812.0454387664795,97.97980380058289
5819,0.00840054266154766,,3812.6871597766876,97.99274754524231
5820,0.008212447166442871,,3813.329087495804,98.00568532943726
5821,0.00760460551828146,,3813.9713599681854,98.01863431930542
5822,0.007752757519483566,,3814.6123027801514,98.03169465065002
5823,0.007744361646473408,,3815.2545804977417,98.0446081161499
5824,0.00756994541734457,,3815.8972561359406,98.05756735801697
5825,0.00764075992628932,,3816.539411306381,98.0705213546753
5826,0.0075659784488379955,,3817.1814064979553,98.08352780342102
5827,0.007653095759451389,,3817.8248856067657,98.09645915031433
5828,0.007679926697164774,,3818.4658167362213,98.10938668251038
5829,0.008010534569621086,,3819.1093854904175,98.12237596511841
5830,0.00806116871535778,,3819.7509384155273,98.13533544540405
5831,0.008085780777037144,,3820.3923416137695,98.14834213256836
5832,0.008206233382225037,,3821.3744995594025,98.16125226020813
5833,0.008149798959493637,,3822.0160071849823,98.17424774169922
5834,0.008140208199620247,,3822.657816171646,98.1872124671936
5835,0.008383744396269321,,3823.3006439208984,98.20017409324646
5836,0.008317600935697556,,3823.9434990882874,98.21311140060425
5837,0.008357231505215168,,3824.585292339325,98.22608995437622
5838,0.008234326727688313,,3825.2276775836945,98.23905754089355
5839,0.00840915646404028,,3825.869544029236,98.25204253196716
5840,0.008201838470995426,,3826.512265920639,98.26501989364624
5841,0.007774247322231531,,3827.155630350113,98.27804446220398
5842,0.007996948435902596,,3827.7966883182526,98.29096913337708
5843,0.007865354418754578,,3828.438182592392,98.30396819114685
5844,0.00801169779151678,,3829.080456018448,98.31692576408386
5845,0.008239509537816048,,3829.7238895893097,98.32994151115417
5846,0.008031165227293968,,3830.3664791584015,98.34287357330322
5847,0.008141091093420982,,3831.0101120471954,98.35582661628723
5848,0.008069584146142006,,3831.6517860889435,98.36879587173462
5849,0.008001099340617657,,3832.293482065201,98.38172650337219
5850,0.008125453256070614,,3832.9361934661865,98.39468169212341
5851,0.008078524842858315,,3833.579066514969,98.40762567520142
5852,0.007931405678391457,,3834.220956325531,98.4205367565155
5853,0.007997953332960606,,3834.862717151642,98.4334819316864
5854,0.008037394843995571,,3835.5055656433105,98.4464201927185
5855,0.00805802084505558,,3836.1485238075256,98.4593894481659
5856,0.008571560494601727,,3836.790333509445,98.47240829467773
5857,0.00840186607092619,,3837.432758331299,98.48540592193604
5858,0.008199105970561504,,3838.0735988616943,98.49833035469055
5859,0.00810183770954609,,3839.0539977550507,98.51135277748108
5860,0.007881087251007557,,3839.6974425315857,98.52434754371643
5861,0.007588610518723726,,3840.339346885681,98.53736519813538
5862,0.007311440072953701,,3840.9808168411255,98.55036306381226
5863,0.007274304050952196,,3841.6222558021545,98.56336951255798
5864,0.00747468788176775,,3842.264983654022,98.57633900642395
5865,0.007587002590298653,,3842.9090564250946,98.58931994438171
5866,0.007413898594677448,,3843.5512857437134,98.60227155685425
5867,0.007365696132183075,,3844.193932533264,98.6152138710022
5868,0.007100662216544151,,3844.8360137939453,98.6281840801239
5869,0.007076486013829708,,3845.4783115386963,98.64113306999207
5870,0.0071103922091424465,,3846.120710134506,98.65407705307007
5871,0.007392003666609526,,3846.7628326416016,98.6670126914978
5872,0.007732661906629801,,3847.4050602912903,98.67997121810913
5873,0.008214657194912434,,3848.0481748580933,98.69289636611938
5874,0.008147231303155422,,3848.6903977394104,98.70583534240723
5875,0.007937545888125896,,3849.3330976963043,98.71881079673767
5876,0.007882175035774708,,3849.9749109745026,98.73175406455994
5877,0.007962731644511223,,3850.61714053154,98.74473118782043
5878,0.007938285358250141,,3851.2596650123596,98.75771856307983
5879,0.008101601153612137,,3851.9023988246918,98.77064895629883
5880,0.008346149697899818,,3852.5444390773773,98.7835705280304
5881,0.007995309308171272,,3853.1880066394806,98.7965476512909
5882,0.007932214997708797,,3853.82980632782,98.80949401855469
5883,0.008184504695236683,,3854.471932411194,98.82246232032776
5884,0.00829457025974989,,3855.1134510040283,98.83542203903198
5885,0.00829401146620512,,3855.7555701732635,98.84836435317993
5886,0.007821973413228989,,3856.7359092235565,98.86133027076721
5887,0.008025451563298702,,3857.378614425659,98.8743782043457
5888,0.008053350262343884,,3858.020084142685,98.88738250732422
5889,0.007931509986519814,,3858.662495136261,98.90031576156616
5890,0.008011423982679844,,3859.3045566082,98.91325163841248
5891,0.008243906311690807,,3859.9475178718567,98.92621660232544
5892,0.008096429519355297,,3860.5888652801514,98.93917083740234
5893,0.008631601929664612,,3861.2323632240295,98.95217990875244
5894,0.008872703649103642,,3861.8744311332703,98.96513152122498
5895,0.008805305697023869,,3862.516178369522,98.9780945777893
5896,0.008846784010529518,,3863.1587386131287,98.99108481407166
5897,0.00883788987994194,,3863.8019411563873,99.0041115283966
5898,0.008392536081373692,,3864.443422317505,99.01716303825378
5899,0.008513743989169598,,3865.0848484039307,99.03010988235474
5900,0.0087418332695961,,3865.7257947921753,99.04310774803162
5901,0.008916872553527355,,3866.3678393363953,99.05608415603638
5902,0.008819976821541786,,3867.009729385376,99.0690701007843
5903,0.009239256381988525,,3867.651869535446,99.08205699920654
5904,0.009141429327428341,,3868.293014526367,99.09504103660583
5905,0.008930511772632599,,3868.934288263321,99.10801196098328
5906,0.008158145472407341,,3869.5770213603973,99.12100386619568
5907,0.008173976093530655,,3870.2184660434723,99.13394856452942
5908,0.0077337161637842655,,3870.8612792491913,99.14697527885437
5909,0.007784973364323378,,3871.503082036972,99.15994811058044
5910,0.00791112706065178,,3872.145758628845,99.17299389839172
5911,0.00797200296074152,,3872.7875502109528,99.18594408035278
5912,0.008036154322326183,,3873.429274082184,99.19891810417175
5913,0.00839544553309679,,3874.409576177597,99.21188235282898
5914,0.008539491333067417,,3875.0518987178802,99.22476291656494
5915,0.008649320341646671,,3875.6937294006348,99.23763346672058
5916,0.0090577881783247,,3876.335520505905,99.25057578086853
5917,0.009135489352047443,,3876.9771630764008,99.26349472999573
5918,0.008625179529190063,,3877.618638277054,99.27645087242126
5919,0.00890109408646822,,3878.260729074478,99.28937911987305
5920,0.00913183856755495,,3878.901938676834,99.30231976509094
5921,0.009078874252736568,,3879.5447368621826,99.31522941589355
5922,0.009034467861056328,,3880.1853630542755,99.32818126678467
5923,0.008747255429625511,,3880.8284130096436,99.34120082855225
5924,0.008639916777610779,,3881.4721903800964,99.35416150093079
5925,0.00877694133669138,,3882.113874197006,99.36709380149841
5926,0.008601177483797073,,3882.756434202194,99.38006067276001
5927,0.008384905755519867,,3883.399287700653,99.39299607276917
5928,0.00827065296471119,,3884.041879415512,99.40597558021545
5929,0.007961578667163849,,3884.683743238449,99.41894674301147
5930,0.008084646426141262,,3885.3263425827026,99.43190217018127
5931,0.007946684956550598,,3885.967047214508,99.444815158844
5932,0.007670683320611715,,3886.6081347465515,99.45772123336792
5933,0.007706444710493088,,3887.250184059143,99.47077322006226
5934,0.007695940323174,,3887.8929450511932,99.48367738723755
5935,0.007748912088572979,,3888.5345010757446,99.4966516494751
5936,0.007924464531242847,,3889.176135778427,99.50960397720337
5937,0.007991457358002663,,3889.817981481552,99.52261185646057
5938,0.008247902616858482,,3890.459665298462,99.5355577468872
5939,0.008277791552245617,,3891.1024153232574,99.54856157302856
5940,0.008536886423826218,,3892.0831003189087,99.56151032447815
5941,0.008590796031057835,,3892.7254383563995,99.57445764541626
5942,0.00829815398901701,,3893.368488073349,99.58743095397949
5943,0.008390556089580059,,3894.011554002762,99.60040426254272
5944,0.008059624582529068,,3894.652760028839,99.6133930683136
5945,0.007817464880645275,,3895.295759677887,99.62636828422546
5946,0.007878970354795456,,3895.9372997283936,99.63940024375916
5947,0.007939403876662254,,3896.5797963142395,99.65236711502075
5948,0.007865147665143013,,3897.2214794158936,99.66538524627686
5949,0.007774617522954941,,3897.863449573517,99.6783995628357
5950,0.007839609868824482,,3898.505380630493,99.6913845539093
5951,0.00775033887475729,,3899.147698402405,99.7044186592102
5952,0.007979283109307289,,3899.789206504822,99.71738982200623
5953,0.007771644741296768,,3900.4327385425568,99.73037934303284
5954,0.007459143176674843,,3901.0750007629395,99.74338388442993
5955,0.007375436369329691,,3901.71697807312,99.7564206123352
5956,0.007792714051902294,,3902.3601610660553,99.76941204071045
5957,0.007848317734897137,,3903.0032637119293,99.78233337402344
5958,0.007894580252468586,,3903.6457529067993,99.79532742500305
5959,0.007972066290676594,,3904.2883377075195,99.8083143234253
5960,0.008006284013390541,,3904.931621313095,99.82130813598633
5961,0.007919492200016975,,3905.575105905533,99.83429455757141
5962,0.007900443859398365,,3906.217672586441,99.84732937812805
5963,0.007717355154454708,,3906.8615605831146,99.86032629013062
5964,0.007685852237045765,,3907.5032703876495,99.87327361106873
5965,0.007666191551834345,,3908.145233631134,99.88626718521118
5966,0.007625891827046871,,3908.7877690792084,99.89929795265198
5967,0.007340658456087112,,3909.7696585655212,99.91224575042725
5968,0.007572890724986792,,3910.4127490520477,99.92517852783203
5969,0.007656588684767485,,3911.0563547611237,99.93810081481934
5970,0.007801869884133339,,3911.6996281147003,99.95102572441101
5971,0.007998421788215637,,3912.3418893814087,99.96398496627808
5972,0.008160375989973545,,3912.9834458827972,99.97689294815063
5973,0.008395601063966751,,3913.6247429847717,99.98978757858276
5974,0.008329838514328003,,3914.266785144806,100.00272536277771
5975,0.00853910855948925,,3914.909217596054,100.01563811302185
5976,0.008719008415937424,,3915.5512070655823,100.0285804271698
5977,0.008894124068319798,,3916.1926453113556,100.04146265983582
5978,0.009452189318835735,,3916.835480451584,100.05445861816406
5979,0.00936560332775116,,3917.4786236286163,100.06750965118408
5980,0.009225740097463131,,3918.120876312256,100.08048629760742
5981,0.009613702073693275,,3918.764419078827,100.09354138374329
5982,0.009482601657509804,,3919.4067089557648,100.1065502166748
5983,0.009096445515751839,,3920.0485334396362,100.11949133872986
5984,0.009225635789334774,,3920.6904549598694,100.13254642486572
5985,0.009653533808887005,,3921.333475112915,100.14561009407043
5986,0.009799754247069359,,3921.974542617798,100.15864610671997
5987,0.009341463446617126,,3922.617364168167,100.17165899276733
5988,0.009414410218596458,,3923.2603664398193,100.18464040756226
5989,0.00875614583492279,,3923.901858329773,100.19767451286316
5990,0.008638533763587475,,3924.5434651374817,100.21069359779358
5991,0.008450303226709366,,3925.185860157013,100.22364902496338
5992,0.008186111226677895,,3925.8272869586945,100.23657155036926
5993,0.008317690342664719,,3926.470908164978,100.24954080581665
5994,0.008210229687392712,,3927.4508192539215,100.26246190071106
5995,0.008308054879307747,,3928.0932347774506,100.27538394927979
5996,0.00864455010741949,,3928.7346692085266,100.2883071899414
5997,0.008524134755134583,,3929.3765592575073,100.30122470855713
5998,0.008334353566169739,,3930.017985343933,100.31414532661438
5999,0.00849232543259859,,3930.6593391895294,100.32709860801697
6000,0.00860994029790163,0.004473969805985689,3931.300549507141,102.21477365493774
